territory_id,year,cluster,cluster_name
1,2023,3,Крупные центры
1,2024,3,Крупные центры
2,2023,3,Крупные центры
2,2024,1,Цифровая повседневность
3,2023,1,Цифровая повседневность
3,2024,1,Цифровая повседневность
4,2023,1,Цифровая повседневность
4,2024,1,Цифровая повседневность
5,2023,1,Цифровая повседневность
5,2024,1,Цифровая повседневность
6,2023,1,Цифровая повседневность
6,2024,1,Цифровая повседневность
7,2023,3,Крупные центры
7,2024,3,Крупные центры
8,2023,3,Крупные центры
8,2024,3,Крупные центры
9,2023,1,Цифровая повседневность
9,2024,1,Цифровая повседневность
10,2023,2,Автономные локальные центры
10,2024,2,Автономные локальные центры
11,2023,2,Автономные локальные центры
11,2024,2,Автономные локальные центры
12,2023,2,Автономные локальные центры
12,2024,2,Автономные локальные центры
13,2023,2,Автономные локальные центры
13,2024,2,Автономные локальные центры
14,2023,2,Автономные локальные центры
14,2024,1,Цифровая повседневность
15,2023,2,Автономные локальные центры
15,2024,2,Автономные локальные центры
16,2023,2,Автономные локальные центры
16,2024,2,Автономные локальные центры
17,2023,2,Автономные локальные центры
17,2024,2,Автономные локальные центры
18,2023,2,Автономные локальные центры
18,2024,1,Цифровая повседневность
19,2023,1,Цифровая повседневность
19,2024,1,Цифровая повседневность
20,2023,2,Автономные локальные центры
20,2024,2,Автономные локальные центры
21,2023,3,Крупные центры
21,2024,3,Крупные центры
22,2023,1,Цифровая повседневность
22,2024,1,Цифровая повседневность
23,2023,2,Автономные локальные центры
23,2024,2,Автономные локальные центры
25,2023,3,Крупные центры
25,2024,3,Крупные центры
26,2023,3,Крупные центры
26,2024,3,Крупные центры
27,2023,3,Крупные центры
27,2024,3,Крупные центры
28,2023,2,Автономные локальные центры
28,2024,3,Крупные центры
29,2023,3,Крупные центры
29,2024,3,Крупные центры
30,2023,2,Автономные локальные центры
30,2024,2,Автономные локальные центры
31,2023,1,Цифровая повседневность
31,2024,1,Цифровая повседневность
32,2023,1,Цифровая повседневность
32,2024,1,Цифровая повседневность
33,2023,1,Цифровая повседневность
33,2024,1,Цифровая повседневность
34,2023,1,Цифровая повседневность
34,2024,1,Цифровая повседневность
35,2023,2,Автономные локальные центры
35,2024,2,Автономные локальные центры
36,2023,1,Цифровая повседневность
36,2024,1,Цифровая повседневность
37,2023,1,Цифровая повседневность
37,2024,1,Цифровая повседневность
38,2023,2,Автономные локальные центры
38,2024,3,Крупные центры
39,2023,1,Цифровая повседневность
39,2024,1,Цифровая повседневность
40,2023,2,Автономные локальные центры
40,2024,2,Автономные локальные центры
41,2023,1,Цифровая повседневность
41,2024,1,Цифровая повседневность
42,2023,2,Автономные локальные центры
42,2024,2,Автономные локальные центры
43,2023,1,Цифровая повседневность
43,2024,1,Цифровая повседневность
44,2023,1,Цифровая повседневность
44,2024,2,Автономные локальные центры
45,2023,1,Цифровая повседневность
45,2024,1,Цифровая повседневность
46,2023,1,Цифровая повседневность
46,2024,1,Цифровая повседневность
47,2023,2,Автономные локальные центры
47,2024,2,Автономные локальные центры
48,2023,1,Цифровая повседневность
48,2024,1,Цифровая повседневность
49,2023,1,Цифровая повседневность
49,2024,1,Цифровая повседневность
50,2023,2,Автономные локальные центры
50,2024,2,Автономные локальные центры
51,2023,2,Автономные локальные центры
51,2024,2,Автономные локальные центры
52,2023,1,Цифровая повседневность
52,2024,1,Цифровая повседневность
53,2023,2,Автономные локальные центры
53,2024,2,Автономные локальные центры
54,2023,1,Цифровая повседневность
54,2024,1,Цифровая повседневность
55,2023,2,Автономные локальные центры
55,2024,2,Автономные локальные центры
56,2023,1,Цифровая повседневность
56,2024,1,Цифровая повседневность
57,2023,2,Автономные локальные центры
57,2024,3,Крупные центры
58,2023,1,Цифровая повседневность
58,2024,1,Цифровая повседневность
59,2023,1,Цифровая повседневность
59,2024,1,Цифровая повседневность
60,2023,1,Цифровая повседневность
60,2024,1,Цифровая повседневность
61,2023,1,Цифровая повседневность
61,2024,1,Цифровая повседневность
62,2023,1,Цифровая повседневность
62,2024,1,Цифровая повседневность
63,2023,1,Цифровая повседневность
63,2024,1,Цифровая повседневность
65,2023,1,Цифровая повседневность
65,2024,1,Цифровая повседневность
66,2023,3,Крупные центры
66,2024,3,Крупные центры
67,2023,1,Цифровая повседневность
67,2024,1,Цифровая повседневность
68,2023,1,Цифровая повседневность
68,2024,1,Цифровая повседневность
69,2023,1,Цифровая повседневность
69,2024,1,Цифровая повседневность
70,2023,1,Цифровая повседневность
70,2024,1,Цифровая повседневность
71,2023,2,Автономные локальные центры
71,2024,1,Цифровая повседневность
72,2023,1,Цифровая повседневность
72,2024,1,Цифровая повседневность
73,2023,3,Крупные центры
73,2024,3,Крупные центры
74,2023,1,Цифровая повседневность
74,2024,1,Цифровая повседневность
75,2023,2,Автономные локальные центры
75,2024,2,Автономные локальные центры
76,2023,3,Крупные центры
76,2024,3,Крупные центры
77,2023,3,Крупные центры
77,2024,3,Крупные центры
78,2023,1,Цифровая повседневность
78,2024,1,Цифровая повседневность
79,2023,2,Автономные локальные центры
79,2024,2,Автономные локальные центры
80,2023,1,Цифровая повседневность
80,2024,1,Цифровая повседневность
81,2023,2,Автономные локальные центры
81,2024,2,Автономные локальные центры
82,2023,1,Цифровая повседневность
82,2024,1,Цифровая повседневность
83,2023,1,Цифровая повседневность
83,2024,2,Автономные локальные центры
167,2023,3,Крупные центры
167,2024,3,Крупные центры
168,2023,3,Крупные центры
168,2024,3,Крупные центры
169,2023,1,Цифровая повседневность
169,2024,1,Цифровая повседневность
173,2023,1,Цифровая повседневность
173,2024,1,Цифровая повседневность
181,2023,1,Цифровая повседневность
181,2024,1,Цифровая повседневность
184,2023,1,Цифровая повседневность
184,2024,1,Цифровая повседневность
185,2023,1,Цифровая повседневность
185,2024,1,Цифровая повседневность
188,2023,1,Цифровая повседневность
188,2024,1,Цифровая повседневность
191,2023,1,Цифровая повседневность
191,2024,1,Цифровая повседневность
194,2023,3,Крупные центры
194,2024,3,Крупные центры
195,2023,1,Цифровая повседневность
195,2024,1,Цифровая повседневность
196,2023,3,Крупные центры
196,2024,3,Крупные центры
198,2023,1,Цифровая повседневность
198,2024,1,Цифровая повседневность
201,2023,3,Крупные центры
201,2024,3,Крупные центры
203,2023,1,Цифровая повседневность
203,2024,1,Цифровая повседневность
204,2023,1,Цифровая повседневность
204,2024,1,Цифровая повседневность
205,2023,3,Крупные центры
205,2024,3,Крупные центры
206,2023,3,Крупные центры
206,2024,3,Крупные центры
207,2023,2,Автономные локальные центры
207,2024,2,Автономные локальные центры
208,2023,2,Автономные локальные центры
208,2024,2,Автономные локальные центры
209,2023,2,Автономные локальные центры
209,2024,2,Автономные локальные центры
210,2023,1,Цифровая повседневность
210,2024,1,Цифровая повседневность
211,2023,2,Автономные локальные центры
211,2024,2,Автономные локальные центры
212,2023,1,Цифровая повседневность
212,2024,1,Цифровая повседневность
213,2023,1,Цифровая повседневность
213,2024,2,Автономные локальные центры
214,2023,1,Цифровая повседневность
214,2024,1,Цифровая повседневность
215,2023,1,Цифровая повседневность
215,2024,1,Цифровая повседневность
216,2023,1,Цифровая повседневность
216,2024,1,Цифровая повседневность
217,2023,1,Цифровая повседневность
217,2024,1,Цифровая повседневность
218,2023,2,Автономные локальные центры
218,2024,2,Автономные локальные центры
219,2023,1,Цифровая повседневность
219,2024,1,Цифровая повседневность
220,2023,1,Цифровая повседневность
220,2024,1,Цифровая повседневность
221,2023,2,Автономные локальные центры
221,2024,2,Автономные локальные центры
222,2023,2,Автономные локальные центры
222,2024,2,Автономные локальные центры
223,2023,1,Цифровая повседневность
223,2024,1,Цифровая повседневность
224,2023,2,Автономные локальные центры
224,2024,2,Автономные локальные центры
225,2023,2,Автономные локальные центры
225,2024,2,Автономные локальные центры
226,2023,2,Автономные локальные центры
226,2024,2,Автономные локальные центры
227,2023,2,Автономные локальные центры
227,2024,2,Автономные локальные центры
228,2023,2,Автономные локальные центры
228,2024,2,Автономные локальные центры
229,2023,2,Автономные локальные центры
229,2024,2,Автономные локальные центры
230,2023,2,Автономные локальные центры
230,2024,2,Автономные локальные центры
231,2023,1,Цифровая повседневность
231,2024,1,Цифровая повседневность
232,2023,1,Цифровая повседневность
232,2024,1,Цифровая повседневность
233,2023,1,Цифровая повседневность
233,2024,1,Цифровая повседневность
234,2023,2,Автономные локальные центры
234,2024,2,Автономные локальные центры
235,2023,1,Цифровая повседневность
235,2024,1,Цифровая повседневность
236,2023,2,Автономные локальные центры
236,2024,2,Автономные локальные центры
237,2023,2,Автономные локальные центры
237,2024,2,Автономные локальные центры
238,2023,1,Цифровая повседневность
238,2024,1,Цифровая повседневность
239,2023,1,Цифровая повседневность
239,2024,1,Цифровая повседневность
240,2023,2,Автономные локальные центры
240,2024,1,Цифровая повседневность
241,2023,1,Цифровая повседневность
241,2024,1,Цифровая повседневность
242,2023,1,Цифровая повседневность
242,2024,1,Цифровая повседневность
243,2023,2,Автономные локальные центры
243,2024,2,Автономные локальные центры
269,2023,3,Крупные центры
269,2024,3,Крупные центры
270,2023,1,Цифровая повседневность
270,2024,1,Цифровая повседневность
271,2023,1,Цифровая повседневность
271,2024,1,Цифровая повседневность
272,2023,1,Цифровая повседневность
272,2024,1,Цифровая повседневность
273,2023,1,Цифровая повседневность
273,2024,1,Цифровая повседневность
274,2023,1,Цифровая повседневность
274,2024,1,Цифровая повседневность
275,2023,1,Цифровая повседневность
275,2024,1,Цифровая повседневность
276,2023,1,Цифровая повседневность
276,2024,1,Цифровая повседневность
277,2023,1,Цифровая повседневность
277,2024,1,Цифровая повседневность
278,2023,3,Крупные центры
278,2024,3,Крупные центры
279,2023,1,Цифровая повседневность
279,2024,1,Цифровая повседневность
280,2023,1,Цифровая повседневность
280,2024,1,Цифровая повседневность
281,2023,1,Цифровая повседневность
281,2024,1,Цифровая повседневность
282,2023,1,Цифровая повседневность
282,2024,1,Цифровая повседневность
283,2023,1,Цифровая повседневность
283,2024,1,Цифровая повседневность
284,2023,1,Цифровая повседневность
284,2024,1,Цифровая повседневность
285,2023,1,Цифровая повседневность
285,2024,1,Цифровая повседневность
287,2023,1,Цифровая повседневность
287,2024,1,Цифровая повседневность
288,2023,1,Цифровая повседневность
288,2024,1,Цифровая повседневность
289,2023,1,Цифровая повседневность
289,2024,1,Цифровая повседневность
290,2023,1,Цифровая повседневность
290,2024,1,Цифровая повседневность
292,2023,1,Цифровая повседневность
292,2024,1,Цифровая повседневность
293,2023,1,Цифровая повседневность
293,2024,1,Цифровая повседневность
294,2023,1,Цифровая повседневность
294,2024,1,Цифровая повседневность
295,2023,1,Цифровая повседневность
295,2024,1,Цифровая повседневность
296,2023,1,Цифровая повседневность
296,2024,1,Цифровая повседневность
297,2023,1,Цифровая повседневность
297,2024,1,Цифровая повседневность
298,2023,1,Цифровая повседневность
298,2024,1,Цифровая повседневность
300,2023,1,Цифровая повседневность
300,2024,1,Цифровая повседневность
301,2023,1,Цифровая повседневность
301,2024,1,Цифровая повседневность
302,2023,1,Цифровая повседневность
302,2024,1,Цифровая повседневность
303,2023,1,Цифровая повседневность
303,2024,1,Цифровая повседневность
304,2023,1,Цифровая повседневность
304,2024,1,Цифровая повседневность
305,2023,1,Цифровая повседневность
305,2024,1,Цифровая повседневность
306,2023,1,Цифровая повседневность
306,2024,1,Цифровая повседневность
307,2023,1,Цифровая повседневность
307,2024,1,Цифровая повседневность
308,2023,1,Цифровая повседневность
308,2024,1,Цифровая повседневность
309,2023,2,Автономные локальные центры
309,2024,2,Автономные локальные центры
312,2023,2,Автономные локальные центры
312,2024,2,Автономные локальные центры
314,2023,2,Автономные локальные центры
314,2024,2,Автономные локальные центры
316,2023,2,Автономные локальные центры
316,2024,2,Автономные локальные центры
317,2023,2,Автономные локальные центры
317,2024,2,Автономные локальные центры
318,2023,2,Автономные локальные центры
318,2024,2,Автономные локальные центры
319,2023,2,Автономные локальные центры
319,2024,2,Автономные локальные центры
320,2023,2,Автономные локальные центры
320,2024,2,Автономные локальные центры
321,2023,2,Автономные локальные центры
321,2024,2,Автономные локальные центры
323,2023,2,Автономные локальные центры
323,2024,2,Автономные локальные центры
324,2023,2,Автономные локальные центры
324,2024,2,Автономные локальные центры
325,2023,2,Автономные локальные центры
325,2024,2,Автономные локальные центры
326,2023,2,Автономные локальные центры
326,2024,2,Автономные локальные центры
327,2023,2,Автономные локальные центры
327,2024,2,Автономные локальные центры
329,2023,2,Автономные локальные центры
329,2024,2,Автономные локальные центры
330,2023,2,Автономные локальные центры
330,2024,2,Автономные локальные центры
331,2023,2,Автономные локальные центры
331,2024,2,Автономные локальные центры
332,2023,2,Автономные локальные центры
332,2024,2,Автономные локальные центры
333,2023,2,Автономные локальные центры
333,2024,2,Автономные локальные центры
334,2023,2,Автономные локальные центры
334,2024,2,Автономные локальные центры
335,2023,2,Автономные локальные центры
335,2024,2,Автономные локальные центры
336,2023,2,Автономные локальные центры
336,2024,2,Автономные локальные центры
337,2023,2,Автономные локальные центры
337,2024,2,Автономные локальные центры
338,2023,2,Автономные локальные центры
338,2024,2,Автономные локальные центры
339,2023,2,Автономные локальные центры
339,2024,2,Автономные локальные центры
340,2023,2,Автономные локальные центры
340,2024,2,Автономные локальные центры
341,2023,2,Автономные локальные центры
341,2024,2,Автономные локальные центры
342,2023,2,Автономные локальные центры
342,2024,2,Автономные локальные центры
343,2023,2,Автономные локальные центры
343,2024,2,Автономные локальные центры
345,2023,3,Крупные центры
345,2024,3,Крупные центры
346,2023,3,Крупные центры
346,2024,3,Крупные центры
347,2023,3,Крупные центры
347,2024,3,Крупные центры
348,2023,3,Крупные центры
348,2024,3,Крупные центры
349,2023,1,Цифровая повседневность
349,2024,1,Цифровая повседневность
351,2023,3,Крупные центры
351,2024,3,Крупные центры
352,2023,3,Крупные центры
352,2024,3,Крупные центры
354,2023,3,Крупные центры
354,2024,3,Крупные центры
355,2023,3,Крупные центры
355,2024,3,Крупные центры
356,2023,1,Цифровая повседневность
356,2024,1,Цифровая повседневность
357,2023,1,Цифровая повседневность
357,2024,1,Цифровая повседневность
358,2023,1,Цифровая повседневность
358,2024,1,Цифровая повседневность
359,2023,1,Цифровая повседневность
359,2024,1,Цифровая повседневность
360,2023,1,Цифровая повседневность
360,2024,1,Цифровая повседневность
361,2023,1,Цифровая повседневность
361,2024,1,Цифровая повседневность
362,2023,3,Крупные центры
362,2024,3,Крупные центры
363,2023,1,Цифровая повседневность
363,2024,1,Цифровая повседневность
364,2023,1,Цифровая повседневность
364,2024,1,Цифровая повседневность
365,2023,1,Цифровая повседневность
365,2024,1,Цифровая повседневность
366,2023,1,Цифровая повседневность
366,2024,1,Цифровая повседневность
367,2023,1,Цифровая повседневность
367,2024,1,Цифровая повседневность
368,2023,2,Автономные локальные центры
368,2024,2,Автономные локальные центры
369,2023,1,Цифровая повседневность
369,2024,1,Цифровая повседневность
370,2023,2,Автономные локальные центры
370,2024,1,Цифровая повседневность
371,2023,2,Автономные локальные центры
371,2024,3,Крупные центры
372,2023,1,Цифровая повседневность
372,2024,1,Цифровая повседневность
373,2023,3,Крупные центры
373,2024,3,Крупные центры
374,2023,1,Цифровая повседневность
374,2024,1,Цифровая повседневность
375,2023,3,Крупные центры
375,2024,3,Крупные центры
376,2023,1,Цифровая повседневность
376,2024,1,Цифровая повседневность
377,2023,1,Цифровая повседневность
377,2024,1,Цифровая повседневность
378,2023,1,Цифровая повседневность
378,2024,1,Цифровая повседневность
379,2023,3,Крупные центры
379,2024,3,Крупные центры
380,2023,2,Автономные локальные центры
380,2024,3,Крупные центры
381,2023,1,Цифровая повседневность
381,2024,1,Цифровая повседневность
382,2023,1,Цифровая повседневность
382,2024,1,Цифровая повседневность
383,2023,1,Цифровая повседневность
383,2024,1,Цифровая повседневность
384,2023,1,Цифровая повседневность
384,2024,1,Цифровая повседневность
385,2023,3,Крупные центры
385,2024,3,Крупные центры
386,2023,1,Цифровая повседневность
386,2024,1,Цифровая повседневность
387,2023,1,Цифровая повседневность
387,2024,1,Цифровая повседневность
388,2023,3,Крупные центры
388,2024,3,Крупные центры
390,2023,1,Цифровая повседневность
390,2024,1,Цифровая повседневность
391,2023,1,Цифровая повседневность
391,2024,1,Цифровая повседневность
392,2023,1,Цифровая повседневность
392,2024,1,Цифровая повседневность
393,2023,1,Цифровая повседневность
393,2024,1,Цифровая повседневность
395,2023,1,Цифровая повседневность
395,2024,1,Цифровая повседневность
396,2023,1,Цифровая повседневность
396,2024,1,Цифровая повседневность
397,2023,1,Цифровая повседневность
397,2024,1,Цифровая повседневность
398,2023,1,Цифровая повседневность
398,2024,1,Цифровая повседневность
401,2023,2,Автономные локальные центры
401,2024,2,Автономные локальные центры
402,2023,2,Автономные локальные центры
402,2024,2,Автономные локальные центры
403,2023,2,Автономные локальные центры
403,2024,2,Автономные локальные центры
404,2023,1,Цифровая повседневность
404,2024,2,Автономные локальные центры
405,2023,2,Автономные локальные центры
405,2024,2,Автономные локальные центры
408,2023,2,Автономные локальные центры
408,2024,1,Цифровая повседневность
410,2023,2,Автономные локальные центры
410,2024,2,Автономные локальные центры
413,2023,2,Автономные локальные центры
413,2024,2,Автономные локальные центры
414,2023,2,Автономные локальные центры
414,2024,2,Автономные локальные центры
416,2023,2,Автономные локальные центры
416,2024,2,Автономные локальные центры
418,2023,3,Крупные центры
418,2024,3,Крупные центры
419,2023,3,Крупные центры
419,2024,3,Крупные центры
420,2023,2,Автономные локальные центры
420,2024,3,Крупные центры
421,2023,1,Цифровая повседневность
421,2024,1,Цифровая повседневность
422,2023,2,Автономные локальные центры
422,2024,3,Крупные центры
423,2023,1,Цифровая повседневность
423,2024,1,Цифровая повседневность
424,2023,1,Цифровая повседневность
424,2024,1,Цифровая повседневность
425,2023,1,Цифровая повседневность
425,2024,1,Цифровая повседневность
428,2023,1,Цифровая повседневность
428,2024,1,Цифровая повседневность
429,2023,1,Цифровая повседневность
429,2024,1,Цифровая повседневность
430,2023,3,Крупные центры
430,2024,3,Крупные центры
431,2023,1,Цифровая повседневность
431,2024,1,Цифровая повседневность
432,2023,1,Цифровая повседневность
432,2024,1,Цифровая повседневность
433,2023,1,Цифровая повседневность
433,2024,1,Цифровая повседневность
434,2023,1,Цифровая повседневность
434,2024,1,Цифровая повседневность
435,2023,1,Цифровая повседневность
435,2024,1,Цифровая повседневность
436,2023,1,Цифровая повседневность
436,2024,1,Цифровая повседневность
437,2023,1,Цифровая повседневность
437,2024,1,Цифровая повседневность
438,2023,1,Цифровая повседневность
438,2024,1,Цифровая повседневность
440,2023,1,Цифровая повседневность
440,2024,1,Цифровая повседневность
441,2023,1,Цифровая повседневность
441,2024,1,Цифровая повседневность
442,2023,1,Цифровая повседневность
442,2024,1,Цифровая повседневность
443,2023,1,Цифровая повседневность
443,2024,1,Цифровая повседневность
444,2023,1,Цифровая повседневность
444,2024,1,Цифровая повседневность
445,2023,1,Цифровая повседневность
445,2024,1,Цифровая повседневность
446,2023,1,Цифровая повседневность
446,2024,1,Цифровая повседневность
447,2023,1,Цифровая повседневность
447,2024,1,Цифровая повседневность
448,2023,2,Автономные локальные центры
448,2024,2,Автономные локальные центры
449,2023,1,Цифровая повседневность
449,2024,2,Автономные локальные центры
450,2023,2,Автономные локальные центры
450,2024,2,Автономные локальные центры
451,2023,1,Цифровая повседневность
451,2024,1,Цифровая повседневность
452,2023,2,Автономные локальные центры
452,2024,2,Автономные локальные центры
453,2023,2,Автономные локальные центры
453,2024,2,Автономные локальные центры
455,2023,2,Автономные локальные центры
455,2024,2,Автономные локальные центры
456,2023,1,Цифровая повседневность
456,2024,1,Цифровая повседневность
457,2023,1,Цифровая повседневность
457,2024,1,Цифровая повседневность
458,2023,2,Автономные локальные центры
458,2024,2,Автономные локальные центры
459,2023,2,Автономные локальные центры
459,2024,2,Автономные локальные центры
460,2023,2,Автономные локальные центры
460,2024,2,Автономные локальные центры
478,2023,3,Крупные центры
478,2024,3,Крупные центры
479,2023,1,Цифровая повседневность
479,2024,1,Цифровая повседневность
480,2023,1,Цифровая повседневность
480,2024,1,Цифровая повседневность
481,2023,3,Крупные центры
481,2024,3,Крупные центры
482,2023,1,Цифровая повседневность
482,2024,1,Цифровая повседневность
484,2023,1,Цифровая повседневность
484,2024,1,Цифровая повседневность
485,2023,1,Цифровая повседневность
485,2024,1,Цифровая повседневность
486,2023,1,Цифровая повседневность
486,2024,1,Цифровая повседневность
487,2023,1,Цифровая повседневность
487,2024,1,Цифровая повседневность
489,2023,1,Цифровая повседневность
489,2024,1,Цифровая повседневность
490,2023,1,Цифровая повседневность
490,2024,1,Цифровая повседневность
491,2023,1,Цифровая повседневность
491,2024,1,Цифровая повседневность
492,2023,1,Цифровая повседневность
492,2024,1,Цифровая повседневность
493,2023,1,Цифровая повседневность
493,2024,1,Цифровая повседневность
494,2023,1,Цифровая повседневность
494,2024,1,Цифровая повседневность
495,2023,1,Цифровая повседневность
495,2024,1,Цифровая повседневность
496,2023,1,Цифровая повседневность
496,2024,1,Цифровая повседневность
497,2023,1,Цифровая повседневность
497,2024,1,Цифровая повседневность
498,2023,1,Цифровая повседневность
498,2024,1,Цифровая повседневность
499,2023,1,Цифровая повседневность
499,2024,1,Цифровая повседневность
501,2023,1,Цифровая повседневность
501,2024,1,Цифровая повседневность
502,2023,1,Цифровая повседневность
502,2024,1,Цифровая повседневность
503,2023,1,Цифровая повседневность
503,2024,1,Цифровая повседневность
504,2023,3,Крупные центры
504,2024,3,Крупные центры
505,2023,2,Автономные локальные центры
505,2024,2,Автономные локальные центры
506,2023,2,Автономные локальные центры
506,2024,2,Автономные локальные центры
507,2023,2,Автономные локальные центры
507,2024,2,Автономные локальные центры
508,2023,2,Автономные локальные центры
508,2024,2,Автономные локальные центры
509,2023,2,Автономные локальные центры
509,2024,2,Автономные локальные центры
510,2023,2,Автономные локальные центры
510,2024,2,Автономные локальные центры
511,2023,2,Автономные локальные центры
511,2024,2,Автономные локальные центры
512,2023,1,Цифровая повседневность
512,2024,1,Цифровая повседневность
515,2023,2,Автономные локальные центры
515,2024,2,Автономные локальные центры
516,2023,1,Цифровая повседневность
516,2024,1,Цифровая повседневность
517,2023,2,Автономные локальные центры
517,2024,1,Цифровая повседневность
518,2023,1,Цифровая повседневность
518,2024,1,Цифровая повседневность
519,2023,1,Цифровая повседневность
519,2024,1,Цифровая повседневность
520,2023,1,Цифровая повседневность
520,2024,1,Цифровая повседневность
521,2023,1,Цифровая повседневность
521,2024,1,Цифровая повседневность
522,2023,1,Цифровая повседневность
522,2024,1,Цифровая повседневность
523,2023,1,Цифровая повседневность
523,2024,1,Цифровая повседневность
524,2023,1,Цифровая повседневность
524,2024,1,Цифровая повседневность
525,2023,1,Цифровая повседневность
525,2024,1,Цифровая повседневность
527,2023,1,Цифровая повседневность
527,2024,1,Цифровая повседневность
528,2023,1,Цифровая повседневность
528,2024,1,Цифровая повседневность
529,2023,1,Цифровая повседневность
529,2024,1,Цифровая повседневность
530,2023,1,Цифровая повседневность
530,2024,1,Цифровая повседневность
531,2023,1,Цифровая повседневность
531,2024,1,Цифровая повседневность
532,2023,1,Цифровая повседневность
532,2024,1,Цифровая повседневность
533,2023,1,Цифровая повседневность
533,2024,1,Цифровая повседневность
534,2023,1,Цифровая повседневность
534,2024,1,Цифровая повседневность
535,2023,2,Автономные локальные центры
535,2024,2,Автономные локальные центры
536,2023,1,Цифровая повседневность
536,2024,1,Цифровая повседневность
537,2023,1,Цифровая повседневность
537,2024,1,Цифровая повседневность
538,2023,1,Цифровая повседневность
538,2024,1,Цифровая повседневность
539,2023,1,Цифровая повседневность
539,2024,1,Цифровая повседневность
540,2023,1,Цифровая повседневность
540,2024,1,Цифровая повседневность
541,2023,1,Цифровая повседневность
541,2024,1,Цифровая повседневность
542,2023,1,Цифровая повседневность
542,2024,1,Цифровая повседневность
543,2023,1,Цифровая повседневность
543,2024,1,Цифровая повседневность
544,2023,1,Цифровая повседневность
544,2024,1,Цифровая повседневность
545,2023,1,Цифровая повседневность
545,2024,1,Цифровая повседневность
546,2023,1,Цифровая повседневность
546,2024,1,Цифровая повседневность
547,2023,1,Цифровая повседневность
547,2024,1,Цифровая повседневность
548,2023,1,Цифровая повседневность
548,2024,1,Цифровая повседневность
549,2023,1,Цифровая повседневность
549,2024,1,Цифровая повседневность
550,2023,1,Цифровая повседневность
550,2024,1,Цифровая повседневность
552,2023,1,Цифровая повседневность
552,2024,1,Цифровая повседневность
553,2023,1,Цифровая повседневность
553,2024,1,Цифровая повседневность
554,2023,1,Цифровая повседневность
554,2024,2,Автономные локальные центры
555,2023,1,Цифровая повседневность
555,2024,1,Цифровая повседневность
556,2023,1,Цифровая повседневность
556,2024,1,Цифровая повседневность
557,2023,1,Цифровая повседневность
557,2024,1,Цифровая повседневность
558,2023,1,Цифровая повседневность
558,2024,1,Цифровая повседневность
559,2023,1,Цифровая повседневность
559,2024,1,Цифровая повседневность
560,2023,1,Цифровая повседневность
560,2024,1,Цифровая повседневность
561,2023,1,Цифровая повседневность
561,2024,1,Цифровая повседневность
562,2023,1,Цифровая повседневность
562,2024,1,Цифровая повседневность
563,2023,1,Цифровая повседневность
563,2024,1,Цифровая повседневность
564,2023,1,Цифровая повседневность
564,2024,1,Цифровая повседневность
565,2023,1,Цифровая повседневность
565,2024,1,Цифровая повседневность
566,2023,1,Цифровая повседневность
566,2024,1,Цифровая повседневность
567,2023,1,Цифровая повседневность
567,2024,1,Цифровая повседневность
568,2023,1,Цифровая повседневность
568,2024,1,Цифровая повседневность
569,2023,1,Цифровая повседневность
569,2024,1,Цифровая повседневность
570,2023,1,Цифровая повседневность
570,2024,1,Цифровая повседневность
571,2023,1,Цифровая повседневность
571,2024,1,Цифровая повседневность
572,2023,1,Цифровая повседневность
572,2024,1,Цифровая повседневность
574,2023,2,Автономные локальные центры
574,2024,2,Автономные локальные центры
578,2023,2,Автономные локальные центры
578,2024,2,Автономные локальные центры
579,2023,2,Автономные локальные центры
579,2024,2,Автономные локальные центры
580,2023,2,Автономные локальные центры
580,2024,2,Автономные локальные центры
581,2023,2,Автономные локальные центры
581,2024,2,Автономные локальные центры
582,2023,2,Автономные локальные центры
582,2024,2,Автономные локальные центры
583,2023,2,Автономные локальные центры
583,2024,2,Автономные локальные центры
584,2023,2,Автономные локальные центры
584,2024,2,Автономные локальные центры
585,2023,2,Автономные локальные центры
585,2024,2,Автономные локальные центры
586,2023,2,Автономные локальные центры
586,2024,2,Автономные локальные центры
587,2023,2,Автономные локальные центры
587,2024,2,Автономные локальные центры
588,2023,2,Автономные локальные центры
588,2024,2,Автономные локальные центры
589,2023,2,Автономные локальные центры
589,2024,2,Автономные локальные центры
591,2023,2,Автономные локальные центры
591,2024,2,Автономные локальные центры
592,2023,2,Автономные локальные центры
592,2024,2,Автономные локальные центры
593,2023,2,Автономные локальные центры
593,2024,2,Автономные локальные центры
594,2023,2,Автономные локальные центры
594,2024,2,Автономные локальные центры
595,2023,2,Автономные локальные центры
595,2024,2,Автономные локальные центры
598,2023,2,Автономные локальные центры
598,2024,2,Автономные локальные центры
599,2023,2,Автономные локальные центры
599,2024,2,Автономные локальные центры
600,2023,2,Автономные локальные центры
600,2024,2,Автономные локальные центры
601,2023,2,Автономные локальные центры
601,2024,2,Автономные локальные центры
602,2023,2,Автономные локальные центры
602,2024,2,Автономные локальные центры
603,2023,2,Автономные локальные центры
603,2024,2,Автономные локальные центры
604,2023,2,Автономные локальные центры
604,2024,2,Автономные локальные центры
605,2023,2,Автономные локальные центры
605,2024,2,Автономные локальные центры
606,2023,2,Автономные локальные центры
606,2024,2,Автономные локальные центры
607,2023,2,Автономные локальные центры
607,2024,2,Автономные локальные центры
608,2023,2,Автономные локальные центры
608,2024,2,Автономные локальные центры
612,2023,2,Автономные локальные центры
612,2024,2,Автономные локальные центры
613,2023,2,Автономные локальные центры
613,2024,2,Автономные локальные центры
614,2023,2,Автономные локальные центры
614,2024,2,Автономные локальные центры
615,2023,2,Автономные локальные центры
615,2024,2,Автономные локальные центры
616,2023,2,Автономные локальные центры
616,2024,2,Автономные локальные центры
618,2023,2,Автономные локальные центры
618,2024,2,Автономные локальные центры
619,2023,2,Автономные локальные центры
619,2024,2,Автономные локальные центры
621,2023,2,Автономные локальные центры
621,2024,2,Автономные локальные центры
666,2023,3,Крупные центры
666,2024,3,Крупные центры
667,2023,2,Автономные локальные центры
667,2024,2,Автономные локальные центры
668,2023,1,Цифровая повседневность
668,2024,1,Цифровая повседневность
669,2023,2,Автономные локальные центры
669,2024,2,Автономные локальные центры
670,2023,2,Автономные локальные центры
670,2024,2,Автономные локальные центры
671,2023,2,Автономные локальные центры
671,2024,2,Автономные локальные центры
674,2023,2,Автономные локальные центры
674,2024,2,Автономные локальные центры
675,2023,2,Автономные локальные центры
675,2024,2,Автономные локальные центры
676,2023,2,Автономные локальные центры
676,2024,2,Автономные локальные центры
677,2023,2,Автономные локальные центры
677,2024,2,Автономные локальные центры
678,2023,2,Автономные локальные центры
678,2024,2,Автономные локальные центры
679,2023,2,Автономные локальные центры
679,2024,2,Автономные локальные центры
680,2023,2,Автономные локальные центры
680,2024,2,Автономные локальные центры
683,2023,1,Цифровая повседневность
683,2024,1,Цифровая повседневность
685,2023,1,Цифровая повседневность
685,2024,2,Автономные локальные центры
686,2023,2,Автономные локальные центры
686,2024,2,Автономные локальные центры
687,2023,1,Цифровая повседневность
687,2024,1,Цифровая повседневность
689,2023,2,Автономные локальные центры
689,2024,2,Автономные локальные центры
690,2023,1,Цифровая повседневность
690,2024,1,Цифровая повседневность
691,2023,1,Цифровая повседневность
691,2024,1,Цифровая повседневность
692,2023,1,Цифровая повседневность
692,2024,1,Цифровая повседневность
693,2023,2,Автономные локальные центры
693,2024,2,Автономные локальные центры
694,2023,2,Автономные локальные центры
694,2024,2,Автономные локальные центры
695,2023,1,Цифровая повседневность
695,2024,1,Цифровая повседневность
696,2023,2,Автономные локальные центры
696,2024,1,Цифровая повседневность
697,2023,1,Цифровая повседневность
697,2024,1,Цифровая повседневность
698,2023,1,Цифровая повседневность
698,2024,1,Цифровая повседневность
699,2023,1,Цифровая повседневность
699,2024,1,Цифровая повседневность
701,2023,1,Цифровая повседневность
701,2024,1,Цифровая повседневность
702,2023,2,Автономные локальные центры
702,2024,2,Автономные локальные центры
703,2023,1,Цифровая повседневность
703,2024,1,Цифровая повседневность
704,2023,2,Автономные локальные центры
704,2024,1,Цифровая повседневность
705,2023,1,Цифровая повседневность
705,2024,1,Цифровая повседневность
706,2023,1,Цифровая повседневность
706,2024,1,Цифровая повседневность
708,2023,2,Автономные локальные центры
708,2024,2,Автономные локальные центры
710,2023,1,Цифровая повседневность
710,2024,1,Цифровая повседневность
711,2023,2,Автономные локальные центры
711,2024,2,Автономные локальные центры
712,2023,1,Цифровая повседневность
712,2024,1,Цифровая повседневность
713,2023,1,Цифровая повседневность
713,2024,1,Цифровая повседневность
714,2023,2,Автономные локальные центры
714,2024,1,Цифровая повседневность
715,2023,1,Цифровая повседневность
715,2024,1,Цифровая повседневность
716,2023,2,Автономные локальные центры
716,2024,2,Автономные локальные центры
717,2023,1,Цифровая повседневность
717,2024,1,Цифровая повседневность
718,2023,2,Автономные локальные центры
718,2024,2,Автономные локальные центры
719,2023,1,Цифровая повседневность
719,2024,1,Цифровая повседневность
720,2023,2,Автономные локальные центры
720,2024,2,Автономные локальные центры
721,2023,1,Цифровая повседневность
721,2024,1,Цифровая повседневность
722,2023,2,Автономные локальные центры
722,2024,2,Автономные локальные центры
723,2023,1,Цифровая повседневность
723,2024,1,Цифровая повседневность
725,2023,2,Автономные локальные центры
725,2024,2,Автономные локальные центры
726,2023,2,Автономные локальные центры
726,2024,2,Автономные локальные центры
727,2023,3,Крупные центры
727,2024,3,Крупные центры
731,2023,1,Цифровая повседневность
731,2024,2,Автономные локальные центры
734,2023,1,Цифровая повседневность
734,2024,1,Цифровая повседневность
735,2023,1,Цифровая повседневность
735,2024,1,Цифровая повседневность
736,2023,1,Цифровая повседневность
736,2024,1,Цифровая повседневность
737,2023,1,Цифровая повседневность
737,2024,1,Цифровая повседневность
738,2023,1,Цифровая повседневность
738,2024,1,Цифровая повседневность
739,2023,1,Цифровая повседневность
739,2024,1,Цифровая повседневность
741,2023,1,Цифровая повседневность
741,2024,1,Цифровая повседневность
742,2023,1,Цифровая повседневность
742,2024,1,Цифровая повседневность
743,2023,1,Цифровая повседневность
743,2024,1,Цифровая повседневность
744,2023,1,Цифровая повседневность
744,2024,1,Цифровая повседневность
745,2023,1,Цифровая повседневность
745,2024,1,Цифровая повседневность
746,2023,1,Цифровая повседневность
746,2024,1,Цифровая повседневность
747,2023,1,Цифровая повседневность
747,2024,1,Цифровая повседневность
748,2023,2,Автономные локальные центры
748,2024,2,Автономные локальные центры
749,2023,1,Цифровая повседневность
749,2024,1,Цифровая повседневность
751,2023,1,Цифровая повседневность
751,2024,1,Цифровая повседневность
752,2023,1,Цифровая повседневность
752,2024,1,Цифровая повседневность
753,2023,1,Цифровая повседневность
753,2024,1,Цифровая повседневность
754,2023,2,Автономные локальные центры
754,2024,2,Автономные локальные центры
755,2023,1,Цифровая повседневность
755,2024,1,Цифровая повседневность
756,2023,1,Цифровая повседневность
756,2024,1,Цифровая повседневность
757,2023,3,Крупные центры
757,2024,3,Крупные центры
758,2023,1,Цифровая повседневность
758,2024,1,Цифровая повседневность
760,2023,1,Цифровая повседневность
760,2024,1,Цифровая повседневность
761,2023,1,Цифровая повседневность
761,2024,1,Цифровая повседневность
763,2023,2,Автономные локальные центры
763,2024,2,Автономные локальные центры
764,2023,1,Цифровая повседневность
764,2024,1,Цифровая повседневность
765,2023,1,Цифровая повседневность
765,2024,1,Цифровая повседневность
766,2023,1,Цифровая повседневность
766,2024,2,Автономные локальные центры
767,2023,2,Автономные локальные центры
767,2024,2,Автономные локальные центры
769,2023,1,Цифровая повседневность
769,2024,1,Цифровая повседневность
770,2023,1,Цифровая повседневность
770,2024,1,Цифровая повседневность
771,2023,1,Цифровая повседневность
771,2024,1,Цифровая повседневность
773,2023,1,Цифровая повседневность
773,2024,1,Цифровая повседневность
774,2023,1,Цифровая повседневность
774,2024,1,Цифровая повседневность
775,2023,3,Крупные центры
775,2024,3,Крупные центры
776,2023,2,Автономные локальные центры
776,2024,2,Автономные локальные центры
777,2023,2,Автономные локальные центры
777,2024,2,Автономные локальные центры
778,2023,2,Автономные локальные центры
778,2024,2,Автономные локальные центры
779,2023,2,Автономные локальные центры
779,2024,2,Автономные локальные центры
780,2023,2,Автономные локальные центры
780,2024,2,Автономные локальные центры
781,2023,2,Автономные локальные центры
781,2024,2,Автономные локальные центры
782,2023,2,Автономные локальные центры
782,2024,2,Автономные локальные центры
783,2023,2,Автономные локальные центры
783,2024,2,Автономные локальные центры
784,2023,2,Автономные локальные центры
784,2024,2,Автономные локальные центры
785,2023,2,Автономные локальные центры
785,2024,2,Автономные локальные центры
787,2023,2,Автономные локальные центры
787,2024,2,Автономные локальные центры
788,2023,2,Автономные локальные центры
788,2024,2,Автономные локальные центры
789,2023,2,Автономные локальные центры
789,2024,2,Автономные локальные центры
790,2023,2,Автономные локальные центры
790,2024,2,Автономные локальные центры
791,2023,2,Автономные локальные центры
791,2024,2,Автономные локальные центры
792,2023,2,Автономные локальные центры
792,2024,2,Автономные локальные центры
793,2023,2,Автономные локальные центры
793,2024,2,Автономные локальные центры
794,2023,2,Автономные локальные центры
794,2024,2,Автономные локальные центры
795,2023,2,Автономные локальные центры
795,2024,2,Автономные локальные центры
796,2023,2,Автономные локальные центры
796,2024,2,Автономные локальные центры
797,2023,2,Автономные локальные центры
797,2024,2,Автономные локальные центры
798,2023,2,Автономные локальные центры
798,2024,2,Автономные локальные центры
799,2023,2,Автономные локальные центры
799,2024,2,Автономные локальные центры
800,2023,2,Автономные локальные центры
800,2024,2,Автономные локальные центры
801,2023,2,Автономные локальные центры
801,2024,2,Автономные локальные центры
802,2023,2,Автономные локальные центры
802,2024,2,Автономные локальные центры
803,2023,2,Автономные локальные центры
803,2024,2,Автономные локальные центры
804,2023,2,Автономные локальные центры
804,2024,2,Автономные локальные центры
805,2023,2,Автономные локальные центры
805,2024,2,Автономные локальные центры
806,2023,2,Автономные локальные центры
806,2024,2,Автономные локальные центры
807,2023,2,Автономные локальные центры
807,2024,2,Автономные локальные центры
808,2023,2,Автономные локальные центры
808,2024,2,Автономные локальные центры
809,2023,3,Крупные центры
809,2024,3,Крупные центры
810,2023,1,Цифровая повседневность
810,2024,1,Цифровая повседневность
811,2023,3,Крупные центры
811,2024,3,Крупные центры
812,2023,3,Крупные центры
812,2024,3,Крупные центры
813,2023,3,Крупные центры
813,2024,3,Крупные центры
814,2023,1,Цифровая повседневность
814,2024,1,Цифровая повседневность
815,2023,1,Цифровая повседневность
815,2024,1,Цифровая повседневность
817,2023,1,Цифровая повседневность
817,2024,1,Цифровая повседневность
818,2023,1,Цифровая повседневность
818,2024,3,Крупные центры
819,2023,3,Крупные центры
819,2024,3,Крупные центры
820,2023,3,Крупные центры
820,2024,3,Крупные центры
821,2023,1,Цифровая повседневность
821,2024,1,Цифровая повседневность
822,2023,1,Цифровая повседневность
822,2024,1,Цифровая повседневность
823,2023,1,Цифровая повседневность
823,2024,1,Цифровая повседневность
824,2023,3,Крупные центры
824,2024,3,Крупные центры
825,2023,1,Цифровая повседневность
825,2024,1,Цифровая повседневность
826,2023,1,Цифровая повседневность
826,2024,1,Цифровая повседневность
827,2023,1,Цифровая повседневность
827,2024,1,Цифровая повседневность
828,2023,1,Цифровая повседневность
828,2024,1,Цифровая повседневность
829,2023,1,Цифровая повседневность
829,2024,1,Цифровая повседневность
830,2023,1,Цифровая повседневность
830,2024,3,Крупные центры
831,2023,1,Цифровая повседневность
831,2024,1,Цифровая повседневность
832,2023,1,Цифровая повседневность
832,2024,1,Цифровая повседневность
833,2023,1,Цифровая повседневность
833,2024,1,Цифровая повседневность
834,2023,1,Цифровая повседневность
834,2024,1,Цифровая повседневность
835,2023,1,Цифровая повседневность
835,2024,1,Цифровая повседневность
836,2023,1,Цифровая повседневность
836,2024,1,Цифровая повседневность
838,2023,1,Цифровая повседневность
838,2024,1,Цифровая повседневность
839,2023,1,Цифровая повседневность
839,2024,1,Цифровая повседневность
840,2023,1,Цифровая повседневность
840,2024,1,Цифровая повседневность
841,2023,3,Крупные центры
841,2024,3,Крупные центры
842,2023,2,Автономные локальные центры
842,2024,2,Автономные локальные центры
843,2023,2,Автономные локальные центры
843,2024,2,Автономные локальные центры
844,2023,2,Автономные локальные центры
844,2024,2,Автономные локальные центры
846,2023,2,Автономные локальные центры
846,2024,2,Автономные локальные центры
847,2023,2,Автономные локальные центры
847,2024,2,Автономные локальные центры
848,2023,2,Автономные локальные центры
848,2024,2,Автономные локальные центры
849,2023,2,Автономные локальные центры
849,2024,2,Автономные локальные центры
851,2023,2,Автономные локальные центры
851,2024,2,Автономные локальные центры
852,2023,2,Автономные локальные центры
852,2024,2,Автономные локальные центры
853,2023,2,Автономные локальные центры
853,2024,2,Автономные локальные центры
854,2023,2,Автономные локальные центры
854,2024,2,Автономные локальные центры
855,2023,2,Автономные локальные центры
855,2024,2,Автономные локальные центры
856,2023,2,Автономные локальные центры
856,2024,2,Автономные локальные центры
857,2023,2,Автономные локальные центры
857,2024,2,Автономные локальные центры
859,2023,2,Автономные локальные центры
859,2024,2,Автономные локальные центры
860,2023,3,Крупные центры
860,2024,3,Крупные центры
870,2023,2,Автономные локальные центры
870,2024,2,Автономные локальные центры
871,2023,2,Автономные локальные центры
871,2024,2,Автономные локальные центры
872,2023,2,Автономные локальные центры
872,2024,3,Крупные центры
873,2023,2,Автономные локальные центры
873,2024,2,Автономные локальные центры
874,2023,2,Автономные локальные центры
874,2024,2,Автономные локальные центры
875,2023,2,Автономные локальные центры
875,2024,2,Автономные локальные центры
876,2023,2,Автономные локальные центры
876,2024,2,Автономные локальные центры
877,2023,2,Автономные локальные центры
877,2024,2,Автономные локальные центры
878,2023,2,Автономные локальные центры
878,2024,2,Автономные локальные центры
879,2023,2,Автономные локальные центры
879,2024,2,Автономные локальные центры
880,2023,2,Автономные локальные центры
880,2024,2,Автономные локальные центры
881,2023,2,Автономные локальные центры
881,2024,2,Автономные локальные центры
882,2023,2,Автономные локальные центры
882,2024,2,Автономные локальные центры
883,2023,2,Автономные локальные центры
883,2024,2,Автономные локальные центры
884,2023,2,Автономные локальные центры
884,2024,2,Автономные локальные центры
885,2023,2,Автономные локальные центры
885,2024,2,Автономные локальные центры
886,2023,2,Автономные локальные центры
886,2024,2,Автономные локальные центры
888,2023,2,Автономные локальные центры
888,2024,2,Автономные локальные центры
889,2023,2,Автономные локальные центры
889,2024,2,Автономные локальные центры
890,2023,2,Автономные локальные центры
890,2024,2,Автономные локальные центры
891,2023,2,Автономные локальные центры
891,2024,2,Автономные локальные центры
892,2023,2,Автономные локальные центры
892,2024,2,Автономные локальные центры
895,2023,1,Цифровая повседневность
895,2024,1,Цифровая повседневность
896,2023,2,Автономные локальные центры
896,2024,2,Автономные локальные центры
897,2023,1,Цифровая повседневность
897,2024,1,Цифровая повседневность
898,2023,1,Цифровая повседневность
898,2024,1,Цифровая повседневность
899,2023,1,Цифровая повседневность
899,2024,1,Цифровая повседневность
900,2023,1,Цифровая повседневность
900,2024,1,Цифровая повседневность
901,2023,1,Цифровая повседневность
901,2024,1,Цифровая повседневность
902,2023,1,Цифровая повседневность
902,2024,1,Цифровая повседневность
903,2023,1,Цифровая повседневность
903,2024,1,Цифровая повседневность
904,2023,1,Цифровая повседневность
904,2024,1,Цифровая повседневность
905,2023,1,Цифровая повседневность
905,2024,1,Цифровая повседневность
907,2023,2,Автономные локальные центры
907,2024,1,Цифровая повседневность
908,2023,2,Автономные локальные центры
908,2024,2,Автономные локальные центры
909,2023,1,Цифровая повседневность
909,2024,2,Автономные локальные центры
911,2023,2,Автономные локальные центры
911,2024,2,Автономные локальные центры
912,2023,2,Автономные локальные центры
912,2024,2,Автономные локальные центры
913,2023,1,Цифровая повседневность
913,2024,1,Цифровая повседневность
914,2023,1,Цифровая повседневность
914,2024,1,Цифровая повседневность
915,2023,1,Цифровая повседневность
915,2024,1,Цифровая повседневность
916,2023,2,Автономные локальные центры
916,2024,2,Автономные локальные центры
917,2023,2,Автономные локальные центры
917,2024,2,Автономные локальные центры
918,2023,3,Крупные центры
918,2024,3,Крупные центры
920,2023,1,Цифровая повседневность
920,2024,1,Цифровая повседневность
922,2023,1,Цифровая повседневность
922,2024,1,Цифровая повседневность
923,2023,1,Цифровая повседневность
923,2024,1,Цифровая повседневность
924,2023,1,Цифровая повседневность
924,2024,1,Цифровая повседневность
925,2023,1,Цифровая повседневность
925,2024,1,Цифровая повседневность
926,2023,1,Цифровая повседневность
926,2024,1,Цифровая повседневность
927,2023,2,Автономные локальные центры
927,2024,2,Автономные локальные центры
928,2023,3,Крупные центры
928,2024,3,Крупные центры
929,2023,1,Цифровая повседневность
929,2024,1,Цифровая повседневность
930,2023,1,Цифровая повседневность
930,2024,1,Цифровая повседневность
986,2023,3,Крупные центры
986,2024,3,Крупные центры
987,2023,1,Цифровая повседневность
987,2024,1,Цифровая повседневность
988,2023,3,Крупные центры
988,2024,3,Крупные центры
989,2023,1,Цифровая повседневность
989,2024,3,Крупные центры
991,2023,1,Цифровая повседневность
991,2024,3,Крупные центры
992,2023,1,Цифровая повседневность
992,2024,1,Цифровая повседневность
993,2023,1,Цифровая повседневность
993,2024,1,Цифровая повседневность
994,2023,1,Цифровая повседневность
994,2024,1,Цифровая повседневность
995,2023,1,Цифровая повседневность
995,2024,1,Цифровая повседневность
996,2023,1,Цифровая повседневность
996,2024,1,Цифровая повседневность
998,2023,1,Цифровая повседневность
998,2024,1,Цифровая повседневность
999,2023,1,Цифровая повседневность
999,2024,1,Цифровая повседневность
1001,2023,1,Цифровая повседневность
1001,2024,1,Цифровая повседневность
1002,2023,1,Цифровая повседневность
1002,2024,1,Цифровая повседневность
1003,2023,1,Цифровая повседневность
1003,2024,1,Цифровая повседневность
1004,2023,1,Цифровая повседневность
1004,2024,1,Цифровая повседневность
1005,2023,1,Цифровая повседневность
1005,2024,1,Цифровая повседневность
1006,2023,1,Цифровая повседневность
1006,2024,1,Цифровая повседневность
1007,2023,3,Крупные центры
1007,2024,3,Крупные центры
1008,2023,3,Крупные центры
1008,2024,3,Крупные центры
1009,2023,1,Цифровая повседневность
1009,2024,1,Цифровая повседневность
1010,2023,1,Цифровая повседневность
1010,2024,1,Цифровая повседневность
1011,2023,1,Цифровая повседневность
1011,2024,1,Цифровая повседневность
1012,2023,1,Цифровая повседневность
1012,2024,1,Цифровая повседневность
1013,2023,1,Цифровая повседневность
1013,2024,1,Цифровая повседневность
1014,2023,1,Цифровая повседневность
1014,2024,1,Цифровая повседневность
1015,2023,1,Цифровая повседневность
1015,2024,1,Цифровая повседневность
1016,2023,1,Цифровая повседневность
1016,2024,1,Цифровая повседневность
1017,2023,1,Цифровая повседневность
1017,2024,1,Цифровая повседневность
1018,2023,1,Цифровая повседневность
1018,2024,1,Цифровая повседневность
1019,2023,1,Цифровая повседневность
1019,2024,1,Цифровая повседневность
1020,2023,1,Цифровая повседневность
1020,2024,1,Цифровая повседневность
1021,2023,1,Цифровая повседневность
1021,2024,1,Цифровая повседневность
1023,2023,1,Цифровая повседневность
1023,2024,1,Цифровая повседневность
1024,2023,1,Цифровая повседневность
1024,2024,1,Цифровая повседневность
1025,2023,1,Цифровая повседневность
1025,2024,1,Цифровая повседневность
1026,2023,1,Цифровая повседневность
1026,2024,1,Цифровая повседневность
1027,2023,1,Цифровая повседневность
1027,2024,1,Цифровая повседневность
1028,2023,1,Цифровая повседневность
1028,2024,1,Цифровая повседневность
1029,2023,1,Цифровая повседневность
1029,2024,1,Цифровая повседневность
1030,2023,1,Цифровая повседневность
1030,2024,1,Цифровая повседневность
1031,2023,1,Цифровая повседневность
1031,2024,1,Цифровая повседневность
1032,2023,1,Цифровая повседневность
1032,2024,1,Цифровая повседневность
1033,2023,1,Цифровая повседневность
1033,2024,1,Цифровая повседневность
1034,2023,1,Цифровая повседневность
1034,2024,1,Цифровая повседневность
1035,2023,1,Цифровая повседневность
1035,2024,1,Цифровая повседневность
1036,2023,1,Цифровая повседневность
1036,2024,1,Цифровая повседневность
1037,2023,1,Цифровая повседневность
1037,2024,1,Цифровая повседневность
1038,2023,1,Цифровая повседневность
1038,2024,1,Цифровая повседневность
1039,2023,1,Цифровая повседневность
1039,2024,1,Цифровая повседневность
1040,2023,1,Цифровая повседневность
1040,2024,1,Цифровая повседневность
1041,2023,1,Цифровая повседневность
1041,2024,1,Цифровая повседневность
1044,2023,1,Цифровая повседневность
1044,2024,1,Цифровая повседневность
1047,2023,1,Цифровая повседневность
1047,2024,1,Цифровая повседневность
1048,2023,1,Цифровая повседневность
1048,2024,1,Цифровая повседневность
1049,2023,2,Автономные локальные центры
1049,2024,2,Автономные локальные центры
1051,2023,2,Автономные локальные центры
1051,2024,2,Автономные локальные центры
1052,2023,1,Цифровая повседневность
1052,2024,1,Цифровая повседневность
1053,2023,1,Цифровая повседневность
1053,2024,1,Цифровая повседневность
1054,2023,1,Цифровая повседневность
1054,2024,3,Крупные центры
1055,2023,2,Автономные локальные центры
1055,2024,2,Автономные локальные центры
1056,2023,1,Цифровая повседневность
1056,2024,1,Цифровая повседневность
1057,2023,1,Цифровая повседневность
1057,2024,1,Цифровая повседневность
1058,2023,1,Цифровая повседневность
1058,2024,1,Цифровая повседневность
1059,2023,1,Цифровая повседневность
1059,2024,2,Автономные локальные центры
1060,2023,1,Цифровая повседневность
1060,2024,1,Цифровая повседневность
1061,2023,1,Цифровая повседневность
1061,2024,1,Цифровая повседневность
1062,2023,1,Цифровая повседневность
1062,2024,1,Цифровая повседневность
1063,2023,1,Цифровая повседневность
1063,2024,1,Цифровая повседневность
1064,2023,1,Цифровая повседневность
1064,2024,1,Цифровая повседневность
1065,2023,1,Цифровая повседневность
1065,2024,1,Цифровая повседневность
1066,2023,1,Цифровая повседневность
1066,2024,1,Цифровая повседневность
1067,2023,1,Цифровая повседневность
1067,2024,1,Цифровая повседневность
1068,2023,1,Цифровая повседневность
1068,2024,1,Цифровая повседневность
1069,2023,1,Цифровая повседневность
1069,2024,1,Цифровая повседневность
1070,2023,1,Цифровая повседневность
1070,2024,1,Цифровая повседневность
1071,2023,2,Автономные локальные центры
1071,2024,2,Автономные локальные центры
1072,2023,1,Цифровая повседневность
1072,2024,1,Цифровая повседневность
1107,2023,3,Крупные центры
1107,2024,3,Крупные центры
1108,2023,1,Цифровая повседневность
1108,2024,1,Цифровая повседневность
1109,2023,1,Цифровая повседневность
1109,2024,1,Цифровая повседневность
1110,2023,1,Цифровая повседневность
1110,2024,1,Цифровая повседневность
1111,2023,1,Цифровая повседневность
1111,2024,1,Цифровая повседневность
1112,2023,1,Цифровая повседневность
1112,2024,1,Цифровая повседневность
1113,2023,1,Цифровая повседневность
1113,2024,1,Цифровая повседневность
1115,2023,1,Цифровая повседневность
1115,2024,1,Цифровая повседневность
1116,2023,1,Цифровая повседневность
1116,2024,1,Цифровая повседневность
1117,2023,3,Крупные центры
1117,2024,3,Крупные центры
1118,2023,1,Цифровая повседневность
1118,2024,1,Цифровая повседневность
1119,2023,1,Цифровая повседневность
1119,2024,1,Цифровая повседневность
1120,2023,1,Цифровая повседневность
1120,2024,1,Цифровая повседневность
1121,2023,1,Цифровая повседневность
1121,2024,1,Цифровая повседневность
1122,2023,1,Цифровая повседневность
1122,2024,1,Цифровая повседневность
1123,2023,1,Цифровая повседневность
1123,2024,1,Цифровая повседневность
1124,2023,1,Цифровая повседневность
1124,2024,1,Цифровая повседневность
1125,2023,1,Цифровая повседневность
1125,2024,1,Цифровая повседневность
1126,2023,1,Цифровая повседневность
1126,2024,1,Цифровая повседневность
1127,2023,1,Цифровая повседневность
1127,2024,1,Цифровая повседневность
1128,2023,1,Цифровая повседневность
1128,2024,1,Цифровая повседневность
1129,2023,1,Цифровая повседневность
1129,2024,1,Цифровая повседневность
1130,2023,1,Цифровая повседневность
1130,2024,1,Цифровая повседневность
1131,2023,1,Цифровая повседневность
1131,2024,1,Цифровая повседневность
1132,2023,1,Цифровая повседневность
1132,2024,1,Цифровая повседневность
1133,2023,1,Цифровая повседневность
1133,2024,1,Цифровая повседневность
1134,2023,3,Крупные центры
1134,2024,3,Крупные центры
1135,2023,2,Автономные локальные центры
1135,2024,2,Автономные локальные центры
1136,2023,2,Автономные локальные центры
1136,2024,2,Автономные локальные центры
1137,2023,2,Автономные локальные центры
1137,2024,2,Автономные локальные центры
1138,2023,2,Автономные локальные центры
1138,2024,2,Автономные локальные центры
1139,2023,2,Автономные локальные центры
1139,2024,2,Автономные локальные центры
1140,2023,2,Автономные локальные центры
1140,2024,2,Автономные локальные центры
1141,2023,2,Автономные локальные центры
1141,2024,2,Автономные локальные центры
1142,2023,2,Автономные локальные центры
1142,2024,2,Автономные локальные центры
1143,2023,2,Автономные локальные центры
1143,2024,2,Автономные локальные центры
1144,2023,1,Цифровая повседневность
1144,2024,1,Цифровая повседневность
1146,2023,1,Цифровая повседневность
1146,2024,1,Цифровая повседневность
1147,2023,2,Автономные локальные центры
1147,2024,2,Автономные локальные центры
1148,2023,2,Автономные локальные центры
1148,2024,2,Автономные локальные центры
1149,2023,2,Автономные локальные центры
1149,2024,2,Автономные локальные центры
1150,2023,3,Крупные центры
1150,2024,3,Крупные центры
1151,2023,2,Автономные локальные центры
1151,2024,2,Автономные локальные центры
1152,2023,2,Автономные локальные центры
1152,2024,2,Автономные локальные центры
1153,2023,2,Автономные локальные центры
1153,2024,2,Автономные локальные центры
1154,2023,2,Автономные локальные центры
1154,2024,2,Автономные локальные центры
1155,2023,2,Автономные локальные центры
1155,2024,2,Автономные локальные центры
1157,2023,2,Автономные локальные центры
1157,2024,2,Автономные локальные центры
1158,2023,2,Автономные локальные центры
1158,2024,2,Автономные локальные центры
1159,2023,2,Автономные локальные центры
1159,2024,2,Автономные локальные центры
1160,2023,2,Автономные локальные центры
1160,2024,2,Автономные локальные центры
1161,2023,2,Автономные локальные центры
1161,2024,2,Автономные локальные центры
1163,2023,2,Автономные локальные центры
1163,2024,2,Автономные локальные центры
1164,2023,2,Автономные локальные центры
1164,2024,2,Автономные локальные центры
1165,2023,2,Автономные локальные центры
1165,2024,2,Автономные локальные центры
1166,2023,1,Цифровая повседневность
1166,2024,1,Цифровая повседневность
1167,2023,2,Автономные локальные центры
1167,2024,2,Автономные локальные центры
1168,2023,2,Автономные локальные центры
1168,2024,1,Цифровая повседневность
1169,2023,2,Автономные локальные центры
1169,2024,2,Автономные локальные центры
1170,2023,2,Автономные локальные центры
1170,2024,2,Автономные локальные центры
1171,2023,2,Автономные локальные центры
1171,2024,2,Автономные локальные центры
1172,2023,2,Автономные локальные центры
1172,2024,2,Автономные локальные центры
1173,2023,2,Автономные локальные центры
1173,2024,2,Автономные локальные центры
1174,2023,2,Автономные локальные центры
1174,2024,2,Автономные локальные центры
1175,2023,2,Автономные локальные центры
1175,2024,2,Автономные локальные центры
1176,2023,3,Крупные центры
1176,2024,3,Крупные центры
1178,2023,1,Цифровая повседневность
1178,2024,1,Цифровая повседневность
1179,2023,1,Цифровая повседневность
1179,2024,1,Цифровая повседневность
1180,2023,1,Цифровая повседневность
1180,2024,1,Цифровая повседневность
1181,2023,2,Автономные локальные центры
1181,2024,2,Автономные локальные центры
1184,2023,2,Автономные локальные центры
1184,2024,2,Автономные локальные центры
1185,2023,2,Автономные локальные центры
1185,2024,1,Цифровая повседневность
1186,2023,3,Крупные центры
1186,2024,3,Крупные центры
1187,2023,2,Автономные локальные центры
1187,2024,2,Автономные локальные центры
1188,2023,3,Крупные центры
1188,2024,3,Крупные центры
1189,2023,1,Цифровая повседневность
1189,2024,1,Цифровая повседневность
1190,2023,3,Крупные центры
1190,2024,3,Крупные центры
1191,2023,2,Автономные локальные центры
1191,2024,2,Автономные локальные центры
1192,2023,1,Цифровая повседневность
1192,2024,2,Автономные локальные центры
1193,2023,1,Цифровая повседневность
1193,2024,1,Цифровая повседневность
1194,2023,1,Цифровая повседневность
1194,2024,1,Цифровая повседневность
1195,2023,1,Цифровая повседневность
1195,2024,1,Цифровая повседневность
1196,2023,1,Цифровая повседневность
1196,2024,1,Цифровая повседневность
1197,2023,2,Автономные локальные центры
1197,2024,2,Автономные локальные центры
1198,2023,3,Крупные центры
1198,2024,3,Крупные центры
1200,2023,1,Цифровая повседневность
1200,2024,1,Цифровая повседневность
1201,2023,1,Цифровая повседневность
1201,2024,1,Цифровая повседневность
1203,2023,1,Цифровая повседневность
1203,2024,1,Цифровая повседневность
1204,2023,1,Цифровая повседневность
1204,2024,1,Цифровая повседневность
1205,2023,1,Цифровая повседневность
1205,2024,1,Цифровая повседневность
1206,2023,1,Цифровая повседневность
1206,2024,1,Цифровая повседневность
1207,2023,1,Цифровая повседневность
1207,2024,1,Цифровая повседневность
1208,2023,1,Цифровая повседневность
1208,2024,1,Цифровая повседневность
1209,2023,1,Цифровая повседневность
1209,2024,1,Цифровая повседневность
1210,2023,1,Цифровая повседневность
1210,2024,1,Цифровая повседневность
1211,2023,1,Цифровая повседневность
1211,2024,1,Цифровая повседневность
1212,2023,1,Цифровая повседневность
1212,2024,1,Цифровая повседневность
1213,2023,1,Цифровая повседневность
1213,2024,1,Цифровая повседневность
1214,2023,1,Цифровая повседневность
1214,2024,1,Цифровая повседневность
1215,2023,1,Цифровая повседневность
1215,2024,1,Цифровая повседневность
1217,2023,1,Цифровая повседневность
1217,2024,1,Цифровая повседневность
1218,2023,1,Цифровая повседневность
1218,2024,1,Цифровая повседневность
1219,2023,1,Цифровая повседневность
1219,2024,1,Цифровая повседневность
1220,2023,1,Цифровая повседневность
1220,2024,1,Цифровая повседневность
1221,2023,1,Цифровая повседневность
1221,2024,1,Цифровая повседневность
1222,2023,1,Цифровая повседневность
1222,2024,1,Цифровая повседневность
1223,2023,1,Цифровая повседневность
1223,2024,1,Цифровая повседневность
1224,2023,3,Крупные центры
1224,2024,3,Крупные центры
1225,2023,2,Автономные локальные центры
1225,2024,2,Автономные локальные центры
1226,2023,2,Автономные локальные центры
1226,2024,2,Автономные локальные центры
1227,2023,2,Автономные локальные центры
1227,2024,2,Автономные локальные центры
1228,2023,2,Автономные локальные центры
1228,2024,2,Автономные локальные центры
1229,2023,2,Автономные локальные центры
1229,2024,2,Автономные локальные центры
1230,2023,2,Автономные локальные центры
1230,2024,2,Автономные локальные центры
1231,2023,2,Автономные локальные центры
1231,2024,2,Автономные локальные центры
1232,2023,2,Автономные локальные центры
1232,2024,2,Автономные локальные центры
1233,2023,2,Автономные локальные центры
1233,2024,2,Автономные локальные центры
1234,2023,2,Автономные локальные центры
1234,2024,2,Автономные локальные центры
1235,2023,2,Автономные локальные центры
1235,2024,2,Автономные локальные центры
1236,2023,2,Автономные локальные центры
1236,2024,2,Автономные локальные центры
1237,2023,2,Автономные локальные центры
1237,2024,1,Цифровая повседневность
1238,2023,2,Автономные локальные центры
1238,2024,2,Автономные локальные центры
1240,2023,2,Автономные локальные центры
1240,2024,1,Цифровая повседневность
1241,2023,1,Цифровая повседневность
1241,2024,2,Автономные локальные центры
1242,2023,1,Цифровая повседневность
1242,2024,1,Цифровая повседневность
1243,2023,3,Крупные центры
1243,2024,3,Крупные центры
1244,2023,1,Цифровая повседневность
1244,2024,1,Цифровая повседневность
1246,2023,2,Автономные локальные центры
1246,2024,2,Автономные локальные центры
1249,2023,2,Автономные локальные центры
1249,2024,2,Автономные локальные центры
1250,2023,2,Автономные локальные центры
1250,2024,2,Автономные локальные центры
1251,2023,1,Цифровая повседневность
1251,2024,1,Цифровая повседневность
1252,2023,2,Автономные локальные центры
1252,2024,2,Автономные локальные центры
1253,2023,1,Цифровая повседневность
1253,2024,1,Цифровая повседневность
1254,2023,2,Автономные локальные центры
1254,2024,2,Автономные локальные центры
1256,2023,1,Цифровая повседневность
1256,2024,2,Автономные локальные центры
1257,2023,1,Цифровая повседневность
1257,2024,1,Цифровая повседневность
1258,2023,3,Крупные центры
1258,2024,3,Крупные центры
1259,2023,1,Цифровая повседневность
1259,2024,1,Цифровая повседневность
1260,2023,2,Автономные локальные центры
1260,2024,2,Автономные локальные центры
1261,2023,1,Цифровая повседневность
1261,2024,1,Цифровая повседневность
1262,2023,1,Цифровая повседневность
1262,2024,1,Цифровая повседневность
1264,2023,2,Автономные локальные центры
1264,2024,1,Цифровая повседневность
1265,2023,1,Цифровая повседневность
1265,2024,1,Цифровая повседневность
1266,2023,1,Цифровая повседневность
1266,2024,1,Цифровая повседневность
1267,2023,1,Цифровая повседневность
1267,2024,1,Цифровая повседневность
1268,2023,1,Цифровая повседневность
1268,2024,1,Цифровая повседневность
1269,2023,1,Цифровая повседневность
1269,2024,1,Цифровая повседневность
1270,2023,1,Цифровая повседневность
1270,2024,1,Цифровая повседневность
1271,2023,1,Цифровая повседневность
1271,2024,1,Цифровая повседневность
1272,2023,1,Цифровая повседневность
1272,2024,1,Цифровая повседневность
1273,2023,1,Цифровая повседневность
1273,2024,1,Цифровая повседневность
1274,2023,1,Цифровая повседневность
1274,2024,1,Цифровая повседневность
1275,2023,1,Цифровая повседневность
1275,2024,1,Цифровая повседневность
1276,2023,1,Цифровая повседневность
1276,2024,1,Цифровая повседневность
1277,2023,1,Цифровая повседневность
1277,2024,1,Цифровая повседневность
1278,2023,1,Цифровая повседневность
1278,2024,1,Цифровая повседневность
1279,2023,1,Цифровая повседневность
1279,2024,1,Цифровая повседневность
1280,2023,1,Цифровая повседневность
1280,2024,1,Цифровая повседневность
1281,2023,1,Цифровая повседневность
1281,2024,1,Цифровая повседневность
1282,2023,1,Цифровая повседневность
1282,2024,1,Цифровая повседневность
1284,2023,1,Цифровая повседневность
1284,2024,1,Цифровая повседневность
1285,2023,1,Цифровая повседневность
1285,2024,1,Цифровая повседневность
1286,2023,1,Цифровая повседневность
1286,2024,1,Цифровая повседневность
1287,2023,1,Цифровая повседневность
1287,2024,1,Цифровая повседневность
1288,2023,1,Цифровая повседневность
1288,2024,1,Цифровая повседневность
1289,2023,1,Цифровая повседневность
1289,2024,1,Цифровая повседневность
1290,2023,1,Цифровая повседневность
1290,2024,1,Цифровая повседневность
1291,2023,1,Цифровая повседневность
1291,2024,1,Цифровая повседневность
1292,2023,1,Цифровая повседневность
1292,2024,1,Цифровая повседневность
1293,2023,1,Цифровая повседневность
1293,2024,1,Цифровая повседневность
1294,2023,1,Цифровая повседневность
1294,2024,1,Цифровая повседневность
1295,2023,1,Цифровая повседневность
1295,2024,1,Цифровая повседневность
1296,2023,1,Цифровая повседневность
1296,2024,1,Цифровая повседневность
1297,2023,1,Цифровая повседневность
1297,2024,1,Цифровая повседневность
1298,2023,1,Цифровая повседневность
1298,2024,1,Цифровая повседневность
1299,2023,1,Цифровая повседневность
1299,2024,1,Цифровая повседневность
1300,2023,1,Цифровая повседневность
1300,2024,1,Цифровая повседневность
1301,2023,1,Цифровая повседневность
1301,2024,1,Цифровая повседневность
1302,2023,1,Цифровая повседневность
1302,2024,1,Цифровая повседневность
1303,2023,3,Крупные центры
1303,2024,3,Крупные центры
1304,2023,1,Цифровая повседневность
1304,2024,1,Цифровая повседневность
1305,2023,1,Цифровая повседневность
1305,2024,1,Цифровая повседневность
1306,2023,1,Цифровая повседневность
1306,2024,1,Цифровая повседневность
1308,2023,1,Цифровая повседневность
1308,2024,1,Цифровая повседневность
1309,2023,1,Цифровая повседневность
1309,2024,1,Цифровая повседневность
1310,2023,1,Цифровая повседневность
1310,2024,1,Цифровая повседневность
1311,2023,1,Цифровая повседневность
1311,2024,1,Цифровая повседневность
1312,2023,1,Цифровая повседневность
1312,2024,1,Цифровая повседневность
1313,2023,1,Цифровая повседневность
1313,2024,1,Цифровая повседневность
1314,2023,1,Цифровая повседневность
1314,2024,1,Цифровая повседневность
1315,2023,1,Цифровая повседневность
1315,2024,1,Цифровая повседневность
1316,2023,1,Цифровая повседневность
1316,2024,1,Цифровая повседневность
1317,2023,1,Цифровая повседневность
1317,2024,1,Цифровая повседневность
1319,2023,1,Цифровая повседневность
1319,2024,1,Цифровая повседневность
1320,2023,1,Цифровая повседневность
1320,2024,1,Цифровая повседневность
1321,2023,1,Цифровая повседневность
1321,2024,1,Цифровая повседневность
1322,2023,1,Цифровая повседневность
1322,2024,1,Цифровая повседневность
1323,2023,1,Цифровая повседневность
1323,2024,1,Цифровая повседневность
1324,2023,1,Цифровая повседневность
1324,2024,1,Цифровая повседневность
1325,2023,1,Цифровая повседневность
1325,2024,1,Цифровая повседневность
1326,2023,1,Цифровая повседневность
1326,2024,1,Цифровая повседневность
1327,2023,1,Цифровая повседневность
1327,2024,1,Цифровая повседневность
1328,2023,1,Цифровая повседневность
1328,2024,1,Цифровая повседневность
1329,2023,1,Цифровая повседневность
1329,2024,1,Цифровая повседневность
1330,2023,1,Цифровая повседневность
1330,2024,1,Цифровая повседневность
1331,2023,1,Цифровая повседневность
1331,2024,1,Цифровая повседневность
1333,2023,2,Автономные локальные центры
1333,2024,2,Автономные локальные центры
1334,2023,1,Цифровая повседневность
1334,2024,1,Цифровая повседневность
1335,2023,1,Цифровая повседневность
1335,2024,1,Цифровая повседневность
1336,2023,1,Цифровая повседневность
1336,2024,1,Цифровая повседневность
1337,2023,1,Цифровая повседневность
1337,2024,1,Цифровая повседневность
1338,2023,1,Цифровая повседневность
1338,2024,1,Цифровая повседневность
1339,2023,1,Цифровая повседневность
1339,2024,1,Цифровая повседневность
1340,2023,1,Цифровая повседневность
1340,2024,1,Цифровая повседневность
1341,2023,1,Цифровая повседневность
1341,2024,1,Цифровая повседневность
1343,2023,1,Цифровая повседневность
1343,2024,1,Цифровая повседневность
1344,2023,1,Цифровая повседневность
1344,2024,1,Цифровая повседневность
1345,2023,1,Цифровая повседневность
1345,2024,1,Цифровая повседневность
1346,2023,1,Цифровая повседневность
1346,2024,1,Цифровая повседневность
1347,2023,1,Цифровая повседневность
1347,2024,1,Цифровая повседневность
1348,2023,1,Цифровая повседневность
1348,2024,1,Цифровая повседневность
1349,2023,1,Цифровая повседневность
1349,2024,1,Цифровая повседневность
1350,2023,1,Цифровая повседневность
1350,2024,1,Цифровая повседневность
1351,2023,1,Цифровая повседневность
1351,2024,1,Цифровая повседневность
1352,2023,1,Цифровая повседневность
1352,2024,1,Цифровая повседневность
1353,2023,1,Цифровая повседневность
1353,2024,1,Цифровая повседневность
1355,2023,1,Цифровая повседневность
1355,2024,1,Цифровая повседневность
1356,2023,1,Цифровая повседневность
1356,2024,1,Цифровая повседневность
1357,2023,1,Цифровая повседневность
1357,2024,1,Цифровая повседневность
1358,2023,1,Цифровая повседневность
1358,2024,1,Цифровая повседневность
1392,2023,1,Цифровая повседневность
1392,2024,1,Цифровая повседневность
1393,2023,1,Цифровая повседневность
1393,2024,1,Цифровая повседневность
1394,2023,1,Цифровая повседневность
1394,2024,1,Цифровая повседневность
1395,2023,3,Крупные центры
1395,2024,3,Крупные центры
1396,2023,3,Крупные центры
1396,2024,3,Крупные центры
1397,2023,3,Крупные центры
1397,2024,3,Крупные центры
1398,2023,2,Автономные локальные центры
1398,2024,2,Автономные локальные центры
1399,2023,1,Цифровая повседневность
1399,2024,2,Автономные локальные центры
1400,2023,3,Крупные центры
1400,2024,3,Крупные центры
1401,2023,1,Цифровая повседневность
1401,2024,2,Автономные локальные центры
1402,2023,3,Крупные центры
1402,2024,3,Крупные центры
1403,2023,2,Автономные локальные центры
1403,2024,2,Автономные локальные центры
1404,2023,1,Цифровая повседневность
1404,2024,1,Цифровая повседневность
1405,2023,1,Цифровая повседневность
1405,2024,1,Цифровая повседневность
1406,2023,2,Автономные локальные центры
1406,2024,2,Автономные локальные центры
1407,2023,2,Автономные локальные центры
1407,2024,2,Автономные локальные центры
1408,2023,3,Крупные центры
1408,2024,3,Крупные центры
1409,2023,3,Крупные центры
1409,2024,3,Крупные центры
1410,2023,3,Крупные центры
1410,2024,3,Крупные центры
1411,2023,1,Цифровая повседневность
1411,2024,1,Цифровая повседневность
1412,2023,1,Цифровая повседневность
1412,2024,1,Цифровая повседневность
1413,2023,1,Цифровая повседневность
1413,2024,1,Цифровая повседневность
1414,2023,1,Цифровая повседневность
1414,2024,1,Цифровая повседневность
1415,2023,1,Цифровая повседневность
1415,2024,1,Цифровая повседневность
1416,2023,1,Цифровая повседневность
1416,2024,1,Цифровая повседневность
1417,2023,1,Цифровая повседневность
1417,2024,1,Цифровая повседневность
1419,2023,1,Цифровая повседневность
1419,2024,1,Цифровая повседневность
1420,2023,1,Цифровая повседневность
1420,2024,1,Цифровая повседневность
1421,2023,1,Цифровая повседневность
1421,2024,1,Цифровая повседневность
1422,2023,1,Цифровая повседневность
1422,2024,1,Цифровая повседневность
1423,2023,1,Цифровая повседневность
1423,2024,1,Цифровая повседневность
1425,2023,1,Цифровая повседневность
1425,2024,1,Цифровая повседневность
1426,2023,1,Цифровая повседневность
1426,2024,1,Цифровая повседневность
1427,2023,1,Цифровая повседневность
1427,2024,1,Цифровая повседневность
1428,2023,1,Цифровая повседневность
1428,2024,1,Цифровая повседневность
1429,2023,1,Цифровая повседневность
1429,2024,1,Цифровая повседневность
1430,2023,2,Автономные локальные центры
1430,2024,2,Автономные локальные центры
1431,2023,2,Автономные локальные центры
1431,2024,2,Автономные локальные центры
1438,2023,2,Автономные локальные центры
1438,2024,2,Автономные локальные центры
1439,2023,3,Крупные центры
1439,2024,3,Крупные центры
1440,2023,3,Крупные центры
1440,2024,3,Крупные центры
1443,2023,3,Крупные центры
1443,2024,3,Крупные центры
1444,2023,3,Крупные центры
1444,2024,3,Крупные центры
1445,2023,3,Крупные центры
1445,2024,3,Крупные центры
1446,2023,3,Крупные центры
1446,2024,3,Крупные центры
1447,2023,3,Крупные центры
1447,2024,3,Крупные центры
1448,2023,3,Крупные центры
1448,2024,3,Крупные центры
1449,2023,1,Цифровая повседневность
1449,2024,1,Цифровая повседневность
1453,2023,3,Крупные центры
1453,2024,3,Крупные центры
1454,2023,1,Цифровая повседневность
1454,2024,3,Крупные центры
1456,2023,3,Крупные центры
1456,2024,3,Крупные центры
1457,2023,3,Крупные центры
1457,2024,3,Крупные центры
1459,2023,3,Крупные центры
1459,2024,3,Крупные центры
1461,2023,3,Крупные центры
1461,2024,3,Крупные центры
1463,2023,1,Цифровая повседневность
1463,2024,3,Крупные центры
1464,2023,3,Крупные центры
1464,2024,3,Крупные центры
1465,2023,3,Крупные центры
1465,2024,3,Крупные центры
1467,2023,3,Крупные центры
1467,2024,3,Крупные центры
1468,2023,3,Крупные центры
1468,2024,3,Крупные центры
1472,2023,3,Крупные центры
1472,2024,3,Крупные центры
1473,2023,1,Цифровая повседневность
1473,2024,1,Цифровая повседневность
1474,2023,1,Цифровая повседневность
1474,2024,1,Цифровая повседневность
1475,2023,3,Крупные центры
1475,2024,3,Крупные центры
1477,2023,1,Цифровая повседневность
1477,2024,3,Крупные центры
1478,2023,1,Цифровая повседневность
1478,2024,1,Цифровая повседневность
1480,2023,3,Крупные центры
1480,2024,3,Крупные центры
1481,2023,3,Крупные центры
1481,2024,3,Крупные центры
1483,2023,1,Цифровая повседневность
1483,2024,3,Крупные центры
1484,2023,3,Крупные центры
1484,2024,3,Крупные центры
1486,2023,1,Цифровая повседневность
1486,2024,1,Цифровая повседневность
1488,2023,3,Крупные центры
1488,2024,3,Крупные центры
1489,2023,1,Цифровая повседневность
1489,2024,1,Цифровая повседневность
1490,2023,3,Крупные центры
1490,2024,3,Крупные центры
1491,2023,3,Крупные центры
1491,2024,3,Крупные центры
1492,2023,3,Крупные центры
1492,2024,3,Крупные центры
1493,2023,3,Крупные центры
1493,2024,3,Крупные центры
1494,2023,1,Цифровая повседневность
1494,2024,1,Цифровая повседневность
1495,2023,1,Цифровая повседневность
1495,2024,3,Крупные центры
1496,2023,3,Крупные центры
1496,2024,3,Крупные центры
1500,2023,3,Крупные центры
1500,2024,3,Крупные центры
1501,2023,3,Крупные центры
1501,2024,3,Крупные центры
1504,2023,1,Цифровая повседневность
1504,2024,1,Цифровая повседневность
1506,2023,2,Автономные локальные центры
1506,2024,2,Автономные локальные центры
1507,2023,2,Автономные локальные центры
1507,2024,2,Автономные локальные центры
1508,2023,2,Автономные локальные центры
1508,2024,2,Автономные локальные центры
1509,2023,2,Автономные локальные центры
1509,2024,2,Автономные локальные центры
1510,2023,2,Автономные локальные центры
1510,2024,2,Автономные локальные центры
1511,2023,2,Автономные локальные центры
1511,2024,2,Автономные локальные центры
1512,2023,2,Автономные локальные центры
1512,2024,2,Автономные локальные центры
1518,2023,2,Автономные локальные центры
1518,2024,2,Автономные локальные центры
1519,2023,2,Автономные локальные центры
1519,2024,2,Автономные локальные центры
1520,2023,1,Цифровая повседневность
1520,2024,1,Цифровая повседневность
1521,2023,2,Автономные локальные центры
1521,2024,2,Автономные локальные центры
1522,2023,1,Цифровая повседневность
1522,2024,1,Цифровая повседневность
1523,2023,3,Крупные центры
1523,2024,3,Крупные центры
1525,2023,3,Крупные центры
1525,2024,3,Крупные центры
1526,2023,1,Цифровая повседневность
1526,2024,1,Цифровая повседневность
1527,2023,3,Крупные центры
1527,2024,3,Крупные центры
1528,2023,1,Цифровая повседневность
1528,2024,1,Цифровая повседневность
1529,2023,1,Цифровая повседневность
1529,2024,1,Цифровая повседневность
1530,2023,1,Цифровая повседневность
1530,2024,1,Цифровая повседневность
1532,2023,1,Цифровая повседневность
1532,2024,1,Цифровая повседневность
1533,2023,1,Цифровая повседневность
1533,2024,1,Цифровая повседневность
1534,2023,1,Цифровая повседневность
1534,2024,1,Цифровая повседневность
1535,2023,1,Цифровая повседневность
1535,2024,1,Цифровая повседневность
1536,2023,1,Цифровая повседневность
1536,2024,1,Цифровая повседневность
1537,2023,1,Цифровая повседневность
1537,2024,1,Цифровая повседневность
1539,2023,1,Цифровая повседневность
1539,2024,1,Цифровая повседневность
1540,2023,1,Цифровая повседневность
1540,2024,1,Цифровая повседневность
1541,2023,1,Цифровая повседневность
1541,2024,1,Цифровая повседневность
1542,2023,1,Цифровая повседневность
1542,2024,1,Цифровая повседневность
1543,2023,1,Цифровая повседневность
1543,2024,1,Цифровая повседневность
1544,2023,1,Цифровая повседневность
1544,2024,1,Цифровая повседневность
1545,2023,1,Цифровая повседневность
1545,2024,1,Цифровая повседневность
1546,2023,1,Цифровая повседневность
1546,2024,1,Цифровая повседневность
1547,2023,1,Цифровая повседневность
1547,2024,1,Цифровая повседневность
1548,2023,1,Цифровая повседневность
1548,2024,1,Цифровая повседневность
1549,2023,1,Цифровая повседневность
1549,2024,1,Цифровая повседневность
1550,2023,1,Цифровая повседневность
1550,2024,1,Цифровая повседневность
1551,2023,1,Цифровая повседневность
1551,2024,1,Цифровая повседневность
1552,2023,1,Цифровая повседневность
1552,2024,1,Цифровая повседневность
1553,2023,1,Цифровая повседневность
1553,2024,1,Цифровая повседневность
1554,2023,1,Цифровая повседневность
1554,2024,1,Цифровая повседневность
1555,2023,1,Цифровая повседневность
1555,2024,1,Цифровая повседневность
1556,2023,1,Цифровая повседневность
1556,2024,1,Цифровая повседневность
1557,2023,1,Цифровая повседневность
1557,2024,1,Цифровая повседневность
1558,2023,1,Цифровая повседневность
1558,2024,1,Цифровая повседневность
1559,2023,1,Цифровая повседневность
1559,2024,1,Цифровая повседневность
1560,2023,3,Крупные центры
1560,2024,3,Крупные центры
1561,2023,1,Цифровая повседневность
1561,2024,1,Цифровая повседневность
1562,2023,1,Цифровая повседневность
1562,2024,1,Цифровая повседневность
1563,2023,1,Цифровая повседневность
1563,2024,1,Цифровая повседневность
1564,2023,1,Цифровая повседневность
1564,2024,1,Цифровая повседневность
1565,2023,1,Цифровая повседневность
1565,2024,1,Цифровая повседневность
1566,2023,1,Цифровая повседневность
1566,2024,1,Цифровая повседневность
1567,2023,1,Цифровая повседневность
1567,2024,1,Цифровая повседневность
1568,2023,1,Цифровая повседневность
1568,2024,1,Цифровая повседневность
1569,2023,1,Цифровая повседневность
1569,2024,1,Цифровая повседневность
1570,2023,1,Цифровая повседневность
1570,2024,1,Цифровая повседневность
1571,2023,1,Цифровая повседневность
1571,2024,1,Цифровая повседневность
1572,2023,1,Цифровая повседневность
1572,2024,1,Цифровая повседневность
1573,2023,1,Цифровая повседневность
1573,2024,1,Цифровая повседневность
1574,2023,1,Цифровая повседневность
1574,2024,1,Цифровая повседневность
1575,2023,3,Крупные центры
1575,2024,3,Крупные центры
1577,2023,1,Цифровая повседневность
1577,2024,1,Цифровая повседневность
1578,2023,1,Цифровая повседневность
1578,2024,1,Цифровая повседневность
1579,2023,1,Цифровая повседневность
1579,2024,1,Цифровая повседневность
1580,2023,1,Цифровая повседневность
1580,2024,1,Цифровая повседневность
1581,2023,1,Цифровая повседневность
1581,2024,1,Цифровая повседневность
1582,2023,1,Цифровая повседневность
1582,2024,1,Цифровая повседневность
1583,2023,1,Цифровая повседневность
1583,2024,1,Цифровая повседневность
1584,2023,1,Цифровая повседневность
1584,2024,1,Цифровая повседневность
1585,2023,1,Цифровая повседневность
1585,2024,1,Цифровая повседневность
1586,2023,3,Крупные центры
1586,2024,3,Крупные центры
1587,2023,1,Цифровая повседневность
1587,2024,1,Цифровая повседневность
1588,2023,1,Цифровая повседневность
1588,2024,1,Цифровая повседневность
1589,2023,1,Цифровая повседневность
1589,2024,1,Цифровая повседневность
1590,2023,1,Цифровая повседневность
1590,2024,1,Цифровая повседневность
1591,2023,1,Цифровая повседневность
1591,2024,1,Цифровая повседневность
1592,2023,1,Цифровая повседневность
1592,2024,1,Цифровая повседневность
1593,2023,1,Цифровая повседневность
1593,2024,1,Цифровая повседневность
1594,2023,1,Цифровая повседневность
1594,2024,1,Цифровая повседневность
1595,2023,1,Цифровая повседневность
1595,2024,1,Цифровая повседневность
1596,2023,1,Цифровая повседневность
1596,2024,1,Цифровая повседневность
1597,2023,3,Крупные центры
1597,2024,3,Крупные центры
1598,2023,3,Крупные центры
1598,2024,3,Крупные центры
1599,2023,2,Автономные локальные центры
1599,2024,2,Автономные локальные центры
1600,2023,2,Автономные локальные центры
1600,2024,2,Автономные локальные центры
1601,2023,3,Крупные центры
1601,2024,3,Крупные центры
1602,2023,1,Цифровая повседневность
1602,2024,1,Цифровая повседневность
1603,2023,2,Автономные локальные центры
1603,2024,2,Автономные локальные центры
1604,2023,1,Цифровая повседневность
1604,2024,2,Автономные локальные центры
1605,2023,1,Цифровая повседневность
1605,2024,1,Цифровая повседневность
1606,2023,1,Цифровая повседневность
1606,2024,1,Цифровая повседневность
1607,2023,1,Цифровая повседневность
1607,2024,1,Цифровая повседневность
1608,2023,1,Цифровая повседневность
1608,2024,1,Цифровая повседневность
1609,2023,2,Автономные локальные центры
1609,2024,2,Автономные локальные центры
1610,2023,1,Цифровая повседневность
1610,2024,1,Цифровая повседневность
1611,2023,1,Цифровая повседневность
1611,2024,1,Цифровая повседневность
1612,2023,1,Цифровая повседневность
1612,2024,1,Цифровая повседневность
1613,2023,1,Цифровая повседневность
1613,2024,1,Цифровая повседневность
1614,2023,1,Цифровая повседневность
1614,2024,1,Цифровая повседневность
1615,2023,2,Автономные локальные центры
1615,2024,2,Автономные локальные центры
1616,2023,1,Цифровая повседневность
1616,2024,1,Цифровая повседневность
1617,2023,1,Цифровая повседневность
1617,2024,1,Цифровая повседневность
1618,2023,1,Цифровая повседневность
1618,2024,1,Цифровая повседневность
1619,2023,1,Цифровая повседневность
1619,2024,2,Автономные локальные центры
1620,2023,3,Крупные центры
1620,2024,3,Крупные центры
1621,2023,1,Цифровая повседневность
1621,2024,1,Цифровая повседневность
1622,2023,1,Цифровая повседневность
1622,2024,1,Цифровая повседневность
1623,2023,2,Автономные локальные центры
1623,2024,2,Автономные локальные центры
1624,2023,1,Цифровая повседневность
1624,2024,1,Цифровая повседневность
1625,2023,1,Цифровая повседневность
1625,2024,1,Цифровая повседневность
1626,2023,1,Цифровая повседневность
1626,2024,1,Цифровая повседневность
1627,2023,1,Цифровая повседневность
1627,2024,1,Цифровая повседневность
1628,2023,1,Цифровая повседневность
1628,2024,1,Цифровая повседневность
1629,2023,1,Цифровая повседневность
1629,2024,1,Цифровая повседневность
1630,2023,1,Цифровая повседневность
1630,2024,1,Цифровая повседневность
1631,2023,1,Цифровая повседневность
1631,2024,1,Цифровая повседневность
1632,2023,3,Крупные центры
1632,2024,3,Крупные центры
1633,2023,1,Цифровая повседневность
1633,2024,1,Цифровая повседневность
1634,2023,1,Цифровая повседневность
1634,2024,1,Цифровая повседневность
1635,2023,1,Цифровая повседневность
1635,2024,1,Цифровая повседневность
1636,2023,1,Цифровая повседневность
1636,2024,1,Цифровая повседневность
1637,2023,1,Цифровая повседневность
1637,2024,1,Цифровая повседневность
1638,2023,1,Цифровая повседневность
1638,2024,1,Цифровая повседневность
1639,2023,1,Цифровая повседневность
1639,2024,1,Цифровая повседневность
1640,2023,1,Цифровая повседневность
1640,2024,1,Цифровая повседневность
1641,2023,1,Цифровая повседневность
1641,2024,1,Цифровая повседневность
1642,2023,1,Цифровая повседневность
1642,2024,1,Цифровая повседневность
1643,2023,1,Цифровая повседневность
1643,2024,1,Цифровая повседневность
1644,2023,1,Цифровая повседневность
1644,2024,1,Цифровая повседневность
1645,2023,1,Цифровая повседневность
1645,2024,1,Цифровая повседневность
1646,2023,1,Цифровая повседневность
1646,2024,1,Цифровая повседневность
1647,2023,1,Цифровая повседневность
1647,2024,1,Цифровая повседневность
1648,2023,1,Цифровая повседневность
1648,2024,1,Цифровая повседневность
1649,2023,1,Цифровая повседневность
1649,2024,1,Цифровая повседневность
1650,2023,1,Цифровая повседневность
1650,2024,1,Цифровая повседневность
1651,2023,1,Цифровая повседневность
1651,2024,1,Цифровая повседневность
1652,2023,2,Автономные локальные центры
1652,2024,2,Автономные локальные центры
1653,2023,1,Цифровая повседневность
1653,2024,1,Цифровая повседневность
1654,2023,1,Цифровая повседневность
1654,2024,1,Цифровая повседневность
1655,2023,1,Цифровая повседневность
1655,2024,1,Цифровая повседневность
1656,2023,1,Цифровая повседневность
1656,2024,1,Цифровая повседневность
1657,2023,1,Цифровая повседневность
1657,2024,1,Цифровая повседневность
1658,2023,1,Цифровая повседневность
1658,2024,1,Цифровая повседневность
1659,2023,2,Автономные локальные центры
1659,2024,2,Автономные локальные центры
1660,2023,1,Цифровая повседневность
1660,2024,1,Цифровая повседневность
1661,2023,1,Цифровая повседневность
1661,2024,1,Цифровая повседневность
1662,2023,2,Автономные локальные центры
1662,2024,1,Цифровая повседневность
1663,2023,1,Цифровая повседневность
1663,2024,1,Цифровая повседневность
1664,2023,1,Цифровая повседневность
1664,2024,1,Цифровая повседневность
1665,2023,3,Крупные центры
1665,2024,3,Крупные центры
1666,2023,1,Цифровая повседневность
1666,2024,1,Цифровая повседневность
1667,2023,1,Цифровая повседневность
1667,2024,1,Цифровая повседневность
1668,2023,2,Автономные локальные центры
1668,2024,3,Крупные центры
1669,2023,1,Цифровая повседневность
1669,2024,1,Цифровая повседневность
1670,2023,1,Цифровая повседневность
1670,2024,1,Цифровая повседневность
1671,2023,1,Цифровая повседневность
1671,2024,1,Цифровая повседневность
1672,2023,2,Автономные локальные центры
1672,2024,2,Автономные локальные центры
1673,2023,2,Автономные локальные центры
1673,2024,2,Автономные локальные центры
1674,2023,1,Цифровая повседневность
1674,2024,1,Цифровая повседневность
1675,2023,1,Цифровая повседневность
1675,2024,1,Цифровая повседневность
1676,2023,1,Цифровая повседневность
1676,2024,1,Цифровая повседневность
1678,2023,1,Цифровая повседневность
1678,2024,1,Цифровая повседневность
1679,2023,1,Цифровая повседневность
1679,2024,1,Цифровая повседневность
1680,2023,1,Цифровая повседневность
1680,2024,1,Цифровая повседневность
1681,2023,1,Цифровая повседневность
1681,2024,1,Цифровая повседневность
1682,2023,1,Цифровая повседневность
1682,2024,1,Цифровая повседневность
1683,2023,1,Цифровая повседневность
1683,2024,1,Цифровая повседневность
1685,2023,1,Цифровая повседневность
1685,2024,1,Цифровая повседневность
1686,2023,1,Цифровая повседневность
1686,2024,1,Цифровая повседневность
1687,2023,1,Цифровая повседневность
1687,2024,1,Цифровая повседневность
1688,2023,1,Цифровая повседневность
1688,2024,1,Цифровая повседневность
1689,2023,1,Цифровая повседневность
1689,2024,1,Цифровая повседневность
1690,2023,1,Цифровая повседневность
1690,2024,1,Цифровая повседневность
1691,2023,1,Цифровая повседневность
1691,2024,1,Цифровая повседневность
1692,2023,1,Цифровая повседневность
1692,2024,1,Цифровая повседневность
1693,2023,1,Цифровая повседневность
1693,2024,1,Цифровая повседневность
1694,2023,1,Цифровая повседневность
1694,2024,1,Цифровая повседневность
1696,2023,1,Цифровая повседневность
1696,2024,1,Цифровая повседневность
1697,2023,1,Цифровая повседневность
1697,2024,1,Цифровая повседневность
1698,2023,1,Цифровая повседневность
1698,2024,1,Цифровая повседневность
1699,2023,1,Цифровая повседневность
1699,2024,1,Цифровая повседневность
1700,2023,1,Цифровая повседневность
1700,2024,1,Цифровая повседневность
1701,2023,1,Цифровая повседневность
1701,2024,1,Цифровая повседневность
1702,2023,1,Цифровая повседневность
1702,2024,1,Цифровая повседневность
1703,2023,1,Цифровая повседневность
1703,2024,1,Цифровая повседневность
1704,2023,1,Цифровая повседневность
1704,2024,1,Цифровая повседневность
1705,2023,1,Цифровая повседневность
1705,2024,1,Цифровая повседневность
1706,2023,1,Цифровая повседневность
1706,2024,1,Цифровая повседневность
1707,2023,3,Крупные центры
1707,2024,3,Крупные центры
1708,2023,1,Цифровая повседневность
1708,2024,1,Цифровая повседневность
1709,2023,1,Цифровая повседневность
1709,2024,1,Цифровая повседневность
1710,2023,1,Цифровая повседневность
1710,2024,1,Цифровая повседневность
1711,2023,1,Цифровая повседневность
1711,2024,1,Цифровая повседневность
1712,2023,1,Цифровая повседневность
1712,2024,1,Цифровая повседневность
1714,2023,1,Цифровая повседневность
1714,2024,1,Цифровая повседневность
1715,2023,1,Цифровая повседневность
1715,2024,1,Цифровая повседневность
1717,2023,1,Цифровая повседневность
1717,2024,1,Цифровая повседневность
1718,2023,1,Цифровая повседневность
1718,2024,1,Цифровая повседневность
1719,2023,1,Цифровая повседневность
1719,2024,1,Цифровая повседневность
1722,2023,1,Цифровая повседневность
1722,2024,1,Цифровая повседневность
1724,2023,1,Цифровая повседневность
1724,2024,1,Цифровая повседневность
1725,2023,1,Цифровая повседневность
1725,2024,1,Цифровая повседневность
1726,2023,3,Крупные центры
1726,2024,3,Крупные центры
1727,2023,1,Цифровая повседневность
1727,2024,1,Цифровая повседневность
1728,2023,1,Цифровая повседневность
1728,2024,1,Цифровая повседневность
1730,2023,1,Цифровая повседневность
1730,2024,1,Цифровая повседневность
1731,2023,1,Цифровая повседневность
1731,2024,1,Цифровая повседневность
1732,2023,1,Цифровая повседневность
1732,2024,1,Цифровая повседневность
1733,2023,1,Цифровая повседневность
1733,2024,1,Цифровая повседневность
1737,2023,1,Цифровая повседневность
1737,2024,1,Цифровая повседневность
1738,2023,1,Цифровая повседневность
1738,2024,1,Цифровая повседневность
1739,2023,1,Цифровая повседневность
1739,2024,1,Цифровая повседневность
1740,2023,1,Цифровая повседневность
1740,2024,1,Цифровая повседневность
1741,2023,1,Цифровая повседневность
1741,2024,1,Цифровая повседневность
1742,2023,1,Цифровая повседневность
1742,2024,1,Цифровая повседневность
1743,2023,1,Цифровая повседневность
1743,2024,1,Цифровая повседневность
1744,2023,1,Цифровая повседневность
1744,2024,1,Цифровая повседневность
1745,2023,1,Цифровая повседневность
1745,2024,1,Цифровая повседневность
1746,2023,1,Цифровая повседневность
1746,2024,1,Цифровая повседневность
1747,2023,1,Цифровая повседневность
1747,2024,1,Цифровая повседневность
1749,2023,1,Цифровая повседневность
1749,2024,1,Цифровая повседневность
1750,2023,1,Цифровая повседневность
1750,2024,1,Цифровая повседневность
1751,2023,1,Цифровая повседневность
1751,2024,1,Цифровая повседневность
1752,2023,1,Цифровая повседневность
1752,2024,1,Цифровая повседневность
1753,2023,1,Цифровая повседневность
1753,2024,1,Цифровая повседневность
1754,2023,1,Цифровая повседневность
1754,2024,1,Цифровая повседневность
1755,2023,1,Цифровая повседневность
1755,2024,1,Цифровая повседневность
1756,2023,1,Цифровая повседневность
1756,2024,1,Цифровая повседневность
1757,2023,1,Цифровая повседневность
1757,2024,1,Цифровая повседневность
1758,2023,3,Крупные центры
1758,2024,3,Крупные центры
1759,2023,1,Цифровая повседневность
1759,2024,1,Цифровая повседневность
1760,2023,1,Цифровая повседневность
1760,2024,1,Цифровая повседневность
1761,2023,1,Цифровая повседневность
1761,2024,1,Цифровая повседневность
1762,2023,1,Цифровая повседневность
1762,2024,1,Цифровая повседневность
1764,2023,3,Крупные центры
1764,2024,3,Крупные центры
1765,2023,1,Цифровая повседневность
1765,2024,1,Цифровая повседневность
1766,2023,1,Цифровая повседневность
1766,2024,1,Цифровая повседневность
1768,2023,1,Цифровая повседневность
1768,2024,1,Цифровая повседневность
1769,2023,1,Цифровая повседневность
1769,2024,1,Цифровая повседневность
1770,2023,1,Цифровая повседневность
1770,2024,1,Цифровая повседневность
1771,2023,1,Цифровая повседневность
1771,2024,1,Цифровая повседневность
1773,2023,1,Цифровая повседневность
1773,2024,1,Цифровая повседневность
1774,2023,1,Цифровая повседневность
1774,2024,1,Цифровая повседневность
1775,2023,1,Цифровая повседневность
1775,2024,1,Цифровая повседневность
1776,2023,1,Цифровая повседневность
1776,2024,1,Цифровая повседневность
1777,2023,1,Цифровая повседневность
1777,2024,1,Цифровая повседневность
1778,2023,1,Цифровая повседневность
1778,2024,1,Цифровая повседневность
1780,2023,1,Цифровая повседневность
1780,2024,1,Цифровая повседневность
1781,2023,1,Цифровая повседневность
1781,2024,1,Цифровая повседневность
1782,2023,1,Цифровая повседневность
1782,2024,1,Цифровая повседневность
1783,2023,3,Крупные центры
1783,2024,3,Крупные центры
1784,2023,1,Цифровая повседневность
1784,2024,1,Цифровая повседневность
1785,2023,1,Цифровая повседневность
1785,2024,1,Цифровая повседневность
1786,2023,1,Цифровая повседневность
1786,2024,1,Цифровая повседневность
1787,2023,1,Цифровая повседневность
1787,2024,1,Цифровая повседневность
1788,2023,1,Цифровая повседневность
1788,2024,1,Цифровая повседневность
1845,2023,3,Крупные центры
1845,2024,3,Крупные центры
1846,2023,1,Цифровая повседневность
1846,2024,1,Цифровая повседневность
1848,2023,1,Цифровая повседневность
1848,2024,1,Цифровая повседневность
1849,2023,1,Цифровая повседневность
1849,2024,1,Цифровая повседневность
1850,2023,1,Цифровая повседневность
1850,2024,1,Цифровая повседневность
1851,2023,1,Цифровая повседневность
1851,2024,1,Цифровая повседневность
1852,2023,1,Цифровая повседневность
1852,2024,1,Цифровая повседневность
1853,2023,1,Цифровая повседневность
1853,2024,1,Цифровая повседневность
1854,2023,1,Цифровая повседневность
1854,2024,1,Цифровая повседневность
1855,2023,1,Цифровая повседневность
1855,2024,1,Цифровая повседневность
1856,2023,1,Цифровая повседневность
1856,2024,1,Цифровая повседневность
1857,2023,1,Цифровая повседневность
1857,2024,1,Цифровая повседневность
1858,2023,1,Цифровая повседневность
1858,2024,1,Цифровая повседневность
1859,2023,1,Цифровая повседневность
1859,2024,1,Цифровая повседневность
1860,2023,1,Цифровая повседневность
1860,2024,1,Цифровая повседневность
1861,2023,1,Цифровая повседневность
1861,2024,1,Цифровая повседневность
1862,2023,1,Цифровая повседневность
1862,2024,1,Цифровая повседневность
1863,2023,3,Крупные центры
1863,2024,3,Крупные центры
1864,2023,1,Цифровая повседневность
1864,2024,1,Цифровая повседневность
1865,2023,1,Цифровая повседневность
1865,2024,1,Цифровая повседневность
1868,2023,1,Цифровая повседневность
1868,2024,1,Цифровая повседневность
1869,2023,1,Цифровая повседневность
1869,2024,1,Цифровая повседневность
1870,2023,1,Цифровая повседневность
1870,2024,1,Цифровая повседневность
1871,2023,1,Цифровая повседневность
1871,2024,1,Цифровая повседневность
1872,2023,1,Цифровая повседневность
1872,2024,1,Цифровая повседневность
1873,2023,1,Цифровая повседневность
1873,2024,1,Цифровая повседневность
1874,2023,3,Крупные центры
1874,2024,3,Крупные центры
1875,2023,1,Цифровая повседневность
1875,2024,1,Цифровая повседневность
1876,2023,1,Цифровая повседневность
1876,2024,1,Цифровая повседневность
1877,2023,3,Крупные центры
1877,2024,3,Крупные центры
1878,2023,1,Цифровая повседневность
1878,2024,1,Цифровая повседневность
1879,2023,1,Цифровая повседневность
1879,2024,1,Цифровая повседневность
1880,2023,1,Цифровая повседневность
1880,2024,1,Цифровая повседневность
1881,2023,2,Автономные локальные центры
1881,2024,3,Крупные центры
1883,2023,1,Цифровая повседневность
1883,2024,1,Цифровая повседневность
1884,2023,1,Цифровая повседневность
1884,2024,1,Цифровая повседневность
1885,2023,1,Цифровая повседневность
1885,2024,1,Цифровая повседневность
1886,2023,1,Цифровая повседневность
1886,2024,1,Цифровая повседневность
1887,2023,1,Цифровая повседневность
1887,2024,1,Цифровая повседневность
1888,2023,1,Цифровая повседневность
1888,2024,1,Цифровая повседневность
1889,2023,1,Цифровая повседневность
1889,2024,1,Цифровая повседневность
1890,2023,3,Крупные центры
1890,2024,3,Крупные центры
1891,2023,1,Цифровая повседневность
1891,2024,1,Цифровая повседневность
1892,2023,1,Цифровая повседневность
1892,2024,1,Цифровая повседневность
1893,2023,1,Цифровая повседневность
1893,2024,1,Цифровая повседневность
1894,2023,1,Цифровая повседневность
1894,2024,1,Цифровая повседневность
1895,2023,1,Цифровая повседневность
1895,2024,1,Цифровая повседневность
1896,2023,1,Цифровая повседневность
1896,2024,1,Цифровая повседневность
1897,2023,1,Цифровая повседневность
1897,2024,1,Цифровая повседневность
1898,2023,1,Цифровая повседневность
1898,2024,1,Цифровая повседневность
1899,2023,1,Цифровая повседневность
1899,2024,1,Цифровая повседневность
1900,2023,1,Цифровая повседневность
1900,2024,1,Цифровая повседневность
1901,2023,1,Цифровая повседневность
1901,2024,1,Цифровая повседневность
1902,2023,1,Цифровая повседневность
1902,2024,1,Цифровая повседневность
1903,2023,1,Цифровая повседневность
1903,2024,1,Цифровая повседневность
1904,2023,1,Цифровая повседневность
1904,2024,1,Цифровая повседневность
1905,2023,1,Цифровая повседневность
1905,2024,3,Крупные центры
1906,2023,1,Цифровая повседневность
1906,2024,1,Цифровая повседневность
1907,2023,1,Цифровая повседневность
1907,2024,1,Цифровая повседневность
1908,2023,1,Цифровая повседневность
1908,2024,1,Цифровая повседневность
1909,2023,1,Цифровая повседневность
1909,2024,1,Цифровая повседневность
1910,2023,1,Цифровая повседневность
1910,2024,1,Цифровая повседневность
1912,2023,1,Цифровая повседневность
1912,2024,1,Цифровая повседневность
1915,2023,1,Цифровая повседневность
1915,2024,1,Цифровая повседневность
1916,2023,1,Цифровая повседневность
1916,2024,1,Цифровая повседневность
1917,2023,1,Цифровая повседневность
1917,2024,1,Цифровая повседневность
1918,2023,1,Цифровая повседневность
1918,2024,1,Цифровая повседневность
1919,2023,1,Цифровая повседневность
1919,2024,2,Автономные локальные центры
1920,2023,1,Цифровая повседневность
1920,2024,1,Цифровая повседневность
1921,2023,1,Цифровая повседневность
1921,2024,1,Цифровая повседневность
1922,2023,1,Цифровая повседневность
1922,2024,1,Цифровая повседневность
1923,2023,1,Цифровая повседневность
1923,2024,1,Цифровая повседневность
1924,2023,1,Цифровая повседневность
1924,2024,1,Цифровая повседневность
1925,2023,1,Цифровая повседневность
1925,2024,1,Цифровая повседневность
1926,2023,1,Цифровая повседневность
1926,2024,1,Цифровая повседневность
1927,2023,1,Цифровая повседневность
1927,2024,1,Цифровая повседневность
1928,2023,1,Цифровая повседневность
1928,2024,1,Цифровая повседневность
1929,2023,1,Цифровая повседневность
1929,2024,1,Цифровая повседневность
1930,2023,1,Цифровая повседневность
1930,2024,1,Цифровая повседневность
1931,2023,1,Цифровая повседневность
1931,2024,1,Цифровая повседневность
1932,2023,1,Цифровая повседневность
1932,2024,1,Цифровая повседневность
1933,2023,1,Цифровая повседневность
1933,2024,1,Цифровая повседневность
1934,2023,1,Цифровая повседневность
1934,2024,1,Цифровая повседневность
1935,2023,1,Цифровая повседневность
1935,2024,1,Цифровая повседневность
1936,2023,1,Цифровая повседневность
1936,2024,1,Цифровая повседневность
1937,2023,1,Цифровая повседневность
1937,2024,1,Цифровая повседневность
1938,2023,1,Цифровая повседневность
1938,2024,1,Цифровая повседневность
1939,2023,1,Цифровая повседневность
1939,2024,1,Цифровая повседневность
1940,2023,1,Цифровая повседневность
1940,2024,1,Цифровая повседневность
1941,2023,1,Цифровая повседневность
1941,2024,1,Цифровая повседневность
1942,2023,1,Цифровая повседневность
1942,2024,1,Цифровая повседневность
1943,2023,1,Цифровая повседневность
1943,2024,1,Цифровая повседневность
1944,2023,1,Цифровая повседневность
1944,2024,1,Цифровая повседневность
1945,2023,1,Цифровая повседневность
1945,2024,1,Цифровая повседневность
1947,2023,1,Цифровая повседневность
1947,2024,1,Цифровая повседневность
1948,2023,1,Цифровая повседневность
1948,2024,1,Цифровая повседневность
1949,2023,1,Цифровая повседневность
1949,2024,1,Цифровая повседневность
1950,2023,1,Цифровая повседневность
1950,2024,1,Цифровая повседневность
1951,2023,1,Цифровая повседневность
1951,2024,1,Цифровая повседневность
1952,2023,3,Крупные центры
1952,2024,3,Крупные центры
1954,2023,2,Автономные локальные центры
1954,2024,2,Автономные локальные центры
1955,2023,2,Автономные локальные центры
1955,2024,2,Автономные локальные центры
1956,2023,2,Автономные локальные центры
1956,2024,2,Автономные локальные центры
1957,2023,2,Автономные локальные центры
1957,2024,2,Автономные локальные центры
1958,2023,2,Автономные локальные центры
1958,2024,2,Автономные локальные центры
1959,2023,2,Автономные локальные центры
1959,2024,2,Автономные локальные центры
1960,2023,2,Автономные локальные центры
1960,2024,2,Автономные локальные центры
1961,2023,2,Автономные локальные центры
1961,2024,2,Автономные локальные центры
1962,2023,2,Автономные локальные центры
1962,2024,2,Автономные локальные центры
1963,2023,2,Автономные локальные центры
1963,2024,2,Автономные локальные центры
1965,2023,2,Автономные локальные центры
1965,2024,2,Автономные локальные центры
1966,2023,2,Автономные локальные центры
1966,2024,2,Автономные локальные центры
1967,2023,2,Автономные локальные центры
1967,2024,2,Автономные локальные центры
1968,2023,2,Автономные локальные центры
1968,2024,2,Автономные локальные центры
1969,2023,2,Автономные локальные центры
1969,2024,2,Автономные локальные центры
1970,2023,2,Автономные локальные центры
1970,2024,2,Автономные локальные центры
1971,2023,3,Крупные центры
1971,2024,3,Крупные центры
1972,2023,1,Цифровая повседневность
1972,2024,1,Цифровая повседневность
1973,2023,1,Цифровая повседневность
1973,2024,1,Цифровая повседневность
1974,2023,2,Автономные локальные центры
1974,2024,2,Автономные локальные центры
1975,2023,1,Цифровая повседневность
1975,2024,1,Цифровая повседневность
1976,2023,1,Цифровая повседневность
1976,2024,1,Цифровая повседневность
1977,2023,3,Крупные центры
1977,2024,3,Крупные центры
1978,2023,1,Цифровая повседневность
1978,2024,2,Автономные локальные центры
1979,2023,3,Крупные центры
1979,2024,3,Крупные центры
1980,2023,1,Цифровая повседневность
1980,2024,1,Цифровая повседневность
1981,2023,2,Автономные локальные центры
1981,2024,2,Автономные локальные центры
1982,2023,1,Цифровая повседневность
1982,2024,1,Цифровая повседневность
1983,2023,1,Цифровая повседневность
1983,2024,1,Цифровая повседневность
1984,2023,1,Цифровая повседневность
1984,2024,1,Цифровая повседневность
1985,2023,2,Автономные локальные центры
1985,2024,2,Автономные локальные центры
1986,2023,2,Автономные локальные центры
1986,2024,2,Автономные локальные центры
1987,2023,2,Автономные локальные центры
1987,2024,2,Автономные локальные центры
1988,2023,1,Цифровая повседневность
1988,2024,1,Цифровая повседневность
1989,2023,1,Цифровая повседневность
1989,2024,1,Цифровая повседневность
1990,2023,2,Автономные локальные центры
1990,2024,2,Автономные локальные центры
1991,2023,1,Цифровая повседневность
1991,2024,1,Цифровая повседневность
1992,2023,1,Цифровая повседневность
1992,2024,1,Цифровая повседневность
1993,2023,2,Автономные локальные центры
1993,2024,2,Автономные локальные центры
1994,2023,1,Цифровая повседневность
1994,2024,1,Цифровая повседневность
1995,2023,2,Автономные локальные центры
1995,2024,2,Автономные локальные центры
1996,2023,1,Цифровая повседневность
1996,2024,1,Цифровая повседневность
1997,2023,1,Цифровая повседневность
1997,2024,1,Цифровая повседневность
1999,2023,2,Автономные локальные центры
1999,2024,2,Автономные локальные центры
2000,2023,3,Крупные центры
2000,2024,3,Крупные центры
2001,2023,1,Цифровая повседневность
2001,2024,1,Цифровая повседневность
2002,2023,1,Цифровая повседневность
2002,2024,1,Цифровая повседневность
2004,2023,3,Крупные центры
2004,2024,3,Крупные центры
2005,2023,2,Автономные локальные центры
2005,2024,2,Автономные локальные центры
2006,2023,2,Автономные локальные центры
2006,2024,2,Автономные локальные центры
2007,2023,1,Цифровая повседневность
2007,2024,1,Цифровая повседневность
2008,2023,1,Цифровая повседневность
2008,2024,1,Цифровая повседневность
2009,2023,1,Цифровая повседневность
2009,2024,1,Цифровая повседневность
2010,2023,2,Автономные локальные центры
2010,2024,2,Автономные локальные центры
2011,2023,2,Автономные локальные центры
2011,2024,2,Автономные локальные центры
2012,2023,1,Цифровая повседневность
2012,2024,1,Цифровая повседневность
2015,2023,1,Цифровая повседневность
2015,2024,1,Цифровая повседневность
2017,2023,1,Цифровая повседневность
2017,2024,1,Цифровая повседневность
2018,2023,1,Цифровая повседневность
2018,2024,1,Цифровая повседневность
2019,2023,2,Автономные локальные центры
2019,2024,1,Цифровая повседневность
2021,2023,1,Цифровая повседневность
2021,2024,1,Цифровая повседневность
2022,2023,1,Цифровая повседневность
2022,2024,1,Цифровая повседневность
2023,2023,1,Цифровая повседневность
2023,2024,1,Цифровая повседневность
2024,2023,2,Автономные локальные центры
2024,2024,2,Автономные локальные центры
2025,2023,2,Автономные локальные центры
2025,2024,2,Автономные локальные центры
2027,2023,1,Цифровая повседневность
2027,2024,1,Цифровая повседневность
2028,2023,1,Цифровая повседневность
2028,2024,1,Цифровая повседневность
2030,2023,1,Цифровая повседневность
2030,2024,1,Цифровая повседневность
2031,2023,1,Цифровая повседневность
2031,2024,1,Цифровая повседневность
2032,2023,2,Автономные локальные центры
2032,2024,2,Автономные локальные центры
2033,2023,2,Автономные локальные центры
2033,2024,3,Крупные центры
2034,2023,1,Цифровая повседневность
2034,2024,1,Цифровая повседневность
2035,2023,1,Цифровая повседневность
2035,2024,1,Цифровая повседневность
2036,2023,1,Цифровая повседневность
2036,2024,1,Цифровая повседневность
2037,2023,1,Цифровая повседневность
2037,2024,1,Цифровая повседневность
2039,2023,1,Цифровая повседневность
2039,2024,1,Цифровая повседневность
2040,2023,2,Автономные локальные центры
2040,2024,2,Автономные локальные центры
2041,2023,1,Цифровая повседневность
2041,2024,1,Цифровая повседневность
2042,2023,1,Цифровая повседневность
2042,2024,1,Цифровая повседневность
2043,2023,1,Цифровая повседневность
2043,2024,1,Цифровая повседневность
2044,2023,3,Крупные центры
2044,2024,3,Крупные центры
2045,2023,1,Цифровая повседневность
2045,2024,1,Цифровая повседневность
2046,2023,1,Цифровая повседневность
2046,2024,1,Цифровая повседневность
2047,2023,1,Цифровая повседневность
2047,2024,1,Цифровая повседневность
2048,2023,1,Цифровая повседневность
2048,2024,1,Цифровая повседневность
2049,2023,1,Цифровая повседневность
2049,2024,1,Цифровая повседневность
2050,2023,1,Цифровая повседневность
2050,2024,1,Цифровая повседневность
2051,2023,1,Цифровая повседневность
2051,2024,1,Цифровая повседневность
2052,2023,1,Цифровая повседневность
2052,2024,1,Цифровая повседневность
2053,2023,1,Цифровая повседневность
2053,2024,1,Цифровая повседневность
2054,2023,1,Цифровая повседневность
2054,2024,1,Цифровая повседневность
2055,2023,1,Цифровая повседневность
2055,2024,1,Цифровая повседневность
2056,2023,1,Цифровая повседневность
2056,2024,1,Цифровая повседневность
2057,2023,1,Цифровая повседневность
2057,2024,1,Цифровая повседневность
2058,2023,1,Цифровая повседневность
2058,2024,1,Цифровая повседневность
2059,2023,1,Цифровая повседневность
2059,2024,1,Цифровая повседневность
2060,2023,1,Цифровая повседневность
2060,2024,1,Цифровая повседневность
2061,2023,1,Цифровая повседневность
2061,2024,1,Цифровая повседневность
2062,2023,1,Цифровая повседневность
2062,2024,1,Цифровая повседневность
2063,2023,3,Крупные центры
2063,2024,3,Крупные центры
2064,2023,1,Цифровая повседневность
2064,2024,1,Цифровая повседневность
2065,2023,1,Цифровая повседневность
2065,2024,1,Цифровая повседневность
2066,2023,1,Цифровая повседневность
2066,2024,1,Цифровая повседневность
2067,2023,1,Цифровая повседневность
2067,2024,1,Цифровая повседневность
2068,2023,1,Цифровая повседневность
2068,2024,1,Цифровая повседневность
2069,2023,1,Цифровая повседневность
2069,2024,1,Цифровая повседневность
2070,2023,1,Цифровая повседневность
2070,2024,1,Цифровая повседневность
2072,2023,1,Цифровая повседневность
2072,2024,1,Цифровая повседневность
2073,2023,1,Цифровая повседневность
2073,2024,1,Цифровая повседневность
2074,2023,1,Цифровая повседневность
2074,2024,1,Цифровая повседневность
2075,2023,1,Цифровая повседневность
2075,2024,1,Цифровая повседневность
2076,2023,1,Цифровая повседневность
2076,2024,1,Цифровая повседневность
2077,2023,1,Цифровая повседневность
2077,2024,1,Цифровая повседневность
2078,2023,1,Цифровая повседневность
2078,2024,1,Цифровая повседневность
2079,2023,1,Цифровая повседневность
2079,2024,1,Цифровая повседневность
2080,2023,1,Цифровая повседневность
2080,2024,1,Цифровая повседневность
2081,2023,1,Цифровая повседневность
2081,2024,1,Цифровая повседневность
2082,2023,1,Цифровая повседневность
2082,2024,1,Цифровая повседневность
2085,2023,1,Цифровая повседневность
2085,2024,1,Цифровая повседневность
2087,2023,1,Цифровая повседневность
2087,2024,1,Цифровая повседневность
2088,2023,1,Цифровая повседневность
2088,2024,1,Цифровая повседневность
2089,2023,1,Цифровая повседневность
2089,2024,1,Цифровая повседневность
2090,2023,1,Цифровая повседневность
2090,2024,1,Цифровая повседневность
2091,2023,1,Цифровая повседневность
2091,2024,1,Цифровая повседневность
2093,2023,1,Цифровая повседневность
2093,2024,1,Цифровая повседневность
2094,2023,1,Цифровая повседневность
2094,2024,1,Цифровая повседневность
2095,2023,1,Цифровая повседневность
2095,2024,1,Цифровая повседневность
2096,2023,1,Цифровая повседневность
2096,2024,1,Цифровая повседневность
2098,2023,1,Цифровая повседневность
2098,2024,1,Цифровая повседневность
2100,2023,1,Цифровая повседневность
2100,2024,1,Цифровая повседневность
2101,2023,3,Крупные центры
2101,2024,3,Крупные центры
2105,2023,1,Цифровая повседневность
2105,2024,1,Цифровая повседневность
2108,2023,1,Цифровая повседневность
2108,2024,1,Цифровая повседневность
2109,2023,1,Цифровая повседневность
2109,2024,1,Цифровая повседневность
2110,2023,1,Цифровая повседневность
2110,2024,1,Цифровая повседневность
2111,2023,1,Цифровая повседневность
2111,2024,1,Цифровая повседневность
2112,2023,1,Цифровая повседневность
2112,2024,1,Цифровая повседневность
2113,2023,1,Цифровая повседневность
2113,2024,1,Цифровая повседневность
2114,2023,1,Цифровая повседневность
2114,2024,1,Цифровая повседневность
2116,2023,1,Цифровая повседневность
2116,2024,1,Цифровая повседневность
2117,2023,1,Цифровая повседневность
2117,2024,1,Цифровая повседневность
2118,2023,1,Цифровая повседневность
2118,2024,1,Цифровая повседневность
2119,2023,3,Крупные центры
2119,2024,3,Крупные центры
2120,2023,1,Цифровая повседневность
2120,2024,1,Цифровая повседневность
2121,2023,1,Цифровая повседневность
2121,2024,1,Цифровая повседневность
2122,2023,1,Цифровая повседневность
2122,2024,1,Цифровая повседневность
2124,2023,1,Цифровая повседневность
2124,2024,1,Цифровая повседневность
2125,2023,1,Цифровая повседневность
2125,2024,1,Цифровая повседневность
2126,2023,1,Цифровая повседневность
2126,2024,1,Цифровая повседневность
2127,2023,1,Цифровая повседневность
2127,2024,1,Цифровая повседневность
2128,2023,1,Цифровая повседневность
2128,2024,1,Цифровая повседневность
2129,2023,1,Цифровая повседневность
2129,2024,1,Цифровая повседневность
2130,2023,1,Цифровая повседневность
2130,2024,1,Цифровая повседневность
2131,2023,1,Цифровая повседневность
2131,2024,1,Цифровая повседневность
2132,2023,1,Цифровая повседневность
2132,2024,1,Цифровая повседневность
2133,2023,1,Цифровая повседневность
2133,2024,1,Цифровая повседневность
2134,2023,1,Цифровая повседневность
2134,2024,1,Цифровая повседневность
2136,2023,1,Цифровая повседневность
2136,2024,1,Цифровая повседневность
2137,2023,1,Цифровая повседневность
2137,2024,1,Цифровая повседневность
2138,2023,1,Цифровая повседневность
2138,2024,1,Цифровая повседневность
2139,2023,1,Цифровая повседневность
2139,2024,1,Цифровая повседневность
2140,2023,1,Цифровая повседневность
2140,2024,1,Цифровая повседневность
2142,2023,1,Цифровая повседневность
2142,2024,1,Цифровая повседневность
2143,2023,1,Цифровая повседневность
2143,2024,1,Цифровая повседневность
2144,2023,3,Крупные центры
2144,2024,3,Крупные центры
2145,2023,1,Цифровая повседневность
2145,2024,1,Цифровая повседневность
2146,2023,2,Автономные локальные центры
2146,2024,2,Автономные локальные центры
2148,2023,2,Автономные локальные центры
2148,2024,2,Автономные локальные центры
2149,2023,2,Автономные локальные центры
2149,2024,1,Цифровая повседневность
2150,2023,1,Цифровая повседневность
2150,2024,1,Цифровая повседневность
2151,2023,2,Автономные локальные центры
2151,2024,2,Автономные локальные центры
2152,2023,1,Цифровая повседневность
2152,2024,1,Цифровая повседневность
2153,2023,1,Цифровая повседневность
2153,2024,1,Цифровая повседневность
2154,2023,1,Цифровая повседневность
2154,2024,1,Цифровая повседневность
2155,2023,2,Автономные локальные центры
2155,2024,2,Автономные локальные центры
2156,2023,1,Цифровая повседневность
2156,2024,1,Цифровая повседневность
2157,2023,1,Цифровая повседневность
2157,2024,1,Цифровая повседневность
2158,2023,1,Цифровая повседневность
2158,2024,1,Цифровая повседневность
2159,2023,1,Цифровая повседневность
2159,2024,1,Цифровая повседневность
2160,2023,1,Цифровая повседневность
2160,2024,1,Цифровая повседневность
2161,2023,3,Крупные центры
2161,2024,3,Крупные центры
2162,2023,1,Цифровая повседневность
2162,2024,1,Цифровая повседневность
2163,2023,1,Цифровая повседневность
2163,2024,1,Цифровая повседневность
2164,2023,3,Крупные центры
2164,2024,3,Крупные центры
2165,2023,1,Цифровая повседневность
2165,2024,1,Цифровая повседневность
2167,2023,1,Цифровая повседневность
2167,2024,1,Цифровая повседневность
2168,2023,1,Цифровая повседневность
2168,2024,1,Цифровая повседневность
2169,2023,3,Крупные центры
2169,2024,3,Крупные центры
2171,2023,1,Цифровая повседневность
2171,2024,1,Цифровая повседневность
2172,2023,1,Цифровая повседневность
2172,2024,1,Цифровая повседневность
2173,2023,1,Цифровая повседневность
2173,2024,1,Цифровая повседневность
2174,2023,1,Цифровая повседневность
2174,2024,1,Цифровая повседневность
2175,2023,1,Цифровая повседневность
2175,2024,1,Цифровая повседневность
2176,2023,1,Цифровая повседневность
2176,2024,1,Цифровая повседневность
2177,2023,1,Цифровая повседневность
2177,2024,1,Цифровая повседневность
2178,2023,1,Цифровая повседневность
2178,2024,1,Цифровая повседневность
2179,2023,1,Цифровая повседневность
2179,2024,1,Цифровая повседневность
2180,2023,1,Цифровая повседневность
2180,2024,1,Цифровая повседневность
2181,2023,1,Цифровая повседневность
2181,2024,1,Цифровая повседневность
2182,2023,1,Цифровая повседневность
2182,2024,1,Цифровая повседневность
2183,2023,1,Цифровая повседневность
2183,2024,1,Цифровая повседневность
2184,2023,1,Цифровая повседневность
2184,2024,1,Цифровая повседневность
2185,2023,1,Цифровая повседневность
2185,2024,1,Цифровая повседневность
2186,2023,1,Цифровая повседневность
2186,2024,1,Цифровая повседневность
2187,2023,1,Цифровая повседневность
2187,2024,1,Цифровая повседневность
2188,2023,1,Цифровая повседневность
2188,2024,1,Цифровая повседневность
2189,2023,1,Цифровая повседневность
2189,2024,1,Цифровая повседневность
2190,2023,3,Крупные центры
2190,2024,3,Крупные центры
2191,2023,2,Автономные локальные центры
2191,2024,2,Автономные локальные центры
2192,2023,2,Автономные локальные центры
2192,2024,2,Автономные локальные центры
2193,2023,2,Автономные локальные центры
2193,2024,2,Автономные локальные центры
2194,2023,2,Автономные локальные центры
2194,2024,2,Автономные локальные центры
2195,2023,1,Цифровая повседневность
2195,2024,1,Цифровая повседневность
2196,2023,1,Цифровая повседневность
2196,2024,1,Цифровая повседневность
2197,2023,1,Цифровая повседневность
2197,2024,1,Цифровая повседневность
2198,2023,1,Цифровая повседневность
2198,2024,1,Цифровая повседневность
2199,2023,2,Автономные локальные центры
2199,2024,2,Автономные локальные центры
2200,2023,1,Цифровая повседневность
2200,2024,1,Цифровая повседневность
2201,2023,1,Цифровая повседневность
2201,2024,1,Цифровая повседневность
2202,2023,2,Автономные локальные центры
2202,2024,1,Цифровая повседневность
2203,2023,2,Автономные локальные центры
2203,2024,2,Автономные локальные центры
2204,2023,1,Цифровая повседневность
2204,2024,1,Цифровая повседневность
2205,2023,1,Цифровая повседневность
2205,2024,1,Цифровая повседневность
2206,2023,1,Цифровая повседневность
2206,2024,1,Цифровая повседневность
2207,2023,1,Цифровая повседневность
2207,2024,1,Цифровая повседневность
2208,2023,2,Автономные локальные центры
2208,2024,2,Автономные локальные центры
2210,2023,3,Крупные центры
2210,2024,3,Крупные центры
2211,2023,1,Цифровая повседневность
2211,2024,1,Цифровая повседневность
2212,2023,1,Цифровая повседневность
2212,2024,1,Цифровая повседневность
2213,2023,1,Цифровая повседневность
2213,2024,1,Цифровая повседневность
2215,2023,2,Автономные локальные центры
2215,2024,2,Автономные локальные центры
2216,2023,3,Крупные центры
2216,2024,3,Крупные центры
2217,2023,2,Автономные локальные центры
2217,2024,2,Автономные локальные центры
2218,2023,2,Автономные локальные центры
2218,2024,2,Автономные локальные центры
2219,2023,2,Автономные локальные центры
2219,2024,2,Автономные локальные центры
2220,2023,2,Автономные локальные центры
2220,2024,2,Автономные локальные центры
2221,2023,2,Автономные локальные центры
2221,2024,2,Автономные локальные центры
2222,2023,2,Автономные локальные центры
2222,2024,2,Автономные локальные центры
2223,2023,2,Автономные локальные центры
2223,2024,2,Автономные локальные центры
2224,2023,2,Автономные локальные центры
2224,2024,2,Автономные локальные центры
2225,2023,2,Автономные локальные центры
2225,2024,2,Автономные локальные центры
2226,2023,3,Крупные центры
2226,2024,3,Крупные центры
2227,2023,2,Автономные локальные центры
2227,2024,2,Автономные локальные центры
2228,2023,2,Автономные локальные центры
2228,2024,2,Автономные локальные центры
2229,2023,2,Автономные локальные центры
2229,2024,2,Автономные локальные центры
2230,2023,2,Автономные локальные центры
2230,2024,2,Автономные локальные центры
2231,2023,2,Автономные локальные центры
2231,2024,2,Автономные локальные центры
2232,2023,2,Автономные локальные центры
2232,2024,2,Автономные локальные центры
2233,2023,2,Автономные локальные центры
2233,2024,2,Автономные локальные центры
2234,2023,2,Автономные локальные центры
2234,2024,2,Автономные локальные центры
2235,2023,2,Автономные локальные центры
2235,2024,2,Автономные локальные центры
2236,2023,2,Автономные локальные центры
2236,2024,2,Автономные локальные центры
2237,2023,2,Автономные локальные центры
2237,2024,2,Автономные локальные центры
2238,2023,2,Автономные локальные центры
2238,2024,2,Автономные локальные центры
2241,2023,2,Автономные локальные центры
2241,2024,2,Автономные локальные центры
2242,2023,2,Автономные локальные центры
2242,2024,2,Автономные локальные центры
2243,2023,2,Автономные локальные центры
2243,2024,2,Автономные локальные центры
2244,2023,2,Автономные локальные центры
2244,2024,2,Автономные локальные центры
2245,2023,2,Автономные локальные центры
2245,2024,2,Автономные локальные центры
2248,2023,2,Автономные локальные центры
2248,2024,2,Автономные локальные центры
2249,2023,2,Автономные локальные центры
2249,2024,2,Автономные локальные центры
2250,2023,2,Автономные локальные центры
2250,2024,2,Автономные локальные центры
2251,2023,3,Крупные центры
2251,2024,3,Крупные центры
2252,2023,1,Цифровая повседневность
2252,2024,1,Цифровая повседневность
2253,2023,1,Цифровая повседневность
2253,2024,1,Цифровая повседневность
2254,2023,1,Цифровая повседневность
2254,2024,1,Цифровая повседневность
2255,2023,1,Цифровая повседневность
2255,2024,1,Цифровая повседневность
2256,2023,1,Цифровая повседневность
2256,2024,1,Цифровая повседневность
2257,2023,1,Цифровая повседневность
2257,2024,1,Цифровая повседневность
2258,2023,1,Цифровая повседневность
2258,2024,1,Цифровая повседневность
2259,2023,1,Цифровая повседневность
2259,2024,1,Цифровая повседневность
2260,2023,1,Цифровая повседневность
2260,2024,1,Цифровая повседневность
2262,2023,1,Цифровая повседневность
2262,2024,1,Цифровая повседневность
2264,2023,1,Цифровая повседневность
2264,2024,1,Цифровая повседневность
2265,2023,1,Цифровая повседневность
2265,2024,1,Цифровая повседневность
2266,2023,1,Цифровая повседневность
2266,2024,1,Цифровая повседневность
2267,2023,1,Цифровая повседневность
2267,2024,1,Цифровая повседневность
2268,2023,1,Цифровая повседневность
2268,2024,1,Цифровая повседневность
2269,2023,1,Цифровая повседневность
2269,2024,1,Цифровая повседневность
2270,2023,1,Цифровая повседневность
2270,2024,1,Цифровая повседневность
2271,2023,1,Цифровая повседневность
2271,2024,1,Цифровая повседневность
2272,2023,1,Цифровая повседневность
2272,2024,1,Цифровая повседневность
2274,2023,1,Цифровая повседневность
2274,2024,1,Цифровая повседневность
2275,2023,3,Крупные центры
2275,2024,3,Крупные центры
2276,2023,1,Цифровая повседневность
2276,2024,1,Цифровая повседневность
2278,2023,1,Цифровая повседневность
2278,2024,1,Цифровая повседневность
2279,2023,2,Автономные локальные центры
2279,2024,2,Автономные локальные центры
2280,2023,1,Цифровая повседневность
2280,2024,1,Цифровая повседневность
2281,2023,3,Крупные центры
2281,2024,3,Крупные центры
2282,2023,3,Крупные центры
2282,2024,3,Крупные центры
2286,2023,1,Цифровая повседневность
2286,2024,1,Цифровая повседневность
2287,2023,1,Цифровая повседневность
2287,2024,1,Цифровая повседневность
2288,2023,1,Цифровая повседневность
2288,2024,2,Автономные локальные центры
2289,2023,1,Цифровая повседневность
2289,2024,1,Цифровая повседневность
2292,2023,1,Цифровая повседневность
2292,2024,1,Цифровая повседневность
2293,2023,1,Цифровая повседневность
2293,2024,1,Цифровая повседневность
2294,2023,1,Цифровая повседневность
2294,2024,1,Цифровая повседневность
2295,2023,1,Цифровая повседневность
2295,2024,1,Цифровая повседневность
2296,2023,1,Цифровая повседневность
2296,2024,1,Цифровая повседневность
2297,2023,1,Цифровая повседневность
2297,2024,1,Цифровая повседневность
2298,2023,1,Цифровая повседневность
2298,2024,1,Цифровая повседневность
2299,2023,1,Цифровая повседневность
2299,2024,1,Цифровая повседневность
2300,2023,1,Цифровая повседневность
2300,2024,1,Цифровая повседневность
2301,2023,1,Цифровая повседневность
2301,2024,1,Цифровая повседневность
2302,2023,1,Цифровая повседневность
2302,2024,1,Цифровая повседневность
2303,2023,1,Цифровая повседневность
2303,2024,1,Цифровая повседневность
2304,2023,1,Цифровая повседневность
2304,2024,1,Цифровая повседневность
2305,2023,1,Цифровая повседневность
2305,2024,1,Цифровая повседневность
2307,2023,1,Цифровая повседневность
2307,2024,1,Цифровая повседневность
2308,2023,1,Цифровая повседневность
2308,2024,1,Цифровая повседневность
2309,2023,1,Цифровая повседневность
2309,2024,1,Цифровая повседневность
2310,2023,1,Цифровая повседневность
2310,2024,1,Цифровая повседневность
2311,2023,1,Цифровая повседневность
2311,2024,1,Цифровая повседневность
2312,2023,3,Крупные центры
2312,2024,3,Крупные центры
2314,2023,1,Цифровая повседневность
2314,2024,1,Цифровая повседневность
2315,2023,1,Цифровая повседневность
2315,2024,1,Цифровая повседневность
2316,2023,1,Цифровая повседневность
2316,2024,1,Цифровая повседневность
2317,2023,1,Цифровая повседневность
2317,2024,1,Цифровая повседневность
2318,2023,3,Крупные центры
2318,2024,3,Крупные центры
2320,2023,1,Цифровая повседневность
2320,2024,3,Крупные центры
2321,2023,1,Цифровая повседневность
2321,2024,1,Цифровая повседневность
2322,2023,1,Цифровая повседневность
2322,2024,1,Цифровая повседневность
2323,2023,1,Цифровая повседневность
2323,2024,1,Цифровая повседневность
2324,2023,1,Цифровая повседневность
2324,2024,1,Цифровая повседневность
2325,2023,1,Цифровая повседневность
2325,2024,1,Цифровая повседневность
2326,2023,1,Цифровая повседневность
2326,2024,1,Цифровая повседневность
2327,2023,1,Цифровая повседневность
2327,2024,1,Цифровая повседневность
2328,2023,1,Цифровая повседневность
2328,2024,1,Цифровая повседневность
2329,2023,1,Цифровая повседневность
2329,2024,1,Цифровая повседневность
2330,2023,1,Цифровая повседневность
2330,2024,1,Цифровая повседневность
2332,2023,1,Цифровая повседневность
2332,2024,1,Цифровая повседневность
2333,2023,1,Цифровая повседневность
2333,2024,1,Цифровая повседневность
2334,2023,1,Цифровая повседневность
2334,2024,1,Цифровая повседневность
2335,2023,1,Цифровая повседневность
2335,2024,1,Цифровая повседневность
2336,2023,1,Цифровая повседневность
2336,2024,1,Цифровая повседневность
2337,2023,3,Крупные центры
2337,2024,3,Крупные центры
2338,2023,2,Автономные локальные центры
2338,2024,2,Автономные локальные центры
2339,2023,2,Автономные локальные центры
2339,2024,2,Автономные локальные центры
2340,2023,2,Автономные локальные центры
2340,2024,2,Автономные локальные центры
2341,2023,2,Автономные локальные центры
2341,2024,2,Автономные локальные центры
2342,2023,2,Автономные локальные центры
2342,2024,2,Автономные локальные центры
2343,2023,2,Автономные локальные центры
2343,2024,2,Автономные локальные центры
2344,2023,3,Крупные центры
2344,2024,3,Крупные центры
2345,2023,2,Автономные локальные центры
2345,2024,2,Автономные локальные центры
2348,2023,2,Автономные локальные центры
2348,2024,2,Автономные локальные центры
2349,2023,2,Автономные локальные центры
2349,2024,2,Автономные локальные центры
2351,2023,3,Крупные центры
2351,2024,3,Крупные центры
2352,2023,3,Крупные центры
2352,2024,3,Крупные центры
2353,2023,3,Крупные центры
2353,2024,3,Крупные центры
2354,2023,3,Крупные центры
2354,2024,3,Крупные центры
2355,2023,3,Крупные центры
2355,2024,3,Крупные центры
2356,2023,3,Крупные центры
2356,2024,3,Крупные центры
2357,2023,3,Крупные центры
2357,2024,3,Крупные центры
2358,2023,3,Крупные центры
2358,2024,3,Крупные центры
2359,2023,3,Крупные центры
2359,2024,3,Крупные центры
2360,2023,3,Крупные центры
2360,2024,3,Крупные центры
2361,2023,3,Крупные центры
2361,2024,3,Крупные центры
2362,2023,3,Крупные центры
2362,2024,3,Крупные центры
2363,2023,3,Крупные центры
2363,2024,3,Крупные центры
2364,2023,3,Крупные центры
2364,2024,3,Крупные центры
2365,2023,3,Крупные центры
2365,2024,3,Крупные центры
2366,2023,3,Крупные центры
2366,2024,3,Крупные центры
2367,2023,3,Крупные центры
2367,2024,3,Крупные центры
2368,2023,3,Крупные центры
2368,2024,3,Крупные центры
2369,2023,3,Крупные центры
2369,2024,3,Крупные центры
2370,2023,3,Крупные центры
2370,2024,3,Крупные центры
2371,2023,3,Крупные центры
2371,2024,3,Крупные центры
2372,2023,3,Крупные центры
2372,2024,3,Крупные центры
2373,2023,3,Крупные центры
2373,2024,3,Крупные центры
2374,2023,3,Крупные центры
2374,2024,3,Крупные центры
2375,2023,3,Крупные центры
2375,2024,3,Крупные центры
2376,2023,3,Крупные центры
2376,2024,3,Крупные центры
2377,2023,3,Крупные центры
2377,2024,3,Крупные центры
2378,2023,3,Крупные центры
2378,2024,3,Крупные центры
2379,2023,3,Крупные центры
2379,2024,3,Крупные центры
2380,2023,3,Крупные центры
2380,2024,3,Крупные центры
2381,2023,3,Крупные центры
2381,2024,3,Крупные центры
2382,2023,3,Крупные центры
2382,2024,3,Крупные центры
2383,2023,3,Крупные центры
2383,2024,3,Крупные центры
2384,2023,3,Крупные центры
2384,2024,3,Крупные центры
2385,2023,3,Крупные центры
2385,2024,3,Крупные центры
2386,2023,3,Крупные центры
2386,2024,3,Крупные центры
2387,2023,3,Крупные центры
2387,2024,3,Крупные центры
2388,2023,3,Крупные центры
2388,2024,3,Крупные центры
2389,2023,3,Крупные центры
2389,2024,3,Крупные центры
2390,2023,3,Крупные центры
2390,2024,3,Крупные центры
2391,2023,3,Крупные центры
2391,2024,3,Крупные центры
2392,2023,3,Крупные центры
2392,2024,3,Крупные центры
2393,2023,3,Крупные центры
2393,2024,3,Крупные центры
2395,2023,3,Крупные центры
2395,2024,3,Крупные центры
2398,2023,3,Крупные центры
2398,2024,3,Крупные центры
2399,2023,3,Крупные центры
2399,2024,3,Крупные центры
2400,2023,3,Крупные центры
2400,2024,3,Крупные центры
2401,2023,3,Крупные центры
2401,2024,3,Крупные центры
2402,2023,3,Крупные центры
2402,2024,3,Крупные центры
2403,2023,3,Крупные центры
2403,2024,3,Крупные центры
2404,2023,3,Крупные центры
2404,2024,3,Крупные центры
2405,2023,3,Крупные центры
2405,2024,3,Крупные центры
2406,2023,3,Крупные центры
2406,2024,3,Крупные центры
2407,2023,3,Крупные центры
2407,2024,3,Крупные центры
2408,2023,3,Крупные центры
2408,2024,3,Крупные центры
2409,2023,3,Крупные центры
2409,2024,3,Крупные центры
2410,2023,3,Крупные центры
2410,2024,3,Крупные центры
2411,2023,3,Крупные центры
2411,2024,3,Крупные центры
2412,2023,3,Крупные центры
2412,2024,3,Крупные центры
2416,2023,3,Крупные центры
2416,2024,3,Крупные центры
2422,2023,3,Крупные центры
2422,2024,3,Крупные центры
2423,2023,3,Крупные центры
2423,2024,3,Крупные центры
2424,2023,3,Крупные центры
2424,2024,3,Крупные центры
2425,2023,3,Крупные центры
2425,2024,3,Крупные центры
2426,2023,3,Крупные центры
2426,2024,3,Крупные центры
2427,2023,3,Крупные центры
2427,2024,3,Крупные центры
2428,2023,3,Крупные центры
2428,2024,3,Крупные центры
2429,2023,3,Крупные центры
2429,2024,3,Крупные центры
2430,2023,3,Крупные центры
2430,2024,3,Крупные центры
2431,2023,3,Крупные центры
2431,2024,3,Крупные центры
2432,2023,3,Крупные центры
2432,2024,3,Крупные центры
2433,2023,3,Крупные центры
2433,2024,3,Крупные центры
2434,2023,3,Крупные центры
2434,2024,3,Крупные центры
2435,2023,3,Крупные центры
2435,2024,3,Крупные центры
2436,2023,3,Крупные центры
2436,2024,3,Крупные центры
2437,2023,3,Крупные центры
2437,2024,3,Крупные центры
2439,2023,3,Крупные центры
2439,2024,3,Крупные центры
2440,2023,3,Крупные центры
2440,2024,3,Крупные центры
2441,2023,3,Крупные центры
2441,2024,3,Крупные центры
2442,2023,3,Крупные центры
2442,2024,3,Крупные центры
2443,2023,3,Крупные центры
2443,2024,3,Крупные центры
2444,2023,3,Крупные центры
2444,2024,3,Крупные центры
2445,2023,3,Крупные центры
2445,2024,3,Крупные центры
2446,2023,3,Крупные центры
2446,2024,3,Крупные центры
2447,2023,3,Крупные центры
2447,2024,3,Крупные центры
2449,2023,3,Крупные центры
2449,2024,3,Крупные центры
2450,2023,3,Крупные центры
2450,2024,3,Крупные центры
2451,2023,3,Крупные центры
2451,2024,3,Крупные центры
2452,2023,3,Крупные центры
2452,2024,3,Крупные центры
2453,2023,3,Крупные центры
2453,2024,3,Крупные центры
2454,2023,3,Крупные центры
2454,2024,3,Крупные центры
2455,2023,3,Крупные центры
2455,2024,3,Крупные центры
2456,2023,3,Крупные центры
2456,2024,3,Крупные центры
2457,2023,3,Крупные центры
2457,2024,3,Крупные центры
2458,2023,3,Крупные центры
2458,2024,3,Крупные центры
2459,2023,3,Крупные центры
2459,2024,3,Крупные центры
2460,2023,3,Крупные центры
2460,2024,3,Крупные центры
2461,2023,3,Крупные центры
2461,2024,3,Крупные центры
2462,2023,3,Крупные центры
2462,2024,3,Крупные центры
2463,2023,3,Крупные центры
2463,2024,3,Крупные центры
2464,2023,3,Крупные центры
2464,2024,3,Крупные центры
2465,2023,3,Крупные центры
2465,2024,3,Крупные центры
2466,2023,3,Крупные центры
2466,2024,3,Крупные центры
2467,2023,3,Крупные центры
2467,2024,3,Крупные центры
2468,2023,3,Крупные центры
2468,2024,3,Крупные центры
2469,2023,3,Крупные центры
2469,2024,3,Крупные центры
2470,2023,3,Крупные центры
2470,2024,3,Крупные центры
2471,2023,3,Крупные центры
2471,2024,3,Крупные центры
2472,2023,3,Крупные центры
2472,2024,3,Крупные центры
2473,2023,3,Крупные центры
2473,2024,3,Крупные центры
2474,2023,3,Крупные центры
2474,2024,3,Крупные центры
2475,2023,3,Крупные центры
2475,2024,3,Крупные центры
2476,2023,3,Крупные центры
2476,2024,3,Крупные центры
2477,2023,3,Крупные центры
2477,2024,3,Крупные центры
2478,2023,3,Крупные центры
2478,2024,3,Крупные центры
2479,2023,3,Крупные центры
2479,2024,3,Крупные центры
2480,2023,3,Крупные центры
2480,2024,3,Крупные центры
2481,2023,3,Крупные центры
2481,2024,3,Крупные центры
2482,2023,3,Крупные центры
2482,2024,3,Крупные центры
2483,2023,3,Крупные центры
2483,2024,3,Крупные центры
2484,2023,3,Крупные центры
2484,2024,3,Крупные центры
2485,2023,3,Крупные центры
2485,2024,3,Крупные центры
2486,2023,3,Крупные центры
2486,2024,3,Крупные центры
2487,2023,3,Крупные центры
2487,2024,3,Крупные центры
2488,2023,3,Крупные центры
2488,2024,3,Крупные центры
2489,2023,3,Крупные центры
2489,2024,3,Крупные центры
2490,2023,3,Крупные центры
2490,2024,3,Крупные центры
2491,2023,3,Крупные центры
2491,2024,3,Крупные центры
2492,2023,3,Крупные центры
2492,2024,3,Крупные центры
2493,2023,3,Крупные центры
2493,2024,3,Крупные центры
2494,2023,3,Крупные центры
2494,2024,3,Крупные центры
2495,2023,3,Крупные центры
2495,2024,3,Крупные центры
2496,2023,3,Крупные центры
2496,2024,3,Крупные центры
2497,2023,3,Крупные центры
2497,2024,3,Крупные центры
2498,2023,3,Крупные центры
2498,2024,3,Крупные центры
2499,2023,3,Крупные центры
2499,2024,3,Крупные центры
2500,2023,3,Крупные центры
2500,2024,3,Крупные центры
2501,2023,3,Крупные центры
2501,2024,3,Крупные центры
2502,2023,3,Крупные центры
2502,2024,3,Крупные центры
2503,2023,3,Крупные центры
2503,2024,3,Крупные центры
2504,2023,3,Крупные центры
2504,2024,3,Крупные центры
2505,2023,3,Крупные центры
2505,2024,3,Крупные центры
2506,2023,3,Крупные центры
2506,2024,3,Крупные центры
2507,2023,3,Крупные центры
2507,2024,3,Крупные центры
2508,2023,3,Крупные центры
2508,2024,3,Крупные центры
2509,2023,3,Крупные центры
2509,2024,3,Крупные центры
2510,2023,3,Крупные центры
2510,2024,3,Крупные центры
2511,2023,3,Крупные центры
2511,2024,3,Крупные центры
2512,2023,3,Крупные центры
2512,2024,3,Крупные центры
2513,2023,3,Крупные центры
2513,2024,3,Крупные центры
2514,2023,3,Крупные центры
2514,2024,3,Крупные центры
2515,2023,3,Крупные центры
2515,2024,3,Крупные центры
2516,2023,3,Крупные центры
2516,2024,3,Крупные центры
2517,2023,3,Крупные центры
2517,2024,3,Крупные центры
2518,2023,3,Крупные центры
2518,2024,3,Крупные центры
2519,2023,3,Крупные центры
2519,2024,3,Крупные центры
2520,2023,3,Крупные центры
2520,2024,3,Крупные центры
2521,2023,3,Крупные центры
2521,2024,3,Крупные центры
2522,2023,3,Крупные центры
2522,2024,3,Крупные центры
2523,2023,3,Крупные центры
2523,2024,3,Крупные центры
2524,2023,3,Крупные центры
2524,2024,3,Крупные центры
2525,2023,3,Крупные центры
2525,2024,3,Крупные центры
2526,2023,3,Крупные центры
2526,2024,3,Крупные центры
2527,2023,3,Крупные центры
2527,2024,3,Крупные центры
2528,2023,3,Крупные центры
2528,2024,3,Крупные центры
2529,2023,3,Крупные центры
2529,2024,3,Крупные центры
2530,2023,3,Крупные центры
2530,2024,3,Крупные центры
2531,2023,3,Крупные центры
2531,2024,3,Крупные центры
2532,2023,3,Крупные центры
2532,2024,3,Крупные центры
2533,2023,3,Крупные центры
2533,2024,3,Крупные центры
2534,2023,3,Крупные центры
2534,2024,3,Крупные центры
2535,2023,3,Крупные центры
2535,2024,3,Крупные центры
2536,2023,3,Крупные центры
2536,2024,3,Крупные центры
2537,2023,3,Крупные центры
2537,2024,3,Крупные центры
2538,2023,3,Крупные центры
2538,2024,3,Крупные центры
2539,2023,3,Крупные центры
2539,2024,3,Крупные центры
2540,2023,3,Крупные центры
2540,2024,3,Крупные центры
2541,2023,3,Крупные центры
2541,2024,3,Крупные центры
2542,2023,3,Крупные центры
2542,2024,3,Крупные центры
2543,2023,3,Крупные центры
2543,2024,3,Крупные центры
2544,2023,3,Крупные центры
2544,2024,3,Крупные центры
2545,2023,3,Крупные центры
2545,2024,3,Крупные центры
2546,2023,3,Крупные центры
2546,2024,3,Крупные центры
2547,2023,3,Крупные центры
2547,2024,3,Крупные центры
2548,2023,3,Крупные центры
2548,2024,3,Крупные центры
2549,2023,3,Крупные центры
2549,2024,3,Крупные центры
2550,2023,3,Крупные центры
2550,2024,3,Крупные центры
2551,2023,3,Крупные центры
2551,2024,3,Крупные центры
2552,2023,3,Крупные центры
2552,2024,3,Крупные центры
2553,2023,3,Крупные центры
2553,2024,3,Крупные центры
2554,2023,3,Крупные центры
2554,2024,3,Крупные центры
2555,2023,3,Крупные центры
2555,2024,3,Крупные центры
2556,2023,3,Крупные центры
2556,2024,3,Крупные центры
2557,2023,3,Крупные центры
2557,2024,3,Крупные центры
2558,2023,3,Крупные центры
2558,2024,3,Крупные центры
2559,2023,3,Крупные центры
2559,2024,3,Крупные центры
2560,2023,3,Крупные центры
2560,2024,3,Крупные центры
2561,2023,3,Крупные центры
2561,2024,3,Крупные центры
2562,2023,3,Крупные центры
2562,2024,3,Крупные центры
2563,2023,3,Крупные центры
2563,2024,3,Крупные центры
2564,2023,3,Крупные центры
2564,2024,3,Крупные центры
2565,2023,3,Крупные центры
2565,2024,3,Крупные центры
2566,2023,3,Крупные центры
2566,2024,3,Крупные центры
2567,2023,3,Крупные центры
2567,2024,3,Крупные центры
2568,2023,3,Крупные центры
2568,2024,3,Крупные центры
2569,2023,3,Крупные центры
2569,2024,3,Крупные центры
2570,2023,3,Крупные центры
2570,2024,3,Крупные центры
2571,2023,3,Крупные центры
2571,2024,3,Крупные центры
2572,2023,3,Крупные центры
2572,2024,3,Крупные центры
2573,2023,3,Крупные центры
2573,2024,3,Крупные центры
2574,2023,3,Крупные центры
2574,2024,3,Крупные центры
2575,2023,3,Крупные центры
2575,2024,3,Крупные центры
2576,2023,3,Крупные центры
2576,2024,3,Крупные центры
2577,2023,3,Крупные центры
2577,2024,3,Крупные центры
2578,2023,3,Крупные центры
2578,2024,3,Крупные центры
2579,2023,3,Крупные центры
2579,2024,3,Крупные центры
2580,2023,3,Крупные центры
2580,2024,3,Крупные центры
2581,2023,3,Крупные центры
2581,2024,3,Крупные центры
2582,2023,3,Крупные центры
2582,2024,3,Крупные центры
2583,2023,3,Крупные центры
2583,2024,3,Крупные центры
2584,2023,3,Крупные центры
2584,2024,3,Крупные центры
2585,2023,3,Крупные центры
2585,2024,3,Крупные центры
2586,2023,3,Крупные центры
2586,2024,3,Крупные центры
2587,2023,3,Крупные центры
2587,2024,3,Крупные центры
2588,2023,3,Крупные центры
2588,2024,3,Крупные центры
2589,2023,3,Крупные центры
2589,2024,3,Крупные центры
2590,2023,3,Крупные центры
2590,2024,3,Крупные центры
2591,2023,3,Крупные центры
2591,2024,3,Крупные центры
2592,2023,3,Крупные центры
2592,2024,3,Крупные центры
2593,2023,1,Цифровая повседневность
2593,2024,1,Цифровая повседневность
2595,2023,1,Цифровая повседневность
2595,2024,3,Крупные центры
2596,2023,3,Крупные центры
2596,2024,3,Крупные центры
2597,2023,3,Крупные центры
2597,2024,3,Крупные центры
2598,2023,1,Цифровая повседневность
2598,2024,1,Цифровая повседневность
2599,2023,3,Крупные центры
2599,2024,3,Крупные центры
2600,2023,3,Крупные центры
2600,2024,3,Крупные центры
2601,2023,3,Крупные центры
2601,2024,3,Крупные центры
2602,2023,3,Крупные центры
2602,2024,3,Крупные центры
2604,2023,3,Крупные центры
2604,2024,3,Крупные центры
2605,2023,3,Крупные центры
2605,2024,3,Крупные центры
2606,2023,3,Крупные центры
2606,2024,3,Крупные центры
2607,2023,1,Цифровая повседневность
2607,2024,3,Крупные центры
2618,2023,1,Цифровая повседневность
2618,2024,1,Цифровая повседневность
2619,2023,1,Цифровая повседневность
2619,2024,1,Цифровая повседневность
2620,2023,2,Автономные локальные центры
2620,2024,2,Автономные локальные центры
2621,2023,2,Автономные локальные центры
2621,2024,2,Автономные локальные центры
2644,2023,3,Крупные центры
2644,2024,3,Крупные центры
2646,2023,3,Крупные центры
2646,2024,3,Крупные центры
2647,2023,1,Цифровая повседневность
2647,2024,3,Крупные центры
2648,2023,3,Крупные центры
2648,2024,3,Крупные центры
2649,2023,3,Крупные центры
2649,2024,3,Крупные центры
2651,2023,3,Крупные центры
2651,2024,3,Крупные центры
2652,2023,3,Крупные центры
2652,2024,3,Крупные центры
2710,2023,1,Цифровая повседневность
2710,2024,1,Цифровая повседневность
2808,2023,3,Крупные центры
2808,2024,3,Крупные центры
2809,2023,2,Автономные локальные центры
2809,2024,2,Автономные локальные центры
2813,2023,1,Цифровая повседневность
2813,2024,1,Цифровая повседневность
2814,2023,3,Крупные центры
2814,2024,3,Крупные центры
2872,2023,2,Автономные локальные центры
2872,2024,2,Автономные локальные центры
2876,2023,3,Крупные центры
2876,2024,3,Крупные центры
2879,2023,2,Автономные локальные центры
2879,2024,2,Автономные локальные центры
2880,2023,2,Автономные локальные центры
2880,2024,2,Автономные локальные центры
2881,2023,3,Крупные центры
2881,2024,3,Крупные центры
2882,2023,2,Автономные локальные центры
2882,2024,2,Автономные локальные центры
2883,2023,1,Цифровая повседневность
2883,2024,1,Цифровая повседневность
2884,2023,1,Цифровая повседневность
2884,2024,1,Цифровая повседневность
2885,2023,2,Автономные локальные центры
2885,2024,2,Автономные локальные центры
2886,2023,1,Цифровая повседневность
2886,2024,1,Цифровая повседневность
2887,2023,3,Крупные центры
2887,2024,3,Крупные центры
3005,2023,1,Цифровая повседневность
3005,2024,1,Цифровая повседневность
3007,2023,1,Цифровая повседневность
3007,2024,1,Цифровая повседневность
3009,2023,3,Крупные центры
3009,2024,3,Крупные центры
3011,2023,2,Автономные локальные центры
3011,2024,2,Автономные локальные центры
3012,2023,1,Цифровая повседневность
3012,2024,1,Цифровая повседневность
3013,2023,3,Крупные центры
3013,2024,3,Крупные центры
