territory_id,year,baseline_cluster,graph_cluster,graph_cluster_name,changed_from_baseline
1,2023,3,3,Крупные центры,False
1,2024,3,3,Крупные центры,False
2,2023,3,3,Крупные центры,False
2,2024,1,1,Цифровая повседневность,False
3,2023,1,1,Цифровая повседневность,False
3,2024,1,1,Цифровая повседневность,False
4,2023,1,1,Цифровая повседневность,False
4,2024,1,1,Цифровая повседневность,False
5,2023,1,1,Цифровая повседневность,False
5,2024,1,1,Цифровая повседневность,False
6,2023,1,1,Цифровая повседневность,False
6,2024,1,1,Цифровая повседневность,False
7,2023,3,3,Крупные центры,False
7,2024,3,3,Крупные центры,False
8,2023,3,3,Крупные центры,False
8,2024,3,3,Крупные центры,False
9,2023,1,1,Цифровая повседневность,False
9,2024,1,1,Цифровая повседневность,False
10,2023,2,2,Автономные локальные центры,False
10,2024,2,2,Автономные локальные центры,False
11,2023,2,2,Автономные локальные центры,False
11,2024,2,2,Автономные локальные центры,False
12,2023,2,2,Автономные локальные центры,False
12,2024,2,2,Автономные локальные центры,False
13,2023,2,2,Автономные локальные центры,False
13,2024,2,2,Автономные локальные центры,False
14,2023,2,2,Автономные локальные центры,False
14,2024,1,1,Цифровая повседневность,False
15,2023,2,2,Автономные локальные центры,False
15,2024,2,2,Автономные локальные центры,False
16,2023,2,2,Автономные локальные центры,False
16,2024,2,2,Автономные локальные центры,False
17,2023,2,2,Автономные локальные центры,False
17,2024,2,2,Автономные локальные центры,False
18,2023,2,2,Автономные локальные центры,False
18,2024,1,2,Автономные локальные центры,True
19,2023,1,1,Цифровая повседневность,False
19,2024,1,1,Цифровая повседневность,False
20,2023,2,2,Автономные локальные центры,False
20,2024,2,2,Автономные локальные центры,False
21,2023,3,3,Крупные центры,False
21,2024,3,3,Крупные центры,False
22,2023,1,1,Цифровая повседневность,False
22,2024,1,1,Цифровая повседневность,False
23,2023,2,1,Цифровая повседневность,True
23,2024,2,1,Цифровая повседневность,True
25,2023,3,3,Крупные центры,False
25,2024,3,3,Крупные центры,False
26,2023,3,3,Крупные центры,False
26,2024,3,3,Крупные центры,False
27,2023,3,3,Крупные центры,False
27,2024,3,3,Крупные центры,False
28,2023,2,2,Автономные локальные центры,False
28,2024,3,2,Автономные локальные центры,True
29,2023,3,3,Крупные центры,False
29,2024,3,3,Крупные центры,False
30,2023,2,2,Автономные локальные центры,False
30,2024,2,2,Автономные локальные центры,False
31,2023,1,1,Цифровая повседневность,False
31,2024,1,1,Цифровая повседневность,False
32,2023,1,1,Цифровая повседневность,False
32,2024,1,1,Цифровая повседневность,False
33,2023,1,1,Цифровая повседневность,False
33,2024,1,1,Цифровая повседневность,False
34,2023,1,1,Цифровая повседневность,False
34,2024,1,1,Цифровая повседневность,False
35,2023,2,2,Автономные локальные центры,False
35,2024,2,2,Автономные локальные центры,False
36,2023,1,1,Цифровая повседневность,False
36,2024,1,1,Цифровая повседневность,False
37,2023,1,1,Цифровая повседневность,False
37,2024,1,1,Цифровая повседневность,False
38,2023,2,1,Цифровая повседневность,True
38,2024,3,1,Цифровая повседневность,True
39,2023,1,1,Цифровая повседневность,False
39,2024,1,1,Цифровая повседневность,False
40,2023,2,2,Автономные локальные центры,False
40,2024,2,2,Автономные локальные центры,False
41,2023,1,1,Цифровая повседневность,False
41,2024,1,1,Цифровая повседневность,False
42,2023,2,2,Автономные локальные центры,False
42,2024,2,2,Автономные локальные центры,False
43,2023,1,1,Цифровая повседневность,False
43,2024,1,1,Цифровая повседневность,False
44,2023,1,1,Цифровая повседневность,False
44,2024,2,1,Цифровая повседневность,True
45,2023,1,1,Цифровая повседневность,False
45,2024,1,1,Цифровая повседневность,False
46,2023,1,1,Цифровая повседневность,False
46,2024,1,1,Цифровая повседневность,False
47,2023,2,1,Цифровая повседневность,True
47,2024,2,1,Цифровая повседневность,True
48,2023,1,1,Цифровая повседневность,False
48,2024,1,1,Цифровая повседневность,False
49,2023,1,1,Цифровая повседневность,False
49,2024,1,1,Цифровая повседневность,False
50,2023,2,1,Цифровая повседневность,True
50,2024,2,1,Цифровая повседневность,True
51,2023,2,1,Цифровая повседневность,True
51,2024,2,1,Цифровая повседневность,True
52,2023,1,1,Цифровая повседневность,False
52,2024,1,1,Цифровая повседневность,False
53,2023,2,1,Цифровая повседневность,True
53,2024,2,1,Цифровая повседневность,True
54,2023,1,1,Цифровая повседневность,False
54,2024,1,1,Цифровая повседневность,False
55,2023,2,1,Цифровая повседневность,True
55,2024,2,1,Цифровая повседневность,True
56,2023,1,1,Цифровая повседневность,False
56,2024,1,1,Цифровая повседневность,False
57,2023,2,3,Крупные центры,True
57,2024,3,3,Крупные центры,False
58,2023,1,1,Цифровая повседневность,False
58,2024,1,1,Цифровая повседневность,False
59,2023,1,1,Цифровая повседневность,False
59,2024,1,1,Цифровая повседневность,False
60,2023,1,1,Цифровая повседневность,False
60,2024,1,1,Цифровая повседневность,False
61,2023,1,1,Цифровая повседневность,False
61,2024,1,1,Цифровая повседневность,False
62,2023,1,1,Цифровая повседневность,False
62,2024,1,1,Цифровая повседневность,False
63,2023,1,1,Цифровая повседневность,False
63,2024,1,1,Цифровая повседневность,False
65,2023,1,1,Цифровая повседневность,False
65,2024,1,1,Цифровая повседневность,False
66,2023,3,3,Крупные центры,False
66,2024,3,3,Крупные центры,False
67,2023,1,1,Цифровая повседневность,False
67,2024,1,1,Цифровая повседневность,False
68,2023,1,1,Цифровая повседневность,False
68,2024,1,1,Цифровая повседневность,False
69,2023,1,1,Цифровая повседневность,False
69,2024,1,1,Цифровая повседневность,False
70,2023,1,1,Цифровая повседневность,False
70,2024,1,1,Цифровая повседневность,False
71,2023,2,1,Цифровая повседневность,True
71,2024,1,1,Цифровая повседневность,False
72,2023,1,1,Цифровая повседневность,False
72,2024,1,1,Цифровая повседневность,False
73,2023,3,3,Крупные центры,False
73,2024,3,3,Крупные центры,False
74,2023,1,1,Цифровая повседневность,False
74,2024,1,1,Цифровая повседневность,False
75,2023,2,2,Автономные локальные центры,False
75,2024,2,2,Автономные локальные центры,False
76,2023,3,3,Крупные центры,False
76,2024,3,3,Крупные центры,False
77,2023,3,2,Автономные локальные центры,True
77,2024,3,3,Крупные центры,False
78,2023,1,1,Цифровая повседневность,False
78,2024,1,1,Цифровая повседневность,False
79,2023,2,1,Цифровая повседневность,True
79,2024,2,1,Цифровая повседневность,True
80,2023,1,1,Цифровая повседневность,False
80,2024,1,1,Цифровая повседневность,False
81,2023,2,1,Цифровая повседневность,True
81,2024,2,1,Цифровая повседневность,True
82,2023,1,1,Цифровая повседневность,False
82,2024,1,1,Цифровая повседневность,False
83,2023,1,1,Цифровая повседневность,False
83,2024,2,1,Цифровая повседневность,True
167,2023,3,3,Крупные центры,False
167,2024,3,3,Крупные центры,False
168,2023,3,3,Крупные центры,False
168,2024,3,3,Крупные центры,False
169,2023,1,1,Цифровая повседневность,False
169,2024,1,1,Цифровая повседневность,False
173,2023,1,1,Цифровая повседневность,False
173,2024,1,1,Цифровая повседневность,False
181,2023,1,1,Цифровая повседневность,False
181,2024,1,1,Цифровая повседневность,False
184,2023,1,1,Цифровая повседневность,False
184,2024,1,1,Цифровая повседневность,False
185,2023,1,1,Цифровая повседневность,False
185,2024,1,1,Цифровая повседневность,False
188,2023,1,1,Цифровая повседневность,False
188,2024,1,1,Цифровая повседневность,False
191,2023,1,1,Цифровая повседневность,False
191,2024,1,1,Цифровая повседневность,False
194,2023,3,3,Крупные центры,False
194,2024,3,3,Крупные центры,False
195,2023,1,1,Цифровая повседневность,False
195,2024,1,1,Цифровая повседневность,False
196,2023,3,3,Крупные центры,False
196,2024,3,3,Крупные центры,False
198,2023,1,1,Цифровая повседневность,False
198,2024,1,1,Цифровая повседневность,False
201,2023,3,3,Крупные центры,False
201,2024,3,3,Крупные центры,False
203,2023,1,1,Цифровая повседневность,False
203,2024,1,1,Цифровая повседневность,False
204,2023,1,1,Цифровая повседневность,False
204,2024,1,1,Цифровая повседневность,False
205,2023,3,3,Крупные центры,False
205,2024,3,3,Крупные центры,False
206,2023,3,2,Автономные локальные центры,True
206,2024,3,2,Автономные локальные центры,True
207,2023,2,2,Автономные локальные центры,False
207,2024,2,2,Автономные локальные центры,False
208,2023,2,1,Цифровая повседневность,True
208,2024,2,2,Автономные локальные центры,False
209,2023,2,2,Автономные локальные центры,False
209,2024,2,2,Автономные локальные центры,False
210,2023,1,1,Цифровая повседневность,False
210,2024,1,1,Цифровая повседневность,False
211,2023,2,2,Автономные локальные центры,False
211,2024,2,2,Автономные локальные центры,False
212,2023,1,1,Цифровая повседневность,False
212,2024,1,1,Цифровая повседневность,False
213,2023,1,1,Цифровая повседневность,False
213,2024,2,2,Автономные локальные центры,False
214,2023,1,1,Цифровая повседневность,False
214,2024,1,1,Цифровая повседневность,False
215,2023,1,1,Цифровая повседневность,False
215,2024,1,1,Цифровая повседневность,False
216,2023,1,1,Цифровая повседневность,False
216,2024,1,1,Цифровая повседневность,False
217,2023,1,1,Цифровая повседневность,False
217,2024,1,1,Цифровая повседневность,False
218,2023,2,2,Автономные локальные центры,False
218,2024,2,2,Автономные локальные центры,False
219,2023,1,1,Цифровая повседневность,False
219,2024,1,1,Цифровая повседневность,False
220,2023,1,1,Цифровая повседневность,False
220,2024,1,1,Цифровая повседневность,False
221,2023,2,2,Автономные локальные центры,False
221,2024,2,2,Автономные локальные центры,False
222,2023,2,1,Цифровая повседневность,True
222,2024,2,1,Цифровая повседневность,True
223,2023,1,1,Цифровая повседневность,False
223,2024,1,1,Цифровая повседневность,False
224,2023,2,2,Автономные локальные центры,False
224,2024,2,2,Автономные локальные центры,False
225,2023,2,2,Автономные локальные центры,False
225,2024,2,2,Автономные локальные центры,False
226,2023,2,2,Автономные локальные центры,False
226,2024,2,2,Автономные локальные центры,False
227,2023,2,2,Автономные локальные центры,False
227,2024,2,2,Автономные локальные центры,False
228,2023,2,2,Автономные локальные центры,False
228,2024,2,2,Автономные локальные центры,False
229,2023,2,2,Автономные локальные центры,False
229,2024,2,2,Автономные локальные центры,False
230,2023,2,2,Автономные локальные центры,False
230,2024,2,2,Автономные локальные центры,False
231,2023,1,1,Цифровая повседневность,False
231,2024,1,1,Цифровая повседневность,False
232,2023,1,1,Цифровая повседневность,False
232,2024,1,1,Цифровая повседневность,False
233,2023,1,1,Цифровая повседневность,False
233,2024,1,1,Цифровая повседневность,False
234,2023,2,2,Автономные локальные центры,False
234,2024,2,2,Автономные локальные центры,False
235,2023,1,1,Цифровая повседневность,False
235,2024,1,1,Цифровая повседневность,False
236,2023,2,2,Автономные локальные центры,False
236,2024,2,2,Автономные локальные центры,False
237,2023,2,2,Автономные локальные центры,False
237,2024,2,2,Автономные локальные центры,False
238,2023,1,1,Цифровая повседневность,False
238,2024,1,1,Цифровая повседневность,False
239,2023,1,1,Цифровая повседневность,False
239,2024,1,1,Цифровая повседневность,False
240,2023,2,2,Автономные локальные центры,False
240,2024,1,1,Цифровая повседневность,False
241,2023,1,1,Цифровая повседневность,False
241,2024,1,1,Цифровая повседневность,False
242,2023,1,1,Цифровая повседневность,False
242,2024,1,1,Цифровая повседневность,False
243,2023,2,2,Автономные локальные центры,False
243,2024,2,2,Автономные локальные центры,False
269,2023,3,3,Крупные центры,False
269,2024,3,3,Крупные центры,False
270,2023,1,1,Цифровая повседневность,False
270,2024,1,1,Цифровая повседневность,False
271,2023,1,1,Цифровая повседневность,False
271,2024,1,1,Цифровая повседневность,False
272,2023,1,1,Цифровая повседневность,False
272,2024,1,1,Цифровая повседневность,False
273,2023,1,1,Цифровая повседневность,False
273,2024,1,1,Цифровая повседневность,False
274,2023,1,1,Цифровая повседневность,False
274,2024,1,1,Цифровая повседневность,False
275,2023,1,1,Цифровая повседневность,False
275,2024,1,1,Цифровая повседневность,False
276,2023,1,1,Цифровая повседневность,False
276,2024,1,1,Цифровая повседневность,False
277,2023,1,1,Цифровая повседневность,False
277,2024,1,1,Цифровая повседневность,False
278,2023,3,1,Цифровая повседневность,True
278,2024,3,3,Крупные центры,False
279,2023,1,1,Цифровая повседневность,False
279,2024,1,1,Цифровая повседневность,False
280,2023,1,1,Цифровая повседневность,False
280,2024,1,1,Цифровая повседневность,False
281,2023,1,1,Цифровая повседневность,False
281,2024,1,1,Цифровая повседневность,False
282,2023,1,1,Цифровая повседневность,False
282,2024,1,1,Цифровая повседневность,False
283,2023,1,1,Цифровая повседневность,False
283,2024,1,1,Цифровая повседневность,False
284,2023,1,1,Цифровая повседневность,False
284,2024,1,1,Цифровая повседневность,False
285,2023,1,1,Цифровая повседневность,False
285,2024,1,1,Цифровая повседневность,False
287,2023,1,1,Цифровая повседневность,False
287,2024,1,1,Цифровая повседневность,False
288,2023,1,1,Цифровая повседневность,False
288,2024,1,1,Цифровая повседневность,False
289,2023,1,1,Цифровая повседневность,False
289,2024,1,1,Цифровая повседневность,False
290,2023,1,1,Цифровая повседневность,False
290,2024,1,1,Цифровая повседневность,False
292,2023,1,1,Цифровая повседневность,False
292,2024,1,1,Цифровая повседневность,False
293,2023,1,1,Цифровая повседневность,False
293,2024,1,1,Цифровая повседневность,False
294,2023,1,1,Цифровая повседневность,False
294,2024,1,1,Цифровая повседневность,False
295,2023,1,1,Цифровая повседневность,False
295,2024,1,1,Цифровая повседневность,False
296,2023,1,1,Цифровая повседневность,False
296,2024,1,1,Цифровая повседневность,False
297,2023,1,1,Цифровая повседневность,False
297,2024,1,1,Цифровая повседневность,False
298,2023,1,1,Цифровая повседневность,False
298,2024,1,1,Цифровая повседневность,False
300,2023,1,1,Цифровая повседневность,False
300,2024,1,1,Цифровая повседневность,False
301,2023,1,1,Цифровая повседневность,False
301,2024,1,1,Цифровая повседневность,False
302,2023,1,1,Цифровая повседневность,False
302,2024,1,1,Цифровая повседневность,False
303,2023,1,1,Цифровая повседневность,False
303,2024,1,1,Цифровая повседневность,False
304,2023,1,1,Цифровая повседневность,False
304,2024,1,1,Цифровая повседневность,False
305,2023,1,1,Цифровая повседневность,False
305,2024,1,1,Цифровая повседневность,False
306,2023,1,1,Цифровая повседневность,False
306,2024,1,1,Цифровая повседневность,False
307,2023,1,1,Цифровая повседневность,False
307,2024,1,1,Цифровая повседневность,False
308,2023,1,1,Цифровая повседневность,False
308,2024,1,1,Цифровая повседневность,False
309,2023,2,2,Автономные локальные центры,False
309,2024,2,2,Автономные локальные центры,False
312,2023,2,2,Автономные локальные центры,False
312,2024,2,2,Автономные локальные центры,False
314,2023,2,2,Автономные локальные центры,False
314,2024,2,2,Автономные локальные центры,False
316,2023,2,2,Автономные локальные центры,False
316,2024,2,2,Автономные локальные центры,False
317,2023,2,2,Автономные локальные центры,False
317,2024,2,2,Автономные локальные центры,False
318,2023,2,2,Автономные локальные центры,False
318,2024,2,2,Автономные локальные центры,False
319,2023,2,2,Автономные локальные центры,False
319,2024,2,2,Автономные локальные центры,False
320,2023,2,2,Автономные локальные центры,False
320,2024,2,2,Автономные локальные центры,False
321,2023,2,2,Автономные локальные центры,False
321,2024,2,2,Автономные локальные центры,False
323,2023,2,2,Автономные локальные центры,False
323,2024,2,2,Автономные локальные центры,False
324,2023,2,2,Автономные локальные центры,False
324,2024,2,2,Автономные локальные центры,False
325,2023,2,2,Автономные локальные центры,False
325,2024,2,2,Автономные локальные центры,False
326,2023,2,2,Автономные локальные центры,False
326,2024,2,2,Автономные локальные центры,False
327,2023,2,2,Автономные локальные центры,False
327,2024,2,2,Автономные локальные центры,False
329,2023,2,2,Автономные локальные центры,False
329,2024,2,2,Автономные локальные центры,False
330,2023,2,2,Автономные локальные центры,False
330,2024,2,2,Автономные локальные центры,False
331,2023,2,2,Автономные локальные центры,False
331,2024,2,2,Автономные локальные центры,False
332,2023,2,2,Автономные локальные центры,False
332,2024,2,2,Автономные локальные центры,False
333,2023,2,2,Автономные локальные центры,False
333,2024,2,2,Автономные локальные центры,False
334,2023,2,2,Автономные локальные центры,False
334,2024,2,2,Автономные локальные центры,False
335,2023,2,2,Автономные локальные центры,False
335,2024,2,2,Автономные локальные центры,False
336,2023,2,2,Автономные локальные центры,False
336,2024,2,2,Автономные локальные центры,False
337,2023,2,2,Автономные локальные центры,False
337,2024,2,2,Автономные локальные центры,False
338,2023,2,2,Автономные локальные центры,False
338,2024,2,2,Автономные локальные центры,False
339,2023,2,2,Автономные локальные центры,False
339,2024,2,2,Автономные локальные центры,False
340,2023,2,2,Автономные локальные центры,False
340,2024,2,2,Автономные локальные центры,False
341,2023,2,2,Автономные локальные центры,False
341,2024,2,2,Автономные локальные центры,False
342,2023,2,2,Автономные локальные центры,False
342,2024,2,2,Автономные локальные центры,False
343,2023,2,2,Автономные локальные центры,False
343,2024,2,2,Автономные локальные центры,False
345,2023,3,3,Крупные центры,False
345,2024,3,3,Крупные центры,False
346,2023,3,3,Крупные центры,False
346,2024,3,3,Крупные центры,False
347,2023,3,3,Крупные центры,False
347,2024,3,3,Крупные центры,False
348,2023,3,3,Крупные центры,False
348,2024,3,3,Крупные центры,False
349,2023,1,3,Крупные центры,True
349,2024,1,1,Цифровая повседневность,False
351,2023,3,1,Цифровая повседневность,True
351,2024,3,1,Цифровая повседневность,True
352,2023,3,3,Крупные центры,False
352,2024,3,3,Крупные центры,False
354,2023,3,3,Крупные центры,False
354,2024,3,3,Крупные центры,False
355,2023,3,3,Крупные центры,False
355,2024,3,3,Крупные центры,False
356,2023,1,1,Цифровая повседневность,False
356,2024,1,1,Цифровая повседневность,False
357,2023,1,1,Цифровая повседневность,False
357,2024,1,1,Цифровая повседневность,False
358,2023,1,1,Цифровая повседневность,False
358,2024,1,1,Цифровая повседневность,False
359,2023,1,1,Цифровая повседневность,False
359,2024,1,1,Цифровая повседневность,False
360,2023,1,1,Цифровая повседневность,False
360,2024,1,1,Цифровая повседневность,False
361,2023,1,1,Цифровая повседневность,False
361,2024,1,1,Цифровая повседневность,False
362,2023,3,3,Крупные центры,False
362,2024,3,3,Крупные центры,False
363,2023,1,1,Цифровая повседневность,False
363,2024,1,1,Цифровая повседневность,False
364,2023,1,1,Цифровая повседневность,False
364,2024,1,1,Цифровая повседневность,False
365,2023,1,1,Цифровая повседневность,False
365,2024,1,1,Цифровая повседневность,False
366,2023,1,1,Цифровая повседневность,False
366,2024,1,1,Цифровая повседневность,False
367,2023,1,1,Цифровая повседневность,False
367,2024,1,1,Цифровая повседневность,False
368,2023,2,1,Цифровая повседневность,True
368,2024,2,1,Цифровая повседневность,True
369,2023,1,1,Цифровая повседневность,False
369,2024,1,1,Цифровая повседневность,False
370,2023,2,1,Цифровая повседневность,True
370,2024,1,1,Цифровая повседневность,False
371,2023,2,1,Цифровая повседневность,True
371,2024,3,3,Крупные центры,False
372,2023,1,1,Цифровая повседневность,False
372,2024,1,1,Цифровая повседневность,False
373,2023,3,3,Крупные центры,False
373,2024,3,3,Крупные центры,False
374,2023,1,1,Цифровая повседневность,False
374,2024,1,1,Цифровая повседневность,False
375,2023,3,3,Крупные центры,False
375,2024,3,3,Крупные центры,False
376,2023,1,1,Цифровая повседневность,False
376,2024,1,1,Цифровая повседневность,False
377,2023,1,1,Цифровая повседневность,False
377,2024,1,1,Цифровая повседневность,False
378,2023,1,1,Цифровая повседневность,False
378,2024,1,1,Цифровая повседневность,False
379,2023,3,3,Крупные центры,False
379,2024,3,3,Крупные центры,False
380,2023,2,1,Цифровая повседневность,True
380,2024,3,1,Цифровая повседневность,True
381,2023,1,1,Цифровая повседневность,False
381,2024,1,1,Цифровая повседневность,False
382,2023,1,1,Цифровая повседневность,False
382,2024,1,1,Цифровая повседневность,False
383,2023,1,1,Цифровая повседневность,False
383,2024,1,1,Цифровая повседневность,False
384,2023,1,1,Цифровая повседневность,False
384,2024,1,1,Цифровая повседневность,False
385,2023,3,3,Крупные центры,False
385,2024,3,3,Крупные центры,False
386,2023,1,1,Цифровая повседневность,False
386,2024,1,1,Цифровая повседневность,False
387,2023,1,1,Цифровая повседневность,False
387,2024,1,1,Цифровая повседневность,False
388,2023,3,3,Крупные центры,False
388,2024,3,3,Крупные центры,False
390,2023,1,1,Цифровая повседневность,False
390,2024,1,1,Цифровая повседневность,False
391,2023,1,1,Цифровая повседневность,False
391,2024,1,1,Цифровая повседневность,False
392,2023,1,1,Цифровая повседневность,False
392,2024,1,1,Цифровая повседневность,False
393,2023,1,1,Цифровая повседневность,False
393,2024,1,1,Цифровая повседневность,False
395,2023,1,1,Цифровая повседневность,False
395,2024,1,1,Цифровая повседневность,False
396,2023,1,1,Цифровая повседневность,False
396,2024,1,1,Цифровая повседневность,False
397,2023,1,1,Цифровая повседневность,False
397,2024,1,1,Цифровая повседневность,False
398,2023,1,1,Цифровая повседневность,False
398,2024,1,1,Цифровая повседневность,False
401,2023,2,2,Автономные локальные центры,False
401,2024,2,2,Автономные локальные центры,False
402,2023,2,2,Автономные локальные центры,False
402,2024,2,2,Автономные локальные центры,False
403,2023,2,2,Автономные локальные центры,False
403,2024,2,2,Автономные локальные центры,False
404,2023,1,2,Автономные локальные центры,True
404,2024,2,2,Автономные локальные центры,False
405,2023,2,2,Автономные локальные центры,False
405,2024,2,2,Автономные локальные центры,False
408,2023,2,2,Автономные локальные центры,False
408,2024,1,2,Автономные локальные центры,True
410,2023,2,2,Автономные локальные центры,False
410,2024,2,2,Автономные локальные центры,False
413,2023,2,2,Автономные локальные центры,False
413,2024,2,2,Автономные локальные центры,False
414,2023,2,2,Автономные локальные центры,False
414,2024,2,2,Автономные локальные центры,False
416,2023,2,2,Автономные локальные центры,False
416,2024,2,2,Автономные локальные центры,False
418,2023,3,3,Крупные центры,False
418,2024,3,3,Крупные центры,False
419,2023,3,3,Крупные центры,False
419,2024,3,3,Крупные центры,False
420,2023,2,1,Цифровая повседневность,True
420,2024,3,1,Цифровая повседневность,True
421,2023,1,1,Цифровая повседневность,False
421,2024,1,1,Цифровая повседневность,False
422,2023,2,1,Цифровая повседневность,True
422,2024,3,3,Крупные центры,False
423,2023,1,1,Цифровая повседневность,False
423,2024,1,1,Цифровая повседневность,False
424,2023,1,1,Цифровая повседневность,False
424,2024,1,1,Цифровая повседневность,False
425,2023,1,1,Цифровая повседневность,False
425,2024,1,1,Цифровая повседневность,False
428,2023,1,1,Цифровая повседневность,False
428,2024,1,1,Цифровая повседневность,False
429,2023,1,1,Цифровая повседневность,False
429,2024,1,1,Цифровая повседневность,False
430,2023,3,3,Крупные центры,False
430,2024,3,3,Крупные центры,False
431,2023,1,1,Цифровая повседневность,False
431,2024,1,1,Цифровая повседневность,False
432,2023,1,1,Цифровая повседневность,False
432,2024,1,1,Цифровая повседневность,False
433,2023,1,1,Цифровая повседневность,False
433,2024,1,1,Цифровая повседневность,False
434,2023,1,1,Цифровая повседневность,False
434,2024,1,1,Цифровая повседневность,False
435,2023,1,1,Цифровая повседневность,False
435,2024,1,1,Цифровая повседневность,False
436,2023,1,1,Цифровая повседневность,False
436,2024,1,1,Цифровая повседневность,False
437,2023,1,1,Цифровая повседневность,False
437,2024,1,1,Цифровая повседневность,False
438,2023,1,1,Цифровая повседневность,False
438,2024,1,1,Цифровая повседневность,False
440,2023,1,1,Цифровая повседневность,False
440,2024,1,1,Цифровая повседневность,False
441,2023,1,1,Цифровая повседневность,False
441,2024,1,1,Цифровая повседневность,False
442,2023,1,1,Цифровая повседневность,False
442,2024,1,1,Цифровая повседневность,False
443,2023,1,1,Цифровая повседневность,False
443,2024,1,1,Цифровая повседневность,False
444,2023,1,1,Цифровая повседневность,False
444,2024,1,1,Цифровая повседневность,False
445,2023,1,1,Цифровая повседневность,False
445,2024,1,1,Цифровая повседневность,False
446,2023,1,1,Цифровая повседневность,False
446,2024,1,1,Цифровая повседневность,False
447,2023,1,1,Цифровая повседневность,False
447,2024,1,1,Цифровая повседневность,False
448,2023,2,2,Автономные локальные центры,False
448,2024,2,2,Автономные локальные центры,False
449,2023,1,2,Автономные локальные центры,True
449,2024,2,2,Автономные локальные центры,False
450,2023,2,2,Автономные локальные центры,False
450,2024,2,2,Автономные локальные центры,False
451,2023,1,1,Цифровая повседневность,False
451,2024,1,1,Цифровая повседневность,False
452,2023,2,2,Автономные локальные центры,False
452,2024,2,2,Автономные локальные центры,False
453,2023,2,2,Автономные локальные центры,False
453,2024,2,2,Автономные локальные центры,False
455,2023,2,2,Автономные локальные центры,False
455,2024,2,2,Автономные локальные центры,False
456,2023,1,1,Цифровая повседневность,False
456,2024,1,1,Цифровая повседневность,False
457,2023,1,1,Цифровая повседневность,False
457,2024,1,1,Цифровая повседневность,False
458,2023,2,2,Автономные локальные центры,False
458,2024,2,2,Автономные локальные центры,False
459,2023,2,2,Автономные локальные центры,False
459,2024,2,2,Автономные локальные центры,False
460,2023,2,2,Автономные локальные центры,False
460,2024,2,1,Цифровая повседневность,True
478,2023,3,3,Крупные центры,False
478,2024,3,3,Крупные центры,False
479,2023,1,1,Цифровая повседневность,False
479,2024,1,1,Цифровая повседневность,False
480,2023,1,1,Цифровая повседневность,False
480,2024,1,1,Цифровая повседневность,False
481,2023,3,3,Крупные центры,False
481,2024,3,3,Крупные центры,False
482,2023,1,1,Цифровая повседневность,False
482,2024,1,1,Цифровая повседневность,False
484,2023,1,1,Цифровая повседневность,False
484,2024,1,1,Цифровая повседневность,False
485,2023,1,1,Цифровая повседневность,False
485,2024,1,1,Цифровая повседневность,False
486,2023,1,1,Цифровая повседневность,False
486,2024,1,1,Цифровая повседневность,False
487,2023,1,1,Цифровая повседневность,False
487,2024,1,1,Цифровая повседневность,False
489,2023,1,1,Цифровая повседневность,False
489,2024,1,1,Цифровая повседневность,False
490,2023,1,1,Цифровая повседневность,False
490,2024,1,1,Цифровая повседневность,False
491,2023,1,1,Цифровая повседневность,False
491,2024,1,1,Цифровая повседневность,False
492,2023,1,1,Цифровая повседневность,False
492,2024,1,1,Цифровая повседневность,False
493,2023,1,1,Цифровая повседневность,False
493,2024,1,1,Цифровая повседневность,False
494,2023,1,1,Цифровая повседневность,False
494,2024,1,1,Цифровая повседневность,False
495,2023,1,1,Цифровая повседневность,False
495,2024,1,1,Цифровая повседневность,False
496,2023,1,1,Цифровая повседневность,False
496,2024,1,1,Цифровая повседневность,False
497,2023,1,1,Цифровая повседневность,False
497,2024,1,1,Цифровая повседневность,False
498,2023,1,1,Цифровая повседневность,False
498,2024,1,1,Цифровая повседневность,False
499,2023,1,1,Цифровая повседневность,False
499,2024,1,1,Цифровая повседневность,False
501,2023,1,1,Цифровая повседневность,False
501,2024,1,1,Цифровая повседневность,False
502,2023,1,1,Цифровая повседневность,False
502,2024,1,1,Цифровая повседневность,False
503,2023,1,1,Цифровая повседневность,False
503,2024,1,1,Цифровая повседневность,False
504,2023,3,2,Автономные локальные центры,True
504,2024,3,2,Автономные локальные центры,True
505,2023,2,1,Цифровая повседневность,True
505,2024,2,2,Автономные локальные центры,False
506,2023,2,1,Цифровая повседневность,True
506,2024,2,1,Цифровая повседневность,True
507,2023,2,2,Автономные локальные центры,False
507,2024,2,2,Автономные локальные центры,False
508,2023,2,2,Автономные локальные центры,False
508,2024,2,2,Автономные локальные центры,False
509,2023,2,2,Автономные локальные центры,False
509,2024,2,2,Автономные локальные центры,False
510,2023,2,2,Автономные локальные центры,False
510,2024,2,2,Автономные локальные центры,False
511,2023,2,1,Цифровая повседневность,True
511,2024,2,2,Автономные локальные центры,False
512,2023,1,1,Цифровая повседневность,False
512,2024,1,1,Цифровая повседневность,False
515,2023,2,2,Автономные локальные центры,False
515,2024,2,2,Автономные локальные центры,False
516,2023,1,1,Цифровая повседневность,False
516,2024,1,1,Цифровая повседневность,False
517,2023,2,1,Цифровая повседневность,True
517,2024,1,1,Цифровая повседневность,False
518,2023,1,1,Цифровая повседневность,False
518,2024,1,1,Цифровая повседневность,False
519,2023,1,1,Цифровая повседневность,False
519,2024,1,1,Цифровая повседневность,False
520,2023,1,1,Цифровая повседневность,False
520,2024,1,1,Цифровая повседневность,False
521,2023,1,1,Цифровая повседневность,False
521,2024,1,1,Цифровая повседневность,False
522,2023,1,1,Цифровая повседневность,False
522,2024,1,1,Цифровая повседневность,False
523,2023,1,1,Цифровая повседневность,False
523,2024,1,1,Цифровая повседневность,False
524,2023,1,1,Цифровая повседневность,False
524,2024,1,1,Цифровая повседневность,False
525,2023,1,1,Цифровая повседневность,False
525,2024,1,1,Цифровая повседневность,False
527,2023,1,1,Цифровая повседневность,False
527,2024,1,1,Цифровая повседневность,False
528,2023,1,1,Цифровая повседневность,False
528,2024,1,1,Цифровая повседневность,False
529,2023,1,1,Цифровая повседневность,False
529,2024,1,1,Цифровая повседневность,False
530,2023,1,1,Цифровая повседневность,False
530,2024,1,1,Цифровая повседневность,False
531,2023,1,1,Цифровая повседневность,False
531,2024,1,1,Цифровая повседневность,False
532,2023,1,1,Цифровая повседневность,False
532,2024,1,1,Цифровая повседневность,False
533,2023,1,1,Цифровая повседневность,False
533,2024,1,1,Цифровая повседневность,False
534,2023,1,1,Цифровая повседневность,False
534,2024,1,1,Цифровая повседневность,False
535,2023,2,1,Цифровая повседневность,True
535,2024,2,1,Цифровая повседневность,True
536,2023,1,1,Цифровая повседневность,False
536,2024,1,1,Цифровая повседневность,False
537,2023,1,1,Цифровая повседневность,False
537,2024,1,1,Цифровая повседневность,False
538,2023,1,1,Цифровая повседневность,False
538,2024,1,1,Цифровая повседневность,False
539,2023,1,1,Цифровая повседневность,False
539,2024,1,1,Цифровая повседневность,False
540,2023,1,1,Цифровая повседневность,False
540,2024,1,1,Цифровая повседневность,False
541,2023,1,1,Цифровая повседневность,False
541,2024,1,1,Цифровая повседневность,False
542,2023,1,1,Цифровая повседневность,False
542,2024,1,1,Цифровая повседневность,False
543,2023,1,1,Цифровая повседневность,False
543,2024,1,1,Цифровая повседневность,False
544,2023,1,1,Цифровая повседневность,False
544,2024,1,1,Цифровая повседневность,False
545,2023,1,1,Цифровая повседневность,False
545,2024,1,1,Цифровая повседневность,False
546,2023,1,1,Цифровая повседневность,False
546,2024,1,1,Цифровая повседневность,False
547,2023,1,1,Цифровая повседневность,False
547,2024,1,1,Цифровая повседневность,False
548,2023,1,1,Цифровая повседневность,False
548,2024,1,1,Цифровая повседневность,False
549,2023,1,1,Цифровая повседневность,False
549,2024,1,1,Цифровая повседневность,False
550,2023,1,1,Цифровая повседневность,False
550,2024,1,1,Цифровая повседневность,False
552,2023,1,1,Цифровая повседневность,False
552,2024,1,1,Цифровая повседневность,False
553,2023,1,1,Цифровая повседневность,False
553,2024,1,1,Цифровая повседневность,False
554,2023,1,1,Цифровая повседневность,False
554,2024,2,2,Автономные локальные центры,False
555,2023,1,1,Цифровая повседневность,False
555,2024,1,1,Цифровая повседневность,False
556,2023,1,1,Цифровая повседневность,False
556,2024,1,1,Цифровая повседневность,False
557,2023,1,1,Цифровая повседневность,False
557,2024,1,1,Цифровая повседневность,False
558,2023,1,1,Цифровая повседневность,False
558,2024,1,1,Цифровая повседневность,False
559,2023,1,1,Цифровая повседневность,False
559,2024,1,1,Цифровая повседневность,False
560,2023,1,1,Цифровая повседневность,False
560,2024,1,1,Цифровая повседневность,False
561,2023,1,1,Цифровая повседневность,False
561,2024,1,1,Цифровая повседневность,False
562,2023,1,1,Цифровая повседневность,False
562,2024,1,1,Цифровая повседневность,False
563,2023,1,1,Цифровая повседневность,False
563,2024,1,1,Цифровая повседневность,False
564,2023,1,1,Цифровая повседневность,False
564,2024,1,1,Цифровая повседневность,False
565,2023,1,1,Цифровая повседневность,False
565,2024,1,1,Цифровая повседневность,False
566,2023,1,1,Цифровая повседневность,False
566,2024,1,1,Цифровая повседневность,False
567,2023,1,1,Цифровая повседневность,False
567,2024,1,1,Цифровая повседневность,False
568,2023,1,1,Цифровая повседневность,False
568,2024,1,1,Цифровая повседневность,False
569,2023,1,1,Цифровая повседневность,False
569,2024,1,1,Цифровая повседневность,False
570,2023,1,1,Цифровая повседневность,False
570,2024,1,1,Цифровая повседневность,False
571,2023,1,1,Цифровая повседневность,False
571,2024,1,1,Цифровая повседневность,False
572,2023,1,1,Цифровая повседневность,False
572,2024,1,1,Цифровая повседневность,False
574,2023,2,2,Автономные локальные центры,False
574,2024,2,2,Автономные локальные центры,False
578,2023,2,2,Автономные локальные центры,False
578,2024,2,2,Автономные локальные центры,False
579,2023,2,2,Автономные локальные центры,False
579,2024,2,2,Автономные локальные центры,False
580,2023,2,2,Автономные локальные центры,False
580,2024,2,2,Автономные локальные центры,False
581,2023,2,2,Автономные локальные центры,False
581,2024,2,2,Автономные локальные центры,False
582,2023,2,2,Автономные локальные центры,False
582,2024,2,2,Автономные локальные центры,False
583,2023,2,2,Автономные локальные центры,False
583,2024,2,2,Автономные локальные центры,False
584,2023,2,2,Автономные локальные центры,False
584,2024,2,2,Автономные локальные центры,False
585,2023,2,2,Автономные локальные центры,False
585,2024,2,2,Автономные локальные центры,False
586,2023,2,2,Автономные локальные центры,False
586,2024,2,2,Автономные локальные центры,False
587,2023,2,2,Автономные локальные центры,False
587,2024,2,2,Автономные локальные центры,False
588,2023,2,2,Автономные локальные центры,False
588,2024,2,2,Автономные локальные центры,False
589,2023,2,2,Автономные локальные центры,False
589,2024,2,2,Автономные локальные центры,False
591,2023,2,2,Автономные локальные центры,False
591,2024,2,2,Автономные локальные центры,False
592,2023,2,2,Автономные локальные центры,False
592,2024,2,2,Автономные локальные центры,False
593,2023,2,2,Автономные локальные центры,False
593,2024,2,2,Автономные локальные центры,False
594,2023,2,2,Автономные локальные центры,False
594,2024,2,2,Автономные локальные центры,False
595,2023,2,2,Автономные локальные центры,False
595,2024,2,2,Автономные локальные центры,False
598,2023,2,2,Автономные локальные центры,False
598,2024,2,2,Автономные локальные центры,False
599,2023,2,2,Автономные локальные центры,False
599,2024,2,2,Автономные локальные центры,False
600,2023,2,2,Автономные локальные центры,False
600,2024,2,2,Автономные локальные центры,False
601,2023,2,2,Автономные локальные центры,False
601,2024,2,2,Автономные локальные центры,False
602,2023,2,2,Автономные локальные центры,False
602,2024,2,2,Автономные локальные центры,False
603,2023,2,2,Автономные локальные центры,False
603,2024,2,2,Автономные локальные центры,False
604,2023,2,2,Автономные локальные центры,False
604,2024,2,2,Автономные локальные центры,False
605,2023,2,2,Автономные локальные центры,False
605,2024,2,2,Автономные локальные центры,False
606,2023,2,2,Автономные локальные центры,False
606,2024,2,2,Автономные локальные центры,False
607,2023,2,2,Автономные локальные центры,False
607,2024,2,2,Автономные локальные центры,False
608,2023,2,2,Автономные локальные центры,False
608,2024,2,2,Автономные локальные центры,False
612,2023,2,2,Автономные локальные центры,False
612,2024,2,2,Автономные локальные центры,False
613,2023,2,2,Автономные локальные центры,False
613,2024,2,2,Автономные локальные центры,False
614,2023,2,2,Автономные локальные центры,False
614,2024,2,2,Автономные локальные центры,False
615,2023,2,2,Автономные локальные центры,False
615,2024,2,2,Автономные локальные центры,False
616,2023,2,2,Автономные локальные центры,False
616,2024,2,2,Автономные локальные центры,False
618,2023,2,2,Автономные локальные центры,False
618,2024,2,2,Автономные локальные центры,False
619,2023,2,2,Автономные локальные центры,False
619,2024,2,2,Автономные локальные центры,False
621,2023,2,2,Автономные локальные центры,False
621,2024,2,2,Автономные локальные центры,False
666,2023,3,2,Автономные локальные центры,True
666,2024,3,2,Автономные локальные центры,True
667,2023,2,2,Автономные локальные центры,False
667,2024,2,2,Автономные локальные центры,False
668,2023,1,1,Цифровая повседневность,False
668,2024,1,1,Цифровая повседневность,False
669,2023,2,1,Цифровая повседневность,True
669,2024,2,2,Автономные локальные центры,False
670,2023,2,2,Автономные локальные центры,False
670,2024,2,2,Автономные локальные центры,False
671,2023,2,2,Автономные локальные центры,False
671,2024,2,2,Автономные локальные центры,False
674,2023,2,2,Автономные локальные центры,False
674,2024,2,2,Автономные локальные центры,False
675,2023,2,2,Автономные локальные центры,False
675,2024,2,2,Автономные локальные центры,False
676,2023,2,2,Автономные локальные центры,False
676,2024,2,2,Автономные локальные центры,False
677,2023,2,2,Автономные локальные центры,False
677,2024,2,2,Автономные локальные центры,False
678,2023,2,2,Автономные локальные центры,False
678,2024,2,2,Автономные локальные центры,False
679,2023,2,2,Автономные локальные центры,False
679,2024,2,2,Автономные локальные центры,False
680,2023,2,2,Автономные локальные центры,False
680,2024,2,2,Автономные локальные центры,False
683,2023,1,1,Цифровая повседневность,False
683,2024,1,1,Цифровая повседневность,False
685,2023,1,1,Цифровая повседневность,False
685,2024,2,2,Автономные локальные центры,False
686,2023,2,2,Автономные локальные центры,False
686,2024,2,2,Автономные локальные центры,False
687,2023,1,1,Цифровая повседневность,False
687,2024,1,1,Цифровая повседневность,False
689,2023,2,2,Автономные локальные центры,False
689,2024,2,2,Автономные локальные центры,False
690,2023,1,1,Цифровая повседневность,False
690,2024,1,1,Цифровая повседневность,False
691,2023,1,1,Цифровая повседневность,False
691,2024,1,1,Цифровая повседневность,False
692,2023,1,1,Цифровая повседневность,False
692,2024,1,1,Цифровая повседневность,False
693,2023,2,2,Автономные локальные центры,False
693,2024,2,2,Автономные локальные центры,False
694,2023,2,2,Автономные локальные центры,False
694,2024,2,2,Автономные локальные центры,False
695,2023,1,1,Цифровая повседневность,False
695,2024,1,1,Цифровая повседневность,False
696,2023,2,1,Цифровая повседневность,True
696,2024,1,1,Цифровая повседневность,False
697,2023,1,1,Цифровая повседневность,False
697,2024,1,1,Цифровая повседневность,False
698,2023,1,1,Цифровая повседневность,False
698,2024,1,1,Цифровая повседневность,False
699,2023,1,1,Цифровая повседневность,False
699,2024,1,1,Цифровая повседневность,False
701,2023,1,1,Цифровая повседневность,False
701,2024,1,1,Цифровая повседневность,False
702,2023,2,2,Автономные локальные центры,False
702,2024,2,2,Автономные локальные центры,False
703,2023,1,1,Цифровая повседневность,False
703,2024,1,1,Цифровая повседневность,False
704,2023,2,2,Автономные локальные центры,False
704,2024,1,1,Цифровая повседневность,False
705,2023,1,1,Цифровая повседневность,False
705,2024,1,1,Цифровая повседневность,False
706,2023,1,1,Цифровая повседневность,False
706,2024,1,1,Цифровая повседневность,False
708,2023,2,2,Автономные локальные центры,False
708,2024,2,2,Автономные локальные центры,False
710,2023,1,1,Цифровая повседневность,False
710,2024,1,1,Цифровая повседневность,False
711,2023,2,2,Автономные локальные центры,False
711,2024,2,1,Цифровая повседневность,True
712,2023,1,1,Цифровая повседневность,False
712,2024,1,1,Цифровая повседневность,False
713,2023,1,1,Цифровая повседневность,False
713,2024,1,1,Цифровая повседневность,False
714,2023,2,1,Цифровая повседневность,True
714,2024,1,1,Цифровая повседневность,False
715,2023,1,1,Цифровая повседневность,False
715,2024,1,1,Цифровая повседневность,False
716,2023,2,2,Автономные локальные центры,False
716,2024,2,2,Автономные локальные центры,False
717,2023,1,1,Цифровая повседневность,False
717,2024,1,1,Цифровая повседневность,False
718,2023,2,2,Автономные локальные центры,False
718,2024,2,2,Автономные локальные центры,False
719,2023,1,1,Цифровая повседневность,False
719,2024,1,1,Цифровая повседневность,False
720,2023,2,2,Автономные локальные центры,False
720,2024,2,2,Автономные локальные центры,False
721,2023,1,1,Цифровая повседневность,False
721,2024,1,1,Цифровая повседневность,False
722,2023,2,2,Автономные локальные центры,False
722,2024,2,2,Автономные локальные центры,False
723,2023,1,1,Цифровая повседневность,False
723,2024,1,1,Цифровая повседневность,False
725,2023,2,2,Автономные локальные центры,False
725,2024,2,2,Автономные локальные центры,False
726,2023,2,2,Автономные локальные центры,False
726,2024,2,2,Автономные локальные центры,False
727,2023,3,3,Крупные центры,False
727,2024,3,3,Крупные центры,False
731,2023,1,1,Цифровая повседневность,False
731,2024,2,1,Цифровая повседневность,True
734,2023,1,1,Цифровая повседневность,False
734,2024,1,1,Цифровая повседневность,False
735,2023,1,1,Цифровая повседневность,False
735,2024,1,1,Цифровая повседневность,False
736,2023,1,1,Цифровая повседневность,False
736,2024,1,1,Цифровая повседневность,False
737,2023,1,1,Цифровая повседневность,False
737,2024,1,1,Цифровая повседневность,False
738,2023,1,1,Цифровая повседневность,False
738,2024,1,1,Цифровая повседневность,False
739,2023,1,1,Цифровая повседневность,False
739,2024,1,1,Цифровая повседневность,False
741,2023,1,1,Цифровая повседневность,False
741,2024,1,1,Цифровая повседневность,False
742,2023,1,1,Цифровая повседневность,False
742,2024,1,1,Цифровая повседневность,False
743,2023,1,1,Цифровая повседневность,False
743,2024,1,1,Цифровая повседневность,False
744,2023,1,1,Цифровая повседневность,False
744,2024,1,1,Цифровая повседневность,False
745,2023,1,1,Цифровая повседневность,False
745,2024,1,1,Цифровая повседневность,False
746,2023,1,1,Цифровая повседневность,False
746,2024,1,1,Цифровая повседневность,False
747,2023,1,1,Цифровая повседневность,False
747,2024,1,1,Цифровая повседневность,False
748,2023,2,1,Цифровая повседневность,True
748,2024,2,2,Автономные локальные центры,False
749,2023,1,1,Цифровая повседневность,False
749,2024,1,1,Цифровая повседневность,False
751,2023,1,1,Цифровая повседневность,False
751,2024,1,1,Цифровая повседневность,False
752,2023,1,1,Цифровая повседневность,False
752,2024,1,1,Цифровая повседневность,False
753,2023,1,1,Цифровая повседневность,False
753,2024,1,1,Цифровая повседневность,False
754,2023,2,1,Цифровая повседневность,True
754,2024,2,1,Цифровая повседневность,True
755,2023,1,1,Цифровая повседневность,False
755,2024,1,1,Цифровая повседневность,False
756,2023,1,1,Цифровая повседневность,False
756,2024,1,1,Цифровая повседневность,False
757,2023,3,3,Крупные центры,False
757,2024,3,3,Крупные центры,False
758,2023,1,1,Цифровая повседневность,False
758,2024,1,1,Цифровая повседневность,False
760,2023,1,1,Цифровая повседневность,False
760,2024,1,1,Цифровая повседневность,False
761,2023,1,1,Цифровая повседневность,False
761,2024,1,1,Цифровая повседневность,False
763,2023,2,2,Автономные локальные центры,False
763,2024,2,2,Автономные локальные центры,False
764,2023,1,1,Цифровая повседневность,False
764,2024,1,1,Цифровая повседневность,False
765,2023,1,1,Цифровая повседневность,False
765,2024,1,1,Цифровая повседневность,False
766,2023,1,1,Цифровая повседневность,False
766,2024,2,1,Цифровая повседневность,True
767,2023,2,1,Цифровая повседневность,True
767,2024,2,2,Автономные локальные центры,False
769,2023,1,1,Цифровая повседневность,False
769,2024,1,1,Цифровая повседневность,False
770,2023,1,1,Цифровая повседневность,False
770,2024,1,1,Цифровая повседневность,False
771,2023,1,1,Цифровая повседневность,False
771,2024,1,1,Цифровая повседневность,False
773,2023,1,1,Цифровая повседневность,False
773,2024,1,1,Цифровая повседневность,False
774,2023,1,1,Цифровая повседневность,False
774,2024,1,1,Цифровая повседневность,False
775,2023,3,2,Автономные локальные центры,True
775,2024,3,2,Автономные локальные центры,True
776,2023,2,2,Автономные локальные центры,False
776,2024,2,2,Автономные локальные центры,False
777,2023,2,2,Автономные локальные центры,False
777,2024,2,2,Автономные локальные центры,False
778,2023,2,2,Автономные локальные центры,False
778,2024,2,2,Автономные локальные центры,False
779,2023,2,2,Автономные локальные центры,False
779,2024,2,2,Автономные локальные центры,False
780,2023,2,2,Автономные локальные центры,False
780,2024,2,2,Автономные локальные центры,False
781,2023,2,2,Автономные локальные центры,False
781,2024,2,2,Автономные локальные центры,False
782,2023,2,2,Автономные локальные центры,False
782,2024,2,2,Автономные локальные центры,False
783,2023,2,2,Автономные локальные центры,False
783,2024,2,2,Автономные локальные центры,False
784,2023,2,2,Автономные локальные центры,False
784,2024,2,2,Автономные локальные центры,False
785,2023,2,2,Автономные локальные центры,False
785,2024,2,2,Автономные локальные центры,False
787,2023,2,2,Автономные локальные центры,False
787,2024,2,2,Автономные локальные центры,False
788,2023,2,2,Автономные локальные центры,False
788,2024,2,2,Автономные локальные центры,False
789,2023,2,2,Автономные локальные центры,False
789,2024,2,2,Автономные локальные центры,False
790,2023,2,2,Автономные локальные центры,False
790,2024,2,2,Автономные локальные центры,False
791,2023,2,2,Автономные локальные центры,False
791,2024,2,2,Автономные локальные центры,False
792,2023,2,2,Автономные локальные центры,False
792,2024,2,2,Автономные локальные центры,False
793,2023,2,2,Автономные локальные центры,False
793,2024,2,2,Автономные локальные центры,False
794,2023,2,2,Автономные локальные центры,False
794,2024,2,2,Автономные локальные центры,False
795,2023,2,2,Автономные локальные центры,False
795,2024,2,2,Автономные локальные центры,False
796,2023,2,2,Автономные локальные центры,False
796,2024,2,2,Автономные локальные центры,False
797,2023,2,2,Автономные локальные центры,False
797,2024,2,2,Автономные локальные центры,False
798,2023,2,2,Автономные локальные центры,False
798,2024,2,2,Автономные локальные центры,False
799,2023,2,2,Автономные локальные центры,False
799,2024,2,2,Автономные локальные центры,False
800,2023,2,2,Автономные локальные центры,False
800,2024,2,2,Автономные локальные центры,False
801,2023,2,2,Автономные локальные центры,False
801,2024,2,2,Автономные локальные центры,False
802,2023,2,2,Автономные локальные центры,False
802,2024,2,2,Автономные локальные центры,False
803,2023,2,2,Автономные локальные центры,False
803,2024,2,2,Автономные локальные центры,False
804,2023,2,2,Автономные локальные центры,False
804,2024,2,2,Автономные локальные центры,False
805,2023,2,2,Автономные локальные центры,False
805,2024,2,2,Автономные локальные центры,False
806,2023,2,2,Автономные локальные центры,False
806,2024,2,2,Автономные локальные центры,False
807,2023,2,2,Автономные локальные центры,False
807,2024,2,2,Автономные локальные центры,False
808,2023,2,2,Автономные локальные центры,False
808,2024,2,2,Автономные локальные центры,False
809,2023,3,3,Крупные центры,False
809,2024,3,3,Крупные центры,False
810,2023,1,1,Цифровая повседневность,False
810,2024,1,1,Цифровая повседневность,False
811,2023,3,3,Крупные центры,False
811,2024,3,3,Крупные центры,False
812,2023,3,3,Крупные центры,False
812,2024,3,3,Крупные центры,False
813,2023,3,3,Крупные центры,False
813,2024,3,3,Крупные центры,False
814,2023,1,1,Цифровая повседневность,False
814,2024,1,1,Цифровая повседневность,False
815,2023,1,1,Цифровая повседневность,False
815,2024,1,1,Цифровая повседневность,False
817,2023,1,1,Цифровая повседневность,False
817,2024,1,1,Цифровая повседневность,False
818,2023,1,1,Цифровая повседневность,False
818,2024,3,3,Крупные центры,False
819,2023,3,3,Крупные центры,False
819,2024,3,3,Крупные центры,False
820,2023,3,3,Крупные центры,False
820,2024,3,3,Крупные центры,False
821,2023,1,1,Цифровая повседневность,False
821,2024,1,1,Цифровая повседневность,False
822,2023,1,1,Цифровая повседневность,False
822,2024,1,1,Цифровая повседневность,False
823,2023,1,1,Цифровая повседневность,False
823,2024,1,1,Цифровая повседневность,False
824,2023,3,3,Крупные центры,False
824,2024,3,3,Крупные центры,False
825,2023,1,1,Цифровая повседневность,False
825,2024,1,1,Цифровая повседневность,False
826,2023,1,1,Цифровая повседневность,False
826,2024,1,1,Цифровая повседневность,False
827,2023,1,1,Цифровая повседневность,False
827,2024,1,1,Цифровая повседневность,False
828,2023,1,1,Цифровая повседневность,False
828,2024,1,1,Цифровая повседневность,False
829,2023,1,1,Цифровая повседневность,False
829,2024,1,1,Цифровая повседневность,False
830,2023,1,1,Цифровая повседневность,False
830,2024,3,1,Цифровая повседневность,True
831,2023,1,1,Цифровая повседневность,False
831,2024,1,1,Цифровая повседневность,False
832,2023,1,1,Цифровая повседневность,False
832,2024,1,1,Цифровая повседневность,False
833,2023,1,1,Цифровая повседневность,False
833,2024,1,1,Цифровая повседневность,False
834,2023,1,1,Цифровая повседневность,False
834,2024,1,1,Цифровая повседневность,False
835,2023,1,1,Цифровая повседневность,False
835,2024,1,1,Цифровая повседневность,False
836,2023,1,1,Цифровая повседневность,False
836,2024,1,1,Цифровая повседневность,False
838,2023,1,1,Цифровая повседневность,False
838,2024,1,1,Цифровая повседневность,False
839,2023,1,1,Цифровая повседневность,False
839,2024,1,1,Цифровая повседневность,False
840,2023,1,1,Цифровая повседневность,False
840,2024,1,1,Цифровая повседневность,False
841,2023,3,3,Крупные центры,False
841,2024,3,3,Крупные центры,False
842,2023,2,2,Автономные локальные центры,False
842,2024,2,2,Автономные локальные центры,False
843,2023,2,2,Автономные локальные центры,False
843,2024,2,2,Автономные локальные центры,False
844,2023,2,2,Автономные локальные центры,False
844,2024,2,2,Автономные локальные центры,False
846,2023,2,2,Автономные локальные центры,False
846,2024,2,2,Автономные локальные центры,False
847,2023,2,2,Автономные локальные центры,False
847,2024,2,2,Автономные локальные центры,False
848,2023,2,2,Автономные локальные центры,False
848,2024,2,2,Автономные локальные центры,False
849,2023,2,2,Автономные локальные центры,False
849,2024,2,2,Автономные локальные центры,False
851,2023,2,2,Автономные локальные центры,False
851,2024,2,2,Автономные локальные центры,False
852,2023,2,2,Автономные локальные центры,False
852,2024,2,2,Автономные локальные центры,False
853,2023,2,2,Автономные локальные центры,False
853,2024,2,2,Автономные локальные центры,False
854,2023,2,2,Автономные локальные центры,False
854,2024,2,2,Автономные локальные центры,False
855,2023,2,2,Автономные локальные центры,False
855,2024,2,2,Автономные локальные центры,False
856,2023,2,2,Автономные локальные центры,False
856,2024,2,2,Автономные локальные центры,False
857,2023,2,2,Автономные локальные центры,False
857,2024,2,2,Автономные локальные центры,False
859,2023,2,2,Автономные локальные центры,False
859,2024,2,2,Автономные локальные центры,False
860,2023,3,2,Автономные локальные центры,True
860,2024,3,2,Автономные локальные центры,True
870,2023,2,2,Автономные локальные центры,False
870,2024,2,2,Автономные локальные центры,False
871,2023,2,2,Автономные локальные центры,False
871,2024,2,2,Автономные локальные центры,False
872,2023,2,2,Автономные локальные центры,False
872,2024,3,2,Автономные локальные центры,True
873,2023,2,2,Автономные локальные центры,False
873,2024,2,2,Автономные локальные центры,False
874,2023,2,2,Автономные локальные центры,False
874,2024,2,2,Автономные локальные центры,False
875,2023,2,2,Автономные локальные центры,False
875,2024,2,2,Автономные локальные центры,False
876,2023,2,2,Автономные локальные центры,False
876,2024,2,2,Автономные локальные центры,False
877,2023,2,2,Автономные локальные центры,False
877,2024,2,2,Автономные локальные центры,False
878,2023,2,2,Автономные локальные центры,False
878,2024,2,2,Автономные локальные центры,False
879,2023,2,2,Автономные локальные центры,False
879,2024,2,2,Автономные локальные центры,False
880,2023,2,2,Автономные локальные центры,False
880,2024,2,2,Автономные локальные центры,False
881,2023,2,2,Автономные локальные центры,False
881,2024,2,2,Автономные локальные центры,False
882,2023,2,2,Автономные локальные центры,False
882,2024,2,2,Автономные локальные центры,False
883,2023,2,2,Автономные локальные центры,False
883,2024,2,2,Автономные локальные центры,False
884,2023,2,2,Автономные локальные центры,False
884,2024,2,2,Автономные локальные центры,False
885,2023,2,2,Автономные локальные центры,False
885,2024,2,2,Автономные локальные центры,False
886,2023,2,2,Автономные локальные центры,False
886,2024,2,2,Автономные локальные центры,False
888,2023,2,2,Автономные локальные центры,False
888,2024,2,2,Автономные локальные центры,False
889,2023,2,2,Автономные локальные центры,False
889,2024,2,2,Автономные локальные центры,False
890,2023,2,2,Автономные локальные центры,False
890,2024,2,2,Автономные локальные центры,False
891,2023,2,2,Автономные локальные центры,False
891,2024,2,1,Цифровая повседневность,True
892,2023,2,2,Автономные локальные центры,False
892,2024,2,2,Автономные локальные центры,False
895,2023,1,1,Цифровая повседневность,False
895,2024,1,2,Автономные локальные центры,True
896,2023,2,2,Автономные локальные центры,False
896,2024,2,2,Автономные локальные центры,False
897,2023,1,1,Цифровая повседневность,False
897,2024,1,1,Цифровая повседневность,False
898,2023,1,1,Цифровая повседневность,False
898,2024,1,1,Цифровая повседневность,False
899,2023,1,1,Цифровая повседневность,False
899,2024,1,1,Цифровая повседневность,False
900,2023,1,1,Цифровая повседневность,False
900,2024,1,1,Цифровая повседневность,False
901,2023,1,1,Цифровая повседневность,False
901,2024,1,1,Цифровая повседневность,False
902,2023,1,1,Цифровая повседневность,False
902,2024,1,1,Цифровая повседневность,False
903,2023,1,1,Цифровая повседневность,False
903,2024,1,1,Цифровая повседневность,False
904,2023,1,1,Цифровая повседневность,False
904,2024,1,1,Цифровая повседневность,False
905,2023,1,1,Цифровая повседневность,False
905,2024,1,1,Цифровая повседневность,False
907,2023,2,1,Цифровая повседневность,True
907,2024,1,1,Цифровая повседневность,False
908,2023,2,1,Цифровая повседневность,True
908,2024,2,1,Цифровая повседневность,True
909,2023,1,2,Автономные локальные центры,True
909,2024,2,2,Автономные локальные центры,False
911,2023,2,1,Цифровая повседневность,True
911,2024,2,2,Автономные локальные центры,False
912,2023,2,2,Автономные локальные центры,False
912,2024,2,2,Автономные локальные центры,False
913,2023,1,1,Цифровая повседневность,False
913,2024,1,1,Цифровая повседневность,False
914,2023,1,1,Цифровая повседневность,False
914,2024,1,1,Цифровая повседневность,False
915,2023,1,1,Цифровая повседневность,False
915,2024,1,1,Цифровая повседневность,False
916,2023,2,2,Автономные локальные центры,False
916,2024,2,2,Автономные локальные центры,False
917,2023,2,2,Автономные локальные центры,False
917,2024,2,2,Автономные локальные центры,False
918,2023,3,3,Крупные центры,False
918,2024,3,3,Крупные центры,False
920,2023,1,1,Цифровая повседневность,False
920,2024,1,1,Цифровая повседневность,False
922,2023,1,1,Цифровая повседневность,False
922,2024,1,1,Цифровая повседневность,False
923,2023,1,1,Цифровая повседневность,False
923,2024,1,1,Цифровая повседневность,False
924,2023,1,1,Цифровая повседневность,False
924,2024,1,1,Цифровая повседневность,False
925,2023,1,1,Цифровая повседневность,False
925,2024,1,1,Цифровая повседневность,False
926,2023,1,1,Цифровая повседневность,False
926,2024,1,1,Цифровая повседневность,False
927,2023,2,1,Цифровая повседневность,True
927,2024,2,2,Автономные локальные центры,False
928,2023,3,1,Цифровая повседневность,True
928,2024,3,3,Крупные центры,False
929,2023,1,1,Цифровая повседневность,False
929,2024,1,1,Цифровая повседневность,False
930,2023,1,1,Цифровая повседневность,False
930,2024,1,1,Цифровая повседневность,False
986,2023,3,3,Крупные центры,False
986,2024,3,3,Крупные центры,False
987,2023,1,1,Цифровая повседневность,False
987,2024,1,1,Цифровая повседневность,False
988,2023,3,1,Цифровая повседневность,True
988,2024,3,3,Крупные центры,False
989,2023,1,1,Цифровая повседневность,False
989,2024,3,1,Цифровая повседневность,True
991,2023,1,1,Цифровая повседневность,False
991,2024,3,3,Крупные центры,False
992,2023,1,1,Цифровая повседневность,False
992,2024,1,1,Цифровая повседневность,False
993,2023,1,1,Цифровая повседневность,False
993,2024,1,1,Цифровая повседневность,False
994,2023,1,1,Цифровая повседневность,False
994,2024,1,1,Цифровая повседневность,False
995,2023,1,1,Цифровая повседневность,False
995,2024,1,1,Цифровая повседневность,False
996,2023,1,1,Цифровая повседневность,False
996,2024,1,1,Цифровая повседневность,False
998,2023,1,1,Цифровая повседневность,False
998,2024,1,1,Цифровая повседневность,False
999,2023,1,1,Цифровая повседневность,False
999,2024,1,1,Цифровая повседневность,False
1001,2023,1,1,Цифровая повседневность,False
1001,2024,1,1,Цифровая повседневность,False
1002,2023,1,1,Цифровая повседневность,False
1002,2024,1,1,Цифровая повседневность,False
1003,2023,1,1,Цифровая повседневность,False
1003,2024,1,1,Цифровая повседневность,False
1004,2023,1,1,Цифровая повседневность,False
1004,2024,1,1,Цифровая повседневность,False
1005,2023,1,1,Цифровая повседневность,False
1005,2024,1,1,Цифровая повседневность,False
1006,2023,1,1,Цифровая повседневность,False
1006,2024,1,1,Цифровая повседневность,False
1007,2023,3,3,Крупные центры,False
1007,2024,3,3,Крупные центры,False
1008,2023,3,1,Цифровая повседневность,True
1008,2024,3,3,Крупные центры,False
1009,2023,1,1,Цифровая повседневность,False
1009,2024,1,1,Цифровая повседневность,False
1010,2023,1,1,Цифровая повседневность,False
1010,2024,1,1,Цифровая повседневность,False
1011,2023,1,1,Цифровая повседневность,False
1011,2024,1,1,Цифровая повседневность,False
1012,2023,1,1,Цифровая повседневность,False
1012,2024,1,1,Цифровая повседневность,False
1013,2023,1,1,Цифровая повседневность,False
1013,2024,1,1,Цифровая повседневность,False
1014,2023,1,1,Цифровая повседневность,False
1014,2024,1,1,Цифровая повседневность,False
1015,2023,1,1,Цифровая повседневность,False
1015,2024,1,1,Цифровая повседневность,False
1016,2023,1,1,Цифровая повседневность,False
1016,2024,1,1,Цифровая повседневность,False
1017,2023,1,1,Цифровая повседневность,False
1017,2024,1,1,Цифровая повседневность,False
1018,2023,1,1,Цифровая повседневность,False
1018,2024,1,1,Цифровая повседневность,False
1019,2023,1,1,Цифровая повседневность,False
1019,2024,1,1,Цифровая повседневность,False
1020,2023,1,1,Цифровая повседневность,False
1020,2024,1,1,Цифровая повседневность,False
1021,2023,1,1,Цифровая повседневность,False
1021,2024,1,1,Цифровая повседневность,False
1023,2023,1,1,Цифровая повседневность,False
1023,2024,1,1,Цифровая повседневность,False
1024,2023,1,1,Цифровая повседневность,False
1024,2024,1,1,Цифровая повседневность,False
1025,2023,1,1,Цифровая повседневность,False
1025,2024,1,1,Цифровая повседневность,False
1026,2023,1,1,Цифровая повседневность,False
1026,2024,1,1,Цифровая повседневность,False
1027,2023,1,1,Цифровая повседневность,False
1027,2024,1,1,Цифровая повседневность,False
1028,2023,1,1,Цифровая повседневность,False
1028,2024,1,1,Цифровая повседневность,False
1029,2023,1,1,Цифровая повседневность,False
1029,2024,1,1,Цифровая повседневность,False
1030,2023,1,1,Цифровая повседневность,False
1030,2024,1,1,Цифровая повседневность,False
1031,2023,1,1,Цифровая повседневность,False
1031,2024,1,1,Цифровая повседневность,False
1032,2023,1,1,Цифровая повседневность,False
1032,2024,1,1,Цифровая повседневность,False
1033,2023,1,1,Цифровая повседневность,False
1033,2024,1,1,Цифровая повседневность,False
1034,2023,1,1,Цифровая повседневность,False
1034,2024,1,1,Цифровая повседневность,False
1035,2023,1,1,Цифровая повседневность,False
1035,2024,1,1,Цифровая повседневность,False
1036,2023,1,1,Цифровая повседневность,False
1036,2024,1,1,Цифровая повседневность,False
1037,2023,1,1,Цифровая повседневность,False
1037,2024,1,1,Цифровая повседневность,False
1038,2023,1,1,Цифровая повседневность,False
1038,2024,1,1,Цифровая повседневность,False
1039,2023,1,1,Цифровая повседневность,False
1039,2024,1,1,Цифровая повседневность,False
1040,2023,1,1,Цифровая повседневность,False
1040,2024,1,1,Цифровая повседневность,False
1041,2023,1,1,Цифровая повседневность,False
1041,2024,1,1,Цифровая повседневность,False
1044,2023,1,1,Цифровая повседневность,False
1044,2024,1,1,Цифровая повседневность,False
1047,2023,1,1,Цифровая повседневность,False
1047,2024,1,1,Цифровая повседневность,False
1048,2023,1,1,Цифровая повседневность,False
1048,2024,1,1,Цифровая повседневность,False
1049,2023,2,2,Автономные локальные центры,False
1049,2024,2,2,Автономные локальные центры,False
1051,2023,2,2,Автономные локальные центры,False
1051,2024,2,2,Автономные локальные центры,False
1052,2023,1,1,Цифровая повседневность,False
1052,2024,1,1,Цифровая повседневность,False
1053,2023,1,1,Цифровая повседневность,False
1053,2024,1,1,Цифровая повседневность,False
1054,2023,1,1,Цифровая повседневность,False
1054,2024,3,1,Цифровая повседневность,True
1055,2023,2,1,Цифровая повседневность,True
1055,2024,2,1,Цифровая повседневность,True
1056,2023,1,1,Цифровая повседневность,False
1056,2024,1,1,Цифровая повседневность,False
1057,2023,1,1,Цифровая повседневность,False
1057,2024,1,1,Цифровая повседневность,False
1058,2023,1,1,Цифровая повседневность,False
1058,2024,1,1,Цифровая повседневность,False
1059,2023,1,1,Цифровая повседневность,False
1059,2024,2,1,Цифровая повседневность,True
1060,2023,1,1,Цифровая повседневность,False
1060,2024,1,1,Цифровая повседневность,False
1061,2023,1,1,Цифровая повседневность,False
1061,2024,1,1,Цифровая повседневность,False
1062,2023,1,1,Цифровая повседневность,False
1062,2024,1,1,Цифровая повседневность,False
1063,2023,1,1,Цифровая повседневность,False
1063,2024,1,1,Цифровая повседневность,False
1064,2023,1,1,Цифровая повседневность,False
1064,2024,1,1,Цифровая повседневность,False
1065,2023,1,1,Цифровая повседневность,False
1065,2024,1,1,Цифровая повседневность,False
1066,2023,1,1,Цифровая повседневность,False
1066,2024,1,1,Цифровая повседневность,False
1067,2023,1,1,Цифровая повседневность,False
1067,2024,1,1,Цифровая повседневность,False
1068,2023,1,1,Цифровая повседневность,False
1068,2024,1,1,Цифровая повседневность,False
1069,2023,1,1,Цифровая повседневность,False
1069,2024,1,1,Цифровая повседневность,False
1070,2023,1,1,Цифровая повседневность,False
1070,2024,1,1,Цифровая повседневность,False
1071,2023,2,1,Цифровая повседневность,True
1071,2024,2,1,Цифровая повседневность,True
1072,2023,1,1,Цифровая повседневность,False
1072,2024,1,1,Цифровая повседневность,False
1107,2023,3,3,Крупные центры,False
1107,2024,3,3,Крупные центры,False
1108,2023,1,1,Цифровая повседневность,False
1108,2024,1,1,Цифровая повседневность,False
1109,2023,1,1,Цифровая повседневность,False
1109,2024,1,1,Цифровая повседневность,False
1110,2023,1,1,Цифровая повседневность,False
1110,2024,1,1,Цифровая повседневность,False
1111,2023,1,1,Цифровая повседневность,False
1111,2024,1,1,Цифровая повседневность,False
1112,2023,1,1,Цифровая повседневность,False
1112,2024,1,1,Цифровая повседневность,False
1113,2023,1,1,Цифровая повседневность,False
1113,2024,1,1,Цифровая повседневность,False
1115,2023,1,1,Цифровая повседневность,False
1115,2024,1,1,Цифровая повседневность,False
1116,2023,1,1,Цифровая повседневность,False
1116,2024,1,1,Цифровая повседневность,False
1117,2023,3,3,Крупные центры,False
1117,2024,3,3,Крупные центры,False
1118,2023,1,1,Цифровая повседневность,False
1118,2024,1,1,Цифровая повседневность,False
1119,2023,1,1,Цифровая повседневность,False
1119,2024,1,1,Цифровая повседневность,False
1120,2023,1,1,Цифровая повседневность,False
1120,2024,1,1,Цифровая повседневность,False
1121,2023,1,1,Цифровая повседневность,False
1121,2024,1,1,Цифровая повседневность,False
1122,2023,1,1,Цифровая повседневность,False
1122,2024,1,1,Цифровая повседневность,False
1123,2023,1,1,Цифровая повседневность,False
1123,2024,1,1,Цифровая повседневность,False
1124,2023,1,1,Цифровая повседневность,False
1124,2024,1,1,Цифровая повседневность,False
1125,2023,1,1,Цифровая повседневность,False
1125,2024,1,1,Цифровая повседневность,False
1126,2023,1,1,Цифровая повседневность,False
1126,2024,1,1,Цифровая повседневность,False
1127,2023,1,1,Цифровая повседневность,False
1127,2024,1,1,Цифровая повседневность,False
1128,2023,1,1,Цифровая повседневность,False
1128,2024,1,1,Цифровая повседневность,False
1129,2023,1,1,Цифровая повседневность,False
1129,2024,1,1,Цифровая повседневность,False
1130,2023,1,1,Цифровая повседневность,False
1130,2024,1,1,Цифровая повседневность,False
1131,2023,1,1,Цифровая повседневность,False
1131,2024,1,1,Цифровая повседневность,False
1132,2023,1,1,Цифровая повседневность,False
1132,2024,1,1,Цифровая повседневность,False
1133,2023,1,1,Цифровая повседневность,False
1133,2024,1,1,Цифровая повседневность,False
1134,2023,3,3,Крупные центры,False
1134,2024,3,3,Крупные центры,False
1135,2023,2,2,Автономные локальные центры,False
1135,2024,2,2,Автономные локальные центры,False
1136,2023,2,2,Автономные локальные центры,False
1136,2024,2,2,Автономные локальные центры,False
1137,2023,2,2,Автономные локальные центры,False
1137,2024,2,2,Автономные локальные центры,False
1138,2023,2,2,Автономные локальные центры,False
1138,2024,2,2,Автономные локальные центры,False
1139,2023,2,2,Автономные локальные центры,False
1139,2024,2,2,Автономные локальные центры,False
1140,2023,2,2,Автономные локальные центры,False
1140,2024,2,2,Автономные локальные центры,False
1141,2023,2,2,Автономные локальные центры,False
1141,2024,2,2,Автономные локальные центры,False
1142,2023,2,2,Автономные локальные центры,False
1142,2024,2,2,Автономные локальные центры,False
1143,2023,2,2,Автономные локальные центры,False
1143,2024,2,2,Автономные локальные центры,False
1144,2023,1,1,Цифровая повседневность,False
1144,2024,1,1,Цифровая повседневность,False
1146,2023,1,1,Цифровая повседневность,False
1146,2024,1,1,Цифровая повседневность,False
1147,2023,2,2,Автономные локальные центры,False
1147,2024,2,2,Автономные локальные центры,False
1148,2023,2,2,Автономные локальные центры,False
1148,2024,2,2,Автономные локальные центры,False
1149,2023,2,2,Автономные локальные центры,False
1149,2024,2,2,Автономные локальные центры,False
1150,2023,3,3,Крупные центры,False
1150,2024,3,3,Крупные центры,False
1151,2023,2,2,Автономные локальные центры,False
1151,2024,2,2,Автономные локальные центры,False
1152,2023,2,2,Автономные локальные центры,False
1152,2024,2,2,Автономные локальные центры,False
1153,2023,2,2,Автономные локальные центры,False
1153,2024,2,2,Автономные локальные центры,False
1154,2023,2,2,Автономные локальные центры,False
1154,2024,2,2,Автономные локальные центры,False
1155,2023,2,2,Автономные локальные центры,False
1155,2024,2,2,Автономные локальные центры,False
1157,2023,2,2,Автономные локальные центры,False
1157,2024,2,2,Автономные локальные центры,False
1158,2023,2,2,Автономные локальные центры,False
1158,2024,2,2,Автономные локальные центры,False
1159,2023,2,2,Автономные локальные центры,False
1159,2024,2,2,Автономные локальные центры,False
1160,2023,2,2,Автономные локальные центры,False
1160,2024,2,2,Автономные локальные центры,False
1161,2023,2,2,Автономные локальные центры,False
1161,2024,2,2,Автономные локальные центры,False
1163,2023,2,2,Автономные локальные центры,False
1163,2024,2,2,Автономные локальные центры,False
1164,2023,2,2,Автономные локальные центры,False
1164,2024,2,2,Автономные локальные центры,False
1165,2023,2,2,Автономные локальные центры,False
1165,2024,2,2,Автономные локальные центры,False
1166,2023,1,2,Автономные локальные центры,True
1166,2024,1,2,Автономные локальные центры,True
1167,2023,2,2,Автономные локальные центры,False
1167,2024,2,2,Автономные локальные центры,False
1168,2023,2,2,Автономные локальные центры,False
1168,2024,1,2,Автономные локальные центры,True
1169,2023,2,2,Автономные локальные центры,False
1169,2024,2,2,Автономные локальные центры,False
1170,2023,2,2,Автономные локальные центры,False
1170,2024,2,2,Автономные локальные центры,False
1171,2023,2,2,Автономные локальные центры,False
1171,2024,2,2,Автономные локальные центры,False
1172,2023,2,2,Автономные локальные центры,False
1172,2024,2,2,Автономные локальные центры,False
1173,2023,2,2,Автономные локальные центры,False
1173,2024,2,2,Автономные локальные центры,False
1174,2023,2,2,Автономные локальные центры,False
1174,2024,2,2,Автономные локальные центры,False
1175,2023,2,2,Автономные локальные центры,False
1175,2024,2,2,Автономные локальные центры,False
1176,2023,3,3,Крупные центры,False
1176,2024,3,3,Крупные центры,False
1178,2023,1,1,Цифровая повседневность,False
1178,2024,1,1,Цифровая повседневность,False
1179,2023,1,1,Цифровая повседневность,False
1179,2024,1,1,Цифровая повседневность,False
1180,2023,1,1,Цифровая повседневность,False
1180,2024,1,1,Цифровая повседневность,False
1181,2023,2,1,Цифровая повседневность,True
1181,2024,2,2,Автономные локальные центры,False
1184,2023,2,2,Автономные локальные центры,False
1184,2024,2,2,Автономные локальные центры,False
1185,2023,2,1,Цифровая повседневность,True
1185,2024,1,1,Цифровая повседневность,False
1186,2023,3,3,Крупные центры,False
1186,2024,3,3,Крупные центры,False
1187,2023,2,2,Автономные локальные центры,False
1187,2024,2,2,Автономные локальные центры,False
1188,2023,3,3,Крупные центры,False
1188,2024,3,3,Крупные центры,False
1189,2023,1,1,Цифровая повседневность,False
1189,2024,1,1,Цифровая повседневность,False
1190,2023,3,3,Крупные центры,False
1190,2024,3,3,Крупные центры,False
1191,2023,2,1,Цифровая повседневность,True
1191,2024,2,2,Автономные локальные центры,False
1192,2023,1,1,Цифровая повседневность,False
1192,2024,2,1,Цифровая повседневность,True
1193,2023,1,1,Цифровая повседневность,False
1193,2024,1,1,Цифровая повседневность,False
1194,2023,1,1,Цифровая повседневность,False
1194,2024,1,1,Цифровая повседневность,False
1195,2023,1,1,Цифровая повседневность,False
1195,2024,1,1,Цифровая повседневность,False
1196,2023,1,1,Цифровая повседневность,False
1196,2024,1,1,Цифровая повседневность,False
1197,2023,2,2,Автономные локальные центры,False
1197,2024,2,2,Автономные локальные центры,False
1198,2023,3,3,Крупные центры,False
1198,2024,3,3,Крупные центры,False
1200,2023,1,1,Цифровая повседневность,False
1200,2024,1,1,Цифровая повседневность,False
1201,2023,1,1,Цифровая повседневность,False
1201,2024,1,1,Цифровая повседневность,False
1203,2023,1,1,Цифровая повседневность,False
1203,2024,1,1,Цифровая повседневность,False
1204,2023,1,1,Цифровая повседневность,False
1204,2024,1,1,Цифровая повседневность,False
1205,2023,1,1,Цифровая повседневность,False
1205,2024,1,1,Цифровая повседневность,False
1206,2023,1,1,Цифровая повседневность,False
1206,2024,1,1,Цифровая повседневность,False
1207,2023,1,1,Цифровая повседневность,False
1207,2024,1,1,Цифровая повседневность,False
1208,2023,1,1,Цифровая повседневность,False
1208,2024,1,1,Цифровая повседневность,False
1209,2023,1,1,Цифровая повседневность,False
1209,2024,1,1,Цифровая повседневность,False
1210,2023,1,1,Цифровая повседневность,False
1210,2024,1,1,Цифровая повседневность,False
1211,2023,1,1,Цифровая повседневность,False
1211,2024,1,1,Цифровая повседневность,False
1212,2023,1,1,Цифровая повседневность,False
1212,2024,1,1,Цифровая повседневность,False
1213,2023,1,1,Цифровая повседневность,False
1213,2024,1,1,Цифровая повседневность,False
1214,2023,1,1,Цифровая повседневность,False
1214,2024,1,1,Цифровая повседневность,False
1215,2023,1,1,Цифровая повседневность,False
1215,2024,1,1,Цифровая повседневность,False
1217,2023,1,1,Цифровая повседневность,False
1217,2024,1,1,Цифровая повседневность,False
1218,2023,1,1,Цифровая повседневность,False
1218,2024,1,1,Цифровая повседневность,False
1219,2023,1,1,Цифровая повседневность,False
1219,2024,1,1,Цифровая повседневность,False
1220,2023,1,1,Цифровая повседневность,False
1220,2024,1,1,Цифровая повседневность,False
1221,2023,1,1,Цифровая повседневность,False
1221,2024,1,1,Цифровая повседневность,False
1222,2023,1,1,Цифровая повседневность,False
1222,2024,1,1,Цифровая повседневность,False
1223,2023,1,1,Цифровая повседневность,False
1223,2024,1,1,Цифровая повседневность,False
1224,2023,3,2,Автономные локальные центры,True
1224,2024,3,3,Крупные центры,False
1225,2023,2,2,Автономные локальные центры,False
1225,2024,2,2,Автономные локальные центры,False
1226,2023,2,2,Автономные локальные центры,False
1226,2024,2,2,Автономные локальные центры,False
1227,2023,2,2,Автономные локальные центры,False
1227,2024,2,2,Автономные локальные центры,False
1228,2023,2,2,Автономные локальные центры,False
1228,2024,2,2,Автономные локальные центры,False
1229,2023,2,2,Автономные локальные центры,False
1229,2024,2,2,Автономные локальные центры,False
1230,2023,2,2,Автономные локальные центры,False
1230,2024,2,2,Автономные локальные центры,False
1231,2023,2,2,Автономные локальные центры,False
1231,2024,2,2,Автономные локальные центры,False
1232,2023,2,2,Автономные локальные центры,False
1232,2024,2,2,Автономные локальные центры,False
1233,2023,2,2,Автономные локальные центры,False
1233,2024,2,2,Автономные локальные центры,False
1234,2023,2,2,Автономные локальные центры,False
1234,2024,2,2,Автономные локальные центры,False
1235,2023,2,2,Автономные локальные центры,False
1235,2024,2,2,Автономные локальные центры,False
1236,2023,2,2,Автономные локальные центры,False
1236,2024,2,2,Автономные локальные центры,False
1237,2023,2,1,Цифровая повседневность,True
1237,2024,1,1,Цифровая повседневность,False
1238,2023,2,2,Автономные локальные центры,False
1238,2024,2,2,Автономные локальные центры,False
1240,2023,2,2,Автономные локальные центры,False
1240,2024,1,1,Цифровая повседневность,False
1241,2023,1,1,Цифровая повседневность,False
1241,2024,2,1,Цифровая повседневность,True
1242,2023,1,1,Цифровая повседневность,False
1242,2024,1,1,Цифровая повседневность,False
1243,2023,3,3,Крупные центры,False
1243,2024,3,3,Крупные центры,False
1244,2023,1,1,Цифровая повседневность,False
1244,2024,1,1,Цифровая повседневность,False
1246,2023,2,1,Цифровая повседневность,True
1246,2024,2,1,Цифровая повседневность,True
1249,2023,2,2,Автономные локальные центры,False
1249,2024,2,2,Автономные локальные центры,False
1250,2023,2,2,Автономные локальные центры,False
1250,2024,2,2,Автономные локальные центры,False
1251,2023,1,1,Цифровая повседневность,False
1251,2024,1,1,Цифровая повседневность,False
1252,2023,2,2,Автономные локальные центры,False
1252,2024,2,2,Автономные локальные центры,False
1253,2023,1,1,Цифровая повседневность,False
1253,2024,1,1,Цифровая повседневность,False
1254,2023,2,1,Цифровая повседневность,True
1254,2024,2,1,Цифровая повседневность,True
1256,2023,1,1,Цифровая повседневность,False
1256,2024,2,1,Цифровая повседневность,True
1257,2023,1,1,Цифровая повседневность,False
1257,2024,1,1,Цифровая повседневность,False
1258,2023,3,3,Крупные центры,False
1258,2024,3,3,Крупные центры,False
1259,2023,1,1,Цифровая повседневность,False
1259,2024,1,1,Цифровая повседневность,False
1260,2023,2,1,Цифровая повседневность,True
1260,2024,2,1,Цифровая повседневность,True
1261,2023,1,1,Цифровая повседневность,False
1261,2024,1,1,Цифровая повседневность,False
1262,2023,1,1,Цифровая повседневность,False
1262,2024,1,1,Цифровая повседневность,False
1264,2023,2,1,Цифровая повседневность,True
1264,2024,1,1,Цифровая повседневность,False
1265,2023,1,1,Цифровая повседневность,False
1265,2024,1,1,Цифровая повседневность,False
1266,2023,1,1,Цифровая повседневность,False
1266,2024,1,1,Цифровая повседневность,False
1267,2023,1,1,Цифровая повседневность,False
1267,2024,1,1,Цифровая повседневность,False
1268,2023,1,1,Цифровая повседневность,False
1268,2024,1,1,Цифровая повседневность,False
1269,2023,1,1,Цифровая повседневность,False
1269,2024,1,1,Цифровая повседневность,False
1270,2023,1,1,Цифровая повседневность,False
1270,2024,1,1,Цифровая повседневность,False
1271,2023,1,1,Цифровая повседневность,False
1271,2024,1,1,Цифровая повседневность,False
1272,2023,1,1,Цифровая повседневность,False
1272,2024,1,1,Цифровая повседневность,False
1273,2023,1,1,Цифровая повседневность,False
1273,2024,1,1,Цифровая повседневность,False
1274,2023,1,1,Цифровая повседневность,False
1274,2024,1,1,Цифровая повседневность,False
1275,2023,1,1,Цифровая повседневность,False
1275,2024,1,1,Цифровая повседневность,False
1276,2023,1,1,Цифровая повседневность,False
1276,2024,1,1,Цифровая повседневность,False
1277,2023,1,1,Цифровая повседневность,False
1277,2024,1,1,Цифровая повседневность,False
1278,2023,1,1,Цифровая повседневность,False
1278,2024,1,1,Цифровая повседневность,False
1279,2023,1,1,Цифровая повседневность,False
1279,2024,1,1,Цифровая повседневность,False
1280,2023,1,1,Цифровая повседневность,False
1280,2024,1,1,Цифровая повседневность,False
1281,2023,1,1,Цифровая повседневность,False
1281,2024,1,1,Цифровая повседневность,False
1282,2023,1,1,Цифровая повседневность,False
1282,2024,1,1,Цифровая повседневность,False
1284,2023,1,1,Цифровая повседневность,False
1284,2024,1,1,Цифровая повседневность,False
1285,2023,1,1,Цифровая повседневность,False
1285,2024,1,1,Цифровая повседневность,False
1286,2023,1,1,Цифровая повседневность,False
1286,2024,1,1,Цифровая повседневность,False
1287,2023,1,1,Цифровая повседневность,False
1287,2024,1,1,Цифровая повседневность,False
1288,2023,1,1,Цифровая повседневность,False
1288,2024,1,1,Цифровая повседневность,False
1289,2023,1,1,Цифровая повседневность,False
1289,2024,1,1,Цифровая повседневность,False
1290,2023,1,1,Цифровая повседневность,False
1290,2024,1,1,Цифровая повседневность,False
1291,2023,1,1,Цифровая повседневность,False
1291,2024,1,1,Цифровая повседневность,False
1292,2023,1,1,Цифровая повседневность,False
1292,2024,1,1,Цифровая повседневность,False
1293,2023,1,1,Цифровая повседневность,False
1293,2024,1,1,Цифровая повседневность,False
1294,2023,1,1,Цифровая повседневность,False
1294,2024,1,1,Цифровая повседневность,False
1295,2023,1,1,Цифровая повседневность,False
1295,2024,1,1,Цифровая повседневность,False
1296,2023,1,1,Цифровая повседневность,False
1296,2024,1,1,Цифровая повседневность,False
1297,2023,1,1,Цифровая повседневность,False
1297,2024,1,1,Цифровая повседневность,False
1298,2023,1,1,Цифровая повседневность,False
1298,2024,1,1,Цифровая повседневность,False
1299,2023,1,1,Цифровая повседневность,False
1299,2024,1,1,Цифровая повседневность,False
1300,2023,1,1,Цифровая повседневность,False
1300,2024,1,1,Цифровая повседневность,False
1301,2023,1,1,Цифровая повседневность,False
1301,2024,1,1,Цифровая повседневность,False
1302,2023,1,1,Цифровая повседневность,False
1302,2024,1,1,Цифровая повседневность,False
1303,2023,3,1,Цифровая повседневность,True
1303,2024,3,1,Цифровая повседневность,True
1304,2023,1,1,Цифровая повседневность,False
1304,2024,1,1,Цифровая повседневность,False
1305,2023,1,1,Цифровая повседневность,False
1305,2024,1,1,Цифровая повседневность,False
1306,2023,1,1,Цифровая повседневность,False
1306,2024,1,1,Цифровая повседневность,False
1308,2023,1,1,Цифровая повседневность,False
1308,2024,1,1,Цифровая повседневность,False
1309,2023,1,1,Цифровая повседневность,False
1309,2024,1,1,Цифровая повседневность,False
1310,2023,1,1,Цифровая повседневность,False
1310,2024,1,1,Цифровая повседневность,False
1311,2023,1,1,Цифровая повседневность,False
1311,2024,1,1,Цифровая повседневность,False
1312,2023,1,1,Цифровая повседневность,False
1312,2024,1,1,Цифровая повседневность,False
1313,2023,1,1,Цифровая повседневность,False
1313,2024,1,1,Цифровая повседневность,False
1314,2023,1,1,Цифровая повседневность,False
1314,2024,1,1,Цифровая повседневность,False
1315,2023,1,1,Цифровая повседневность,False
1315,2024,1,1,Цифровая повседневность,False
1316,2023,1,1,Цифровая повседневность,False
1316,2024,1,1,Цифровая повседневность,False
1317,2023,1,1,Цифровая повседневность,False
1317,2024,1,1,Цифровая повседневность,False
1319,2023,1,1,Цифровая повседневность,False
1319,2024,1,1,Цифровая повседневность,False
1320,2023,1,1,Цифровая повседневность,False
1320,2024,1,1,Цифровая повседневность,False
1321,2023,1,1,Цифровая повседневность,False
1321,2024,1,1,Цифровая повседневность,False
1322,2023,1,1,Цифровая повседневность,False
1322,2024,1,1,Цифровая повседневность,False
1323,2023,1,1,Цифровая повседневность,False
1323,2024,1,1,Цифровая повседневность,False
1324,2023,1,1,Цифровая повседневность,False
1324,2024,1,1,Цифровая повседневность,False
1325,2023,1,1,Цифровая повседневность,False
1325,2024,1,1,Цифровая повседневность,False
1326,2023,1,1,Цифровая повседневность,False
1326,2024,1,1,Цифровая повседневность,False
1327,2023,1,1,Цифровая повседневность,False
1327,2024,1,1,Цифровая повседневность,False
1328,2023,1,1,Цифровая повседневность,False
1328,2024,1,1,Цифровая повседневность,False
1329,2023,1,1,Цифровая повседневность,False
1329,2024,1,1,Цифровая повседневность,False
1330,2023,1,1,Цифровая повседневность,False
1330,2024,1,1,Цифровая повседневность,False
1331,2023,1,1,Цифровая повседневность,False
1331,2024,1,1,Цифровая повседневность,False
1333,2023,2,1,Цифровая повседневность,True
1333,2024,2,2,Автономные локальные центры,False
1334,2023,1,1,Цифровая повседневность,False
1334,2024,1,1,Цифровая повседневность,False
1335,2023,1,1,Цифровая повседневность,False
1335,2024,1,1,Цифровая повседневность,False
1336,2023,1,1,Цифровая повседневность,False
1336,2024,1,1,Цифровая повседневность,False
1337,2023,1,1,Цифровая повседневность,False
1337,2024,1,1,Цифровая повседневность,False
1338,2023,1,1,Цифровая повседневность,False
1338,2024,1,1,Цифровая повседневность,False
1339,2023,1,1,Цифровая повседневность,False
1339,2024,1,1,Цифровая повседневность,False
1340,2023,1,1,Цифровая повседневность,False
1340,2024,1,1,Цифровая повседневность,False
1341,2023,1,1,Цифровая повседневность,False
1341,2024,1,1,Цифровая повседневность,False
1343,2023,1,1,Цифровая повседневность,False
1343,2024,1,1,Цифровая повседневность,False
1344,2023,1,1,Цифровая повседневность,False
1344,2024,1,1,Цифровая повседневность,False
1345,2023,1,1,Цифровая повседневность,False
1345,2024,1,1,Цифровая повседневность,False
1346,2023,1,1,Цифровая повседневность,False
1346,2024,1,1,Цифровая повседневность,False
1347,2023,1,1,Цифровая повседневность,False
1347,2024,1,1,Цифровая повседневность,False
1348,2023,1,1,Цифровая повседневность,False
1348,2024,1,1,Цифровая повседневность,False
1349,2023,1,1,Цифровая повседневность,False
1349,2024,1,1,Цифровая повседневность,False
1350,2023,1,1,Цифровая повседневность,False
1350,2024,1,1,Цифровая повседневность,False
1351,2023,1,1,Цифровая повседневность,False
1351,2024,1,1,Цифровая повседневность,False
1352,2023,1,1,Цифровая повседневность,False
1352,2024,1,1,Цифровая повседневность,False
1353,2023,1,1,Цифровая повседневность,False
1353,2024,1,1,Цифровая повседневность,False
1355,2023,1,1,Цифровая повседневность,False
1355,2024,1,1,Цифровая повседневность,False
1356,2023,1,1,Цифровая повседневность,False
1356,2024,1,1,Цифровая повседневность,False
1357,2023,1,1,Цифровая повседневность,False
1357,2024,1,1,Цифровая повседневность,False
1358,2023,1,1,Цифровая повседневность,False
1358,2024,1,1,Цифровая повседневность,False
1392,2023,1,1,Цифровая повседневность,False
1392,2024,1,1,Цифровая повседневность,False
1393,2023,1,1,Цифровая повседневность,False
1393,2024,1,1,Цифровая повседневность,False
1394,2023,1,1,Цифровая повседневность,False
1394,2024,1,1,Цифровая повседневность,False
1395,2023,3,3,Крупные центры,False
1395,2024,3,3,Крупные центры,False
1396,2023,3,3,Крупные центры,False
1396,2024,3,3,Крупные центры,False
1397,2023,3,3,Крупные центры,False
1397,2024,3,3,Крупные центры,False
1398,2023,2,2,Автономные локальные центры,False
1398,2024,2,3,Крупные центры,True
1399,2023,1,1,Цифровая повседневность,False
1399,2024,2,1,Цифровая повседневность,True
1400,2023,3,3,Крупные центры,False
1400,2024,3,3,Крупные центры,False
1401,2023,1,1,Цифровая повседневность,False
1401,2024,2,1,Цифровая повседневность,True
1402,2023,3,3,Крупные центры,False
1402,2024,3,3,Крупные центры,False
1403,2023,2,1,Цифровая повседневность,True
1403,2024,2,2,Автономные локальные центры,False
1404,2023,1,1,Цифровая повседневность,False
1404,2024,1,1,Цифровая повседневность,False
1405,2023,1,1,Цифровая повседневность,False
1405,2024,1,1,Цифровая повседневность,False
1406,2023,2,1,Цифровая повседневность,True
1406,2024,2,2,Автономные локальные центры,False
1407,2023,2,1,Цифровая повседневность,True
1407,2024,2,1,Цифровая повседневность,True
1408,2023,3,3,Крупные центры,False
1408,2024,3,3,Крупные центры,False
1409,2023,3,3,Крупные центры,False
1409,2024,3,3,Крупные центры,False
1410,2023,3,3,Крупные центры,False
1410,2024,3,3,Крупные центры,False
1411,2023,1,1,Цифровая повседневность,False
1411,2024,1,1,Цифровая повседневность,False
1412,2023,1,1,Цифровая повседневность,False
1412,2024,1,1,Цифровая повседневность,False
1413,2023,1,1,Цифровая повседневность,False
1413,2024,1,1,Цифровая повседневность,False
1414,2023,1,1,Цифровая повседневность,False
1414,2024,1,1,Цифровая повседневность,False
1415,2023,1,1,Цифровая повседневность,False
1415,2024,1,1,Цифровая повседневность,False
1416,2023,1,1,Цифровая повседневность,False
1416,2024,1,1,Цифровая повседневность,False
1417,2023,1,1,Цифровая повседневность,False
1417,2024,1,1,Цифровая повседневность,False
1419,2023,1,1,Цифровая повседневность,False
1419,2024,1,1,Цифровая повседневность,False
1420,2023,1,1,Цифровая повседневность,False
1420,2024,1,1,Цифровая повседневность,False
1421,2023,1,1,Цифровая повседневность,False
1421,2024,1,1,Цифровая повседневность,False
1422,2023,1,1,Цифровая повседневность,False
1422,2024,1,1,Цифровая повседневность,False
1423,2023,1,1,Цифровая повседневность,False
1423,2024,1,1,Цифровая повседневность,False
1425,2023,1,1,Цифровая повседневность,False
1425,2024,1,1,Цифровая повседневность,False
1426,2023,1,1,Цифровая повседневность,False
1426,2024,1,1,Цифровая повседневность,False
1427,2023,1,1,Цифровая повседневность,False
1427,2024,1,1,Цифровая повседневность,False
1428,2023,1,1,Цифровая повседневность,False
1428,2024,1,1,Цифровая повседневность,False
1429,2023,1,1,Цифровая повседневность,False
1429,2024,1,1,Цифровая повседневность,False
1430,2023,2,2,Автономные локальные центры,False
1430,2024,2,2,Автономные локальные центры,False
1431,2023,2,2,Автономные локальные центры,False
1431,2024,2,2,Автономные локальные центры,False
1438,2023,2,2,Автономные локальные центры,False
1438,2024,2,2,Автономные локальные центры,False
1439,2023,3,3,Крупные центры,False
1439,2024,3,3,Крупные центры,False
1440,2023,3,3,Крупные центры,False
1440,2024,3,3,Крупные центры,False
1443,2023,3,3,Крупные центры,False
1443,2024,3,3,Крупные центры,False
1444,2023,3,3,Крупные центры,False
1444,2024,3,3,Крупные центры,False
1445,2023,3,3,Крупные центры,False
1445,2024,3,3,Крупные центры,False
1446,2023,3,3,Крупные центры,False
1446,2024,3,3,Крупные центры,False
1447,2023,3,3,Крупные центры,False
1447,2024,3,3,Крупные центры,False
1448,2023,3,3,Крупные центры,False
1448,2024,3,3,Крупные центры,False
1449,2023,1,1,Цифровая повседневность,False
1449,2024,1,1,Цифровая повседневность,False
1453,2023,3,3,Крупные центры,False
1453,2024,3,3,Крупные центры,False
1454,2023,1,1,Цифровая повседневность,False
1454,2024,3,3,Крупные центры,False
1456,2023,3,3,Крупные центры,False
1456,2024,3,3,Крупные центры,False
1457,2023,3,3,Крупные центры,False
1457,2024,3,3,Крупные центры,False
1459,2023,3,3,Крупные центры,False
1459,2024,3,3,Крупные центры,False
1461,2023,3,3,Крупные центры,False
1461,2024,3,3,Крупные центры,False
1463,2023,1,1,Цифровая повседневность,False
1463,2024,3,3,Крупные центры,False
1464,2023,3,3,Крупные центры,False
1464,2024,3,3,Крупные центры,False
1465,2023,3,3,Крупные центры,False
1465,2024,3,3,Крупные центры,False
1467,2023,3,3,Крупные центры,False
1467,2024,3,3,Крупные центры,False
1468,2023,3,3,Крупные центры,False
1468,2024,3,3,Крупные центры,False
1472,2023,3,3,Крупные центры,False
1472,2024,3,3,Крупные центры,False
1473,2023,1,1,Цифровая повседневность,False
1473,2024,1,1,Цифровая повседневность,False
1474,2023,1,1,Цифровая повседневность,False
1474,2024,1,1,Цифровая повседневность,False
1475,2023,3,3,Крупные центры,False
1475,2024,3,3,Крупные центры,False
1477,2023,1,1,Цифровая повседневность,False
1477,2024,3,3,Крупные центры,False
1478,2023,1,1,Цифровая повседневность,False
1478,2024,1,1,Цифровая повседневность,False
1480,2023,3,3,Крупные центры,False
1480,2024,3,3,Крупные центры,False
1481,2023,3,3,Крупные центры,False
1481,2024,3,3,Крупные центры,False
1483,2023,1,3,Крупные центры,True
1483,2024,3,3,Крупные центры,False
1484,2023,3,3,Крупные центры,False
1484,2024,3,3,Крупные центры,False
1486,2023,1,1,Цифровая повседневность,False
1486,2024,1,1,Цифровая повседневность,False
1488,2023,3,3,Крупные центры,False
1488,2024,3,3,Крупные центры,False
1489,2023,1,1,Цифровая повседневность,False
1489,2024,1,1,Цифровая повседневность,False
1490,2023,3,3,Крупные центры,False
1490,2024,3,3,Крупные центры,False
1491,2023,3,3,Крупные центры,False
1491,2024,3,3,Крупные центры,False
1492,2023,3,3,Крупные центры,False
1492,2024,3,3,Крупные центры,False
1493,2023,3,3,Крупные центры,False
1493,2024,3,3,Крупные центры,False
1494,2023,1,1,Цифровая повседневность,False
1494,2024,1,1,Цифровая повседневность,False
1495,2023,1,1,Цифровая повседневность,False
1495,2024,3,3,Крупные центры,False
1496,2023,3,3,Крупные центры,False
1496,2024,3,3,Крупные центры,False
1500,2023,3,3,Крупные центры,False
1500,2024,3,3,Крупные центры,False
1501,2023,3,3,Крупные центры,False
1501,2024,3,3,Крупные центры,False
1504,2023,1,1,Цифровая повседневность,False
1504,2024,1,1,Цифровая повседневность,False
1506,2023,2,2,Автономные локальные центры,False
1506,2024,2,2,Автономные локальные центры,False
1507,2023,2,2,Автономные локальные центры,False
1507,2024,2,2,Автономные локальные центры,False
1508,2023,2,2,Автономные локальные центры,False
1508,2024,2,2,Автономные локальные центры,False
1509,2023,2,2,Автономные локальные центры,False
1509,2024,2,2,Автономные локальные центры,False
1510,2023,2,2,Автономные локальные центры,False
1510,2024,2,2,Автономные локальные центры,False
1511,2023,2,2,Автономные локальные центры,False
1511,2024,2,2,Автономные локальные центры,False
1512,2023,2,2,Автономные локальные центры,False
1512,2024,2,2,Автономные локальные центры,False
1518,2023,2,2,Автономные локальные центры,False
1518,2024,2,2,Автономные локальные центры,False
1519,2023,2,2,Автономные локальные центры,False
1519,2024,2,2,Автономные локальные центры,False
1520,2023,1,2,Автономные локальные центры,True
1520,2024,1,2,Автономные локальные центры,True
1521,2023,2,2,Автономные локальные центры,False
1521,2024,2,2,Автономные локальные центры,False
1522,2023,1,1,Цифровая повседневность,False
1522,2024,1,1,Цифровая повседневность,False
1523,2023,3,3,Крупные центры,False
1523,2024,3,3,Крупные центры,False
1525,2023,3,1,Цифровая повседневность,True
1525,2024,3,3,Крупные центры,False
1526,2023,1,1,Цифровая повседневность,False
1526,2024,1,1,Цифровая повседневность,False
1527,2023,3,3,Крупные центры,False
1527,2024,3,3,Крупные центры,False
1528,2023,1,1,Цифровая повседневность,False
1528,2024,1,1,Цифровая повседневность,False
1529,2023,1,1,Цифровая повседневность,False
1529,2024,1,1,Цифровая повседневность,False
1530,2023,1,1,Цифровая повседневность,False
1530,2024,1,1,Цифровая повседневность,False
1532,2023,1,1,Цифровая повседневность,False
1532,2024,1,1,Цифровая повседневность,False
1533,2023,1,1,Цифровая повседневность,False
1533,2024,1,1,Цифровая повседневность,False
1534,2023,1,1,Цифровая повседневность,False
1534,2024,1,1,Цифровая повседневность,False
1535,2023,1,1,Цифровая повседневность,False
1535,2024,1,1,Цифровая повседневность,False
1536,2023,1,1,Цифровая повседневность,False
1536,2024,1,1,Цифровая повседневность,False
1537,2023,1,1,Цифровая повседневность,False
1537,2024,1,1,Цифровая повседневность,False
1539,2023,1,1,Цифровая повседневность,False
1539,2024,1,1,Цифровая повседневность,False
1540,2023,1,1,Цифровая повседневность,False
1540,2024,1,1,Цифровая повседневность,False
1541,2023,1,1,Цифровая повседневность,False
1541,2024,1,1,Цифровая повседневность,False
1542,2023,1,1,Цифровая повседневность,False
1542,2024,1,1,Цифровая повседневность,False
1543,2023,1,1,Цифровая повседневность,False
1543,2024,1,1,Цифровая повседневность,False
1544,2023,1,1,Цифровая повседневность,False
1544,2024,1,1,Цифровая повседневность,False
1545,2023,1,1,Цифровая повседневность,False
1545,2024,1,1,Цифровая повседневность,False
1546,2023,1,1,Цифровая повседневность,False
1546,2024,1,1,Цифровая повседневность,False
1547,2023,1,1,Цифровая повседневность,False
1547,2024,1,1,Цифровая повседневность,False
1548,2023,1,1,Цифровая повседневность,False
1548,2024,1,1,Цифровая повседневность,False
1549,2023,1,1,Цифровая повседневность,False
1549,2024,1,1,Цифровая повседневность,False
1550,2023,1,1,Цифровая повседневность,False
1550,2024,1,1,Цифровая повседневность,False
1551,2023,1,1,Цифровая повседневность,False
1551,2024,1,1,Цифровая повседневность,False
1552,2023,1,1,Цифровая повседневность,False
1552,2024,1,1,Цифровая повседневность,False
1553,2023,1,1,Цифровая повседневность,False
1553,2024,1,1,Цифровая повседневность,False
1554,2023,1,1,Цифровая повседневность,False
1554,2024,1,1,Цифровая повседневность,False
1555,2023,1,1,Цифровая повседневность,False
1555,2024,1,1,Цифровая повседневность,False
1556,2023,1,1,Цифровая повседневность,False
1556,2024,1,1,Цифровая повседневность,False
1557,2023,1,1,Цифровая повседневность,False
1557,2024,1,1,Цифровая повседневность,False
1558,2023,1,1,Цифровая повседневность,False
1558,2024,1,1,Цифровая повседневность,False
1559,2023,1,1,Цифровая повседневность,False
1559,2024,1,1,Цифровая повседневность,False
1560,2023,3,3,Крупные центры,False
1560,2024,3,3,Крупные центры,False
1561,2023,1,1,Цифровая повседневность,False
1561,2024,1,1,Цифровая повседневность,False
1562,2023,1,1,Цифровая повседневность,False
1562,2024,1,1,Цифровая повседневность,False
1563,2023,1,1,Цифровая повседневность,False
1563,2024,1,1,Цифровая повседневность,False
1564,2023,1,1,Цифровая повседневность,False
1564,2024,1,1,Цифровая повседневность,False
1565,2023,1,1,Цифровая повседневность,False
1565,2024,1,1,Цифровая повседневность,False
1566,2023,1,1,Цифровая повседневность,False
1566,2024,1,1,Цифровая повседневность,False
1567,2023,1,1,Цифровая повседневность,False
1567,2024,1,1,Цифровая повседневность,False
1568,2023,1,1,Цифровая повседневность,False
1568,2024,1,1,Цифровая повседневность,False
1569,2023,1,1,Цифровая повседневность,False
1569,2024,1,1,Цифровая повседневность,False
1570,2023,1,1,Цифровая повседневность,False
1570,2024,1,1,Цифровая повседневность,False
1571,2023,1,1,Цифровая повседневность,False
1571,2024,1,1,Цифровая повседневность,False
1572,2023,1,1,Цифровая повседневность,False
1572,2024,1,1,Цифровая повседневность,False
1573,2023,1,1,Цифровая повседневность,False
1573,2024,1,1,Цифровая повседневность,False
1574,2023,1,1,Цифровая повседневность,False
1574,2024,1,1,Цифровая повседневность,False
1575,2023,3,1,Цифровая повседневность,True
1575,2024,3,3,Крупные центры,False
1577,2023,1,1,Цифровая повседневность,False
1577,2024,1,1,Цифровая повседневность,False
1578,2023,1,1,Цифровая повседневность,False
1578,2024,1,1,Цифровая повседневность,False
1579,2023,1,1,Цифровая повседневность,False
1579,2024,1,1,Цифровая повседневность,False
1580,2023,1,1,Цифровая повседневность,False
1580,2024,1,1,Цифровая повседневность,False
1581,2023,1,1,Цифровая повседневность,False
1581,2024,1,1,Цифровая повседневность,False
1582,2023,1,1,Цифровая повседневность,False
1582,2024,1,1,Цифровая повседневность,False
1583,2023,1,1,Цифровая повседневность,False
1583,2024,1,1,Цифровая повседневность,False
1584,2023,1,1,Цифровая повседневность,False
1584,2024,1,1,Цифровая повседневность,False
1585,2023,1,1,Цифровая повседневность,False
1585,2024,1,1,Цифровая повседневность,False
1586,2023,3,1,Цифровая повседневность,True
1586,2024,3,3,Крупные центры,False
1587,2023,1,1,Цифровая повседневность,False
1587,2024,1,1,Цифровая повседневность,False
1588,2023,1,1,Цифровая повседневность,False
1588,2024,1,1,Цифровая повседневность,False
1589,2023,1,1,Цифровая повседневность,False
1589,2024,1,1,Цифровая повседневность,False
1590,2023,1,1,Цифровая повседневность,False
1590,2024,1,1,Цифровая повседневность,False
1591,2023,1,1,Цифровая повседневность,False
1591,2024,1,1,Цифровая повседневность,False
1592,2023,1,1,Цифровая повседневность,False
1592,2024,1,1,Цифровая повседневность,False
1593,2023,1,1,Цифровая повседневность,False
1593,2024,1,1,Цифровая повседневность,False
1594,2023,1,1,Цифровая повседневность,False
1594,2024,1,1,Цифровая повседневность,False
1595,2023,1,1,Цифровая повседневность,False
1595,2024,1,1,Цифровая повседневность,False
1596,2023,1,1,Цифровая повседневность,False
1596,2024,1,1,Цифровая повседневность,False
1597,2023,3,3,Крупные центры,False
1597,2024,3,3,Крупные центры,False
1598,2023,3,3,Крупные центры,False
1598,2024,3,3,Крупные центры,False
1599,2023,2,2,Автономные локальные центры,False
1599,2024,2,2,Автономные локальные центры,False
1600,2023,2,2,Автономные локальные центры,False
1600,2024,2,3,Крупные центры,True
1601,2023,3,3,Крупные центры,False
1601,2024,3,3,Крупные центры,False
1602,2023,1,1,Цифровая повседневность,False
1602,2024,1,1,Цифровая повседневность,False
1603,2023,2,1,Цифровая повседневность,True
1603,2024,2,1,Цифровая повседневность,True
1604,2023,1,1,Цифровая повседневность,False
1604,2024,2,1,Цифровая повседневность,True
1605,2023,1,1,Цифровая повседневность,False
1605,2024,1,1,Цифровая повседневность,False
1606,2023,1,1,Цифровая повседневность,False
1606,2024,1,1,Цифровая повседневность,False
1607,2023,1,1,Цифровая повседневность,False
1607,2024,1,1,Цифровая повседневность,False
1608,2023,1,1,Цифровая повседневность,False
1608,2024,1,1,Цифровая повседневность,False
1609,2023,2,1,Цифровая повседневность,True
1609,2024,2,1,Цифровая повседневность,True
1610,2023,1,1,Цифровая повседневность,False
1610,2024,1,1,Цифровая повседневность,False
1611,2023,1,1,Цифровая повседневность,False
1611,2024,1,1,Цифровая повседневность,False
1612,2023,1,1,Цифровая повседневность,False
1612,2024,1,1,Цифровая повседневность,False
1613,2023,1,1,Цифровая повседневность,False
1613,2024,1,1,Цифровая повседневность,False
1614,2023,1,1,Цифровая повседневность,False
1614,2024,1,1,Цифровая повседневность,False
1615,2023,2,1,Цифровая повседневность,True
1615,2024,2,1,Цифровая повседневность,True
1616,2023,1,1,Цифровая повседневность,False
1616,2024,1,1,Цифровая повседневность,False
1617,2023,1,1,Цифровая повседневность,False
1617,2024,1,1,Цифровая повседневность,False
1618,2023,1,1,Цифровая повседневность,False
1618,2024,1,1,Цифровая повседневность,False
1619,2023,1,1,Цифровая повседневность,False
1619,2024,2,1,Цифровая повседневность,True
1620,2023,3,3,Крупные центры,False
1620,2024,3,3,Крупные центры,False
1621,2023,1,1,Цифровая повседневность,False
1621,2024,1,1,Цифровая повседневность,False
1622,2023,1,1,Цифровая повседневность,False
1622,2024,1,1,Цифровая повседневность,False
1623,2023,2,2,Автономные локальные центры,False
1623,2024,2,1,Цифровая повседневность,True
1624,2023,1,1,Цифровая повседневность,False
1624,2024,1,1,Цифровая повседневность,False
1625,2023,1,1,Цифровая повседневность,False
1625,2024,1,1,Цифровая повседневность,False
1626,2023,1,1,Цифровая повседневность,False
1626,2024,1,1,Цифровая повседневность,False
1627,2023,1,1,Цифровая повседневность,False
1627,2024,1,1,Цифровая повседневность,False
1628,2023,1,1,Цифровая повседневность,False
1628,2024,1,1,Цифровая повседневность,False
1629,2023,1,1,Цифровая повседневность,False
1629,2024,1,1,Цифровая повседневность,False
1630,2023,1,1,Цифровая повседневность,False
1630,2024,1,1,Цифровая повседневность,False
1631,2023,1,1,Цифровая повседневность,False
1631,2024,1,1,Цифровая повседневность,False
1632,2023,3,2,Автономные локальные центры,True
1632,2024,3,2,Автономные локальные центры,True
1633,2023,1,1,Цифровая повседневность,False
1633,2024,1,1,Цифровая повседневность,False
1634,2023,1,1,Цифровая повседневность,False
1634,2024,1,1,Цифровая повседневность,False
1635,2023,1,1,Цифровая повседневность,False
1635,2024,1,1,Цифровая повседневность,False
1636,2023,1,1,Цифровая повседневность,False
1636,2024,1,1,Цифровая повседневность,False
1637,2023,1,1,Цифровая повседневность,False
1637,2024,1,1,Цифровая повседневность,False
1638,2023,1,1,Цифровая повседневность,False
1638,2024,1,1,Цифровая повседневность,False
1639,2023,1,1,Цифровая повседневность,False
1639,2024,1,1,Цифровая повседневность,False
1640,2023,1,1,Цифровая повседневность,False
1640,2024,1,1,Цифровая повседневность,False
1641,2023,1,1,Цифровая повседневность,False
1641,2024,1,1,Цифровая повседневность,False
1642,2023,1,1,Цифровая повседневность,False
1642,2024,1,1,Цифровая повседневность,False
1643,2023,1,1,Цифровая повседневность,False
1643,2024,1,1,Цифровая повседневность,False
1644,2023,1,1,Цифровая повседневность,False
1644,2024,1,1,Цифровая повседневность,False
1645,2023,1,1,Цифровая повседневность,False
1645,2024,1,1,Цифровая повседневность,False
1646,2023,1,1,Цифровая повседневность,False
1646,2024,1,1,Цифровая повседневность,False
1647,2023,1,1,Цифровая повседневность,False
1647,2024,1,1,Цифровая повседневность,False
1648,2023,1,1,Цифровая повседневность,False
1648,2024,1,1,Цифровая повседневность,False
1649,2023,1,1,Цифровая повседневность,False
1649,2024,1,1,Цифровая повседневность,False
1650,2023,1,1,Цифровая повседневность,False
1650,2024,1,1,Цифровая повседневность,False
1651,2023,1,1,Цифровая повседневность,False
1651,2024,1,1,Цифровая повседневность,False
1652,2023,2,2,Автономные локальные центры,False
1652,2024,2,2,Автономные локальные центры,False
1653,2023,1,1,Цифровая повседневность,False
1653,2024,1,1,Цифровая повседневность,False
1654,2023,1,1,Цифровая повседневность,False
1654,2024,1,1,Цифровая повседневность,False
1655,2023,1,1,Цифровая повседневность,False
1655,2024,1,1,Цифровая повседневность,False
1656,2023,1,1,Цифровая повседневность,False
1656,2024,1,1,Цифровая повседневность,False
1657,2023,1,1,Цифровая повседневность,False
1657,2024,1,1,Цифровая повседневность,False
1658,2023,1,1,Цифровая повседневность,False
1658,2024,1,1,Цифровая повседневность,False
1659,2023,2,1,Цифровая повседневность,True
1659,2024,2,1,Цифровая повседневность,True
1660,2023,1,1,Цифровая повседневность,False
1660,2024,1,1,Цифровая повседневность,False
1661,2023,1,1,Цифровая повседневность,False
1661,2024,1,1,Цифровая повседневность,False
1662,2023,2,2,Автономные локальные центры,False
1662,2024,1,1,Цифровая повседневность,False
1663,2023,1,1,Цифровая повседневность,False
1663,2024,1,1,Цифровая повседневность,False
1664,2023,1,1,Цифровая повседневность,False
1664,2024,1,1,Цифровая повседневность,False
1665,2023,3,3,Крупные центры,False
1665,2024,3,3,Крупные центры,False
1666,2023,1,1,Цифровая повседневность,False
1666,2024,1,1,Цифровая повседневность,False
1667,2023,1,1,Цифровая повседневность,False
1667,2024,1,1,Цифровая повседневность,False
1668,2023,2,1,Цифровая повседневность,True
1668,2024,3,1,Цифровая повседневность,True
1669,2023,1,1,Цифровая повседневность,False
1669,2024,1,1,Цифровая повседневность,False
1670,2023,1,1,Цифровая повседневность,False
1670,2024,1,1,Цифровая повседневность,False
1671,2023,1,1,Цифровая повседневность,False
1671,2024,1,1,Цифровая повседневность,False
1672,2023,2,1,Цифровая повседневность,True
1672,2024,2,2,Автономные локальные центры,False
1673,2023,2,1,Цифровая повседневность,True
1673,2024,2,2,Автономные локальные центры,False
1674,2023,1,1,Цифровая повседневность,False
1674,2024,1,1,Цифровая повседневность,False
1675,2023,1,1,Цифровая повседневность,False
1675,2024,1,1,Цифровая повседневность,False
1676,2023,1,1,Цифровая повседневность,False
1676,2024,1,1,Цифровая повседневность,False
1678,2023,1,1,Цифровая повседневность,False
1678,2024,1,1,Цифровая повседневность,False
1679,2023,1,1,Цифровая повседневность,False
1679,2024,1,1,Цифровая повседневность,False
1680,2023,1,1,Цифровая повседневность,False
1680,2024,1,1,Цифровая повседневность,False
1681,2023,1,1,Цифровая повседневность,False
1681,2024,1,1,Цифровая повседневность,False
1682,2023,1,1,Цифровая повседневность,False
1682,2024,1,1,Цифровая повседневность,False
1683,2023,1,1,Цифровая повседневность,False
1683,2024,1,1,Цифровая повседневность,False
1685,2023,1,1,Цифровая повседневность,False
1685,2024,1,1,Цифровая повседневность,False
1686,2023,1,1,Цифровая повседневность,False
1686,2024,1,1,Цифровая повседневность,False
1687,2023,1,1,Цифровая повседневность,False
1687,2024,1,1,Цифровая повседневность,False
1688,2023,1,1,Цифровая повседневность,False
1688,2024,1,1,Цифровая повседневность,False
1689,2023,1,1,Цифровая повседневность,False
1689,2024,1,1,Цифровая повседневность,False
1690,2023,1,1,Цифровая повседневность,False
1690,2024,1,1,Цифровая повседневность,False
1691,2023,1,1,Цифровая повседневность,False
1691,2024,1,1,Цифровая повседневность,False
1692,2023,1,1,Цифровая повседневность,False
1692,2024,1,1,Цифровая повседневность,False
1693,2023,1,1,Цифровая повседневность,False
1693,2024,1,1,Цифровая повседневность,False
1694,2023,1,1,Цифровая повседневность,False
1694,2024,1,1,Цифровая повседневность,False
1696,2023,1,1,Цифровая повседневность,False
1696,2024,1,1,Цифровая повседневность,False
1697,2023,1,1,Цифровая повседневность,False
1697,2024,1,1,Цифровая повседневность,False
1698,2023,1,1,Цифровая повседневность,False
1698,2024,1,1,Цифровая повседневность,False
1699,2023,1,1,Цифровая повседневность,False
1699,2024,1,1,Цифровая повседневность,False
1700,2023,1,1,Цифровая повседневность,False
1700,2024,1,1,Цифровая повседневность,False
1701,2023,1,1,Цифровая повседневность,False
1701,2024,1,1,Цифровая повседневность,False
1702,2023,1,1,Цифровая повседневность,False
1702,2024,1,1,Цифровая повседневность,False
1703,2023,1,1,Цифровая повседневность,False
1703,2024,1,1,Цифровая повседневность,False
1704,2023,1,1,Цифровая повседневность,False
1704,2024,1,1,Цифровая повседневность,False
1705,2023,1,1,Цифровая повседневность,False
1705,2024,1,1,Цифровая повседневность,False
1706,2023,1,1,Цифровая повседневность,False
1706,2024,1,1,Цифровая повседневность,False
1707,2023,3,1,Цифровая повседневность,True
1707,2024,3,3,Крупные центры,False
1708,2023,1,1,Цифровая повседневность,False
1708,2024,1,1,Цифровая повседневность,False
1709,2023,1,1,Цифровая повседневность,False
1709,2024,1,1,Цифровая повседневность,False
1710,2023,1,1,Цифровая повседневность,False
1710,2024,1,1,Цифровая повседневность,False
1711,2023,1,1,Цифровая повседневность,False
1711,2024,1,1,Цифровая повседневность,False
1712,2023,1,1,Цифровая повседневность,False
1712,2024,1,1,Цифровая повседневность,False
1714,2023,1,1,Цифровая повседневность,False
1714,2024,1,1,Цифровая повседневность,False
1715,2023,1,1,Цифровая повседневность,False
1715,2024,1,1,Цифровая повседневность,False
1717,2023,1,1,Цифровая повседневность,False
1717,2024,1,1,Цифровая повседневность,False
1718,2023,1,1,Цифровая повседневность,False
1718,2024,1,1,Цифровая повседневность,False
1719,2023,1,1,Цифровая повседневность,False
1719,2024,1,1,Цифровая повседневность,False
1722,2023,1,1,Цифровая повседневность,False
1722,2024,1,1,Цифровая повседневность,False
1724,2023,1,1,Цифровая повседневность,False
1724,2024,1,1,Цифровая повседневность,False
1725,2023,1,1,Цифровая повседневность,False
1725,2024,1,1,Цифровая повседневность,False
1726,2023,3,3,Крупные центры,False
1726,2024,3,3,Крупные центры,False
1727,2023,1,1,Цифровая повседневность,False
1727,2024,1,1,Цифровая повседневность,False
1728,2023,1,1,Цифровая повседневность,False
1728,2024,1,1,Цифровая повседневность,False
1730,2023,1,1,Цифровая повседневность,False
1730,2024,1,1,Цифровая повседневность,False
1731,2023,1,1,Цифровая повседневность,False
1731,2024,1,1,Цифровая повседневность,False
1732,2023,1,1,Цифровая повседневность,False
1732,2024,1,1,Цифровая повседневность,False
1733,2023,1,1,Цифровая повседневность,False
1733,2024,1,1,Цифровая повседневность,False
1737,2023,1,1,Цифровая повседневность,False
1737,2024,1,1,Цифровая повседневность,False
1738,2023,1,1,Цифровая повседневность,False
1738,2024,1,1,Цифровая повседневность,False
1739,2023,1,1,Цифровая повседневность,False
1739,2024,1,1,Цифровая повседневность,False
1740,2023,1,1,Цифровая повседневность,False
1740,2024,1,1,Цифровая повседневность,False
1741,2023,1,1,Цифровая повседневность,False
1741,2024,1,1,Цифровая повседневность,False
1742,2023,1,1,Цифровая повседневность,False
1742,2024,1,1,Цифровая повседневность,False
1743,2023,1,1,Цифровая повседневность,False
1743,2024,1,1,Цифровая повседневность,False
1744,2023,1,1,Цифровая повседневность,False
1744,2024,1,1,Цифровая повседневность,False
1745,2023,1,1,Цифровая повседневность,False
1745,2024,1,1,Цифровая повседневность,False
1746,2023,1,1,Цифровая повседневность,False
1746,2024,1,1,Цифровая повседневность,False
1747,2023,1,1,Цифровая повседневность,False
1747,2024,1,1,Цифровая повседневность,False
1749,2023,1,1,Цифровая повседневность,False
1749,2024,1,1,Цифровая повседневность,False
1750,2023,1,1,Цифровая повседневность,False
1750,2024,1,1,Цифровая повседневность,False
1751,2023,1,1,Цифровая повседневность,False
1751,2024,1,1,Цифровая повседневность,False
1752,2023,1,1,Цифровая повседневность,False
1752,2024,1,1,Цифровая повседневность,False
1753,2023,1,1,Цифровая повседневность,False
1753,2024,1,1,Цифровая повседневность,False
1754,2023,1,1,Цифровая повседневность,False
1754,2024,1,1,Цифровая повседневность,False
1755,2023,1,1,Цифровая повседневность,False
1755,2024,1,1,Цифровая повседневность,False
1756,2023,1,1,Цифровая повседневность,False
1756,2024,1,1,Цифровая повседневность,False
1757,2023,1,1,Цифровая повседневность,False
1757,2024,1,1,Цифровая повседневность,False
1758,2023,3,3,Крупные центры,False
1758,2024,3,3,Крупные центры,False
1759,2023,1,1,Цифровая повседневность,False
1759,2024,1,1,Цифровая повседневность,False
1760,2023,1,1,Цифровая повседневность,False
1760,2024,1,1,Цифровая повседневность,False
1761,2023,1,1,Цифровая повседневность,False
1761,2024,1,1,Цифровая повседневность,False
1762,2023,1,1,Цифровая повседневность,False
1762,2024,1,1,Цифровая повседневность,False
1764,2023,3,2,Автономные локальные центры,True
1764,2024,3,3,Крупные центры,False
1765,2023,1,1,Цифровая повседневность,False
1765,2024,1,1,Цифровая повседневность,False
1766,2023,1,1,Цифровая повседневность,False
1766,2024,1,1,Цифровая повседневность,False
1768,2023,1,1,Цифровая повседневность,False
1768,2024,1,1,Цифровая повседневность,False
1769,2023,1,1,Цифровая повседневность,False
1769,2024,1,1,Цифровая повседневность,False
1770,2023,1,1,Цифровая повседневность,False
1770,2024,1,1,Цифровая повседневность,False
1771,2023,1,1,Цифровая повседневность,False
1771,2024,1,1,Цифровая повседневность,False
1773,2023,1,1,Цифровая повседневность,False
1773,2024,1,1,Цифровая повседневность,False
1774,2023,1,1,Цифровая повседневность,False
1774,2024,1,1,Цифровая повседневность,False
1775,2023,1,1,Цифровая повседневность,False
1775,2024,1,1,Цифровая повседневность,False
1776,2023,1,1,Цифровая повседневность,False
1776,2024,1,1,Цифровая повседневность,False
1777,2023,1,1,Цифровая повседневность,False
1777,2024,1,1,Цифровая повседневность,False
1778,2023,1,1,Цифровая повседневность,False
1778,2024,1,1,Цифровая повседневность,False
1780,2023,1,1,Цифровая повседневность,False
1780,2024,1,1,Цифровая повседневность,False
1781,2023,1,1,Цифровая повседневность,False
1781,2024,1,1,Цифровая повседневность,False
1782,2023,1,1,Цифровая повседневность,False
1782,2024,1,1,Цифровая повседневность,False
1783,2023,3,3,Крупные центры,False
1783,2024,3,3,Крупные центры,False
1784,2023,1,1,Цифровая повседневность,False
1784,2024,1,1,Цифровая повседневность,False
1785,2023,1,1,Цифровая повседневность,False
1785,2024,1,1,Цифровая повседневность,False
1786,2023,1,1,Цифровая повседневность,False
1786,2024,1,1,Цифровая повседневность,False
1787,2023,1,1,Цифровая повседневность,False
1787,2024,1,1,Цифровая повседневность,False
1788,2023,1,1,Цифровая повседневность,False
1788,2024,1,1,Цифровая повседневность,False
1845,2023,3,3,Крупные центры,False
1845,2024,3,3,Крупные центры,False
1846,2023,1,1,Цифровая повседневность,False
1846,2024,1,1,Цифровая повседневность,False
1848,2023,1,1,Цифровая повседневность,False
1848,2024,1,1,Цифровая повседневность,False
1849,2023,1,1,Цифровая повседневность,False
1849,2024,1,1,Цифровая повседневность,False
1850,2023,1,1,Цифровая повседневность,False
1850,2024,1,1,Цифровая повседневность,False
1851,2023,1,1,Цифровая повседневность,False
1851,2024,1,1,Цифровая повседневность,False
1852,2023,1,1,Цифровая повседневность,False
1852,2024,1,1,Цифровая повседневность,False
1853,2023,1,1,Цифровая повседневность,False
1853,2024,1,1,Цифровая повседневность,False
1854,2023,1,1,Цифровая повседневность,False
1854,2024,1,1,Цифровая повседневность,False
1855,2023,1,1,Цифровая повседневность,False
1855,2024,1,1,Цифровая повседневность,False
1856,2023,1,1,Цифровая повседневность,False
1856,2024,1,1,Цифровая повседневность,False
1857,2023,1,1,Цифровая повседневность,False
1857,2024,1,1,Цифровая повседневность,False
1858,2023,1,1,Цифровая повседневность,False
1858,2024,1,1,Цифровая повседневность,False
1859,2023,1,1,Цифровая повседневность,False
1859,2024,1,1,Цифровая повседневность,False
1860,2023,1,1,Цифровая повседневность,False
1860,2024,1,1,Цифровая повседневность,False
1861,2023,1,1,Цифровая повседневность,False
1861,2024,1,1,Цифровая повседневность,False
1862,2023,1,1,Цифровая повседневность,False
1862,2024,1,1,Цифровая повседневность,False
1863,2023,3,1,Цифровая повседневность,True
1863,2024,3,1,Цифровая повседневность,True
1864,2023,1,1,Цифровая повседневность,False
1864,2024,1,1,Цифровая повседневность,False
1865,2023,1,1,Цифровая повседневность,False
1865,2024,1,1,Цифровая повседневность,False
1868,2023,1,1,Цифровая повседневность,False
1868,2024,1,1,Цифровая повседневность,False
1869,2023,1,1,Цифровая повседневность,False
1869,2024,1,1,Цифровая повседневность,False
1870,2023,1,1,Цифровая повседневность,False
1870,2024,1,1,Цифровая повседневность,False
1871,2023,1,1,Цифровая повседневность,False
1871,2024,1,1,Цифровая повседневность,False
1872,2023,1,1,Цифровая повседневность,False
1872,2024,1,1,Цифровая повседневность,False
1873,2023,1,1,Цифровая повседневность,False
1873,2024,1,1,Цифровая повседневность,False
1874,2023,3,3,Крупные центры,False
1874,2024,3,3,Крупные центры,False
1875,2023,1,1,Цифровая повседневность,False
1875,2024,1,1,Цифровая повседневность,False
1876,2023,1,1,Цифровая повседневность,False
1876,2024,1,1,Цифровая повседневность,False
1877,2023,3,1,Цифровая повседневность,True
1877,2024,3,3,Крупные центры,False
1878,2023,1,1,Цифровая повседневность,False
1878,2024,1,1,Цифровая повседневность,False
1879,2023,1,1,Цифровая повседневность,False
1879,2024,1,1,Цифровая повседневность,False
1880,2023,1,1,Цифровая повседневность,False
1880,2024,1,1,Цифровая повседневность,False
1881,2023,2,1,Цифровая повседневность,True
1881,2024,3,1,Цифровая повседневность,True
1883,2023,1,1,Цифровая повседневность,False
1883,2024,1,1,Цифровая повседневность,False
1884,2023,1,1,Цифровая повседневность,False
1884,2024,1,1,Цифровая повседневность,False
1885,2023,1,1,Цифровая повседневность,False
1885,2024,1,1,Цифровая повседневность,False
1886,2023,1,1,Цифровая повседневность,False
1886,2024,1,1,Цифровая повседневность,False
1887,2023,1,1,Цифровая повседневность,False
1887,2024,1,1,Цифровая повседневность,False
1888,2023,1,1,Цифровая повседневность,False
1888,2024,1,1,Цифровая повседневность,False
1889,2023,1,1,Цифровая повседневность,False
1889,2024,1,1,Цифровая повседневность,False
1890,2023,3,3,Крупные центры,False
1890,2024,3,3,Крупные центры,False
1891,2023,1,1,Цифровая повседневность,False
1891,2024,1,1,Цифровая повседневность,False
1892,2023,1,1,Цифровая повседневность,False
1892,2024,1,1,Цифровая повседневность,False
1893,2023,1,1,Цифровая повседневность,False
1893,2024,1,1,Цифровая повседневность,False
1894,2023,1,1,Цифровая повседневность,False
1894,2024,1,1,Цифровая повседневность,False
1895,2023,1,1,Цифровая повседневность,False
1895,2024,1,1,Цифровая повседневность,False
1896,2023,1,1,Цифровая повседневность,False
1896,2024,1,1,Цифровая повседневность,False
1897,2023,1,1,Цифровая повседневность,False
1897,2024,1,1,Цифровая повседневность,False
1898,2023,1,1,Цифровая повседневность,False
1898,2024,1,1,Цифровая повседневность,False
1899,2023,1,1,Цифровая повседневность,False
1899,2024,1,1,Цифровая повседневность,False
1900,2023,1,1,Цифровая повседневность,False
1900,2024,1,1,Цифровая повседневность,False
1901,2023,1,1,Цифровая повседневность,False
1901,2024,1,1,Цифровая повседневность,False
1902,2023,1,1,Цифровая повседневность,False
1902,2024,1,1,Цифровая повседневность,False
1903,2023,1,1,Цифровая повседневность,False
1903,2024,1,1,Цифровая повседневность,False
1904,2023,1,1,Цифровая повседневность,False
1904,2024,1,1,Цифровая повседневность,False
1905,2023,1,1,Цифровая повседневность,False
1905,2024,3,3,Крупные центры,False
1906,2023,1,1,Цифровая повседневность,False
1906,2024,1,1,Цифровая повседневность,False
1907,2023,1,1,Цифровая повседневность,False
1907,2024,1,1,Цифровая повседневность,False
1908,2023,1,1,Цифровая повседневность,False
1908,2024,1,1,Цифровая повседневность,False
1909,2023,1,1,Цифровая повседневность,False
1909,2024,1,1,Цифровая повседневность,False
1910,2023,1,1,Цифровая повседневность,False
1910,2024,1,1,Цифровая повседневность,False
1912,2023,1,1,Цифровая повседневность,False
1912,2024,1,1,Цифровая повседневность,False
1915,2023,1,1,Цифровая повседневность,False
1915,2024,1,1,Цифровая повседневность,False
1916,2023,1,1,Цифровая повседневность,False
1916,2024,1,1,Цифровая повседневность,False
1917,2023,1,1,Цифровая повседневность,False
1917,2024,1,1,Цифровая повседневность,False
1918,2023,1,1,Цифровая повседневность,False
1918,2024,1,1,Цифровая повседневность,False
1919,2023,1,1,Цифровая повседневность,False
1919,2024,2,1,Цифровая повседневность,True
1920,2023,1,1,Цифровая повседневность,False
1920,2024,1,1,Цифровая повседневность,False
1921,2023,1,1,Цифровая повседневность,False
1921,2024,1,1,Цифровая повседневность,False
1922,2023,1,1,Цифровая повседневность,False
1922,2024,1,1,Цифровая повседневность,False
1923,2023,1,1,Цифровая повседневность,False
1923,2024,1,1,Цифровая повседневность,False
1924,2023,1,1,Цифровая повседневность,False
1924,2024,1,1,Цифровая повседневность,False
1925,2023,1,1,Цифровая повседневность,False
1925,2024,1,1,Цифровая повседневность,False
1926,2023,1,1,Цифровая повседневность,False
1926,2024,1,1,Цифровая повседневность,False
1927,2023,1,1,Цифровая повседневность,False
1927,2024,1,1,Цифровая повседневность,False
1928,2023,1,1,Цифровая повседневность,False
1928,2024,1,1,Цифровая повседневность,False
1929,2023,1,1,Цифровая повседневность,False
1929,2024,1,1,Цифровая повседневность,False
1930,2023,1,1,Цифровая повседневность,False
1930,2024,1,1,Цифровая повседневность,False
1931,2023,1,1,Цифровая повседневность,False
1931,2024,1,1,Цифровая повседневность,False
1932,2023,1,1,Цифровая повседневность,False
1932,2024,1,1,Цифровая повседневность,False
1933,2023,1,1,Цифровая повседневность,False
1933,2024,1,1,Цифровая повседневность,False
1934,2023,1,1,Цифровая повседневность,False
1934,2024,1,1,Цифровая повседневность,False
1935,2023,1,1,Цифровая повседневность,False
1935,2024,1,1,Цифровая повседневность,False
1936,2023,1,1,Цифровая повседневность,False
1936,2024,1,1,Цифровая повседневность,False
1937,2023,1,1,Цифровая повседневность,False
1937,2024,1,1,Цифровая повседневность,False
1938,2023,1,1,Цифровая повседневность,False
1938,2024,1,1,Цифровая повседневность,False
1939,2023,1,1,Цифровая повседневность,False
1939,2024,1,1,Цифровая повседневность,False
1940,2023,1,1,Цифровая повседневность,False
1940,2024,1,1,Цифровая повседневность,False
1941,2023,1,1,Цифровая повседневность,False
1941,2024,1,1,Цифровая повседневность,False
1942,2023,1,1,Цифровая повседневность,False
1942,2024,1,1,Цифровая повседневность,False
1943,2023,1,1,Цифровая повседневность,False
1943,2024,1,1,Цифровая повседневность,False
1944,2023,1,1,Цифровая повседневность,False
1944,2024,1,1,Цифровая повседневность,False
1945,2023,1,1,Цифровая повседневность,False
1945,2024,1,1,Цифровая повседневность,False
1947,2023,1,1,Цифровая повседневность,False
1947,2024,1,1,Цифровая повседневность,False
1948,2023,1,1,Цифровая повседневность,False
1948,2024,1,1,Цифровая повседневность,False
1949,2023,1,1,Цифровая повседневность,False
1949,2024,1,1,Цифровая повседневность,False
1950,2023,1,1,Цифровая повседневность,False
1950,2024,1,1,Цифровая повседневность,False
1951,2023,1,1,Цифровая повседневность,False
1951,2024,1,1,Цифровая повседневность,False
1952,2023,3,3,Крупные центры,False
1952,2024,3,3,Крупные центры,False
1954,2023,2,2,Автономные локальные центры,False
1954,2024,2,2,Автономные локальные центры,False
1955,2023,2,2,Автономные локальные центры,False
1955,2024,2,2,Автономные локальные центры,False
1956,2023,2,2,Автономные локальные центры,False
1956,2024,2,2,Автономные локальные центры,False
1957,2023,2,2,Автономные локальные центры,False
1957,2024,2,2,Автономные локальные центры,False
1958,2023,2,2,Автономные локальные центры,False
1958,2024,2,2,Автономные локальные центры,False
1959,2023,2,2,Автономные локальные центры,False
1959,2024,2,2,Автономные локальные центры,False
1960,2023,2,2,Автономные локальные центры,False
1960,2024,2,2,Автономные локальные центры,False
1961,2023,2,2,Автономные локальные центры,False
1961,2024,2,2,Автономные локальные центры,False
1962,2023,2,2,Автономные локальные центры,False
1962,2024,2,2,Автономные локальные центры,False
1963,2023,2,2,Автономные локальные центры,False
1963,2024,2,2,Автономные локальные центры,False
1965,2023,2,2,Автономные локальные центры,False
1965,2024,2,2,Автономные локальные центры,False
1966,2023,2,2,Автономные локальные центры,False
1966,2024,2,2,Автономные локальные центры,False
1967,2023,2,2,Автономные локальные центры,False
1967,2024,2,2,Автономные локальные центры,False
1968,2023,2,2,Автономные локальные центры,False
1968,2024,2,2,Автономные локальные центры,False
1969,2023,2,2,Автономные локальные центры,False
1969,2024,2,2,Автономные локальные центры,False
1970,2023,2,2,Автономные локальные центры,False
1970,2024,2,2,Автономные локальные центры,False
1971,2023,3,3,Крупные центры,False
1971,2024,3,3,Крупные центры,False
1972,2023,1,1,Цифровая повседневность,False
1972,2024,1,1,Цифровая повседневность,False
1973,2023,1,1,Цифровая повседневность,False
1973,2024,1,1,Цифровая повседневность,False
1974,2023,2,2,Автономные локальные центры,False
1974,2024,2,2,Автономные локальные центры,False
1975,2023,1,1,Цифровая повседневность,False
1975,2024,1,1,Цифровая повседневность,False
1976,2023,1,1,Цифровая повседневность,False
1976,2024,1,1,Цифровая повседневность,False
1977,2023,3,3,Крупные центры,False
1977,2024,3,3,Крупные центры,False
1978,2023,1,1,Цифровая повседневность,False
1978,2024,2,1,Цифровая повседневность,True
1979,2023,3,3,Крупные центры,False
1979,2024,3,3,Крупные центры,False
1980,2023,1,1,Цифровая повседневность,False
1980,2024,1,1,Цифровая повседневность,False
1981,2023,2,2,Автономные локальные центры,False
1981,2024,2,1,Цифровая повседневность,True
1982,2023,1,1,Цифровая повседневность,False
1982,2024,1,1,Цифровая повседневность,False
1983,2023,1,1,Цифровая повседневность,False
1983,2024,1,1,Цифровая повседневность,False
1984,2023,1,1,Цифровая повседневность,False
1984,2024,1,1,Цифровая повседневность,False
1985,2023,2,1,Цифровая повседневность,True
1985,2024,2,1,Цифровая повседневность,True
1986,2023,2,1,Цифровая повседневность,True
1986,2024,2,2,Автономные локальные центры,False
1987,2023,2,1,Цифровая повседневность,True
1987,2024,2,1,Цифровая повседневность,True
1988,2023,1,1,Цифровая повседневность,False
1988,2024,1,1,Цифровая повседневность,False
1989,2023,1,1,Цифровая повседневность,False
1989,2024,1,1,Цифровая повседневность,False
1990,2023,2,1,Цифровая повседневность,True
1990,2024,2,1,Цифровая повседневность,True
1991,2023,1,1,Цифровая повседневность,False
1991,2024,1,1,Цифровая повседневность,False
1992,2023,1,1,Цифровая повседневность,False
1992,2024,1,1,Цифровая повседневность,False
1993,2023,2,2,Автономные локальные центры,False
1993,2024,2,2,Автономные локальные центры,False
1994,2023,1,1,Цифровая повседневность,False
1994,2024,1,1,Цифровая повседневность,False
1995,2023,2,1,Цифровая повседневность,True
1995,2024,2,1,Цифровая повседневность,True
1996,2023,1,1,Цифровая повседневность,False
1996,2024,1,1,Цифровая повседневность,False
1997,2023,1,1,Цифровая повседневность,False
1997,2024,1,1,Цифровая повседневность,False
1999,2023,2,2,Автономные локальные центры,False
1999,2024,2,2,Автономные локальные центры,False
2000,2023,3,2,Автономные локальные центры,True
2000,2024,3,2,Автономные локальные центры,True
2001,2023,1,1,Цифровая повседневность,False
2001,2024,1,1,Цифровая повседневность,False
2002,2023,1,1,Цифровая повседневность,False
2002,2024,1,1,Цифровая повседневность,False
2004,2023,3,3,Крупные центры,False
2004,2024,3,3,Крупные центры,False
2005,2023,2,1,Цифровая повседневность,True
2005,2024,2,2,Автономные локальные центры,False
2006,2023,2,2,Автономные локальные центры,False
2006,2024,2,2,Автономные локальные центры,False
2007,2023,1,1,Цифровая повседневность,False
2007,2024,1,1,Цифровая повседневность,False
2008,2023,1,1,Цифровая повседневность,False
2008,2024,1,1,Цифровая повседневность,False
2009,2023,1,1,Цифровая повседневность,False
2009,2024,1,1,Цифровая повседневность,False
2010,2023,2,2,Автономные локальные центры,False
2010,2024,2,2,Автономные локальные центры,False
2011,2023,2,1,Цифровая повседневность,True
2011,2024,2,1,Цифровая повседневность,True
2012,2023,1,1,Цифровая повседневность,False
2012,2024,1,1,Цифровая повседневность,False
2015,2023,1,1,Цифровая повседневность,False
2015,2024,1,1,Цифровая повседневность,False
2017,2023,1,1,Цифровая повседневность,False
2017,2024,1,1,Цифровая повседневность,False
2018,2023,1,1,Цифровая повседневность,False
2018,2024,1,1,Цифровая повседневность,False
2019,2023,2,1,Цифровая повседневность,True
2019,2024,1,1,Цифровая повседневность,False
2021,2023,1,1,Цифровая повседневность,False
2021,2024,1,1,Цифровая повседневность,False
2022,2023,1,1,Цифровая повседневность,False
2022,2024,1,1,Цифровая повседневность,False
2023,2023,1,1,Цифровая повседневность,False
2023,2024,1,1,Цифровая повседневность,False
2024,2023,2,1,Цифровая повседневность,True
2024,2024,2,1,Цифровая повседневность,True
2025,2023,2,1,Цифровая повседневность,True
2025,2024,2,1,Цифровая повседневность,True
2027,2023,1,1,Цифровая повседневность,False
2027,2024,1,1,Цифровая повседневность,False
2028,2023,1,1,Цифровая повседневность,False
2028,2024,1,1,Цифровая повседневность,False
2030,2023,1,1,Цифровая повседневность,False
2030,2024,1,1,Цифровая повседневность,False
2031,2023,1,1,Цифровая повседневность,False
2031,2024,1,1,Цифровая повседневность,False
2032,2023,2,2,Автономные локальные центры,False
2032,2024,2,2,Автономные локальные центры,False
2033,2023,2,2,Автономные локальные центры,False
2033,2024,3,3,Крупные центры,False
2034,2023,1,1,Цифровая повседневность,False
2034,2024,1,1,Цифровая повседневность,False
2035,2023,1,1,Цифровая повседневность,False
2035,2024,1,1,Цифровая повседневность,False
2036,2023,1,1,Цифровая повседневность,False
2036,2024,1,1,Цифровая повседневность,False
2037,2023,1,1,Цифровая повседневность,False
2037,2024,1,1,Цифровая повседневность,False
2039,2023,1,1,Цифровая повседневность,False
2039,2024,1,1,Цифровая повседневность,False
2040,2023,2,2,Автономные локальные центры,False
2040,2024,2,2,Автономные локальные центры,False
2041,2023,1,1,Цифровая повседневность,False
2041,2024,1,1,Цифровая повседневность,False
2042,2023,1,1,Цифровая повседневность,False
2042,2024,1,1,Цифровая повседневность,False
2043,2023,1,1,Цифровая повседневность,False
2043,2024,1,1,Цифровая повседневность,False
2044,2023,3,1,Цифровая повседневность,True
2044,2024,3,3,Крупные центры,False
2045,2023,1,1,Цифровая повседневность,False
2045,2024,1,1,Цифровая повседневность,False
2046,2023,1,1,Цифровая повседневность,False
2046,2024,1,1,Цифровая повседневность,False
2047,2023,1,1,Цифровая повседневность,False
2047,2024,1,1,Цифровая повседневность,False
2048,2023,1,1,Цифровая повседневность,False
2048,2024,1,1,Цифровая повседневность,False
2049,2023,1,1,Цифровая повседневность,False
2049,2024,1,1,Цифровая повседневность,False
2050,2023,1,1,Цифровая повседневность,False
2050,2024,1,1,Цифровая повседневность,False
2051,2023,1,1,Цифровая повседневность,False
2051,2024,1,1,Цифровая повседневность,False
2052,2023,1,1,Цифровая повседневность,False
2052,2024,1,1,Цифровая повседневность,False
2053,2023,1,1,Цифровая повседневность,False
2053,2024,1,1,Цифровая повседневность,False
2054,2023,1,1,Цифровая повседневность,False
2054,2024,1,1,Цифровая повседневность,False
2055,2023,1,1,Цифровая повседневность,False
2055,2024,1,1,Цифровая повседневность,False
2056,2023,1,1,Цифровая повседневность,False
2056,2024,1,1,Цифровая повседневность,False
2057,2023,1,1,Цифровая повседневность,False
2057,2024,1,1,Цифровая повседневность,False
2058,2023,1,1,Цифровая повседневность,False
2058,2024,1,1,Цифровая повседневность,False
2059,2023,1,1,Цифровая повседневность,False
2059,2024,1,1,Цифровая повседневность,False
2060,2023,1,1,Цифровая повседневность,False
2060,2024,1,1,Цифровая повседневность,False
2061,2023,1,1,Цифровая повседневность,False
2061,2024,1,1,Цифровая повседневность,False
2062,2023,1,1,Цифровая повседневность,False
2062,2024,1,1,Цифровая повседневность,False
2063,2023,3,3,Крупные центры,False
2063,2024,3,3,Крупные центры,False
2064,2023,1,1,Цифровая повседневность,False
2064,2024,1,1,Цифровая повседневность,False
2065,2023,1,1,Цифровая повседневность,False
2065,2024,1,1,Цифровая повседневность,False
2066,2023,1,1,Цифровая повседневность,False
2066,2024,1,1,Цифровая повседневность,False
2067,2023,1,1,Цифровая повседневность,False
2067,2024,1,1,Цифровая повседневность,False
2068,2023,1,1,Цифровая повседневность,False
2068,2024,1,1,Цифровая повседневность,False
2069,2023,1,1,Цифровая повседневность,False
2069,2024,1,1,Цифровая повседневность,False
2070,2023,1,1,Цифровая повседневность,False
2070,2024,1,1,Цифровая повседневность,False
2072,2023,1,1,Цифровая повседневность,False
2072,2024,1,1,Цифровая повседневность,False
2073,2023,1,1,Цифровая повседневность,False
2073,2024,1,1,Цифровая повседневность,False
2074,2023,1,1,Цифровая повседневность,False
2074,2024,1,1,Цифровая повседневность,False
2075,2023,1,1,Цифровая повседневность,False
2075,2024,1,1,Цифровая повседневность,False
2076,2023,1,1,Цифровая повседневность,False
2076,2024,1,1,Цифровая повседневность,False
2077,2023,1,1,Цифровая повседневность,False
2077,2024,1,1,Цифровая повседневность,False
2078,2023,1,1,Цифровая повседневность,False
2078,2024,1,1,Цифровая повседневность,False
2079,2023,1,1,Цифровая повседневность,False
2079,2024,1,1,Цифровая повседневность,False
2080,2023,1,1,Цифровая повседневность,False
2080,2024,1,1,Цифровая повседневность,False
2081,2023,1,1,Цифровая повседневность,False
2081,2024,1,1,Цифровая повседневность,False
2082,2023,1,1,Цифровая повседневность,False
2082,2024,1,1,Цифровая повседневность,False
2085,2023,1,1,Цифровая повседневность,False
2085,2024,1,1,Цифровая повседневность,False
2087,2023,1,1,Цифровая повседневность,False
2087,2024,1,1,Цифровая повседневность,False
2088,2023,1,1,Цифровая повседневность,False
2088,2024,1,1,Цифровая повседневность,False
2089,2023,1,1,Цифровая повседневность,False
2089,2024,1,1,Цифровая повседневность,False
2090,2023,1,1,Цифровая повседневность,False
2090,2024,1,1,Цифровая повседневность,False
2091,2023,1,1,Цифровая повседневность,False
2091,2024,1,1,Цифровая повседневность,False
2093,2023,1,1,Цифровая повседневность,False
2093,2024,1,1,Цифровая повседневность,False
2094,2023,1,1,Цифровая повседневность,False
2094,2024,1,1,Цифровая повседневность,False
2095,2023,1,1,Цифровая повседневность,False
2095,2024,1,1,Цифровая повседневность,False
2096,2023,1,1,Цифровая повседневность,False
2096,2024,1,1,Цифровая повседневность,False
2098,2023,1,1,Цифровая повседневность,False
2098,2024,1,1,Цифровая повседневность,False
2100,2023,1,1,Цифровая повседневность,False
2100,2024,1,1,Цифровая повседневность,False
2101,2023,3,3,Крупные центры,False
2101,2024,3,3,Крупные центры,False
2105,2023,1,1,Цифровая повседневность,False
2105,2024,1,1,Цифровая повседневность,False
2108,2023,1,1,Цифровая повседневность,False
2108,2024,1,1,Цифровая повседневность,False
2109,2023,1,1,Цифровая повседневность,False
2109,2024,1,1,Цифровая повседневность,False
2110,2023,1,1,Цифровая повседневность,False
2110,2024,1,1,Цифровая повседневность,False
2111,2023,1,1,Цифровая повседневность,False
2111,2024,1,1,Цифровая повседневность,False
2112,2023,1,1,Цифровая повседневность,False
2112,2024,1,1,Цифровая повседневность,False
2113,2023,1,1,Цифровая повседневность,False
2113,2024,1,1,Цифровая повседневность,False
2114,2023,1,1,Цифровая повседневность,False
2114,2024,1,1,Цифровая повседневность,False
2116,2023,1,1,Цифровая повседневность,False
2116,2024,1,1,Цифровая повседневность,False
2117,2023,1,1,Цифровая повседневность,False
2117,2024,1,1,Цифровая повседневность,False
2118,2023,1,1,Цифровая повседневность,False
2118,2024,1,1,Цифровая повседневность,False
2119,2023,3,3,Крупные центры,False
2119,2024,3,3,Крупные центры,False
2120,2023,1,1,Цифровая повседневность,False
2120,2024,1,1,Цифровая повседневность,False
2121,2023,1,1,Цифровая повседневность,False
2121,2024,1,1,Цифровая повседневность,False
2122,2023,1,1,Цифровая повседневность,False
2122,2024,1,1,Цифровая повседневность,False
2124,2023,1,1,Цифровая повседневность,False
2124,2024,1,1,Цифровая повседневность,False
2125,2023,1,1,Цифровая повседневность,False
2125,2024,1,1,Цифровая повседневность,False
2126,2023,1,1,Цифровая повседневность,False
2126,2024,1,1,Цифровая повседневность,False
2127,2023,1,1,Цифровая повседневность,False
2127,2024,1,1,Цифровая повседневность,False
2128,2023,1,1,Цифровая повседневность,False
2128,2024,1,1,Цифровая повседневность,False
2129,2023,1,1,Цифровая повседневность,False
2129,2024,1,1,Цифровая повседневность,False
2130,2023,1,1,Цифровая повседневность,False
2130,2024,1,1,Цифровая повседневность,False
2131,2023,1,1,Цифровая повседневность,False
2131,2024,1,1,Цифровая повседневность,False
2132,2023,1,1,Цифровая повседневность,False
2132,2024,1,1,Цифровая повседневность,False
2133,2023,1,1,Цифровая повседневность,False
2133,2024,1,1,Цифровая повседневность,False
2134,2023,1,1,Цифровая повседневность,False
2134,2024,1,1,Цифровая повседневность,False
2136,2023,1,1,Цифровая повседневность,False
2136,2024,1,1,Цифровая повседневность,False
2137,2023,1,1,Цифровая повседневность,False
2137,2024,1,1,Цифровая повседневность,False
2138,2023,1,1,Цифровая повседневность,False
2138,2024,1,1,Цифровая повседневность,False
2139,2023,1,1,Цифровая повседневность,False
2139,2024,1,1,Цифровая повседневность,False
2140,2023,1,1,Цифровая повседневность,False
2140,2024,1,1,Цифровая повседневность,False
2142,2023,1,1,Цифровая повседневность,False
2142,2024,1,1,Цифровая повседневность,False
2143,2023,1,1,Цифровая повседневность,False
2143,2024,1,1,Цифровая повседневность,False
2144,2023,3,3,Крупные центры,False
2144,2024,3,3,Крупные центры,False
2145,2023,1,1,Цифровая повседневность,False
2145,2024,1,1,Цифровая повседневность,False
2146,2023,2,2,Автономные локальные центры,False
2146,2024,2,2,Автономные локальные центры,False
2148,2023,2,2,Автономные локальные центры,False
2148,2024,2,2,Автономные локальные центры,False
2149,2023,2,1,Цифровая повседневность,True
2149,2024,1,1,Цифровая повседневность,False
2150,2023,1,1,Цифровая повседневность,False
2150,2024,1,1,Цифровая повседневность,False
2151,2023,2,2,Автономные локальные центры,False
2151,2024,2,2,Автономные локальные центры,False
2152,2023,1,1,Цифровая повседневность,False
2152,2024,1,1,Цифровая повседневность,False
2153,2023,1,1,Цифровая повседневность,False
2153,2024,1,1,Цифровая повседневность,False
2154,2023,1,1,Цифровая повседневность,False
2154,2024,1,1,Цифровая повседневность,False
2155,2023,2,2,Автономные локальные центры,False
2155,2024,2,2,Автономные локальные центры,False
2156,2023,1,1,Цифровая повседневность,False
2156,2024,1,1,Цифровая повседневность,False
2157,2023,1,1,Цифровая повседневность,False
2157,2024,1,1,Цифровая повседневность,False
2158,2023,1,1,Цифровая повседневность,False
2158,2024,1,1,Цифровая повседневность,False
2159,2023,1,1,Цифровая повседневность,False
2159,2024,1,1,Цифровая повседневность,False
2160,2023,1,1,Цифровая повседневность,False
2160,2024,1,1,Цифровая повседневность,False
2161,2023,3,3,Крупные центры,False
2161,2024,3,3,Крупные центры,False
2162,2023,1,1,Цифровая повседневность,False
2162,2024,1,1,Цифровая повседневность,False
2163,2023,1,1,Цифровая повседневность,False
2163,2024,1,1,Цифровая повседневность,False
2164,2023,3,3,Крупные центры,False
2164,2024,3,3,Крупные центры,False
2165,2023,1,1,Цифровая повседневность,False
2165,2024,1,1,Цифровая повседневность,False
2167,2023,1,1,Цифровая повседневность,False
2167,2024,1,1,Цифровая повседневность,False
2168,2023,1,1,Цифровая повседневность,False
2168,2024,1,1,Цифровая повседневность,False
2169,2023,3,1,Цифровая повседневность,True
2169,2024,3,1,Цифровая повседневность,True
2171,2023,1,1,Цифровая повседневность,False
2171,2024,1,1,Цифровая повседневность,False
2172,2023,1,1,Цифровая повседневность,False
2172,2024,1,1,Цифровая повседневность,False
2173,2023,1,1,Цифровая повседневность,False
2173,2024,1,1,Цифровая повседневность,False
2174,2023,1,1,Цифровая повседневность,False
2174,2024,1,1,Цифровая повседневность,False
2175,2023,1,1,Цифровая повседневность,False
2175,2024,1,1,Цифровая повседневность,False
2176,2023,1,1,Цифровая повседневность,False
2176,2024,1,1,Цифровая повседневность,False
2177,2023,1,1,Цифровая повседневность,False
2177,2024,1,1,Цифровая повседневность,False
2178,2023,1,1,Цифровая повседневность,False
2178,2024,1,1,Цифровая повседневность,False
2179,2023,1,1,Цифровая повседневность,False
2179,2024,1,1,Цифровая повседневность,False
2180,2023,1,1,Цифровая повседневность,False
2180,2024,1,1,Цифровая повседневность,False
2181,2023,1,1,Цифровая повседневность,False
2181,2024,1,1,Цифровая повседневность,False
2182,2023,1,1,Цифровая повседневность,False
2182,2024,1,1,Цифровая повседневность,False
2183,2023,1,1,Цифровая повседневность,False
2183,2024,1,1,Цифровая повседневность,False
2184,2023,1,1,Цифровая повседневность,False
2184,2024,1,1,Цифровая повседневность,False
2185,2023,1,1,Цифровая повседневность,False
2185,2024,1,1,Цифровая повседневность,False
2186,2023,1,1,Цифровая повседневность,False
2186,2024,1,1,Цифровая повседневность,False
2187,2023,1,1,Цифровая повседневность,False
2187,2024,1,1,Цифровая повседневность,False
2188,2023,1,1,Цифровая повседневность,False
2188,2024,1,1,Цифровая повседневность,False
2189,2023,1,1,Цифровая повседневность,False
2189,2024,1,1,Цифровая повседневность,False
2190,2023,3,3,Крупные центры,False
2190,2024,3,3,Крупные центры,False
2191,2023,2,1,Цифровая повседневность,True
2191,2024,2,1,Цифровая повседневность,True
2192,2023,2,2,Автономные локальные центры,False
2192,2024,2,2,Автономные локальные центры,False
2193,2023,2,2,Автономные локальные центры,False
2193,2024,2,2,Автономные локальные центры,False
2194,2023,2,2,Автономные локальные центры,False
2194,2024,2,2,Автономные локальные центры,False
2195,2023,1,1,Цифровая повседневность,False
2195,2024,1,1,Цифровая повседневность,False
2196,2023,1,1,Цифровая повседневность,False
2196,2024,1,1,Цифровая повседневность,False
2197,2023,1,1,Цифровая повседневность,False
2197,2024,1,1,Цифровая повседневность,False
2198,2023,1,1,Цифровая повседневность,False
2198,2024,1,1,Цифровая повседневность,False
2199,2023,2,2,Автономные локальные центры,False
2199,2024,2,1,Цифровая повседневность,True
2200,2023,1,1,Цифровая повседневность,False
2200,2024,1,1,Цифровая повседневность,False
2201,2023,1,1,Цифровая повседневность,False
2201,2024,1,1,Цифровая повседневность,False
2202,2023,2,2,Автономные локальные центры,False
2202,2024,1,1,Цифровая повседневность,False
2203,2023,2,1,Цифровая повседневность,True
2203,2024,2,1,Цифровая повседневность,True
2204,2023,1,1,Цифровая повседневность,False
2204,2024,1,1,Цифровая повседневность,False
2205,2023,1,1,Цифровая повседневность,False
2205,2024,1,1,Цифровая повседневность,False
2206,2023,1,1,Цифровая повседневность,False
2206,2024,1,1,Цифровая повседневность,False
2207,2023,1,1,Цифровая повседневность,False
2207,2024,1,1,Цифровая повседневность,False
2208,2023,2,1,Цифровая повседневность,True
2208,2024,2,1,Цифровая повседневность,True
2210,2023,3,3,Крупные центры,False
2210,2024,3,3,Крупные центры,False
2211,2023,1,2,Автономные локальные центры,True
2211,2024,1,1,Цифровая повседневность,False
2212,2023,1,1,Цифровая повседневность,False
2212,2024,1,1,Цифровая повседневность,False
2213,2023,1,1,Цифровая повседневность,False
2213,2024,1,1,Цифровая повседневность,False
2215,2023,2,2,Автономные локальные центры,False
2215,2024,2,2,Автономные локальные центры,False
2216,2023,3,2,Автономные локальные центры,True
2216,2024,3,2,Автономные локальные центры,True
2217,2023,2,2,Автономные локальные центры,False
2217,2024,2,2,Автономные локальные центры,False
2218,2023,2,2,Автономные локальные центры,False
2218,2024,2,2,Автономные локальные центры,False
2219,2023,2,2,Автономные локальные центры,False
2219,2024,2,2,Автономные локальные центры,False
2220,2023,2,2,Автономные локальные центры,False
2220,2024,2,2,Автономные локальные центры,False
2221,2023,2,2,Автономные локальные центры,False
2221,2024,2,2,Автономные локальные центры,False
2222,2023,2,2,Автономные локальные центры,False
2222,2024,2,2,Автономные локальные центры,False
2223,2023,2,2,Автономные локальные центры,False
2223,2024,2,2,Автономные локальные центры,False
2224,2023,2,2,Автономные локальные центры,False
2224,2024,2,2,Автономные локальные центры,False
2225,2023,2,2,Автономные локальные центры,False
2225,2024,2,2,Автономные локальные центры,False
2226,2023,3,3,Крупные центры,False
2226,2024,3,3,Крупные центры,False
2227,2023,2,2,Автономные локальные центры,False
2227,2024,2,2,Автономные локальные центры,False
2228,2023,2,2,Автономные локальные центры,False
2228,2024,2,2,Автономные локальные центры,False
2229,2023,2,2,Автономные локальные центры,False
2229,2024,2,2,Автономные локальные центры,False
2230,2023,2,2,Автономные локальные центры,False
2230,2024,2,2,Автономные локальные центры,False
2231,2023,2,2,Автономные локальные центры,False
2231,2024,2,2,Автономные локальные центры,False
2232,2023,2,2,Автономные локальные центры,False
2232,2024,2,2,Автономные локальные центры,False
2233,2023,2,2,Автономные локальные центры,False
2233,2024,2,2,Автономные локальные центры,False
2234,2023,2,2,Автономные локальные центры,False
2234,2024,2,2,Автономные локальные центры,False
2235,2023,2,2,Автономные локальные центры,False
2235,2024,2,2,Автономные локальные центры,False
2236,2023,2,2,Автономные локальные центры,False
2236,2024,2,2,Автономные локальные центры,False
2237,2023,2,2,Автономные локальные центры,False
2237,2024,2,2,Автономные локальные центры,False
2238,2023,2,2,Автономные локальные центры,False
2238,2024,2,2,Автономные локальные центры,False
2241,2023,2,2,Автономные локальные центры,False
2241,2024,2,2,Автономные локальные центры,False
2242,2023,2,2,Автономные локальные центры,False
2242,2024,2,2,Автономные локальные центры,False
2243,2023,2,2,Автономные локальные центры,False
2243,2024,2,2,Автономные локальные центры,False
2244,2023,2,2,Автономные локальные центры,False
2244,2024,2,2,Автономные локальные центры,False
2245,2023,2,2,Автономные локальные центры,False
2245,2024,2,2,Автономные локальные центры,False
2248,2023,2,2,Автономные локальные центры,False
2248,2024,2,2,Автономные локальные центры,False
2249,2023,2,2,Автономные локальные центры,False
2249,2024,2,2,Автономные локальные центры,False
2250,2023,2,2,Автономные локальные центры,False
2250,2024,2,2,Автономные локальные центры,False
2251,2023,3,1,Цифровая повседневность,True
2251,2024,3,3,Крупные центры,False
2252,2023,1,1,Цифровая повседневность,False
2252,2024,1,1,Цифровая повседневность,False
2253,2023,1,1,Цифровая повседневность,False
2253,2024,1,1,Цифровая повседневность,False
2254,2023,1,1,Цифровая повседневность,False
2254,2024,1,1,Цифровая повседневность,False
2255,2023,1,1,Цифровая повседневность,False
2255,2024,1,1,Цифровая повседневность,False
2256,2023,1,1,Цифровая повседневность,False
2256,2024,1,1,Цифровая повседневность,False
2257,2023,1,1,Цифровая повседневность,False
2257,2024,1,1,Цифровая повседневность,False
2258,2023,1,1,Цифровая повседневность,False
2258,2024,1,1,Цифровая повседневность,False
2259,2023,1,1,Цифровая повседневность,False
2259,2024,1,1,Цифровая повседневность,False
2260,2023,1,1,Цифровая повседневность,False
2260,2024,1,1,Цифровая повседневность,False
2262,2023,1,1,Цифровая повседневность,False
2262,2024,1,1,Цифровая повседневность,False
2264,2023,1,1,Цифровая повседневность,False
2264,2024,1,1,Цифровая повседневность,False
2265,2023,1,1,Цифровая повседневность,False
2265,2024,1,1,Цифровая повседневность,False
2266,2023,1,1,Цифровая повседневность,False
2266,2024,1,1,Цифровая повседневность,False
2267,2023,1,1,Цифровая повседневность,False
2267,2024,1,1,Цифровая повседневность,False
2268,2023,1,1,Цифровая повседневность,False
2268,2024,1,1,Цифровая повседневность,False
2269,2023,1,1,Цифровая повседневность,False
2269,2024,1,1,Цифровая повседневность,False
2270,2023,1,1,Цифровая повседневность,False
2270,2024,1,1,Цифровая повседневность,False
2271,2023,1,1,Цифровая повседневность,False
2271,2024,1,1,Цифровая повседневность,False
2272,2023,1,1,Цифровая повседневность,False
2272,2024,1,1,Цифровая повседневность,False
2274,2023,1,1,Цифровая повседневность,False
2274,2024,1,1,Цифровая повседневность,False
2275,2023,3,3,Крупные центры,False
2275,2024,3,3,Крупные центры,False
2276,2023,1,1,Цифровая повседневность,False
2276,2024,1,1,Цифровая повседневность,False
2278,2023,1,1,Цифровая повседневность,False
2278,2024,1,1,Цифровая повседневность,False
2279,2023,2,2,Автономные локальные центры,False
2279,2024,2,2,Автономные локальные центры,False
2280,2023,1,1,Цифровая повседневность,False
2280,2024,1,1,Цифровая повседневность,False
2281,2023,3,2,Автономные локальные центры,True
2281,2024,3,3,Крупные центры,False
2282,2023,3,1,Цифровая повседневность,True
2282,2024,3,3,Крупные центры,False
2286,2023,1,1,Цифровая повседневность,False
2286,2024,1,1,Цифровая повседневность,False
2287,2023,1,1,Цифровая повседневность,False
2287,2024,1,1,Цифровая повседневность,False
2288,2023,1,1,Цифровая повседневность,False
2288,2024,2,1,Цифровая повседневность,True
2289,2023,1,1,Цифровая повседневность,False
2289,2024,1,1,Цифровая повседневность,False
2292,2023,1,1,Цифровая повседневность,False
2292,2024,1,1,Цифровая повседневность,False
2293,2023,1,1,Цифровая повседневность,False
2293,2024,1,1,Цифровая повседневность,False
2294,2023,1,1,Цифровая повседневность,False
2294,2024,1,1,Цифровая повседневность,False
2295,2023,1,1,Цифровая повседневность,False
2295,2024,1,1,Цифровая повседневность,False
2296,2023,1,1,Цифровая повседневность,False
2296,2024,1,1,Цифровая повседневность,False
2297,2023,1,1,Цифровая повседневность,False
2297,2024,1,1,Цифровая повседневность,False
2298,2023,1,1,Цифровая повседневность,False
2298,2024,1,1,Цифровая повседневность,False
2299,2023,1,1,Цифровая повседневность,False
2299,2024,1,1,Цифровая повседневность,False
2300,2023,1,1,Цифровая повседневность,False
2300,2024,1,1,Цифровая повседневность,False
2301,2023,1,1,Цифровая повседневность,False
2301,2024,1,1,Цифровая повседневность,False
2302,2023,1,1,Цифровая повседневность,False
2302,2024,1,1,Цифровая повседневность,False
2303,2023,1,1,Цифровая повседневность,False
2303,2024,1,1,Цифровая повседневность,False
2304,2023,1,1,Цифровая повседневность,False
2304,2024,1,1,Цифровая повседневность,False
2305,2023,1,1,Цифровая повседневность,False
2305,2024,1,1,Цифровая повседневность,False
2307,2023,1,1,Цифровая повседневность,False
2307,2024,1,1,Цифровая повседневность,False
2308,2023,1,1,Цифровая повседневность,False
2308,2024,1,1,Цифровая повседневность,False
2309,2023,1,1,Цифровая повседневность,False
2309,2024,1,1,Цифровая повседневность,False
2310,2023,1,1,Цифровая повседневность,False
2310,2024,1,1,Цифровая повседневность,False
2311,2023,1,1,Цифровая повседневность,False
2311,2024,1,1,Цифровая повседневность,False
2312,2023,3,3,Крупные центры,False
2312,2024,3,3,Крупные центры,False
2314,2023,1,1,Цифровая повседневность,False
2314,2024,1,1,Цифровая повседневность,False
2315,2023,1,1,Цифровая повседневность,False
2315,2024,1,1,Цифровая повседневность,False
2316,2023,1,1,Цифровая повседневность,False
2316,2024,1,1,Цифровая повседневность,False
2317,2023,1,1,Цифровая повседневность,False
2317,2024,1,1,Цифровая повседневность,False
2318,2023,3,3,Крупные центры,False
2318,2024,3,3,Крупные центры,False
2320,2023,1,1,Цифровая повседневность,False
2320,2024,3,1,Цифровая повседневность,True
2321,2023,1,1,Цифровая повседневность,False
2321,2024,1,1,Цифровая повседневность,False
2322,2023,1,1,Цифровая повседневность,False
2322,2024,1,1,Цифровая повседневность,False
2323,2023,1,1,Цифровая повседневность,False
2323,2024,1,1,Цифровая повседневность,False
2324,2023,1,1,Цифровая повседневность,False
2324,2024,1,1,Цифровая повседневность,False
2325,2023,1,1,Цифровая повседневность,False
2325,2024,1,1,Цифровая повседневность,False
2326,2023,1,1,Цифровая повседневность,False
2326,2024,1,1,Цифровая повседневность,False
2327,2023,1,1,Цифровая повседневность,False
2327,2024,1,1,Цифровая повседневность,False
2328,2023,1,1,Цифровая повседневность,False
2328,2024,1,1,Цифровая повседневность,False
2329,2023,1,1,Цифровая повседневность,False
2329,2024,1,1,Цифровая повседневность,False
2330,2023,1,1,Цифровая повседневность,False
2330,2024,1,1,Цифровая повседневность,False
2332,2023,1,1,Цифровая повседневность,False
2332,2024,1,1,Цифровая повседневность,False
2333,2023,1,1,Цифровая повседневность,False
2333,2024,1,1,Цифровая повседневность,False
2334,2023,1,1,Цифровая повседневность,False
2334,2024,1,1,Цифровая повседневность,False
2335,2023,1,1,Цифровая повседневность,False
2335,2024,1,1,Цифровая повседневность,False
2336,2023,1,1,Цифровая повседневность,False
2336,2024,1,1,Цифровая повседневность,False
2337,2023,3,3,Крупные центры,False
2337,2024,3,3,Крупные центры,False
2338,2023,2,2,Автономные локальные центры,False
2338,2024,2,2,Автономные локальные центры,False
2339,2023,2,2,Автономные локальные центры,False
2339,2024,2,2,Автономные локальные центры,False
2340,2023,2,2,Автономные локальные центры,False
2340,2024,2,2,Автономные локальные центры,False
2341,2023,2,2,Автономные локальные центры,False
2341,2024,2,2,Автономные локальные центры,False
2342,2023,2,2,Автономные локальные центры,False
2342,2024,2,2,Автономные локальные центры,False
2343,2023,2,2,Автономные локальные центры,False
2343,2024,2,2,Автономные локальные центры,False
2344,2023,3,3,Крупные центры,False
2344,2024,3,3,Крупные центры,False
2345,2023,2,2,Автономные локальные центры,False
2345,2024,2,2,Автономные локальные центры,False
2348,2023,2,2,Автономные локальные центры,False
2348,2024,2,2,Автономные локальные центры,False
2349,2023,2,2,Автономные локальные центры,False
2349,2024,2,2,Автономные локальные центры,False
2351,2023,3,3,Крупные центры,False
2351,2024,3,3,Крупные центры,False
2352,2023,3,3,Крупные центры,False
2352,2024,3,3,Крупные центры,False
2353,2023,3,3,Крупные центры,False
2353,2024,3,3,Крупные центры,False
2354,2023,3,3,Крупные центры,False
2354,2024,3,3,Крупные центры,False
2355,2023,3,3,Крупные центры,False
2355,2024,3,3,Крупные центры,False
2356,2023,3,3,Крупные центры,False
2356,2024,3,3,Крупные центры,False
2357,2023,3,3,Крупные центры,False
2357,2024,3,3,Крупные центры,False
2358,2023,3,3,Крупные центры,False
2358,2024,3,3,Крупные центры,False
2359,2023,3,3,Крупные центры,False
2359,2024,3,3,Крупные центры,False
2360,2023,3,3,Крупные центры,False
2360,2024,3,3,Крупные центры,False
2361,2023,3,3,Крупные центры,False
2361,2024,3,3,Крупные центры,False
2362,2023,3,3,Крупные центры,False
2362,2024,3,3,Крупные центры,False
2363,2023,3,3,Крупные центры,False
2363,2024,3,3,Крупные центры,False
2364,2023,3,3,Крупные центры,False
2364,2024,3,3,Крупные центры,False
2365,2023,3,3,Крупные центры,False
2365,2024,3,3,Крупные центры,False
2366,2023,3,3,Крупные центры,False
2366,2024,3,3,Крупные центры,False
2367,2023,3,3,Крупные центры,False
2367,2024,3,3,Крупные центры,False
2368,2023,3,3,Крупные центры,False
2368,2024,3,3,Крупные центры,False
2369,2023,3,3,Крупные центры,False
2369,2024,3,3,Крупные центры,False
2370,2023,3,3,Крупные центры,False
2370,2024,3,3,Крупные центры,False
2371,2023,3,3,Крупные центры,False
2371,2024,3,3,Крупные центры,False
2372,2023,3,3,Крупные центры,False
2372,2024,3,3,Крупные центры,False
2373,2023,3,3,Крупные центры,False
2373,2024,3,3,Крупные центры,False
2374,2023,3,3,Крупные центры,False
2374,2024,3,3,Крупные центры,False
2375,2023,3,3,Крупные центры,False
2375,2024,3,3,Крупные центры,False
2376,2023,3,3,Крупные центры,False
2376,2024,3,3,Крупные центры,False
2377,2023,3,3,Крупные центры,False
2377,2024,3,3,Крупные центры,False
2378,2023,3,3,Крупные центры,False
2378,2024,3,3,Крупные центры,False
2379,2023,3,3,Крупные центры,False
2379,2024,3,3,Крупные центры,False
2380,2023,3,3,Крупные центры,False
2380,2024,3,3,Крупные центры,False
2381,2023,3,3,Крупные центры,False
2381,2024,3,3,Крупные центры,False
2382,2023,3,3,Крупные центры,False
2382,2024,3,3,Крупные центры,False
2383,2023,3,3,Крупные центры,False
2383,2024,3,3,Крупные центры,False
2384,2023,3,3,Крупные центры,False
2384,2024,3,3,Крупные центры,False
2385,2023,3,3,Крупные центры,False
2385,2024,3,3,Крупные центры,False
2386,2023,3,3,Крупные центры,False
2386,2024,3,3,Крупные центры,False
2387,2023,3,3,Крупные центры,False
2387,2024,3,3,Крупные центры,False
2388,2023,3,3,Крупные центры,False
2388,2024,3,3,Крупные центры,False
2389,2023,3,3,Крупные центры,False
2389,2024,3,3,Крупные центры,False
2390,2023,3,3,Крупные центры,False
2390,2024,3,3,Крупные центры,False
2391,2023,3,3,Крупные центры,False
2391,2024,3,3,Крупные центры,False
2392,2023,3,3,Крупные центры,False
2392,2024,3,3,Крупные центры,False
2393,2023,3,3,Крупные центры,False
2393,2024,3,3,Крупные центры,False
2395,2023,3,3,Крупные центры,False
2395,2024,3,3,Крупные центры,False
2398,2023,3,3,Крупные центры,False
2398,2024,3,3,Крупные центры,False
2399,2023,3,3,Крупные центры,False
2399,2024,3,3,Крупные центры,False
2400,2023,3,3,Крупные центры,False
2400,2024,3,3,Крупные центры,False
2401,2023,3,3,Крупные центры,False
2401,2024,3,3,Крупные центры,False
2402,2023,3,3,Крупные центры,False
2402,2024,3,3,Крупные центры,False
2403,2023,3,3,Крупные центры,False
2403,2024,3,3,Крупные центры,False
2404,2023,3,3,Крупные центры,False
2404,2024,3,3,Крупные центры,False
2405,2023,3,3,Крупные центры,False
2405,2024,3,3,Крупные центры,False
2406,2023,3,3,Крупные центры,False
2406,2024,3,3,Крупные центры,False
2407,2023,3,3,Крупные центры,False
2407,2024,3,3,Крупные центры,False
2408,2023,3,3,Крупные центры,False
2408,2024,3,3,Крупные центры,False
2409,2023,3,3,Крупные центры,False
2409,2024,3,3,Крупные центры,False
2410,2023,3,3,Крупные центры,False
2410,2024,3,3,Крупные центры,False
2411,2023,3,3,Крупные центры,False
2411,2024,3,3,Крупные центры,False
2412,2023,3,3,Крупные центры,False
2412,2024,3,3,Крупные центры,False
2416,2023,3,3,Крупные центры,False
2416,2024,3,3,Крупные центры,False
2422,2023,3,3,Крупные центры,False
2422,2024,3,3,Крупные центры,False
2423,2023,3,3,Крупные центры,False
2423,2024,3,3,Крупные центры,False
2424,2023,3,3,Крупные центры,False
2424,2024,3,3,Крупные центры,False
2425,2023,3,3,Крупные центры,False
2425,2024,3,3,Крупные центры,False
2426,2023,3,3,Крупные центры,False
2426,2024,3,3,Крупные центры,False
2427,2023,3,3,Крупные центры,False
2427,2024,3,3,Крупные центры,False
2428,2023,3,3,Крупные центры,False
2428,2024,3,3,Крупные центры,False
2429,2023,3,3,Крупные центры,False
2429,2024,3,3,Крупные центры,False
2430,2023,3,3,Крупные центры,False
2430,2024,3,3,Крупные центры,False
2431,2023,3,3,Крупные центры,False
2431,2024,3,3,Крупные центры,False
2432,2023,3,3,Крупные центры,False
2432,2024,3,3,Крупные центры,False
2433,2023,3,3,Крупные центры,False
2433,2024,3,3,Крупные центры,False
2434,2023,3,3,Крупные центры,False
2434,2024,3,3,Крупные центры,False
2435,2023,3,3,Крупные центры,False
2435,2024,3,3,Крупные центры,False
2436,2023,3,3,Крупные центры,False
2436,2024,3,3,Крупные центры,False
2437,2023,3,3,Крупные центры,False
2437,2024,3,3,Крупные центры,False
2439,2023,3,3,Крупные центры,False
2439,2024,3,3,Крупные центры,False
2440,2023,3,3,Крупные центры,False
2440,2024,3,3,Крупные центры,False
2441,2023,3,3,Крупные центры,False
2441,2024,3,3,Крупные центры,False
2442,2023,3,3,Крупные центры,False
2442,2024,3,3,Крупные центры,False
2443,2023,3,3,Крупные центры,False
2443,2024,3,3,Крупные центры,False
2444,2023,3,3,Крупные центры,False
2444,2024,3,3,Крупные центры,False
2445,2023,3,3,Крупные центры,False
2445,2024,3,3,Крупные центры,False
2446,2023,3,3,Крупные центры,False
2446,2024,3,3,Крупные центры,False
2447,2023,3,3,Крупные центры,False
2447,2024,3,3,Крупные центры,False
2449,2023,3,3,Крупные центры,False
2449,2024,3,3,Крупные центры,False
2450,2023,3,3,Крупные центры,False
2450,2024,3,3,Крупные центры,False
2451,2023,3,3,Крупные центры,False
2451,2024,3,3,Крупные центры,False
2452,2023,3,3,Крупные центры,False
2452,2024,3,3,Крупные центры,False
2453,2023,3,3,Крупные центры,False
2453,2024,3,3,Крупные центры,False
2454,2023,3,3,Крупные центры,False
2454,2024,3,3,Крупные центры,False
2455,2023,3,3,Крупные центры,False
2455,2024,3,3,Крупные центры,False
2456,2023,3,3,Крупные центры,False
2456,2024,3,3,Крупные центры,False
2457,2023,3,3,Крупные центры,False
2457,2024,3,3,Крупные центры,False
2458,2023,3,3,Крупные центры,False
2458,2024,3,3,Крупные центры,False
2459,2023,3,3,Крупные центры,False
2459,2024,3,3,Крупные центры,False
2460,2023,3,3,Крупные центры,False
2460,2024,3,3,Крупные центры,False
2461,2023,3,3,Крупные центры,False
2461,2024,3,3,Крупные центры,False
2462,2023,3,3,Крупные центры,False
2462,2024,3,3,Крупные центры,False
2463,2023,3,3,Крупные центры,False
2463,2024,3,3,Крупные центры,False
2464,2023,3,3,Крупные центры,False
2464,2024,3,3,Крупные центры,False
2465,2023,3,3,Крупные центры,False
2465,2024,3,3,Крупные центры,False
2466,2023,3,3,Крупные центры,False
2466,2024,3,3,Крупные центры,False
2467,2023,3,3,Крупные центры,False
2467,2024,3,3,Крупные центры,False
2468,2023,3,3,Крупные центры,False
2468,2024,3,3,Крупные центры,False
2469,2023,3,3,Крупные центры,False
2469,2024,3,3,Крупные центры,False
2470,2023,3,3,Крупные центры,False
2470,2024,3,3,Крупные центры,False
2471,2023,3,3,Крупные центры,False
2471,2024,3,3,Крупные центры,False
2472,2023,3,3,Крупные центры,False
2472,2024,3,3,Крупные центры,False
2473,2023,3,3,Крупные центры,False
2473,2024,3,3,Крупные центры,False
2474,2023,3,3,Крупные центры,False
2474,2024,3,3,Крупные центры,False
2475,2023,3,3,Крупные центры,False
2475,2024,3,3,Крупные центры,False
2476,2023,3,3,Крупные центры,False
2476,2024,3,3,Крупные центры,False
2477,2023,3,3,Крупные центры,False
2477,2024,3,3,Крупные центры,False
2478,2023,3,3,Крупные центры,False
2478,2024,3,3,Крупные центры,False
2479,2023,3,3,Крупные центры,False
2479,2024,3,3,Крупные центры,False
2480,2023,3,3,Крупные центры,False
2480,2024,3,3,Крупные центры,False
2481,2023,3,3,Крупные центры,False
2481,2024,3,3,Крупные центры,False
2482,2023,3,3,Крупные центры,False
2482,2024,3,3,Крупные центры,False
2483,2023,3,3,Крупные центры,False
2483,2024,3,3,Крупные центры,False
2484,2023,3,3,Крупные центры,False
2484,2024,3,3,Крупные центры,False
2485,2023,3,3,Крупные центры,False
2485,2024,3,3,Крупные центры,False
2486,2023,3,3,Крупные центры,False
2486,2024,3,3,Крупные центры,False
2487,2023,3,3,Крупные центры,False
2487,2024,3,3,Крупные центры,False
2488,2023,3,3,Крупные центры,False
2488,2024,3,3,Крупные центры,False
2489,2023,3,3,Крупные центры,False
2489,2024,3,3,Крупные центры,False
2490,2023,3,3,Крупные центры,False
2490,2024,3,3,Крупные центры,False
2491,2023,3,3,Крупные центры,False
2491,2024,3,3,Крупные центры,False
2492,2023,3,3,Крупные центры,False
2492,2024,3,3,Крупные центры,False
2493,2023,3,3,Крупные центры,False
2493,2024,3,3,Крупные центры,False
2494,2023,3,3,Крупные центры,False
2494,2024,3,3,Крупные центры,False
2495,2023,3,3,Крупные центры,False
2495,2024,3,3,Крупные центры,False
2496,2023,3,3,Крупные центры,False
2496,2024,3,3,Крупные центры,False
2497,2023,3,3,Крупные центры,False
2497,2024,3,3,Крупные центры,False
2498,2023,3,3,Крупные центры,False
2498,2024,3,3,Крупные центры,False
2499,2023,3,3,Крупные центры,False
2499,2024,3,3,Крупные центры,False
2500,2023,3,3,Крупные центры,False
2500,2024,3,3,Крупные центры,False
2501,2023,3,3,Крупные центры,False
2501,2024,3,3,Крупные центры,False
2502,2023,3,3,Крупные центры,False
2502,2024,3,3,Крупные центры,False
2503,2023,3,3,Крупные центры,False
2503,2024,3,3,Крупные центры,False
2504,2023,3,3,Крупные центры,False
2504,2024,3,3,Крупные центры,False
2505,2023,3,3,Крупные центры,False
2505,2024,3,3,Крупные центры,False
2506,2023,3,3,Крупные центры,False
2506,2024,3,3,Крупные центры,False
2507,2023,3,3,Крупные центры,False
2507,2024,3,3,Крупные центры,False
2508,2023,3,3,Крупные центры,False
2508,2024,3,3,Крупные центры,False
2509,2023,3,3,Крупные центры,False
2509,2024,3,3,Крупные центры,False
2510,2023,3,3,Крупные центры,False
2510,2024,3,3,Крупные центры,False
2511,2023,3,3,Крупные центры,False
2511,2024,3,3,Крупные центры,False
2512,2023,3,3,Крупные центры,False
2512,2024,3,3,Крупные центры,False
2513,2023,3,3,Крупные центры,False
2513,2024,3,3,Крупные центры,False
2514,2023,3,3,Крупные центры,False
2514,2024,3,3,Крупные центры,False
2515,2023,3,3,Крупные центры,False
2515,2024,3,3,Крупные центры,False
2516,2023,3,3,Крупные центры,False
2516,2024,3,3,Крупные центры,False
2517,2023,3,3,Крупные центры,False
2517,2024,3,3,Крупные центры,False
2518,2023,3,3,Крупные центры,False
2518,2024,3,3,Крупные центры,False
2519,2023,3,3,Крупные центры,False
2519,2024,3,3,Крупные центры,False
2520,2023,3,3,Крупные центры,False
2520,2024,3,3,Крупные центры,False
2521,2023,3,3,Крупные центры,False
2521,2024,3,3,Крупные центры,False
2522,2023,3,3,Крупные центры,False
2522,2024,3,3,Крупные центры,False
2523,2023,3,3,Крупные центры,False
2523,2024,3,3,Крупные центры,False
2524,2023,3,3,Крупные центры,False
2524,2024,3,3,Крупные центры,False
2525,2023,3,3,Крупные центры,False
2525,2024,3,3,Крупные центры,False
2526,2023,3,3,Крупные центры,False
2526,2024,3,3,Крупные центры,False
2527,2023,3,3,Крупные центры,False
2527,2024,3,3,Крупные центры,False
2528,2023,3,3,Крупные центры,False
2528,2024,3,3,Крупные центры,False
2529,2023,3,3,Крупные центры,False
2529,2024,3,3,Крупные центры,False
2530,2023,3,3,Крупные центры,False
2530,2024,3,3,Крупные центры,False
2531,2023,3,3,Крупные центры,False
2531,2024,3,3,Крупные центры,False
2532,2023,3,3,Крупные центры,False
2532,2024,3,3,Крупные центры,False
2533,2023,3,3,Крупные центры,False
2533,2024,3,3,Крупные центры,False
2534,2023,3,3,Крупные центры,False
2534,2024,3,3,Крупные центры,False
2535,2023,3,3,Крупные центры,False
2535,2024,3,3,Крупные центры,False
2536,2023,3,3,Крупные центры,False
2536,2024,3,3,Крупные центры,False
2537,2023,3,3,Крупные центры,False
2537,2024,3,3,Крупные центры,False
2538,2023,3,3,Крупные центры,False
2538,2024,3,3,Крупные центры,False
2539,2023,3,3,Крупные центры,False
2539,2024,3,3,Крупные центры,False
2540,2023,3,3,Крупные центры,False
2540,2024,3,3,Крупные центры,False
2541,2023,3,3,Крупные центры,False
2541,2024,3,3,Крупные центры,False
2542,2023,3,3,Крупные центры,False
2542,2024,3,3,Крупные центры,False
2543,2023,3,3,Крупные центры,False
2543,2024,3,3,Крупные центры,False
2544,2023,3,3,Крупные центры,False
2544,2024,3,3,Крупные центры,False
2545,2023,3,3,Крупные центры,False
2545,2024,3,3,Крупные центры,False
2546,2023,3,3,Крупные центры,False
2546,2024,3,3,Крупные центры,False
2547,2023,3,3,Крупные центры,False
2547,2024,3,3,Крупные центры,False
2548,2023,3,3,Крупные центры,False
2548,2024,3,3,Крупные центры,False
2549,2023,3,3,Крупные центры,False
2549,2024,3,3,Крупные центры,False
2550,2023,3,3,Крупные центры,False
2550,2024,3,3,Крупные центры,False
2551,2023,3,3,Крупные центры,False
2551,2024,3,3,Крупные центры,False
2552,2023,3,3,Крупные центры,False
2552,2024,3,3,Крупные центры,False
2553,2023,3,3,Крупные центры,False
2553,2024,3,3,Крупные центры,False
2554,2023,3,3,Крупные центры,False
2554,2024,3,3,Крупные центры,False
2555,2023,3,3,Крупные центры,False
2555,2024,3,3,Крупные центры,False
2556,2023,3,3,Крупные центры,False
2556,2024,3,3,Крупные центры,False
2557,2023,3,3,Крупные центры,False
2557,2024,3,3,Крупные центры,False
2558,2023,3,3,Крупные центры,False
2558,2024,3,3,Крупные центры,False
2559,2023,3,3,Крупные центры,False
2559,2024,3,3,Крупные центры,False
2560,2023,3,3,Крупные центры,False
2560,2024,3,3,Крупные центры,False
2561,2023,3,3,Крупные центры,False
2561,2024,3,3,Крупные центры,False
2562,2023,3,3,Крупные центры,False
2562,2024,3,3,Крупные центры,False
2563,2023,3,3,Крупные центры,False
2563,2024,3,3,Крупные центры,False
2564,2023,3,3,Крупные центры,False
2564,2024,3,3,Крупные центры,False
2565,2023,3,3,Крупные центры,False
2565,2024,3,3,Крупные центры,False
2566,2023,3,3,Крупные центры,False
2566,2024,3,3,Крупные центры,False
2567,2023,3,3,Крупные центры,False
2567,2024,3,3,Крупные центры,False
2568,2023,3,3,Крупные центры,False
2568,2024,3,3,Крупные центры,False
2569,2023,3,3,Крупные центры,False
2569,2024,3,3,Крупные центры,False
2570,2023,3,3,Крупные центры,False
2570,2024,3,3,Крупные центры,False
2571,2023,3,3,Крупные центры,False
2571,2024,3,3,Крупные центры,False
2572,2023,3,3,Крупные центры,False
2572,2024,3,3,Крупные центры,False
2573,2023,3,3,Крупные центры,False
2573,2024,3,3,Крупные центры,False
2574,2023,3,3,Крупные центры,False
2574,2024,3,3,Крупные центры,False
2575,2023,3,3,Крупные центры,False
2575,2024,3,3,Крупные центры,False
2576,2023,3,3,Крупные центры,False
2576,2024,3,3,Крупные центры,False
2577,2023,3,3,Крупные центры,False
2577,2024,3,3,Крупные центры,False
2578,2023,3,3,Крупные центры,False
2578,2024,3,3,Крупные центры,False
2579,2023,3,3,Крупные центры,False
2579,2024,3,3,Крупные центры,False
2580,2023,3,3,Крупные центры,False
2580,2024,3,3,Крупные центры,False
2581,2023,3,3,Крупные центры,False
2581,2024,3,3,Крупные центры,False
2582,2023,3,3,Крупные центры,False
2582,2024,3,3,Крупные центры,False
2583,2023,3,3,Крупные центры,False
2583,2024,3,3,Крупные центры,False
2584,2023,3,3,Крупные центры,False
2584,2024,3,3,Крупные центры,False
2585,2023,3,3,Крупные центры,False
2585,2024,3,3,Крупные центры,False
2586,2023,3,3,Крупные центры,False
2586,2024,3,3,Крупные центры,False
2587,2023,3,3,Крупные центры,False
2587,2024,3,3,Крупные центры,False
2588,2023,3,3,Крупные центры,False
2588,2024,3,3,Крупные центры,False
2589,2023,3,3,Крупные центры,False
2589,2024,3,3,Крупные центры,False
2590,2023,3,3,Крупные центры,False
2590,2024,3,3,Крупные центры,False
2591,2023,3,3,Крупные центры,False
2591,2024,3,3,Крупные центры,False
2592,2023,3,3,Крупные центры,False
2592,2024,3,3,Крупные центры,False
2593,2023,1,1,Цифровая повседневность,False
2593,2024,1,1,Цифровая повседневность,False
2595,2023,1,3,Крупные центры,True
2595,2024,3,3,Крупные центры,False
2596,2023,3,3,Крупные центры,False
2596,2024,3,3,Крупные центры,False
2597,2023,3,3,Крупные центры,False
2597,2024,3,3,Крупные центры,False
2598,2023,1,1,Цифровая повседневность,False
2598,2024,1,3,Крупные центры,True
2599,2023,3,3,Крупные центры,False
2599,2024,3,3,Крупные центры,False
2600,2023,3,3,Крупные центры,False
2600,2024,3,3,Крупные центры,False
2601,2023,3,3,Крупные центры,False
2601,2024,3,3,Крупные центры,False
2602,2023,3,3,Крупные центры,False
2602,2024,3,3,Крупные центры,False
2604,2023,3,3,Крупные центры,False
2604,2024,3,3,Крупные центры,False
2605,2023,3,3,Крупные центры,False
2605,2024,3,3,Крупные центры,False
2606,2023,3,3,Крупные центры,False
2606,2024,3,3,Крупные центры,False
2607,2023,1,3,Крупные центры,True
2607,2024,3,3,Крупные центры,False
2618,2023,1,1,Цифровая повседневность,False
2618,2024,1,1,Цифровая повседневность,False
2619,2023,1,1,Цифровая повседневность,False
2619,2024,1,1,Цифровая повседневность,False
2620,2023,2,2,Автономные локальные центры,False
2620,2024,2,2,Автономные локальные центры,False
2621,2023,2,2,Автономные локальные центры,False
2621,2024,2,2,Автономные локальные центры,False
2644,2023,3,3,Крупные центры,False
2644,2024,3,3,Крупные центры,False
2646,2023,3,3,Крупные центры,False
2646,2024,3,3,Крупные центры,False
2647,2023,1,1,Цифровая повседневность,False
2647,2024,3,3,Крупные центры,False
2648,2023,3,3,Крупные центры,False
2648,2024,3,3,Крупные центры,False
2649,2023,3,3,Крупные центры,False
2649,2024,3,3,Крупные центры,False
2651,2023,3,3,Крупные центры,False
2651,2024,3,3,Крупные центры,False
2652,2023,3,3,Крупные центры,False
2652,2024,3,3,Крупные центры,False
2710,2023,1,1,Цифровая повседневность,False
2710,2024,1,1,Цифровая повседневность,False
2808,2023,3,3,Крупные центры,False
2808,2024,3,3,Крупные центры,False
2809,2023,2,1,Цифровая повседневность,True
2809,2024,2,2,Автономные локальные центры,False
2813,2023,1,1,Цифровая повседневность,False
2813,2024,1,1,Цифровая повседневность,False
2814,2023,3,3,Крупные центры,False
2814,2024,3,3,Крупные центры,False
2872,2023,2,2,Автономные локальные центры,False
2872,2024,2,2,Автономные локальные центры,False
2876,2023,3,3,Крупные центры,False
2876,2024,3,3,Крупные центры,False
2879,2023,2,2,Автономные локальные центры,False
2879,2024,2,2,Автономные локальные центры,False
2880,2023,2,2,Автономные локальные центры,False
2880,2024,2,2,Автономные локальные центры,False
2881,2023,3,3,Крупные центры,False
2881,2024,3,3,Крупные центры,False
2882,2023,2,2,Автономные локальные центры,False
2882,2024,2,2,Автономные локальные центры,False
2883,2023,1,1,Цифровая повседневность,False
2883,2024,1,1,Цифровая повседневность,False
2884,2023,1,1,Цифровая повседневность,False
2884,2024,1,1,Цифровая повседневность,False
2885,2023,2,1,Цифровая повседневность,True
2885,2024,2,1,Цифровая повседневность,True
2886,2023,1,1,Цифровая повседневность,False
2886,2024,1,1,Цифровая повседневность,False
2887,2023,3,3,Крупные центры,False
2887,2024,3,3,Крупные центры,False
3005,2023,1,1,Цифровая повседневность,False
3005,2024,1,1,Цифровая повседневность,False
3007,2023,1,1,Цифровая повседневность,False
3007,2024,1,1,Цифровая повседневность,False
3009,2023,3,1,Цифровая повседневность,True
3009,2024,3,3,Крупные центры,False
3011,2023,2,1,Цифровая повседневность,True
3011,2024,2,2,Автономные локальные центры,False
3012,2023,1,1,Цифровая повседневность,False
3012,2024,1,1,Цифровая повседневность,False
3013,2023,3,3,Крупные центры,False
3013,2024,3,3,Крупные центры,False
