distance,neighbors,bandwidth,month,silhouette,ch,s_dbw,avi,avu,anui,mq,modularity,reference_ari,temporal_ari,mean_degree
euclidean,4,0.5,1,0.28010789030365596,701.6096147011721,1.0958614127916397,0.8385934394216868,0.6666666666666665,0.5378832155808986,2.5157803182650604,0.4813923472458071,0.867963820776206,,5.641865079365079
euclidean,4,0.5,2,0.28548437632424084,738.6395935147376,1.0843648397119285,0.8393039667587154,0.6666666666666666,0.5381754436480749,2.5179119002761463,0.4840006273140635,0.8591847406608333,0.8867411019119036,5.616071428571429
euclidean,4,0.5,3,0.28903067436803975,815.6803632089349,1.0739496726901678,0.8384861784930688,0.6666666666666665,0.53783908551903,2.5154585354792065,0.48427928853410707,0.8494305984476688,0.8853742609509226,5.627976190476191
euclidean,4,0.5,4,0.29022147850477226,940.0304038477475,0.9943863066010736,0.8460336329274781,0.6666666666666666,0.54093446555054,2.5381008987824343,0.4798680773153445,0.8716588620840561,0.8414821292700663,5.645833333333333
euclidean,4,0.5,5,0.2928411846971698,953.8688107197407,1.0234491458254917,0.844052674007422,0.6666666666666666,0.5401239592652277,2.532158022022266,0.47590205979581646,0.8882444798014002,0.8981680695037726,5.719246031746032
euclidean,4,0.5,6,0.3039849015626755,1024.3295837911153,1.029937407320074,0.861929799281274,0.6666666666666666,0.547389130411638,2.585789397843822,0.4830994305380008,0.9154076229890412,0.8944478394413898,5.632936507936508
euclidean,4,0.5,7,0.30674226845847796,1013.1587073545894,1.1098799689981076,0.8623662779396585,0.6666666666666664,0.5475651379673685,2.5870988338189753,0.48238343270534023,0.9036366597304708,0.9316248584619261,5.609126984126984
euclidean,4,0.5,8,0.3031570993368935,979.7472603265064,1.0166316472027068,0.8610257149389232,0.6666666666666669,0.547024356505916,2.5830771448167695,0.47592956231743017,0.9097911025839692,0.9341927908738417,5.640873015873016
euclidean,4,0.5,9,0.2985803745691889,945.4309392325215,1.1972439054709345,0.861215775423759,0.6666666666666666,0.547101064028678,2.583647326271277,0.4708521391309174,0.910894915311224,0.9174277494275676,5.6101190476190474
euclidean,4,0.5,10,0.2986743287055991,926.9934387527016,1.2146622834241838,0.8747568689008713,0.6666666666666666,0.5525345859757903,2.624270606702614,0.4747824141831326,0.9023625348022661,0.9237099856660539,5.625992063492063
euclidean,4,0.5,11,0.30063901438191065,901.0167769059931,1.2045078997950216,0.8571263163186593,0.6666666666666666,0.5454478470572457,2.571378948955978,0.4657722630512502,0.9105819596286153,0.9076129001348348,5.597222222222222
euclidean,4,0.5,12,0.30609815279601293,947.6018698694487,1.4235149534256775,0.8633761210172994,0.6666666666666666,0.547972102285817,2.5901283630518983,0.4789514799097994,0.9019244219225511,0.8960622860013722,5.607142857142857
euclidean,4,0.5,13,0.3043057470930516,905.335479657641,1.0712475982063008,0.859085962873618,0.6666666666666666,0.5462407748553341,2.577257888620854,0.4605536988999082,0.9060111461892456,0.8701637187893262,5.6021825396825395
euclidean,4,0.5,14,0.3056618595159982,941.6523482766321,1.0430565266449068,0.8613384084946484,0.6666666666666665,0.5471505516084103,2.5840152254839452,0.47481143891225763,0.8915353098078572,0.912529033030544,5.576388888888889
euclidean,4,0.5,15,0.3103778899943515,1004.3590494833645,1.2635213334081925,0.8593284517479214,0.6666666666666666,0.5463388010545649,2.577985355243764,0.47924513139433955,0.8953052380208735,0.9149012767344035,5.628968253968254
euclidean,4,0.5,16,0.31614873239890456,1084.0851264286955,1.0549988655657572,0.8566158977690095,0.6666666666666666,0.5452411009659834,2.5698476933070284,0.47858496481608365,0.9004676130292192,0.9143152533623006,5.660714285714286
euclidean,4,0.5,17,0.3134835456714777,1086.221100201314,1.0870546094404854,0.8664694711010412,0.6666666666666669,0.5492165534030116,2.599408413303123,0.48286701672900323,0.9004497327543,0.9007660082214077,5.629960317460317
euclidean,4,0.5,18,0.31321514769131975,1181.750622294713,1.2269671915774993,0.8694586882994085,0.6666666666666669,0.5504160249297891,2.6083760648982257,0.4857137017009776,0.9019826797880565,0.9061132814991302,5.618055555555555
euclidean,4,0.5,19,0.32039815463055665,1157.5646639098338,0.9475511479635276,0.8679031460117942,0.6666666666666666,0.5497922164639106,2.603709438035382,0.48145809478625645,0.8965347023856497,0.9363109313912684,5.625
euclidean,4,0.5,20,0.33455079270954485,1185.5107258786522,0.9910350589219368,0.870597071682263,0.6666666666666666,0.550872024235094,2.611791215046789,0.4780618424175764,0.9171537558604987,0.9178146787811177,5.627976190476191
euclidean,4,0.5,21,0.3154093168032371,1042.3808052201205,1.0619277502910747,0.8676664513072172,0.6666666666666669,0.5496972245572226,2.6029993539216516,0.47617725890809354,0.8954514460989755,0.905262440341689,5.591269841269841
euclidean,4,0.5,22,0.31948683243208015,1055.9748764287506,1.1287826419091203,0.8707359886867042,0.6666666666666666,0.5509276398818188,2.6122079660601125,0.47904084394381397,0.9104580122572142,0.9294499593615055,5.567460317460317
euclidean,4,0.5,23,0.31471432164783686,1035.6583817666838,1.0500555184540117,0.8656638502363716,0.6666666666666666,0.5488927664954659,2.596991550709115,0.4760047723299624,0.8985799137405492,0.9230439547145997,5.619047619047619
euclidean,4,0.5,24,0.33566983656664573,1079.3023250638587,1.0538692844354842,0.8719729097384431,0.6666666666666669,0.5514225559818442,2.615918729215329,0.4879630784913549,0.921166672288435,0.9252484376098644,5.630952380952381
euclidean,4,1.0,1,0.2812165993552985,700.6028432851251,1.0903058885414294,0.838303406435578,0.6666666666666665,0.5377638787988529,2.514910219306734,0.48125203936681454,0.8725221399684,,5.641865079365079
euclidean,4,1.0,2,0.2860865194828333,738.4655610326771,1.099744706197508,0.8400600290436722,0.6666666666666666,0.5384862045955623,2.5201800871310165,0.48442895845962797,0.8636919974838305,0.8868712987317806,5.616071428571429
euclidean,4,1.0,3,0.2897137565129671,815.7296928523281,1.0664040973391944,0.8384078790781954,0.6666666666666669,0.5378068684548932,2.515223637234586,0.4837069767676608,0.8472448347316182,0.8802281629420206,5.627976190476191
euclidean,4,1.0,4,0.2906014262991993,940.2881269071931,1.0051406751967675,0.8451344767333667,0.6666666666666666,0.5405667468868921,2.5354034302001005,0.47948840649791885,0.873765594691555,0.8453667227459976,5.645833333333333
euclidean,4,1.0,5,0.2931492005830611,954.4002824401572,1.0011876402582318,0.840761491869095,0.6666666666666669,0.5387743442398405,2.522284475607285,0.4744851790772207,0.8927504143035613,0.8898327268998842,5.719246031746032
euclidean,4,1.0,6,0.3041727422305574,1024.5024649191505,1.0304542312833265,0.8610999188833933,0.6666666666666666,0.5470543063403833,2.58329975665018,0.4826031715138194,0.9176528997798973,0.889165047282358,5.632936507936508
euclidean,4,1.0,7,0.30717215401009257,1013.5370989572285,1.12746631758586,0.8621625736731134,0.6666666666666665,0.5474830034660583,2.58648772101934,0.4818806562692901,0.9012063505083159,0.9318069005212876,5.609126984126984
euclidean,4,1.0,8,0.3032483836312686,980.4110958577138,1.0254141413891378,0.8604159991649549,0.6666666666666669,0.546778194692807,2.5812479974948648,0.47556733305173315,0.9121370428490658,0.9325063440214109,5.640873015873016
euclidean,4,1.0,9,0.2985222570371191,945.1653167603706,1.2095492778566985,0.862064752032292,0.6666666666666666,0.5474435562936507,2.586194256096876,0.47117930366588795,0.9048491543037739,0.9059371497215452,5.6101190476190474
euclidean,4,1.0,10,0.29908120063769417,927.0727989137378,1.2304466296615528,0.8764220537029193,0.6666666666666669,0.5531984853052215,2.6292661611087578,0.47495271540945544,0.9032158423859492,0.9193699465541391,5.625992063492063
euclidean,4,1.0,11,0.30161655405685167,901.8183237835317,1.190723713305036,0.8575488120904103,0.6666666666666669,0.5456189121255344,2.572646436271231,0.4655594611597138,0.9115046937222325,0.9055734313177423,5.597222222222222
euclidean,4,1.0,12,0.3066358595986964,947.4270964503986,1.4238644405944838,0.8626813984836362,0.6666666666666669,0.5476921681255691,2.588044195450909,0.4787147144803731,0.9010423409508137,0.8930905927258705,5.607142857142857
euclidean,4,1.0,13,0.30479393329117466,905.3983526058414,1.0716990225186378,0.8608818815726754,0.6666666666666666,0.5469662978220717,2.5826456447180264,0.46108302096386644,0.9060402420714632,0.8693165976299807,5.6021825396825395
euclidean,4,1.0,14,0.30631460749210243,941.9661870633896,1.0436114575717341,0.8629098362662871,0.6666666666666665,0.5477842338854113,2.5887295087988615,0.4750803741899628,0.8954078006637229,0.9134639734608585,5.576388888888889
euclidean,4,1.0,15,0.3109566290051722,1004.4032275580175,1.2641152651257623,0.8595188071128388,0.6666666666666666,0.5464157381508006,2.578556421338516,0.47896382386558156,0.8985442561450435,0.9095821239684183,5.628968253968254
euclidean,4,1.0,16,0.3165580891959294,1084.3505028610987,1.0200520245772353,0.8586807364722122,0.6666666666666666,0.5460769169780739,2.5760422094166366,0.47970008661461205,0.9050377251630581,0.9191625114891392,5.660714285714286
euclidean,4,1.0,17,0.31375902713878984,1087.2747676983722,1.074337127524942,0.8663823967359194,0.6666666666666666,0.5491815679902167,2.599147190207758,0.48239491221743047,0.9013134792190877,0.9015307648484892,5.629960317460317
euclidean,4,1.0,18,0.31374001604858415,1182.0626546699132,1.2041808819258537,0.869934289391435,0.6666666666666666,0.550606588515259,2.609802868174305,0.4858656395004806,0.904978913634175,0.907025141762353,5.618055555555555
euclidean,4,1.0,19,0.32078595573791113,1157.638647907634,0.9478039437672207,0.8682770981833167,0.6666666666666666,0.5499422547615083,2.6048312945499505,0.48158864139862,0.8980248237173292,0.9317616457367802,5.625
euclidean,4,1.0,20,0.335248742336902,1186.0087992192425,0.9878877806218648,0.8711665934272833,0.6666666666666669,0.551099991777528,2.61349978028185,0.47819864747510515,0.9177415743482874,0.9219168433578322,5.627976190476191
euclidean,4,1.0,21,0.3162940473977301,1042.3723490430232,1.0697889458066039,0.8695241149878624,0.6666666666666665,0.5504422445974874,2.6085723449635867,0.4763398480345954,0.8994183961645157,0.9071127049632046,5.591269841269841
euclidean,4,1.0,22,0.32018136856570983,1056.1059898204833,1.1553787461080811,0.8706217126236124,0.6666666666666669,0.5508818897512409,2.6118651378708373,0.4784357648448541,0.9120545624513514,0.9271787474190142,5.567460317460317
euclidean,4,1.0,23,0.31582024288076005,1035.6703052513562,1.0517290909029922,0.8644162851723513,0.6666666666666666,0.548390922482591,2.593248855517054,0.47494844629199673,0.9046968079295364,0.9216651875570725,5.619047619047619
euclidean,4,1.0,24,0.335950672424242,1079.4321538811066,1.054079637815327,0.8716679393382781,0.6666666666666666,0.5513005793602898,2.6150038180148343,0.48781512802999816,0.9227017511522451,0.9221292163895275,5.630952380952381
euclidean,4,2.0,1,0.27937646429532803,701.9963520920509,1.0914183864027847,0.8386457329087759,0.6666666666666666,0.5379047290751984,2.5159371987263275,0.48154415824836844,0.8642669469607362,,5.641865079365079
euclidean,4,2.0,2,0.28471055327652245,738.4189483216492,1.0982349166829823,0.8404532403642547,0.6666666666666669,0.5386477451479342,2.521359721092764,0.48477434227869276,0.8591293404915515,0.8905338807410826,5.616071428571429
euclidean,4,2.0,3,0.28871279103638237,815.4955495352768,1.0657955154850087,0.8382384869602174,0.6666666666666669,0.5377371630192137,2.514715460880652,0.48388313060892313,0.8398521065236005,0.8800846957811481,5.627976190476191
euclidean,4,2.0,4,0.2899375642541096,940.6145294343787,1.0103469774134861,0.8462357103995976,0.6666666666666666,0.5410170683077734,2.5387071311987928,0.4802786814423183,0.8693187246045937,0.8393227792458787,5.645833333333333
euclidean,4,2.0,5,0.29134599286777174,954.4268910098162,0.9794908451030258,0.8452205850350974,0.6666666666666666,0.5406019739220703,2.5356617551052922,0.476569986410288,0.8866151314402643,0.8852193838577899,5.719246031746032
euclidean,4,2.0,6,0.3020029202954109,1024.1346505077504,1.0432992635248786,0.8586803548345192,0.6666666666666666,0.5460767626320202,2.5760410645035576,0.48177999424474416,0.9076697237809676,0.8882992228169757,5.632936507936508
euclidean,4,2.0,7,0.3064260263607641,1013.8417484114926,1.110441280001533,0.8620984929845491,0.6666666666666666,0.5474571629072549,2.586295478953647,0.4818559006143119,0.9005708786898577,0.9271213812043622,5.609126984126984
euclidean,4,2.0,8,0.30255481573613663,980.2210333029502,1.0249900029251684,0.8607695936230311,0.6666666666666666,0.546920967604058,2.582308780869093,0.47574904374805554,0.9076021461964694,0.9333405709881585,5.640873015873016
euclidean,4,2.0,9,0.29846760426355995,945.2228823971196,1.2096207301015374,0.8620901024982758,0.6666666666666665,0.5474537793370894,2.5862703074948272,0.4711910456039582,0.9063336477166982,0.9089079777572744,5.6101190476190474
euclidean,4,2.0,10,0.2987240416895797,927.0322990731801,1.2301152939124536,0.8772521541945872,0.6666666666666669,0.5535290940719328,2.631756462583762,0.4753466283527798,0.9016995459907466,0.9193492464440122,5.625992063492063
euclidean,4,2.0,11,0.30111501815009223,901.4183107076954,1.204658861131513,0.8573825585225814,0.6666666666666666,0.5455516047382145,2.572147675567744,0.46551163458076517,0.9084466636243336,0.9040117870322717,5.597222222222222
euclidean,4,2.0,12,0.3058086949361205,946.4514803775118,1.4052960390279714,0.863365993397947,0.6666666666666666,0.547968022606162,2.590097980193841,0.4790161836724606,0.8986999225677726,0.8967075831462781,5.607142857142857
euclidean,4,2.0,13,0.3039693594414046,906.0588833903455,1.0747057174685513,0.8580343088188692,0.6666666666666666,0.5458154100705105,2.5741029264566078,0.46016021264226836,0.9030561130679831,0.8744774367316641,5.6021825396825395
euclidean,4,2.0,14,0.30637454272404424,942.0660301929494,1.0437463158002616,0.8625333636524338,0.6666666666666666,0.5476324971252298,2.5876000909573014,0.47438491835125074,0.8938522210726147,0.9110137947915042,5.576388888888889
euclidean,4,2.0,15,0.31031250158374607,1004.6303131860801,1.2634625946839932,0.8586333036515708,0.6666666666666666,0.5460577332997834,2.5758999109547123,0.4787821886552236,0.8946532001111124,0.9149845927260858,5.628968253968254
euclidean,4,2.0,16,0.31613826372423387,1083.69220622565,1.0206407459751523,0.8552305717924971,0.6666666666666669,0.5446795201509332,2.565691715377491,0.4780677349790479,0.9027469114420876,0.9189046867560443,5.660714285714286
euclidean,4,2.0,17,0.31323999206723707,1087.4188004903808,1.109915298638271,0.8667036927276607,0.6666666666666666,0.5493106480064507,2.600111078182982,0.48252709810221456,0.8997421224917851,0.903555306184424,5.629960317460317
euclidean,4,2.0,18,0.31346948104292477,1181.7869933315746,1.2271496209258625,0.8697257923666383,0.6666666666666666,0.5505230574576598,2.6091773770999147,0.48579773882914756,0.903479922368864,0.909938126210778,5.618055555555555
euclidean,4,2.0,19,0.3204455919254647,1157.7087582499573,0.9465199931444533,0.8688044010806234,0.6666666666666666,0.5501537404381831,2.60641320324187,0.4817885603175382,0.894981057716652,0.9363483550136112,5.625
euclidean,4,2.0,20,0.33464854281872536,1185.122722133603,0.9921004782124567,0.8702978256740722,0.6666666666666666,0.5507521984668157,2.6108934770222167,0.477669365700767,0.9184041198998263,0.9270691636696601,5.627976190476191
euclidean,4,2.0,21,0.3152758559770831,1042.4479137868357,1.0687981995280462,0.8697610413553506,0.6666666666666666,0.5505371804436683,2.6092831240660517,0.4764809563407038,0.8963974146687629,0.9047982287838487,5.591269841269841
euclidean,4,2.0,22,0.3196454639537298,1056.167430443268,1.1548361940381744,0.8714624994215542,0.6666666666666669,0.5512183934813142,2.6143874982646627,0.4788568127750613,0.9090235519822119,0.9301770887543378,5.567460317460317
euclidean,4,2.0,23,0.31458182803484896,1035.6256608175245,1.0510187938550035,0.8651004309152595,0.6666666666666666,0.5486661916807978,2.595301292745778,0.4755346552585244,0.8971848801859522,0.9200489446596107,5.619047619047619
euclidean,4,2.0,24,0.33566983656664573,1079.3023250638587,1.0538692844354842,0.8719729097384431,0.6666666666666669,0.5514225559818442,2.615918729215329,0.4879630784913549,0.921166672288435,0.9190072720971838,5.630952380952381
euclidean,8,0.5,1,0.2793999870075088,702.2272418389224,1.0985585426220885,0.8377087214777341,0.6666666666666666,0.5375190975128377,2.513126164433202,0.48165937076185183,0.8634600017767744,,11.035714285714286
euclidean,8,0.5,2,0.28435154157410414,738.7784984483401,1.0653203522904382,0.8382348510433646,0.6666666666666669,0.5377356667162806,2.514704553130094,0.484222582417943,0.8598284349508764,0.8842964002465171,10.989087301587302
euclidean,8,0.5,3,0.2891019139163804,815.7608473155553,1.0743170704533072,0.8399685908153054,0.6666666666666665,0.5384486318185827,2.519905772445916,0.4847232174438456,0.8450048819066294,0.8876418179455893,11.0625
euclidean,8,0.5,4,0.29070787089388883,940.6291653071154,1.0368375804432621,0.8446548383336031,0.6666666666666666,0.5403704787528029,2.533964515000809,0.4786233567873717,0.8708433272374679,0.8372012584708243,10.967261904761905
euclidean,8,0.5,5,0.292540429690328,954.3869786370282,0.992305008209871,0.8450323932063196,0.6666666666666666,0.5405249810116199,2.5350971796189588,0.4761414807256044,0.8905553349046572,0.8876561863533233,11.146825396825397
euclidean,8,0.5,6,0.30316757265415034,1025.138639008427,1.0172720030799542,0.8624145155393421,0.6666666666666666,0.5475845855161781,2.5872435466180264,0.48363324099243554,0.9139252007448179,0.8990427245666927,11.071428571428571
euclidean,8,0.5,7,0.30639360928680454,1012.8171962415622,1.109832112638026,0.8622109304191192,0.6666666666666666,0.547502502411675,2.5866327912573577,0.48232342924086163,0.8991787162985659,0.9324189331838277,11.04265873015873
euclidean,8,0.5,8,0.3027032097642614,979.7088601166329,1.0236182781207996,0.8615631410107719,0.6666666666666666,0.5472412272504481,2.584689423032316,0.4760589248718943,0.9052195400794856,0.9280044432358071,11.055555555555555
euclidean,8,0.5,9,0.29757268427803346,945.218508309867,1.2103732431007956,0.8650796392647292,0.6666666666666666,0.5486578284105925,2.5952389177941875,0.4727388346005302,0.9078523382961894,0.9097511134751792,11.01984126984127
euclidean,8,0.5,10,0.29914179113730527,927.0391316723267,1.2305720791141854,0.8754588190466214,0.666666666666667,0.5528145628291605,2.626376457139864,0.4736406167520007,0.9019347230044239,0.9330055192544394,11.011904761904763
euclidean,8,0.5,11,0.30017325969352576,901.8830368990501,1.2038121565545898,0.8611658317508638,0.6666666666666666,0.5470809081920484,2.5834974952525913,0.4677880118433665,0.9097568561911277,0.9133220804790241,10.994047619047619
euclidean,8,0.5,12,0.30513155753806964,947.2948031433741,1.404790238210225,0.8646907882168525,0.6666666666666666,0.5485013891830389,2.5940723646505575,0.47964800701033505,0.9002210120605624,0.8994958116167416,11.051587301587302
euclidean,8,0.5,13,0.30374116211962954,905.6517617111947,1.0806797071755494,0.8592071970248124,0.6666666666666669,0.5462897863157306,2.577621591074437,0.46083063012935593,0.899216352015918,0.8628681235612244,11.024801587301587
euclidean,8,0.5,14,0.30588823227185175,942.1111541011048,1.0311261998381267,0.8633850747232792,0.6666666666666666,0.5479757090522184,2.5901552241698376,0.4759319374382642,0.8953082035851293,0.912522620563036,11.00297619047619
euclidean,8,0.5,15,0.31153678435778176,1005.2878282705889,1.281928160629308,0.8563932262969184,0.6666666666666666,0.5451508793649503,2.5691796788907553,0.47730261255742873,0.9015095059464564,0.9182392599528676,11.067460317460318
euclidean,8,0.5,16,0.3169630491510087,1084.6707052359245,1.0393243674897201,0.8569639217325281,0.6666666666666666,0.5453820785062771,2.5708917651975844,0.4784291944715737,0.9033604846953112,0.9153144162389952,11.078373015873016
euclidean,8,0.5,17,0.31298379148086886,1086.605503356519,1.0682703867979333,0.8663543438331196,0.6666666666666666,0.5491702961292957,2.599063031499359,0.48273142376269185,0.9005568450229606,0.9083995641452787,11.124007936507937
euclidean,8,0.5,18,0.31233283421395625,1181.880178681848,1.1960935544604259,0.8690067785919376,0.6666666666666666,0.5502348831026441,2.607020335775813,0.4855987950329107,0.8966982904295578,0.9096797789866526,11.077380952380953
euclidean,8,0.5,19,0.3207333335112056,1157.2128512683296,0.9600303092313809,0.8682481854808599,0.6666666666666669,0.5499306560037963,2.6047445564425797,0.48120221081266396,0.9012010274782016,0.923493430586507,11.092261904761905
euclidean,8,0.5,20,0.3337878351103864,1186.2711581084184,0.9734426512045073,0.8690087623352779,0.6666666666666666,0.5502356784100552,2.6070262870058336,0.4781731385542122,0.9185430723334083,0.9192837161455427,11.040674603174603
euclidean,8,0.5,21,0.3157183685897536,1042.1329684563211,1.063082344635013,0.8708802437337626,0.6666666666666666,0.5509853857246688,2.612640731201288,0.47710294299676964,0.9024407056150107,0.9154238636546573,11.058531746031745
euclidean,8,0.5,22,0.3194373680526603,1055.7409496159507,1.1291049204577757,0.8712884051188395,0.6666666666666666,0.5511487362131985,2.6138652153565185,0.4792846722697705,0.9104580122572142,0.9286349852167292,10.99702380952381
euclidean,8,0.5,23,0.3149872468835474,1035.3323552361,1.0503790272309008,0.8661589144919645,0.6666666666666669,0.549091763778218,2.5984767434758935,0.47671076241168925,0.9016461444752913,0.9199720393825382,11.091269841269842
euclidean,8,0.5,24,0.33637419398993623,1079.6728148121413,1.0430344278946935,0.8718076303957489,0.6666666666666669,0.5513564543914654,2.615422891187247,0.4876990080381203,0.9226788991319346,0.9268315405734256,11.040674603174603
euclidean,8,1.0,1,0.2789228954247718,701.6528832840551,1.072977119883217,0.8377999223474101,0.6666666666666669,0.5375566452492859,2.5133997670422303,0.4813719441701307,0.8605869588281131,,11.035714285714286
euclidean,8,1.0,2,0.28371954560838564,737.0811429454849,1.0653021440892394,0.8360685428975666,0.6666666666666666,0.5368433294302275,2.5082056286927004,0.48395294776097686,0.8544041619419687,0.8865703851663821,10.989087301587302
euclidean,8,1.0,3,0.2880207063173404,815.4741042732549,1.0511181464933033,0.8401118048385666,0.6666666666666665,0.5385074784257085,2.5203354145157,0.4848312159136436,0.8398736365916953,0.878291839227621,11.0625
euclidean,8,1.0,4,0.2902674803586903,940.9438325780455,0.9976161702439812,0.8460589260749943,0.6666666666666666,0.5409448053530791,2.538176778224983,0.47959352120139653,0.8745026800417319,0.8342117817372663,10.967261904761905
euclidean,8,1.0,5,0.291633946894321,954.6756156649068,1.0009324205046415,0.8447520126727452,0.6666666666666666,0.5404102489988862,2.5342560380182357,0.4760562408235678,0.8913110850664782,0.8860482466470292,11.146825396825397
euclidean,8,1.0,6,0.30174154382226326,1024.3932232811103,1.0428455650533826,0.8595137109592086,0.6666666666666669,0.5464136785688303,2.5785411328776258,0.48255289532102574,0.9048715430197949,0.8923323019789857,11.071428571428571
euclidean,8,1.0,7,0.3061792218080447,1013.731906716493,1.1166272566276194,0.8632768787878319,0.6666666666666666,0.5479321233176595,2.5898306363634958,0.4832517637365541,0.8952613934294495,0.9380220106830944,11.04265873015873
euclidean,8,1.0,8,0.30172800435468594,980.103759228098,1.0242928178516175,0.8619340682326055,0.6666666666666665,0.5473908521571748,2.585802204697817,0.4763470993710049,0.9038692835234852,0.924004452962999,11.055555555555555
euclidean,8,1.0,9,0.29726728626804205,944.9856427687415,1.2088365392534812,0.8627026108140079,0.6666666666666665,0.5477007179397746,2.588107832442024,0.47180542470050907,0.9017879920381007,0.9019021754423063,11.01984126984127
euclidean,8,1.0,10,0.29873169190355076,927.0472007848809,1.2082175088050409,0.8740376186057585,0.6666666666666669,0.5522475371214227,2.622112855817275,0.47297574742967907,0.9002974192659233,0.9250738595877455,11.011904761904763
euclidean,8,1.0,11,0.2998909204823726,901.7788580166707,1.2041428578396447,0.8604563059240595,0.6666666666666666,0.5467944717497403,2.5813689177721786,0.4674747957234653,0.9089582976533632,0.9111979019051786,10.994047619047619
euclidean,8,1.0,12,0.30459596776949843,946.9847179438823,1.4018679108180525,0.8641818675629827,0.6666666666666666,0.5482965668291341,2.592545602688948,0.4793927803395679,0.8918342059556621,0.8949084433065149,11.051587301587302
euclidean,8,1.0,13,0.3028442406764221,906.0264441486847,1.0577019632341496,0.8592574392204474,0.6666666666666669,0.5463100963057886,2.577772317661342,0.46087518559834406,0.8962798903921079,0.8620958621347427,11.024801587301587
euclidean,8,1.0,14,0.3058706958298429,941.9544582861025,1.0421498157055626,0.8632908043827272,0.6666666666666665,0.5479377333388803,2.5898724131481816,0.4758924429666481,0.8938328060987911,0.9109657625383775,11.00297619047619
euclidean,8,1.0,15,0.31079987046381213,1005.3455603157199,1.2816474582703987,0.8567056120528056,0.6666666666666669,0.5452774464095494,2.570116836158417,0.4775346912682217,0.8968337618284475,0.9119429085694767,11.067460317460318
euclidean,8,1.0,16,0.31580049680515215,1084.8170197604366,1.019765390100026,0.8567661392945841,0.6666666666666666,0.5453019659076318,2.5702984178837522,0.4787199442551394,0.8996775957180955,0.9130740508780081,11.078373015873016
euclidean,8,1.0,17,0.31344793975183105,1087.4535257663322,1.0680443051599284,0.8645945475865076,0.6666666666666669,0.5484626625327677,2.5937836427595227,0.48130831213793923,0.8998185132842375,0.9069437302515835,11.124007936507937
euclidean,8,1.0,18,0.31186091261023674,1182.0753005881372,1.1956042998273695,0.869472830553352,0.6666666666666666,0.550421692543928,2.608418491660056,0.48583363028604093,0.8937214133008643,0.9120532682971374,11.077380952380953
euclidean,8,1.0,19,0.32047633176377194,1157.491214695381,0.9590958855841251,0.8675884679713253,0.6666666666666666,0.549665923602036,2.602765403913976,0.48091480201806036,0.900504487495631,0.9241421590266534,11.092261904761905
euclidean,8,1.0,20,0.33254022454270754,1185.9936247641149,0.9743707420433321,0.8675746308441945,0.666666666666667,0.5496603694398733,2.6027238925325835,0.4774494090326427,0.9107872537919259,0.9188700534132619,11.040674603174603
euclidean,8,1.0,21,0.3154567731804319,1042.1321470984649,1.0629041244074506,0.8709142579283361,0.6666666666666666,0.5509990007120666,2.6127427737850084,0.47712607577207056,0.9009398782918688,0.9123855613380965,11.058531746031745
euclidean,8,1.0,22,0.31929574965475416,1056.1228922872294,1.1522911935065436,0.870760228568559,0.6666666666666666,0.5509373436897382,2.612280685705677,0.47918252011905843,0.9080803898824834,0.9277352350077875,10.99702380952381
euclidean,8,1.0,23,0.3143731495931886,1036.4270650616456,1.0386052133832782,0.8636760046176009,0.6666666666666666,0.5480928876866065,2.591028013852803,0.4746762955213234,0.8954966180217918,0.9208838422710953,11.091269841269842
euclidean,8,1.0,24,0.3358926439483089,1079.3675470950247,1.0429972136151353,0.8729082545721094,0.6666666666666666,0.5517964629838892,2.6187247637163282,0.4882051303709334,0.9226598680797584,0.9236328089630633,11.040674603174603
euclidean,8,2.0,1,0.27943951396564687,701.6083225000398,1.0739429564075411,0.8378606972248851,0.6666666666666665,0.5375816648653098,2.5135820916746554,0.4813797858668166,0.8635858031924083,,11.035714285714286
euclidean,8,2.0,2,0.2836523819479533,736.6843282976835,1.0674670770997432,0.835970624643824,0.6666666666666666,0.5368029562259296,2.507911873931472,0.48381378838237066,0.8529065612635881,0.8851159427411671,10.989087301587302
euclidean,8,2.0,3,0.28837106844570787,815.3068087510622,1.0625252490727994,0.8400805153041278,0.666666666666667,0.5384946221785964,2.5202415459123833,0.4847957894618123,0.8413483944928486,0.8753051573934786,11.0625
euclidean,8,2.0,4,0.28958687267708944,940.4481328791958,1.0094013542328808,0.8452108307485869,0.6666666666666666,0.5405979835587728,2.5356324922457607,0.47931961539853185,0.8692890040760729,0.8298860047445817,10.967261904761905
euclidean,8,2.0,5,0.291633946894321,954.6756156649068,1.0009324205046415,0.8447520126727452,0.6666666666666666,0.5404102489988862,2.5342560380182357,0.4760562408235678,0.8913110850664782,0.8807352558373615,11.146825396825397
euclidean,8,2.0,6,0.3018121217719145,1024.2168518902868,1.0436061563519252,0.8602304969357958,0.6666666666666666,0.5467032762600534,2.580691490807388,0.4827184531593946,0.9070990619595257,0.8945102536768955,11.071428571428571
euclidean,8,2.0,7,0.3061792218080447,1013.731906716493,1.1166272566276194,0.8632768787878319,0.6666666666666666,0.5479321233176595,2.5898306363634958,0.4832517637365541,0.8952613934294495,0.9389275952833966,11.04265873015873
euclidean,8,2.0,8,0.3016506191049182,979.7381050872358,1.0242419115751393,0.8618064402894694,0.6666666666666665,0.5473393748031977,2.585419320868408,0.47629143299212345,0.902391524428404,0.9224879373099537,11.055555555555555
euclidean,8,2.0,9,0.29760128656885265,945.0315773269458,1.1949980560802405,0.8658935893248306,0.6666666666666666,0.5489851233579376,2.597680767974492,0.47310181848888033,0.9033014725618035,0.8989248677348248,11.01984126984127
euclidean,8,2.0,10,0.29870056541224665,927.0774100726577,1.208674981872229,0.8744146985682316,0.6666666666666666,0.5523980493564387,2.6232440957046954,0.47313971073857053,0.900274078313092,0.9204828364740559,11.011904761904763
euclidean,8,2.0,11,0.30005976086180774,901.7779852521843,1.2042047758132113,0.8597818799171169,0.6666666666666665,0.5465220454701402,2.5793456397513506,0.4671903072713516,0.9074535083967619,0.9127128000409545,10.994047619047619
euclidean,8,2.0,12,0.3048024832038089,947.0771214486538,1.4019548284794405,0.8643567491870994,0.6666666666666666,0.5483669603694185,2.593070247561298,0.47946345654485784,0.8933514445166564,0.8949448673795508,11.051587301587302
euclidean,8,2.0,13,0.30296656247490716,905.8423723229761,1.0632265954141566,0.8578386117920677,0.6666666666666666,0.5457362141975041,2.573515835376203,0.4603325939138373,0.8918258066061336,0.8621020577638933,11.024801587301587
euclidean,8,2.0,14,0.30583758269168587,941.4699893274109,1.042131492056036,0.8632507296509367,0.6666666666666665,0.5479215887802411,2.58975218895281,0.4753737319444029,0.8916126437877476,0.9103064580911132,11.00297619047619
euclidean,8,2.0,15,0.3105207419654353,1005.2194644443921,1.2816310232319377,0.856940278366212,0.6666666666666666,0.5453725023700393,2.570820835098636,0.47768931157895783,0.895318180362186,0.9095731003000516,11.067460317460318
euclidean,8,2.0,16,0.31621299299207756,1084.8884752358467,1.020026134930075,0.8570814643729151,0.6666666666666666,0.5454296832720643,2.571244393118745,0.4787928633496197,0.9011746655037216,0.9100495740795924,11.078373015873016
euclidean,8,2.0,17,0.31341784247560545,1087.6210285338716,1.0763317558224683,0.8645811564663209,0.6666666666666669,0.5484572737767872,2.5937434693989627,0.4813080195858144,0.898953647471734,0.909262990031473,11.124007936507937
euclidean,8,2.0,18,0.31186091261023674,1182.0753005881372,1.1956042998273695,0.869472830553352,0.6666666666666666,0.550421692543928,2.608418491660056,0.48583363028604093,0.8937214133008643,0.912910801218549,11.077380952380953
euclidean,8,2.0,19,0.32047633176377194,1157.491214695381,0.9590958855841251,0.8675884679713253,0.6666666666666666,0.549665923602036,2.602765403913976,0.48091480201806036,0.900504487495631,0.9241421590266534,11.092261904761905
euclidean,8,2.0,20,0.33436973141602966,1186.6036633824956,0.9776568689271721,0.8690408626392055,0.6666666666666666,0.5502485476365272,2.6071225879176168,0.4781311317273903,0.9184060678893485,0.9232531061996126,11.040674603174603
euclidean,8,2.0,21,0.3154567731804319,1042.1321470984649,1.0629041244074506,0.8709142579283361,0.6666666666666666,0.5509990007120666,2.6127427737850084,0.47712607577207056,0.9009398782918688,0.9171276605561998,11.058531746031745
euclidean,8,2.0,22,0.31929574965475416,1056.1228922872294,1.1522911935065436,0.870760228568559,0.6666666666666666,0.5509373436897382,2.612280685705677,0.47918252011905843,0.9080803898824834,0.9277352350077875,10.99702380952381
euclidean,8,2.0,23,0.31431313421441587,1036.029709043174,1.0392599840544303,0.86360892226462,0.6666666666666666,0.5480658713014881,2.5908267667938603,0.47455532969480585,0.8939352656239027,0.9224472416583219,11.091269841269842
euclidean,8,2.0,24,0.3358926439483089,1079.3675470950247,1.0429972136151353,0.8729082545721094,0.6666666666666666,0.5517964629838892,2.6187247637163282,0.4882051303709334,0.9226598680797584,0.9220738044173448,11.040674603174603
euclidean,16,0.5,1,0.2780596221805784,700.554964875917,1.0768640195401373,0.8328177850450325,0.6666666666666666,0.535501180407639,2.4984533551350974,0.47928385102339793,0.8597750085745549,,21.928571428571427
euclidean,16,0.5,2,0.28423807537186907,738.7956583126714,1.0651060027335062,0.8373174378813996,0.6666666666666669,0.5373579713505009,2.5119523136441986,0.48372663748232636,0.861315898293156,0.8904741872125158,21.85218253968254
euclidean,16,0.5,3,0.2885534178292759,815.3552021669765,1.0411840771517054,0.8365815910794004,0.6666666666666666,0.5370548117857094,2.5097447732382014,0.48368936557649445,0.8480274929203231,0.8837744764316358,21.836309523809526
euclidean,16,0.5,4,0.2901778533222372,940.5995643723478,1.0230260238674198,0.8442144783623796,0.6666666666666666,0.5401902126413773,2.532643435087139,0.4784627236239162,0.8708156018617388,0.8394049448986504,21.830357142857142
euclidean,16,0.5,5,0.29291227432606143,954.412471533523,0.9994354503039496,0.8425458794970936,0.6666666666666666,0.5395065387222904,2.527637638491281,0.4752135409622765,0.8926703160259009,0.8914015602158618,21.96031746031746
euclidean,16,0.5,6,0.3025833835897548,1024.3295439051608,1.031090917235081,0.8589211098350981,0.6666666666666666,0.5461741214578865,2.5767633295052943,0.48221728790178975,0.909412886175474,0.8996753709464957,21.918650793650794
euclidean,16,0.5,7,0.306259969694066,1012.515856446848,1.0995904722775232,0.8619451370765904,0.6666666666666666,0.5473953163938203,2.585835411229771,0.4821780677945197,0.8984080018609042,0.9300260946021206,21.973214285714285
euclidean,16,0.5,8,0.30202664512034233,979.7854080939429,1.0098843270434372,0.8608659624289307,0.6666666666666666,0.5469598715866395,2.5825978872867923,0.4764071372782563,0.9030519468456357,0.9279853482862307,21.89980158730159
euclidean,16,0.5,9,0.29731667553983765,945.1522382072343,1.2087363959285142,0.8638161208376252,0.6666666666666666,0.5481493123912253,2.5914483625128755,0.472575485871927,0.9062745033929764,0.9103093951668488,21.84722222222222
euclidean,16,0.5,10,0.298518164790901,927.2178585951015,1.2147838973407328,0.8747176791212605,0.6666666666666666,0.5525189500283718,2.624153037363782,0.4735703038200122,0.9034377211994197,0.9351361933016472,21.79265873015873
euclidean,16,0.5,11,0.29995663163202246,901.9418888137433,1.1895245759781452,0.8618227517317342,0.6666666666666666,0.5473459541575436,2.5854682551952024,0.46827180812506825,0.9120668021212898,0.9145411495487139,21.81845238095238
euclidean,16,0.5,12,0.30431886707541633,946.8947264809431,1.3872593841111949,0.8629491268370142,0.6666666666666666,0.5478000671085989,2.588847380511043,0.47806565886294156,0.8939634199233919,0.8985751440552874,21.89186507936508
euclidean,16,0.5,13,0.30446699032159047,905.7002316677605,1.0698852465581004,0.8577938551818631,0.6666666666666669,0.5457180999708512,2.5733815655455894,0.4606707120135927,0.8978444006364521,0.8646136969262933,21.892857142857142
euclidean,16,0.5,14,0.305488612250668,941.8085828163046,1.0436105542793122,0.861370591996474,0.6666666666666669,0.5471635381476964,2.584111775989422,0.47454844729469714,0.890854867878313,0.9211634889778716,21.834325396825395
euclidean,16,0.5,15,0.31151533148827215,1005.3064813358261,1.2818859901029032,0.8571869543615329,0.6666666666666665,0.5454724026718388,2.5715608630845987,0.4776471321412662,0.9015095059464564,0.9180752984890532,21.88095238095238
euclidean,16,0.5,16,0.3158423244224502,1084.7305805549547,1.0256666519332807,0.8565577598189652,0.6666666666666666,0.5452175463872997,2.5696732794568957,0.47822414625694626,0.9012775794282085,0.9127766995731924,21.985119047619047
euclidean,16,0.5,17,0.3123498257103407,1086.999556926405,1.0429375167476496,0.8649912167987283,0.6666666666666669,0.548622259559332,2.594973650396185,0.48204560633827503,0.8996034184795131,0.9069767056466764,22.09027777777778
euclidean,16,0.5,18,0.3126013541735015,1181.6249017588138,1.2131710758447625,0.8713367115239073,0.6666666666666666,0.5511680652242472,2.614010134571722,0.4863334484447583,0.8990902017928789,0.9147361701938954,22.00793650793651
euclidean,16,0.5,19,0.3214161685830253,1158.9028520100383,0.9594013841295531,0.8705131565509864,0.6666666666666666,0.5508384255189407,2.6115394696529592,0.4821974246365034,0.903241550115199,0.9237123826642296,21.991071428571427
euclidean,16,0.5,20,0.3327104976255843,1186.5751303793406,0.9583482755263657,0.8662838603920652,0.6666666666666669,0.5491419741893512,2.5988515811761954,0.4770334181360206,0.9162496503810803,0.9248225651666805,21.946428571428573
euclidean,16,0.5,21,0.315866496958634,1042.6522432139377,1.0618896673503908,0.8702360146046434,0.6666666666666666,0.5507274439607648,2.61070804381393,0.4773370049638285,0.8991806899774663,0.908811503894219,21.904761904761905
euclidean,16,0.5,22,0.319205019967359,1056.4942338014719,1.1521766153508335,0.8713428618005788,0.6666666666666665,0.5511705260994787,2.6140285854017367,0.4799951083621226,0.9057412991250758,0.9321339610252599,21.81547619047619
euclidean,16,0.5,23,0.3144594872121832,1035.6698582195054,1.0396742117494246,0.8633732653414699,0.6666666666666666,0.5479709519457093,2.5901197960244096,0.4754450745736303,0.9001068601824329,0.925438027655061,21.893849206349206
euclidean,16,0.5,24,0.3358726682691931,1080.0545494935648,1.0432057303248559,0.8703651613541113,0.6666666666666666,0.5507791640362073,2.611095484062334,0.48707857930064186,0.9203475254024126,0.9275477439055568,21.807539682539684
euclidean,16,1.0,1,0.2759121877462576,700.4535783194088,1.0681483354008718,0.8298510896617475,0.6666666666666666,0.5342730443229058,2.4895532689852424,0.478053983997796,0.8471765261500924,,21.928571428571427
euclidean,16,1.0,2,0.28081953110497504,735.2580456016144,1.0641300062602075,0.8317833815581528,0.6666666666666666,0.5350733186474222,2.4953501446744584,0.4823492991967384,0.8468113885468583,0.8894066182637683,21.85218253968254
euclidean,16,1.0,3,0.2852249169576251,814.2275391645356,1.0275750540930353,0.8347799896792103,0.6666666666666664,0.5363117681554479,2.504339969037631,0.48355819437126685,0.831027971358143,0.890220089465916,21.836309523809526
euclidean,16,1.0,4,0.2886373308820118,940.4815070068682,1.0151721339194677,0.8460144581157265,0.6666666666666666,0.5409266267663344,2.538043374347179,0.4795510830676897,0.8647793956546549,0.8249409934369597,21.830357142857142
euclidean,16,1.0,5,0.2890826108789646,954.785813521984,0.9681333175486366,0.8427150613945728,0.6666666666666665,0.539575901876595,2.5281451841837184,0.47579097115490554,0.8731578316200395,0.8820376994187343,21.96031746031746
euclidean,16,1.0,6,0.30004520771313237,1023.678259256473,1.0426149503376796,0.8572863666116796,0.6666666666666666,0.5455126573212618,2.571859099835039,0.4816171632562068,0.8951295724599428,0.8952279020998363,21.918650793650794
euclidean,16,1.0,7,0.3047600264552878,1013.1485485828692,1.1173742213388351,0.8606733896374332,0.6666666666666666,0.5468821269910749,2.5820201689122997,0.4820503046591461,0.8871399154194962,0.9333447546570938,21.973214285714285
euclidean,16,1.0,8,0.2997660074277557,980.2280489836547,1.023982202213076,0.8587724213833262,0.6666666666666665,0.5461139957366195,2.5763172641499787,0.4756899990308005,0.894942119249979,0.9294111525313734,21.89980158730159
euclidean,16,1.0,9,0.295089372591626,944.7565976937497,1.1925325550034973,0.8682184750978771,0.6666666666666666,0.5499187369497196,2.604655425293631,0.47489882597470734,0.892509195176548,0.9049282046053071,21.84722222222222
euclidean,16,1.0,10,0.29775206129073656,927.2490634454322,1.2084776815834737,0.8728683644842153,0.6666666666666666,0.5517805228150205,2.618605093452646,0.4728441615700058,0.8965941496934228,0.9297255171947681,21.79265873015873
euclidean,16,1.0,11,0.2983565368469648,901.150675371764,1.2041635937731845,0.8607875347646972,0.6666666666666666,0.5469282106641331,2.5823626042940915,0.46782597855008706,0.9058991216600983,0.9116512771989107,21.81845238095238
euclidean,16,1.0,12,0.30371671308464265,947.3915316663059,1.4005553157759456,0.864935559718312,0.6666666666666666,0.5485998695592375,2.594806679154936,0.4792142551041199,0.8841370268235397,0.9018331139811483,21.89186507936508
euclidean,16,1.0,13,0.30245014501609774,905.4303319927685,1.0578585646783099,0.8597583451907388,0.6666666666666666,0.5465125360884642,2.5792750355722163,0.4617637240281196,0.8934620837686764,0.8554812602255765,21.892857142857142
euclidean,16,1.0,14,0.3045459430340392,942.0394561511539,1.0537112952746244,0.859555735272956,0.6666666666666666,0.5464306621942466,2.578667205818868,0.4739431652974444,0.8869617595030446,0.9155530042100112,21.834325396825395
euclidean,16,1.0,15,0.30983452928193866,1005.0436967334008,1.263338007066002,0.8557204634926849,0.6666666666666669,0.5448781870052355,2.567161390478055,0.47747724642769895,0.8946179225204348,0.9157156509422522,21.88095238095238
euclidean,16,1.0,16,0.31347873163419676,1084.3695829165272,0.9756490544317413,0.8549645433347218,0.6666666666666666,0.5445716024183056,2.5648936300041654,0.47832986322215176,0.8913758169113887,0.9105442461532913,21.985119047619047
euclidean,16,1.0,17,0.3110591693940656,1087.7509464921131,1.073179745983171,0.8679084670963052,0.6666666666666669,0.5497943517389812,2.6037254012889157,0.48366360467448405,0.8965681032353678,0.9080283007822588,22.09027777777778
euclidean,16,1.0,18,0.3116226691886865,1181.606484853963,1.1954971956078237,0.8697408695596031,0.6666666666666666,0.5505290983911907,2.609222608678809,0.48598563109559806,0.892265958141832,0.9154505867426534,22.00793650793651
euclidean,16,1.0,19,0.31964402911003925,1159.8045025780127,0.9331897089910945,0.8689890513471795,0.6666666666666669,0.5502277759703083,2.6069671540415387,0.4819483451998868,0.8911695226285966,0.9287984351126722,21.991071428571427
euclidean,16,1.0,20,0.33149155224134047,1187.11488854329,0.9353731613124714,0.868955899285587,0.6666666666666669,0.5502144844998849,2.606867697856761,0.47945305793004034,0.9121230308234924,0.9214303119231073,21.946428571428573
euclidean,16,1.0,21,0.313861352398429,1043.840525878618,1.0549536283580232,0.8664413385401396,0.6666666666666666,0.5492052503663465,2.599324015620419,0.4759771439868506,0.8884100484515717,0.9143134479664762,21.904761904761905
euclidean,16,1.0,22,0.31806939948701785,1056.3590082785825,1.0799966223633648,0.8693456049870941,0.6666666666666666,0.5503707035123498,2.6080368149612823,0.4793257986684184,0.9019886519382366,0.9241783938300254,21.81547619047619
euclidean,16,1.0,23,0.31276217692318425,1036.2850849901129,1.0374914718328856,0.8621243160472747,0.6666666666666666,0.5474675762344723,2.5863729481418245,0.4747676283182881,0.888093610347169,0.9301475878542705,21.893849206349206
euclidean,16,1.0,24,0.3337119263833242,1078.909824309058,1.042560220641845,0.8731166233893054,0.6666666666666666,0.55187971892147,2.619349870167916,0.48872723287330044,0.9125868209329095,0.9212766584810584,21.807539682539684
euclidean,16,2.0,1,0.2761547340633442,701.5388352308995,1.0799284424842626,0.8298542711420259,0.6666666666666666,0.5342743630497042,2.489562813426078,0.47804899471591283,0.8471656059917234,,21.928571428571427
euclidean,16,2.0,2,0.28002310848567896,734.0946566182593,1.0656586745334113,0.8314533751577512,0.6666666666666664,0.5349367377557959,2.4943601254732535,0.4823175610992749,0.8415116178942236,0.8901235436667374,21.85218253968254
euclidean,16,2.0,3,0.2850777096764645,813.7629731473579,1.0494297721671126,0.8343511512534466,0.6666666666666669,0.5361347311470913,2.50305345376034,0.4833525533712988,0.8295658478617205,0.8832468890035625,21.836309523809526
euclidean,16,2.0,4,0.2879549569221648,940.4509405071861,1.0146873739903803,0.8457409362041514,0.6666666666666665,0.5408147953281994,2.537222808612454,0.479467377784344,0.8618603201592376,0.8234185133013606,21.830357142857142
euclidean,16,2.0,5,0.2888588926770766,954.5808683205602,0.9681129049676529,0.8427357306706055,0.6666666666666665,0.5395843754191003,2.5282071920118163,0.47580376701135707,0.8716836403369679,0.8775416115297932,21.96031746031746
euclidean,16,2.0,6,0.2996207670925099,1023.6026582334215,1.04280219594624,0.8569591218852913,0.6666666666666665,0.5453801344673881,2.570877365655874,0.48122386435459014,0.8911914780205396,0.8915132807848805,21.918650793650794
euclidean,16,2.0,7,0.3044688295937341,1012.8322752232292,1.1508229952448368,0.8603040296611151,0.6666666666666666,0.5467329751908919,2.5809120889833452,0.48191801865712036,0.8841822738427477,0.9324411011895845,21.973214285714285
euclidean,16,2.0,8,0.2997660074277557,980.2280489836547,1.023982202213076,0.8587724213833262,0.6666666666666665,0.5461139957366195,2.5763172641499787,0.4756899990308005,0.894942119249979,0.9263302663223942,21.89980158730159
euclidean,16,2.0,9,0.295089372591626,944.7565976937498,1.1925325550034973,0.8682184750978771,0.6666666666666666,0.5499187369497196,2.604655425293631,0.47489882597470734,0.892509195176548,0.9049282046053071,21.84722222222222
euclidean,16,2.0,10,0.29748189588112417,926.9396410162096,1.21377228075829,0.8718772601851065,0.6666666666666666,0.5513843031555499,2.6156317805553195,0.472455564879529,0.8935589538608392,0.9297119485903578,21.79265873015873
euclidean,16,2.0,11,0.29832860887034235,900.9565604696213,1.189211051847985,0.8607236487797993,0.6666666666666669,0.546902418602461,2.582170946339398,0.4677671802782131,0.9043735896513405,0.9131467099382611,21.81845238095238
euclidean,16,2.0,12,0.3039576904475717,947.7322427619257,1.3999416747229805,0.8651140628866422,0.6666666666666666,0.5486716749492176,2.5953421886599264,0.4793234142566975,0.8849171972490987,0.9024482130490639,21.89186507936508
euclidean,16,2.0,13,0.3030340398751913,904.9095284346149,1.08259091916548,0.8595195364882469,0.6666666666666669,0.5464160329230621,2.578558609464741,0.4616867768115558,0.8925941267736357,0.8554070021465008,21.892857142857142
euclidean,16,2.0,14,0.3038746164567617,941.318685601185,1.063774312790965,0.8592939765274625,0.6666666666666666,0.5463248656652476,2.5778819295823876,0.4738280874256622,0.8794977455908313,0.9148114456457132,21.834325396825395
euclidean,16,2.0,15,0.3098694554346139,1005.1834941652791,1.263238970162842,0.8554232029251468,0.6666666666666669,0.5447576481348337,2.5662696087754404,0.4774402311511037,0.8937532764710643,0.9132735290837078,21.88095238095238
euclidean,16,2.0,16,0.31314569179313245,1084.4755760013932,0.9751046970893849,0.8565506695726878,0.6666666666666666,0.5452146736959441,2.569652008718063,0.4792357668885837,0.8906393937052549,0.9106687077373327,21.985119047619047
euclidean,16,2.0,17,0.3110746357174814,1087.696725080177,1.055104317764652,0.8678373670138658,0.6666666666666669,0.5497658195007172,2.603512101041598,0.4835356379675991,0.8950078696841791,0.905808906125696,22.09027777777778
euclidean,16,2.0,18,0.3113709698614819,1181.0829153840173,1.19539461322921,0.8685911123214272,0.6666666666666666,0.5500682079336173,2.6057733369642815,0.4854721317914039,0.890812871080814,0.9185418714903132,22.00793650793651
euclidean,16,2.0,19,0.3186288727041061,1159.7985942284945,0.9325148548353555,0.8728517891724237,0.6666666666666666,0.5517738991255204,2.618555367517271,0.4842016678885753,0.8858577803078256,0.9266151387133335,21.991071428571427
euclidean,16,2.0,20,0.33116202210113205,1187.0213142455523,0.9350957694978652,0.8669540063420843,0.6666666666666666,0.5494111867103098,2.600862019026253,0.47864520527791704,0.9106106369550152,0.9222200671862874,21.946428571428573
euclidean,16,2.0,21,0.3136519414114402,1043.8856709456038,1.0546666908498037,0.8671546265868887,0.6666666666666666,0.5494917506744413,2.601463879760666,0.4762900791328722,0.8869166804269252,0.9112555433080858,21.904761904761905
euclidean,16,2.0,22,0.3174944434267748,1056.3220796784344,1.0794423667105346,0.8687892995452714,0.6666666666666666,0.550147684966356,2.6063678986358143,0.47911345454386545,0.8989709329335377,0.9256690096443756,21.81547619047619
euclidean,16,2.0,23,0.31234474314612876,1036.2421549512817,1.03735522655403,0.8618484481961618,0.6666666666666666,0.54735631885339,2.5855453445884855,0.47469066413951755,0.885119038830425,0.9270384791739024,21.893849206349206
euclidean,16,2.0,24,0.3337119263833242,1078.9098243090577,1.042560220641845,0.8731166233893055,0.6666666666666666,0.5518797189214701,2.619349870167916,0.4887272328733004,0.9125868209329095,0.9181988107068602,21.807539682539684
euclidean,32,0.5,1,0.2764716098792876,699.3587684308344,1.0867973871395633,0.8296732718632901,0.6666666666666666,0.5341993329388919,2.48901981558987,0.4779922220467372,0.8514808523279292,,43.81051587301587
euclidean,32,0.5,2,0.2829312162063218,736.688471514935,1.0965567666255038,0.8347429381249375,0.6666666666666669,0.5362964747600846,2.5042288143748124,0.4831120864469999,0.8545908250141727,0.8943094083841605,43.682539682539684
euclidean,32,0.5,3,0.2870190208932896,813.9437534646836,1.0302677936672953,0.8344996428868386,0.6666666666666669,0.5361960401854448,2.503498928660516,0.48351030995755806,0.8413140334683242,0.8843652722004052,43.580357142857146
euclidean,32,0.5,4,0.29022318144147774,940.8655678379467,1.0295868016459515,0.8442658999696669,0.6666666666666665,0.5402112661242424,2.532797699909001,0.4785580517421845,0.8715321930857429,0.8347589000571908,43.71329365079365
euclidean,32,0.5,5,0.29110774111194593,954.0692608660937,1.0091795587623322,0.8440851860727534,0.6666666666666666,0.5401372725836736,2.5322555582182598,0.4761579610934167,0.8820173476515816,0.8891154122529855,43.773809523809526
euclidean,32,0.5,6,0.30221581160641336,1024.3119607467686,1.0311695995493864,0.8597393528629542,0.6666666666666666,0.5465048619585094,2.5792180585888627,0.48265079932900956,0.9063989899948119,0.9008281890304004,43.776785714285715
euclidean,32,0.5,7,0.3056425950039762,1012.8100624412816,1.1165875413588648,0.8596540150065509,0.6666666666666666,0.5464703784153062,2.5789620450196526,0.481531235476523,0.8930762698502606,0.9354427605284873,43.72519841269841
euclidean,32,0.5,8,0.3011388279017768,979.8219329519372,1.023823061107171,0.8601292351272546,0.6666666666666666,0.5466623748768218,2.5803877053817637,0.4762319160094024,0.8985456033555466,0.9318555237429091,43.71527777777778
euclidean,32,0.5,9,0.2977700584901313,945.318892774043,1.1946762285593602,0.8633793104168759,0.6666666666666666,0.547973387055198,2.5901379312506276,0.4724692888360884,0.9061253139153435,0.9089778955107493,43.60218253968254
euclidean,32,0.5,10,0.2983171463475121,927.0158776470375,1.2145015027135688,0.8750043543316984,0.6666666666666669,0.5526333158521191,2.6250130629950954,0.4742000722665193,0.899544487588033,0.9300545189725217,43.44742063492063
euclidean,32,0.5,11,0.29889205762026505,901.6559287616593,1.1883919643274081,0.8620911814552121,0.6666666666666665,0.5474542144415256,2.5862735443656364,0.4685602557133499,0.9074910410873419,0.909868046956,43.55059523809524
euclidean,32,0.5,12,0.3041564857568496,947.058581113956,1.4234717102837946,0.8657728329517377,0.6666666666666665,0.5489365806129787,2.597318498855213,0.4795623741291835,0.8932267334816073,0.903208917133624,43.6656746031746
euclidean,32,0.5,13,0.30308807071064503,905.1685616675229,1.080257505445102,0.8582643472800601,0.6666666666666666,0.5459084866397308,2.5747930418401803,0.46112594469312035,0.8918593926034534,0.8592473448221001,43.7281746031746
euclidean,32,0.5,14,0.30558030709369977,942.0465558988046,1.0430439299133796,0.8586252580580225,0.6666666666666666,0.5460544792721584,2.5758757741740674,0.4740661047405799,0.8900649888967287,0.9202803565967432,43.467261904761905
euclidean,32,0.5,15,0.3114287386295003,1005.338098673184,1.2641390502349732,0.8550614346305055,0.6666666666666666,0.5446109103930824,2.5651843038915167,0.4770834709930455,0.9007174909621412,0.9250270732398983,43.592261904761905
euclidean,32,0.5,16,0.31487683684378687,1084.9615587631436,1.0249945353813,0.8555864739138984,0.6666666666666665,0.5448238581275526,2.566759421741695,0.47837537675918723,0.8959528238530272,0.9197739923124217,43.94940476190476
euclidean,32,0.5,17,0.312166825759444,1088.0057335308695,1.072292203488566,0.8650397709149015,0.6666666666666666,0.548641791283873,2.5951193127447048,0.4821826921525431,0.8988497753326635,0.9069420604027086,43.87797619047619
euclidean,32,0.5,18,0.31247158034730443,1182.408982170008,1.2121444541573916,0.8680429023481651,0.6666666666666669,0.5498482954979882,2.604128707044495,0.48536685996006607,0.8958302394235074,0.912484907793105,43.785714285714285
euclidean,32,0.5,19,0.3201539728469638,1159.8692855070617,0.9347829265578926,0.8681288814814496,0.6666666666666664,0.5498827924464782,2.604386644444349,0.48171616236951575,0.8956923823495491,0.9248808214436334,43.79265873015873
euclidean,32,0.5,20,0.33232856007153405,1186.7922530870635,0.9581132754405123,0.8654551013357512,0.6666666666666664,0.5488088322921686,2.5963653040072536,0.4774164339590348,0.9116213871048638,0.924046462034635,43.65376984126984
euclidean,32,0.5,21,0.31547930502651017,1042.6361394683329,1.0614856827668029,0.8696335546063326,0.6666666666666666,0.5504860991581491,2.6089006638189978,0.47759556734651176,0.8977242719519295,0.9120877428143211,43.60218253968254
euclidean,32,0.5,22,0.31892596657214195,1056.5096393085898,1.137215142390069,0.8703401037114903,0.6666666666666666,0.5507691295114406,2.611020311134471,0.4797329899620884,0.9027976646369646,0.925053131300126,43.31349206349206
euclidean,32,0.5,23,0.3137852918236058,1035.498549221666,1.0397516950931642,0.863179974496706,0.6666666666666666,0.5478930829298392,2.589539923490118,0.4754091876517335,0.8926458490953176,0.9308542911753839,43.379960317460316
euclidean,32,0.5,24,0.3346600537076445,1079.2853697757046,1.0558050188497665,0.8711585742934194,0.6666666666666666,0.5510967826474968,2.6134757228802576,0.48825757864383923,0.9149421022918056,0.9288561086573509,43.50396825396825
euclidean,32,1.0,1,0.2751956714707923,700.4228920620892,1.0752702127195988,0.8279033759545266,0.6666666666666666,0.5334650384372518,2.4837101278635796,0.4772654237204481,0.8404233379373898,,43.81051587301587
euclidean,32,1.0,2,0.2805204063471753,735.7206843276997,1.0641983457344295,0.8308207795861761,0.6666666666666666,0.5346748151097765,2.492462338758528,0.4815131094058085,0.844770280386461,0.8870176756370388,43.682539682539684
euclidean,32,1.0,3,0.2842293365183736,813.7614329922699,1.0493248414852978,0.8366157478113658,0.6666666666666669,0.537068888152661,2.5098472434340975,0.48489222906710816,0.8295174793001093,0.8932121168982009,43.580357142857146
euclidean,32,1.0,4,0.28692461505260813,940.3756817391499,1.0210410415757023,0.8465298355769596,0.6666666666666666,0.5411372717761439,2.539589506730879,0.47970420472171305,0.8566925174226396,0.821036942777469,43.71329365079365
euclidean,32,1.0,5,0.28809613603196094,954.114730150472,0.9787609534559378,0.8436260520610803,0.6666666666666666,0.5399492282391817,2.530878156183241,0.4759608658252557,0.8672463112387114,0.883319647008633,43.773809523809526
euclidean,32,1.0,6,0.29971776941115863,1023.5917398115021,1.0426680075313486,0.8581301885088877,0.6666666666666666,0.5458542064538267,2.574390565526663,0.4820093736268821,0.8951048273486066,0.8907163680386535,43.776785714285715
euclidean,32,1.0,7,0.304138137773903,1012.5168011503941,1.1181272154057433,0.8575358339118028,0.6666666666666669,0.5456136582803796,2.5726075017354084,0.480614909073268,0.8849008346651595,0.933996007836581,43.72519841269841
euclidean,32,1.0,8,0.29933734574733395,979.7485924302359,1.0097902748407916,0.8585627983206584,0.6666666666666666,0.5460292167747058,2.5756883949619747,0.47554335836820105,0.8956292472767734,0.9294265849883524,43.71527777777778
euclidean,32,1.0,9,0.2955120332477642,944.2473561986956,1.1940997927266643,0.863745356257684,0.6666666666666666,0.5481208163800552,2.5912360687730516,0.4726675264563588,0.8917258097447182,0.8974265602678538,43.60218253968254
euclidean,32,1.0,10,0.29696046625368294,926.8829539674279,1.1930548984349447,0.8736929623491676,0.6666666666666666,0.5521099250455512,2.621078887047503,0.4736525596253943,0.891891245992985,0.9306114641079964,43.44742063492063
euclidean,32,1.0,11,0.29782853553888694,900.7787455442177,1.2180329858219343,0.861946188302016,0.6666666666666665,0.5473957403671814,2.585838564906048,0.4683303186461551,0.9028495508186937,0.9098460654307231,43.55059523809524
euclidean,32,1.0,12,0.3031097477390872,947.0532066140394,1.4170911588916097,0.865953670814784,0.6666666666666665,0.5490092736155955,2.597861012444352,0.4796800612663838,0.883325977851541,0.9026696006221269,43.6656746031746
euclidean,32,1.0,13,0.30154663533412246,905.0157859663459,1.068251122798424,0.8585898527292707,0.6666666666666666,0.5460401593789673,2.5757695581878117,0.4614783281111023,0.8897163308419255,0.8575762935803227,43.7281746031746
euclidean,32,1.0,14,0.30373522366038647,941.7699187584291,1.0521783295384681,0.8600944531830713,0.6666666666666666,0.546648325042494,2.580283359549214,0.47480159050558185,0.8861899129461622,0.9103252829565568,43.467261904761905
euclidean,32,1.0,15,0.3090311707184315,1004.7572723679463,1.2637405819447778,0.8549237166992064,0.6666666666666666,0.5445550384308301,2.564771150097619,0.4771549092230303,0.8908243542182759,0.9174235715729326,43.592261904761905
euclidean,32,1.0,16,0.3124597231395486,1084.369015775425,0.984875886748202,0.8532023838148922,0.6666666666666666,0.5438561445138372,2.5596071514446765,0.47798218450130886,0.8893020787241043,0.9066223908194239,43.94940476190476
euclidean,32,1.0,17,0.31084884978280014,1088.18303122465,1.054485954285521,0.8680016225259303,0.6666666666666666,0.5498317321252757,2.6040048675777907,0.4836973425345194,0.895936411512913,0.9039319245053821,43.87797619047619
euclidean,32,1.0,18,0.31042564069096373,1182.1666576111718,1.1941354109337519,0.8698035473242558,0.6666666666666666,0.5505542104785546,2.6094106419727674,0.486326987601718,0.8868227413772812,0.9214950126129731,43.785714285714285
euclidean,32,1.0,19,0.31832369569886054,1159.156411584131,0.9354825274986771,0.8708834485393323,0.6666666666666666,0.5509866685407108,2.612650345617997,0.4830068840348372,0.8888895065379417,0.9209004817249978,43.79265873015873
euclidean,32,1.0,20,0.33009122018042675,1185.5844959574476,0.9579406887759427,0.865532401894827,0.6666666666666665,0.5488399151929959,2.596597205684481,0.4775657704500256,0.9083783820282836,0.9215829741313643,43.65376984126984
euclidean,32,1.0,21,0.3129695318967619,1044.1367246162545,1.0598818739144713,0.8680780029888928,0.6666666666666665,0.5498623790431986,2.6042340089666784,0.47678362161144827,0.8892918302951153,0.9143166902243335,43.60218253968254
euclidean,32,1.0,22,0.3174530832583865,1056.9260927827129,1.079752786374383,0.8673322171924642,0.6666666666666666,0.5495630551303079,2.6019966515773927,0.4785118497331253,0.898199661966268,0.9258587952234063,43.31349206349206
euclidean,32,1.0,23,0.31196567173001005,1037.2216417827829,1.025065502979814,0.862207919994268,0.6666666666666666,0.5475012885379456,2.586623759982804,0.47482817512130926,0.8858192290178714,0.9316737365735788,43.379960317460316
euclidean,32,1.0,24,0.3330266979628895,1079.0764800516597,1.0419505041073005,0.8713181158463564,0.6666666666666666,0.5511606245638858,2.613954347539069,0.48854043473022796,0.9080523794758445,0.9225871741890301,43.50396825396825
euclidean,32,2.0,1,0.27456526627389083,701.6177370614548,1.076731572412234,0.8286300849120264,0.6666666666666669,0.5337666705508517,2.4858902547360793,0.4776204113840674,0.8345176023018436,,43.81051587301587
euclidean,32,2.0,2,0.27850820193768433,733.7177641712257,1.041685880211379,0.8287494806967074,0.6666666666666665,0.5338162096650892,2.4862484420901216,0.4807706207559862,0.8320798734366401,0.8828740547518722,43.682539682539684
euclidean,32,2.0,3,0.2838078984849135,814.1177836371235,1.0700668520914127,0.8360189498317546,0.6666666666666666,0.5368228818682956,2.5080568494952638,0.4848362598880712,0.8264931006584121,0.8891894855685765,43.580357142857146
euclidean,32,2.0,4,0.28605275488825094,940.2501088634832,1.0196140301734975,0.8442974876757591,0.6666666666666666,0.5402241985803815,2.5328924630272773,0.4787643770745027,0.8559174846507598,0.8142142732033634,43.71329365079365
euclidean,32,2.0,5,0.2877635838673376,954.4114054985658,0.9780487415316752,0.8456591233204822,0.6666666666666666,0.5407813404639411,2.5369773699614466,0.4773654264189888,0.8650583935286434,0.8816931484128837,43.773809523809526
euclidean,32,2.0,6,0.2993532638020275,1023.6405607714105,1.042254469113826,0.85815010144364,0.6666666666666666,0.5458622635503276,2.57445030433092,0.48212359381677705,0.8927243648248362,0.8938295610195467,43.776785714285715
euclidean,32,2.0,7,0.3033297535549929,1011.7003544885204,1.131598879191641,0.8564227178286954,0.6666666666666666,0.5451628296669784,2.569268153486086,0.4801697926694029,0.8804412449775739,0.9348024278210995,43.72519841269841
euclidean,32,2.0,8,0.2986944302287304,979.6238581133146,1.035146529000944,0.8576133584738409,0.6666666666666665,0.5456450410272118,2.5728400754215226,0.47516348777701045,0.8926443166833974,0.9247704390911289,43.71527777777778
euclidean,32,2.0,9,0.2949037709630485,944.956376849958,1.1950795087701023,0.8638907159884592,0.6666666666666669,0.5481793490782572,2.5916721479653777,0.4727284330921767,0.8955844887436754,0.8982931659936093,43.60218253968254
euclidean,32,2.0,10,0.2969425617637499,926.6954396569057,1.1921625489186218,0.8735995690061693,0.6666666666666666,0.5520726286860259,2.6207987070185075,0.47356848932735485,0.8903639958204337,0.9312732235045976,43.44742063492063
euclidean,32,2.0,11,0.29617938887758144,900.1098676965192,1.2411489766425385,0.8618913126151616,0.6666666666666669,0.5473736077598219,2.5856739378454847,0.46838818649164216,0.8922255251980168,0.9066782885107579,43.55059523809524
euclidean,32,2.0,12,0.30290386991664886,946.9556845223977,1.416974793045498,0.8657770816662237,0.6666666666666666,0.5489382886339745,2.597331244998671,0.47960859400241473,0.8818169984351099,0.8995257123539657,43.6656746031746
euclidean,32,2.0,13,0.30099453120306435,904.8514754552664,1.0683553975304918,0.8583858504367963,0.6666666666666665,0.5459576410775709,2.575157551310389,0.46133906743180897,0.8851801562797715,0.8595903957575606,43.7281746031746
euclidean,32,2.0,14,0.3030754603659703,941.3096669955598,1.0501272091376355,0.8581556295253749,0.6666666666666666,0.545864500277763,2.574466888576125,0.4740375500182268,0.8780062886221397,0.9047632273165767,43.467261904761905
euclidean,32,2.0,15,0.3082290662247236,1004.7148393071783,1.2631308934661334,0.8539445783079612,0.6666666666666666,0.5441576149522932,2.561833734923883,0.477183329829382,0.8884127530792004,0.9140360856283894,43.592261904761905
euclidean,32,2.0,16,0.3113764229510444,1083.895485077464,0.9942736357138553,0.8525284246120602,0.6666666666666666,0.5435822256340931,2.557585273836181,0.4777646909108061,0.881941246045148,0.9013109734782941,43.94940476190476
euclidean,32,2.0,17,0.31023887392975963,1088.2269905307903,1.0540340995270467,0.8670177129712818,0.6666666666666669,0.5494367711445602,2.6010531389138456,0.48331444865157347,0.8929378763153506,0.8964202651492352,43.87797619047619
euclidean,32,2.0,18,0.31009646560510273,1181.8122462663616,1.182543065689225,0.8693937283438827,0.6666666666666665,0.5503899908721944,2.6081811850316483,0.48609318626390585,0.8860292506579206,0.9236624488324398,43.785714285714285
euclidean,32,2.0,19,0.31787668315244505,1158.8612105562136,0.9257647148589869,0.8703764534681792,0.6666666666666666,0.550783685980365,2.6111293604045374,0.48314036497318824,0.8880856055754844,0.921791890792401,43.79265873015873
euclidean,32,2.0,20,0.3287944384677563,1185.703709140247,0.9628594467471014,0.8625078605060583,0.6666666666666666,0.5476222163688204,2.587523581518175,0.47642476332988737,0.9053676001810933,0.9207309022030015,43.65376984126984
euclidean,32,2.0,21,0.3127381061704652,1044.2711665721342,1.045068819411153,0.8679625823698851,0.6666666666666666,0.5498160668788216,2.6038877471096553,0.4769403879986024,0.8876881270353546,0.9109889021762639,43.60218253968254
euclidean,32,2.0,22,0.31714794376715955,1056.964011445632,1.1084276085713491,0.866901069560298,0.6666666666666669,0.549389926374073,2.600703208680894,0.4783459734535527,0.8966943363814915,0.92753035318636,43.31349206349206
euclidean,32,2.0,23,0.3117327843398968,1037.1711128099612,1.0249662312550767,0.8616757267889031,0.6666666666666665,0.5472866471557233,2.5850271803667093,0.47460423392352613,0.8843335189640134,0.9285807076222639,43.379960317460316
euclidean,32,2.0,24,0.3326028134204682,1079.067883090282,1.039507823478823,0.8705266704571469,0.6666666666666669,0.5508438365023346,2.6115800113714407,0.4883125676458303,0.9065570107021805,0.9194844414278117,43.50396825396825
cosine,4,0.5,1,0.2797977693453579,704.0537844974907,1.123785820439754,0.8314740805533388,0.6666666666666666,0.5349453083064094,2.4944222416600166,0.47622807703350867,0.8359139017266171,,5.505952380952381
cosine,4,0.5,2,0.28439016290282426,738.9913406582093,1.1175287923646648,0.8403932959350385,0.6666666666666666,0.5386231220590317,2.5211798878051157,0.4823367883260501,0.8412952041939442,0.8929957385130801,5.494047619047619
cosine,4,0.5,3,0.2867913388261805,814.7393983256399,1.0726176007947132,0.8365407619339287,0.6666666666666669,0.5370379851033713,2.509622285801786,0.481453300921626,0.830912769652591,0.8976760167095956,5.479166666666667
cosine,4,0.5,4,0.2913507426018751,936.9344909626607,1.032890493332943,0.8460819172106956,0.6666666666666669,0.5409542039030458,2.5382457516320867,0.4778267265555801,0.8594312965368316,0.8240705546563467,5.486111111111111
cosine,4,0.5,5,0.29099758864995484,952.6842930496967,1.0123809174623046,0.836760335207551,0.6666666666666665,0.5371284696596175,2.510281005622653,0.4723901562941117,0.8702899638094508,0.8715586679379937,5.523809523809524
cosine,4,0.5,6,0.3011495405898886,1017.9335572688025,1.1310810340294886,0.8567113880366515,0.6666666666666666,0.545279786306609,2.5701341641099544,0.477642441683583,0.8924617281503457,0.8775162898538069,5.516865079365079
cosine,4,0.5,7,0.3070684890109257,1011.1034981716792,1.181804102052221,0.8624291371887235,0.6666666666666666,0.547590480247172,2.5872874115661704,0.4799551264609529,0.8896063349473264,0.920074108706639,5.529761904761905
cosine,4,0.5,8,0.3025362529969828,980.3992222462664,1.0670172849101904,0.862755909361964,0.6666666666666669,0.5477221997055177,2.588267728085892,0.4767615166051891,0.8940086469104349,0.9253526678815187,5.556547619047619
cosine,4,0.5,9,0.2976674978925497,942.2345272196515,1.2632001959898682,0.8610550567096548,0.6666666666666669,0.5470361995134582,2.583165170128964,0.46809138591697036,0.8917466147496204,0.9060946495894734,5.513888888888889
cosine,4,0.5,10,0.29922593396512914,926.3478807064861,1.255043530904174,0.8735159358943276,0.6666666666666666,0.5520392275553808,2.620547807682983,0.47166246459359096,0.8934263157827077,0.9114201335281183,5.511904761904762
cosine,4,0.5,11,0.2999281660472423,900.2920911162006,1.2414143365637806,0.8558056464168599,0.6666666666666666,0.5449127229904507,2.5674169392505797,0.4621378501627573,0.8986774208160736,0.9043772804496372,5.510912698412699
cosine,4,0.5,12,0.30502681369822127,948.1944092777918,1.4361747043940567,0.8644605320156994,0.6666666666666669,0.5484087302223318,2.5933815960470983,0.47711930250043494,0.8821609640995187,0.8819383260333197,5.511904761904762
cosine,4,0.5,13,0.3040544281405672,902.3591754641877,1.0985517414374717,0.8580265893670846,0.6666666666666666,0.5458122863644553,2.574079768101254,0.457607413628908,0.8841946414859948,0.85261182105375,5.478174603174603
cosine,4,0.5,14,0.30458203140604795,938.4457283146637,1.0293276992058373,0.8574838401066337,0.6666666666666666,0.5455926094924035,2.572451520319901,0.47075401576729853,0.871098531665487,0.8985754359451621,5.439484126984127
cosine,4,0.5,15,0.310027035713617,1004.4956673266025,1.2925259003783411,0.8564156702916256,0.6666666666666666,0.545159973952497,2.569247010874877,0.4772933916226564,0.8893417141579637,0.9026090806391341,5.513888888888889
cosine,4,0.5,16,0.31471749293115114,1079.294776711635,1.0766304297738971,0.8532381306508432,0.6666666666666666,0.5438706688057491,2.5597143919525296,0.47552444403993344,0.8943740748643593,0.9062657650683557,5.500992063492063
cosine,4,0.5,17,0.3114979656548368,1081.311993332905,1.062600643062301,0.8656614080461601,0.6666666666666669,0.5488917846200512,2.59698422413848,0.48102160161037016,0.8797323754217057,0.9074967225907856,5.509920634920635
cosine,4,0.5,18,0.3126673557749001,1176.5937941049,1.2942592151095549,0.8693465481042972,0.6666666666666665,0.5503710815118142,2.6080396443128917,0.48444835825039667,0.8898222527874335,0.9073935225068487,5.464285714285714
cosine,4,0.5,19,0.3178696034086355,1154.0481095709147,1.0306835013362154,0.8645887547080456,0.6666666666666666,0.5484603314127635,2.593766264124137,0.4796499444991197,0.8738342205318483,0.9206469742082659,5.550595238095238
cosine,4,0.5,20,0.3316175815225169,1180.8775339981942,1.0009670440438487,0.8703942879428773,0.6666666666666666,0.5507908277349758,2.611182863828632,0.477536400000403,0.895880745195072,0.9117630632307784,5.504960317460317
cosine,4,0.5,21,0.3148361449784297,1041.1549831187888,1.1270721590616564,0.8683683951854815,0.6666666666666666,0.5499788780436801,2.6051051855564444,0.47277186923054615,0.8683289548434692,0.9151858930577642,5.516865079365079
cosine,4,0.5,22,0.3185694697537707,1054.6209666800555,1.1881755644436534,0.8741243094746998,0.6666666666666665,0.5522821441907411,2.6223729284240993,0.4779453087944648,0.8939237852240101,0.9150186697764514,5.4811507936507935
cosine,4,0.5,23,0.3132383535106753,1033.600789067679,1.061445531197152,0.8668525046705232,0.6666666666666666,0.54937042102959,2.6005575140115695,0.4735711991800887,0.871540345558433,0.9194975245546574,5.4563492063492065
cosine,4,0.5,24,0.3347109314689014,1077.610500609913,1.1094844510123294,0.8697633120151913,0.6666666666666665,0.5505380901999649,2.609289936045574,0.48556270922747186,0.902116897808386,0.9144611650921745,5.534722222222222
cosine,4,1.0,1,0.2799936554948562,704.0329535016729,1.1154738619613316,0.8314947063703021,0.6666666666666666,0.5349538457658237,2.4944841191109064,0.4762216057538635,0.8373927168077174,,5.505952380952381
cosine,4,1.0,2,0.2845160794547002,738.9910432541806,1.1175491588951132,0.8395984257829351,0.6666666666666666,0.5382964977218051,2.518795277348805,0.4819471174974884,0.8398205011240186,0.8930239757338617,5.494047619047619
cosine,4,1.0,3,0.2869209030262856,814.9379717352211,1.0718013907423751,0.8371575907617966,0.6666666666666669,0.5372921325914474,2.51147277228539,0.481809760635147,0.8316081495771345,0.8969352121697726,5.479166666666667
cosine,4,1.0,4,0.29187321285847506,936.8882950183734,1.0334871470261662,0.8463206558246162,0.6666666666666665,0.5410517870119352,2.5389619674738486,0.4779171526858911,0.8594631376551352,0.8204179878894446,5.486111111111111
cosine,4,1.0,5,0.29096859586279616,952.5318782728366,1.0124113988980428,0.8367536510538524,0.6666666666666669,0.5371257154192215,2.5102609531615574,0.4723872725251213,0.868852676767756,0.8730837983109896,5.523809523809524
cosine,4,1.0,6,0.30123796376721423,1017.8611861269346,1.1311304380396954,0.8566472966676842,0.6666666666666666,0.5452538217400984,2.5699418900030526,0.477609379341519,0.8939568250926886,0.8775576357098953,5.516865079365079
cosine,4,1.0,7,0.3073715420758553,1012.3105423432625,1.1669194888193721,0.863876909390723,0.6666666666666666,0.5481737898188931,2.591630728172169,0.4811881046075882,0.8911614501146513,0.9201001966548931,5.529761904761905
cosine,4,1.0,8,0.30314396166623264,980.0532552915021,1.0530118246353588,0.8617843602882106,0.6666666666666666,0.5473304685083821,2.585353080864632,0.4763267217501137,0.892573226461388,0.92542844980707,5.556547619047619
cosine,4,1.0,9,0.2976674978925497,942.2345272196515,1.263200195989868,0.8610550567096548,0.6666666666666669,0.5470361995134582,2.583165170128964,0.46809138591697036,0.8917466147496204,0.904629908666284,5.513888888888889
cosine,4,1.0,10,0.29973312632995974,926.1211222245505,1.2556849632735985,0.8728559629196758,0.6666666666666666,0.5517755670127182,2.6185678887590274,0.4713735293802408,0.8934531253755403,0.9114382067813295,5.511904761904762
cosine,4,1.0,11,0.2999281660472423,900.2920911162007,1.2414143365637806,0.8558056464168599,0.6666666666666669,0.5449127229904506,2.5674169392505797,0.4621378501627573,0.8986774208160736,0.9044047318330233,5.510912698412699
cosine,4,1.0,12,0.3054639170193915,948.2322946385027,1.436634987067083,0.8647769039955927,0.6666666666666669,0.5485360389818009,2.5943307119867782,0.47724333268805874,0.8851779429913335,0.8849766968002091,5.511904761904762
cosine,4,1.0,13,0.3042810534319336,901.9487327651535,1.0991198693739017,0.8585216144264515,0.6666666666666666,0.5460125587837116,2.5755648432793543,0.45779043030738664,0.8842259738915469,0.8498122063182354,5.478174603174603
cosine,4,1.0,14,0.3052124659387522,938.3734551874446,1.0286087654866087,0.8589158272810091,0.6666666666666666,0.5461719854610286,2.5767474818430274,0.47145018201791966,0.8733528540165997,0.900945045494811,5.439484126984127
cosine,4,1.0,15,0.3103645105260219,1004.5669112552945,1.2927779588837123,0.856286911282536,0.6666666666666665,0.5451077968364573,2.568860733847608,0.47723342126746376,0.8908515428204917,0.9065074305394301,5.513888888888889
cosine,4,1.0,16,0.3152328629932968,1080.1745191166108,1.0766489343040342,0.8527703508626111,0.6666666666666666,0.5436805703646052,2.5583110525878334,0.47550453308182383,0.8974396476833805,0.9048015564541336,5.500992063492063
cosine,4,1.0,17,0.31179302418653637,1081.14707801831,1.0629541510412102,0.8665752134244612,0.6666666666666669,0.549259035911128,2.5997256402733835,0.48138774816457247,0.881211627148784,0.9090692266153741,5.509920634920635
cosine,4,1.0,18,0.312937611920037,1176.8686798962906,1.2943058081726195,0.8697111336470948,0.6666666666666666,0.5505171841189158,2.6091334009412845,0.4845593930232157,0.8913084372360531,0.9044338203719592,5.464285714285714
cosine,4,1.0,19,0.31815543472988445,1153.5482730397011,1.0179960890679318,0.8645938506446248,0.6666666666666664,0.5484623820760529,2.5937815519338745,0.4796486060114269,0.8731663659742593,0.9215451178857013,5.550595238095238
cosine,4,1.0,20,0.3320342788043362,1181.046516189855,1.0012229378174795,0.8708560679757547,0.6666666666666669,0.5509757085671345,2.612568203927264,0.47770706432100624,0.8973700564830289,0.9126259392916828,5.504960317460317
cosine,4,1.0,21,0.315167559350566,1040.9110048145883,1.1274647560209474,0.8689660009785003,0.6666666666666666,0.5502185345544687,2.606898002935501,0.4729910279900738,0.8712751525148691,0.9167449305175347,5.516865079365079
cosine,4,1.0,22,0.3185694697537707,1054.6209666800557,1.1881755644436534,0.8741243094746998,0.6666666666666666,0.5522821441907411,2.6223729284240993,0.4779453087944648,0.8939237852240101,0.9150498470349516,5.4811507936507935
cosine,4,1.0,23,0.3132221087558373,1033.728700649427,1.0504206837886452,0.8666244616481337,0.6666666666666666,0.5492788203359124,2.5998733849444005,0.4734804682124018,0.87001694818597,0.9179355493269057,5.4563492063492065
cosine,4,1.0,24,0.33497993631545314,1077.7115134046462,1.109700247600693,0.8694570552830813,0.6666666666666666,0.5504153704819139,2.6083711658492437,0.48541584575217483,0.9036300304106782,0.9144651972873173,5.534722222222222
cosine,4,2.0,1,0.2799936554948562,704.0329535016729,1.1154738619613316,0.8314947063703021,0.6666666666666666,0.5349538457658237,2.4944841191109064,0.4762216057538635,0.8373927168077174,,5.505952380952381
cosine,4,2.0,2,0.2845160794547002,738.9910432541806,1.1175491588951132,0.8395984257829351,0.6666666666666666,0.5382964977218051,2.518795277348805,0.4819471174974884,0.8398205011240186,0.8930239757338617,5.494047619047619
cosine,4,2.0,3,0.2869209030262856,814.9379717352211,1.0718013907423751,0.8371575907617966,0.6666666666666669,0.5372921325914474,2.51147277228539,0.481809760635147,0.8316081495771345,0.8969352121697726,5.479166666666667
cosine,4,2.0,4,0.29187321285847506,936.8882950183734,1.0334871470261662,0.8463206558246162,0.6666666666666665,0.5410517870119352,2.5389619674738486,0.4779171526858911,0.8594631376551352,0.8204179878894446,5.486111111111111
cosine,4,2.0,5,0.29096859586279616,952.5318782728366,1.0124113988980428,0.8367536510538524,0.6666666666666669,0.5371257154192215,2.5102609531615574,0.4723872725251213,0.868852676767756,0.8730837983109896,5.523809523809524
cosine,4,2.0,6,0.30123796376721423,1017.8611861269346,1.1311304380396954,0.8566472966676842,0.6666666666666666,0.5452538217400984,2.5699418900030526,0.477609379341519,0.8939568250926886,0.8775576357098953,5.516865079365079
cosine,4,2.0,7,0.3073715420758553,1012.3105423432625,1.1669194888193721,0.863876909390723,0.6666666666666666,0.5481737898188931,2.591630728172169,0.4811881046075882,0.8911614501146513,0.9201001966548931,5.529761904761905
cosine,4,2.0,8,0.30314396166623264,980.0532552915021,1.0530118246353588,0.8617843602882106,0.6666666666666666,0.5473304685083821,2.585353080864632,0.4763267217501137,0.892573226461388,0.92542844980707,5.556547619047619
cosine,4,2.0,9,0.2976674978925497,942.2345272196515,1.263200195989868,0.8610550567096548,0.6666666666666669,0.5470361995134582,2.583165170128964,0.46809138591697036,0.8917466147496204,0.904629908666284,5.513888888888889
cosine,4,2.0,10,0.29973312632995974,926.1211222245505,1.2556849632735985,0.8728559629196758,0.6666666666666666,0.5517755670127182,2.6185678887590274,0.4713735293802408,0.8934531253755403,0.9114382067813295,5.511904761904762
cosine,4,2.0,11,0.2999281660472423,900.2920911162007,1.2414143365637806,0.8558056464168599,0.6666666666666669,0.5449127229904506,2.5674169392505797,0.4621378501627573,0.8986774208160736,0.9044047318330233,5.510912698412699
cosine,4,2.0,12,0.3054639170193915,948.2322946385027,1.436634987067083,0.8647769039955927,0.6666666666666669,0.5485360389818009,2.5943307119867782,0.47724333268805874,0.8851779429913335,0.8849766968002091,5.511904761904762
cosine,4,2.0,13,0.3042810534319336,901.9487327651535,1.0991198693739017,0.8585216144264515,0.6666666666666666,0.5460125587837116,2.5755648432793543,0.45779043030738664,0.8842259738915469,0.8498122063182354,5.478174603174603
cosine,4,2.0,14,0.3052124659387522,938.3734551874446,1.0286087654866087,0.8589158272810091,0.6666666666666666,0.5461719854610286,2.5767474818430274,0.47145018201791966,0.8733528540165997,0.900945045494811,5.439484126984127
cosine,4,2.0,15,0.3103645105260219,1004.5669112552945,1.2927779588837123,0.856286911282536,0.6666666666666665,0.5451077968364573,2.568860733847608,0.47723342126746376,0.8908515428204917,0.9065074305394301,5.513888888888889
cosine,4,2.0,16,0.3152328629932968,1080.1745191166108,1.0766489343040342,0.8527703508626111,0.6666666666666666,0.5436805703646052,2.5583110525878334,0.47550453308182383,0.8974396476833805,0.9048015564541336,5.500992063492063
cosine,4,2.0,17,0.31179302418653637,1081.14707801831,1.0629541510412102,0.8665752134244612,0.6666666666666669,0.549259035911128,2.5997256402733835,0.48138774816457247,0.881211627148784,0.9090692266153741,5.509920634920635
cosine,4,2.0,18,0.312937611920037,1176.8686798962906,1.2943058081726195,0.8697111336470948,0.6666666666666666,0.5505171841189158,2.6091334009412845,0.4845593930232157,0.8913084372360531,0.9044338203719592,5.464285714285714
cosine,4,2.0,19,0.31815543472988445,1153.5482730397011,1.0179960890679318,0.8645938506446248,0.6666666666666664,0.5484623820760529,2.5937815519338745,0.4796486060114269,0.8731663659742593,0.9215451178857013,5.550595238095238
cosine,4,2.0,20,0.3320342788043362,1181.046516189855,1.0012229378174795,0.8708560679757547,0.6666666666666669,0.5509757085671345,2.612568203927264,0.47770706432100624,0.8973700564830289,0.9126259392916828,5.504960317460317
cosine,4,2.0,21,0.315167559350566,1040.9110048145883,1.1274647560209474,0.8689660009785003,0.6666666666666666,0.5502185345544687,2.606898002935501,0.4729910279900738,0.8712751525148691,0.9167449305175347,5.516865079365079
cosine,4,2.0,22,0.3185694697537707,1054.6209666800557,1.1881755644436534,0.8741243094746998,0.6666666666666666,0.5522821441907411,2.6223729284240993,0.4779453087944648,0.8939237852240101,0.9150498470349516,5.4811507936507935
cosine,4,2.0,23,0.3132221087558373,1033.728700649427,1.0504206837886452,0.8666244616481337,0.6666666666666666,0.5492788203359124,2.5998733849444005,0.4734804682124018,0.87001694818597,0.9179355493269057,5.4563492063492065
cosine,4,2.0,24,0.33497993631545314,1077.7115134046462,1.109700247600693,0.8694570552830813,0.6666666666666666,0.5504153704819139,2.6083711658492437,0.48541584575217483,0.9036300304106782,0.9144651972873173,5.534722222222222
cosine,8,0.5,1,0.2812222260241642,706.411280085939,1.1303656133040991,0.8393181932307278,0.6666666666666669,0.5381812929464607,2.517954579692183,0.47914497634519515,0.8447927290002819,,10.723214285714286
cosine,8,0.5,2,0.2853278059774246,740.9584562428715,1.123557503355353,0.8410416213262885,0.6666666666666669,0.5388893646729398,2.5231248639788655,0.4815642133155492,0.8436714998646259,0.8934772759322114,10.714285714285714
cosine,8,0.5,3,0.29027392124880486,816.7264813569283,1.0737880187811348,0.8359439624506324,0.6666666666666666,0.5367919624066961,2.507831887351897,0.4808298153297341,0.8427985497496804,0.8912300178818364,10.666666666666666
cosine,8,0.5,4,0.29258648080779914,936.7561461629102,1.0297796617934012,0.8460043314822441,0.6666666666666666,0.5409224868828725,2.5380129944467322,0.4769070643555158,0.8697920591101145,0.8359856068030957,10.694444444444445
cosine,8,0.5,5,0.29074278061865266,951.0648719734894,1.0198434414594728,0.8372608705457187,0.6666666666666666,0.5373346730976353,2.511782611637156,0.47120616713093044,0.8670951648078279,0.8741677968322665,10.825396825396826
cosine,8,0.5,6,0.30307707426553193,1020.7407448993413,1.1421788915543964,0.8601689613921736,0.6666666666666666,0.5466784214157232,2.58050688417652,0.4791780485119964,0.8968437553790777,0.8826313685165318,10.77281746031746
cosine,8,0.5,7,0.30664131662662913,1008.7844823994208,1.19758473800487,0.8602058857015544,0.6666666666666666,0.5466933356827879,2.5806176571046637,0.4777639377607299,0.8826157800049637,0.9210768856052117,10.822420634920634
cosine,8,0.5,8,0.3025813906436805,979.3908639133653,1.0988118519449408,0.8611114714737589,0.6666666666666669,0.5470589689712553,2.5833344144212766,0.4756065304030853,0.8886123752720824,0.9169559085395074,10.767857142857142
cosine,8,0.5,9,0.2990181660923011,943.0532524070252,1.2627048920397514,0.8679760156753974,0.6666666666666666,0.5498214571830231,2.603928047026192,0.4710730859611683,0.9031036536344735,0.9062855855170574,10.745039682539682
cosine,8,0.5,10,0.2999073665867626,925.041488874217,1.303646429744895,0.8699348364086733,0.6666666666666666,0.5506068076497913,2.60980450922602,0.46898528021759217,0.8850759574348684,0.9068137843380493,10.755952380952381
cosine,8,0.5,11,0.2994819845111151,898.4881512034696,1.2415056124069488,0.8552279493770351,0.6666666666666666,0.5446784564546578,2.5656838481311053,0.4618158386048187,0.8955261318951937,0.8990304496913162,10.776785714285714
cosine,8,0.5,12,0.30585094079363373,947.9511141381142,1.437625097373116,0.8619667180947738,0.6666666666666665,0.5474040202332272,2.5859001542843214,0.4748806643706564,0.88675920210623,0.8899614336589774,10.70734126984127
cosine,8,0.5,13,0.3049871548180839,902.5264769923514,1.123813581678241,0.8609297776586247,0.6666666666666665,0.546985631977854,2.582789332975874,0.458753731432415,0.8867190398630903,0.8499219265744278,10.78670634920635
cosine,8,0.5,14,0.3057957825861428,937.230119304098,1.0311449801568917,0.8638711405071663,0.6666666666666666,0.5481714669449941,2.5916134215214988,0.4720845602843752,0.8765648909005417,0.9189059776651166,10.748015873015873
cosine,8,0.5,15,0.3105050472040199,1002.8832352615639,1.2885067684684204,0.8550451091823557,0.6666666666666666,0.5446042875241681,2.565135327547067,0.47568831422889235,0.888459217398825,0.9060753859345015,10.750992063492063
cosine,8,0.5,16,0.31462348678631263,1079.988754291337,1.076198356061735,0.8532513252064245,0.6666666666666669,0.5438760297722842,2.5597539756192735,0.47557303906795734,0.8899065915309959,0.907911087498136,10.741071428571429
cosine,8,0.5,17,0.31286681964643426,1082.968979969371,1.0629467461392927,0.8672737792431406,0.6666666666666666,0.5495395928732143,2.601821337729422,0.4819410355394578,0.8862337938302287,0.9000562205626333,10.773809523809524
cosine,8,0.5,18,0.31313608573085205,1176.456287922307,1.2946453306059333,0.8702428143713092,0.6666666666666666,0.5507301672395125,2.6107284431139277,0.4848024596592124,0.8927963801763834,0.9015100339374985,10.764880952380953
cosine,8,0.5,19,0.3192570605986759,1151.6329384083517,1.0458229699745414,0.8662440404408555,0.6666666666666666,0.5491259728304263,2.5987321213225663,0.4790956821855985,0.8818801098876506,0.9126425460841158,10.787698412698413
cosine,8,0.5,20,0.3333114304956449,1183.6867759655454,1.026042613864167,0.8677795890345048,0.6666666666666666,0.5497426321182755,2.6033387671035144,0.4766312320165217,0.90091634522794,0.9176547226450762,10.78968253968254
cosine,8,0.5,21,0.3154392993760183,1039.9007024362752,1.1584078918105223,0.8714700093767412,0.6666666666666666,0.5512213980764891,2.614410028130224,0.47380280643657,0.8756134263819872,0.9116939735109298,10.793650793650794
cosine,8,0.5,22,0.3187347575165517,1054.2120189564312,1.1693193611995798,0.8742244687442836,0.6666666666666666,0.5523221247104683,2.6226734062328507,0.4774166753087912,0.8938428340628399,0.9228958344190337,10.746031746031745
cosine,8,0.5,23,0.3134335796559048,1032.8608587664196,1.0738373303197615,0.868116058569634,0.6666666666666669,0.5498776477369851,2.6043481757089024,0.47397058011135756,0.87829601040404,0.9232738327238468,10.751984126984127
cosine,8,0.5,24,0.33446124654606424,1075.56139965562,1.1628202824591893,0.8687864231423797,0.6666666666666665,0.550146531566489,2.606359269427139,0.48428580468751664,0.9042625375697355,0.9214829642469615,10.78968253968254
cosine,8,1.0,1,0.28115747618718934,706.2181470052911,1.127864498787886,0.8393210987494243,0.6666666666666669,0.538182487558965,2.517963296248273,0.4789456405470074,0.8432945548603669,,10.723214285714286
cosine,8,1.0,2,0.2853278059774246,740.9584562428715,1.123557503355353,0.8410416213262885,0.6666666666666669,0.5388893646729398,2.5231248639788655,0.4815642133155492,0.8436714998646259,0.8919925691998543,10.714285714285714
cosine,8,1.0,3,0.29027392124880486,816.7264813569283,1.0737880187811348,0.8359439624506324,0.6666666666666666,0.5367919624066961,2.507831887351897,0.4808298153297341,0.8427985497496804,0.8912300178818364,10.666666666666666
cosine,8,1.0,4,0.29258648080779914,936.7561461629101,1.0297796617934012,0.8460043314822441,0.6666666666666666,0.5409224868828725,2.5380129944467322,0.47690706435551583,0.8697920591101145,0.8359856068030957,10.694444444444445
cosine,8,1.0,5,0.29074278061865266,951.0648719734894,1.0198434414594728,0.8372608705457187,0.6666666666666665,0.5373346730976353,2.511782611637156,0.47120616713093044,0.8670951648078279,0.8741677968322665,10.825396825396826
cosine,8,1.0,6,0.30307707426553193,1020.7407448993413,1.1421788915543964,0.8601689613921734,0.6666666666666669,0.5466784214157231,2.58050688417652,0.4791780485119964,0.8968437553790777,0.8826313685165318,10.77281746031746
cosine,8,1.0,7,0.30664131662662913,1008.7844823994212,1.19758473800487,0.8602058857015545,0.6666666666666666,0.5466933356827879,2.5806176571046637,0.4777639377607299,0.8826157800049637,0.9210768856052117,10.822420634920634
cosine,8,1.0,8,0.3025813906436805,979.3908639133654,1.0988118519449408,0.8611114714737589,0.6666666666666669,0.5470589689712553,2.5833344144212766,0.47560653040308526,0.8886123752720824,0.9169559085395074,10.767857142857142
cosine,8,1.0,9,0.2990181660923011,943.0532524070252,1.2627048920397514,0.8679760156753974,0.6666666666666669,0.549821457183023,2.603928047026192,0.4710730859611683,0.9031036536344735,0.9062855855170574,10.745039682539682
cosine,8,1.0,10,0.2999073665867626,925.041488874217,1.3036464297448953,0.8699348364086733,0.6666666666666666,0.5506068076497913,2.60980450922602,0.46898528021759217,0.8850759574348684,0.9068137843380493,10.755952380952381
cosine,8,1.0,11,0.2994819845111151,898.4881512034697,1.2415056124069488,0.8552279493770351,0.6666666666666666,0.5446784564546578,2.5656838481311053,0.46181583860481873,0.8955261318951937,0.8990304496913162,10.776785714285714
cosine,8,1.0,12,0.30585094079363373,947.9511141381143,1.437625097373116,0.8619667180947738,0.6666666666666665,0.5474040202332272,2.5859001542843214,0.4748806643706564,0.88675920210623,0.8899614336589774,10.70734126984127
cosine,8,1.0,13,0.3049871548180839,902.5264769923515,1.123813581678241,0.8609297776586247,0.6666666666666665,0.546985631977854,2.582789332975874,0.458753731432415,0.8867190398630903,0.8499219265744278,10.78670634920635
cosine,8,1.0,14,0.3057957825861428,937.230119304098,1.0311449801568917,0.8638711405071663,0.6666666666666666,0.5481714669449941,2.5916134215214988,0.4720845602843752,0.8765648909005417,0.9189059776651166,10.748015873015873
cosine,8,1.0,15,0.3105050472040199,1002.8832352615638,1.2885067684684204,0.8550451091823557,0.6666666666666669,0.544604287524168,2.565135327547067,0.47568831422889235,0.888459217398825,0.9060753859345015,10.750992063492063
cosine,8,1.0,16,0.3144220556886602,1078.887239104795,1.0667966715491657,0.8531548035045761,0.6666666666666669,0.5438368114800379,2.559464410513728,0.4753180451765032,0.8883375713204754,0.906378898150519,10.741071428571429
cosine,8,1.0,17,0.31286681964643426,1082.968979969371,1.0629467461392927,0.8672737792431406,0.6666666666666666,0.5495395928732143,2.601821337729422,0.4819410355394578,0.8862337938302287,0.8985207926907443,10.773809523809524
cosine,8,1.0,18,0.31313608573085205,1176.456287922307,1.2946453306059333,0.8702428143713092,0.6666666666666666,0.5507301672395125,2.6107284431139277,0.4848024596592124,0.8927963801763834,0.9015100339374985,10.764880952380953
cosine,8,1.0,19,0.3192570605986759,1151.632938408352,1.0458229699745414,0.8662440404408555,0.6666666666666666,0.5491259728304263,2.5987321213225663,0.47909568218559856,0.8818801098876506,0.9126425460841158,10.787698412698413
cosine,8,1.0,20,0.3333114304956449,1183.6867759655454,1.026042613864167,0.8677795890345048,0.6666666666666665,0.5497426321182755,2.6033387671035144,0.4766312320165217,0.90091634522794,0.9176547226450762,10.78968253968254
cosine,8,1.0,21,0.3154392993760183,1039.9007024362752,1.1584078918105223,0.8714700093767412,0.6666666666666666,0.5512213980764891,2.614410028130224,0.4738028064365701,0.8756134263819872,0.9116939735109298,10.793650793650794
cosine,8,1.0,22,0.3187347575165517,1054.2120189564312,1.1693193611995798,0.8742244687442836,0.6666666666666669,0.5523221247104683,2.6226734062328507,0.4774166753087912,0.8938428340628399,0.9228958344190337,10.746031746031745
cosine,8,1.0,23,0.3134335796559048,1032.8608587664196,1.0738373303197615,0.8681160585696341,0.6666666666666669,0.5498776477369852,2.6043481757089024,0.47397058011135756,0.87829601040404,0.9232738327238468,10.751984126984127
cosine,8,1.0,24,0.33429038234989805,1075.435911660321,1.1624899075347628,0.869205099681927,0.6666666666666666,0.550314385908561,2.607615299045781,0.4847862183474338,0.9034237267200623,0.920624628044712,10.78968253968254
cosine,8,2.0,1,0.28115747618718934,706.218147005291,1.127864498787886,0.8393210987494243,0.6666666666666669,0.538182487558965,2.517963296248273,0.4789456405470074,0.8432945548603669,,10.723214285714286
cosine,8,2.0,2,0.2853278059774246,740.9584562428715,1.123557503355353,0.8410416213262885,0.6666666666666669,0.5388893646729398,2.5231248639788655,0.4815642133155492,0.8436714998646259,0.8919925691998543,10.714285714285714
cosine,8,2.0,3,0.29027392124880486,816.7264813569283,1.0737880187811348,0.8359439624506324,0.6666666666666666,0.5367919624066961,2.507831887351897,0.4808298153297341,0.8427985497496804,0.8912300178818364,10.666666666666666
cosine,8,2.0,4,0.2924548572077724,935.9842049678224,1.0222243481733135,0.8459232544438174,0.6666666666666666,0.5408893403746745,2.5377697633314518,0.4768258417890298,0.868248047825969,0.8374786249830073,10.694444444444445
cosine,8,2.0,5,0.29074278061865266,951.0648719734894,1.0198434414594728,0.8372608705457187,0.6666666666666666,0.5373346730976353,2.511782611637156,0.47120616713093044,0.8670951648078279,0.87566685309423,10.825396825396826
cosine,8,2.0,6,0.30307707426553193,1020.7407448993413,1.1421788915543964,0.8601689613921736,0.6666666666666666,0.5466784214157232,2.58050688417652,0.4791780485119964,0.8968437553790777,0.8826313685165318,10.77281746031746
cosine,8,2.0,7,0.30664131662662913,1008.7844823994208,1.19758473800487,0.8602058857015544,0.6666666666666666,0.5466933356827879,2.5806176571046637,0.4777639377607299,0.8826157800049637,0.9210768856052117,10.822420634920634
cosine,8,2.0,8,0.3025813906436805,979.3908639133653,1.0988118519449408,0.8611114714737589,0.6666666666666669,0.5470589689712553,2.5833344144212766,0.4756065304030853,0.8886123752720824,0.9169559085395074,10.767857142857142
cosine,8,2.0,9,0.2990181660923011,943.0532524070252,1.2627048920397514,0.8679760156753974,0.6666666666666666,0.5498214571830231,2.603928047026192,0.4710730859611683,0.9031036536344735,0.9062855855170574,10.745039682539682
cosine,8,2.0,10,0.2999073665867626,925.041488874217,1.303646429744895,0.8699348364086733,0.6666666666666666,0.5506068076497913,2.60980450922602,0.46898528021759217,0.8850759574348684,0.9068137843380493,10.755952380952381
cosine,8,2.0,11,0.2994819845111151,898.4881512034696,1.2415056124069488,0.8552279493770351,0.6666666666666666,0.5446784564546578,2.5656838481311053,0.4618158386048187,0.8955261318951937,0.8990304496913162,10.776785714285714
cosine,8,2.0,12,0.30585094079363373,947.9511141381142,1.437625097373116,0.8619667180947738,0.6666666666666665,0.5474040202332272,2.5859001542843214,0.4748806643706564,0.88675920210623,0.8899614336589774,10.70734126984127
cosine,8,2.0,13,0.3047980819114237,902.5068396342862,1.1237078769455078,0.8606451538958093,0.6666666666666666,0.5468707267219768,2.5819354616874284,0.4586956064416639,0.8852363878768202,0.8484517727597722,10.78670634920635
cosine,8,2.0,14,0.3057957825861428,937.230119304098,1.0311449801568917,0.8638711405071663,0.6666666666666666,0.5481714669449941,2.5916134215214988,0.4720845602843752,0.8765648909005417,0.9173791031566316,10.748015873015873
cosine,8,2.0,15,0.3105050472040199,1002.8832352615639,1.2885067684684204,0.8550451091823557,0.6666666666666666,0.5446042875241681,2.565135327547067,0.47568831422889235,0.888459217398825,0.9060753859345015,10.750992063492063
cosine,8,2.0,16,0.3144220556886602,1078.8872391047948,1.0667966715491657,0.8531548035045761,0.6666666666666669,0.5438368114800379,2.559464410513728,0.4753180451765032,0.8883375713204754,0.906378898150519,10.741071428571429
cosine,8,2.0,17,0.31286681964643426,1082.968979969371,1.0629467461392927,0.8672737792431406,0.6666666666666666,0.5495395928732143,2.601821337729422,0.4819410355394578,0.8862337938302287,0.8985207926907443,10.773809523809524
cosine,8,2.0,18,0.31313608573085205,1176.456287922307,1.2946453306059333,0.8702428143713092,0.6666666666666666,0.5507301672395125,2.6107284431139277,0.4848024596592124,0.8927963801763834,0.9015100339374985,10.764880952380953
cosine,8,2.0,19,0.3190754389121211,1151.9720419196385,1.045477471597572,0.8660620914812517,0.6666666666666669,0.5490528511061145,2.598186274443755,0.4794538091422934,0.8819750497769911,0.9135108217243385,10.787698412698413
cosine,8,2.0,20,0.3333114304956449,1183.6867759655454,1.026042613864167,0.8677795890345048,0.6666666666666666,0.5497426321182755,2.6033387671035144,0.4766312320165217,0.90091634522794,0.9184836107871777,10.78968253968254
cosine,8,2.0,21,0.3154392993760183,1039.9007024362752,1.1584078918105223,0.8714700093767412,0.6666666666666666,0.5512213980764891,2.614410028130224,0.47380280643657,0.8756134263819872,0.9116939735109298,10.793650793650794
cosine,8,2.0,22,0.3187347575165517,1054.2120189564312,1.1693193611995798,0.8742244687442836,0.6666666666666666,0.5523221247104683,2.6226734062328507,0.4774166753087912,0.8938428340628399,0.9228958344190337,10.746031746031745
cosine,8,2.0,23,0.3134335796559048,1032.8608587664196,1.0738373303197615,0.868116058569634,0.6666666666666669,0.5498776477369851,2.6043481757089024,0.47397058011135756,0.87829601040404,0.9232738327238468,10.751984126984127
cosine,8,2.0,24,0.33429038234989805,1075.4359116603207,1.1624899075347628,0.869205099681927,0.6666666666666669,0.5503143859085609,2.607615299045781,0.48478621834743374,0.9034237267200623,0.920624628044712,10.78968253968254
cosine,16,0.5,1,0.2772179376355321,705.5998360363616,1.114820748474881,0.8332649693880518,0.6666666666666666,0.5356860324397232,2.499794908164156,0.4755382829019713,0.8265706711818946,,21.0625
cosine,16,0.5,2,0.2852337493412793,739.9906265192305,1.1045234861054043,0.8414217247466614,0.6666666666666666,0.5390453901492492,2.5242651742399844,0.4810455389532371,0.8392123829401746,0.886363567727177,21.00297619047619
cosine,16,0.5,3,0.2878085415266472,814.6311926523723,1.0627297731864929,0.8370914213680608,0.6666666666666666,0.5372648757219263,2.5112742641041823,0.4815315573452271,0.8236053416901162,0.894327593182366,21.032738095238095
cosine,16,0.5,4,0.2897595881910745,935.9570231368139,1.0281065299278465,0.8448920338270086,0.6666666666666666,0.540467549233872,2.534676101481026,0.47659140028373315,0.8571862548306223,0.834264486839536,21.092261904761905
cosine,16,0.5,5,0.28974374765208016,950.7494952160819,1.0275590548523286,0.8354985975329116,0.6666666666666665,0.5366082846820065,2.506495792598735,0.46954115544062885,0.8603027447446518,0.8686697684851195,21.300595238095237
cosine,16,0.5,6,0.3019588207485988,1016.5264380098882,1.1965242085357732,0.8551862264879632,0.6666666666666666,0.5446615326231828,2.56555867946389,0.47520938689102676,0.8825858716543081,0.8808288398034982,21.25793650793651
cosine,16,0.5,7,0.3044141242609171,1006.0474722612779,1.2452216554041025,0.8565886671910024,0.6666666666666666,0.5452300686475139,2.5697660015730066,0.47596631858033656,0.8699487191920414,0.9254196278808543,21.248015873015873
cosine,16,0.5,8,0.30170243582727935,977.8339391875585,1.1247031236192488,0.8586938101123397,0.6666666666666666,0.5460822043312027,2.576081430337019,0.47330881703733935,0.8808679827608822,0.9182543953367113,21.19543650793651
cosine,16,0.5,9,0.2968776879965173,939.7302738825131,1.2716850513571674,0.8624558912459673,0.6666666666666666,0.5476012659803176,2.587367673737902,0.46736043363845686,0.8860254393589178,0.910452245212877,21.28769841269841
cosine,16,0.5,10,0.29875789105377104,923.3791852046303,1.3159523310680221,0.8690898918871128,0.6666666666666666,0.5502682031167044,2.6072696756613385,0.4675489602247501,0.8855522748301555,0.91477808244287,21.200396825396826
cosine,16,0.5,11,0.2996218039082731,899.8267697149454,1.2420539310805059,0.8583864237825979,0.6666666666666669,0.5459578730141932,2.5751592713477938,0.46300212345804304,0.9014438961467982,0.9042263175714367,21.125
cosine,16,0.5,12,0.3064069037797017,948.0534656063509,1.484069334932813,0.8631996016781578,0.6666666666666666,0.5479009905036258,2.5895988050344734,0.47511579645503416,0.8798893625289004,0.8828860965403066,21.157738095238095
cosine,16,0.5,13,0.3032033472243264,902.5005598097167,1.1241520551770885,0.8635246918227799,0.6666666666666666,0.5480319466158098,2.5905740754683397,0.4594620644456377,0.8756003440621263,0.844050081724716,21.27281746031746
cosine,16,0.5,14,0.30597117043878125,936.764212543993,1.0377244638114465,0.8621355466033465,0.6666666666666666,0.5474721049622207,2.5864066398100394,0.4705972606420805,0.8719686764326274,0.9184748718770779,21.205357142857142
cosine,16,0.5,15,0.310276556457549,1000.8767154192751,1.372290559910303,0.8556005641217781,0.6666666666666669,0.5448295715878928,2.5668016923653343,0.474936888620693,0.8793974824577928,0.9062124639035974,21.314484126984127
cosine,16,0.5,16,0.31534588475610503,1077.8839217010636,1.0683016650655095,0.8520571838540336,0.6666666666666669,0.5433906048520489,2.556171551562101,0.4743902288184233,0.89071998737326,0.9034123217385787,21.27281746031746
cosine,16,0.5,17,0.31185817857875264,1081.0473937048941,1.0745901886752094,0.8671606749432574,0.6666666666666666,0.5494941793277577,2.6014820248297723,0.48130146255037615,0.8839538480882283,0.9094816831926299,21.31845238095238
cosine,16,0.5,18,0.3112706720918791,1174.3236306056142,1.295561138055727,0.8710478469212505,0.6666666666666666,0.5510524690922742,2.6131435407637515,0.48481402565840637,0.883760514158959,0.9133884907509516,21.313492063492063
cosine,16,0.5,19,0.31781432191984965,1150.016477229203,1.0470198934560446,0.8658746542929624,0.6666666666666669,0.5489775120092282,2.5976239628788873,0.4783590494565127,0.8753363775118453,0.9149794947529973,21.348214285714285
cosine,16,0.5,20,0.3313509029042585,1180.8494828324892,1.0146540401754465,0.866205575139631,0.6666666666666669,0.5491105153163937,2.598616725418893,0.47516046182195915,0.8948663059778957,0.9253063228552685,21.375
cosine,16,0.5,21,0.31532771779196545,1038.300338009973,1.1517744584506517,0.8728475816599567,0.6666666666666665,0.5517722177393363,2.61854274497987,0.47285386264532736,0.8731069920371921,0.9003239851188699,21.305555555555557
cosine,16,0.5,22,0.31865357161780467,1054.0410846565935,1.1839983881280878,0.8771936065396378,0.6666666666666666,0.5535057835380885,2.631580819618913,0.47830199048621347,0.8893042377485741,0.9255188883571573,21.125
cosine,16,0.5,23,0.3135443600496678,1032.9661493148267,1.0766710891983309,0.8687506463681839,0.6666666666666669,0.5501321853147585,2.6062519391045518,0.47384445867022057,0.8706544317798935,0.9262465088828883,21.21230158730159
cosine,16,0.5,24,0.3329517584197699,1076.3024987128797,1.1340154009579955,0.8696898652928075,0.6666666666666666,0.5505086623552817,2.6090695958784225,0.48545060027182985,0.8944736169946946,0.9166423573538731,21.34325396825397
cosine,16,1.0,1,0.2772179376355321,705.5998360363616,1.114820748474881,0.8332649693880518,0.6666666666666666,0.5356860324397232,2.499794908164156,0.4755382829019713,0.8265706711818946,,21.0625
cosine,16,1.0,2,0.2852337493412793,739.9906265192305,1.1045234861054043,0.8414217247466614,0.6666666666666666,0.5390453901492492,2.5242651742399844,0.4810455389532371,0.8392123829401746,0.886363567727177,21.00297619047619
cosine,16,1.0,3,0.2878085415266472,814.6311926523723,1.0627297731864929,0.8370914213680608,0.6666666666666666,0.5372648757219263,2.5112742641041823,0.4815315573452271,0.8236053416901162,0.894327593182366,21.032738095238095
cosine,16,1.0,4,0.2897595881910745,935.9570231368139,1.0281065299278465,0.8448920338270086,0.6666666666666666,0.540467549233872,2.534676101481026,0.47659140028373315,0.8571862548306223,0.834264486839536,21.092261904761905
cosine,16,1.0,5,0.28974374765208016,950.7494952160819,1.0275590548523286,0.8354985975329116,0.6666666666666665,0.5366082846820065,2.506495792598735,0.46954115544062885,0.8603027447446518,0.8686697684851195,21.300595238095237
cosine,16,1.0,6,0.30186705699425115,1016.5944754407964,1.1964757124369747,0.855243723084214,0.6666666666666666,0.5446848545026145,2.565731169252642,0.4752392275437095,0.8811004474877423,0.8822877150109942,21.25793650793651
cosine,16,1.0,7,0.30415144720069925,1006.1187569484977,1.244913994103038,0.8572386223018337,0.6666666666666669,0.5454933248111791,2.571715866905501,0.4762611693820435,0.8684757028174265,0.9253966480066083,21.248015873015873
cosine,16,1.0,8,0.30170243582727935,977.8339391875585,1.1247031236192488,0.8586938101123397,0.6666666666666666,0.5460822043312027,2.576081430337019,0.47330881703733935,0.8808679827608822,0.9167305057561108,21.19543650793651
cosine,16,1.0,9,0.2968776879965173,939.7302738825131,1.2716850513571674,0.8624558912459673,0.6666666666666666,0.5476012659803176,2.587367673737902,0.46736043363845686,0.8860254393589178,0.910452245212877,21.28769841269841
cosine,16,1.0,10,0.29875789105377104,923.3791852046303,1.3159523310680221,0.8690898918871128,0.6666666666666666,0.5502682031167044,2.6072696756613385,0.4675489602247501,0.8855522748301555,0.91477808244287,21.200396825396826
cosine,16,1.0,11,0.2996218039082731,899.8267697149454,1.2420539310805059,0.8583864237825979,0.6666666666666669,0.5459578730141932,2.5751592713477938,0.46300212345804304,0.9014438961467982,0.9042263175714367,21.125
cosine,16,1.0,12,0.3064069037797017,948.0534656063509,1.484069334932813,0.8631996016781578,0.6666666666666666,0.5479009905036258,2.5895988050344734,0.47511579645503416,0.8798893625289004,0.8828860965403066,21.157738095238095
cosine,16,1.0,13,0.3032033472243264,902.5005598097167,1.1241520551770885,0.8635246918227799,0.6666666666666666,0.5480319466158098,2.5905740754683397,0.4594620644456377,0.8756003440621263,0.844050081724716,21.27281746031746
cosine,16,1.0,14,0.30597117043878125,936.764212543993,1.0377244638114465,0.8621355466033465,0.6666666666666666,0.5474721049622207,2.5864066398100394,0.4705972606420805,0.8719686764326274,0.9184748718770779,21.205357142857142
cosine,16,1.0,15,0.310276556457549,1000.8767154192751,1.372290559910303,0.8556005641217781,0.6666666666666669,0.5448295715878928,2.5668016923653343,0.474936888620693,0.8793974824577928,0.9062124639035974,21.314484126984127
cosine,16,1.0,16,0.31534588475610503,1077.8839217010636,1.0683016650655095,0.8520571838540336,0.6666666666666669,0.5433906048520489,2.556171551562101,0.4743902288184233,0.89071998737326,0.9034123217385787,21.27281746031746
cosine,16,1.0,17,0.31185817857875264,1081.0473937048941,1.0745901886752094,0.8671606749432574,0.6666666666666666,0.5494941793277577,2.6014820248297723,0.48130146255037615,0.8839538480882283,0.9094816831926299,21.31845238095238
cosine,16,1.0,18,0.3112706720918791,1174.3236306056142,1.295561138055727,0.8710478469212505,0.6666666666666666,0.5510524690922742,2.6131435407637515,0.48481402565840637,0.883760514158959,0.9133884907509516,21.313492063492063
cosine,16,1.0,19,0.31756757073855063,1149.8764585854287,1.0469670515606846,0.8659247745674898,0.6666666666666666,0.5489976586802857,2.5977743237024695,0.4783834832989759,0.8738711818752467,0.9164674666364147,21.348214285714285
cosine,16,1.0,20,0.3313509029042585,1180.8494828324892,1.0146540401754465,0.866205575139631,0.6666666666666669,0.5491105153163937,2.598616725418893,0.47516046182195915,0.8948663059778957,0.9237872923486822,21.375
cosine,16,1.0,21,0.31532771779196545,1038.300338009973,1.1517744584506517,0.8728475816599567,0.6666666666666665,0.5517722177393363,2.61854274497987,0.47285386264532736,0.8731069920371921,0.9003239851188699,21.305555555555557
cosine,16,1.0,22,0.31865357161780467,1054.0410846565935,1.1839983881280878,0.8771936065396378,0.6666666666666666,0.5535057835380885,2.631580819618913,0.47830199048621347,0.8893042377485741,0.9255188883571573,21.125
cosine,16,1.0,23,0.3135443600496678,1032.9661493148267,1.0766710891983309,0.8687506463681839,0.6666666666666669,0.5501321853147585,2.6062519391045518,0.47384445867022057,0.8706544317798935,0.9262465088828883,21.21230158730159
cosine,16,1.0,24,0.3329517584197699,1076.3024987128797,1.1340154009579955,0.8696898652928075,0.6666666666666666,0.5505086623552817,2.6090695958784225,0.48545060027182985,0.8944736169946946,0.9166423573538731,21.34325396825397
cosine,16,2.0,1,0.2772179376355321,705.5998360363616,1.114820748474881,0.8332649693880518,0.6666666666666666,0.5356860324397232,2.499794908164156,0.4755382829019713,0.8265706711818946,,21.0625
cosine,16,2.0,2,0.2852337493412793,739.9906265192305,1.1045234861054043,0.8414217247466614,0.6666666666666666,0.5390453901492492,2.5242651742399844,0.4810455389532371,0.8392123829401746,0.886363567727177,21.00297619047619
cosine,16,2.0,3,0.2878085415266472,814.6311926523723,1.0627297731864929,0.8370914213680608,0.6666666666666666,0.5372648757219263,2.5112742641041823,0.4815315573452271,0.8236053416901162,0.894327593182366,21.032738095238095
cosine,16,2.0,4,0.2897595881910745,935.9570231368139,1.0281065299278465,0.8448920338270086,0.6666666666666666,0.540467549233872,2.534676101481026,0.47659140028373315,0.8571862548306223,0.834264486839536,21.092261904761905
cosine,16,2.0,5,0.28974374765208016,950.7494952160819,1.0275590548523286,0.8354985975329116,0.6666666666666665,0.5366082846820065,2.506495792598735,0.46954115544062885,0.8603027447446518,0.8686697684851195,21.300595238095237
cosine,16,2.0,6,0.30186705699425115,1016.5944754407964,1.1964757124369747,0.855243723084214,0.6666666666666666,0.5446848545026145,2.565731169252642,0.4752392275437095,0.8811004474877423,0.8822877150109942,21.25793650793651
cosine,16,2.0,7,0.30415144720069925,1006.1187569484977,1.244913994103038,0.8572386223018337,0.6666666666666669,0.5454933248111791,2.571715866905501,0.4762611693820435,0.8684757028174265,0.9253966480066083,21.248015873015873
cosine,16,2.0,8,0.30170243582727935,977.8339391875585,1.1247031236192488,0.8586938101123397,0.6666666666666666,0.5460822043312027,2.576081430337019,0.47330881703733935,0.8808679827608822,0.9167305057561108,21.19543650793651
cosine,16,2.0,9,0.2968776879965173,939.7302738825131,1.2716850513571674,0.8624558912459673,0.6666666666666666,0.5476012659803176,2.587367673737902,0.46736043363845686,0.8860254393589178,0.910452245212877,21.28769841269841
cosine,16,2.0,10,0.29875789105377104,923.3791852046303,1.3159523310680221,0.8690898918871128,0.6666666666666666,0.5502682031167044,2.6072696756613385,0.4675489602247501,0.8855522748301555,0.91477808244287,21.200396825396826
cosine,16,2.0,11,0.2996218039082731,899.8267697149454,1.2420539310805059,0.8583864237825979,0.6666666666666669,0.5459578730141932,2.5751592713477938,0.46300212345804304,0.9014438961467982,0.9042263175714367,21.125
cosine,16,2.0,12,0.3064069037797017,948.0534656063509,1.484069334932813,0.8631996016781578,0.6666666666666666,0.5479009905036258,2.5895988050344734,0.47511579645503416,0.8798893625289004,0.8828860965403066,21.157738095238095
cosine,16,2.0,13,0.3032033472243264,902.5005598097167,1.1241520551770885,0.8635246918227799,0.6666666666666666,0.5480319466158098,2.5905740754683397,0.4594620644456377,0.8756003440621263,0.844050081724716,21.27281746031746
cosine,16,2.0,14,0.30597117043878125,936.764212543993,1.0377244638114465,0.8621355466033465,0.6666666666666666,0.5474721049622207,2.5864066398100394,0.4705972606420805,0.8719686764326274,0.9184748718770779,21.205357142857142
cosine,16,2.0,15,0.310276556457549,1000.8767154192751,1.372290559910303,0.8556005641217781,0.6666666666666669,0.5448295715878928,2.5668016923653343,0.474936888620693,0.8793974824577928,0.9062124639035974,21.314484126984127
cosine,16,2.0,16,0.31534588475610503,1077.8839217010636,1.0683016650655095,0.8520571838540336,0.6666666666666669,0.5433906048520489,2.556171551562101,0.4743902288184233,0.89071998737326,0.9034123217385787,21.27281746031746
cosine,16,2.0,17,0.31185817857875264,1081.0473937048941,1.0745901886752094,0.8671606749432574,0.6666666666666666,0.5494941793277577,2.6014820248297723,0.48130146255037615,0.8839538480882283,0.9094816831926299,21.31845238095238
cosine,16,2.0,18,0.3112706720918791,1174.3236306056142,1.295561138055727,0.8710478469212505,0.6666666666666666,0.5510524690922742,2.6131435407637515,0.48481402565840637,0.883760514158959,0.9133884907509516,21.313492063492063
cosine,16,2.0,19,0.31756757073855063,1149.8764585854287,1.0469670515606846,0.8659247745674898,0.6666666666666666,0.5489976586802857,2.5977743237024695,0.4783834832989759,0.8738711818752467,0.9164674666364147,21.348214285714285
cosine,16,2.0,20,0.3313509029042585,1180.8494828324892,1.0146540401754465,0.866205575139631,0.6666666666666669,0.5491105153163937,2.598616725418893,0.47516046182195915,0.8948663059778957,0.9237872923486822,21.375
cosine,16,2.0,21,0.31532771779196545,1038.300338009973,1.1517744584506517,0.8728475816599567,0.6666666666666665,0.5517722177393363,2.61854274497987,0.47285386264532736,0.8731069920371921,0.9003239851188699,21.305555555555557
cosine,16,2.0,22,0.31865357161780467,1054.0410846565935,1.1839983881280878,0.8771936065396378,0.6666666666666666,0.5535057835380885,2.631580819618913,0.47830199048621347,0.8893042377485741,0.9255188883571573,21.125
cosine,16,2.0,23,0.3135443600496678,1032.9661493148267,1.0766710891983309,0.8687506463681839,0.6666666666666669,0.5501321853147585,2.6062519391045518,0.47384445867022057,0.8706544317798935,0.9262465088828883,21.21230158730159
cosine,16,2.0,24,0.3329517584197699,1076.3024987128797,1.1340154009579955,0.8696898652928075,0.6666666666666666,0.5505086623552817,2.6090695958784225,0.48545060027182985,0.8944736169946946,0.9166423573538731,21.34325396825397
cosine,32,0.5,1,0.2787779726153066,705.5626817355293,1.1185024287159724,0.8284237853613773,0.6666666666666669,0.5336810617785395,2.485271356084132,0.4729214501542676,0.8296153609996474,,41.67261904761905
cosine,32,0.5,2,0.28543411211069847,741.9592364948184,1.111489336747349,0.8383364490770874,0.6666666666666665,0.537777475996644,2.515009347231262,0.4785000901985228,0.8334259097330053,0.8851380749508807,41.56051587301587
cosine,32,0.5,3,0.28748775212582495,815.302289347584,1.065426618312163,0.8358487889885261,0.6666666666666666,0.5367527167825364,2.5075463669655784,0.48059936616059284,0.8221848864505261,0.8931090937226257,41.64087301587302
cosine,32,0.5,4,0.28921322519743237,932.7321159403609,1.0108781314628847,0.8437157401117107,0.6666666666666665,0.5399859669446279,2.531147220335132,0.4749386534803426,0.8477237147975628,0.8239764121752613,41.785714285714285
cosine,32,0.5,5,0.2903713235884027,948.411805453768,1.026028654927683,0.8336081616205143,0.6666666666666665,0.5358278493345922,2.500824484861543,0.4671152171383411,0.8574543584248222,0.8704252538939568,42.13988095238095
cosine,32,0.5,6,0.3015856239277976,1015.2469182537009,1.2274594378682901,0.8561411189955109,0.6666666666666666,0.5450487104273117,2.568423356986533,0.475148169317345,0.8771516592418075,0.8912904376940312,42.142857142857146
cosine,32,0.5,7,0.30459365837784746,1004.9701016996478,1.246223435644328,0.8546189034758828,0.6666666666666669,0.544431352912968,2.563856710427648,0.47476557229839866,0.8720167565891119,0.9339338649994234,42.22519841269841
cosine,32,0.5,8,0.30122541698829547,972.9776592402483,1.1183131893652951,0.8567522353631888,0.6666666666666666,0.5452963335565639,2.5702567060895665,0.47024113211375074,0.8739413963507794,0.9260676441047767,42.24900793650794
cosine,32,0.5,9,0.2981833358160499,939.594253200411,1.2892403305497373,0.8638319516590992,0.6666666666666666,0.5481556870314762,2.5914958549772975,0.46656508536539476,0.8830290741561643,0.9112007850534269,42.160714285714285
cosine,32,0.5,10,0.2999854362468696,921.9523463087019,1.319363639070346,0.8691262337637075,0.6666666666666666,0.5502827717940795,2.6073787012911227,0.46553955862179197,0.8832306925716336,0.9126067659230135,41.77876984126984
cosine,32,0.5,11,0.2997792189749556,898.9859385877321,1.2512884893269054,0.8601509102866824,0.6666666666666666,0.5466711301411242,2.5804527308600473,0.4618597398519043,0.8952158279958657,0.8954591831440009,41.87797619047619
cosine,32,0.5,12,0.3053899017530439,946.9227935680119,1.4624934805661405,0.8615923739561048,0.6666666666666669,0.5472530209644804,2.5847771218683144,0.47341824807492955,0.8770354497026387,0.8858417868541759,41.92460317460318
cosine,32,0.5,13,0.30393534064140315,902.1147406292729,1.1259472854118195,0.8618155425386975,0.6666666666666666,0.547343046281467,2.5854466276160926,0.45829809886104583,0.8711997823188513,0.8360599075420587,42.111111111111114
cosine,32,0.5,14,0.3059746029945904,936.9829639672951,1.0606750290118367,0.8574588970136587,0.6666666666666666,0.5455825113853665,2.572376691040976,0.4675543520911968,0.8643621766920508,0.9073328109666824,41.926587301587304
cosine,32,0.5,15,0.3106987779812783,1000.5280674902575,1.3741716246194218,0.8561882292821809,0.6666666666666665,0.5450678039905715,2.5685646878465427,0.47461196936482547,0.8816386302408181,0.8997019047285577,42.14186507936508
cosine,32,0.5,16,0.31603683985307324,1074.7710371454932,1.0807732474234886,0.8521091893008644,0.6666666666666669,0.5434117556129335,2.556327567902593,0.4732283745599082,0.8875873018031646,0.901306781474815,42.23313492063492
cosine,32,0.5,17,0.3133176372397449,1078.3190405627893,1.1055486948736892,0.8628431979251375,0.6666666666666666,0.5477573789171569,2.5885295937754127,0.47718056957137195,0.8813744274154807,0.900488875685079,42.35218253968254
cosine,32,0.5,18,0.31114117371243694,1169.7852476029266,1.3326654385177386,0.8637805520019328,0.6666666666666666,0.5481349894792771,2.5913416560057985,0.47881965364380263,0.8792187378654532,0.9123139953725293,42.44146825396825
cosine,32,0.5,19,0.31742875606411664,1146.102870930682,1.0626312959845983,0.8643432032841593,0.6666666666666666,0.5483615082299949,2.593029609852478,0.4758801532849088,0.8677126127913889,0.9108561190072221,42.38789682539682
cosine,32,0.5,20,0.330789067045688,1176.8475478355363,1.0753095698231068,0.8625598423785168,0.6666666666666665,0.5476431709197244,2.5876795271355504,0.4711266555141224,0.8794367278488064,0.9195271025870068,42.55257936507937
cosine,32,0.5,21,0.31648776846001186,1037.534782805114,1.1511863864545964,0.8735565857631654,0.6666666666666666,0.5520554624668611,2.6206697572894964,0.47223911268507407,0.871609608548978,0.9083687990027071,42.298611111111114
cosine,32,0.5,22,0.3199737117933133,1054.5944280461813,1.153941565482813,0.878118199118986,0.6666666666666665,0.5538737726183879,2.634354597356958,0.47816230617683353,0.8877104461004517,0.9195802368368169,42.169642857142854
cosine,32,0.5,23,0.3136195561811628,1033.6803443841386,1.0669700296415225,0.8688173333457186,0.6666666666666666,0.5501589260062957,2.606452000037156,0.4737210651355183,0.8683088705828823,0.926280957724379,42.0218253968254
cosine,32,0.5,24,0.3334477386824361,1075.3295693371974,1.1499251617666872,0.8704901931880199,0.6666666666666666,0.5508292308208098,2.6114705795640596,0.4849198439129243,0.897508673752689,0.9168542324740622,42.407738095238095
cosine,32,1.0,1,0.2787779726153066,705.5626817355293,1.1185024287159724,0.8284237853613773,0.6666666666666666,0.5336810617785395,2.485271356084132,0.4729214501542676,0.8296153609996474,,41.67261904761905
cosine,32,1.0,2,0.28543411211069847,741.9592364948184,1.111489336747349,0.8383364490770874,0.6666666666666665,0.537777475996644,2.515009347231262,0.4785000901985228,0.8334259097330053,0.8851380749508807,41.56051587301587
cosine,32,1.0,3,0.28748775212582495,815.302289347584,1.065426618312163,0.8358487889885261,0.6666666666666669,0.5367527167825364,2.5075463669655784,0.48059936616059284,0.8221848864505261,0.8931090937226257,41.64087301587302
cosine,32,1.0,4,0.28909147896601,933.0014732599608,1.010475192383777,0.8431926217218074,0.6666666666666666,0.5397716435507246,2.529577865165422,0.4749537697554675,0.8469075865054659,0.8247224716968681,41.785714285714285
cosine,32,1.0,5,0.2899677751322214,948.2482354326849,1.025731457854518,0.8331567011270092,0.6666666666666666,0.5356412842252907,2.499470103381028,0.4669103715798043,0.8559956028611456,0.8681104400562366,42.13988095238095
cosine,32,1.0,6,0.3015856239277976,1015.2469182537009,1.2274594378682901,0.8561411189955109,0.6666666666666666,0.5450487104273117,2.568423356986533,0.475148169317345,0.8771516592418075,0.889795577830795,42.142857142857146
cosine,32,1.0,7,0.30459365837784746,1004.9701016996478,1.246223435644328,0.8546189034758828,0.6666666666666669,0.544431352912968,2.563856710427648,0.47476557229839866,0.8720167565891119,0.9339338649994234,42.22519841269841
cosine,32,1.0,8,0.3010583113096889,973.8891140402866,1.1172402356859052,0.8578415271341341,0.6666666666666669,0.5457373940924738,2.573524581402402,0.47081374400039694,0.8761715169340112,0.9284175779350655,42.24900793650794
cosine,32,1.0,9,0.2983935813127441,939.4446460467765,1.2893561052404587,0.8637070632865375,0.6666666666666666,0.5481053955681112,2.5911211898596123,0.46651602223584776,0.8815334556161969,0.9102771490421097,42.160714285714285
cosine,32,1.0,10,0.2996769421233585,921.9795187467533,1.3189951639797208,0.8698028529195234,0.6666666666666666,0.5505539322699059,2.6094085587585703,0.46582452890515463,0.8817294134589168,0.909570819429908,41.77876984126984
cosine,32,1.0,11,0.2996947623989483,898.9461438425722,1.2511684457399133,0.8599854394052282,0.6666666666666666,0.5466042872844789,2.5799563182156846,0.4617949995175834,0.8936971135526359,0.895428613214233,41.87797619047619
cosine,32,1.0,12,0.3048235494246934,946.8755414870693,1.4616146159955228,0.8616916942281291,0.6666666666666665,0.5472930884675162,2.585075082684387,0.47415217801072285,0.8754465936123722,0.8840409243758911,41.92460317460318
cosine,32,1.0,13,0.3035212116692601,902.0604512833124,1.1255798031595021,0.8619995248598977,0.666666666666667,0.5474172512234272,2.5859985745796927,0.4583660346764116,0.8697375711353611,0.8371410846091678,42.111111111111114
cosine,32,1.0,14,0.3059746029945904,936.9829639672951,1.0606750290118367,0.8574588970136587,0.6666666666666666,0.5455825113853665,2.572376691040976,0.4675543520911968,0.8643621766920508,0.9088165520758111,41.926587301587304
cosine,32,1.0,15,0.3106987779812783,1000.5280674902575,1.3741716246194218,0.8561882292821809,0.6666666666666665,0.5450678039905715,2.5685646878465427,0.47461196936482547,0.8816386302408181,0.8997019047285577,42.14186507936508
cosine,32,1.0,16,0.31603683985307324,1074.7710371454932,1.0807732474234886,0.8521091893008644,0.6666666666666669,0.5434117556129335,2.556327567902593,0.4732283745599082,0.8875873018031646,0.901306781474815,42.23313492063492
cosine,32,1.0,17,0.3131408403430017,1078.7750003200779,1.0752008458445956,0.8624997800547244,0.6666666666666666,0.5476189589537733,2.587499340164173,0.47733567675760896,0.8814461357295706,0.9012952456973882,42.35218253968254
cosine,32,1.0,18,0.31114117371243694,1169.7852476029266,1.332665438517739,0.8637805520019328,0.6666666666666666,0.5481349894792771,2.5913416560057985,0.47881965364380263,0.8792187378654532,0.9114124623264614,42.44146825396825
cosine,32,1.0,19,0.31742875606411664,1146.102870930682,1.0626312959845983,0.8643432032841593,0.6666666666666666,0.5483615082299949,2.593029609852478,0.4758801532849088,0.8677126127913889,0.9108561190072221,42.38789682539682
cosine,32,1.0,20,0.3304081472802361,1176.8132799645264,1.0750381890134704,0.8631260989562,0.6666666666666666,0.5478713763967857,2.5893782968686,0.4713781778069256,0.877961103510291,0.9210010184878109,42.55257936507937
cosine,32,1.0,21,0.31648776846001186,1037.534782805114,1.1511863864545964,0.8735565857631654,0.6666666666666666,0.5520554624668611,2.6206697572894964,0.47223911268507407,0.871609608548978,0.9098369491639299,42.298611111111114
cosine,32,1.0,22,0.3195899755091006,1054.344963474845,1.153796147814543,0.8774066956760422,0.6666666666666666,0.5535906186803318,2.6322200870281267,0.4779753320201957,0.8862197315348881,0.9180631075967209,42.169642857142854
cosine,32,1.0,23,0.3138331820114222,1033.4289335634999,1.0673370555637822,0.8686663691607354,0.6666666666666669,0.5500983889946397,2.605999107482206,0.4736362430512403,0.8697823755818572,0.9293313250892652,42.0218253968254
cosine,32,1.0,24,0.33309177505959553,1075.1655408388206,1.135807973731601,0.8708735986445667,0.6666666666666666,0.5509827258246371,2.6126207959337,0.4851282170557864,0.8960023263239956,0.9138125480334008,42.407738095238095
cosine,32,2.0,1,0.2787779726153066,705.5626817355293,1.1185024287159724,0.8284237853613773,0.6666666666666666,0.5336810617785395,2.485271356084132,0.4729214501542676,0.8296153609996474,,41.67261904761905
cosine,32,2.0,2,0.28543411211069847,741.9592364948184,1.111489336747349,0.8383364490770874,0.6666666666666665,0.537777475996644,2.515009347231262,0.4785000901985228,0.8334259097330053,0.8851380749508807,41.56051587301587
cosine,32,2.0,3,0.28748775212582495,815.302289347584,1.065426618312163,0.8358487889885261,0.6666666666666669,0.5367527167825364,2.5075463669655784,0.48059936616059284,0.8221848864505261,0.8931090937226257,41.64087301587302
cosine,32,2.0,4,0.28909147896601,933.0014732599608,1.010475192383777,0.8431926217218074,0.6666666666666666,0.5397716435507246,2.529577865165422,0.4749537697554675,0.8469075865054659,0.8247224716968681,41.785714285714285
cosine,32,2.0,5,0.2899677751322214,948.2482354326849,1.025731457854518,0.8331567011270092,0.6666666666666666,0.5356412842252907,2.499470103381028,0.4669103715798043,0.8559956028611456,0.8681104400562366,42.13988095238095
cosine,32,2.0,6,0.3015856239277976,1015.2469182537009,1.2274594378682901,0.8561411189955109,0.6666666666666666,0.5450487104273117,2.568423356986533,0.475148169317345,0.8771516592418075,0.889795577830795,42.142857142857146
cosine,32,2.0,7,0.30459365837784746,1004.9701016996478,1.246223435644328,0.8546189034758828,0.6666666666666669,0.544431352912968,2.563856710427648,0.47476557229839866,0.8720167565891119,0.9339338649994234,42.22519841269841
cosine,32,2.0,8,0.3010583113096889,973.8891140402866,1.1172402356859052,0.8578415271341341,0.6666666666666669,0.5457373940924738,2.573524581402402,0.47081374400039694,0.8761715169340112,0.9284175779350655,42.24900793650794
cosine,32,2.0,9,0.2983935813127441,939.4446460467765,1.2893561052404587,0.8637070632865375,0.6666666666666666,0.5481053955681112,2.5911211898596123,0.46651602223584776,0.8815334556161969,0.9102771490421097,42.160714285714285
cosine,32,2.0,10,0.2996769421233585,921.9795187467533,1.3189951639797208,0.8698028529195234,0.6666666666666666,0.5505539322699059,2.6094085587585703,0.46582452890515463,0.8817294134589168,0.909570819429908,41.77876984126984
cosine,32,2.0,11,0.2996947623989483,898.9461438425722,1.2511684457399133,0.8599854394052282,0.6666666666666666,0.5466042872844789,2.5799563182156846,0.4617949995175834,0.8936971135526359,0.895428613214233,41.87797619047619
cosine,32,2.0,12,0.3048235494246934,946.8755414870693,1.4616146159955228,0.8616916942281291,0.6666666666666665,0.5472930884675162,2.585075082684387,0.47415217801072285,0.8754465936123722,0.8840409243758911,41.92460317460318
cosine,32,2.0,13,0.3035212116692601,902.0604512833124,1.1255798031595021,0.8619995248598977,0.666666666666667,0.5474172512234272,2.5859985745796927,0.4583660346764116,0.8697375711353611,0.8371410846091678,42.111111111111114
cosine,32,2.0,14,0.3059746029945904,936.9829639672951,1.0606750290118367,0.8574588970136587,0.6666666666666666,0.5455825113853665,2.572376691040976,0.4675543520911968,0.8643621766920508,0.9088165520758111,41.926587301587304
cosine,32,2.0,15,0.3104194100056537,1000.57221460697,1.3738982257082468,0.8556777554969446,0.6666666666666666,0.5448608708259638,2.567033266490834,0.4744060287680396,0.8801381226506553,0.9011823106396377,42.14186507936508
cosine,32,2.0,16,0.31603683985307324,1074.7710371454932,1.0807732474234886,0.8521091893008644,0.6666666666666669,0.5434117556129335,2.556327567902593,0.4732283745599082,0.8875873018031646,0.89979738924035,42.23313492063492
cosine,32,2.0,17,0.3131408403430017,1078.7750003200779,1.0752008458445956,0.8624997800547244,0.6666666666666666,0.5476189589537733,2.587499340164173,0.47733567675760896,0.8814461357295706,0.9012952456973882,42.35218253968254
cosine,32,2.0,18,0.31114117371243694,1169.7852476029266,1.332665438517739,0.8637805520019328,0.6666666666666666,0.5481349894792771,2.5913416560057985,0.47881965364380263,0.8792187378654532,0.9114124623264614,42.44146825396825
cosine,32,2.0,19,0.31742875606411664,1146.102870930682,1.0626312959845983,0.8643432032841593,0.6666666666666666,0.5483615082299949,2.593029609852478,0.4758801532849088,0.8677126127913889,0.9108561190072221,42.38789682539682
cosine,32,2.0,20,0.3304081472802361,1176.8132799645264,1.0750381890134704,0.8631260989562,0.6666666666666666,0.5478713763967857,2.5893782968686,0.4713781778069256,0.877961103510291,0.9210010184878109,42.55257936507937
cosine,32,2.0,21,0.31648776846001186,1037.534782805114,1.1511863864545964,0.8735565857631654,0.6666666666666666,0.5520554624668611,2.6206697572894964,0.47223911268507407,0.871609608548978,0.9098369491639299,42.298611111111114
cosine,32,2.0,22,0.3195899755091006,1054.344963474845,1.153796147814543,0.8774066956760422,0.6666666666666666,0.5535906186803318,2.6322200870281267,0.4779753320201957,0.8862197315348881,0.9180631075967209,42.169642857142854
cosine,32,2.0,23,0.3138331820114222,1033.4289335634999,1.0673370555637822,0.8686663691607354,0.6666666666666669,0.5500983889946397,2.605999107482206,0.4736362430512403,0.8697823755818572,0.9293313250892652,42.0218253968254
cosine,32,2.0,24,0.33309177505959553,1075.1655408388206,1.135807973731601,0.8708735986445667,0.6666666666666666,0.5509827258246371,2.6126207959337,0.4851282170557864,0.8960023263239956,0.9138125480334008,42.407738095238095
