territory_id,date,cluster
1,2023-01,2
1,2023-02,2
1,2023-03,2
1,2023-04,2
1,2023-05,2
1,2023-06,2
1,2023-07,2
1,2023-08,2
1,2023-09,2
1,2023-10,2
1,2023-11,2
1,2023-12,2
1,2024-01,2
1,2024-02,2
1,2024-03,2
1,2024-04,2
1,2024-05,2
1,2024-06,2
1,2024-07,2
1,2024-08,2
1,2024-09,2
1,2024-10,2
1,2024-11,2
1,2024-12,2
2,2023-01,2
2,2023-02,2
2,2023-03,2
2,2023-04,2
2,2023-05,2
2,2023-06,2
2,2023-07,2
2,2023-08,2
2,2023-09,2
2,2023-10,2
2,2023-11,2
2,2023-12,2
2,2024-01,2
2,2024-02,2
2,2024-03,2
2,2024-04,2
2,2024-05,2
2,2024-06,2
2,2024-07,2
2,2024-08,2
2,2024-09,2
2,2024-10,2
2,2024-11,2
2,2024-12,2
3,2023-01,1
3,2023-02,1
3,2023-03,1
3,2023-04,1
3,2023-05,1
3,2023-06,1
3,2023-07,1
3,2023-08,1
3,2023-09,1
3,2023-10,1
3,2023-11,1
3,2023-12,1
3,2024-01,1
3,2024-02,1
3,2024-03,1
3,2024-04,1
3,2024-05,1
3,2024-06,1
3,2024-07,1
3,2024-08,1
3,2024-09,1
3,2024-10,1
3,2024-11,1
3,2024-12,1
4,2023-01,1
4,2023-02,1
4,2023-03,1
4,2023-04,1
4,2023-05,2
4,2023-06,2
4,2023-07,2
4,2023-08,2
4,2023-09,2
4,2023-10,1
4,2023-11,1
4,2023-12,1
4,2024-01,1
4,2024-02,2
4,2024-03,2
4,2024-04,1
4,2024-05,1
4,2024-06,1
4,2024-07,1
4,2024-08,1
4,2024-09,1
4,2024-10,1
4,2024-11,2
4,2024-12,2
5,2023-01,1
5,2023-02,1
5,2023-03,1
5,2023-04,1
5,2023-05,1
5,2023-06,1
5,2023-07,1
5,2023-08,1
5,2023-09,1
5,2023-10,1
5,2023-11,1
5,2023-12,1
5,2024-01,1
5,2024-02,1
5,2024-03,1
5,2024-04,1
5,2024-05,1
5,2024-06,1
5,2024-07,1
5,2024-08,1
5,2024-09,1
5,2024-10,1
5,2024-11,1
5,2024-12,1
6,2023-01,1
6,2023-02,1
6,2023-03,1
6,2023-04,2
6,2023-05,2
6,2023-06,2
6,2023-07,2
6,2023-08,2
6,2023-09,2
6,2023-10,2
6,2023-11,2
6,2023-12,2
6,2024-01,2
6,2024-02,2
6,2024-03,2
6,2024-04,2
6,2024-05,2
6,2024-06,2
6,2024-07,2
6,2024-08,2
6,2024-09,2
6,2024-10,2
6,2024-11,2
6,2024-12,2
7,2023-01,2
7,2023-02,2
7,2023-03,2
7,2023-04,2
7,2023-05,4
7,2023-06,4
7,2023-07,4
7,2023-08,4
7,2023-09,2
7,2023-10,2
7,2023-11,2
7,2023-12,2
7,2024-01,2
7,2024-02,4
7,2024-03,2
7,2024-04,4
7,2024-05,4
7,2024-06,4
7,2024-07,4
7,2024-08,4
7,2024-09,2
7,2024-10,2
7,2024-11,2
7,2024-12,2
8,2023-01,2
8,2023-02,2
8,2023-03,2
8,2023-04,2
8,2023-05,2
8,2023-06,2
8,2023-07,2
8,2023-08,2
8,2023-09,2
8,2023-10,2
8,2023-11,2
8,2023-12,2
8,2024-01,2
8,2024-02,2
8,2024-03,2
8,2024-04,2
8,2024-05,2
8,2024-06,2
8,2024-07,2
8,2024-08,2
8,2024-09,2
8,2024-10,2
8,2024-11,2
8,2024-12,2
9,2023-01,1
9,2023-02,1
9,2023-03,1
9,2023-04,1
9,2023-05,1
9,2023-06,1
9,2023-07,1
9,2023-08,1
9,2023-09,1
9,2023-10,1
9,2023-11,1
9,2023-12,1
9,2024-01,1
9,2024-02,1
9,2024-03,1
9,2024-04,1
9,2024-05,1
9,2024-06,1
9,2024-07,1
9,2024-08,1
9,2024-09,1
9,2024-10,1
9,2024-11,1
9,2024-12,1
10,2023-01,2
10,2023-02,2
10,2023-03,2
10,2023-04,2
10,2023-05,2
10,2023-06,2
10,2023-07,2
10,2023-08,2
10,2023-09,2
10,2023-10,2
10,2023-11,2
10,2023-12,2
10,2024-01,2
10,2024-02,2
10,2024-03,2
10,2024-04,2
10,2024-05,2
10,2024-06,2
10,2024-07,2
10,2024-08,2
10,2024-09,2
10,2024-10,2
10,2024-11,2
10,2024-12,2
11,2023-01,2
11,2023-02,2
11,2023-03,3
11,2023-04,2
11,2023-05,2
11,2023-06,3
11,2023-07,2
11,2023-08,2
11,2023-09,2
11,2023-10,2
11,2023-11,2
11,2023-12,2
11,2024-01,2
11,2024-02,2
11,2024-03,3
11,2024-04,2
11,2024-05,2
11,2024-06,2
11,2024-07,2
11,2024-08,2
11,2024-09,2
11,2024-10,3
11,2024-11,3
11,2024-12,3
12,2023-01,2
12,2023-02,2
12,2023-03,2
12,2023-04,2
12,2023-05,2
12,2023-06,2
12,2023-07,2
12,2023-08,2
12,2023-09,2
12,2023-10,2
12,2023-11,2
12,2023-12,2
12,2024-01,2
12,2024-02,2
12,2024-03,2
12,2024-04,2
12,2024-05,2
12,2024-06,2
12,2024-07,2
12,2024-08,2
12,2024-09,2
12,2024-10,2
12,2024-11,2
12,2024-12,2
13,2023-01,1
13,2023-02,1
13,2023-03,3
13,2023-04,1
13,2023-05,3
13,2023-06,3
13,2023-07,3
13,2023-08,3
13,2023-09,1
13,2023-10,1
13,2023-11,3
13,2023-12,3
13,2024-01,1
13,2024-02,1
13,2024-03,3
13,2024-04,1
13,2024-05,1
13,2024-06,3
13,2024-07,1
13,2024-08,3
13,2024-09,1
13,2024-10,1
13,2024-11,1
13,2024-12,1
14,2023-01,1
14,2023-02,1
14,2023-03,1
14,2023-04,1
14,2023-05,1
14,2023-06,1
14,2023-07,1
14,2023-08,1
14,2023-09,1
14,2023-10,1
14,2023-11,1
14,2023-12,1
14,2024-01,1
14,2024-02,1
14,2024-03,1
14,2024-04,1
14,2024-05,1
14,2024-06,1
14,2024-07,1
14,2024-08,1
14,2024-09,1
14,2024-10,1
14,2024-11,1
14,2024-12,1
15,2023-01,1
15,2023-02,1
15,2023-03,1
15,2023-04,1
15,2023-05,1
15,2023-06,2
15,2023-07,2
15,2023-08,2
15,2023-09,2
15,2023-10,2
15,2023-11,2
15,2023-12,1
15,2024-01,1
15,2024-02,1
15,2024-03,1
15,2024-04,1
15,2024-05,1
15,2024-06,2
15,2024-07,2
15,2024-08,2
15,2024-09,1
15,2024-10,1
15,2024-11,1
15,2024-12,1
16,2023-01,3
16,2023-02,1
16,2023-03,3
16,2023-04,1
16,2023-05,3
16,2023-06,3
16,2023-07,3
16,2023-08,3
16,2023-09,1
16,2023-10,1
16,2023-11,1
16,2023-12,1
16,2024-01,1
16,2024-02,1
16,2024-03,3
16,2024-04,1
16,2024-05,3
16,2024-06,1
16,2024-07,3
16,2024-08,1
16,2024-09,1
16,2024-10,1
16,2024-11,1
16,2024-12,1
17,2023-01,1
17,2023-02,1
17,2023-03,1
17,2023-04,1
17,2023-05,1
17,2023-06,3
17,2023-07,3
17,2023-08,3
17,2023-09,1
17,2023-10,1
17,2023-11,1
17,2023-12,1
17,2024-01,1
17,2024-02,1
17,2024-03,1
17,2024-04,1
17,2024-05,1
17,2024-06,1
17,2024-07,1
17,2024-08,1
17,2024-09,1
17,2024-10,1
17,2024-11,1
17,2024-12,1
18,2023-01,1
18,2023-02,1
18,2023-03,1
18,2023-04,1
18,2023-05,1
18,2023-06,1
18,2023-07,1
18,2023-08,1
18,2023-09,1
18,2023-10,3
18,2023-11,1
18,2023-12,1
18,2024-01,1
18,2024-02,1
18,2024-03,1
18,2024-04,1
18,2024-05,1
18,2024-06,1
18,2024-07,1
18,2024-08,1
18,2024-09,1
18,2024-10,1
18,2024-11,1
18,2024-12,1
19,2023-01,1
19,2023-02,1
19,2023-03,1
19,2023-04,1
19,2023-05,1
19,2023-06,1
19,2023-07,1
19,2023-08,1
19,2023-09,1
19,2023-10,1
19,2023-11,1
19,2023-12,1
19,2024-01,1
19,2024-02,1
19,2024-03,1
19,2024-04,1
19,2024-05,1
19,2024-06,1
19,2024-07,1
19,2024-08,1
19,2024-09,1
19,2024-10,1
19,2024-11,1
19,2024-12,1
20,2023-01,1
20,2023-02,1
20,2023-03,1
20,2023-04,1
20,2023-05,1
20,2023-06,1
20,2023-07,1
20,2023-08,3
20,2023-09,1
20,2023-10,1
20,2023-11,3
20,2023-12,1
20,2024-01,1
20,2024-02,1
20,2024-03,1
20,2024-04,1
20,2024-05,1
20,2024-06,1
20,2024-07,1
20,2024-08,1
20,2024-09,1
20,2024-10,1
20,2024-11,1
20,2024-12,1
21,2023-01,4
21,2023-02,4
21,2023-03,4
21,2023-04,4
21,2023-05,4
21,2023-06,4
21,2023-07,4
21,2023-08,4
21,2023-09,4
21,2023-10,4
21,2023-11,4
21,2023-12,4
21,2024-01,4
21,2024-02,4
21,2024-03,4
21,2024-04,4
21,2024-05,4
21,2024-06,4
21,2024-07,4
21,2024-08,4
21,2024-09,4
21,2024-10,4
21,2024-11,4
21,2024-12,4
22,2023-01,2
22,2023-02,2
22,2023-03,2
22,2023-04,2
22,2023-05,2
22,2023-06,2
22,2023-07,2
22,2023-08,1
22,2023-09,1
22,2023-10,1
22,2023-11,1
22,2023-12,1
22,2024-01,1
22,2024-02,1
22,2024-03,1
22,2024-04,1
22,2024-05,1
22,2024-06,1
22,2024-07,1
22,2024-08,1
22,2024-09,1
22,2024-10,1
22,2024-11,1
22,2024-12,1
23,2023-01,2
23,2023-02,2
23,2023-03,2
23,2023-04,2
23,2023-05,2
23,2023-06,2
23,2023-07,2
23,2023-08,2
23,2023-09,2
23,2023-10,2
23,2023-11,2
23,2023-12,2
23,2024-01,2
23,2024-02,2
23,2024-03,2
23,2024-04,2
23,2024-05,2
23,2024-06,2
23,2024-07,2
23,2024-08,2
23,2024-09,2
23,2024-10,2
23,2024-11,2
23,2024-12,2
25,2023-01,2
25,2023-02,2
25,2023-03,2
25,2023-04,2
25,2023-05,2
25,2023-06,2
25,2023-07,2
25,2023-08,2
25,2023-09,2
25,2023-10,2
25,2023-11,2
25,2023-12,2
25,2024-01,2
25,2024-02,2
25,2024-03,2
25,2024-04,2
25,2024-05,2
25,2024-06,2
25,2024-07,2
25,2024-08,2
25,2024-09,2
25,2024-10,2
25,2024-11,2
25,2024-12,2
26,2023-01,2
26,2023-02,2
26,2023-03,2
26,2023-04,2
26,2023-05,2
26,2023-06,2
26,2023-07,2
26,2023-08,2
26,2023-09,2
26,2023-10,2
26,2023-11,2
26,2023-12,2
26,2024-01,2
26,2024-02,2
26,2024-03,2
26,2024-04,2
26,2024-05,2
26,2024-06,2
26,2024-07,2
26,2024-08,2
26,2024-09,2
26,2024-10,2
26,2024-11,2
26,2024-12,2
27,2023-01,2
27,2023-02,2
27,2023-03,2
27,2023-04,2
27,2023-05,2
27,2023-06,2
27,2023-07,2
27,2023-08,2
27,2023-09,2
27,2023-10,2
27,2023-11,2
27,2023-12,2
27,2024-01,2
27,2024-02,2
27,2024-03,2
27,2024-04,2
27,2024-05,2
27,2024-06,2
27,2024-07,2
27,2024-08,2
27,2024-09,2
27,2024-10,2
27,2024-11,2
27,2024-12,2
28,2023-01,2
28,2023-02,2
28,2023-03,2
28,2023-04,2
28,2023-05,2
28,2023-06,2
28,2023-07,2
28,2023-08,2
28,2023-09,2
28,2023-10,2
28,2023-11,2
28,2023-12,2
28,2024-01,2
28,2024-02,2
28,2024-03,2
28,2024-04,2
28,2024-05,2
28,2024-06,2
28,2024-07,2
28,2024-08,2
28,2024-09,2
28,2024-10,2
28,2024-11,2
28,2024-12,2
29,2023-01,2
29,2023-02,2
29,2023-03,2
29,2023-04,2
29,2023-05,4
29,2023-06,4
29,2023-07,4
29,2023-08,4
29,2023-09,4
29,2023-10,4
29,2023-11,4
29,2023-12,4
29,2024-01,4
29,2024-02,4
29,2024-03,4
29,2024-04,4
29,2024-05,4
29,2024-06,4
29,2024-07,4
29,2024-08,4
29,2024-09,4
29,2024-10,4
29,2024-11,4
29,2024-12,2
30,2023-01,2
30,2023-02,2
30,2023-03,2
30,2023-04,2
30,2023-05,2
30,2023-06,2
30,2023-07,2
30,2023-08,2
30,2023-09,2
30,2023-10,3
30,2023-11,2
30,2023-12,2
30,2024-01,2
30,2024-02,2
30,2024-03,2
30,2024-04,2
30,2024-05,1
30,2024-06,1
30,2024-07,2
30,2024-08,1
30,2024-09,2
30,2024-10,3
30,2024-11,1
30,2024-12,1
31,2023-01,1
31,2023-02,1
31,2023-03,1
31,2023-04,1
31,2023-05,1
31,2023-06,1
31,2023-07,1
31,2023-08,1
31,2023-09,1
31,2023-10,1
31,2023-11,1
31,2023-12,1
31,2024-01,1
31,2024-02,1
31,2024-03,1
31,2024-04,1
31,2024-05,1
31,2024-06,1
31,2024-07,1
31,2024-08,1
31,2024-09,1
31,2024-10,1
31,2024-11,1
31,2024-12,1
32,2023-01,1
32,2023-02,1
32,2023-03,1
32,2023-04,1
32,2023-05,1
32,2023-06,1
32,2023-07,1
32,2023-08,1
32,2023-09,1
32,2023-10,1
32,2023-11,1
32,2023-12,1
32,2024-01,1
32,2024-02,1
32,2024-03,1
32,2024-04,1
32,2024-05,1
32,2024-06,1
32,2024-07,1
32,2024-08,1
32,2024-09,1
32,2024-10,1
32,2024-11,1
32,2024-12,1
33,2023-01,1
33,2023-02,1
33,2023-03,1
33,2023-04,1
33,2023-05,1
33,2023-06,1
33,2023-07,1
33,2023-08,1
33,2023-09,1
33,2023-10,1
33,2023-11,1
33,2023-12,1
33,2024-01,1
33,2024-02,1
33,2024-03,1
33,2024-04,1
33,2024-05,1
33,2024-06,1
33,2024-07,1
33,2024-08,1
33,2024-09,1
33,2024-10,1
33,2024-11,1
33,2024-12,1
34,2023-01,1
34,2023-02,1
34,2023-03,1
34,2023-04,1
34,2023-05,1
34,2023-06,1
34,2023-07,1
34,2023-08,1
34,2023-09,1
34,2023-10,1
34,2023-11,1
34,2023-12,1
34,2024-01,1
34,2024-02,1
34,2024-03,1
34,2024-04,1
34,2024-05,1
34,2024-06,1
34,2024-07,1
34,2024-08,1
34,2024-09,1
34,2024-10,1
34,2024-11,1
34,2024-12,1
35,2023-01,2
35,2023-02,2
35,2023-03,2
35,2023-04,2
35,2023-05,2
35,2023-06,2
35,2023-07,2
35,2023-08,2
35,2023-09,2
35,2023-10,2
35,2023-11,2
35,2023-12,2
35,2024-01,2
35,2024-02,2
35,2024-03,2
35,2024-04,2
35,2024-05,2
35,2024-06,2
35,2024-07,2
35,2024-08,2
35,2024-09,2
35,2024-10,2
35,2024-11,2
35,2024-12,2
36,2023-01,1
36,2023-02,1
36,2023-03,1
36,2023-04,1
36,2023-05,1
36,2023-06,1
36,2023-07,1
36,2023-08,1
36,2023-09,1
36,2023-10,1
36,2023-11,1
36,2023-12,1
36,2024-01,1
36,2024-02,1
36,2024-03,1
36,2024-04,1
36,2024-05,1
36,2024-06,1
36,2024-07,1
36,2024-08,1
36,2024-09,1
36,2024-10,1
36,2024-11,1
36,2024-12,1
37,2023-01,1
37,2023-02,1
37,2023-03,1
37,2023-04,1
37,2023-05,1
37,2023-06,1
37,2023-07,1
37,2023-08,1
37,2023-09,1
37,2023-10,1
37,2023-11,1
37,2023-12,1
37,2024-01,1
37,2024-02,1
37,2024-03,1
37,2024-04,1
37,2024-05,1
37,2024-06,1
37,2024-07,1
37,2024-08,1
37,2024-09,1
37,2024-10,1
37,2024-11,1
37,2024-12,1
38,2023-01,2
38,2023-02,2
38,2023-03,2
38,2023-04,2
38,2023-05,2
38,2023-06,2
38,2023-07,2
38,2023-08,2
38,2023-09,2
38,2023-10,2
38,2023-11,2
38,2023-12,2
38,2024-01,2
38,2024-02,2
38,2024-03,2
38,2024-04,2
38,2024-05,2
38,2024-06,2
38,2024-07,2
38,2024-08,2
38,2024-09,2
38,2024-10,2
38,2024-11,2
38,2024-12,2
39,2023-01,1
39,2023-02,1
39,2023-03,1
39,2023-04,1
39,2023-05,1
39,2023-06,1
39,2023-07,1
39,2023-08,1
39,2023-09,1
39,2023-10,1
39,2023-11,1
39,2023-12,1
39,2024-01,1
39,2024-02,1
39,2024-03,1
39,2024-04,1
39,2024-05,1
39,2024-06,1
39,2024-07,1
39,2024-08,1
39,2024-09,1
39,2024-10,1
39,2024-11,1
39,2024-12,1
40,2023-01,2
40,2023-02,2
40,2023-03,2
40,2023-04,2
40,2023-05,2
40,2023-06,2
40,2023-07,2
40,2023-08,2
40,2023-09,2
40,2023-10,2
40,2023-11,2
40,2023-12,2
40,2024-01,2
40,2024-02,2
40,2024-03,2
40,2024-04,2
40,2024-05,2
40,2024-06,2
40,2024-07,2
40,2024-08,2
40,2024-09,2
40,2024-10,2
40,2024-11,2
40,2024-12,2
41,2023-01,1
41,2023-02,1
41,2023-03,1
41,2023-04,1
41,2023-05,1
41,2023-06,1
41,2023-07,1
41,2023-08,1
41,2023-09,1
41,2023-10,1
41,2023-11,1
41,2023-12,1
41,2024-01,1
41,2024-02,1
41,2024-03,1
41,2024-04,1
41,2024-05,1
41,2024-06,1
41,2024-07,1
41,2024-08,1
41,2024-09,1
41,2024-10,1
41,2024-11,1
41,2024-12,1
42,2023-01,2
42,2023-02,2
42,2023-03,2
42,2023-04,2
42,2023-05,2
42,2023-06,2
42,2023-07,2
42,2023-08,2
42,2023-09,2
42,2023-10,2
42,2023-11,2
42,2023-12,2
42,2024-01,2
42,2024-02,2
42,2024-03,2
42,2024-04,2
42,2024-05,2
42,2024-06,2
42,2024-07,2
42,2024-08,2
42,2024-09,2
42,2024-10,2
42,2024-11,2
42,2024-12,2
43,2023-01,1
43,2023-02,1
43,2023-03,1
43,2023-04,1
43,2023-05,1
43,2023-06,1
43,2023-07,1
43,2023-08,1
43,2023-09,1
43,2023-10,1
43,2023-11,1
43,2023-12,1
43,2024-01,1
43,2024-02,1
43,2024-03,1
43,2024-04,1
43,2024-05,1
43,2024-06,1
43,2024-07,1
43,2024-08,1
43,2024-09,1
43,2024-10,1
43,2024-11,1
43,2024-12,1
44,2023-01,2
44,2023-02,2
44,2023-03,2
44,2023-04,2
44,2023-05,2
44,2023-06,2
44,2023-07,2
44,2023-08,2
44,2023-09,2
44,2023-10,2
44,2023-11,2
44,2023-12,2
44,2024-01,2
44,2024-02,2
44,2024-03,2
44,2024-04,2
44,2024-05,2
44,2024-06,2
44,2024-07,2
44,2024-08,2
44,2024-09,2
44,2024-10,2
44,2024-11,2
44,2024-12,2
45,2023-01,1
45,2023-02,1
45,2023-03,1
45,2023-04,1
45,2023-05,1
45,2023-06,1
45,2023-07,1
45,2023-08,1
45,2023-09,1
45,2023-10,1
45,2023-11,1
45,2023-12,1
45,2024-01,1
45,2024-02,1
45,2024-03,1
45,2024-04,1
45,2024-05,1
45,2024-06,1
45,2024-07,1
45,2024-08,1
45,2024-09,1
45,2024-10,1
45,2024-11,1
45,2024-12,1
46,2023-01,1
46,2023-02,1
46,2023-03,1
46,2023-04,1
46,2023-05,1
46,2023-06,1
46,2023-07,1
46,2023-08,1
46,2023-09,1
46,2023-10,1
46,2023-11,1
46,2023-12,1
46,2024-01,1
46,2024-02,1
46,2024-03,1
46,2024-04,1
46,2024-05,1
46,2024-06,1
46,2024-07,1
46,2024-08,1
46,2024-09,1
46,2024-10,1
46,2024-11,1
46,2024-12,1
47,2023-01,1
47,2023-02,1
47,2023-03,1
47,2023-04,1
47,2023-05,1
47,2023-06,1
47,2023-07,1
47,2023-08,1
47,2023-09,1
47,2023-10,1
47,2023-11,1
47,2023-12,1
47,2024-01,2
47,2024-02,1
47,2024-03,2
47,2024-04,2
47,2024-05,1
47,2024-06,1
47,2024-07,1
47,2024-08,1
47,2024-09,1
47,2024-10,1
47,2024-11,1
47,2024-12,1
48,2023-01,1
48,2023-02,1
48,2023-03,1
48,2023-04,1
48,2023-05,1
48,2023-06,1
48,2023-07,1
48,2023-08,1
48,2023-09,1
48,2023-10,1
48,2023-11,1
48,2023-12,1
48,2024-01,1
48,2024-02,1
48,2024-03,1
48,2024-04,1
48,2024-05,1
48,2024-06,1
48,2024-07,1
48,2024-08,1
48,2024-09,1
48,2024-10,1
48,2024-11,1
48,2024-12,1
49,2023-01,2
49,2023-02,2
49,2023-03,2
49,2023-04,2
49,2023-05,2
49,2023-06,2
49,2023-07,2
49,2023-08,2
49,2023-09,2
49,2023-10,2
49,2023-11,2
49,2023-12,2
49,2024-01,2
49,2024-02,2
49,2024-03,2
49,2024-04,2
49,2024-05,2
49,2024-06,2
49,2024-07,1
49,2024-08,1
49,2024-09,2
49,2024-10,2
49,2024-11,2
49,2024-12,2
50,2023-01,2
50,2023-02,2
50,2023-03,2
50,2023-04,2
50,2023-05,2
50,2023-06,1
50,2023-07,1
50,2023-08,2
50,2023-09,1
50,2023-10,2
50,2023-11,2
50,2023-12,1
50,2024-01,2
50,2024-02,1
50,2024-03,1
50,2024-04,1
50,2024-05,1
50,2024-06,1
50,2024-07,1
50,2024-08,1
50,2024-09,1
50,2024-10,1
50,2024-11,1
50,2024-12,1
51,2023-01,2
51,2023-02,2
51,2023-03,2
51,2023-04,2
51,2023-05,2
51,2023-06,2
51,2023-07,2
51,2023-08,2
51,2023-09,2
51,2023-10,2
51,2023-11,2
51,2023-12,2
51,2024-01,2
51,2024-02,2
51,2024-03,2
51,2024-04,2
51,2024-05,2
51,2024-06,2
51,2024-07,2
51,2024-08,2
51,2024-09,2
51,2024-10,2
51,2024-11,2
51,2024-12,2
52,2023-01,1
52,2023-02,1
52,2023-03,1
52,2023-04,1
52,2023-05,1
52,2023-06,1
52,2023-07,1
52,2023-08,1
52,2023-09,1
52,2023-10,1
52,2023-11,1
52,2023-12,1
52,2024-01,1
52,2024-02,1
52,2024-03,1
52,2024-04,1
52,2024-05,1
52,2024-06,1
52,2024-07,1
52,2024-08,1
52,2024-09,1
52,2024-10,1
52,2024-11,1
52,2024-12,1
53,2023-01,1
53,2023-02,1
53,2023-03,1
53,2023-04,1
53,2023-05,1
53,2023-06,1
53,2023-07,1
53,2023-08,1
53,2023-09,1
53,2023-10,1
53,2023-11,1
53,2023-12,1
53,2024-01,1
53,2024-02,1
53,2024-03,1
53,2024-04,1
53,2024-05,1
53,2024-06,1
53,2024-07,1
53,2024-08,1
53,2024-09,1
53,2024-10,1
53,2024-11,1
53,2024-12,1
54,2023-01,1
54,2023-02,1
54,2023-03,1
54,2023-04,1
54,2023-05,1
54,2023-06,1
54,2023-07,1
54,2023-08,1
54,2023-09,1
54,2023-10,1
54,2023-11,1
54,2023-12,1
54,2024-01,1
54,2024-02,1
54,2024-03,1
54,2024-04,2
54,2024-05,1
54,2024-06,1
54,2024-07,1
54,2024-08,1
54,2024-09,1
54,2024-10,1
54,2024-11,1
54,2024-12,1
55,2023-01,2
55,2023-02,2
55,2023-03,2
55,2023-04,2
55,2023-05,2
55,2023-06,2
55,2023-07,2
55,2023-08,2
55,2023-09,2
55,2023-10,2
55,2023-11,2
55,2023-12,2
55,2024-01,2
55,2024-02,2
55,2024-03,2
55,2024-04,2
55,2024-05,2
55,2024-06,2
55,2024-07,2
55,2024-08,2
55,2024-09,2
55,2024-10,2
55,2024-11,2
55,2024-12,2
56,2023-01,1
56,2023-02,1
56,2023-03,1
56,2023-04,1
56,2023-05,1
56,2023-06,1
56,2023-07,1
56,2023-08,1
56,2023-09,1
56,2023-10,1
56,2023-11,1
56,2023-12,1
56,2024-01,1
56,2024-02,1
56,2024-03,1
56,2024-04,1
56,2024-05,1
56,2024-06,1
56,2024-07,1
56,2024-08,1
56,2024-09,1
56,2024-10,1
56,2024-11,1
56,2024-12,1
57,2023-01,2
57,2023-02,2
57,2023-03,2
57,2023-04,2
57,2023-05,2
57,2023-06,2
57,2023-07,2
57,2023-08,2
57,2023-09,2
57,2023-10,2
57,2023-11,2
57,2023-12,2
57,2024-01,2
57,2024-02,2
57,2024-03,2
57,2024-04,2
57,2024-05,2
57,2024-06,2
57,2024-07,2
57,2024-08,2
57,2024-09,2
57,2024-10,2
57,2024-11,2
57,2024-12,2
58,2023-01,1
58,2023-02,1
58,2023-03,1
58,2023-04,1
58,2023-05,1
58,2023-06,1
58,2023-07,1
58,2023-08,1
58,2023-09,1
58,2023-10,1
58,2023-11,1
58,2023-12,1
58,2024-01,1
58,2024-02,1
58,2024-03,1
58,2024-04,1
58,2024-05,1
58,2024-06,1
58,2024-07,1
58,2024-08,1
58,2024-09,1
58,2024-10,1
58,2024-11,1
58,2024-12,1
59,2023-01,1
59,2023-02,1
59,2023-03,1
59,2023-04,1
59,2023-05,1
59,2023-06,1
59,2023-07,1
59,2023-08,1
59,2023-09,1
59,2023-10,1
59,2023-11,1
59,2023-12,1
59,2024-01,1
59,2024-02,1
59,2024-03,1
59,2024-04,1
59,2024-05,1
59,2024-06,1
59,2024-07,1
59,2024-08,1
59,2024-09,1
59,2024-10,1
59,2024-11,1
59,2024-12,1
60,2023-01,2
60,2023-02,2
60,2023-03,1
60,2023-04,1
60,2023-05,1
60,2023-06,1
60,2023-07,1
60,2023-08,1
60,2023-09,1
60,2023-10,1
60,2023-11,1
60,2023-12,1
60,2024-01,1
60,2024-02,1
60,2024-03,1
60,2024-04,1
60,2024-05,1
60,2024-06,1
60,2024-07,1
60,2024-08,1
60,2024-09,1
60,2024-10,1
60,2024-11,1
60,2024-12,1
61,2023-01,1
61,2023-02,1
61,2023-03,1
61,2023-04,1
61,2023-05,1
61,2023-06,1
61,2023-07,1
61,2023-08,1
61,2023-09,1
61,2023-10,1
61,2023-11,1
61,2023-12,1
61,2024-01,1
61,2024-02,1
61,2024-03,1
61,2024-04,1
61,2024-05,1
61,2024-06,1
61,2024-07,1
61,2024-08,1
61,2024-09,1
61,2024-10,1
61,2024-11,1
61,2024-12,1
62,2023-01,2
62,2023-02,1
62,2023-03,1
62,2023-04,1
62,2023-05,1
62,2023-06,1
62,2023-07,1
62,2023-08,1
62,2023-09,1
62,2023-10,2
62,2023-11,2
62,2023-12,1
62,2024-01,1
62,2024-02,1
62,2024-03,1
62,2024-04,1
62,2024-05,1
62,2024-06,1
62,2024-07,1
62,2024-08,1
62,2024-09,1
62,2024-10,1
62,2024-11,1
62,2024-12,1
63,2023-01,1
63,2023-02,1
63,2023-03,1
63,2023-04,1
63,2023-05,1
63,2023-06,1
63,2023-07,1
63,2023-08,1
63,2023-09,1
63,2023-10,1
63,2023-11,1
63,2023-12,1
63,2024-01,1
63,2024-02,1
63,2024-03,1
63,2024-04,1
63,2024-05,1
63,2024-06,1
63,2024-07,1
63,2024-08,1
63,2024-09,1
63,2024-10,1
63,2024-11,1
63,2024-12,1
65,2023-01,1
65,2023-02,1
65,2023-03,1
65,2023-04,1
65,2023-05,1
65,2023-06,1
65,2023-07,1
65,2023-08,1
65,2023-09,1
65,2023-10,1
65,2023-11,1
65,2023-12,1
65,2024-01,1
65,2024-02,1
65,2024-03,1
65,2024-04,1
65,2024-05,1
65,2024-06,1
65,2024-07,1
65,2024-08,1
65,2024-09,1
65,2024-10,1
65,2024-11,1
65,2024-12,1
66,2023-01,2
66,2023-02,2
66,2023-03,2
66,2023-04,2
66,2023-05,2
66,2023-06,2
66,2023-07,2
66,2023-08,2
66,2023-09,2
66,2023-10,2
66,2023-11,2
66,2023-12,2
66,2024-01,2
66,2024-02,2
66,2024-03,2
66,2024-04,2
66,2024-05,2
66,2024-06,2
66,2024-07,2
66,2024-08,2
66,2024-09,2
66,2024-10,2
66,2024-11,2
66,2024-12,2
67,2023-01,1
67,2023-02,1
67,2023-03,1
67,2023-04,1
67,2023-05,1
67,2023-06,1
67,2023-07,1
67,2023-08,1
67,2023-09,1
67,2023-10,1
67,2023-11,1
67,2023-12,1
67,2024-01,1
67,2024-02,1
67,2024-03,1
67,2024-04,1
67,2024-05,1
67,2024-06,1
67,2024-07,1
67,2024-08,1
67,2024-09,1
67,2024-10,1
67,2024-11,1
67,2024-12,1
68,2023-01,1
68,2023-02,1
68,2023-03,1
68,2023-04,1
68,2023-05,1
68,2023-06,1
68,2023-07,1
68,2023-08,1
68,2023-09,1
68,2023-10,1
68,2023-11,1
68,2023-12,1
68,2024-01,1
68,2024-02,1
68,2024-03,1
68,2024-04,1
68,2024-05,1
68,2024-06,1
68,2024-07,1
68,2024-08,1
68,2024-09,1
68,2024-10,1
68,2024-11,1
68,2024-12,1
69,2023-01,1
69,2023-02,1
69,2023-03,1
69,2023-04,1
69,2023-05,1
69,2023-06,1
69,2023-07,1
69,2023-08,1
69,2023-09,1
69,2023-10,1
69,2023-11,1
69,2023-12,1
69,2024-01,1
69,2024-02,1
69,2024-03,1
69,2024-04,1
69,2024-05,1
69,2024-06,1
69,2024-07,1
69,2024-08,1
69,2024-09,1
69,2024-10,1
69,2024-11,1
69,2024-12,1
70,2023-01,1
70,2023-02,1
70,2023-03,1
70,2023-04,1
70,2023-05,1
70,2023-06,1
70,2023-07,1
70,2023-08,1
70,2023-09,1
70,2023-10,1
70,2023-11,1
70,2023-12,1
70,2024-01,1
70,2024-02,1
70,2024-03,1
70,2024-04,1
70,2024-05,1
70,2024-06,1
70,2024-07,1
70,2024-08,1
70,2024-09,1
70,2024-10,1
70,2024-11,1
70,2024-12,1
71,2023-01,1
71,2023-02,1
71,2023-03,1
71,2023-04,1
71,2023-05,1
71,2023-06,1
71,2023-07,1
71,2023-08,1
71,2023-09,1
71,2023-10,1
71,2023-11,1
71,2023-12,1
71,2024-01,1
71,2024-02,1
71,2024-03,1
71,2024-04,1
71,2024-05,1
71,2024-06,1
71,2024-07,1
71,2024-08,1
71,2024-09,1
71,2024-10,1
71,2024-11,1
71,2024-12,1
72,2023-01,1
72,2023-02,1
72,2023-03,1
72,2023-04,1
72,2023-05,1
72,2023-06,1
72,2023-07,1
72,2023-08,1
72,2023-09,1
72,2023-10,1
72,2023-11,1
72,2023-12,1
72,2024-01,1
72,2024-02,1
72,2024-03,1
72,2024-04,1
72,2024-05,1
72,2024-06,1
72,2024-07,1
72,2024-08,1
72,2024-09,1
72,2024-10,1
72,2024-11,1
72,2024-12,1
73,2023-01,2
73,2023-02,2
73,2023-03,2
73,2023-04,2
73,2023-05,2
73,2023-06,2
73,2023-07,2
73,2023-08,2
73,2023-09,2
73,2023-10,4
73,2023-11,4
73,2023-12,2
73,2024-01,4
73,2024-02,2
73,2024-03,2
73,2024-04,4
73,2024-05,4
73,2024-06,4
73,2024-07,4
73,2024-08,2
73,2024-09,4
73,2024-10,2
73,2024-11,2
73,2024-12,2
74,2023-01,1
74,2023-02,1
74,2023-03,1
74,2023-04,1
74,2023-05,1
74,2023-06,1
74,2023-07,1
74,2023-08,1
74,2023-09,1
74,2023-10,1
74,2023-11,1
74,2023-12,1
74,2024-01,1
74,2024-02,1
74,2024-03,1
74,2024-04,1
74,2024-05,1
74,2024-06,1
74,2024-07,1
74,2024-08,1
74,2024-09,1
74,2024-10,1
74,2024-11,1
74,2024-12,1
75,2023-01,2
75,2023-02,2
75,2023-03,2
75,2023-04,2
75,2023-05,2
75,2023-06,2
75,2023-07,2
75,2023-08,2
75,2023-09,2
75,2023-10,2
75,2023-11,2
75,2023-12,2
75,2024-01,2
75,2024-02,2
75,2024-03,2
75,2024-04,2
75,2024-05,2
75,2024-06,2
75,2024-07,2
75,2024-08,2
75,2024-09,2
75,2024-10,2
75,2024-11,2
75,2024-12,2
76,2023-01,2
76,2023-02,2
76,2023-03,2
76,2023-04,4
76,2023-05,4
76,2023-06,4
76,2023-07,4
76,2023-08,4
76,2023-09,4
76,2023-10,4
76,2023-11,4
76,2023-12,4
76,2024-01,4
76,2024-02,4
76,2024-03,4
76,2024-04,4
76,2024-05,4
76,2024-06,4
76,2024-07,4
76,2024-08,4
76,2024-09,4
76,2024-10,4
76,2024-11,4
76,2024-12,4
77,2023-01,2
77,2023-02,2
77,2023-03,2
77,2023-04,2
77,2023-05,2
77,2023-06,2
77,2023-07,2
77,2023-08,2
77,2023-09,2
77,2023-10,2
77,2023-11,2
77,2023-12,2
77,2024-01,2
77,2024-02,2
77,2024-03,2
77,2024-04,2
77,2024-05,2
77,2024-06,2
77,2024-07,2
77,2024-08,2
77,2024-09,2
77,2024-10,2
77,2024-11,2
77,2024-12,2
78,2023-01,1
78,2023-02,1
78,2023-03,1
78,2023-04,1
78,2023-05,1
78,2023-06,1
78,2023-07,1
78,2023-08,1
78,2023-09,1
78,2023-10,1
78,2023-11,1
78,2023-12,1
78,2024-01,1
78,2024-02,1
78,2024-03,1
78,2024-04,1
78,2024-05,1
78,2024-06,1
78,2024-07,1
78,2024-08,1
78,2024-09,1
78,2024-10,1
78,2024-11,1
78,2024-12,1
79,2023-01,1
79,2023-02,1
79,2023-03,1
79,2023-04,1
79,2023-05,1
79,2023-06,1
79,2023-07,1
79,2023-08,1
79,2023-09,1
79,2023-10,1
79,2023-11,1
79,2023-12,1
79,2024-01,2
79,2024-02,1
79,2024-03,2
79,2024-04,2
79,2024-05,2
79,2024-06,1
79,2024-07,1
79,2024-08,1
79,2024-09,2
79,2024-10,2
79,2024-11,2
79,2024-12,1
80,2023-01,1
80,2023-02,1
80,2023-03,1
80,2023-04,1
80,2023-05,1
80,2023-06,1
80,2023-07,1
80,2023-08,1
80,2023-09,1
80,2023-10,1
80,2023-11,1
80,2023-12,1
80,2024-01,1
80,2024-02,1
80,2024-03,1
80,2024-04,1
80,2024-05,1
80,2024-06,1
80,2024-07,1
80,2024-08,1
80,2024-09,1
80,2024-10,1
80,2024-11,1
80,2024-12,1
81,2023-01,2
81,2023-02,2
81,2023-03,2
81,2023-04,2
81,2023-05,2
81,2023-06,2
81,2023-07,2
81,2023-08,2
81,2023-09,2
81,2023-10,2
81,2023-11,2
81,2023-12,2
81,2024-01,2
81,2024-02,2
81,2024-03,2
81,2024-04,2
81,2024-05,2
81,2024-06,2
81,2024-07,2
81,2024-08,2
81,2024-09,2
81,2024-10,2
81,2024-11,2
81,2024-12,2
82,2023-01,1
82,2023-02,1
82,2023-03,1
82,2023-04,1
82,2023-05,1
82,2023-06,1
82,2023-07,1
82,2023-08,1
82,2023-09,1
82,2023-10,1
82,2023-11,1
82,2023-12,1
82,2024-01,1
82,2024-02,1
82,2024-03,1
82,2024-04,1
82,2024-05,1
82,2024-06,1
82,2024-07,1
82,2024-08,1
82,2024-09,1
82,2024-10,1
82,2024-11,1
82,2024-12,1
83,2023-01,2
83,2023-02,2
83,2023-03,2
83,2023-04,2
83,2023-05,2
83,2023-06,2
83,2023-07,2
83,2023-08,2
83,2023-09,2
83,2023-10,2
83,2023-11,2
83,2023-12,2
83,2024-01,2
83,2024-02,2
83,2024-03,2
83,2024-04,2
83,2024-05,2
83,2024-06,2
83,2024-07,2
83,2024-08,2
83,2024-09,2
83,2024-10,2
83,2024-11,2
83,2024-12,2
167,2023-01,4
167,2023-02,4
167,2023-03,4
167,2023-04,4
167,2023-05,4
167,2023-06,4
167,2023-07,4
167,2023-08,4
167,2023-09,4
167,2023-10,4
167,2023-11,4
167,2023-12,4
167,2024-01,4
167,2024-02,4
167,2024-03,4
167,2024-04,4
167,2024-05,4
167,2024-06,4
167,2024-07,4
167,2024-08,4
167,2024-09,4
167,2024-10,4
167,2024-11,4
167,2024-12,4
168,2023-01,4
168,2023-02,4
168,2023-03,4
168,2023-04,2
168,2023-05,4
168,2023-06,4
168,2023-07,4
168,2023-08,4
168,2023-09,4
168,2023-10,4
168,2023-11,2
168,2023-12,4
168,2024-01,4
168,2024-02,4
168,2024-03,2
168,2024-04,4
168,2024-05,4
168,2024-06,4
168,2024-07,4
168,2024-08,4
168,2024-09,4
168,2024-10,2
168,2024-11,2
168,2024-12,2
169,2023-01,2
169,2023-02,2
169,2023-03,2
169,2023-04,2
169,2023-05,2
169,2023-06,2
169,2023-07,2
169,2023-08,2
169,2023-09,2
169,2023-10,2
169,2023-11,2
169,2023-12,2
169,2024-01,2
169,2024-02,2
169,2024-03,2
169,2024-04,2
169,2024-05,2
169,2024-06,2
169,2024-07,2
169,2024-08,2
169,2024-09,2
169,2024-10,2
169,2024-11,2
169,2024-12,2
173,2023-01,1
173,2023-02,1
173,2023-03,1
173,2023-04,1
173,2023-05,1
173,2023-06,2
173,2023-07,2
173,2023-08,2
173,2023-09,2
173,2023-10,1
173,2023-11,1
173,2023-12,2
173,2024-01,1
173,2024-02,1
173,2024-03,1
173,2024-04,1
173,2024-05,1
173,2024-06,2
173,2024-07,2
173,2024-08,2
173,2024-09,1
173,2024-10,1
173,2024-11,1
173,2024-12,1
181,2023-01,1
181,2023-02,1
181,2023-03,1
181,2023-04,1
181,2023-05,1
181,2023-06,1
181,2023-07,1
181,2023-08,1
181,2023-09,1
181,2023-10,1
181,2023-11,1
181,2023-12,1
181,2024-01,1
181,2024-02,1
181,2024-03,1
181,2024-04,1
181,2024-05,1
181,2024-06,1
181,2024-07,1
181,2024-08,1
181,2024-09,1
181,2024-10,1
181,2024-11,1
181,2024-12,1
184,2023-01,1
184,2023-02,1
184,2023-03,1
184,2023-04,1
184,2023-05,1
184,2023-06,1
184,2023-07,1
184,2023-08,1
184,2023-09,1
184,2023-10,1
184,2023-11,1
184,2023-12,1
184,2024-01,1
184,2024-02,1
184,2024-03,1
184,2024-04,1
184,2024-05,1
184,2024-06,1
184,2024-07,1
184,2024-08,1
184,2024-09,1
184,2024-10,1
184,2024-11,1
184,2024-12,1
185,2023-01,1
185,2023-02,1
185,2023-03,1
185,2023-04,1
185,2023-05,1
185,2023-06,1
185,2023-07,1
185,2023-08,1
185,2023-09,1
185,2023-10,1
185,2023-11,1
185,2023-12,1
185,2024-01,1
185,2024-02,1
185,2024-03,1
185,2024-04,1
185,2024-05,1
185,2024-06,1
185,2024-07,1
185,2024-08,1
185,2024-09,1
185,2024-10,1
185,2024-11,1
185,2024-12,1
188,2023-01,1
188,2023-02,1
188,2023-03,1
188,2023-04,1
188,2023-05,1
188,2023-06,1
188,2023-07,1
188,2023-08,1
188,2023-09,1
188,2023-10,1
188,2023-11,1
188,2023-12,1
188,2024-01,1
188,2024-02,1
188,2024-03,1
188,2024-04,1
188,2024-05,1
188,2024-06,1
188,2024-07,1
188,2024-08,1
188,2024-09,1
188,2024-10,1
188,2024-11,1
188,2024-12,1
191,2023-01,1
191,2023-02,1
191,2023-03,1
191,2023-04,1
191,2023-05,1
191,2023-06,1
191,2023-07,1
191,2023-08,1
191,2023-09,1
191,2023-10,1
191,2023-11,1
191,2023-12,1
191,2024-01,1
191,2024-02,1
191,2024-03,1
191,2024-04,1
191,2024-05,1
191,2024-06,1
191,2024-07,1
191,2024-08,1
191,2024-09,1
191,2024-10,1
191,2024-11,1
191,2024-12,1
194,2023-01,4
194,2023-02,2
194,2023-03,2
194,2023-04,2
194,2023-05,4
194,2023-06,4
194,2023-07,4
194,2023-08,4
194,2023-09,4
194,2023-10,4
194,2023-11,2
194,2023-12,4
194,2024-01,4
194,2024-02,4
194,2024-03,2
194,2024-04,2
194,2024-05,4
194,2024-06,4
194,2024-07,4
194,2024-08,4
194,2024-09,2
194,2024-10,2
194,2024-11,2
194,2024-12,2
195,2023-01,2
195,2023-02,2
195,2023-03,2
195,2023-04,2
195,2023-05,2
195,2023-06,2
195,2023-07,2
195,2023-08,2
195,2023-09,2
195,2023-10,2
195,2023-11,2
195,2023-12,2
195,2024-01,2
195,2024-02,2
195,2024-03,2
195,2024-04,2
195,2024-05,2
195,2024-06,2
195,2024-07,2
195,2024-08,2
195,2024-09,2
195,2024-10,2
195,2024-11,2
195,2024-12,2
196,2023-01,2
196,2023-02,2
196,2023-03,2
196,2023-04,2
196,2023-05,2
196,2023-06,2
196,2023-07,2
196,2023-08,2
196,2023-09,4
196,2023-10,2
196,2023-11,2
196,2023-12,4
196,2024-01,4
196,2024-02,4
196,2024-03,2
196,2024-04,2
196,2024-05,2
196,2024-06,2
196,2024-07,2
196,2024-08,2
196,2024-09,2
196,2024-10,2
196,2024-11,2
196,2024-12,2
198,2023-01,2
198,2023-02,2
198,2023-03,1
198,2023-04,1
198,2023-05,2
198,2023-06,2
198,2023-07,2
198,2023-08,2
198,2023-09,2
198,2023-10,1
198,2023-11,1
198,2023-12,1
198,2024-01,2
198,2024-02,2
198,2024-03,1
198,2024-04,2
198,2024-05,2
198,2024-06,1
198,2024-07,2
198,2024-08,2
198,2024-09,1
198,2024-10,1
198,2024-11,2
198,2024-12,2
201,2023-01,2
201,2023-02,2
201,2023-03,2
201,2023-04,2
201,2023-05,2
201,2023-06,2
201,2023-07,2
201,2023-08,2
201,2023-09,2
201,2023-10,2
201,2023-11,2
201,2023-12,2
201,2024-01,4
201,2024-02,2
201,2024-03,2
201,2024-04,2
201,2024-05,2
201,2024-06,2
201,2024-07,2
201,2024-08,2
201,2024-09,2
201,2024-10,2
201,2024-11,2
201,2024-12,2
203,2023-01,1
203,2023-02,1
203,2023-03,1
203,2023-04,1
203,2023-05,1
203,2023-06,1
203,2023-07,1
203,2023-08,1
203,2023-09,1
203,2023-10,1
203,2023-11,1
203,2023-12,1
203,2024-01,1
203,2024-02,1
203,2024-03,1
203,2024-04,1
203,2024-05,1
203,2024-06,1
203,2024-07,1
203,2024-08,1
203,2024-09,1
203,2024-10,1
203,2024-11,1
203,2024-12,1
204,2023-01,2
204,2023-02,2
204,2023-03,2
204,2023-04,2
204,2023-05,2
204,2023-06,2
204,2023-07,2
204,2023-08,2
204,2023-09,2
204,2023-10,2
204,2023-11,2
204,2023-12,2
204,2024-01,2
204,2024-02,2
204,2024-03,2
204,2024-04,2
204,2024-05,2
204,2024-06,2
204,2024-07,2
204,2024-08,2
204,2024-09,2
204,2024-10,2
204,2024-11,2
204,2024-12,2
205,2023-01,2
205,2023-02,2
205,2023-03,1
205,2023-04,2
205,2023-05,2
205,2023-06,2
205,2023-07,2
205,2023-08,2
205,2023-09,2
205,2023-10,2
205,2023-11,2
205,2023-12,2
205,2024-01,4
205,2024-02,2
205,2024-03,2
205,2024-04,2
205,2024-05,2
205,2024-06,2
205,2024-07,2
205,2024-08,2
205,2024-09,2
205,2024-10,2
205,2024-11,2
205,2024-12,2
206,2023-01,2
206,2023-02,2
206,2023-03,2
206,2023-04,2
206,2023-05,2
206,2023-06,2
206,2023-07,2
206,2023-08,2
206,2023-09,2
206,2023-10,2
206,2023-11,2
206,2023-12,2
206,2024-01,2
206,2024-02,2
206,2024-03,2
206,2024-04,2
206,2024-05,2
206,2024-06,2
206,2024-07,2
206,2024-08,2
206,2024-09,2
206,2024-10,2
206,2024-11,2
206,2024-12,2
207,2023-01,2
207,2023-02,2
207,2023-03,2
207,2023-04,2
207,2023-05,2
207,2023-06,2
207,2023-07,2
207,2023-08,2
207,2023-09,2
207,2023-10,2
207,2023-11,2
207,2023-12,2
207,2024-01,2
207,2024-02,2
207,2024-03,2
207,2024-04,2
207,2024-05,2
207,2024-06,2
207,2024-07,2
207,2024-08,2
207,2024-09,2
207,2024-10,2
207,2024-11,2
207,2024-12,2
208,2023-01,1
208,2023-02,1
208,2023-03,1
208,2023-04,1
208,2023-05,1
208,2023-06,1
208,2023-07,1
208,2023-08,1
208,2023-09,1
208,2023-10,1
208,2023-11,1
208,2023-12,1
208,2024-01,1
208,2024-02,3
208,2024-03,3
208,2024-04,1
208,2024-05,1
208,2024-06,1
208,2024-07,1
208,2024-08,1
208,2024-09,1
208,2024-10,1
208,2024-11,1
208,2024-12,1
209,2023-01,1
209,2023-02,1
209,2023-03,1
209,2023-04,1
209,2023-05,1
209,2023-06,3
209,2023-07,1
209,2023-08,3
209,2023-09,3
209,2023-10,3
209,2023-11,1
209,2023-12,1
209,2024-01,3
209,2024-02,3
209,2024-03,3
209,2024-04,1
209,2024-05,1
209,2024-06,1
209,2024-07,3
209,2024-08,1
209,2024-09,1
209,2024-10,1
209,2024-11,1
209,2024-12,1
210,2023-01,1
210,2023-02,1
210,2023-03,1
210,2023-04,1
210,2023-05,1
210,2023-06,1
210,2023-07,1
210,2023-08,1
210,2023-09,1
210,2023-10,1
210,2023-11,1
210,2023-12,1
210,2024-01,3
210,2024-02,1
210,2024-03,1
210,2024-04,1
210,2024-05,1
210,2024-06,1
210,2024-07,1
210,2024-08,1
210,2024-09,1
210,2024-10,1
210,2024-11,1
210,2024-12,1
211,2023-01,2
211,2023-02,2
211,2023-03,2
211,2023-04,2
211,2023-05,2
211,2023-06,2
211,2023-07,2
211,2023-08,2
211,2023-09,2
211,2023-10,2
211,2023-11,2
211,2023-12,2
211,2024-01,2
211,2024-02,2
211,2024-03,2
211,2024-04,2
211,2024-05,2
211,2024-06,2
211,2024-07,2
211,2024-08,2
211,2024-09,2
211,2024-10,2
211,2024-11,2
211,2024-12,2
212,2023-01,1
212,2023-02,1
212,2023-03,1
212,2023-04,1
212,2023-05,1
212,2023-06,1
212,2023-07,1
212,2023-08,1
212,2023-09,1
212,2023-10,1
212,2023-11,1
212,2023-12,1
212,2024-01,1
212,2024-02,1
212,2024-03,1
212,2024-04,1
212,2024-05,1
212,2024-06,1
212,2024-07,1
212,2024-08,1
212,2024-09,1
212,2024-10,1
212,2024-11,1
212,2024-12,1
213,2023-01,1
213,2023-02,1
213,2023-03,1
213,2023-04,1
213,2023-05,1
213,2023-06,1
213,2023-07,1
213,2023-08,1
213,2023-09,1
213,2023-10,1
213,2023-11,1
213,2023-12,1
213,2024-01,1
213,2024-02,3
213,2024-03,1
213,2024-04,1
213,2024-05,1
213,2024-06,1
213,2024-07,1
213,2024-08,1
213,2024-09,1
213,2024-10,1
213,2024-11,1
213,2024-12,1
214,2023-01,1
214,2023-02,1
214,2023-03,1
214,2023-04,2
214,2023-05,2
214,2023-06,1
214,2023-07,1
214,2023-08,1
214,2023-09,1
214,2023-10,1
214,2023-11,1
214,2023-12,1
214,2024-01,1
214,2024-02,1
214,2024-03,1
214,2024-04,1
214,2024-05,1
214,2024-06,2
214,2024-07,1
214,2024-08,1
214,2024-09,1
214,2024-10,1
214,2024-11,1
214,2024-12,1
215,2023-01,1
215,2023-02,1
215,2023-03,1
215,2023-04,1
215,2023-05,1
215,2023-06,1
215,2023-07,1
215,2023-08,1
215,2023-09,1
215,2023-10,1
215,2023-11,1
215,2023-12,1
215,2024-01,1
215,2024-02,1
215,2024-03,1
215,2024-04,1
215,2024-05,1
215,2024-06,1
215,2024-07,1
215,2024-08,1
215,2024-09,1
215,2024-10,1
215,2024-11,1
215,2024-12,1
216,2023-01,1
216,2023-02,1
216,2023-03,1
216,2023-04,1
216,2023-05,1
216,2023-06,1
216,2023-07,1
216,2023-08,1
216,2023-09,1
216,2023-10,1
216,2023-11,1
216,2023-12,1
216,2024-01,1
216,2024-02,1
216,2024-03,1
216,2024-04,1
216,2024-05,1
216,2024-06,1
216,2024-07,1
216,2024-08,1
216,2024-09,1
216,2024-10,1
216,2024-11,1
216,2024-12,1
217,2023-01,1
217,2023-02,1
217,2023-03,1
217,2023-04,1
217,2023-05,1
217,2023-06,1
217,2023-07,1
217,2023-08,1
217,2023-09,1
217,2023-10,1
217,2023-11,1
217,2023-12,1
217,2024-01,1
217,2024-02,1
217,2024-03,1
217,2024-04,1
217,2024-05,1
217,2024-06,1
217,2024-07,1
217,2024-08,1
217,2024-09,1
217,2024-10,1
217,2024-11,1
217,2024-12,1
218,2023-01,2
218,2023-02,2
218,2023-03,2
218,2023-04,2
218,2023-05,2
218,2023-06,2
218,2023-07,2
218,2023-08,2
218,2023-09,2
218,2023-10,2
218,2023-11,2
218,2023-12,2
218,2024-01,2
218,2024-02,2
218,2024-03,2
218,2024-04,2
218,2024-05,2
218,2024-06,2
218,2024-07,2
218,2024-08,2
218,2024-09,2
218,2024-10,1
218,2024-11,2
218,2024-12,2
219,2023-01,1
219,2023-02,1
219,2023-03,1
219,2023-04,1
219,2023-05,1
219,2023-06,1
219,2023-07,1
219,2023-08,1
219,2023-09,1
219,2023-10,1
219,2023-11,1
219,2023-12,1
219,2024-01,1
219,2024-02,1
219,2024-03,1
219,2024-04,1
219,2024-05,1
219,2024-06,1
219,2024-07,1
219,2024-08,1
219,2024-09,1
219,2024-10,1
219,2024-11,1
219,2024-12,1
220,2023-01,1
220,2023-02,1
220,2023-03,1
220,2023-04,1
220,2023-05,1
220,2023-06,1
220,2023-07,1
220,2023-08,1
220,2023-09,1
220,2023-10,1
220,2023-11,1
220,2023-12,1
220,2024-01,1
220,2024-02,1
220,2024-03,1
220,2024-04,1
220,2024-05,1
220,2024-06,1
220,2024-07,1
220,2024-08,1
220,2024-09,1
220,2024-10,1
220,2024-11,1
220,2024-12,1
221,2023-01,2
221,2023-02,2
221,2023-03,2
221,2023-04,2
221,2023-05,2
221,2023-06,2
221,2023-07,2
221,2023-08,2
221,2023-09,2
221,2023-10,2
221,2023-11,2
221,2023-12,2
221,2024-01,2
221,2024-02,2
221,2024-03,2
221,2024-04,2
221,2024-05,2
221,2024-06,2
221,2024-07,2
221,2024-08,2
221,2024-09,2
221,2024-10,2
221,2024-11,2
221,2024-12,2
222,2023-01,2
222,2023-02,2
222,2023-03,2
222,2023-04,2
222,2023-05,2
222,2023-06,2
222,2023-07,2
222,2023-08,2
222,2023-09,2
222,2023-10,2
222,2023-11,2
222,2023-12,2
222,2024-01,2
222,2024-02,2
222,2024-03,2
222,2024-04,2
222,2024-05,2
222,2024-06,2
222,2024-07,2
222,2024-08,2
222,2024-09,2
222,2024-10,2
222,2024-11,2
222,2024-12,2
223,2023-01,1
223,2023-02,1
223,2023-03,1
223,2023-04,1
223,2023-05,1
223,2023-06,1
223,2023-07,1
223,2023-08,1
223,2023-09,1
223,2023-10,1
223,2023-11,1
223,2023-12,1
223,2024-01,1
223,2024-02,1
223,2024-03,1
223,2024-04,1
223,2024-05,1
223,2024-06,1
223,2024-07,1
223,2024-08,1
223,2024-09,1
223,2024-10,1
223,2024-11,1
223,2024-12,1
224,2023-01,2
224,2023-02,2
224,2023-03,2
224,2023-04,2
224,2023-05,2
224,2023-06,2
224,2023-07,2
224,2023-08,2
224,2023-09,2
224,2023-10,2
224,2023-11,2
224,2023-12,2
224,2024-01,2
224,2024-02,2
224,2024-03,2
224,2024-04,2
224,2024-05,2
224,2024-06,2
224,2024-07,2
224,2024-08,2
224,2024-09,2
224,2024-10,2
224,2024-11,2
224,2024-12,2
225,2023-01,2
225,2023-02,2
225,2023-03,2
225,2023-04,2
225,2023-05,2
225,2023-06,2
225,2023-07,2
225,2023-08,2
225,2023-09,2
225,2023-10,2
225,2023-11,2
225,2023-12,3
225,2024-01,3
225,2024-02,2
225,2024-03,2
225,2024-04,2
225,2024-05,2
225,2024-06,2
225,2024-07,2
225,2024-08,2
225,2024-09,2
225,2024-10,2
225,2024-11,2
225,2024-12,3
226,2023-01,3
226,2023-02,3
226,2023-03,3
226,2023-04,3
226,2023-05,3
226,2023-06,3
226,2023-07,3
226,2023-08,3
226,2023-09,3
226,2023-10,3
226,2023-11,3
226,2023-12,3
226,2024-01,3
226,2024-02,3
226,2024-03,3
226,2024-04,3
226,2024-05,2
226,2024-06,2
226,2024-07,2
226,2024-08,2
226,2024-09,2
226,2024-10,1
226,2024-11,3
226,2024-12,2
227,2023-01,3
227,2023-02,3
227,2023-03,3
227,2023-04,2
227,2023-05,3
227,2023-06,2
227,2023-07,2
227,2023-08,2
227,2023-09,3
227,2023-10,3
227,2023-11,3
227,2023-12,3
227,2024-01,3
227,2024-02,3
227,2024-03,3
227,2024-04,2
227,2024-05,2
227,2024-06,2
227,2024-07,2
227,2024-08,3
227,2024-09,3
227,2024-10,3
227,2024-11,3
227,2024-12,3
228,2023-01,2
228,2023-02,2
228,2023-03,2
228,2023-04,2
228,2023-05,2
228,2023-06,2
228,2023-07,2
228,2023-08,2
228,2023-09,2
228,2023-10,2
228,2023-11,2
228,2023-12,2
228,2024-01,2
228,2024-02,2
228,2024-03,2
228,2024-04,2
228,2024-05,2
228,2024-06,2
228,2024-07,2
228,2024-08,2
228,2024-09,2
228,2024-10,2
228,2024-11,2
228,2024-12,2
229,2023-01,2
229,2023-02,2
229,2023-03,2
229,2023-04,2
229,2023-05,2
229,2023-06,2
229,2023-07,2
229,2023-08,2
229,2023-09,2
229,2023-10,2
229,2023-11,2
229,2023-12,2
229,2024-01,2
229,2024-02,2
229,2024-03,2
229,2024-04,2
229,2024-05,2
229,2024-06,2
229,2024-07,2
229,2024-08,2
229,2024-09,2
229,2024-10,2
229,2024-11,2
229,2024-12,2
230,2023-01,3
230,2023-02,3
230,2023-03,3
230,2023-04,3
230,2023-05,3
230,2023-06,3
230,2023-07,3
230,2023-08,3
230,2023-09,3
230,2023-10,3
230,2023-11,3
230,2023-12,3
230,2024-01,3
230,2024-02,3
230,2024-03,3
230,2024-04,3
230,2024-05,1
230,2024-06,1
230,2024-07,1
230,2024-08,3
230,2024-09,1
230,2024-10,1
230,2024-11,1
230,2024-12,1
231,2023-01,3
231,2023-02,3
231,2023-03,1
231,2023-04,1
231,2023-05,1
231,2023-06,1
231,2023-07,1
231,2023-08,1
231,2023-09,1
231,2023-10,1
231,2023-11,1
231,2023-12,1
231,2024-01,3
231,2024-02,1
231,2024-03,1
231,2024-04,1
231,2024-05,1
231,2024-06,1
231,2024-07,1
231,2024-08,1
231,2024-09,1
231,2024-10,1
231,2024-11,1
231,2024-12,1
232,2023-01,1
232,2023-02,1
232,2023-03,1
232,2023-04,1
232,2023-05,1
232,2023-06,1
232,2023-07,1
232,2023-08,1
232,2023-09,1
232,2023-10,1
232,2023-11,1
232,2023-12,1
232,2024-01,1
232,2024-02,1
232,2024-03,1
232,2024-04,1
232,2024-05,1
232,2024-06,1
232,2024-07,1
232,2024-08,1
232,2024-09,1
232,2024-10,1
232,2024-11,1
232,2024-12,1
233,2023-01,1
233,2023-02,1
233,2023-03,1
233,2023-04,1
233,2023-05,1
233,2023-06,1
233,2023-07,1
233,2023-08,1
233,2023-09,1
233,2023-10,1
233,2023-11,1
233,2023-12,1
233,2024-01,1
233,2024-02,1
233,2024-03,1
233,2024-04,1
233,2024-05,1
233,2024-06,1
233,2024-07,1
233,2024-08,1
233,2024-09,1
233,2024-10,1
233,2024-11,1
233,2024-12,1
234,2023-01,2
234,2023-02,2
234,2023-03,2
234,2023-04,2
234,2023-05,2
234,2023-06,2
234,2023-07,2
234,2023-08,2
234,2023-09,2
234,2023-10,2
234,2023-11,2
234,2023-12,2
234,2024-01,2
234,2024-02,2
234,2024-03,2
234,2024-04,2
234,2024-05,2
234,2024-06,2
234,2024-07,2
234,2024-08,2
234,2024-09,2
234,2024-10,2
234,2024-11,2
234,2024-12,2
235,2023-01,1
235,2023-02,1
235,2023-03,1
235,2023-04,1
235,2023-05,1
235,2023-06,1
235,2023-07,1
235,2023-08,1
235,2023-09,1
235,2023-10,1
235,2023-11,1
235,2023-12,1
235,2024-01,1
235,2024-02,1
235,2024-03,1
235,2024-04,1
235,2024-05,1
235,2024-06,1
235,2024-07,1
235,2024-08,1
235,2024-09,1
235,2024-10,1
235,2024-11,1
235,2024-12,1
236,2023-01,2
236,2023-02,2
236,2023-03,2
236,2023-04,2
236,2023-05,2
236,2023-06,2
236,2023-07,2
236,2023-08,2
236,2023-09,2
236,2023-10,2
236,2023-11,2
236,2023-12,2
236,2024-01,2
236,2024-02,2
236,2024-03,2
236,2024-04,2
236,2024-05,2
236,2024-06,2
236,2024-07,2
236,2024-08,2
236,2024-09,2
236,2024-10,2
236,2024-11,2
236,2024-12,2
237,2023-01,3
237,2023-02,1
237,2023-03,1
237,2023-04,1
237,2023-05,1
237,2023-06,3
237,2023-07,3
237,2023-08,3
237,2023-09,3
237,2023-10,2
237,2023-11,3
237,2023-12,2
237,2024-01,3
237,2024-02,3
237,2024-03,3
237,2024-04,1
237,2024-05,1
237,2024-06,1
237,2024-07,1
237,2024-08,3
237,2024-09,1
237,2024-10,1
237,2024-11,1
237,2024-12,1
238,2023-01,1
238,2023-02,1
238,2023-03,1
238,2023-04,1
238,2023-05,1
238,2023-06,1
238,2023-07,1
238,2023-08,1
238,2023-09,1
238,2023-10,1
238,2023-11,1
238,2023-12,1
238,2024-01,1
238,2024-02,1
238,2024-03,1
238,2024-04,1
238,2024-05,1
238,2024-06,1
238,2024-07,1
238,2024-08,1
238,2024-09,1
238,2024-10,1
238,2024-11,1
238,2024-12,1
239,2023-01,1
239,2023-02,1
239,2023-03,1
239,2023-04,1
239,2023-05,1
239,2023-06,1
239,2023-07,1
239,2023-08,1
239,2023-09,1
239,2023-10,1
239,2023-11,1
239,2023-12,1
239,2024-01,1
239,2024-02,1
239,2024-03,1
239,2024-04,1
239,2024-05,1
239,2024-06,1
239,2024-07,1
239,2024-08,1
239,2024-09,1
239,2024-10,1
239,2024-11,1
239,2024-12,1
240,2023-01,3
240,2023-02,1
240,2023-03,1
240,2023-04,1
240,2023-05,1
240,2023-06,1
240,2023-07,1
240,2023-08,3
240,2023-09,1
240,2023-10,1
240,2023-11,1
240,2023-12,3
240,2024-01,1
240,2024-02,1
240,2024-03,1
240,2024-04,1
240,2024-05,1
240,2024-06,1
240,2024-07,1
240,2024-08,1
240,2024-09,1
240,2024-10,1
240,2024-11,1
240,2024-12,1
241,2023-01,3
241,2023-02,1
241,2023-03,1
241,2023-04,1
241,2023-05,1
241,2023-06,1
241,2023-07,1
241,2023-08,1
241,2023-09,1
241,2023-10,1
241,2023-11,1
241,2023-12,1
241,2024-01,1
241,2024-02,1
241,2024-03,1
241,2024-04,1
241,2024-05,1
241,2024-06,1
241,2024-07,1
241,2024-08,1
241,2024-09,1
241,2024-10,1
241,2024-11,1
241,2024-12,1
242,2023-01,1
242,2023-02,1
242,2023-03,1
242,2023-04,1
242,2023-05,1
242,2023-06,1
242,2023-07,1
242,2023-08,1
242,2023-09,1
242,2023-10,1
242,2023-11,1
242,2023-12,1
242,2024-01,1
242,2024-02,1
242,2024-03,1
242,2024-04,1
242,2024-05,1
242,2024-06,1
242,2024-07,1
242,2024-08,1
242,2024-09,1
242,2024-10,1
242,2024-11,1
242,2024-12,1
243,2023-01,3
243,2023-02,1
243,2023-03,3
243,2023-04,3
243,2023-05,3
243,2023-06,1
243,2023-07,3
243,2023-08,3
243,2023-09,3
243,2023-10,3
243,2023-11,3
243,2023-12,3
243,2024-01,3
243,2024-02,3
243,2024-03,3
243,2024-04,3
243,2024-05,3
243,2024-06,1
243,2024-07,3
243,2024-08,3
243,2024-09,1
243,2024-10,3
243,2024-11,3
243,2024-12,3
269,2023-01,2
269,2023-02,2
269,2023-03,2
269,2023-04,2
269,2023-05,2
269,2023-06,2
269,2023-07,2
269,2023-08,2
269,2023-09,2
269,2023-10,2
269,2023-11,2
269,2023-12,2
269,2024-01,2
269,2024-02,2
269,2024-03,2
269,2024-04,2
269,2024-05,2
269,2024-06,2
269,2024-07,2
269,2024-08,4
269,2024-09,4
269,2024-10,4
269,2024-11,4
269,2024-12,2
270,2023-01,2
270,2023-02,2
270,2023-03,2
270,2023-04,2
270,2023-05,2
270,2023-06,2
270,2023-07,2
270,2023-08,2
270,2023-09,2
270,2023-10,2
270,2023-11,2
270,2023-12,2
270,2024-01,2
270,2024-02,2
270,2024-03,2
270,2024-04,2
270,2024-05,2
270,2024-06,2
270,2024-07,2
270,2024-08,2
270,2024-09,2
270,2024-10,2
270,2024-11,2
270,2024-12,2
271,2023-01,1
271,2023-02,1
271,2023-03,1
271,2023-04,1
271,2023-05,1
271,2023-06,1
271,2023-07,1
271,2023-08,1
271,2023-09,1
271,2023-10,1
271,2023-11,1
271,2023-12,1
271,2024-01,1
271,2024-02,1
271,2024-03,1
271,2024-04,1
271,2024-05,1
271,2024-06,1
271,2024-07,1
271,2024-08,1
271,2024-09,1
271,2024-10,1
271,2024-11,1
271,2024-12,1
272,2023-01,1
272,2023-02,1
272,2023-03,1
272,2023-04,1
272,2023-05,1
272,2023-06,1
272,2023-07,1
272,2023-08,1
272,2023-09,1
272,2023-10,1
272,2023-11,1
272,2023-12,1
272,2024-01,1
272,2024-02,1
272,2024-03,1
272,2024-04,1
272,2024-05,1
272,2024-06,1
272,2024-07,1
272,2024-08,1
272,2024-09,1
272,2024-10,1
272,2024-11,1
272,2024-12,1
273,2023-01,1
273,2023-02,1
273,2023-03,1
273,2023-04,1
273,2023-05,1
273,2023-06,1
273,2023-07,1
273,2023-08,1
273,2023-09,1
273,2023-10,1
273,2023-11,1
273,2023-12,1
273,2024-01,1
273,2024-02,1
273,2024-03,1
273,2024-04,1
273,2024-05,1
273,2024-06,1
273,2024-07,1
273,2024-08,1
273,2024-09,1
273,2024-10,1
273,2024-11,1
273,2024-12,1
274,2023-01,2
274,2023-02,2
274,2023-03,1
274,2023-04,2
274,2023-05,1
274,2023-06,1
274,2023-07,1
274,2023-08,1
274,2023-09,1
274,2023-10,1
274,2023-11,1
274,2023-12,1
274,2024-01,1
274,2024-02,1
274,2024-03,1
274,2024-04,1
274,2024-05,1
274,2024-06,1
274,2024-07,1
274,2024-08,1
274,2024-09,1
274,2024-10,1
274,2024-11,1
274,2024-12,1
275,2023-01,1
275,2023-02,1
275,2023-03,1
275,2023-04,1
275,2023-05,1
275,2023-06,1
275,2023-07,1
275,2023-08,1
275,2023-09,1
275,2023-10,1
275,2023-11,1
275,2023-12,1
275,2024-01,1
275,2024-02,1
275,2024-03,1
275,2024-04,1
275,2024-05,1
275,2024-06,1
275,2024-07,1
275,2024-08,1
275,2024-09,1
275,2024-10,1
275,2024-11,1
275,2024-12,1
276,2023-01,1
276,2023-02,1
276,2023-03,1
276,2023-04,1
276,2023-05,1
276,2023-06,1
276,2023-07,1
276,2023-08,1
276,2023-09,1
276,2023-10,1
276,2023-11,1
276,2023-12,1
276,2024-01,1
276,2024-02,1
276,2024-03,1
276,2024-04,1
276,2024-05,1
276,2024-06,1
276,2024-07,1
276,2024-08,1
276,2024-09,1
276,2024-10,1
276,2024-11,1
276,2024-12,1
277,2023-01,1
277,2023-02,1
277,2023-03,1
277,2023-04,1
277,2023-05,1
277,2023-06,1
277,2023-07,1
277,2023-08,1
277,2023-09,1
277,2023-10,1
277,2023-11,1
277,2023-12,1
277,2024-01,1
277,2024-02,1
277,2024-03,1
277,2024-04,1
277,2024-05,1
277,2024-06,1
277,2024-07,1
277,2024-08,1
277,2024-09,1
277,2024-10,1
277,2024-11,1
277,2024-12,1
278,2023-01,2
278,2023-02,2
278,2023-03,2
278,2023-04,2
278,2023-05,2
278,2023-06,2
278,2023-07,2
278,2023-08,2
278,2023-09,2
278,2023-10,2
278,2023-11,2
278,2023-12,2
278,2024-01,2
278,2024-02,2
278,2024-03,2
278,2024-04,2
278,2024-05,2
278,2024-06,2
278,2024-07,2
278,2024-08,2
278,2024-09,2
278,2024-10,2
278,2024-11,2
278,2024-12,2
279,2023-01,1
279,2023-02,1
279,2023-03,1
279,2023-04,1
279,2023-05,1
279,2023-06,1
279,2023-07,1
279,2023-08,1
279,2023-09,1
279,2023-10,1
279,2023-11,1
279,2023-12,1
279,2024-01,1
279,2024-02,1
279,2024-03,1
279,2024-04,1
279,2024-05,1
279,2024-06,1
279,2024-07,1
279,2024-08,1
279,2024-09,1
279,2024-10,1
279,2024-11,1
279,2024-12,1
280,2023-01,1
280,2023-02,1
280,2023-03,1
280,2023-04,1
280,2023-05,1
280,2023-06,1
280,2023-07,1
280,2023-08,1
280,2023-09,1
280,2023-10,1
280,2023-11,1
280,2023-12,1
280,2024-01,1
280,2024-02,1
280,2024-03,1
280,2024-04,1
280,2024-05,1
280,2024-06,1
280,2024-07,1
280,2024-08,1
280,2024-09,1
280,2024-10,1
280,2024-11,1
280,2024-12,1
281,2023-01,1
281,2023-02,1
281,2023-03,1
281,2023-04,1
281,2023-05,1
281,2023-06,1
281,2023-07,1
281,2023-08,1
281,2023-09,1
281,2023-10,1
281,2023-11,1
281,2023-12,1
281,2024-01,1
281,2024-02,1
281,2024-03,1
281,2024-04,1
281,2024-05,1
281,2024-06,1
281,2024-07,1
281,2024-08,1
281,2024-09,1
281,2024-10,1
281,2024-11,1
281,2024-12,1
282,2023-01,1
282,2023-02,1
282,2023-03,1
282,2023-04,1
282,2023-05,1
282,2023-06,1
282,2023-07,1
282,2023-08,1
282,2023-09,1
282,2023-10,1
282,2023-11,1
282,2023-12,1
282,2024-01,1
282,2024-02,1
282,2024-03,1
282,2024-04,1
282,2024-05,1
282,2024-06,1
282,2024-07,1
282,2024-08,1
282,2024-09,1
282,2024-10,1
282,2024-11,1
282,2024-12,1
283,2023-01,1
283,2023-02,1
283,2023-03,1
283,2023-04,1
283,2023-05,1
283,2023-06,1
283,2023-07,1
283,2023-08,1
283,2023-09,1
283,2023-10,1
283,2023-11,1
283,2023-12,1
283,2024-01,1
283,2024-02,1
283,2024-03,1
283,2024-04,1
283,2024-05,1
283,2024-06,1
283,2024-07,1
283,2024-08,1
283,2024-09,1
283,2024-10,1
283,2024-11,1
283,2024-12,1
284,2023-01,1
284,2023-02,1
284,2023-03,1
284,2023-04,1
284,2023-05,1
284,2023-06,1
284,2023-07,1
284,2023-08,1
284,2023-09,1
284,2023-10,1
284,2023-11,1
284,2023-12,1
284,2024-01,1
284,2024-02,1
284,2024-03,1
284,2024-04,1
284,2024-05,1
284,2024-06,1
284,2024-07,1
284,2024-08,1
284,2024-09,1
284,2024-10,1
284,2024-11,1
284,2024-12,1
285,2023-01,1
285,2023-02,1
285,2023-03,1
285,2023-04,1
285,2023-05,1
285,2023-06,1
285,2023-07,1
285,2023-08,1
285,2023-09,1
285,2023-10,1
285,2023-11,1
285,2023-12,1
285,2024-01,1
285,2024-02,1
285,2024-03,1
285,2024-04,1
285,2024-05,1
285,2024-06,1
285,2024-07,1
285,2024-08,1
285,2024-09,1
285,2024-10,1
285,2024-11,1
285,2024-12,1
287,2023-01,1
287,2023-02,1
287,2023-03,1
287,2023-04,1
287,2023-05,1
287,2023-06,1
287,2023-07,1
287,2023-08,1
287,2023-09,1
287,2023-10,1
287,2023-11,1
287,2023-12,1
287,2024-01,1
287,2024-02,1
287,2024-03,1
287,2024-04,1
287,2024-05,1
287,2024-06,1
287,2024-07,1
287,2024-08,1
287,2024-09,1
287,2024-10,1
287,2024-11,1
287,2024-12,1
288,2023-01,1
288,2023-02,1
288,2023-03,1
288,2023-04,1
288,2023-05,1
288,2023-06,1
288,2023-07,1
288,2023-08,1
288,2023-09,1
288,2023-10,1
288,2023-11,1
288,2023-12,1
288,2024-01,1
288,2024-02,1
288,2024-03,1
288,2024-04,1
288,2024-05,1
288,2024-06,1
288,2024-07,1
288,2024-08,1
288,2024-09,1
288,2024-10,1
288,2024-11,1
288,2024-12,1
289,2023-01,1
289,2023-02,1
289,2023-03,1
289,2023-04,1
289,2023-05,1
289,2023-06,1
289,2023-07,1
289,2023-08,1
289,2023-09,1
289,2023-10,1
289,2023-11,1
289,2023-12,1
289,2024-01,1
289,2024-02,1
289,2024-03,1
289,2024-04,1
289,2024-05,1
289,2024-06,1
289,2024-07,1
289,2024-08,1
289,2024-09,1
289,2024-10,1
289,2024-11,1
289,2024-12,1
290,2023-01,1
290,2023-02,1
290,2023-03,1
290,2023-04,1
290,2023-05,1
290,2023-06,1
290,2023-07,1
290,2023-08,1
290,2023-09,1
290,2023-10,1
290,2023-11,1
290,2023-12,1
290,2024-01,1
290,2024-02,1
290,2024-03,1
290,2024-04,1
290,2024-05,1
290,2024-06,1
290,2024-07,1
290,2024-08,1
290,2024-09,1
290,2024-10,1
290,2024-11,1
290,2024-12,1
292,2023-01,1
292,2023-02,1
292,2023-03,1
292,2023-04,1
292,2023-05,1
292,2023-06,1
292,2023-07,1
292,2023-08,1
292,2023-09,1
292,2023-10,1
292,2023-11,1
292,2023-12,1
292,2024-01,1
292,2024-02,1
292,2024-03,1
292,2024-04,1
292,2024-05,1
292,2024-06,1
292,2024-07,1
292,2024-08,1
292,2024-09,1
292,2024-10,1
292,2024-11,1
292,2024-12,1
293,2023-01,1
293,2023-02,1
293,2023-03,1
293,2023-04,1
293,2023-05,1
293,2023-06,1
293,2023-07,1
293,2023-08,1
293,2023-09,1
293,2023-10,1
293,2023-11,1
293,2023-12,1
293,2024-01,1
293,2024-02,1
293,2024-03,1
293,2024-04,1
293,2024-05,1
293,2024-06,1
293,2024-07,1
293,2024-08,1
293,2024-09,1
293,2024-10,1
293,2024-11,1
293,2024-12,1
294,2023-01,1
294,2023-02,1
294,2023-03,1
294,2023-04,1
294,2023-05,1
294,2023-06,1
294,2023-07,1
294,2023-08,1
294,2023-09,1
294,2023-10,1
294,2023-11,1
294,2023-12,1
294,2024-01,1
294,2024-02,1
294,2024-03,1
294,2024-04,1
294,2024-05,1
294,2024-06,1
294,2024-07,1
294,2024-08,1
294,2024-09,1
294,2024-10,1
294,2024-11,1
294,2024-12,1
295,2023-01,1
295,2023-02,1
295,2023-03,1
295,2023-04,1
295,2023-05,1
295,2023-06,1
295,2023-07,1
295,2023-08,1
295,2023-09,1
295,2023-10,1
295,2023-11,1
295,2023-12,1
295,2024-01,1
295,2024-02,1
295,2024-03,1
295,2024-04,1
295,2024-05,1
295,2024-06,1
295,2024-07,1
295,2024-08,1
295,2024-09,1
295,2024-10,1
295,2024-11,1
295,2024-12,1
296,2023-01,1
296,2023-02,1
296,2023-03,1
296,2023-04,1
296,2023-05,1
296,2023-06,1
296,2023-07,1
296,2023-08,1
296,2023-09,1
296,2023-10,1
296,2023-11,1
296,2023-12,1
296,2024-01,1
296,2024-02,1
296,2024-03,1
296,2024-04,1
296,2024-05,1
296,2024-06,1
296,2024-07,1
296,2024-08,1
296,2024-09,1
296,2024-10,1
296,2024-11,1
296,2024-12,1
297,2023-01,1
297,2023-02,1
297,2023-03,1
297,2023-04,1
297,2023-05,1
297,2023-06,1
297,2023-07,1
297,2023-08,1
297,2023-09,1
297,2023-10,1
297,2023-11,1
297,2023-12,1
297,2024-01,1
297,2024-02,1
297,2024-03,1
297,2024-04,1
297,2024-05,1
297,2024-06,1
297,2024-07,1
297,2024-08,1
297,2024-09,1
297,2024-10,1
297,2024-11,1
297,2024-12,1
298,2023-01,1
298,2023-02,1
298,2023-03,1
298,2023-04,1
298,2023-05,1
298,2023-06,1
298,2023-07,1
298,2023-08,1
298,2023-09,1
298,2023-10,1
298,2023-11,1
298,2023-12,1
298,2024-01,1
298,2024-02,1
298,2024-03,1
298,2024-04,1
298,2024-05,1
298,2024-06,1
298,2024-07,1
298,2024-08,1
298,2024-09,1
298,2024-10,1
298,2024-11,1
298,2024-12,1
300,2023-01,1
300,2023-02,1
300,2023-03,1
300,2023-04,1
300,2023-05,1
300,2023-06,1
300,2023-07,1
300,2023-08,1
300,2023-09,1
300,2023-10,1
300,2023-11,1
300,2023-12,1
300,2024-01,1
300,2024-02,1
300,2024-03,1
300,2024-04,1
300,2024-05,1
300,2024-06,1
300,2024-07,1
300,2024-08,1
300,2024-09,1
300,2024-10,1
300,2024-11,1
300,2024-12,1
301,2023-01,1
301,2023-02,1
301,2023-03,1
301,2023-04,1
301,2023-05,1
301,2023-06,1
301,2023-07,1
301,2023-08,1
301,2023-09,1
301,2023-10,1
301,2023-11,1
301,2023-12,1
301,2024-01,1
301,2024-02,1
301,2024-03,1
301,2024-04,1
301,2024-05,1
301,2024-06,1
301,2024-07,1
301,2024-08,1
301,2024-09,1
301,2024-10,2
301,2024-11,2
301,2024-12,2
302,2023-01,1
302,2023-02,1
302,2023-03,1
302,2023-04,1
302,2023-05,1
302,2023-06,1
302,2023-07,1
302,2023-08,1
302,2023-09,1
302,2023-10,1
302,2023-11,1
302,2023-12,1
302,2024-01,1
302,2024-02,1
302,2024-03,1
302,2024-04,1
302,2024-05,1
302,2024-06,1
302,2024-07,1
302,2024-08,1
302,2024-09,1
302,2024-10,1
302,2024-11,1
302,2024-12,1
303,2023-01,2
303,2023-02,2
303,2023-03,2
303,2023-04,2
303,2023-05,2
303,2023-06,2
303,2023-07,2
303,2023-08,2
303,2023-09,2
303,2023-10,2
303,2023-11,2
303,2023-12,2
303,2024-01,2
303,2024-02,2
303,2024-03,2
303,2024-04,2
303,2024-05,2
303,2024-06,2
303,2024-07,1
303,2024-08,2
303,2024-09,2
303,2024-10,2
303,2024-11,2
303,2024-12,2
304,2023-01,1
304,2023-02,1
304,2023-03,1
304,2023-04,1
304,2023-05,1
304,2023-06,1
304,2023-07,1
304,2023-08,1
304,2023-09,1
304,2023-10,1
304,2023-11,1
304,2023-12,1
304,2024-01,1
304,2024-02,1
304,2024-03,1
304,2024-04,1
304,2024-05,1
304,2024-06,1
304,2024-07,1
304,2024-08,1
304,2024-09,1
304,2024-10,1
304,2024-11,1
304,2024-12,1
305,2023-01,1
305,2023-02,1
305,2023-03,1
305,2023-04,1
305,2023-05,1
305,2023-06,1
305,2023-07,1
305,2023-08,1
305,2023-09,1
305,2023-10,1
305,2023-11,1
305,2023-12,1
305,2024-01,1
305,2024-02,1
305,2024-03,1
305,2024-04,1
305,2024-05,1
305,2024-06,1
305,2024-07,1
305,2024-08,1
305,2024-09,1
305,2024-10,1
305,2024-11,1
305,2024-12,1
306,2023-01,1
306,2023-02,1
306,2023-03,1
306,2023-04,1
306,2023-05,1
306,2023-06,1
306,2023-07,1
306,2023-08,1
306,2023-09,1
306,2023-10,1
306,2023-11,1
306,2023-12,1
306,2024-01,1
306,2024-02,1
306,2024-03,1
306,2024-04,1
306,2024-05,1
306,2024-06,1
306,2024-07,1
306,2024-08,1
306,2024-09,1
306,2024-10,1
306,2024-11,1
306,2024-12,1
307,2023-01,1
307,2023-02,1
307,2023-03,1
307,2023-04,1
307,2023-05,1
307,2023-06,1
307,2023-07,1
307,2023-08,1
307,2023-09,1
307,2023-10,1
307,2023-11,1
307,2023-12,1
307,2024-01,1
307,2024-02,1
307,2024-03,1
307,2024-04,1
307,2024-05,1
307,2024-06,1
307,2024-07,1
307,2024-08,1
307,2024-09,1
307,2024-10,1
307,2024-11,1
307,2024-12,1
308,2023-01,1
308,2023-02,1
308,2023-03,1
308,2023-04,1
308,2023-05,1
308,2023-06,1
308,2023-07,1
308,2023-08,1
308,2023-09,1
308,2023-10,1
308,2023-11,1
308,2023-12,1
308,2024-01,1
308,2024-02,1
308,2024-03,1
308,2024-04,1
308,2024-05,1
308,2024-06,1
308,2024-07,1
308,2024-08,1
308,2024-09,1
308,2024-10,1
308,2024-11,1
308,2024-12,1
309,2023-01,3
309,2023-02,3
309,2023-03,3
309,2023-04,3
309,2023-05,3
309,2023-06,3
309,2023-07,3
309,2023-08,3
309,2023-09,3
309,2023-10,3
309,2023-11,3
309,2023-12,3
309,2024-01,3
309,2024-02,3
309,2024-03,3
309,2024-04,3
309,2024-05,3
309,2024-06,3
309,2024-07,3
309,2024-08,3
309,2024-09,3
309,2024-10,3
309,2024-11,3
309,2024-12,3
312,2023-01,3
312,2023-02,3
312,2023-03,3
312,2023-04,3
312,2023-05,3
312,2023-06,3
312,2023-07,3
312,2023-08,3
312,2023-09,3
312,2023-10,3
312,2023-11,3
312,2023-12,3
312,2024-01,3
312,2024-02,3
312,2024-03,3
312,2024-04,3
312,2024-05,3
312,2024-06,3
312,2024-07,3
312,2024-08,3
312,2024-09,3
312,2024-10,3
312,2024-11,3
312,2024-12,3
314,2023-01,3
314,2023-02,3
314,2023-03,3
314,2023-04,3
314,2023-05,3
314,2023-06,3
314,2023-07,3
314,2023-08,3
314,2023-09,3
314,2023-10,3
314,2023-11,3
314,2023-12,3
314,2024-01,3
314,2024-02,3
314,2024-03,3
314,2024-04,3
314,2024-05,3
314,2024-06,3
314,2024-07,3
314,2024-08,3
314,2024-09,3
314,2024-10,3
314,2024-11,3
314,2024-12,3
316,2023-01,3
316,2023-02,3
316,2023-03,3
316,2023-04,3
316,2023-05,3
316,2023-06,3
316,2023-07,3
316,2023-08,3
316,2023-09,3
316,2023-10,3
316,2023-11,3
316,2023-12,3
316,2024-01,3
316,2024-02,3
316,2024-03,3
316,2024-04,3
316,2024-05,3
316,2024-06,3
316,2024-07,3
316,2024-08,3
316,2024-09,3
316,2024-10,3
316,2024-11,3
316,2024-12,3
317,2023-01,3
317,2023-02,3
317,2023-03,3
317,2023-04,3
317,2023-05,3
317,2023-06,3
317,2023-07,3
317,2023-08,3
317,2023-09,3
317,2023-10,3
317,2023-11,3
317,2023-12,3
317,2024-01,3
317,2024-02,3
317,2024-03,3
317,2024-04,3
317,2024-05,3
317,2024-06,3
317,2024-07,3
317,2024-08,3
317,2024-09,3
317,2024-10,3
317,2024-11,3
317,2024-12,3
318,2023-01,3
318,2023-02,3
318,2023-03,3
318,2023-04,3
318,2023-05,3
318,2023-06,3
318,2023-07,3
318,2023-08,3
318,2023-09,3
318,2023-10,3
318,2023-11,3
318,2023-12,3
318,2024-01,3
318,2024-02,3
318,2024-03,3
318,2024-04,3
318,2024-05,3
318,2024-06,3
318,2024-07,3
318,2024-08,3
318,2024-09,3
318,2024-10,3
318,2024-11,3
318,2024-12,3
319,2023-01,3
319,2023-02,3
319,2023-03,3
319,2023-04,3
319,2023-05,3
319,2023-06,3
319,2023-07,3
319,2023-08,3
319,2023-09,3
319,2023-10,3
319,2023-11,3
319,2023-12,3
319,2024-01,3
319,2024-02,3
319,2024-03,3
319,2024-04,3
319,2024-05,3
319,2024-06,3
319,2024-07,3
319,2024-08,3
319,2024-09,3
319,2024-10,3
319,2024-11,3
319,2024-12,3
320,2023-01,3
320,2023-02,3
320,2023-03,3
320,2023-04,3
320,2023-05,3
320,2023-06,3
320,2023-07,3
320,2023-08,3
320,2023-09,3
320,2023-10,3
320,2023-11,3
320,2023-12,3
320,2024-01,3
320,2024-02,3
320,2024-03,3
320,2024-04,3
320,2024-05,3
320,2024-06,3
320,2024-07,3
320,2024-08,3
320,2024-09,3
320,2024-10,3
320,2024-11,3
320,2024-12,3
321,2023-01,3
321,2023-02,3
321,2023-03,3
321,2023-04,3
321,2023-05,3
321,2023-06,3
321,2023-07,3
321,2023-08,3
321,2023-09,3
321,2023-10,3
321,2023-11,3
321,2023-12,3
321,2024-01,3
321,2024-02,3
321,2024-03,3
321,2024-04,3
321,2024-05,3
321,2024-06,3
321,2024-07,3
321,2024-08,3
321,2024-09,3
321,2024-10,3
321,2024-11,3
321,2024-12,3
323,2023-01,3
323,2023-02,3
323,2023-03,3
323,2023-04,3
323,2023-05,3
323,2023-06,3
323,2023-07,3
323,2023-08,3
323,2023-09,3
323,2023-10,3
323,2023-11,3
323,2023-12,3
323,2024-01,3
323,2024-02,3
323,2024-03,3
323,2024-04,3
323,2024-05,3
323,2024-06,3
323,2024-07,3
323,2024-08,3
323,2024-09,3
323,2024-10,3
323,2024-11,3
323,2024-12,3
324,2023-01,2
324,2023-02,3
324,2023-03,3
324,2023-04,3
324,2023-05,3
324,2023-06,3
324,2023-07,3
324,2023-08,2
324,2023-09,3
324,2023-10,3
324,2023-11,3
324,2023-12,3
324,2024-01,2
324,2024-02,2
324,2024-03,2
324,2024-04,3
324,2024-05,3
324,2024-06,3
324,2024-07,2
324,2024-08,3
324,2024-09,3
324,2024-10,3
324,2024-11,3
324,2024-12,3
325,2023-01,3
325,2023-02,3
325,2023-03,3
325,2023-04,3
325,2023-05,3
325,2023-06,3
325,2023-07,3
325,2023-08,3
325,2023-09,3
325,2023-10,3
325,2023-11,3
325,2023-12,3
325,2024-01,3
325,2024-02,3
325,2024-03,3
325,2024-04,3
325,2024-05,3
325,2024-06,3
325,2024-07,3
325,2024-08,3
325,2024-09,3
325,2024-10,3
325,2024-11,3
325,2024-12,3
326,2023-01,3
326,2023-02,3
326,2023-03,3
326,2023-04,3
326,2023-05,3
326,2023-06,3
326,2023-07,3
326,2023-08,3
326,2023-09,3
326,2023-10,3
326,2023-11,3
326,2023-12,3
326,2024-01,3
326,2024-02,3
326,2024-03,3
326,2024-04,3
326,2024-05,3
326,2024-06,3
326,2024-07,3
326,2024-08,3
326,2024-09,3
326,2024-10,3
326,2024-11,3
326,2024-12,3
327,2023-01,3
327,2023-02,3
327,2023-03,3
327,2023-04,3
327,2023-05,3
327,2023-06,3
327,2023-07,3
327,2023-08,3
327,2023-09,3
327,2023-10,3
327,2023-11,3
327,2023-12,3
327,2024-01,3
327,2024-02,3
327,2024-03,3
327,2024-04,3
327,2024-05,3
327,2024-06,3
327,2024-07,3
327,2024-08,3
327,2024-09,3
327,2024-10,3
327,2024-11,3
327,2024-12,3
329,2023-01,3
329,2023-02,3
329,2023-03,3
329,2023-04,3
329,2023-05,3
329,2023-06,3
329,2023-07,3
329,2023-08,3
329,2023-09,3
329,2023-10,3
329,2023-11,3
329,2023-12,3
329,2024-01,3
329,2024-02,3
329,2024-03,3
329,2024-04,3
329,2024-05,3
329,2024-06,3
329,2024-07,3
329,2024-08,3
329,2024-09,3
329,2024-10,3
329,2024-11,3
329,2024-12,3
330,2023-01,3
330,2023-02,3
330,2023-03,3
330,2023-04,3
330,2023-05,3
330,2023-06,3
330,2023-07,3
330,2023-08,3
330,2023-09,3
330,2023-10,3
330,2023-11,3
330,2023-12,3
330,2024-01,3
330,2024-02,3
330,2024-03,3
330,2024-04,3
330,2024-05,3
330,2024-06,3
330,2024-07,3
330,2024-08,3
330,2024-09,3
330,2024-10,3
330,2024-11,3
330,2024-12,3
331,2023-01,3
331,2023-02,3
331,2023-03,3
331,2023-04,3
331,2023-05,3
331,2023-06,3
331,2023-07,3
331,2023-08,3
331,2023-09,3
331,2023-10,3
331,2023-11,3
331,2023-12,3
331,2024-01,3
331,2024-02,3
331,2024-03,3
331,2024-04,3
331,2024-05,3
331,2024-06,3
331,2024-07,3
331,2024-08,3
331,2024-09,3
331,2024-10,3
331,2024-11,3
331,2024-12,3
332,2023-01,3
332,2023-02,3
332,2023-03,3
332,2023-04,3
332,2023-05,3
332,2023-06,3
332,2023-07,3
332,2023-08,3
332,2023-09,3
332,2023-10,3
332,2023-11,3
332,2023-12,3
332,2024-01,3
332,2024-02,3
332,2024-03,3
332,2024-04,3
332,2024-05,3
332,2024-06,3
332,2024-07,3
332,2024-08,3
332,2024-09,3
332,2024-10,3
332,2024-11,3
332,2024-12,3
333,2023-01,3
333,2023-02,3
333,2023-03,3
333,2023-04,3
333,2023-05,3
333,2023-06,3
333,2023-07,3
333,2023-08,3
333,2023-09,3
333,2023-10,3
333,2023-11,3
333,2023-12,3
333,2024-01,3
333,2024-02,3
333,2024-03,3
333,2024-04,3
333,2024-05,3
333,2024-06,3
333,2024-07,3
333,2024-08,3
333,2024-09,3
333,2024-10,3
333,2024-11,3
333,2024-12,3
334,2023-01,3
334,2023-02,3
334,2023-03,3
334,2023-04,3
334,2023-05,3
334,2023-06,3
334,2023-07,3
334,2023-08,3
334,2023-09,3
334,2023-10,3
334,2023-11,3
334,2023-12,3
334,2024-01,3
334,2024-02,3
334,2024-03,3
334,2024-04,3
334,2024-05,3
334,2024-06,3
334,2024-07,3
334,2024-08,3
334,2024-09,3
334,2024-10,3
334,2024-11,3
334,2024-12,3
335,2023-01,3
335,2023-02,3
335,2023-03,3
335,2023-04,3
335,2023-05,3
335,2023-06,3
335,2023-07,3
335,2023-08,3
335,2023-09,3
335,2023-10,3
335,2023-11,3
335,2023-12,3
335,2024-01,3
335,2024-02,3
335,2024-03,3
335,2024-04,3
335,2024-05,3
335,2024-06,3
335,2024-07,3
335,2024-08,3
335,2024-09,3
335,2024-10,3
335,2024-11,3
335,2024-12,3
336,2023-01,3
336,2023-02,3
336,2023-03,3
336,2023-04,3
336,2023-05,3
336,2023-06,3
336,2023-07,3
336,2023-08,3
336,2023-09,3
336,2023-10,3
336,2023-11,3
336,2023-12,3
336,2024-01,3
336,2024-02,3
336,2024-03,3
336,2024-04,3
336,2024-05,3
336,2024-06,3
336,2024-07,3
336,2024-08,3
336,2024-09,3
336,2024-10,3
336,2024-11,3
336,2024-12,3
337,2023-01,3
337,2023-02,3
337,2023-03,3
337,2023-04,3
337,2023-05,3
337,2023-06,3
337,2023-07,3
337,2023-08,3
337,2023-09,3
337,2023-10,3
337,2023-11,3
337,2023-12,3
337,2024-01,3
337,2024-02,3
337,2024-03,3
337,2024-04,3
337,2024-05,3
337,2024-06,3
337,2024-07,3
337,2024-08,3
337,2024-09,3
337,2024-10,3
337,2024-11,3
337,2024-12,3
338,2023-01,3
338,2023-02,3
338,2023-03,3
338,2023-04,3
338,2023-05,3
338,2023-06,3
338,2023-07,3
338,2023-08,3
338,2023-09,3
338,2023-10,3
338,2023-11,3
338,2023-12,3
338,2024-01,3
338,2024-02,3
338,2024-03,3
338,2024-04,3
338,2024-05,3
338,2024-06,3
338,2024-07,3
338,2024-08,3
338,2024-09,3
338,2024-10,3
338,2024-11,3
338,2024-12,3
339,2023-01,3
339,2023-02,3
339,2023-03,3
339,2023-04,3
339,2023-05,3
339,2023-06,3
339,2023-07,3
339,2023-08,3
339,2023-09,3
339,2023-10,3
339,2023-11,3
339,2023-12,3
339,2024-01,3
339,2024-02,3
339,2024-03,3
339,2024-04,3
339,2024-05,3
339,2024-06,3
339,2024-07,3
339,2024-08,3
339,2024-09,3
339,2024-10,3
339,2024-11,3
339,2024-12,3
340,2023-01,3
340,2023-02,3
340,2023-03,3
340,2023-04,3
340,2023-05,3
340,2023-06,3
340,2023-07,3
340,2023-08,3
340,2023-09,3
340,2023-10,3
340,2023-11,3
340,2023-12,3
340,2024-01,3
340,2024-02,3
340,2024-03,3
340,2024-04,3
340,2024-05,3
340,2024-06,3
340,2024-07,3
340,2024-08,3
340,2024-09,3
340,2024-10,3
340,2024-11,3
340,2024-12,3
341,2023-01,3
341,2023-02,3
341,2023-03,3
341,2023-04,3
341,2023-05,3
341,2023-06,3
341,2023-07,3
341,2023-08,3
341,2023-09,3
341,2023-10,3
341,2023-11,3
341,2023-12,3
341,2024-01,3
341,2024-02,3
341,2024-03,3
341,2024-04,3
341,2024-05,3
341,2024-06,3
341,2024-07,3
341,2024-08,3
341,2024-09,3
341,2024-10,3
341,2024-11,3
341,2024-12,3
342,2023-01,3
342,2023-02,3
342,2023-03,3
342,2023-04,3
342,2023-05,3
342,2023-06,3
342,2023-07,3
342,2023-08,3
342,2023-09,3
342,2023-10,3
342,2023-11,3
342,2023-12,3
342,2024-01,3
342,2024-02,3
342,2024-03,3
342,2024-04,3
342,2024-05,3
342,2024-06,3
342,2024-07,3
342,2024-08,3
342,2024-09,3
342,2024-10,3
342,2024-11,3
342,2024-12,3
343,2023-01,3
343,2023-02,3
343,2023-03,3
343,2023-04,3
343,2023-05,3
343,2023-06,3
343,2023-07,3
343,2023-08,3
343,2023-09,3
343,2023-10,3
343,2023-11,3
343,2023-12,3
343,2024-01,3
343,2024-02,3
343,2024-03,3
343,2024-04,3
343,2024-05,3
343,2024-06,3
343,2024-07,3
343,2024-08,3
343,2024-09,3
343,2024-10,3
343,2024-11,3
343,2024-12,3
345,2023-01,4
345,2023-02,4
345,2023-03,4
345,2023-04,4
345,2023-05,4
345,2023-06,4
345,2023-07,4
345,2023-08,4
345,2023-09,4
345,2023-10,4
345,2023-11,4
345,2023-12,4
345,2024-01,4
345,2024-02,4
345,2024-03,4
345,2024-04,4
345,2024-05,4
345,2024-06,4
345,2024-07,4
345,2024-08,4
345,2024-09,4
345,2024-10,4
345,2024-11,4
345,2024-12,4
346,2023-01,4
346,2023-02,4
346,2023-03,4
346,2023-04,4
346,2023-05,4
346,2023-06,4
346,2023-07,4
346,2023-08,4
346,2023-09,4
346,2023-10,4
346,2023-11,4
346,2023-12,4
346,2024-01,4
346,2024-02,4
346,2024-03,4
346,2024-04,4
346,2024-05,4
346,2024-06,4
346,2024-07,4
346,2024-08,4
346,2024-09,4
346,2024-10,4
346,2024-11,4
346,2024-12,4
347,2023-01,4
347,2023-02,2
347,2023-03,2
347,2023-04,4
347,2023-05,4
347,2023-06,4
347,2023-07,2
347,2023-08,4
347,2023-09,4
347,2023-10,4
347,2023-11,2
347,2023-12,2
347,2024-01,4
347,2024-02,4
347,2024-03,2
347,2024-04,2
347,2024-05,2
347,2024-06,2
347,2024-07,4
347,2024-08,2
347,2024-09,2
347,2024-10,2
347,2024-11,2
347,2024-12,2
348,2023-01,1
348,2023-02,1
348,2023-03,1
348,2023-04,2
348,2023-05,4
348,2023-06,4
348,2023-07,4
348,2023-08,4
348,2023-09,4
348,2023-10,4
348,2023-11,2
348,2023-12,2
348,2024-01,2
348,2024-02,4
348,2024-03,2
348,2024-04,2
348,2024-05,2
348,2024-06,2
348,2024-07,2
348,2024-08,2
348,2024-09,2
348,2024-10,2
348,2024-11,2
348,2024-12,2
349,2023-01,1
349,2023-02,1
349,2023-03,1
349,2023-04,1
349,2023-05,2
349,2023-06,1
349,2023-07,1
349,2023-08,1
349,2023-09,1
349,2023-10,1
349,2023-11,1
349,2023-12,1
349,2024-01,1
349,2024-02,1
349,2024-03,1
349,2024-04,1
349,2024-05,1
349,2024-06,1
349,2024-07,1
349,2024-08,1
349,2024-09,1
349,2024-10,1
349,2024-11,1
349,2024-12,1
351,2023-01,2
351,2023-02,2
351,2023-03,2
351,2023-04,2
351,2023-05,2
351,2023-06,2
351,2023-07,2
351,2023-08,2
351,2023-09,2
351,2023-10,2
351,2023-11,2
351,2023-12,2
351,2024-01,2
351,2024-02,2
351,2024-03,2
351,2024-04,2
351,2024-05,2
351,2024-06,2
351,2024-07,2
351,2024-08,2
351,2024-09,2
351,2024-10,2
351,2024-11,2
351,2024-12,2
352,2023-01,2
352,2023-02,2
352,2023-03,2
352,2023-04,2
352,2023-05,4
352,2023-06,4
352,2023-07,4
352,2023-08,4
352,2023-09,4
352,2023-10,4
352,2023-11,2
352,2023-12,2
352,2024-01,4
352,2024-02,4
352,2024-03,4
352,2024-04,4
352,2024-05,4
352,2024-06,4
352,2024-07,4
352,2024-08,2
352,2024-09,4
352,2024-10,4
352,2024-11,4
352,2024-12,2
354,2023-01,4
354,2023-02,4
354,2023-03,4
354,2023-04,4
354,2023-05,4
354,2023-06,4
354,2023-07,4
354,2023-08,4
354,2023-09,4
354,2023-10,4
354,2023-11,4
354,2023-12,4
354,2024-01,4
354,2024-02,4
354,2024-03,4
354,2024-04,4
354,2024-05,4
354,2024-06,4
354,2024-07,4
354,2024-08,4
354,2024-09,4
354,2024-10,4
354,2024-11,4
354,2024-12,4
355,2023-01,4
355,2023-02,2
355,2023-03,4
355,2023-04,4
355,2023-05,4
355,2023-06,4
355,2023-07,4
355,2023-08,4
355,2023-09,4
355,2023-10,4
355,2023-11,4
355,2023-12,4
355,2024-01,4
355,2024-02,4
355,2024-03,4
355,2024-04,4
355,2024-05,4
355,2024-06,4
355,2024-07,4
355,2024-08,4
355,2024-09,4
355,2024-10,4
355,2024-11,4
355,2024-12,4
356,2023-01,2
356,2023-02,2
356,2023-03,2
356,2023-04,1
356,2023-05,1
356,2023-06,1
356,2023-07,1
356,2023-08,1
356,2023-09,1
356,2023-10,1
356,2023-11,1
356,2023-12,1
356,2024-01,1
356,2024-02,1
356,2024-03,1
356,2024-04,1
356,2024-05,1
356,2024-06,1
356,2024-07,1
356,2024-08,1
356,2024-09,1
356,2024-10,2
356,2024-11,1
356,2024-12,1
357,2023-01,2
357,2023-02,2
357,2023-03,2
357,2023-04,2
357,2023-05,2
357,2023-06,2
357,2023-07,2
357,2023-08,2
357,2023-09,2
357,2023-10,2
357,2023-11,2
357,2023-12,2
357,2024-01,2
357,2024-02,2
357,2024-03,2
357,2024-04,2
357,2024-05,2
357,2024-06,2
357,2024-07,2
357,2024-08,2
357,2024-09,2
357,2024-10,2
357,2024-11,2
357,2024-12,2
358,2023-01,1
358,2023-02,1
358,2023-03,1
358,2023-04,1
358,2023-05,1
358,2023-06,1
358,2023-07,1
358,2023-08,1
358,2023-09,1
358,2023-10,1
358,2023-11,1
358,2023-12,1
358,2024-01,1
358,2024-02,1
358,2024-03,1
358,2024-04,1
358,2024-05,1
358,2024-06,1
358,2024-07,1
358,2024-08,1
358,2024-09,1
358,2024-10,1
358,2024-11,1
358,2024-12,1
359,2023-01,1
359,2023-02,1
359,2023-03,1
359,2023-04,1
359,2023-05,1
359,2023-06,1
359,2023-07,1
359,2023-08,1
359,2023-09,1
359,2023-10,1
359,2023-11,1
359,2023-12,1
359,2024-01,1
359,2024-02,1
359,2024-03,1
359,2024-04,1
359,2024-05,1
359,2024-06,1
359,2024-07,1
359,2024-08,1
359,2024-09,1
359,2024-10,1
359,2024-11,1
359,2024-12,1
360,2023-01,1
360,2023-02,1
360,2023-03,1
360,2023-04,1
360,2023-05,1
360,2023-06,1
360,2023-07,1
360,2023-08,1
360,2023-09,1
360,2023-10,1
360,2023-11,1
360,2023-12,1
360,2024-01,1
360,2024-02,1
360,2024-03,1
360,2024-04,1
360,2024-05,1
360,2024-06,1
360,2024-07,1
360,2024-08,1
360,2024-09,1
360,2024-10,1
360,2024-11,1
360,2024-12,1
361,2023-01,1
361,2023-02,1
361,2023-03,1
361,2023-04,1
361,2023-05,1
361,2023-06,1
361,2023-07,1
361,2023-08,1
361,2023-09,1
361,2023-10,1
361,2023-11,1
361,2023-12,1
361,2024-01,1
361,2024-02,1
361,2024-03,1
361,2024-04,1
361,2024-05,1
361,2024-06,1
361,2024-07,1
361,2024-08,1
361,2024-09,1
361,2024-10,1
361,2024-11,1
361,2024-12,1
362,2023-01,2
362,2023-02,2
362,2023-03,2
362,2023-04,2
362,2023-05,2
362,2023-06,2
362,2023-07,2
362,2023-08,2
362,2023-09,2
362,2023-10,2
362,2023-11,2
362,2023-12,2
362,2024-01,2
362,2024-02,2
362,2024-03,2
362,2024-04,2
362,2024-05,4
362,2024-06,4
362,2024-07,4
362,2024-08,4
362,2024-09,4
362,2024-10,4
362,2024-11,2
362,2024-12,2
363,2023-01,1
363,2023-02,1
363,2023-03,1
363,2023-04,1
363,2023-05,1
363,2023-06,1
363,2023-07,1
363,2023-08,1
363,2023-09,1
363,2023-10,1
363,2023-11,1
363,2023-12,1
363,2024-01,1
363,2024-02,1
363,2024-03,1
363,2024-04,1
363,2024-05,1
363,2024-06,1
363,2024-07,1
363,2024-08,1
363,2024-09,1
363,2024-10,1
363,2024-11,1
363,2024-12,1
364,2023-01,2
364,2023-02,2
364,2023-03,2
364,2023-04,1
364,2023-05,2
364,2023-06,1
364,2023-07,1
364,2023-08,2
364,2023-09,2
364,2023-10,1
364,2023-11,2
364,2023-12,2
364,2024-01,2
364,2024-02,2
364,2024-03,2
364,2024-04,1
364,2024-05,1
364,2024-06,1
364,2024-07,1
364,2024-08,1
364,2024-09,1
364,2024-10,1
364,2024-11,2
364,2024-12,2
365,2023-01,1
365,2023-02,1
365,2023-03,1
365,2023-04,1
365,2023-05,1
365,2023-06,1
365,2023-07,1
365,2023-08,1
365,2023-09,1
365,2023-10,1
365,2023-11,1
365,2023-12,1
365,2024-01,1
365,2024-02,1
365,2024-03,1
365,2024-04,1
365,2024-05,1
365,2024-06,1
365,2024-07,1
365,2024-08,1
365,2024-09,1
365,2024-10,1
365,2024-11,1
365,2024-12,1
366,2023-01,2
366,2023-02,2
366,2023-03,2
366,2023-04,2
366,2023-05,2
366,2023-06,2
366,2023-07,2
366,2023-08,2
366,2023-09,1
366,2023-10,1
366,2023-11,2
366,2023-12,2
366,2024-01,2
366,2024-02,2
366,2024-03,2
366,2024-04,2
366,2024-05,1
366,2024-06,1
366,2024-07,1
366,2024-08,1
366,2024-09,1
366,2024-10,1
366,2024-11,1
366,2024-12,1
367,2023-01,1
367,2023-02,1
367,2023-03,1
367,2023-04,1
367,2023-05,1
367,2023-06,1
367,2023-07,1
367,2023-08,1
367,2023-09,1
367,2023-10,1
367,2023-11,1
367,2023-12,1
367,2024-01,1
367,2024-02,1
367,2024-03,1
367,2024-04,1
367,2024-05,1
367,2024-06,1
367,2024-07,1
367,2024-08,1
367,2024-09,1
367,2024-10,1
367,2024-11,1
367,2024-12,1
368,2023-01,2
368,2023-02,2
368,2023-03,2
368,2023-04,2
368,2023-05,2
368,2023-06,2
368,2023-07,2
368,2023-08,2
368,2023-09,2
368,2023-10,2
368,2023-11,2
368,2023-12,2
368,2024-01,2
368,2024-02,2
368,2024-03,2
368,2024-04,2
368,2024-05,2
368,2024-06,2
368,2024-07,2
368,2024-08,2
368,2024-09,2
368,2024-10,2
368,2024-11,2
368,2024-12,2
369,2023-01,1
369,2023-02,1
369,2023-03,1
369,2023-04,1
369,2023-05,1
369,2023-06,1
369,2023-07,1
369,2023-08,1
369,2023-09,1
369,2023-10,1
369,2023-11,1
369,2023-12,1
369,2024-01,1
369,2024-02,1
369,2024-03,1
369,2024-04,1
369,2024-05,1
369,2024-06,1
369,2024-07,1
369,2024-08,1
369,2024-09,1
369,2024-10,1
369,2024-11,1
369,2024-12,1
370,2023-01,2
370,2023-02,2
370,2023-03,2
370,2023-04,2
370,2023-05,2
370,2023-06,2
370,2023-07,2
370,2023-08,2
370,2023-09,2
370,2023-10,2
370,2023-11,2
370,2023-12,2
370,2024-01,2
370,2024-02,2
370,2024-03,2
370,2024-04,2
370,2024-05,2
370,2024-06,2
370,2024-07,2
370,2024-08,2
370,2024-09,2
370,2024-10,1
370,2024-11,1
370,2024-12,1
371,2023-01,2
371,2023-02,2
371,2023-03,2
371,2023-04,2
371,2023-05,2
371,2023-06,2
371,2023-07,2
371,2023-08,2
371,2023-09,2
371,2023-10,2
371,2023-11,2
371,2023-12,2
371,2024-01,2
371,2024-02,2
371,2024-03,2
371,2024-04,2
371,2024-05,2
371,2024-06,2
371,2024-07,2
371,2024-08,2
371,2024-09,2
371,2024-10,2
371,2024-11,2
371,2024-12,2
372,2023-01,1
372,2023-02,1
372,2023-03,1
372,2023-04,1
372,2023-05,1
372,2023-06,1
372,2023-07,1
372,2023-08,1
372,2023-09,1
372,2023-10,1
372,2023-11,1
372,2023-12,1
372,2024-01,1
372,2024-02,1
372,2024-03,1
372,2024-04,1
372,2024-05,1
372,2024-06,1
372,2024-07,1
372,2024-08,1
372,2024-09,1
372,2024-10,1
372,2024-11,1
372,2024-12,1
373,2023-01,2
373,2023-02,2
373,2023-03,2
373,2023-04,2
373,2023-05,2
373,2023-06,4
373,2023-07,4
373,2023-08,4
373,2023-09,2
373,2023-10,4
373,2023-11,2
373,2023-12,2
373,2024-01,2
373,2024-02,2
373,2024-03,2
373,2024-04,4
373,2024-05,4
373,2024-06,4
373,2024-07,4
373,2024-08,4
373,2024-09,4
373,2024-10,4
373,2024-11,4
373,2024-12,2
374,2023-01,2
374,2023-02,2
374,2023-03,2
374,2023-04,2
374,2023-05,2
374,2023-06,2
374,2023-07,2
374,2023-08,2
374,2023-09,2
374,2023-10,2
374,2023-11,2
374,2023-12,2
374,2024-01,2
374,2024-02,2
374,2024-03,2
374,2024-04,2
374,2024-05,2
374,2024-06,2
374,2024-07,2
374,2024-08,2
374,2024-09,2
374,2024-10,2
374,2024-11,2
374,2024-12,2
375,2023-01,2
375,2023-02,2
375,2023-03,2
375,2023-04,2
375,2023-05,2
375,2023-06,2
375,2023-07,2
375,2023-08,2
375,2023-09,2
375,2023-10,2
375,2023-11,2
375,2023-12,2
375,2024-01,2
375,2024-02,2
375,2024-03,2
375,2024-04,2
375,2024-05,2
375,2024-06,2
375,2024-07,2
375,2024-08,2
375,2024-09,2
375,2024-10,2
375,2024-11,2
375,2024-12,2
376,2023-01,1
376,2023-02,1
376,2023-03,1
376,2023-04,1
376,2023-05,1
376,2023-06,1
376,2023-07,1
376,2023-08,1
376,2023-09,1
376,2023-10,1
376,2023-11,1
376,2023-12,1
376,2024-01,1
376,2024-02,1
376,2024-03,1
376,2024-04,1
376,2024-05,1
376,2024-06,1
376,2024-07,1
376,2024-08,1
376,2024-09,1
376,2024-10,1
376,2024-11,1
376,2024-12,1
377,2023-01,1
377,2023-02,1
377,2023-03,1
377,2023-04,1
377,2023-05,1
377,2023-06,1
377,2023-07,1
377,2023-08,1
377,2023-09,1
377,2023-10,1
377,2023-11,1
377,2023-12,1
377,2024-01,1
377,2024-02,1
377,2024-03,1
377,2024-04,1
377,2024-05,1
377,2024-06,1
377,2024-07,1
377,2024-08,1
377,2024-09,1
377,2024-10,1
377,2024-11,1
377,2024-12,1
378,2023-01,2
378,2023-02,2
378,2023-03,2
378,2023-04,1
378,2023-05,1
378,2023-06,1
378,2023-07,2
378,2023-08,2
378,2023-09,1
378,2023-10,1
378,2023-11,1
378,2023-12,1
378,2024-01,2
378,2024-02,1
378,2024-03,1
378,2024-04,1
378,2024-05,1
378,2024-06,1
378,2024-07,1
378,2024-08,1
378,2024-09,1
378,2024-10,1
378,2024-11,1
378,2024-12,1
379,2023-01,2
379,2023-02,2
379,2023-03,2
379,2023-04,2
379,2023-05,2
379,2023-06,2
379,2023-07,2
379,2023-08,2
379,2023-09,2
379,2023-10,2
379,2023-11,2
379,2023-12,2
379,2024-01,2
379,2024-02,2
379,2024-03,2
379,2024-04,2
379,2024-05,2
379,2024-06,2
379,2024-07,2
379,2024-08,2
379,2024-09,2
379,2024-10,2
379,2024-11,2
379,2024-12,2
380,2023-01,2
380,2023-02,2
380,2023-03,2
380,2023-04,2
380,2023-05,2
380,2023-06,2
380,2023-07,2
380,2023-08,2
380,2023-09,2
380,2023-10,2
380,2023-11,2
380,2023-12,2
380,2024-01,2
380,2024-02,2
380,2024-03,2
380,2024-04,2
380,2024-05,2
380,2024-06,2
380,2024-07,2
380,2024-08,2
380,2024-09,2
380,2024-10,2
380,2024-11,2
380,2024-12,2
381,2023-01,2
381,2023-02,1
381,2023-03,1
381,2023-04,1
381,2023-05,1
381,2023-06,1
381,2023-07,1
381,2023-08,1
381,2023-09,1
381,2023-10,1
381,2023-11,1
381,2023-12,1
381,2024-01,1
381,2024-02,1
381,2024-03,1
381,2024-04,1
381,2024-05,1
381,2024-06,1
381,2024-07,1
381,2024-08,1
381,2024-09,1
381,2024-10,1
381,2024-11,1
381,2024-12,1
382,2023-01,2
382,2023-02,2
382,2023-03,2
382,2023-04,2
382,2023-05,2
382,2023-06,2
382,2023-07,2
382,2023-08,2
382,2023-09,1
382,2023-10,1
382,2023-11,1
382,2023-12,1
382,2024-01,2
382,2024-02,1
382,2024-03,1
382,2024-04,1
382,2024-05,1
382,2024-06,1
382,2024-07,1
382,2024-08,1
382,2024-09,1
382,2024-10,1
382,2024-11,1
382,2024-12,1
383,2023-01,2
383,2023-02,2
383,2023-03,2
383,2023-04,1
383,2023-05,2
383,2023-06,1
383,2023-07,1
383,2023-08,1
383,2023-09,1
383,2023-10,1
383,2023-11,1
383,2023-12,1
383,2024-01,1
383,2024-02,1
383,2024-03,1
383,2024-04,1
383,2024-05,1
383,2024-06,1
383,2024-07,1
383,2024-08,1
383,2024-09,1
383,2024-10,1
383,2024-11,1
383,2024-12,1
384,2023-01,1
384,2023-02,1
384,2023-03,1
384,2023-04,1
384,2023-05,1
384,2023-06,1
384,2023-07,1
384,2023-08,1
384,2023-09,1
384,2023-10,1
384,2023-11,1
384,2023-12,1
384,2024-01,1
384,2024-02,1
384,2024-03,1
384,2024-04,1
384,2024-05,1
384,2024-06,1
384,2024-07,1
384,2024-08,1
384,2024-09,1
384,2024-10,1
384,2024-11,1
384,2024-12,1
385,2023-01,2
385,2023-02,2
385,2023-03,2
385,2023-04,4
385,2023-05,4
385,2023-06,4
385,2023-07,4
385,2023-08,4
385,2023-09,4
385,2023-10,4
385,2023-11,4
385,2023-12,4
385,2024-01,4
385,2024-02,4
385,2024-03,4
385,2024-04,4
385,2024-05,4
385,2024-06,4
385,2024-07,4
385,2024-08,4
385,2024-09,4
385,2024-10,4
385,2024-11,4
385,2024-12,4
386,2023-01,1
386,2023-02,1
386,2023-03,1
386,2023-04,1
386,2023-05,1
386,2023-06,1
386,2023-07,1
386,2023-08,1
386,2023-09,1
386,2023-10,1
386,2023-11,1
386,2023-12,1
386,2024-01,1
386,2024-02,1
386,2024-03,1
386,2024-04,1
386,2024-05,1
386,2024-06,1
386,2024-07,1
386,2024-08,1
386,2024-09,1
386,2024-10,1
386,2024-11,1
386,2024-12,1
387,2023-01,2
387,2023-02,2
387,2023-03,2
387,2023-04,2
387,2023-05,2
387,2023-06,2
387,2023-07,2
387,2023-08,2
387,2023-09,2
387,2023-10,2
387,2023-11,2
387,2023-12,2
387,2024-01,2
387,2024-02,2
387,2024-03,2
387,2024-04,2
387,2024-05,2
387,2024-06,2
387,2024-07,2
387,2024-08,2
387,2024-09,2
387,2024-10,2
387,2024-11,2
387,2024-12,2
388,2023-01,2
388,2023-02,2
388,2023-03,2
388,2023-04,2
388,2023-05,2
388,2023-06,2
388,2023-07,2
388,2023-08,2
388,2023-09,2
388,2023-10,2
388,2023-11,2
388,2023-12,2
388,2024-01,2
388,2024-02,2
388,2024-03,2
388,2024-04,2
388,2024-05,2
388,2024-06,2
388,2024-07,2
388,2024-08,2
388,2024-09,2
388,2024-10,2
388,2024-11,2
388,2024-12,2
390,2023-01,2
390,2023-02,2
390,2023-03,1
390,2023-04,1
390,2023-05,1
390,2023-06,1
390,2023-07,1
390,2023-08,1
390,2023-09,1
390,2023-10,1
390,2023-11,1
390,2023-12,1
390,2024-01,1
390,2024-02,1
390,2024-03,1
390,2024-04,1
390,2024-05,1
390,2024-06,1
390,2024-07,1
390,2024-08,1
390,2024-09,1
390,2024-10,1
390,2024-11,1
390,2024-12,1
391,2023-01,2
391,2023-02,2
391,2023-03,1
391,2023-04,1
391,2023-05,1
391,2023-06,1
391,2023-07,1
391,2023-08,1
391,2023-09,1
391,2023-10,1
391,2023-11,1
391,2023-12,1
391,2024-01,1
391,2024-02,1
391,2024-03,1
391,2024-04,1
391,2024-05,1
391,2024-06,1
391,2024-07,1
391,2024-08,1
391,2024-09,1
391,2024-10,1
391,2024-11,1
391,2024-12,1
392,2023-01,1
392,2023-02,1
392,2023-03,1
392,2023-04,1
392,2023-05,1
392,2023-06,1
392,2023-07,1
392,2023-08,1
392,2023-09,1
392,2023-10,1
392,2023-11,1
392,2023-12,1
392,2024-01,1
392,2024-02,1
392,2024-03,1
392,2024-04,1
392,2024-05,1
392,2024-06,1
392,2024-07,1
392,2024-08,1
392,2024-09,1
392,2024-10,1
392,2024-11,1
392,2024-12,1
393,2023-01,1
393,2023-02,1
393,2023-03,1
393,2023-04,1
393,2023-05,1
393,2023-06,1
393,2023-07,1
393,2023-08,1
393,2023-09,1
393,2023-10,1
393,2023-11,1
393,2023-12,1
393,2024-01,1
393,2024-02,1
393,2024-03,1
393,2024-04,1
393,2024-05,1
393,2024-06,1
393,2024-07,1
393,2024-08,1
393,2024-09,1
393,2024-10,1
393,2024-11,1
393,2024-12,1
395,2023-01,1
395,2023-02,1
395,2023-03,1
395,2023-04,1
395,2023-05,1
395,2023-06,1
395,2023-07,1
395,2023-08,1
395,2023-09,1
395,2023-10,1
395,2023-11,1
395,2023-12,1
395,2024-01,1
395,2024-02,1
395,2024-03,1
395,2024-04,1
395,2024-05,1
395,2024-06,1
395,2024-07,1
395,2024-08,1
395,2024-09,1
395,2024-10,1
395,2024-11,1
395,2024-12,1
396,2023-01,1
396,2023-02,1
396,2023-03,1
396,2023-04,1
396,2023-05,1
396,2023-06,1
396,2023-07,1
396,2023-08,1
396,2023-09,1
396,2023-10,1
396,2023-11,1
396,2023-12,1
396,2024-01,1
396,2024-02,1
396,2024-03,1
396,2024-04,1
396,2024-05,1
396,2024-06,1
396,2024-07,1
396,2024-08,1
396,2024-09,1
396,2024-10,1
396,2024-11,1
396,2024-12,1
397,2023-01,2
397,2023-02,2
397,2023-03,2
397,2023-04,2
397,2023-05,2
397,2023-06,2
397,2023-07,2
397,2023-08,2
397,2023-09,2
397,2023-10,2
397,2023-11,2
397,2023-12,2
397,2024-01,2
397,2024-02,2
397,2024-03,2
397,2024-04,2
397,2024-05,2
397,2024-06,2
397,2024-07,2
397,2024-08,2
397,2024-09,2
397,2024-10,2
397,2024-11,2
397,2024-12,2
398,2023-01,1
398,2023-02,1
398,2023-03,1
398,2023-04,1
398,2023-05,1
398,2023-06,1
398,2023-07,1
398,2023-08,1
398,2023-09,1
398,2023-10,1
398,2023-11,1
398,2023-12,1
398,2024-01,1
398,2024-02,1
398,2024-03,1
398,2024-04,1
398,2024-05,1
398,2024-06,1
398,2024-07,1
398,2024-08,1
398,2024-09,1
398,2024-10,1
398,2024-11,1
398,2024-12,1
401,2023-01,3
401,2023-02,3
401,2023-03,1
401,2023-04,3
401,2023-05,3
401,2023-06,3
401,2023-07,3
401,2023-08,3
401,2023-09,3
401,2023-10,3
401,2023-11,3
401,2023-12,3
401,2024-01,3
401,2024-02,3
401,2024-03,3
401,2024-04,1
401,2024-05,3
401,2024-06,3
401,2024-07,3
401,2024-08,3
401,2024-09,3
401,2024-10,3
401,2024-11,3
401,2024-12,3
402,2023-01,3
402,2023-02,3
402,2023-03,3
402,2023-04,3
402,2023-05,3
402,2023-06,3
402,2023-07,3
402,2023-08,3
402,2023-09,3
402,2023-10,3
402,2023-11,3
402,2023-12,3
402,2024-01,3
402,2024-02,3
402,2024-03,3
402,2024-04,3
402,2024-05,3
402,2024-06,3
402,2024-07,3
402,2024-08,3
402,2024-09,3
402,2024-10,3
402,2024-11,3
402,2024-12,3
403,2023-01,1
403,2023-02,1
403,2023-03,3
403,2023-04,1
403,2023-05,1
403,2023-06,3
403,2023-07,3
403,2023-08,3
403,2023-09,3
403,2023-10,3
403,2023-11,3
403,2023-12,3
403,2024-01,3
403,2024-02,3
403,2024-03,3
403,2024-04,3
403,2024-05,1
403,2024-06,3
403,2024-07,3
403,2024-08,3
403,2024-09,3
403,2024-10,3
403,2024-11,3
403,2024-12,3
404,2023-01,1
404,2023-02,1
404,2023-03,1
404,2023-04,1
404,2023-05,1
404,2023-06,1
404,2023-07,1
404,2023-08,1
404,2023-09,1
404,2023-10,3
404,2023-11,3
404,2023-12,1
404,2024-01,1
404,2024-02,3
404,2024-03,1
404,2024-04,1
404,2024-05,1
404,2024-06,1
404,2024-07,1
404,2024-08,3
404,2024-09,1
404,2024-10,3
404,2024-11,3
404,2024-12,3
405,2023-01,2
405,2023-02,2
405,2023-03,3
405,2023-04,2
405,2023-05,2
405,2023-06,3
405,2023-07,3
405,2023-08,3
405,2023-09,2
405,2023-10,2
405,2023-11,3
405,2023-12,3
405,2024-01,2
405,2024-02,2
405,2024-03,2
405,2024-04,2
405,2024-05,3
405,2024-06,3
405,2024-07,2
405,2024-08,3
405,2024-09,3
405,2024-10,3
405,2024-11,3
405,2024-12,3
408,2023-01,3
408,2023-02,1
408,2023-03,1
408,2023-04,1
408,2023-05,1
408,2023-06,3
408,2023-07,1
408,2023-08,1
408,2023-09,1
408,2023-10,1
408,2023-11,3
408,2023-12,1
408,2024-01,1
408,2024-02,1
408,2024-03,1
408,2024-04,1
408,2024-05,1
408,2024-06,1
408,2024-07,1
408,2024-08,1
408,2024-09,1
408,2024-10,3
408,2024-11,1
408,2024-12,3
410,2023-01,3
410,2023-02,3
410,2023-03,3
410,2023-04,3
410,2023-05,3
410,2023-06,3
410,2023-07,3
410,2023-08,3
410,2023-09,3
410,2023-10,3
410,2023-11,3
410,2023-12,3
410,2024-01,3
410,2024-02,3
410,2024-03,3
410,2024-04,3
410,2024-05,3
410,2024-06,3
410,2024-07,3
410,2024-08,3
410,2024-09,3
410,2024-10,3
410,2024-11,3
410,2024-12,3
413,2023-01,3
413,2023-02,3
413,2023-03,3
413,2023-04,3
413,2023-05,3
413,2023-06,3
413,2023-07,3
413,2023-08,3
413,2023-09,3
413,2023-10,3
413,2023-11,3
413,2023-12,3
413,2024-01,3
413,2024-02,3
413,2024-03,3
413,2024-04,3
413,2024-05,3
413,2024-06,3
413,2024-07,3
413,2024-08,3
413,2024-09,3
413,2024-10,3
413,2024-11,3
413,2024-12,3
414,2023-01,2
414,2023-02,2
414,2023-03,2
414,2023-04,2
414,2023-05,3
414,2023-06,2
414,2023-07,2
414,2023-08,2
414,2023-09,2
414,2023-10,2
414,2023-11,3
414,2023-12,3
414,2024-01,2
414,2024-02,2
414,2024-03,2
414,2024-04,2
414,2024-05,2
414,2024-06,2
414,2024-07,3
414,2024-08,2
414,2024-09,3
414,2024-10,3
414,2024-11,3
414,2024-12,3
416,2023-01,1
416,2023-02,1
416,2023-03,3
416,2023-04,3
416,2023-05,1
416,2023-06,3
416,2023-07,3
416,2023-08,3
416,2023-09,1
416,2023-10,3
416,2023-11,3
416,2023-12,3
416,2024-01,3
416,2024-02,3
416,2024-03,3
416,2024-04,3
416,2024-05,3
416,2024-06,3
416,2024-07,3
416,2024-08,3
416,2024-09,3
416,2024-10,3
416,2024-11,3
416,2024-12,3
418,2023-01,2
418,2023-02,2
418,2023-03,2
418,2023-04,4
418,2023-05,4
418,2023-06,4
418,2023-07,4
418,2023-08,4
418,2023-09,4
418,2023-10,4
418,2023-11,4
418,2023-12,4
418,2024-01,4
418,2024-02,4
418,2024-03,4
418,2024-04,4
418,2024-05,4
418,2024-06,4
418,2024-07,4
418,2024-08,4
418,2024-09,4
418,2024-10,4
418,2024-11,4
418,2024-12,4
419,2023-01,2
419,2023-02,2
419,2023-03,2
419,2023-04,2
419,2023-05,2
419,2023-06,2
419,2023-07,2
419,2023-08,2
419,2023-09,2
419,2023-10,2
419,2023-11,2
419,2023-12,2
419,2024-01,2
419,2024-02,2
419,2024-03,2
419,2024-04,2
419,2024-05,2
419,2024-06,2
419,2024-07,2
419,2024-08,2
419,2024-09,2
419,2024-10,2
419,2024-11,2
419,2024-12,2
420,2023-01,2
420,2023-02,2
420,2023-03,2
420,2023-04,2
420,2023-05,2
420,2023-06,2
420,2023-07,2
420,2023-08,2
420,2023-09,2
420,2023-10,2
420,2023-11,2
420,2023-12,2
420,2024-01,2
420,2024-02,2
420,2024-03,2
420,2024-04,2
420,2024-05,2
420,2024-06,2
420,2024-07,2
420,2024-08,2
420,2024-09,2
420,2024-10,2
420,2024-11,2
420,2024-12,2
421,2023-01,2
421,2023-02,2
421,2023-03,2
421,2023-04,2
421,2023-05,2
421,2023-06,2
421,2023-07,2
421,2023-08,2
421,2023-09,2
421,2023-10,2
421,2023-11,2
421,2023-12,2
421,2024-01,2
421,2024-02,2
421,2024-03,2
421,2024-04,2
421,2024-05,2
421,2024-06,2
421,2024-07,2
421,2024-08,2
421,2024-09,2
421,2024-10,2
421,2024-11,2
421,2024-12,2
422,2023-01,2
422,2023-02,2
422,2023-03,2
422,2023-04,2
422,2023-05,2
422,2023-06,2
422,2023-07,2
422,2023-08,2
422,2023-09,2
422,2023-10,2
422,2023-11,2
422,2023-12,2
422,2024-01,2
422,2024-02,2
422,2024-03,2
422,2024-04,2
422,2024-05,2
422,2024-06,2
422,2024-07,2
422,2024-08,2
422,2024-09,2
422,2024-10,2
422,2024-11,2
422,2024-12,2
423,2023-01,1
423,2023-02,1
423,2023-03,1
423,2023-04,1
423,2023-05,1
423,2023-06,1
423,2023-07,1
423,2023-08,1
423,2023-09,1
423,2023-10,1
423,2023-11,1
423,2023-12,1
423,2024-01,1
423,2024-02,1
423,2024-03,1
423,2024-04,1
423,2024-05,1
423,2024-06,1
423,2024-07,1
423,2024-08,1
423,2024-09,1
423,2024-10,1
423,2024-11,1
423,2024-12,1
424,2023-01,1
424,2023-02,1
424,2023-03,1
424,2023-04,1
424,2023-05,1
424,2023-06,1
424,2023-07,1
424,2023-08,1
424,2023-09,1
424,2023-10,1
424,2023-11,1
424,2023-12,1
424,2024-01,1
424,2024-02,1
424,2024-03,1
424,2024-04,1
424,2024-05,1
424,2024-06,1
424,2024-07,1
424,2024-08,1
424,2024-09,1
424,2024-10,1
424,2024-11,1
424,2024-12,1
425,2023-01,1
425,2023-02,1
425,2023-03,1
425,2023-04,1
425,2023-05,1
425,2023-06,1
425,2023-07,1
425,2023-08,1
425,2023-09,1
425,2023-10,1
425,2023-11,1
425,2023-12,1
425,2024-01,1
425,2024-02,1
425,2024-03,1
425,2024-04,1
425,2024-05,1
425,2024-06,1
425,2024-07,1
425,2024-08,1
425,2024-09,1
425,2024-10,1
425,2024-11,1
425,2024-12,1
428,2023-01,1
428,2023-02,1
428,2023-03,1
428,2023-04,1
428,2023-05,1
428,2023-06,1
428,2023-07,1
428,2023-08,1
428,2023-09,1
428,2023-10,1
428,2023-11,1
428,2023-12,1
428,2024-01,1
428,2024-02,1
428,2024-03,1
428,2024-04,1
428,2024-05,1
428,2024-06,1
428,2024-07,1
428,2024-08,1
428,2024-09,1
428,2024-10,1
428,2024-11,1
428,2024-12,1
429,2023-01,1
429,2023-02,1
429,2023-03,1
429,2023-04,1
429,2023-05,1
429,2023-06,1
429,2023-07,1
429,2023-08,1
429,2023-09,1
429,2023-10,1
429,2023-11,1
429,2023-12,1
429,2024-01,1
429,2024-02,1
429,2024-03,1
429,2024-04,1
429,2024-05,1
429,2024-06,1
429,2024-07,1
429,2024-08,1
429,2024-09,1
429,2024-10,1
429,2024-11,1
429,2024-12,1
430,2023-01,2
430,2023-02,2
430,2023-03,2
430,2023-04,2
430,2023-05,2
430,2023-06,2
430,2023-07,2
430,2023-08,2
430,2023-09,2
430,2023-10,2
430,2023-11,2
430,2023-12,2
430,2024-01,2
430,2024-02,2
430,2024-03,2
430,2024-04,2
430,2024-05,2
430,2024-06,2
430,2024-07,2
430,2024-08,2
430,2024-09,2
430,2024-10,2
430,2024-11,2
430,2024-12,2
431,2023-01,1
431,2023-02,1
431,2023-03,1
431,2023-04,1
431,2023-05,1
431,2023-06,1
431,2023-07,1
431,2023-08,1
431,2023-09,1
431,2023-10,1
431,2023-11,1
431,2023-12,1
431,2024-01,1
431,2024-02,1
431,2024-03,1
431,2024-04,1
431,2024-05,1
431,2024-06,1
431,2024-07,1
431,2024-08,1
431,2024-09,1
431,2024-10,1
431,2024-11,1
431,2024-12,1
432,2023-01,1
432,2023-02,1
432,2023-03,1
432,2023-04,1
432,2023-05,1
432,2023-06,1
432,2023-07,1
432,2023-08,1
432,2023-09,1
432,2023-10,1
432,2023-11,1
432,2023-12,1
432,2024-01,1
432,2024-02,1
432,2024-03,1
432,2024-04,1
432,2024-05,1
432,2024-06,1
432,2024-07,1
432,2024-08,1
432,2024-09,1
432,2024-10,1
432,2024-11,1
432,2024-12,1
433,2023-01,1
433,2023-02,1
433,2023-03,1
433,2023-04,1
433,2023-05,1
433,2023-06,1
433,2023-07,1
433,2023-08,1
433,2023-09,1
433,2023-10,1
433,2023-11,1
433,2023-12,1
433,2024-01,1
433,2024-02,1
433,2024-03,1
433,2024-04,1
433,2024-05,1
433,2024-06,1
433,2024-07,1
433,2024-08,1
433,2024-09,1
433,2024-10,1
433,2024-11,1
433,2024-12,1
434,2023-01,1
434,2023-02,1
434,2023-03,1
434,2023-04,1
434,2023-05,1
434,2023-06,1
434,2023-07,1
434,2023-08,1
434,2023-09,1
434,2023-10,1
434,2023-11,1
434,2023-12,1
434,2024-01,1
434,2024-02,1
434,2024-03,1
434,2024-04,1
434,2024-05,1
434,2024-06,1
434,2024-07,1
434,2024-08,1
434,2024-09,1
434,2024-10,1
434,2024-11,1
434,2024-12,1
435,2023-01,1
435,2023-02,1
435,2023-03,1
435,2023-04,1
435,2023-05,1
435,2023-06,1
435,2023-07,1
435,2023-08,1
435,2023-09,1
435,2023-10,1
435,2023-11,1
435,2023-12,1
435,2024-01,1
435,2024-02,1
435,2024-03,1
435,2024-04,1
435,2024-05,1
435,2024-06,1
435,2024-07,1
435,2024-08,1
435,2024-09,1
435,2024-10,1
435,2024-11,1
435,2024-12,1
436,2023-01,1
436,2023-02,1
436,2023-03,1
436,2023-04,1
436,2023-05,1
436,2023-06,1
436,2023-07,1
436,2023-08,1
436,2023-09,1
436,2023-10,1
436,2023-11,1
436,2023-12,1
436,2024-01,1
436,2024-02,1
436,2024-03,1
436,2024-04,1
436,2024-05,1
436,2024-06,1
436,2024-07,1
436,2024-08,1
436,2024-09,1
436,2024-10,1
436,2024-11,1
436,2024-12,1
437,2023-01,1
437,2023-02,1
437,2023-03,1
437,2023-04,1
437,2023-05,1
437,2023-06,1
437,2023-07,1
437,2023-08,1
437,2023-09,1
437,2023-10,1
437,2023-11,1
437,2023-12,1
437,2024-01,1
437,2024-02,1
437,2024-03,1
437,2024-04,1
437,2024-05,1
437,2024-06,1
437,2024-07,1
437,2024-08,1
437,2024-09,1
437,2024-10,1
437,2024-11,1
437,2024-12,1
438,2023-01,1
438,2023-02,1
438,2023-03,1
438,2023-04,1
438,2023-05,1
438,2023-06,1
438,2023-07,1
438,2023-08,1
438,2023-09,1
438,2023-10,1
438,2023-11,1
438,2023-12,1
438,2024-01,1
438,2024-02,1
438,2024-03,1
438,2024-04,1
438,2024-05,1
438,2024-06,1
438,2024-07,1
438,2024-08,1
438,2024-09,1
438,2024-10,1
438,2024-11,1
438,2024-12,1
440,2023-01,1
440,2023-02,1
440,2023-03,1
440,2023-04,1
440,2023-05,1
440,2023-06,1
440,2023-07,1
440,2023-08,1
440,2023-09,1
440,2023-10,1
440,2023-11,1
440,2023-12,1
440,2024-01,1
440,2024-02,1
440,2024-03,1
440,2024-04,1
440,2024-05,1
440,2024-06,1
440,2024-07,1
440,2024-08,1
440,2024-09,1
440,2024-10,1
440,2024-11,1
440,2024-12,1
441,2023-01,1
441,2023-02,1
441,2023-03,1
441,2023-04,1
441,2023-05,1
441,2023-06,1
441,2023-07,1
441,2023-08,1
441,2023-09,1
441,2023-10,1
441,2023-11,1
441,2023-12,1
441,2024-01,1
441,2024-02,1
441,2024-03,1
441,2024-04,1
441,2024-05,1
441,2024-06,1
441,2024-07,1
441,2024-08,1
441,2024-09,1
441,2024-10,1
441,2024-11,1
441,2024-12,1
442,2023-01,1
442,2023-02,1
442,2023-03,1
442,2023-04,1
442,2023-05,1
442,2023-06,1
442,2023-07,1
442,2023-08,1
442,2023-09,1
442,2023-10,1
442,2023-11,1
442,2023-12,1
442,2024-01,1
442,2024-02,1
442,2024-03,1
442,2024-04,1
442,2024-05,1
442,2024-06,1
442,2024-07,1
442,2024-08,1
442,2024-09,1
442,2024-10,1
442,2024-11,1
442,2024-12,1
443,2023-01,1
443,2023-02,1
443,2023-03,1
443,2023-04,1
443,2023-05,1
443,2023-06,1
443,2023-07,1
443,2023-08,1
443,2023-09,1
443,2023-10,1
443,2023-11,1
443,2023-12,1
443,2024-01,1
443,2024-02,1
443,2024-03,1
443,2024-04,1
443,2024-05,1
443,2024-06,1
443,2024-07,1
443,2024-08,1
443,2024-09,1
443,2024-10,1
443,2024-11,1
443,2024-12,1
444,2023-01,1
444,2023-02,1
444,2023-03,1
444,2023-04,1
444,2023-05,1
444,2023-06,1
444,2023-07,1
444,2023-08,1
444,2023-09,1
444,2023-10,1
444,2023-11,1
444,2023-12,1
444,2024-01,1
444,2024-02,1
444,2024-03,1
444,2024-04,1
444,2024-05,1
444,2024-06,1
444,2024-07,1
444,2024-08,1
444,2024-09,1
444,2024-10,1
444,2024-11,1
444,2024-12,1
445,2023-01,1
445,2023-02,1
445,2023-03,1
445,2023-04,1
445,2023-05,1
445,2023-06,1
445,2023-07,1
445,2023-08,1
445,2023-09,1
445,2023-10,1
445,2023-11,1
445,2023-12,1
445,2024-01,1
445,2024-02,1
445,2024-03,1
445,2024-04,1
445,2024-05,1
445,2024-06,1
445,2024-07,1
445,2024-08,1
445,2024-09,1
445,2024-10,1
445,2024-11,1
445,2024-12,1
446,2023-01,1
446,2023-02,1
446,2023-03,1
446,2023-04,1
446,2023-05,1
446,2023-06,1
446,2023-07,1
446,2023-08,1
446,2023-09,1
446,2023-10,1
446,2023-11,1
446,2023-12,1
446,2024-01,1
446,2024-02,1
446,2024-03,1
446,2024-04,1
446,2024-05,1
446,2024-06,1
446,2024-07,1
446,2024-08,1
446,2024-09,1
446,2024-10,1
446,2024-11,1
446,2024-12,1
447,2023-01,1
447,2023-02,1
447,2023-03,1
447,2023-04,1
447,2023-05,1
447,2023-06,1
447,2023-07,1
447,2023-08,1
447,2023-09,1
447,2023-10,1
447,2023-11,1
447,2023-12,1
447,2024-01,1
447,2024-02,1
447,2024-03,1
447,2024-04,1
447,2024-05,1
447,2024-06,1
447,2024-07,1
447,2024-08,1
447,2024-09,1
447,2024-10,1
447,2024-11,1
447,2024-12,1
448,2023-01,2
448,2023-02,2
448,2023-03,2
448,2023-04,2
448,2023-05,2
448,2023-06,2
448,2023-07,2
448,2023-08,2
448,2023-09,2
448,2023-10,2
448,2023-11,2
448,2023-12,2
448,2024-01,2
448,2024-02,2
448,2024-03,2
448,2024-04,2
448,2024-05,2
448,2024-06,2
448,2024-07,2
448,2024-08,2
448,2024-09,2
448,2024-10,2
448,2024-11,2
448,2024-12,2
449,2023-01,1
449,2023-02,1
449,2023-03,1
449,2023-04,1
449,2023-05,1
449,2023-06,1
449,2023-07,1
449,2023-08,3
449,2023-09,1
449,2023-10,1
449,2023-11,3
449,2023-12,3
449,2024-01,3
449,2024-02,3
449,2024-03,3
449,2024-04,1
449,2024-05,3
449,2024-06,1
449,2024-07,3
449,2024-08,3
449,2024-09,1
449,2024-10,1
449,2024-11,1
449,2024-12,1
450,2023-01,2
450,2023-02,2
450,2023-03,2
450,2023-04,2
450,2023-05,2
450,2023-06,2
450,2023-07,2
450,2023-08,2
450,2023-09,2
450,2023-10,2
450,2023-11,2
450,2023-12,2
450,2024-01,2
450,2024-02,2
450,2024-03,2
450,2024-04,2
450,2024-05,2
450,2024-06,2
450,2024-07,2
450,2024-08,2
450,2024-09,2
450,2024-10,2
450,2024-11,2
450,2024-12,2
451,2023-01,1
451,2023-02,1
451,2023-03,1
451,2023-04,1
451,2023-05,1
451,2023-06,1
451,2023-07,1
451,2023-08,1
451,2023-09,1
451,2023-10,1
451,2023-11,1
451,2023-12,1
451,2024-01,1
451,2024-02,1
451,2024-03,1
451,2024-04,1
451,2024-05,1
451,2024-06,1
451,2024-07,1
451,2024-08,1
451,2024-09,1
451,2024-10,1
451,2024-11,1
451,2024-12,1
452,2023-01,2
452,2023-02,2
452,2023-03,2
452,2023-04,2
452,2023-05,2
452,2023-06,2
452,2023-07,2
452,2023-08,2
452,2023-09,2
452,2023-10,2
452,2023-11,2
452,2023-12,2
452,2024-01,2
452,2024-02,2
452,2024-03,2
452,2024-04,2
452,2024-05,2
452,2024-06,2
452,2024-07,2
452,2024-08,2
452,2024-09,2
452,2024-10,2
452,2024-11,2
452,2024-12,2
453,2023-01,1
453,2023-02,1
453,2023-03,1
453,2023-04,3
453,2023-05,1
453,2023-06,3
453,2023-07,3
453,2023-08,3
453,2023-09,3
453,2023-10,3
453,2023-11,3
453,2023-12,3
453,2024-01,3
453,2024-02,3
453,2024-03,3
453,2024-04,3
453,2024-05,1
453,2024-06,1
453,2024-07,1
453,2024-08,1
453,2024-09,3
453,2024-10,3
453,2024-11,3
453,2024-12,3
455,2023-01,3
455,2023-02,3
455,2023-03,3
455,2023-04,3
455,2023-05,3
455,2023-06,3
455,2023-07,3
455,2023-08,3
455,2023-09,3
455,2023-10,3
455,2023-11,3
455,2023-12,3
455,2024-01,3
455,2024-02,3
455,2024-03,3
455,2024-04,3
455,2024-05,3
455,2024-06,3
455,2024-07,3
455,2024-08,3
455,2024-09,3
455,2024-10,3
455,2024-11,3
455,2024-12,3
456,2023-01,1
456,2023-02,1
456,2023-03,1
456,2023-04,1
456,2023-05,1
456,2023-06,1
456,2023-07,1
456,2023-08,1
456,2023-09,1
456,2023-10,1
456,2023-11,1
456,2023-12,1
456,2024-01,1
456,2024-02,1
456,2024-03,1
456,2024-04,1
456,2024-05,1
456,2024-06,1
456,2024-07,1
456,2024-08,1
456,2024-09,1
456,2024-10,1
456,2024-11,1
456,2024-12,1
457,2023-01,1
457,2023-02,1
457,2023-03,1
457,2023-04,1
457,2023-05,1
457,2023-06,1
457,2023-07,1
457,2023-08,1
457,2023-09,1
457,2023-10,1
457,2023-11,1
457,2023-12,1
457,2024-01,1
457,2024-02,1
457,2024-03,1
457,2024-04,1
457,2024-05,1
457,2024-06,1
457,2024-07,1
457,2024-08,1
457,2024-09,1
457,2024-10,1
457,2024-11,1
457,2024-12,1
458,2023-01,3
458,2023-02,1
458,2023-03,1
458,2023-04,1
458,2023-05,1
458,2023-06,3
458,2023-07,3
458,2023-08,3
458,2023-09,3
458,2023-10,3
458,2023-11,3
458,2023-12,1
458,2024-01,3
458,2024-02,3
458,2024-03,3
458,2024-04,3
458,2024-05,3
458,2024-06,1
458,2024-07,3
458,2024-08,3
458,2024-09,3
458,2024-10,3
458,2024-11,3
458,2024-12,3
459,2023-01,3
459,2023-02,3
459,2023-03,3
459,2023-04,3
459,2023-05,3
459,2023-06,3
459,2023-07,3
459,2023-08,3
459,2023-09,3
459,2023-10,3
459,2023-11,3
459,2023-12,3
459,2024-01,3
459,2024-02,2
459,2024-03,3
459,2024-04,3
459,2024-05,3
459,2024-06,3
459,2024-07,3
459,2024-08,3
459,2024-09,3
459,2024-10,3
459,2024-11,3
459,2024-12,3
460,2023-01,1
460,2023-02,1
460,2023-03,1
460,2023-04,1
460,2023-05,1
460,2023-06,1
460,2023-07,1
460,2023-08,1
460,2023-09,1
460,2023-10,1
460,2023-11,1
460,2023-12,1
460,2024-01,1
460,2024-02,1
460,2024-03,1
460,2024-04,1
460,2024-05,1
460,2024-06,1
460,2024-07,1
460,2024-08,1
460,2024-09,1
460,2024-10,1
460,2024-11,1
460,2024-12,1
478,2023-01,2
478,2023-02,2
478,2023-03,2
478,2023-04,4
478,2023-05,4
478,2023-06,4
478,2023-07,4
478,2023-08,4
478,2023-09,4
478,2023-10,4
478,2023-11,4
478,2023-12,4
478,2024-01,4
478,2024-02,4
478,2024-03,4
478,2024-04,4
478,2024-05,4
478,2024-06,4
478,2024-07,4
478,2024-08,4
478,2024-09,4
478,2024-10,4
478,2024-11,4
478,2024-12,4
479,2023-01,1
479,2023-02,1
479,2023-03,1
479,2023-04,1
479,2023-05,1
479,2023-06,1
479,2023-07,1
479,2023-08,1
479,2023-09,1
479,2023-10,1
479,2023-11,1
479,2023-12,1
479,2024-01,1
479,2024-02,1
479,2024-03,1
479,2024-04,1
479,2024-05,1
479,2024-06,1
479,2024-07,1
479,2024-08,1
479,2024-09,1
479,2024-10,1
479,2024-11,1
479,2024-12,1
480,2023-01,2
480,2023-02,2
480,2023-03,2
480,2023-04,2
480,2023-05,2
480,2023-06,2
480,2023-07,2
480,2023-08,2
480,2023-09,2
480,2023-10,2
480,2023-11,2
480,2023-12,2
480,2024-01,2
480,2024-02,2
480,2024-03,2
480,2024-04,2
480,2024-05,2
480,2024-06,2
480,2024-07,2
480,2024-08,2
480,2024-09,2
480,2024-10,2
480,2024-11,2
480,2024-12,2
481,2023-01,2
481,2023-02,2
481,2023-03,2
481,2023-04,2
481,2023-05,2
481,2023-06,2
481,2023-07,2
481,2023-08,2
481,2023-09,2
481,2023-10,2
481,2023-11,2
481,2023-12,2
481,2024-01,2
481,2024-02,2
481,2024-03,2
481,2024-04,2
481,2024-05,2
481,2024-06,2
481,2024-07,2
481,2024-08,2
481,2024-09,2
481,2024-10,2
481,2024-11,2
481,2024-12,2
482,2023-01,1
482,2023-02,1
482,2023-03,1
482,2023-04,1
482,2023-05,1
482,2023-06,1
482,2023-07,1
482,2023-08,1
482,2023-09,1
482,2023-10,1
482,2023-11,1
482,2023-12,1
482,2024-01,1
482,2024-02,1
482,2024-03,1
482,2024-04,1
482,2024-05,1
482,2024-06,1
482,2024-07,1
482,2024-08,1
482,2024-09,1
482,2024-10,1
482,2024-11,1
482,2024-12,1
484,2023-01,1
484,2023-02,1
484,2023-03,1
484,2023-04,1
484,2023-05,1
484,2023-06,1
484,2023-07,1
484,2023-08,1
484,2023-09,1
484,2023-10,1
484,2023-11,1
484,2023-12,1
484,2024-01,1
484,2024-02,1
484,2024-03,1
484,2024-04,1
484,2024-05,1
484,2024-06,1
484,2024-07,1
484,2024-08,1
484,2024-09,1
484,2024-10,1
484,2024-11,1
484,2024-12,1
485,2023-01,1
485,2023-02,1
485,2023-03,1
485,2023-04,1
485,2023-05,1
485,2023-06,1
485,2023-07,1
485,2023-08,1
485,2023-09,1
485,2023-10,1
485,2023-11,1
485,2023-12,1
485,2024-01,1
485,2024-02,1
485,2024-03,1
485,2024-04,1
485,2024-05,1
485,2024-06,1
485,2024-07,1
485,2024-08,1
485,2024-09,1
485,2024-10,1
485,2024-11,1
485,2024-12,1
486,2023-01,1
486,2023-02,1
486,2023-03,1
486,2023-04,1
486,2023-05,1
486,2023-06,1
486,2023-07,1
486,2023-08,1
486,2023-09,1
486,2023-10,1
486,2023-11,1
486,2023-12,1
486,2024-01,1
486,2024-02,1
486,2024-03,1
486,2024-04,1
486,2024-05,1
486,2024-06,1
486,2024-07,1
486,2024-08,1
486,2024-09,1
486,2024-10,1
486,2024-11,1
486,2024-12,1
487,2023-01,1
487,2023-02,1
487,2023-03,1
487,2023-04,1
487,2023-05,1
487,2023-06,1
487,2023-07,1
487,2023-08,1
487,2023-09,1
487,2023-10,1
487,2023-11,1
487,2023-12,1
487,2024-01,1
487,2024-02,1
487,2024-03,1
487,2024-04,1
487,2024-05,1
487,2024-06,1
487,2024-07,1
487,2024-08,1
487,2024-09,1
487,2024-10,1
487,2024-11,1
487,2024-12,1
489,2023-01,1
489,2023-02,1
489,2023-03,1
489,2023-04,1
489,2023-05,1
489,2023-06,1
489,2023-07,1
489,2023-08,1
489,2023-09,1
489,2023-10,1
489,2023-11,1
489,2023-12,1
489,2024-01,1
489,2024-02,1
489,2024-03,1
489,2024-04,1
489,2024-05,1
489,2024-06,1
489,2024-07,1
489,2024-08,1
489,2024-09,1
489,2024-10,1
489,2024-11,1
489,2024-12,1
490,2023-01,1
490,2023-02,1
490,2023-03,1
490,2023-04,1
490,2023-05,1
490,2023-06,1
490,2023-07,1
490,2023-08,1
490,2023-09,1
490,2023-10,1
490,2023-11,1
490,2023-12,1
490,2024-01,1
490,2024-02,1
490,2024-03,1
490,2024-04,1
490,2024-05,1
490,2024-06,1
490,2024-07,1
490,2024-08,1
490,2024-09,1
490,2024-10,1
490,2024-11,1
490,2024-12,1
491,2023-01,1
491,2023-02,1
491,2023-03,1
491,2023-04,1
491,2023-05,1
491,2023-06,1
491,2023-07,1
491,2023-08,1
491,2023-09,1
491,2023-10,1
491,2023-11,1
491,2023-12,1
491,2024-01,1
491,2024-02,1
491,2024-03,1
491,2024-04,1
491,2024-05,1
491,2024-06,1
491,2024-07,1
491,2024-08,1
491,2024-09,1
491,2024-10,1
491,2024-11,1
491,2024-12,1
492,2023-01,1
492,2023-02,1
492,2023-03,1
492,2023-04,1
492,2023-05,1
492,2023-06,1
492,2023-07,1
492,2023-08,1
492,2023-09,1
492,2023-10,1
492,2023-11,1
492,2023-12,1
492,2024-01,1
492,2024-02,1
492,2024-03,1
492,2024-04,1
492,2024-05,1
492,2024-06,1
492,2024-07,1
492,2024-08,1
492,2024-09,1
492,2024-10,1
492,2024-11,1
492,2024-12,1
493,2023-01,1
493,2023-02,1
493,2023-03,1
493,2023-04,1
493,2023-05,1
493,2023-06,1
493,2023-07,1
493,2023-08,1
493,2023-09,1
493,2023-10,1
493,2023-11,1
493,2023-12,1
493,2024-01,1
493,2024-02,1
493,2024-03,1
493,2024-04,1
493,2024-05,1
493,2024-06,1
493,2024-07,1
493,2024-08,1
493,2024-09,1
493,2024-10,1
493,2024-11,1
493,2024-12,1
494,2023-01,1
494,2023-02,1
494,2023-03,1
494,2023-04,1
494,2023-05,1
494,2023-06,1
494,2023-07,1
494,2023-08,1
494,2023-09,1
494,2023-10,1
494,2023-11,1
494,2023-12,1
494,2024-01,1
494,2024-02,1
494,2024-03,1
494,2024-04,1
494,2024-05,1
494,2024-06,1
494,2024-07,1
494,2024-08,1
494,2024-09,1
494,2024-10,1
494,2024-11,1
494,2024-12,1
495,2023-01,1
495,2023-02,1
495,2023-03,1
495,2023-04,1
495,2023-05,1
495,2023-06,1
495,2023-07,1
495,2023-08,1
495,2023-09,1
495,2023-10,1
495,2023-11,1
495,2023-12,1
495,2024-01,1
495,2024-02,1
495,2024-03,1
495,2024-04,1
495,2024-05,1
495,2024-06,1
495,2024-07,1
495,2024-08,1
495,2024-09,1
495,2024-10,1
495,2024-11,1
495,2024-12,1
496,2023-01,1
496,2023-02,1
496,2023-03,1
496,2023-04,1
496,2023-05,1
496,2023-06,1
496,2023-07,1
496,2023-08,1
496,2023-09,1
496,2023-10,1
496,2023-11,1
496,2023-12,1
496,2024-01,1
496,2024-02,1
496,2024-03,1
496,2024-04,1
496,2024-05,1
496,2024-06,1
496,2024-07,1
496,2024-08,1
496,2024-09,1
496,2024-10,1
496,2024-11,1
496,2024-12,1
497,2023-01,1
497,2023-02,1
497,2023-03,1
497,2023-04,1
497,2023-05,1
497,2023-06,1
497,2023-07,1
497,2023-08,1
497,2023-09,1
497,2023-10,1
497,2023-11,1
497,2023-12,1
497,2024-01,1
497,2024-02,1
497,2024-03,1
497,2024-04,1
497,2024-05,1
497,2024-06,1
497,2024-07,1
497,2024-08,1
497,2024-09,1
497,2024-10,1
497,2024-11,1
497,2024-12,1
498,2023-01,2
498,2023-02,2
498,2023-03,1
498,2023-04,2
498,2023-05,2
498,2023-06,2
498,2023-07,2
498,2023-08,2
498,2023-09,2
498,2023-10,2
498,2023-11,2
498,2023-12,2
498,2024-01,2
498,2024-02,2
498,2024-03,2
498,2024-04,2
498,2024-05,2
498,2024-06,2
498,2024-07,2
498,2024-08,2
498,2024-09,2
498,2024-10,2
498,2024-11,2
498,2024-12,2
499,2023-01,1
499,2023-02,1
499,2023-03,1
499,2023-04,1
499,2023-05,1
499,2023-06,1
499,2023-07,1
499,2023-08,1
499,2023-09,1
499,2023-10,1
499,2023-11,1
499,2023-12,1
499,2024-01,1
499,2024-02,1
499,2024-03,1
499,2024-04,1
499,2024-05,1
499,2024-06,1
499,2024-07,1
499,2024-08,1
499,2024-09,1
499,2024-10,1
499,2024-11,1
499,2024-12,1
501,2023-01,1
501,2023-02,1
501,2023-03,1
501,2023-04,1
501,2023-05,1
501,2023-06,1
501,2023-07,1
501,2023-08,1
501,2023-09,1
501,2023-10,1
501,2023-11,1
501,2023-12,1
501,2024-01,1
501,2024-02,1
501,2024-03,1
501,2024-04,1
501,2024-05,1
501,2024-06,1
501,2024-07,1
501,2024-08,1
501,2024-09,1
501,2024-10,1
501,2024-11,1
501,2024-12,1
502,2023-01,1
502,2023-02,1
502,2023-03,1
502,2023-04,1
502,2023-05,1
502,2023-06,1
502,2023-07,1
502,2023-08,1
502,2023-09,1
502,2023-10,1
502,2023-11,1
502,2023-12,1
502,2024-01,1
502,2024-02,1
502,2024-03,1
502,2024-04,1
502,2024-05,1
502,2024-06,1
502,2024-07,1
502,2024-08,1
502,2024-09,1
502,2024-10,1
502,2024-11,1
502,2024-12,1
503,2023-01,1
503,2023-02,1
503,2023-03,1
503,2023-04,1
503,2023-05,1
503,2023-06,1
503,2023-07,1
503,2023-08,1
503,2023-09,1
503,2023-10,1
503,2023-11,1
503,2023-12,1
503,2024-01,1
503,2024-02,1
503,2024-03,1
503,2024-04,1
503,2024-05,1
503,2024-06,1
503,2024-07,1
503,2024-08,1
503,2024-09,1
503,2024-10,1
503,2024-11,1
503,2024-12,1
504,2023-01,2
504,2023-02,2
504,2023-03,2
504,2023-04,2
504,2023-05,2
504,2023-06,2
504,2023-07,2
504,2023-08,2
504,2023-09,2
504,2023-10,2
504,2023-11,2
504,2023-12,2
504,2024-01,2
504,2024-02,2
504,2024-03,2
504,2024-04,2
504,2024-05,2
504,2024-06,2
504,2024-07,2
504,2024-08,2
504,2024-09,2
504,2024-10,2
504,2024-11,2
504,2024-12,2
505,2023-01,1
505,2023-02,2
505,2023-03,1
505,2023-04,1
505,2023-05,1
505,2023-06,1
505,2023-07,1
505,2023-08,1
505,2023-09,1
505,2023-10,2
505,2023-11,2
505,2023-12,2
505,2024-01,2
505,2024-02,2
505,2024-03,2
505,2024-04,2
505,2024-05,2
505,2024-06,2
505,2024-07,2
505,2024-08,2
505,2024-09,2
505,2024-10,2
505,2024-11,2
505,2024-12,2
506,2023-01,2
506,2023-02,2
506,2023-03,2
506,2023-04,2
506,2023-05,2
506,2023-06,2
506,2023-07,2
506,2023-08,2
506,2023-09,2
506,2023-10,2
506,2023-11,2
506,2023-12,2
506,2024-01,2
506,2024-02,2
506,2024-03,2
506,2024-04,2
506,2024-05,2
506,2024-06,2
506,2024-07,2
506,2024-08,2
506,2024-09,2
506,2024-10,2
506,2024-11,2
506,2024-12,2
507,2023-01,2
507,2023-02,2
507,2023-03,2
507,2023-04,2
507,2023-05,2
507,2023-06,2
507,2023-07,2
507,2023-08,2
507,2023-09,2
507,2023-10,2
507,2023-11,2
507,2023-12,2
507,2024-01,2
507,2024-02,2
507,2024-03,2
507,2024-04,2
507,2024-05,2
507,2024-06,2
507,2024-07,2
507,2024-08,2
507,2024-09,2
507,2024-10,2
507,2024-11,2
507,2024-12,2
508,2023-01,2
508,2023-02,2
508,2023-03,2
508,2023-04,2
508,2023-05,2
508,2023-06,2
508,2023-07,2
508,2023-08,2
508,2023-09,2
508,2023-10,2
508,2023-11,2
508,2023-12,2
508,2024-01,2
508,2024-02,2
508,2024-03,2
508,2024-04,2
508,2024-05,2
508,2024-06,2
508,2024-07,2
508,2024-08,2
508,2024-09,2
508,2024-10,2
508,2024-11,2
508,2024-12,2
509,2023-01,2
509,2023-02,2
509,2023-03,2
509,2023-04,2
509,2023-05,2
509,2023-06,2
509,2023-07,2
509,2023-08,2
509,2023-09,2
509,2023-10,2
509,2023-11,2
509,2023-12,2
509,2024-01,2
509,2024-02,2
509,2024-03,2
509,2024-04,2
509,2024-05,2
509,2024-06,2
509,2024-07,2
509,2024-08,2
509,2024-09,2
509,2024-10,2
509,2024-11,2
509,2024-12,2
510,2023-01,2
510,2023-02,2
510,2023-03,2
510,2023-04,2
510,2023-05,2
510,2023-06,2
510,2023-07,2
510,2023-08,2
510,2023-09,2
510,2023-10,2
510,2023-11,2
510,2023-12,2
510,2024-01,2
510,2024-02,2
510,2024-03,2
510,2024-04,2
510,2024-05,2
510,2024-06,2
510,2024-07,2
510,2024-08,2
510,2024-09,2
510,2024-10,2
510,2024-11,2
510,2024-12,2
511,2023-01,1
511,2023-02,1
511,2023-03,1
511,2023-04,1
511,2023-05,1
511,2023-06,2
511,2023-07,2
511,2023-08,2
511,2023-09,2
511,2023-10,2
511,2023-11,2
511,2023-12,2
511,2024-01,2
511,2024-02,2
511,2024-03,2
511,2024-04,2
511,2024-05,2
511,2024-06,2
511,2024-07,2
511,2024-08,2
511,2024-09,2
511,2024-10,2
511,2024-11,2
511,2024-12,2
512,2023-01,1
512,2023-02,1
512,2023-03,1
512,2023-04,1
512,2023-05,1
512,2023-06,1
512,2023-07,1
512,2023-08,1
512,2023-09,1
512,2023-10,2
512,2023-11,1
512,2023-12,1
512,2024-01,1
512,2024-02,1
512,2024-03,1
512,2024-04,1
512,2024-05,1
512,2024-06,1
512,2024-07,1
512,2024-08,1
512,2024-09,1
512,2024-10,1
512,2024-11,1
512,2024-12,1
515,2023-01,1
515,2023-02,1
515,2023-03,1
515,2023-04,1
515,2023-05,1
515,2023-06,1
515,2023-07,3
515,2023-08,1
515,2023-09,3
515,2023-10,3
515,2023-11,1
515,2023-12,1
515,2024-01,1
515,2024-02,1
515,2024-03,1
515,2024-04,3
515,2024-05,1
515,2024-06,1
515,2024-07,1
515,2024-08,1
515,2024-09,1
515,2024-10,3
515,2024-11,1
515,2024-12,1
516,2023-01,1
516,2023-02,1
516,2023-03,1
516,2023-04,1
516,2023-05,1
516,2023-06,1
516,2023-07,1
516,2023-08,1
516,2023-09,1
516,2023-10,1
516,2023-11,1
516,2023-12,1
516,2024-01,1
516,2024-02,1
516,2024-03,1
516,2024-04,1
516,2024-05,1
516,2024-06,1
516,2024-07,1
516,2024-08,1
516,2024-09,1
516,2024-10,1
516,2024-11,1
516,2024-12,1
517,2023-01,1
517,2023-02,1
517,2023-03,1
517,2023-04,1
517,2023-05,1
517,2023-06,1
517,2023-07,1
517,2023-08,2
517,2023-09,2
517,2023-10,2
517,2023-11,2
517,2023-12,2
517,2024-01,1
517,2024-02,2
517,2024-03,1
517,2024-04,1
517,2024-05,1
517,2024-06,1
517,2024-07,1
517,2024-08,1
517,2024-09,2
517,2024-10,2
517,2024-11,2
517,2024-12,1
518,2023-01,1
518,2023-02,1
518,2023-03,1
518,2023-04,1
518,2023-05,1
518,2023-06,1
518,2023-07,1
518,2023-08,1
518,2023-09,1
518,2023-10,1
518,2023-11,1
518,2023-12,1
518,2024-01,1
518,2024-02,1
518,2024-03,1
518,2024-04,1
518,2024-05,1
518,2024-06,1
518,2024-07,1
518,2024-08,1
518,2024-09,1
518,2024-10,1
518,2024-11,1
518,2024-12,1
519,2023-01,1
519,2023-02,1
519,2023-03,1
519,2023-04,1
519,2023-05,1
519,2023-06,1
519,2023-07,1
519,2023-08,1
519,2023-09,1
519,2023-10,1
519,2023-11,1
519,2023-12,1
519,2024-01,1
519,2024-02,1
519,2024-03,1
519,2024-04,1
519,2024-05,1
519,2024-06,1
519,2024-07,1
519,2024-08,1
519,2024-09,1
519,2024-10,1
519,2024-11,1
519,2024-12,1
520,2023-01,1
520,2023-02,1
520,2023-03,1
520,2023-04,1
520,2023-05,1
520,2023-06,1
520,2023-07,1
520,2023-08,1
520,2023-09,1
520,2023-10,1
520,2023-11,1
520,2023-12,1
520,2024-01,1
520,2024-02,1
520,2024-03,1
520,2024-04,1
520,2024-05,1
520,2024-06,1
520,2024-07,1
520,2024-08,1
520,2024-09,1
520,2024-10,1
520,2024-11,1
520,2024-12,1
521,2023-01,1
521,2023-02,1
521,2023-03,1
521,2023-04,1
521,2023-05,1
521,2023-06,1
521,2023-07,1
521,2023-08,1
521,2023-09,1
521,2023-10,1
521,2023-11,1
521,2023-12,1
521,2024-01,1
521,2024-02,1
521,2024-03,1
521,2024-04,1
521,2024-05,1
521,2024-06,1
521,2024-07,1
521,2024-08,1
521,2024-09,1
521,2024-10,1
521,2024-11,1
521,2024-12,1
522,2023-01,1
522,2023-02,1
522,2023-03,1
522,2023-04,1
522,2023-05,1
522,2023-06,1
522,2023-07,1
522,2023-08,1
522,2023-09,1
522,2023-10,1
522,2023-11,1
522,2023-12,1
522,2024-01,1
522,2024-02,1
522,2024-03,1
522,2024-04,1
522,2024-05,1
522,2024-06,1
522,2024-07,1
522,2024-08,1
522,2024-09,1
522,2024-10,1
522,2024-11,1
522,2024-12,1
523,2023-01,1
523,2023-02,1
523,2023-03,1
523,2023-04,1
523,2023-05,1
523,2023-06,1
523,2023-07,1
523,2023-08,1
523,2023-09,1
523,2023-10,1
523,2023-11,1
523,2023-12,1
523,2024-01,1
523,2024-02,1
523,2024-03,1
523,2024-04,1
523,2024-05,1
523,2024-06,1
523,2024-07,1
523,2024-08,1
523,2024-09,1
523,2024-10,1
523,2024-11,1
523,2024-12,1
524,2023-01,1
524,2023-02,1
524,2023-03,1
524,2023-04,1
524,2023-05,1
524,2023-06,1
524,2023-07,1
524,2023-08,1
524,2023-09,1
524,2023-10,1
524,2023-11,1
524,2023-12,1
524,2024-01,1
524,2024-02,1
524,2024-03,1
524,2024-04,1
524,2024-05,1
524,2024-06,1
524,2024-07,1
524,2024-08,1
524,2024-09,1
524,2024-10,1
524,2024-11,1
524,2024-12,1
525,2023-01,1
525,2023-02,1
525,2023-03,1
525,2023-04,1
525,2023-05,1
525,2023-06,1
525,2023-07,1
525,2023-08,1
525,2023-09,1
525,2023-10,1
525,2023-11,1
525,2023-12,1
525,2024-01,1
525,2024-02,1
525,2024-03,1
525,2024-04,1
525,2024-05,1
525,2024-06,1
525,2024-07,1
525,2024-08,1
525,2024-09,1
525,2024-10,1
525,2024-11,1
525,2024-12,1
527,2023-01,1
527,2023-02,1
527,2023-03,1
527,2023-04,1
527,2023-05,1
527,2023-06,1
527,2023-07,1
527,2023-08,1
527,2023-09,1
527,2023-10,1
527,2023-11,1
527,2023-12,1
527,2024-01,1
527,2024-02,1
527,2024-03,1
527,2024-04,1
527,2024-05,1
527,2024-06,1
527,2024-07,1
527,2024-08,1
527,2024-09,1
527,2024-10,1
527,2024-11,1
527,2024-12,1
528,2023-01,1
528,2023-02,1
528,2023-03,1
528,2023-04,1
528,2023-05,1
528,2023-06,1
528,2023-07,1
528,2023-08,1
528,2023-09,1
528,2023-10,1
528,2023-11,1
528,2023-12,1
528,2024-01,1
528,2024-02,1
528,2024-03,1
528,2024-04,1
528,2024-05,1
528,2024-06,1
528,2024-07,1
528,2024-08,1
528,2024-09,1
528,2024-10,1
528,2024-11,1
528,2024-12,1
529,2023-01,1
529,2023-02,1
529,2023-03,1
529,2023-04,1
529,2023-05,1
529,2023-06,1
529,2023-07,1
529,2023-08,1
529,2023-09,1
529,2023-10,2
529,2023-11,1
529,2023-12,1
529,2024-01,1
529,2024-02,1
529,2024-03,1
529,2024-04,1
529,2024-05,1
529,2024-06,1
529,2024-07,1
529,2024-08,1
529,2024-09,2
529,2024-10,2
529,2024-11,1
529,2024-12,1
530,2023-01,1
530,2023-02,1
530,2023-03,1
530,2023-04,1
530,2023-05,1
530,2023-06,1
530,2023-07,1
530,2023-08,1
530,2023-09,1
530,2023-10,1
530,2023-11,1
530,2023-12,1
530,2024-01,1
530,2024-02,1
530,2024-03,1
530,2024-04,1
530,2024-05,1
530,2024-06,1
530,2024-07,1
530,2024-08,1
530,2024-09,1
530,2024-10,1
530,2024-11,1
530,2024-12,1
531,2023-01,1
531,2023-02,1
531,2023-03,1
531,2023-04,1
531,2023-05,1
531,2023-06,1
531,2023-07,1
531,2023-08,1
531,2023-09,1
531,2023-10,1
531,2023-11,1
531,2023-12,1
531,2024-01,1
531,2024-02,1
531,2024-03,1
531,2024-04,1
531,2024-05,1
531,2024-06,1
531,2024-07,1
531,2024-08,1
531,2024-09,1
531,2024-10,1
531,2024-11,1
531,2024-12,1
532,2023-01,1
532,2023-02,1
532,2023-03,1
532,2023-04,1
532,2023-05,1
532,2023-06,1
532,2023-07,1
532,2023-08,1
532,2023-09,1
532,2023-10,1
532,2023-11,1
532,2023-12,1
532,2024-01,1
532,2024-02,1
532,2024-03,1
532,2024-04,1
532,2024-05,1
532,2024-06,1
532,2024-07,1
532,2024-08,1
532,2024-09,1
532,2024-10,1
532,2024-11,1
532,2024-12,1
533,2023-01,1
533,2023-02,1
533,2023-03,1
533,2023-04,1
533,2023-05,1
533,2023-06,1
533,2023-07,1
533,2023-08,1
533,2023-09,1
533,2023-10,1
533,2023-11,1
533,2023-12,1
533,2024-01,1
533,2024-02,1
533,2024-03,1
533,2024-04,1
533,2024-05,1
533,2024-06,1
533,2024-07,1
533,2024-08,1
533,2024-09,1
533,2024-10,1
533,2024-11,1
533,2024-12,1
534,2023-01,1
534,2023-02,1
534,2023-03,1
534,2023-04,1
534,2023-05,1
534,2023-06,1
534,2023-07,1
534,2023-08,1
534,2023-09,1
534,2023-10,1
534,2023-11,1
534,2023-12,1
534,2024-01,1
534,2024-02,1
534,2024-03,1
534,2024-04,1
534,2024-05,1
534,2024-06,1
534,2024-07,1
534,2024-08,1
534,2024-09,1
534,2024-10,1
534,2024-11,1
534,2024-12,1
535,2023-01,1
535,2023-02,1
535,2023-03,1
535,2023-04,1
535,2023-05,1
535,2023-06,1
535,2023-07,1
535,2023-08,1
535,2023-09,1
535,2023-10,1
535,2023-11,1
535,2023-12,1
535,2024-01,1
535,2024-02,1
535,2024-03,1
535,2024-04,1
535,2024-05,1
535,2024-06,1
535,2024-07,1
535,2024-08,1
535,2024-09,1
535,2024-10,1
535,2024-11,1
535,2024-12,1
536,2023-01,1
536,2023-02,1
536,2023-03,1
536,2023-04,1
536,2023-05,1
536,2023-06,1
536,2023-07,1
536,2023-08,1
536,2023-09,1
536,2023-10,1
536,2023-11,1
536,2023-12,1
536,2024-01,1
536,2024-02,1
536,2024-03,1
536,2024-04,1
536,2024-05,1
536,2024-06,1
536,2024-07,1
536,2024-08,1
536,2024-09,1
536,2024-10,1
536,2024-11,1
536,2024-12,1
537,2023-01,1
537,2023-02,1
537,2023-03,1
537,2023-04,1
537,2023-05,1
537,2023-06,1
537,2023-07,1
537,2023-08,1
537,2023-09,1
537,2023-10,1
537,2023-11,1
537,2023-12,1
537,2024-01,1
537,2024-02,1
537,2024-03,1
537,2024-04,1
537,2024-05,1
537,2024-06,1
537,2024-07,1
537,2024-08,1
537,2024-09,1
537,2024-10,1
537,2024-11,1
537,2024-12,1
538,2023-01,1
538,2023-02,1
538,2023-03,1
538,2023-04,1
538,2023-05,1
538,2023-06,1
538,2023-07,1
538,2023-08,1
538,2023-09,1
538,2023-10,1
538,2023-11,1
538,2023-12,1
538,2024-01,1
538,2024-02,1
538,2024-03,1
538,2024-04,1
538,2024-05,1
538,2024-06,1
538,2024-07,1
538,2024-08,1
538,2024-09,1
538,2024-10,1
538,2024-11,1
538,2024-12,1
539,2023-01,1
539,2023-02,1
539,2023-03,1
539,2023-04,1
539,2023-05,1
539,2023-06,1
539,2023-07,1
539,2023-08,1
539,2023-09,1
539,2023-10,1
539,2023-11,1
539,2023-12,1
539,2024-01,1
539,2024-02,1
539,2024-03,1
539,2024-04,1
539,2024-05,1
539,2024-06,1
539,2024-07,1
539,2024-08,1
539,2024-09,1
539,2024-10,1
539,2024-11,1
539,2024-12,1
540,2023-01,1
540,2023-02,1
540,2023-03,1
540,2023-04,1
540,2023-05,1
540,2023-06,1
540,2023-07,1
540,2023-08,1
540,2023-09,1
540,2023-10,1
540,2023-11,1
540,2023-12,1
540,2024-01,1
540,2024-02,1
540,2024-03,1
540,2024-04,1
540,2024-05,1
540,2024-06,1
540,2024-07,1
540,2024-08,1
540,2024-09,1
540,2024-10,1
540,2024-11,1
540,2024-12,1
541,2023-01,1
541,2023-02,1
541,2023-03,1
541,2023-04,1
541,2023-05,1
541,2023-06,1
541,2023-07,1
541,2023-08,1
541,2023-09,1
541,2023-10,1
541,2023-11,1
541,2023-12,1
541,2024-01,1
541,2024-02,1
541,2024-03,1
541,2024-04,1
541,2024-05,1
541,2024-06,1
541,2024-07,1
541,2024-08,1
541,2024-09,1
541,2024-10,1
541,2024-11,1
541,2024-12,1
542,2023-01,1
542,2023-02,1
542,2023-03,1
542,2023-04,1
542,2023-05,1
542,2023-06,1
542,2023-07,1
542,2023-08,1
542,2023-09,1
542,2023-10,1
542,2023-11,1
542,2023-12,1
542,2024-01,1
542,2024-02,1
542,2024-03,1
542,2024-04,1
542,2024-05,1
542,2024-06,1
542,2024-07,1
542,2024-08,1
542,2024-09,1
542,2024-10,1
542,2024-11,1
542,2024-12,1
543,2023-01,1
543,2023-02,1
543,2023-03,1
543,2023-04,1
543,2023-05,1
543,2023-06,1
543,2023-07,1
543,2023-08,1
543,2023-09,1
543,2023-10,1
543,2023-11,1
543,2023-12,1
543,2024-01,1
543,2024-02,1
543,2024-03,1
543,2024-04,1
543,2024-05,1
543,2024-06,1
543,2024-07,1
543,2024-08,1
543,2024-09,1
543,2024-10,1
543,2024-11,1
543,2024-12,1
544,2023-01,1
544,2023-02,1
544,2023-03,1
544,2023-04,1
544,2023-05,1
544,2023-06,1
544,2023-07,1
544,2023-08,1
544,2023-09,1
544,2023-10,1
544,2023-11,1
544,2023-12,1
544,2024-01,1
544,2024-02,1
544,2024-03,1
544,2024-04,1
544,2024-05,1
544,2024-06,1
544,2024-07,1
544,2024-08,1
544,2024-09,1
544,2024-10,1
544,2024-11,1
544,2024-12,1
545,2023-01,1
545,2023-02,1
545,2023-03,1
545,2023-04,1
545,2023-05,1
545,2023-06,1
545,2023-07,1
545,2023-08,1
545,2023-09,1
545,2023-10,1
545,2023-11,1
545,2023-12,1
545,2024-01,1
545,2024-02,1
545,2024-03,1
545,2024-04,1
545,2024-05,1
545,2024-06,1
545,2024-07,1
545,2024-08,1
545,2024-09,1
545,2024-10,1
545,2024-11,1
545,2024-12,1
546,2023-01,1
546,2023-02,1
546,2023-03,1
546,2023-04,1
546,2023-05,1
546,2023-06,1
546,2023-07,1
546,2023-08,1
546,2023-09,1
546,2023-10,1
546,2023-11,1
546,2023-12,1
546,2024-01,1
546,2024-02,1
546,2024-03,1
546,2024-04,1
546,2024-05,1
546,2024-06,1
546,2024-07,1
546,2024-08,1
546,2024-09,1
546,2024-10,1
546,2024-11,1
546,2024-12,1
547,2023-01,1
547,2023-02,1
547,2023-03,1
547,2023-04,1
547,2023-05,1
547,2023-06,1
547,2023-07,1
547,2023-08,1
547,2023-09,1
547,2023-10,1
547,2023-11,1
547,2023-12,1
547,2024-01,1
547,2024-02,1
547,2024-03,1
547,2024-04,1
547,2024-05,1
547,2024-06,1
547,2024-07,1
547,2024-08,1
547,2024-09,1
547,2024-10,1
547,2024-11,1
547,2024-12,1
548,2023-01,1
548,2023-02,1
548,2023-03,1
548,2023-04,1
548,2023-05,1
548,2023-06,1
548,2023-07,1
548,2023-08,1
548,2023-09,1
548,2023-10,1
548,2023-11,1
548,2023-12,1
548,2024-01,1
548,2024-02,1
548,2024-03,1
548,2024-04,1
548,2024-05,1
548,2024-06,1
548,2024-07,1
548,2024-08,1
548,2024-09,1
548,2024-10,1
548,2024-11,1
548,2024-12,1
549,2023-01,1
549,2023-02,1
549,2023-03,1
549,2023-04,1
549,2023-05,1
549,2023-06,1
549,2023-07,1
549,2023-08,1
549,2023-09,1
549,2023-10,1
549,2023-11,1
549,2023-12,1
549,2024-01,1
549,2024-02,1
549,2024-03,1
549,2024-04,1
549,2024-05,1
549,2024-06,1
549,2024-07,1
549,2024-08,1
549,2024-09,1
549,2024-10,1
549,2024-11,1
549,2024-12,1
550,2023-01,1
550,2023-02,1
550,2023-03,1
550,2023-04,1
550,2023-05,1
550,2023-06,1
550,2023-07,1
550,2023-08,1
550,2023-09,1
550,2023-10,1
550,2023-11,1
550,2023-12,1
550,2024-01,1
550,2024-02,1
550,2024-03,1
550,2024-04,1
550,2024-05,1
550,2024-06,1
550,2024-07,1
550,2024-08,1
550,2024-09,1
550,2024-10,1
550,2024-11,1
550,2024-12,1
552,2023-01,1
552,2023-02,1
552,2023-03,1
552,2023-04,1
552,2023-05,1
552,2023-06,1
552,2023-07,1
552,2023-08,1
552,2023-09,1
552,2023-10,1
552,2023-11,1
552,2023-12,1
552,2024-01,1
552,2024-02,1
552,2024-03,1
552,2024-04,1
552,2024-05,1
552,2024-06,1
552,2024-07,1
552,2024-08,1
552,2024-09,1
552,2024-10,1
552,2024-11,1
552,2024-12,1
553,2023-01,1
553,2023-02,1
553,2023-03,1
553,2023-04,1
553,2023-05,1
553,2023-06,1
553,2023-07,1
553,2023-08,1
553,2023-09,1
553,2023-10,1
553,2023-11,1
553,2023-12,1
553,2024-01,1
553,2024-02,1
553,2024-03,1
553,2024-04,1
553,2024-05,1
553,2024-06,1
553,2024-07,1
553,2024-08,1
553,2024-09,1
553,2024-10,1
553,2024-11,1
553,2024-12,1
554,2023-01,1
554,2023-02,1
554,2023-03,1
554,2023-04,1
554,2023-05,1
554,2023-06,1
554,2023-07,1
554,2023-08,1
554,2023-09,1
554,2023-10,1
554,2023-11,1
554,2023-12,1
554,2024-01,1
554,2024-02,1
554,2024-03,1
554,2024-04,1
554,2024-05,1
554,2024-06,1
554,2024-07,1
554,2024-08,1
554,2024-09,3
554,2024-10,1
554,2024-11,1
554,2024-12,1
555,2023-01,1
555,2023-02,1
555,2023-03,1
555,2023-04,1
555,2023-05,1
555,2023-06,1
555,2023-07,1
555,2023-08,1
555,2023-09,1
555,2023-10,1
555,2023-11,1
555,2023-12,1
555,2024-01,1
555,2024-02,1
555,2024-03,1
555,2024-04,1
555,2024-05,1
555,2024-06,1
555,2024-07,1
555,2024-08,1
555,2024-09,1
555,2024-10,1
555,2024-11,1
555,2024-12,1
556,2023-01,1
556,2023-02,1
556,2023-03,1
556,2023-04,1
556,2023-05,1
556,2023-06,1
556,2023-07,1
556,2023-08,1
556,2023-09,1
556,2023-10,1
556,2023-11,1
556,2023-12,1
556,2024-01,1
556,2024-02,1
556,2024-03,1
556,2024-04,1
556,2024-05,1
556,2024-06,1
556,2024-07,1
556,2024-08,1
556,2024-09,1
556,2024-10,1
556,2024-11,1
556,2024-12,1
557,2023-01,1
557,2023-02,1
557,2023-03,1
557,2023-04,1
557,2023-05,1
557,2023-06,1
557,2023-07,1
557,2023-08,1
557,2023-09,1
557,2023-10,1
557,2023-11,1
557,2023-12,1
557,2024-01,1
557,2024-02,1
557,2024-03,1
557,2024-04,1
557,2024-05,1
557,2024-06,1
557,2024-07,1
557,2024-08,1
557,2024-09,1
557,2024-10,1
557,2024-11,1
557,2024-12,1
558,2023-01,1
558,2023-02,1
558,2023-03,1
558,2023-04,1
558,2023-05,1
558,2023-06,1
558,2023-07,1
558,2023-08,1
558,2023-09,1
558,2023-10,1
558,2023-11,1
558,2023-12,1
558,2024-01,1
558,2024-02,1
558,2024-03,1
558,2024-04,1
558,2024-05,1
558,2024-06,1
558,2024-07,1
558,2024-08,1
558,2024-09,1
558,2024-10,1
558,2024-11,1
558,2024-12,1
559,2023-01,1
559,2023-02,1
559,2023-03,1
559,2023-04,1
559,2023-05,1
559,2023-06,1
559,2023-07,1
559,2023-08,1
559,2023-09,1
559,2023-10,1
559,2023-11,1
559,2023-12,1
559,2024-01,1
559,2024-02,1
559,2024-03,1
559,2024-04,1
559,2024-05,1
559,2024-06,1
559,2024-07,1
559,2024-08,1
559,2024-09,1
559,2024-10,1
559,2024-11,1
559,2024-12,1
560,2023-01,1
560,2023-02,1
560,2023-03,1
560,2023-04,1
560,2023-05,1
560,2023-06,1
560,2023-07,1
560,2023-08,1
560,2023-09,1
560,2023-10,1
560,2023-11,1
560,2023-12,1
560,2024-01,1
560,2024-02,1
560,2024-03,1
560,2024-04,1
560,2024-05,1
560,2024-06,1
560,2024-07,1
560,2024-08,1
560,2024-09,1
560,2024-10,1
560,2024-11,1
560,2024-12,1
561,2023-01,1
561,2023-02,1
561,2023-03,1
561,2023-04,1
561,2023-05,1
561,2023-06,1
561,2023-07,1
561,2023-08,1
561,2023-09,1
561,2023-10,1
561,2023-11,1
561,2023-12,1
561,2024-01,1
561,2024-02,1
561,2024-03,1
561,2024-04,1
561,2024-05,1
561,2024-06,1
561,2024-07,1
561,2024-08,1
561,2024-09,1
561,2024-10,1
561,2024-11,1
561,2024-12,1
562,2023-01,1
562,2023-02,1
562,2023-03,1
562,2023-04,1
562,2023-05,1
562,2023-06,1
562,2023-07,1
562,2023-08,1
562,2023-09,1
562,2023-10,1
562,2023-11,1
562,2023-12,1
562,2024-01,1
562,2024-02,1
562,2024-03,1
562,2024-04,1
562,2024-05,1
562,2024-06,1
562,2024-07,1
562,2024-08,1
562,2024-09,1
562,2024-10,1
562,2024-11,1
562,2024-12,1
563,2023-01,1
563,2023-02,1
563,2023-03,1
563,2023-04,1
563,2023-05,1
563,2023-06,1
563,2023-07,1
563,2023-08,1
563,2023-09,1
563,2023-10,1
563,2023-11,1
563,2023-12,1
563,2024-01,1
563,2024-02,1
563,2024-03,1
563,2024-04,1
563,2024-05,1
563,2024-06,1
563,2024-07,1
563,2024-08,1
563,2024-09,1
563,2024-10,1
563,2024-11,1
563,2024-12,1
564,2023-01,1
564,2023-02,1
564,2023-03,1
564,2023-04,1
564,2023-05,1
564,2023-06,1
564,2023-07,1
564,2023-08,1
564,2023-09,1
564,2023-10,1
564,2023-11,1
564,2023-12,1
564,2024-01,1
564,2024-02,1
564,2024-03,1
564,2024-04,1
564,2024-05,1
564,2024-06,1
564,2024-07,1
564,2024-08,1
564,2024-09,1
564,2024-10,1
564,2024-11,1
564,2024-12,1
565,2023-01,1
565,2023-02,1
565,2023-03,1
565,2023-04,1
565,2023-05,1
565,2023-06,1
565,2023-07,1
565,2023-08,1
565,2023-09,1
565,2023-10,1
565,2023-11,1
565,2023-12,1
565,2024-01,1
565,2024-02,1
565,2024-03,1
565,2024-04,1
565,2024-05,1
565,2024-06,1
565,2024-07,1
565,2024-08,1
565,2024-09,1
565,2024-10,1
565,2024-11,1
565,2024-12,1
566,2023-01,1
566,2023-02,1
566,2023-03,1
566,2023-04,1
566,2023-05,1
566,2023-06,1
566,2023-07,1
566,2023-08,1
566,2023-09,1
566,2023-10,1
566,2023-11,1
566,2023-12,1
566,2024-01,1
566,2024-02,1
566,2024-03,1
566,2024-04,1
566,2024-05,1
566,2024-06,1
566,2024-07,1
566,2024-08,1
566,2024-09,1
566,2024-10,1
566,2024-11,1
566,2024-12,1
567,2023-01,1
567,2023-02,1
567,2023-03,1
567,2023-04,1
567,2023-05,1
567,2023-06,1
567,2023-07,1
567,2023-08,1
567,2023-09,1
567,2023-10,1
567,2023-11,1
567,2023-12,1
567,2024-01,1
567,2024-02,1
567,2024-03,1
567,2024-04,1
567,2024-05,1
567,2024-06,1
567,2024-07,1
567,2024-08,1
567,2024-09,1
567,2024-10,1
567,2024-11,1
567,2024-12,1
568,2023-01,1
568,2023-02,1
568,2023-03,1
568,2023-04,1
568,2023-05,1
568,2023-06,1
568,2023-07,1
568,2023-08,1
568,2023-09,1
568,2023-10,1
568,2023-11,1
568,2023-12,1
568,2024-01,1
568,2024-02,1
568,2024-03,1
568,2024-04,1
568,2024-05,1
568,2024-06,1
568,2024-07,1
568,2024-08,1
568,2024-09,1
568,2024-10,1
568,2024-11,1
568,2024-12,1
569,2023-01,1
569,2023-02,1
569,2023-03,1
569,2023-04,1
569,2023-05,1
569,2023-06,1
569,2023-07,1
569,2023-08,1
569,2023-09,1
569,2023-10,1
569,2023-11,1
569,2023-12,1
569,2024-01,1
569,2024-02,1
569,2024-03,1
569,2024-04,1
569,2024-05,1
569,2024-06,1
569,2024-07,1
569,2024-08,1
569,2024-09,1
569,2024-10,1
569,2024-11,1
569,2024-12,1
570,2023-01,1
570,2023-02,1
570,2023-03,1
570,2023-04,1
570,2023-05,1
570,2023-06,1
570,2023-07,1
570,2023-08,1
570,2023-09,1
570,2023-10,1
570,2023-11,1
570,2023-12,1
570,2024-01,1
570,2024-02,1
570,2024-03,1
570,2024-04,1
570,2024-05,1
570,2024-06,1
570,2024-07,1
570,2024-08,1
570,2024-09,1
570,2024-10,1
570,2024-11,1
570,2024-12,1
571,2023-01,1
571,2023-02,1
571,2023-03,1
571,2023-04,1
571,2023-05,1
571,2023-06,1
571,2023-07,1
571,2023-08,1
571,2023-09,1
571,2023-10,1
571,2023-11,1
571,2023-12,1
571,2024-01,1
571,2024-02,1
571,2024-03,1
571,2024-04,1
571,2024-05,1
571,2024-06,1
571,2024-07,1
571,2024-08,1
571,2024-09,1
571,2024-10,1
571,2024-11,1
571,2024-12,1
572,2023-01,1
572,2023-02,1
572,2023-03,1
572,2023-04,1
572,2023-05,1
572,2023-06,1
572,2023-07,1
572,2023-08,1
572,2023-09,1
572,2023-10,1
572,2023-11,1
572,2023-12,1
572,2024-01,1
572,2024-02,1
572,2024-03,1
572,2024-04,1
572,2024-05,1
572,2024-06,1
572,2024-07,1
572,2024-08,1
572,2024-09,1
572,2024-10,1
572,2024-11,1
572,2024-12,1
574,2023-01,1
574,2023-02,1
574,2023-03,1
574,2023-04,3
574,2023-05,3
574,2023-06,3
574,2023-07,3
574,2023-08,3
574,2023-09,3
574,2023-10,3
574,2023-11,3
574,2023-12,3
574,2024-01,3
574,2024-02,3
574,2024-03,3
574,2024-04,3
574,2024-05,3
574,2024-06,3
574,2024-07,3
574,2024-08,3
574,2024-09,3
574,2024-10,3
574,2024-11,3
574,2024-12,3
578,2023-01,2
578,2023-02,2
578,2023-03,2
578,2023-04,3
578,2023-05,2
578,2023-06,3
578,2023-07,2
578,2023-08,2
578,2023-09,3
578,2023-10,3
578,2023-11,3
578,2023-12,3
578,2024-01,3
578,2024-02,3
578,2024-03,3
578,2024-04,3
578,2024-05,3
578,2024-06,3
578,2024-07,3
578,2024-08,3
578,2024-09,3
578,2024-10,3
578,2024-11,3
578,2024-12,3
579,2023-01,3
579,2023-02,3
579,2023-03,3
579,2023-04,3
579,2023-05,3
579,2023-06,3
579,2023-07,3
579,2023-08,3
579,2023-09,3
579,2023-10,3
579,2023-11,3
579,2023-12,3
579,2024-01,3
579,2024-02,3
579,2024-03,3
579,2024-04,3
579,2024-05,3
579,2024-06,3
579,2024-07,3
579,2024-08,3
579,2024-09,3
579,2024-10,3
579,2024-11,3
579,2024-12,3
581,2023-01,3
581,2023-02,3
581,2023-03,3
581,2023-04,3
581,2023-05,3
581,2023-06,3
581,2023-07,3
581,2023-08,3
581,2023-09,3
581,2023-10,3
581,2023-11,3
581,2023-12,3
581,2024-01,3
581,2024-02,3
581,2024-03,3
581,2024-04,3
581,2024-05,3
581,2024-06,3
581,2024-07,3
581,2024-08,3
581,2024-09,3
581,2024-10,3
581,2024-11,3
581,2024-12,3
582,2023-01,3
582,2023-02,3
582,2023-03,3
582,2023-04,3
582,2023-05,3
582,2023-06,3
582,2023-07,3
582,2023-08,3
582,2023-09,3
582,2023-10,3
582,2023-11,3
582,2023-12,3
582,2024-01,3
582,2024-02,3
582,2024-03,3
582,2024-04,3
582,2024-05,3
582,2024-06,3
582,2024-07,3
582,2024-08,3
582,2024-09,3
582,2024-10,3
582,2024-11,3
582,2024-12,3
584,2023-01,3
584,2023-02,3
584,2023-03,3
584,2023-04,3
584,2023-05,3
584,2023-06,3
584,2023-07,3
584,2023-08,3
584,2023-09,3
584,2023-10,3
584,2023-11,3
584,2023-12,3
584,2024-01,3
584,2024-02,3
584,2024-03,3
584,2024-04,3
584,2024-05,3
584,2024-06,3
584,2024-07,3
584,2024-08,3
584,2024-09,3
584,2024-10,3
584,2024-11,3
584,2024-12,3
585,2023-01,3
585,2023-02,3
585,2023-03,3
585,2023-04,3
585,2023-05,3
585,2023-06,3
585,2023-07,3
585,2023-08,3
585,2023-09,3
585,2023-10,3
585,2023-11,3
585,2023-12,3
585,2024-01,3
585,2024-02,3
585,2024-03,3
585,2024-04,3
585,2024-05,3
585,2024-06,3
585,2024-07,3
585,2024-08,3
585,2024-09,3
585,2024-10,3
585,2024-11,3
585,2024-12,3
586,2023-01,1
586,2023-02,3
586,2023-03,3
586,2023-04,3
586,2023-05,3
586,2023-06,3
586,2023-07,3
586,2023-08,3
586,2023-09,3
586,2023-10,3
586,2023-11,3
586,2023-12,3
586,2024-01,3
586,2024-02,3
586,2024-03,3
586,2024-04,3
586,2024-05,3
586,2024-06,3
586,2024-07,3
586,2024-08,3
586,2024-09,3
586,2024-10,3
586,2024-11,3
586,2024-12,3
587,2023-01,3
587,2023-02,3
587,2023-03,3
587,2023-04,3
587,2023-05,3
587,2023-06,3
587,2023-07,3
587,2023-08,3
587,2023-09,3
587,2023-10,3
587,2023-11,3
587,2023-12,3
587,2024-01,3
587,2024-02,3
587,2024-03,3
587,2024-04,3
587,2024-05,3
587,2024-06,3
587,2024-07,3
587,2024-08,3
587,2024-09,3
587,2024-10,3
587,2024-11,3
587,2024-12,3
589,2023-01,3
589,2023-02,3
589,2023-03,3
589,2023-04,3
589,2023-05,3
589,2023-06,3
589,2023-07,3
589,2023-08,3
589,2023-09,3
589,2023-10,3
589,2023-11,3
589,2023-12,3
589,2024-01,3
589,2024-02,3
589,2024-03,3
589,2024-04,3
589,2024-05,3
589,2024-06,3
589,2024-07,3
589,2024-08,3
589,2024-09,3
589,2024-10,3
589,2024-11,3
589,2024-12,3
591,2023-01,3
591,2023-02,3
591,2023-03,3
591,2023-04,3
591,2023-05,3
591,2023-06,3
591,2023-07,3
591,2023-08,3
591,2023-09,3
591,2023-10,3
591,2023-11,3
591,2023-12,3
591,2024-01,3
591,2024-02,3
591,2024-03,3
591,2024-04,3
591,2024-05,3
591,2024-06,3
591,2024-07,3
591,2024-08,3
591,2024-09,3
591,2024-10,3
591,2024-11,3
591,2024-12,3
593,2023-01,1
593,2023-02,3
593,2023-03,3
593,2023-04,3
593,2023-05,3
593,2023-06,3
593,2023-07,3
593,2023-08,3
593,2023-09,3
593,2023-10,3
593,2023-11,3
593,2023-12,3
593,2024-01,1
593,2024-02,3
593,2024-03,3
593,2024-04,3
593,2024-05,3
593,2024-06,3
593,2024-07,3
593,2024-08,3
593,2024-09,3
593,2024-10,3
593,2024-11,3
593,2024-12,3
594,2023-01,3
594,2023-02,3
594,2023-03,3
594,2023-04,3
594,2023-05,3
594,2023-06,3
594,2023-07,3
594,2023-08,3
594,2023-09,3
594,2023-10,3
594,2023-11,3
594,2023-12,3
594,2024-01,3
594,2024-02,3
594,2024-03,3
594,2024-04,3
594,2024-05,3
594,2024-06,3
594,2024-07,3
594,2024-08,3
594,2024-09,3
594,2024-10,3
594,2024-11,3
594,2024-12,3
595,2023-01,3
595,2023-02,3
595,2023-03,3
595,2023-04,3
595,2023-05,3
595,2023-06,3
595,2023-07,3
595,2023-08,3
595,2023-09,3
595,2023-10,3
595,2023-11,3
595,2023-12,3
595,2024-01,3
595,2024-02,3
595,2024-03,3
595,2024-04,3
595,2024-05,3
595,2024-06,3
595,2024-07,3
595,2024-08,3
595,2024-09,3
595,2024-10,3
595,2024-11,3
595,2024-12,3
598,2023-01,1
598,2023-02,3
598,2023-03,3
598,2023-04,3
598,2023-05,3
598,2023-06,3
598,2023-07,3
598,2023-08,3
598,2023-09,3
598,2023-10,3
598,2023-11,3
598,2023-12,3
598,2024-01,3
598,2024-02,3
598,2024-03,3
598,2024-04,3
598,2024-05,3
598,2024-06,3
598,2024-07,3
598,2024-08,3
598,2024-09,3
598,2024-10,3
598,2024-11,3
598,2024-12,3
599,2023-01,1
599,2023-02,1
599,2023-03,3
599,2023-04,3
599,2023-05,3
599,2023-06,3
599,2023-07,3
599,2023-08,3
599,2023-09,3
599,2023-10,3
599,2023-11,3
599,2023-12,3
599,2024-01,3
599,2024-02,3
599,2024-03,3
599,2024-04,3
599,2024-05,3
599,2024-06,3
599,2024-07,3
599,2024-08,3
599,2024-09,3
599,2024-10,3
599,2024-11,3
599,2024-12,3
600,2023-01,3
600,2023-02,3
600,2023-03,3
600,2023-04,3
600,2023-05,3
600,2023-06,3
600,2023-07,3
600,2023-08,3
600,2023-09,3
600,2023-10,3
600,2023-11,3
600,2023-12,3
600,2024-01,3
600,2024-02,3
600,2024-03,3
600,2024-04,3
600,2024-05,3
600,2024-06,3
600,2024-07,3
600,2024-08,3
600,2024-09,3
600,2024-10,3
600,2024-11,3
600,2024-12,3
601,2023-01,2
601,2023-02,2
601,2023-03,2
601,2023-04,2
601,2023-05,2
601,2023-06,2
601,2023-07,2
601,2023-08,2
601,2023-09,2
601,2023-10,2
601,2023-11,3
601,2023-12,3
601,2024-01,2
601,2024-02,2
601,2024-03,2
601,2024-04,2
601,2024-05,2
601,2024-06,2
601,2024-07,2
601,2024-08,2
601,2024-09,2
601,2024-10,2
601,2024-11,2
601,2024-12,2
602,2023-01,3
602,2023-02,3
602,2023-03,3
602,2023-04,3
602,2023-05,3
602,2023-06,3
602,2023-07,3
602,2023-08,3
602,2023-09,3
602,2023-10,3
602,2023-11,3
602,2023-12,3
602,2024-01,3
602,2024-02,3
602,2024-03,3
602,2024-04,3
602,2024-05,3
602,2024-06,3
602,2024-07,3
602,2024-08,3
602,2024-09,3
602,2024-10,3
602,2024-11,3
602,2024-12,3
603,2023-01,3
603,2023-02,3
603,2023-03,3
603,2023-04,3
603,2023-05,3
603,2023-06,3
603,2023-07,3
603,2023-08,3
603,2023-09,3
603,2023-10,3
603,2023-11,3
603,2023-12,3
603,2024-01,3
603,2024-02,3
603,2024-03,3
603,2024-04,3
603,2024-05,3
603,2024-06,3
603,2024-07,3
603,2024-08,3
603,2024-09,3
603,2024-10,3
603,2024-11,3
603,2024-12,3
608,2023-01,3
608,2023-02,3
608,2023-03,3
608,2023-04,2
608,2023-05,2
608,2023-06,2
608,2023-07,2
608,2023-08,2
608,2023-09,2
608,2023-10,2
608,2023-11,3
608,2023-12,3
608,2024-01,3
608,2024-02,3
608,2024-03,3
608,2024-04,3
608,2024-05,2
608,2024-06,2
608,2024-07,2
608,2024-08,3
608,2024-09,3
608,2024-10,3
608,2024-11,3
608,2024-12,3
612,2023-01,3
612,2023-02,3
612,2023-03,3
612,2023-04,3
612,2023-05,3
612,2023-06,3
612,2023-07,3
612,2023-08,3
612,2023-09,3
612,2023-10,3
612,2023-11,3
612,2023-12,3
612,2024-01,3
612,2024-02,3
612,2024-03,3
612,2024-04,3
612,2024-05,3
612,2024-06,3
612,2024-07,3
612,2024-08,3
612,2024-09,3
612,2024-10,3
612,2024-11,3
612,2024-12,3
613,2023-01,3
613,2023-02,3
613,2023-03,3
613,2023-04,3
613,2023-05,3
613,2023-06,3
613,2023-07,3
613,2023-08,3
613,2023-09,3
613,2023-10,3
613,2023-11,3
613,2023-12,3
613,2024-01,3
613,2024-02,3
613,2024-03,3
613,2024-04,3
613,2024-05,3
613,2024-06,3
613,2024-07,3
613,2024-08,3
613,2024-09,3
613,2024-10,3
613,2024-11,3
613,2024-12,3
614,2023-01,3
614,2023-02,3
614,2023-03,3
614,2023-04,3
614,2023-05,3
614,2023-06,3
614,2023-07,3
614,2023-08,3
614,2023-09,3
614,2023-10,3
614,2023-11,3
614,2023-12,3
614,2024-01,3
614,2024-02,3
614,2024-03,3
614,2024-04,3
614,2024-05,3
614,2024-06,3
614,2024-07,3
614,2024-08,3
614,2024-09,3
614,2024-10,3
614,2024-11,3
614,2024-12,3
615,2023-01,3
615,2023-02,3
615,2023-03,3
615,2023-04,3
615,2023-05,3
615,2023-06,3
615,2023-07,3
615,2023-08,3
615,2023-09,3
615,2023-10,3
615,2023-11,3
615,2023-12,3
615,2024-01,3
615,2024-02,3
615,2024-03,3
615,2024-04,3
615,2024-05,3
615,2024-06,3
615,2024-07,3
615,2024-08,3
615,2024-09,3
615,2024-10,3
615,2024-11,3
615,2024-12,3
616,2023-01,3
616,2023-02,3
616,2023-03,3
616,2023-04,3
616,2023-05,3
616,2023-06,3
616,2023-07,3
616,2023-08,3
616,2023-09,3
616,2023-10,3
616,2023-11,3
616,2023-12,3
616,2024-01,3
616,2024-02,3
616,2024-03,3
616,2024-04,3
616,2024-05,3
616,2024-06,3
616,2024-07,3
616,2024-08,3
616,2024-09,3
616,2024-10,3
616,2024-11,3
616,2024-12,3
618,2023-01,3
618,2023-02,3
618,2023-03,3
618,2023-04,3
618,2023-05,3
618,2023-06,3
618,2023-07,3
618,2023-08,3
618,2023-09,3
618,2023-10,3
618,2023-11,3
618,2023-12,3
618,2024-01,3
618,2024-02,3
618,2024-03,3
618,2024-04,3
618,2024-05,3
618,2024-06,3
618,2024-07,3
618,2024-08,3
618,2024-09,3
618,2024-10,3
618,2024-11,3
618,2024-12,3
619,2023-01,3
619,2023-02,3
619,2023-03,3
619,2023-04,3
619,2023-05,3
619,2023-06,3
619,2023-07,3
619,2023-08,3
619,2023-09,3
619,2023-10,3
619,2023-11,3
619,2023-12,3
619,2024-01,3
619,2024-02,3
619,2024-03,3
619,2024-04,3
619,2024-05,3
619,2024-06,3
619,2024-07,3
619,2024-08,3
619,2024-09,3
619,2024-10,3
619,2024-11,3
619,2024-12,3
621,2023-01,3
621,2023-02,3
621,2023-03,3
621,2023-04,3
621,2023-05,3
621,2023-06,3
621,2023-07,3
621,2023-08,3
621,2023-09,3
621,2023-10,3
621,2023-11,3
621,2023-12,3
621,2024-01,3
621,2024-02,3
621,2024-03,3
621,2024-04,3
621,2024-05,3
621,2024-06,3
621,2024-07,3
621,2024-08,3
621,2024-09,3
621,2024-10,3
621,2024-11,3
621,2024-12,3
666,2023-01,2
666,2023-02,2
666,2023-03,2
666,2023-04,2
666,2023-05,4
666,2023-06,4
666,2023-07,2
666,2023-08,2
666,2023-09,4
666,2023-10,4
666,2023-11,2
666,2023-12,2
666,2024-01,4
666,2024-02,4
666,2024-03,2
666,2024-04,4
666,2024-05,4
666,2024-06,4
666,2024-07,4
666,2024-08,2
666,2024-09,2
666,2024-10,2
666,2024-11,2
666,2024-12,2
667,2023-01,2
667,2023-02,2
667,2023-03,2
667,2023-04,2
667,2023-05,2
667,2023-06,2
667,2023-07,2
667,2023-08,2
667,2023-09,2
667,2023-10,2
667,2023-11,2
667,2023-12,2
667,2024-01,2
667,2024-02,2
667,2024-03,2
667,2024-04,2
667,2024-05,2
667,2024-06,2
667,2024-07,2
667,2024-08,2
667,2024-09,2
667,2024-10,2
667,2024-11,2
667,2024-12,2
668,2023-01,1
668,2023-02,1
668,2023-03,1
668,2023-04,1
668,2023-05,1
668,2023-06,1
668,2023-07,1
668,2023-08,1
668,2023-09,1
668,2023-10,1
668,2023-11,1
668,2023-12,1
668,2024-01,1
668,2024-02,1
668,2024-03,1
668,2024-04,1
668,2024-05,1
668,2024-06,1
668,2024-07,1
668,2024-08,1
668,2024-09,1
668,2024-10,1
668,2024-11,1
668,2024-12,1
669,2023-01,3
669,2023-02,3
669,2023-03,1
669,2023-04,1
669,2023-05,2
669,2023-06,2
669,2023-07,1
669,2023-08,1
669,2023-09,1
669,2023-10,3
669,2023-11,3
669,2023-12,3
669,2024-01,2
669,2024-02,2
669,2024-03,3
669,2024-04,1
669,2024-05,2
669,2024-06,1
669,2024-07,3
669,2024-08,1
669,2024-09,1
669,2024-10,3
669,2024-11,3
669,2024-12,3
670,2023-01,2
670,2023-02,2
670,2023-03,2
670,2023-04,2
670,2023-05,2
670,2023-06,2
670,2023-07,2
670,2023-08,2
670,2023-09,2
670,2023-10,2
670,2023-11,2
670,2023-12,2
670,2024-01,2
670,2024-02,2
670,2024-03,2
670,2024-04,2
670,2024-05,2
670,2024-06,2
670,2024-07,2
670,2024-08,2
670,2024-09,2
670,2024-10,2
670,2024-11,2
670,2024-12,2
671,2023-01,2
671,2023-02,2
671,2023-03,2
671,2023-04,2
671,2023-05,2
671,2023-06,2
671,2023-07,2
671,2023-08,2
671,2023-09,2
671,2023-10,3
671,2023-11,2
671,2023-12,2
671,2024-01,2
671,2024-02,2
671,2024-03,2
671,2024-04,2
671,2024-05,2
671,2024-06,2
671,2024-07,3
671,2024-08,3
671,2024-09,2
671,2024-10,2
671,2024-11,3
671,2024-12,3
674,2023-01,2
674,2023-02,2
674,2023-03,2
674,2023-04,2
674,2023-05,2
674,2023-06,2
674,2023-07,2
674,2023-08,2
674,2023-09,2
674,2023-10,2
674,2023-11,2
674,2023-12,2
674,2024-01,2
674,2024-02,2
674,2024-03,2
674,2024-04,2
674,2024-05,2
674,2024-06,2
674,2024-07,2
674,2024-08,2
674,2024-09,2
674,2024-10,2
674,2024-11,2
674,2024-12,2
675,2023-01,2
675,2023-02,2
675,2023-03,2
675,2023-04,2
675,2023-05,2
675,2023-06,2
675,2023-07,2
675,2023-08,2
675,2023-09,2
675,2023-10,2
675,2023-11,2
675,2023-12,2
675,2024-01,2
675,2024-02,2
675,2024-03,2
675,2024-04,2
675,2024-05,2
675,2024-06,2
675,2024-07,2
675,2024-08,2
675,2024-09,2
675,2024-10,2
675,2024-11,2
675,2024-12,2
676,2023-01,2
676,2023-02,2
676,2023-03,2
676,2023-04,2
676,2023-05,2
676,2023-06,2
676,2023-07,2
676,2023-08,2
676,2023-09,2
676,2023-10,2
676,2023-11,2
676,2023-12,2
676,2024-01,2
676,2024-02,2
676,2024-03,2
676,2024-04,2
676,2024-05,2
676,2024-06,2
676,2024-07,2
676,2024-08,2
676,2024-09,2
676,2024-10,2
676,2024-11,2
676,2024-12,2
677,2023-01,2
677,2023-02,2
677,2023-03,2
677,2023-04,2
677,2023-05,2
677,2023-06,2
677,2023-07,2
677,2023-08,2
677,2023-09,2
677,2023-10,2
677,2023-11,2
677,2023-12,2
677,2024-01,2
677,2024-02,2
677,2024-03,2
677,2024-04,2
677,2024-05,2
677,2024-06,2
677,2024-07,2
677,2024-08,2
677,2024-09,2
677,2024-10,2
677,2024-11,2
677,2024-12,2
678,2023-01,2
678,2023-02,2
678,2023-03,2
678,2023-04,2
678,2023-05,2
678,2023-06,2
678,2023-07,2
678,2023-08,2
678,2023-09,2
678,2023-10,2
678,2023-11,2
678,2023-12,2
678,2024-01,2
678,2024-02,2
678,2024-03,2
678,2024-04,2
678,2024-05,2
678,2024-06,2
678,2024-07,2
678,2024-08,2
678,2024-09,2
678,2024-10,2
678,2024-11,2
678,2024-12,2
679,2023-01,2
679,2023-02,2
679,2023-03,2
679,2023-04,2
679,2023-05,2
679,2023-06,2
679,2023-07,2
679,2023-08,2
679,2023-09,2
679,2023-10,2
679,2023-11,2
679,2023-12,2
679,2024-01,2
679,2024-02,2
679,2024-03,2
679,2024-04,2
679,2024-05,2
679,2024-06,2
679,2024-07,2
679,2024-08,2
679,2024-09,2
679,2024-10,2
679,2024-11,2
679,2024-12,2
680,2023-01,2
680,2023-02,2
680,2023-03,2
680,2023-04,2
680,2023-05,2
680,2023-06,2
680,2023-07,2
680,2023-08,2
680,2023-09,2
680,2023-10,2
680,2023-11,2
680,2023-12,2
680,2024-01,2
680,2024-02,2
680,2024-03,2
680,2024-04,2
680,2024-05,2
680,2024-06,2
680,2024-07,2
680,2024-08,2
680,2024-09,2
680,2024-10,2
680,2024-11,2
680,2024-12,2
683,2023-01,1
683,2023-02,1
683,2023-03,1
683,2023-04,1
683,2023-05,1
683,2023-06,1
683,2023-07,1
683,2023-08,1
683,2023-09,1
683,2023-10,1
683,2023-11,1
683,2023-12,1
683,2024-01,1
683,2024-02,1
683,2024-03,1
683,2024-04,1
683,2024-05,1
683,2024-06,1
683,2024-07,1
683,2024-08,1
683,2024-09,1
683,2024-10,1
683,2024-11,1
683,2024-12,1
685,2023-01,1
685,2023-02,1
685,2023-03,1
685,2023-04,1
685,2023-05,1
685,2023-06,1
685,2023-07,1
685,2023-08,1
685,2023-09,2
685,2023-10,2
685,2023-11,2
685,2023-12,1
685,2024-01,1
685,2024-02,1
685,2024-03,1
685,2024-04,1
685,2024-05,1
685,2024-06,1
685,2024-07,1
685,2024-08,1
685,2024-09,2
685,2024-10,1
685,2024-11,1
685,2024-12,1
686,2023-01,2
686,2023-02,2
686,2023-03,2
686,2023-04,2
686,2023-05,2
686,2023-06,2
686,2023-07,2
686,2023-08,2
686,2023-09,2
686,2023-10,2
686,2023-11,2
686,2023-12,2
686,2024-01,2
686,2024-02,2
686,2024-03,2
686,2024-04,2
686,2024-05,2
686,2024-06,2
686,2024-07,2
686,2024-08,2
686,2024-09,2
686,2024-10,2
686,2024-11,2
686,2024-12,2
687,2023-01,1
687,2023-02,1
687,2023-03,1
687,2023-04,1
687,2023-05,1
687,2023-06,1
687,2023-07,1
687,2023-08,1
687,2023-09,1
687,2023-10,1
687,2023-11,1
687,2023-12,1
687,2024-01,1
687,2024-02,1
687,2024-03,1
687,2024-04,1
687,2024-05,1
687,2024-06,1
687,2024-07,1
687,2024-08,1
687,2024-09,1
687,2024-10,1
687,2024-11,1
687,2024-12,1
689,2023-01,3
689,2023-02,3
689,2023-03,3
689,2023-04,3
689,2023-05,2
689,2023-06,3
689,2023-07,3
689,2023-08,3
689,2023-09,3
689,2023-10,3
689,2023-11,3
689,2023-12,1
689,2024-01,1
689,2024-02,1
689,2024-03,3
689,2024-04,1
689,2024-05,1
689,2024-06,1
689,2024-07,3
689,2024-08,1
689,2024-09,1
689,2024-10,1
689,2024-11,1
689,2024-12,1
690,2023-01,1
690,2023-02,1
690,2023-03,1
690,2023-04,1
690,2023-05,1
690,2023-06,3
690,2023-07,1
690,2023-08,1
690,2023-09,1
690,2023-10,1
690,2023-11,1
690,2023-12,1
690,2024-01,1
690,2024-02,1
690,2024-03,1
690,2024-04,1
690,2024-05,3
690,2024-06,1
690,2024-07,1
690,2024-08,1
690,2024-09,1
690,2024-10,1
690,2024-11,1
690,2024-12,1
691,2023-01,1
691,2023-02,1
691,2023-03,1
691,2023-04,1
691,2023-05,1
691,2023-06,1
691,2023-07,1
691,2023-08,1
691,2023-09,1
691,2023-10,1
691,2023-11,1
691,2023-12,1
691,2024-01,1
691,2024-02,1
691,2024-03,1
691,2024-04,1
691,2024-05,1
691,2024-06,1
691,2024-07,1
691,2024-08,1
691,2024-09,1
691,2024-10,1
691,2024-11,1
691,2024-12,1
692,2023-01,1
692,2023-02,1
692,2023-03,1
692,2023-04,1
692,2023-05,1
692,2023-06,1
692,2023-07,1
692,2023-08,1
692,2023-09,1
692,2023-10,1
692,2023-11,1
692,2023-12,1
692,2024-01,1
692,2024-02,1
692,2024-03,1
692,2024-04,1
692,2024-05,1
692,2024-06,1
692,2024-07,1
692,2024-08,1
692,2024-09,1
692,2024-10,1
692,2024-11,1
692,2024-12,1
693,2023-01,2
693,2023-02,2
693,2023-03,2
693,2023-04,2
693,2023-05,2
693,2023-06,2
693,2023-07,2
693,2023-08,2
693,2023-09,2
693,2023-10,2
693,2023-11,2
693,2023-12,2
693,2024-01,2
693,2024-02,2
693,2024-03,2
693,2024-04,2
693,2024-05,2
693,2024-06,2
693,2024-07,2
693,2024-08,2
693,2024-09,2
693,2024-10,2
693,2024-11,2
693,2024-12,2
694,2023-01,3
694,2023-02,3
694,2023-03,1
694,2023-04,1
694,2023-05,1
694,2023-06,3
694,2023-07,3
694,2023-08,3
694,2023-09,3
694,2023-10,3
694,2023-11,3
694,2023-12,1
694,2024-01,1
694,2024-02,1
694,2024-03,1
694,2024-04,1
694,2024-05,1
694,2024-06,3
694,2024-07,3
694,2024-08,1
694,2024-09,1
694,2024-10,1
694,2024-11,1
694,2024-12,3
695,2023-01,1
695,2023-02,1
695,2023-03,1
695,2023-04,1
695,2023-05,1
695,2023-06,1
695,2023-07,1
695,2023-08,1
695,2023-09,1
695,2023-10,1
695,2023-11,1
695,2023-12,1
695,2024-01,1
695,2024-02,1
695,2024-03,1
695,2024-04,1
695,2024-05,1
695,2024-06,1
695,2024-07,1
695,2024-08,1
695,2024-09,1
695,2024-10,1
695,2024-11,1
695,2024-12,1
696,2023-01,1
696,2023-02,1
696,2023-03,1
696,2023-04,1
696,2023-05,1
696,2023-06,1
696,2023-07,1
696,2023-08,1
696,2023-09,1
696,2023-10,1
696,2023-11,1
696,2023-12,1
696,2024-01,1
696,2024-02,1
696,2024-03,1
696,2024-04,1
696,2024-05,1
696,2024-06,1
696,2024-07,1
696,2024-08,1
696,2024-09,1
696,2024-10,1
696,2024-11,1
696,2024-12,1
697,2023-01,1
697,2023-02,1
697,2023-03,1
697,2023-04,1
697,2023-05,1
697,2023-06,1
697,2023-07,1
697,2023-08,1
697,2023-09,1
697,2023-10,1
697,2023-11,1
697,2023-12,1
697,2024-01,1
697,2024-02,1
697,2024-03,1
697,2024-04,1
697,2024-05,1
697,2024-06,3
697,2024-07,1
697,2024-08,1
697,2024-09,1
697,2024-10,1
697,2024-11,3
697,2024-12,1
698,2023-01,1
698,2023-02,1
698,2023-03,1
698,2023-04,1
698,2023-05,1
698,2023-06,1
698,2023-07,1
698,2023-08,1
698,2023-09,1
698,2023-10,1
698,2023-11,1
698,2023-12,1
698,2024-01,1
698,2024-02,1
698,2024-03,1
698,2024-04,1
698,2024-05,1
698,2024-06,1
698,2024-07,1
698,2024-08,1
698,2024-09,1
698,2024-10,1
698,2024-11,1
698,2024-12,1
699,2023-01,1
699,2023-02,1
699,2023-03,1
699,2023-04,1
699,2023-05,1
699,2023-06,1
699,2023-07,1
699,2023-08,1
699,2023-09,1
699,2023-10,1
699,2023-11,1
699,2023-12,1
699,2024-01,1
699,2024-02,1
699,2024-03,1
699,2024-04,1
699,2024-05,1
699,2024-06,1
699,2024-07,1
699,2024-08,1
699,2024-09,1
699,2024-10,1
699,2024-11,1
699,2024-12,1
701,2023-01,1
701,2023-02,1
701,2023-03,1
701,2023-04,1
701,2023-05,1
701,2023-06,1
701,2023-07,1
701,2023-08,1
701,2023-09,1
701,2023-10,1
701,2023-11,1
701,2023-12,1
701,2024-01,1
701,2024-02,1
701,2024-03,1
701,2024-04,1
701,2024-05,1
701,2024-06,1
701,2024-07,1
701,2024-08,1
701,2024-09,1
701,2024-10,1
701,2024-11,1
701,2024-12,1
702,2023-01,2
702,2023-02,3
702,2023-03,2
702,2023-04,2
702,2023-05,2
702,2023-06,3
702,2023-07,3
702,2023-08,3
702,2023-09,3
702,2023-10,3
702,2023-11,3
702,2023-12,3
702,2024-01,1
702,2024-02,3
702,2024-03,3
702,2024-04,1
702,2024-05,3
702,2024-06,3
702,2024-07,3
702,2024-08,3
702,2024-09,3
702,2024-10,3
702,2024-11,3
702,2024-12,3
703,2023-01,1
703,2023-02,1
703,2023-03,1
703,2023-04,1
703,2023-05,1
703,2023-06,1
703,2023-07,1
703,2023-08,1
703,2023-09,1
703,2023-10,1
703,2023-11,1
703,2023-12,1
703,2024-01,1
703,2024-02,1
703,2024-03,1
703,2024-04,1
703,2024-05,1
703,2024-06,1
703,2024-07,1
703,2024-08,1
703,2024-09,1
703,2024-10,1
703,2024-11,1
703,2024-12,1
704,2023-01,1
704,2023-02,3
704,2023-03,3
704,2023-04,3
704,2023-05,1
704,2023-06,1
704,2023-07,1
704,2023-08,1
704,2023-09,1
704,2023-10,1
704,2023-11,1
704,2023-12,3
704,2024-01,1
704,2024-02,1
704,2024-03,1
704,2024-04,1
704,2024-05,1
704,2024-06,1
704,2024-07,1
704,2024-08,1
704,2024-09,1
704,2024-10,1
704,2024-11,1
704,2024-12,1
705,2023-01,1
705,2023-02,1
705,2023-03,1
705,2023-04,1
705,2023-05,1
705,2023-06,1
705,2023-07,1
705,2023-08,1
705,2023-09,1
705,2023-10,1
705,2023-11,1
705,2023-12,1
705,2024-01,1
705,2024-02,1
705,2024-03,1
705,2024-04,1
705,2024-05,1
705,2024-06,1
705,2024-07,1
705,2024-08,1
705,2024-09,1
705,2024-10,1
705,2024-11,1
705,2024-12,1
706,2023-01,1
706,2023-02,1
706,2023-03,1
706,2023-04,1
706,2023-05,1
706,2023-06,1
706,2023-07,1
706,2023-08,1
706,2023-09,1
706,2023-10,1
706,2023-11,1
706,2023-12,1
706,2024-01,1
706,2024-02,1
706,2024-03,1
706,2024-04,1
706,2024-05,1
706,2024-06,1
706,2024-07,1
706,2024-08,1
706,2024-09,1
706,2024-10,1
706,2024-11,1
706,2024-12,1
708,2023-01,3
708,2023-02,3
708,2023-03,3
708,2023-04,3
708,2023-05,3
708,2023-06,3
708,2023-07,3
708,2023-08,3
708,2023-09,3
708,2023-10,3
708,2023-11,3
708,2023-12,3
708,2024-01,3
708,2024-02,3
708,2024-03,3
708,2024-04,1
708,2024-05,1
708,2024-06,3
708,2024-07,3
708,2024-08,1
708,2024-09,1
708,2024-10,1
708,2024-11,1
708,2024-12,1
710,2023-01,1
710,2023-02,1
710,2023-03,1
710,2023-04,1
710,2023-05,1
710,2023-06,1
710,2023-07,1
710,2023-08,1
710,2023-09,1
710,2023-10,1
710,2023-11,1
710,2023-12,1
710,2024-01,1
710,2024-02,1
710,2024-03,1
710,2024-04,1
710,2024-05,1
710,2024-06,1
710,2024-07,1
710,2024-08,1
710,2024-09,1
710,2024-10,1
710,2024-11,1
710,2024-12,1
711,2023-01,1
711,2023-02,1
711,2023-03,1
711,2023-04,1
711,2023-05,1
711,2023-06,1
711,2023-07,1
711,2023-08,1
711,2023-09,1
711,2023-10,3
711,2023-11,1
711,2023-12,1
711,2024-01,1
711,2024-02,1
711,2024-03,1
711,2024-04,1
711,2024-05,1
711,2024-06,1
711,2024-07,1
711,2024-08,1
711,2024-09,1
711,2024-10,1
711,2024-11,1
711,2024-12,1
712,2023-01,1
712,2023-02,1
712,2023-03,1
712,2023-04,1
712,2023-05,1
712,2023-06,1
712,2023-07,1
712,2023-08,1
712,2023-09,1
712,2023-10,1
712,2023-11,1
712,2023-12,1
712,2024-01,1
712,2024-02,1
712,2024-03,1
712,2024-04,1
712,2024-05,1
712,2024-06,1
712,2024-07,1
712,2024-08,1
712,2024-09,1
712,2024-10,1
712,2024-11,1
712,2024-12,1
713,2023-01,1
713,2023-02,1
713,2023-03,1
713,2023-04,1
713,2023-05,1
713,2023-06,1
713,2023-07,1
713,2023-08,1
713,2023-09,1
713,2023-10,1
713,2023-11,1
713,2023-12,1
713,2024-01,1
713,2024-02,1
713,2024-03,1
713,2024-04,1
713,2024-05,1
713,2024-06,1
713,2024-07,1
713,2024-08,1
713,2024-09,1
713,2024-10,1
713,2024-11,1
713,2024-12,1
714,2023-01,1
714,2023-02,1
714,2023-03,1
714,2023-04,1
714,2023-05,1
714,2023-06,1
714,2023-07,1
714,2023-08,1
714,2023-09,1
714,2023-10,1
714,2023-11,1
714,2023-12,1
714,2024-01,1
714,2024-02,1
714,2024-03,1
714,2024-04,1
714,2024-05,1
714,2024-06,1
714,2024-07,1
714,2024-08,1
714,2024-09,1
714,2024-10,1
714,2024-11,1
714,2024-12,1
715,2023-01,1
715,2023-02,1
715,2023-03,1
715,2023-04,1
715,2023-05,1
715,2023-06,1
715,2023-07,1
715,2023-08,1
715,2023-09,1
715,2023-10,1
715,2023-11,1
715,2023-12,1
715,2024-01,1
715,2024-02,1
715,2024-03,1
715,2024-04,1
715,2024-05,1
715,2024-06,1
715,2024-07,1
715,2024-08,1
715,2024-09,1
715,2024-10,1
715,2024-11,1
715,2024-12,1
716,2023-01,3
716,2023-02,3
716,2023-03,3
716,2023-04,3
716,2023-05,3
716,2023-06,3
716,2023-07,3
716,2023-08,3
716,2023-09,3
716,2023-10,3
716,2023-11,3
716,2023-12,3
716,2024-01,3
716,2024-02,3
716,2024-03,3
716,2024-04,2
716,2024-05,3
716,2024-06,3
716,2024-07,3
716,2024-08,3
716,2024-09,3
716,2024-10,2
716,2024-11,3
716,2024-12,2
717,2023-01,1
717,2023-02,1
717,2023-03,1
717,2023-04,1
717,2023-05,1
717,2023-06,1
717,2023-07,1
717,2023-08,1
717,2023-09,1
717,2023-10,1
717,2023-11,1
717,2023-12,1
717,2024-01,1
717,2024-02,1
717,2024-03,1
717,2024-04,1
717,2024-05,1
717,2024-06,1
717,2024-07,1
717,2024-08,1
717,2024-09,1
717,2024-10,1
717,2024-11,1
717,2024-12,1
718,2023-01,3
718,2023-02,3
718,2023-03,3
718,2023-04,3
718,2023-05,2
718,2023-06,2
718,2023-07,2
718,2023-08,2
718,2023-09,2
718,2023-10,3
718,2023-11,3
718,2023-12,3
718,2024-01,3
718,2024-02,3
718,2024-03,3
718,2024-04,3
718,2024-05,3
718,2024-06,2
718,2024-07,2
718,2024-08,2
718,2024-09,2
718,2024-10,3
718,2024-11,3
718,2024-12,3
719,2023-01,1
719,2023-02,1
719,2023-03,1
719,2023-04,1
719,2023-05,1
719,2023-06,1
719,2023-07,1
719,2023-08,1
719,2023-09,1
719,2023-10,1
719,2023-11,1
719,2023-12,1
719,2024-01,1
719,2024-02,1
719,2024-03,1
719,2024-04,1
719,2024-05,1
719,2024-06,1
719,2024-07,1
719,2024-08,1
719,2024-09,1
719,2024-10,1
719,2024-11,1
719,2024-12,1
720,2023-01,3
720,2023-02,3
720,2023-03,3
720,2023-04,3
720,2023-05,3
720,2023-06,3
720,2023-07,2
720,2023-08,2
720,2023-09,3
720,2023-10,3
720,2023-11,3
720,2023-12,3
720,2024-01,3
720,2024-02,3
720,2024-03,3
720,2024-04,3
720,2024-05,3
720,2024-06,3
720,2024-07,3
720,2024-08,2
720,2024-09,3
720,2024-10,3
720,2024-11,3
720,2024-12,3
721,2023-01,1
721,2023-02,1
721,2023-03,1
721,2023-04,1
721,2023-05,1
721,2023-06,1
721,2023-07,1
721,2023-08,1
721,2023-09,1
721,2023-10,1
721,2023-11,1
721,2023-12,1
721,2024-01,1
721,2024-02,1
721,2024-03,1
721,2024-04,1
721,2024-05,1
721,2024-06,1
721,2024-07,1
721,2024-08,1
721,2024-09,1
721,2024-10,1
721,2024-11,1
721,2024-12,1
722,2023-01,1
722,2023-02,3
722,2023-03,1
722,2023-04,1
722,2023-05,1
722,2023-06,3
722,2023-07,3
722,2023-08,3
722,2023-09,1
722,2023-10,3
722,2023-11,2
722,2023-12,1
722,2024-01,1
722,2024-02,1
722,2024-03,1
722,2024-04,1
722,2024-05,1
722,2024-06,1
722,2024-07,1
722,2024-08,1
722,2024-09,1
722,2024-10,3
722,2024-11,1
722,2024-12,1
723,2023-01,1
723,2023-02,1
723,2023-03,1
723,2023-04,1
723,2023-05,1
723,2023-06,1
723,2023-07,1
723,2023-08,1
723,2023-09,1
723,2023-10,1
723,2023-11,1
723,2023-12,1
723,2024-01,1
723,2024-02,1
723,2024-03,1
723,2024-04,1
723,2024-05,1
723,2024-06,1
723,2024-07,1
723,2024-08,1
723,2024-09,1
723,2024-10,1
723,2024-11,1
723,2024-12,1
725,2023-01,3
725,2023-02,3
725,2023-03,3
725,2023-04,3
725,2023-05,3
725,2023-06,3
725,2023-07,3
725,2023-08,3
725,2023-09,2
725,2023-10,3
725,2023-11,3
725,2023-12,3
725,2024-01,3
725,2024-02,3
725,2024-03,3
725,2024-04,3
725,2024-05,3
725,2024-06,3
725,2024-07,3
725,2024-08,3
725,2024-09,2
725,2024-10,3
725,2024-11,3
725,2024-12,3
726,2023-01,3
726,2023-02,3
726,2023-03,3
726,2023-04,3
726,2023-05,3
726,2023-06,3
726,2023-07,3
726,2023-08,2
726,2023-09,3
726,2023-10,3
726,2023-11,3
726,2023-12,3
726,2024-01,3
726,2024-02,3
726,2024-03,3
726,2024-04,3
726,2024-05,3
726,2024-06,3
726,2024-07,3
726,2024-08,3
726,2024-09,3
726,2024-10,3
726,2024-11,3
726,2024-12,3
727,2023-01,4
727,2023-02,4
727,2023-03,4
727,2023-04,4
727,2023-05,4
727,2023-06,4
727,2023-07,4
727,2023-08,4
727,2023-09,4
727,2023-10,4
727,2023-11,4
727,2023-12,4
727,2024-01,4
727,2024-02,4
727,2024-03,4
727,2024-04,4
727,2024-05,4
727,2024-06,4
727,2024-07,4
727,2024-08,4
727,2024-09,4
727,2024-10,4
727,2024-11,4
727,2024-12,4
731,2023-01,2
731,2023-02,2
731,2023-03,2
731,2023-04,2
731,2023-05,2
731,2023-06,2
731,2023-07,2
731,2023-08,2
731,2023-09,2
731,2023-10,2
731,2023-11,2
731,2023-12,2
731,2024-01,2
731,2024-02,2
731,2024-03,2
731,2024-04,2
731,2024-05,2
731,2024-06,2
731,2024-07,2
731,2024-08,2
731,2024-09,2
731,2024-10,2
731,2024-11,2
731,2024-12,2
734,2023-01,1
734,2023-02,1
734,2023-03,1
734,2023-04,1
734,2023-05,1
734,2023-06,1
734,2023-07,1
734,2023-08,1
734,2023-09,1
734,2023-10,1
734,2023-11,1
734,2023-12,1
734,2024-01,1
734,2024-02,1
734,2024-03,1
734,2024-04,1
734,2024-05,1
734,2024-06,1
734,2024-07,1
734,2024-08,1
734,2024-09,1
734,2024-10,1
734,2024-11,1
734,2024-12,1
735,2023-01,1
735,2023-02,1
735,2023-03,1
735,2023-04,1
735,2023-05,1
735,2023-06,1
735,2023-07,1
735,2023-08,1
735,2023-09,1
735,2023-10,1
735,2023-11,1
735,2023-12,1
735,2024-01,1
735,2024-02,1
735,2024-03,1
735,2024-04,1
735,2024-05,1
735,2024-06,1
735,2024-07,1
735,2024-08,1
735,2024-09,1
735,2024-10,1
735,2024-11,1
735,2024-12,1
736,2023-01,1
736,2023-02,1
736,2023-03,1
736,2023-04,1
736,2023-05,1
736,2023-06,1
736,2023-07,1
736,2023-08,1
736,2023-09,1
736,2023-10,1
736,2023-11,1
736,2023-12,1
736,2024-01,1
736,2024-02,1
736,2024-03,1
736,2024-04,1
736,2024-05,1
736,2024-06,1
736,2024-07,1
736,2024-08,1
736,2024-09,1
736,2024-10,1
736,2024-11,1
736,2024-12,1
737,2023-01,1
737,2023-02,1
737,2023-03,1
737,2023-04,1
737,2023-05,1
737,2023-06,1
737,2023-07,1
737,2023-08,1
737,2023-09,1
737,2023-10,1
737,2023-11,1
737,2023-12,1
737,2024-01,1
737,2024-02,1
737,2024-03,1
737,2024-04,1
737,2024-05,1
737,2024-06,1
737,2024-07,1
737,2024-08,1
737,2024-09,1
737,2024-10,1
737,2024-11,1
737,2024-12,1
738,2023-01,1
738,2023-02,1
738,2023-03,2
738,2023-04,1
738,2023-05,1
738,2023-06,1
738,2023-07,1
738,2023-08,1
738,2023-09,1
738,2023-10,1
738,2023-11,2
738,2023-12,1
738,2024-01,1
738,2024-02,1
738,2024-03,1
738,2024-04,1
738,2024-05,1
738,2024-06,1
738,2024-07,1
738,2024-08,1
738,2024-09,1
738,2024-10,1
738,2024-11,1
738,2024-12,1
739,2023-01,1
739,2023-02,2
739,2023-03,2
739,2023-04,2
739,2023-05,2
739,2023-06,2
739,2023-07,2
739,2023-08,1
739,2023-09,1
739,2023-10,1
739,2023-11,1
739,2023-12,2
739,2024-01,1
739,2024-02,2
739,2024-03,2
739,2024-04,2
739,2024-05,2
739,2024-06,2
739,2024-07,1
739,2024-08,1
739,2024-09,1
739,2024-10,1
739,2024-11,1
739,2024-12,1
741,2023-01,2
741,2023-02,2
741,2023-03,2
741,2023-04,2
741,2023-05,2
741,2023-06,2
741,2023-07,2
741,2023-08,2
741,2023-09,2
741,2023-10,2
741,2023-11,2
741,2023-12,2
741,2024-01,2
741,2024-02,2
741,2024-03,2
741,2024-04,2
741,2024-05,2
741,2024-06,2
741,2024-07,2
741,2024-08,2
741,2024-09,2
741,2024-10,2
741,2024-11,2
741,2024-12,2
742,2023-01,1
742,2023-02,1
742,2023-03,1
742,2023-04,1
742,2023-05,1
742,2023-06,1
742,2023-07,1
742,2023-08,1
742,2023-09,1
742,2023-10,1
742,2023-11,1
742,2023-12,1
742,2024-01,1
742,2024-02,1
742,2024-03,1
742,2024-04,1
742,2024-05,1
742,2024-06,1
742,2024-07,1
742,2024-08,1
742,2024-09,1
742,2024-10,1
742,2024-11,1
742,2024-12,1
743,2023-01,1
743,2023-02,1
743,2023-03,1
743,2023-04,1
743,2023-05,1
743,2023-06,1
743,2023-07,1
743,2023-08,1
743,2023-09,1
743,2023-10,1
743,2023-11,1
743,2023-12,1
743,2024-01,1
743,2024-02,1
743,2024-03,1
743,2024-04,1
743,2024-05,1
743,2024-06,1
743,2024-07,1
743,2024-08,1
743,2024-09,1
743,2024-10,1
743,2024-11,1
743,2024-12,1
744,2023-01,1
744,2023-02,1
744,2023-03,1
744,2023-04,1
744,2023-05,1
744,2023-06,1
744,2023-07,1
744,2023-08,1
744,2023-09,1
744,2023-10,1
744,2023-11,1
744,2023-12,1
744,2024-01,1
744,2024-02,1
744,2024-03,1
744,2024-04,1
744,2024-05,1
744,2024-06,1
744,2024-07,1
744,2024-08,1
744,2024-09,1
744,2024-10,1
744,2024-11,1
744,2024-12,1
745,2023-01,1
745,2023-02,1
745,2023-03,1
745,2023-04,1
745,2023-05,1
745,2023-06,1
745,2023-07,1
745,2023-08,1
745,2023-09,1
745,2023-10,1
745,2023-11,1
745,2023-12,1
745,2024-01,1
745,2024-02,1
745,2024-03,1
745,2024-04,1
745,2024-05,1
745,2024-06,1
745,2024-07,1
745,2024-08,1
745,2024-09,1
745,2024-10,1
745,2024-11,1
745,2024-12,1
746,2023-01,1
746,2023-02,1
746,2023-03,1
746,2023-04,1
746,2023-05,1
746,2023-06,1
746,2023-07,1
746,2023-08,1
746,2023-09,1
746,2023-10,1
746,2023-11,1
746,2023-12,1
746,2024-01,1
746,2024-02,1
746,2024-03,1
746,2024-04,1
746,2024-05,1
746,2024-06,1
746,2024-07,1
746,2024-08,1
746,2024-09,1
746,2024-10,1
746,2024-11,1
746,2024-12,1
747,2023-01,1
747,2023-02,1
747,2023-03,1
747,2023-04,1
747,2023-05,1
747,2023-06,1
747,2023-07,1
747,2023-08,1
747,2023-09,1
747,2023-10,1
747,2023-11,1
747,2023-12,1
747,2024-01,1
747,2024-02,1
747,2024-03,1
747,2024-04,1
747,2024-05,1
747,2024-06,1
747,2024-07,1
747,2024-08,1
747,2024-09,1
747,2024-10,1
747,2024-11,1
747,2024-12,1
748,2023-01,2
748,2023-02,2
748,2023-03,2
748,2023-04,2
748,2023-05,2
748,2023-06,2
748,2023-07,2
748,2023-08,2
748,2023-09,2
748,2023-10,2
748,2023-11,2
748,2023-12,2
748,2024-01,2
748,2024-02,2
748,2024-03,2
748,2024-04,2
748,2024-05,2
748,2024-06,2
748,2024-07,2
748,2024-08,2
748,2024-09,2
748,2024-10,2
748,2024-11,2
748,2024-12,2
749,2023-01,1
749,2023-02,1
749,2023-03,1
749,2023-04,1
749,2023-05,1
749,2023-06,1
749,2023-07,1
749,2023-08,1
749,2023-09,1
749,2023-10,1
749,2023-11,1
749,2023-12,1
749,2024-01,1
749,2024-02,1
749,2024-03,1
749,2024-04,1
749,2024-05,1
749,2024-06,1
749,2024-07,1
749,2024-08,1
749,2024-09,1
749,2024-10,1
749,2024-11,1
749,2024-12,1
751,2023-01,1
751,2023-02,1
751,2023-03,1
751,2023-04,1
751,2023-05,1
751,2023-06,1
751,2023-07,1
751,2023-08,1
751,2023-09,1
751,2023-10,1
751,2023-11,1
751,2023-12,1
751,2024-01,1
751,2024-02,1
751,2024-03,1
751,2024-04,1
751,2024-05,1
751,2024-06,1
751,2024-07,1
751,2024-08,1
751,2024-09,1
751,2024-10,1
751,2024-11,1
751,2024-12,1
752,2023-01,1
752,2023-02,1
752,2023-03,1
752,2023-04,1
752,2023-05,1
752,2023-06,1
752,2023-07,1
752,2023-08,1
752,2023-09,1
752,2023-10,1
752,2023-11,1
752,2023-12,1
752,2024-01,1
752,2024-02,1
752,2024-03,1
752,2024-04,1
752,2024-05,1
752,2024-06,1
752,2024-07,1
752,2024-08,1
752,2024-09,1
752,2024-10,1
752,2024-11,1
752,2024-12,1
753,2023-01,1
753,2023-02,1
753,2023-03,1
753,2023-04,1
753,2023-05,1
753,2023-06,1
753,2023-07,1
753,2023-08,1
753,2023-09,1
753,2023-10,1
753,2023-11,1
753,2023-12,1
753,2024-01,1
753,2024-02,1
753,2024-03,1
753,2024-04,1
753,2024-05,1
753,2024-06,1
753,2024-07,1
753,2024-08,1
753,2024-09,1
753,2024-10,1
753,2024-11,1
753,2024-12,1
754,2023-01,2
754,2023-02,2
754,2023-03,2
754,2023-04,2
754,2023-05,2
754,2023-06,2
754,2023-07,2
754,2023-08,2
754,2023-09,2
754,2023-10,2
754,2023-11,2
754,2023-12,2
754,2024-01,2
754,2024-02,2
754,2024-03,2
754,2024-04,2
754,2024-05,2
754,2024-06,2
754,2024-07,1
754,2024-08,1
754,2024-09,1
754,2024-10,1
754,2024-11,1
754,2024-12,2
755,2023-01,1
755,2023-02,1
755,2023-03,1
755,2023-04,1
755,2023-05,1
755,2023-06,1
755,2023-07,1
755,2023-08,1
755,2023-09,1
755,2023-10,1
755,2023-11,1
755,2023-12,1
755,2024-01,1
755,2024-02,1
755,2024-03,1
755,2024-04,1
755,2024-05,1
755,2024-06,1
755,2024-07,1
755,2024-08,1
755,2024-09,1
755,2024-10,1
755,2024-11,1
755,2024-12,1
756,2023-01,1
756,2023-02,2
756,2023-03,1
756,2023-04,1
756,2023-05,2
756,2023-06,2
756,2023-07,1
756,2023-08,2
756,2023-09,1
756,2023-10,1
756,2023-11,1
756,2023-12,1
756,2024-01,1
756,2024-02,1
756,2024-03,1
756,2024-04,1
756,2024-05,1
756,2024-06,1
756,2024-07,1
756,2024-08,1
756,2024-09,1
756,2024-10,1
756,2024-11,1
756,2024-12,1
757,2023-01,2
757,2023-02,2
757,2023-03,2
757,2023-04,2
757,2023-05,2
757,2023-06,2
757,2023-07,2
757,2023-08,2
757,2023-09,2
757,2023-10,2
757,2023-11,2
757,2023-12,2
757,2024-01,4
757,2024-02,2
757,2024-03,2
757,2024-04,2
757,2024-05,4
757,2024-06,4
757,2024-07,2
757,2024-08,2
757,2024-09,2
757,2024-10,2
757,2024-11,2
757,2024-12,2
758,2023-01,1
758,2023-02,1
758,2023-03,1
758,2023-04,1
758,2023-05,1
758,2023-06,1
758,2023-07,1
758,2023-08,1
758,2023-09,1
758,2023-10,1
758,2023-11,1
758,2023-12,1
758,2024-01,1
758,2024-02,1
758,2024-03,1
758,2024-04,1
758,2024-05,1
758,2024-06,1
758,2024-07,1
758,2024-08,1
758,2024-09,1
758,2024-10,1
758,2024-11,1
758,2024-12,1
760,2023-01,1
760,2023-02,1
760,2023-03,1
760,2023-04,1
760,2023-05,1
760,2023-06,1
760,2023-07,1
760,2023-08,1
760,2023-09,1
760,2023-10,1
760,2023-11,1
760,2023-12,1
760,2024-01,1
760,2024-02,1
760,2024-03,1
760,2024-04,1
760,2024-05,1
760,2024-06,1
760,2024-07,1
760,2024-08,1
760,2024-09,1
760,2024-10,1
760,2024-11,1
760,2024-12,1
761,2023-01,1
761,2023-02,1
761,2023-03,1
761,2023-04,1
761,2023-05,1
761,2023-06,1
761,2023-07,1
761,2023-08,1
761,2023-09,1
761,2023-10,1
761,2023-11,1
761,2023-12,1
761,2024-01,1
761,2024-02,1
761,2024-03,1
761,2024-04,1
761,2024-05,1
761,2024-06,1
761,2024-07,1
761,2024-08,1
761,2024-09,1
761,2024-10,1
761,2024-11,1
761,2024-12,1
763,2023-01,2
763,2023-02,2
763,2023-03,2
763,2023-04,2
763,2023-05,2
763,2023-06,2
763,2023-07,2
763,2023-08,2
763,2023-09,2
763,2023-10,2
763,2023-11,2
763,2023-12,2
763,2024-01,2
763,2024-02,2
763,2024-03,2
763,2024-04,2
763,2024-05,2
763,2024-06,2
763,2024-07,2
763,2024-08,2
763,2024-09,2
763,2024-10,2
763,2024-11,2
763,2024-12,2
764,2023-01,1
764,2023-02,1
764,2023-03,1
764,2023-04,1
764,2023-05,1
764,2023-06,1
764,2023-07,1
764,2023-08,1
764,2023-09,1
764,2023-10,1
764,2023-11,1
764,2023-12,1
764,2024-01,1
764,2024-02,1
764,2024-03,1
764,2024-04,1
764,2024-05,1
764,2024-06,1
764,2024-07,1
764,2024-08,1
764,2024-09,1
764,2024-10,1
764,2024-11,1
764,2024-12,1
765,2023-01,1
765,2023-02,1
765,2023-03,1
765,2023-04,1
765,2023-05,1
765,2023-06,1
765,2023-07,1
765,2023-08,1
765,2023-09,1
765,2023-10,1
765,2023-11,1
765,2023-12,1
765,2024-01,1
765,2024-02,1
765,2024-03,1
765,2024-04,1
765,2024-05,1
765,2024-06,1
765,2024-07,1
765,2024-08,1
765,2024-09,1
765,2024-10,1
765,2024-11,1
765,2024-12,1
766,2023-01,2
766,2023-02,2
766,2023-03,2
766,2023-04,2
766,2023-05,2
766,2023-06,2
766,2023-07,2
766,2023-08,2
766,2023-09,2
766,2023-10,2
766,2023-11,2
766,2023-12,2
766,2024-01,2
766,2024-02,2
766,2024-03,2
766,2024-04,2
766,2024-05,2
766,2024-06,2
766,2024-07,2
766,2024-08,2
766,2024-09,2
766,2024-10,2
766,2024-11,2
766,2024-12,2
767,2023-01,2
767,2023-02,2
767,2023-03,2
767,2023-04,2
767,2023-05,2
767,2023-06,2
767,2023-07,2
767,2023-08,2
767,2023-09,2
767,2023-10,2
767,2023-11,2
767,2023-12,2
767,2024-01,2
767,2024-02,2
767,2024-03,2
767,2024-04,2
767,2024-05,2
767,2024-06,2
767,2024-07,2
767,2024-08,2
767,2024-09,2
767,2024-10,2
767,2024-11,2
767,2024-12,2
769,2023-01,1
769,2023-02,1
769,2023-03,1
769,2023-04,1
769,2023-05,1
769,2023-06,1
769,2023-07,1
769,2023-08,1
769,2023-09,1
769,2023-10,1
769,2023-11,1
769,2023-12,1
769,2024-01,1
769,2024-02,1
769,2024-03,1
769,2024-04,1
769,2024-05,1
769,2024-06,1
769,2024-07,1
769,2024-08,1
769,2024-09,1
769,2024-10,1
769,2024-11,1
769,2024-12,1
770,2023-01,1
770,2023-02,1
770,2023-03,1
770,2023-04,1
770,2023-05,1
770,2023-06,1
770,2023-07,1
770,2023-08,1
770,2023-09,1
770,2023-10,1
770,2023-11,1
770,2023-12,1
770,2024-01,1
770,2024-02,1
770,2024-03,1
770,2024-04,1
770,2024-05,1
770,2024-06,1
770,2024-07,1
770,2024-08,1
770,2024-09,1
770,2024-10,1
770,2024-11,1
770,2024-12,1
771,2023-01,1
771,2023-02,1
771,2023-03,1
771,2023-04,1
771,2023-05,1
771,2023-06,1
771,2023-07,1
771,2023-08,1
771,2023-09,1
771,2023-10,1
771,2023-11,1
771,2023-12,1
771,2024-01,1
771,2024-02,1
771,2024-03,1
771,2024-04,1
771,2024-05,1
771,2024-06,1
771,2024-07,1
771,2024-08,1
771,2024-09,1
771,2024-10,1
771,2024-11,1
771,2024-12,1
773,2023-01,1
773,2023-02,1
773,2023-03,1
773,2023-04,1
773,2023-05,1
773,2023-06,1
773,2023-07,1
773,2023-08,1
773,2023-09,1
773,2023-10,1
773,2023-11,1
773,2023-12,3
773,2024-01,1
773,2024-02,1
773,2024-03,1
773,2024-04,1
773,2024-05,1
773,2024-06,1
773,2024-07,1
773,2024-08,1
773,2024-09,1
773,2024-10,1
773,2024-11,1
773,2024-12,1
774,2023-01,1
774,2023-02,1
774,2023-03,1
774,2023-04,1
774,2023-05,1
774,2023-06,1
774,2023-07,1
774,2023-08,1
774,2023-09,1
774,2023-10,1
774,2023-11,1
774,2023-12,1
774,2024-01,1
774,2024-02,1
774,2024-03,1
774,2024-04,1
774,2024-05,1
774,2024-06,1
774,2024-07,1
774,2024-08,1
774,2024-09,1
774,2024-10,1
774,2024-11,1
774,2024-12,1
775,2023-01,2
775,2023-02,2
775,2023-03,2
775,2023-04,4
775,2023-05,4
775,2023-06,4
775,2023-07,4
775,2023-08,4
775,2023-09,4
775,2023-10,4
775,2023-11,4
775,2023-12,4
775,2024-01,4
775,2024-02,4
775,2024-03,4
775,2024-04,4
775,2024-05,4
775,2024-06,4
775,2024-07,4
775,2024-08,4
775,2024-09,4
775,2024-10,4
775,2024-11,4
775,2024-12,4
776,2023-01,3
776,2023-02,3
776,2023-03,3
776,2023-04,3
776,2023-05,3
776,2023-06,3
776,2023-07,3
776,2023-08,3
776,2023-09,3
776,2023-10,3
776,2023-11,3
776,2023-12,3
776,2024-01,3
776,2024-02,3
776,2024-03,3
776,2024-04,3
776,2024-05,3
776,2024-06,3
776,2024-07,3
776,2024-08,3
776,2024-09,3
776,2024-10,3
776,2024-11,3
776,2024-12,3
777,2023-01,2
777,2023-02,3
777,2023-03,3
777,2023-04,2
777,2023-05,2
777,2023-06,2
777,2023-07,2
777,2023-08,2
777,2023-09,3
777,2023-10,3
777,2023-11,3
777,2023-12,3
777,2024-01,3
777,2024-02,3
777,2024-03,3
777,2024-04,3
777,2024-05,2
777,2024-06,2
777,2024-07,3
777,2024-08,3
777,2024-09,3
777,2024-10,3
777,2024-11,3
777,2024-12,3
778,2023-01,3
778,2023-02,3
778,2023-03,3
778,2023-04,3
778,2023-05,3
778,2023-06,3
778,2023-07,3
778,2023-08,3
778,2023-09,3
778,2023-10,3
778,2023-11,3
778,2023-12,3
778,2024-01,3
778,2024-02,3
778,2024-03,3
778,2024-04,3
778,2024-05,3
778,2024-06,3
778,2024-07,3
778,2024-08,3
778,2024-09,3
778,2024-10,3
778,2024-11,3
778,2024-12,3
779,2023-01,3
779,2023-02,3
779,2023-03,3
779,2023-04,3
779,2023-05,3
779,2023-06,3
779,2023-07,3
779,2023-08,3
779,2023-09,3
779,2023-10,3
779,2023-11,3
779,2023-12,3
779,2024-01,3
779,2024-02,3
779,2024-03,3
779,2024-04,3
779,2024-05,3
779,2024-06,3
779,2024-07,3
779,2024-08,3
779,2024-09,3
779,2024-10,3
779,2024-11,3
779,2024-12,3
780,2023-01,3
780,2023-02,3
780,2023-03,3
780,2023-04,3
780,2023-05,3
780,2023-06,3
780,2023-07,3
780,2023-08,3
780,2023-09,3
780,2023-10,3
780,2023-11,3
780,2023-12,3
780,2024-01,3
780,2024-02,3
780,2024-03,3
780,2024-04,3
780,2024-05,3
780,2024-06,3
780,2024-07,3
780,2024-08,3
780,2024-09,3
780,2024-10,3
780,2024-11,3
780,2024-12,3
781,2023-01,3
781,2023-02,3
781,2023-03,3
781,2023-04,3
781,2023-05,3
781,2023-06,3
781,2023-07,3
781,2023-08,3
781,2023-09,3
781,2023-10,3
781,2023-11,3
781,2023-12,3
781,2024-01,3
781,2024-02,3
781,2024-03,3
781,2024-04,3
781,2024-05,3
781,2024-06,3
781,2024-07,3
781,2024-08,3
781,2024-09,3
781,2024-10,3
781,2024-11,3
781,2024-12,3
782,2023-01,2
782,2023-02,2
782,2023-03,3
782,2023-04,2
782,2023-05,2
782,2023-06,2
782,2023-07,2
782,2023-08,2
782,2023-09,2
782,2023-10,2
782,2023-11,3
782,2023-12,3
782,2024-01,2
782,2024-02,3
782,2024-03,3
782,2024-04,2
782,2024-05,2
782,2024-06,2
782,2024-07,2
782,2024-08,3
782,2024-09,3
782,2024-10,3
782,2024-11,3
782,2024-12,3
783,2023-01,3
783,2023-02,3
783,2023-03,3
783,2023-04,3
783,2023-05,3
783,2023-06,3
783,2023-07,3
783,2023-08,3
783,2023-09,3
783,2023-10,3
783,2023-11,3
783,2023-12,3
783,2024-01,3
783,2024-02,3
783,2024-03,3
783,2024-04,3
783,2024-05,3
783,2024-06,3
783,2024-07,3
783,2024-08,3
783,2024-09,3
783,2024-10,3
783,2024-11,3
783,2024-12,3
784,2023-01,3
784,2023-02,3
784,2023-03,3
784,2023-04,3
784,2023-05,3
784,2023-06,3
784,2023-07,3
784,2023-08,3
784,2023-09,3
784,2023-10,3
784,2023-11,3
784,2023-12,3
784,2024-01,3
784,2024-02,3
784,2024-03,3
784,2024-04,3
784,2024-05,3
784,2024-06,3
784,2024-07,3
784,2024-08,3
784,2024-09,3
784,2024-10,3
784,2024-11,3
784,2024-12,3
785,2023-01,2
785,2023-02,2
785,2023-03,2
785,2023-04,2
785,2023-05,2
785,2023-06,2
785,2023-07,2
785,2023-08,2
785,2023-09,2
785,2023-10,2
785,2023-11,2
785,2023-12,2
785,2024-01,2
785,2024-02,2
785,2024-03,2
785,2024-04,2
785,2024-05,2
785,2024-06,2
785,2024-07,2
785,2024-08,2
785,2024-09,3
785,2024-10,2
785,2024-11,3
785,2024-12,3
787,2023-01,3
787,2023-02,3
787,2023-03,3
787,2023-04,3
787,2023-05,3
787,2023-06,3
787,2023-07,3
787,2023-08,3
787,2023-09,3
787,2023-10,3
787,2023-11,3
787,2023-12,3
787,2024-01,3
787,2024-02,3
787,2024-03,3
787,2024-04,3
787,2024-05,3
787,2024-06,3
787,2024-07,3
787,2024-08,3
787,2024-09,3
787,2024-10,3
787,2024-11,3
787,2024-12,3
788,2023-01,3
788,2023-02,3
788,2023-03,3
788,2023-04,3
788,2023-05,3
788,2023-06,3
788,2023-07,3
788,2023-08,3
788,2023-09,3
788,2023-10,3
788,2023-11,3
788,2023-12,3
788,2024-01,3
788,2024-02,3
788,2024-03,3
788,2024-04,3
788,2024-05,3
788,2024-06,3
788,2024-07,3
788,2024-08,3
788,2024-09,3
788,2024-10,3
788,2024-11,3
788,2024-12,3
789,2023-01,3
789,2023-02,3
789,2023-03,3
789,2023-04,3
789,2023-05,3
789,2023-06,3
789,2023-07,3
789,2023-08,3
789,2023-09,3
789,2023-10,3
789,2023-11,3
789,2023-12,3
789,2024-01,3
789,2024-02,3
789,2024-03,3
789,2024-04,3
789,2024-05,3
789,2024-06,3
789,2024-07,3
789,2024-08,3
789,2024-09,3
789,2024-10,3
789,2024-11,3
789,2024-12,3
790,2023-01,3
790,2023-02,3
790,2023-03,3
790,2023-04,3
790,2023-05,3
790,2023-06,3
790,2023-07,3
790,2023-08,3
790,2023-09,3
790,2023-10,3
790,2023-11,3
790,2023-12,3
790,2024-01,3
790,2024-02,3
790,2024-03,3
790,2024-04,3
790,2024-05,3
790,2024-06,3
790,2024-07,3
790,2024-08,3
790,2024-09,3
790,2024-10,3
790,2024-11,3
790,2024-12,3
791,2023-01,3
791,2023-02,3
791,2023-03,3
791,2023-04,3
791,2023-05,3
791,2023-06,3
791,2023-07,3
791,2023-08,3
791,2023-09,3
791,2023-10,3
791,2023-11,3
791,2023-12,3
791,2024-01,3
791,2024-02,3
791,2024-03,3
791,2024-04,3
791,2024-05,3
791,2024-06,3
791,2024-07,3
791,2024-08,3
791,2024-09,3
791,2024-10,3
791,2024-11,3
791,2024-12,3
792,2023-01,3
792,2023-02,3
792,2023-03,3
792,2023-04,3
792,2023-05,3
792,2023-06,3
792,2023-07,3
792,2023-08,3
792,2023-09,3
792,2023-10,3
792,2023-11,3
792,2023-12,3
792,2024-01,3
792,2024-02,3
792,2024-03,3
792,2024-04,3
792,2024-05,3
792,2024-06,3
792,2024-07,3
792,2024-08,3
792,2024-09,3
792,2024-10,3
792,2024-11,3
792,2024-12,3
793,2023-01,3
793,2023-02,3
793,2023-03,3
793,2023-04,3
793,2023-05,3
793,2023-06,3
793,2023-07,3
793,2023-08,3
793,2023-09,3
793,2023-10,3
793,2023-11,3
793,2023-12,3
793,2024-01,3
793,2024-02,3
793,2024-03,3
793,2024-04,3
793,2024-05,3
793,2024-06,3
793,2024-07,3
793,2024-08,3
793,2024-09,3
793,2024-10,3
793,2024-11,3
793,2024-12,3
794,2023-01,3
794,2023-02,3
794,2023-03,3
794,2023-04,3
794,2023-05,3
794,2023-06,3
794,2023-07,3
794,2023-08,3
794,2023-09,3
794,2023-10,3
794,2023-11,3
794,2023-12,3
794,2024-01,3
794,2024-02,3
794,2024-03,3
794,2024-04,3
794,2024-05,3
794,2024-06,3
794,2024-07,3
794,2024-08,3
794,2024-09,3
794,2024-10,3
794,2024-11,3
794,2024-12,3
795,2023-01,3
795,2023-02,3
795,2023-03,3
795,2023-04,3
795,2023-05,3
795,2023-06,3
795,2023-07,3
795,2023-08,3
795,2023-09,3
795,2023-10,3
795,2023-11,3
795,2023-12,3
795,2024-01,3
795,2024-02,3
795,2024-03,3
795,2024-04,3
795,2024-05,3
795,2024-06,3
795,2024-07,3
795,2024-08,3
795,2024-09,3
795,2024-10,3
795,2024-11,3
795,2024-12,3
796,2023-01,3
796,2023-02,3
796,2023-03,3
796,2023-04,3
796,2023-05,3
796,2023-06,3
796,2023-07,3
796,2023-08,3
796,2023-09,3
796,2023-10,3
796,2023-11,3
796,2023-12,3
796,2024-01,3
796,2024-02,3
796,2024-03,3
796,2024-04,3
796,2024-05,3
796,2024-06,3
796,2024-07,3
796,2024-08,3
796,2024-09,3
796,2024-10,3
796,2024-11,3
796,2024-12,3
797,2023-01,3
797,2023-02,3
797,2023-03,3
797,2023-04,3
797,2023-05,3
797,2023-06,3
797,2023-07,3
797,2023-08,3
797,2023-09,3
797,2023-10,3
797,2023-11,3
797,2023-12,3
797,2024-01,3
797,2024-02,3
797,2024-03,3
797,2024-04,3
797,2024-05,3
797,2024-06,3
797,2024-07,3
797,2024-08,3
797,2024-09,3
797,2024-10,3
797,2024-11,3
797,2024-12,3
798,2023-01,3
798,2023-02,3
798,2023-03,3
798,2023-04,3
798,2023-05,3
798,2023-06,3
798,2023-07,3
798,2023-08,3
798,2023-09,3
798,2023-10,3
798,2023-11,3
798,2023-12,3
798,2024-01,3
798,2024-02,3
798,2024-03,3
798,2024-04,3
798,2024-05,3
798,2024-06,3
798,2024-07,3
798,2024-08,3
798,2024-09,3
798,2024-10,3
798,2024-11,3
798,2024-12,3
799,2023-01,3
799,2023-02,3
799,2023-03,3
799,2023-04,3
799,2023-05,3
799,2023-06,3
799,2023-07,3
799,2023-08,3
799,2023-09,3
799,2023-10,3
799,2023-11,3
799,2023-12,3
799,2024-01,3
799,2024-02,3
799,2024-03,3
799,2024-04,3
799,2024-05,3
799,2024-06,3
799,2024-07,3
799,2024-08,3
799,2024-09,3
799,2024-10,3
799,2024-11,3
799,2024-12,3
800,2023-01,3
800,2023-02,3
800,2023-03,3
800,2023-04,3
800,2023-05,3
800,2023-06,3
800,2023-07,3
800,2023-08,3
800,2023-09,3
800,2023-10,3
800,2023-11,3
800,2023-12,3
800,2024-01,3
800,2024-02,3
800,2024-03,3
800,2024-04,3
800,2024-05,3
800,2024-06,3
800,2024-07,3
800,2024-08,3
800,2024-09,3
800,2024-10,3
800,2024-11,3
800,2024-12,3
801,2023-01,3
801,2023-02,3
801,2023-03,3
801,2023-04,3
801,2023-05,3
801,2023-06,3
801,2023-07,3
801,2023-08,3
801,2023-09,3
801,2023-10,3
801,2023-11,3
801,2023-12,3
801,2024-01,3
801,2024-02,3
801,2024-03,3
801,2024-04,3
801,2024-05,3
801,2024-06,3
801,2024-07,3
801,2024-08,3
801,2024-09,3
801,2024-10,3
801,2024-11,3
801,2024-12,3
802,2023-01,3
802,2023-02,3
802,2023-03,3
802,2023-04,3
802,2023-05,3
802,2023-06,3
802,2023-07,3
802,2023-08,3
802,2023-09,3
802,2023-10,3
802,2023-11,3
802,2023-12,3
802,2024-01,3
802,2024-02,3
802,2024-03,3
802,2024-04,3
802,2024-05,3
802,2024-06,3
802,2024-07,3
802,2024-08,3
802,2024-09,3
802,2024-10,3
802,2024-11,3
802,2024-12,3
803,2023-01,3
803,2023-02,3
803,2023-03,3
803,2023-04,3
803,2023-05,3
803,2023-06,3
803,2023-07,3
803,2023-08,3
803,2023-09,3
803,2023-10,3
803,2023-11,3
803,2023-12,3
803,2024-01,3
803,2024-02,3
803,2024-03,3
803,2024-04,3
803,2024-05,3
803,2024-06,3
803,2024-07,3
803,2024-08,3
803,2024-09,3
803,2024-10,3
803,2024-11,3
803,2024-12,3
804,2023-01,3
804,2023-02,3
804,2023-03,3
804,2023-04,3
804,2023-05,3
804,2023-06,3
804,2023-07,3
804,2023-08,3
804,2023-09,3
804,2023-10,3
804,2023-11,3
804,2023-12,3
804,2024-01,3
804,2024-02,3
804,2024-03,3
804,2024-04,3
804,2024-05,3
804,2024-06,3
804,2024-07,3
804,2024-08,3
804,2024-09,3
804,2024-10,3
804,2024-11,3
804,2024-12,3
805,2023-01,3
805,2023-02,3
805,2023-03,3
805,2023-04,3
805,2023-05,3
805,2023-06,3
805,2023-07,3
805,2023-08,3
805,2023-09,3
805,2023-10,3
805,2023-11,3
805,2023-12,3
805,2024-01,3
805,2024-02,3
805,2024-03,3
805,2024-04,3
805,2024-05,3
805,2024-06,3
805,2024-07,3
805,2024-08,3
805,2024-09,3
805,2024-10,3
805,2024-11,3
805,2024-12,3
806,2023-01,3
806,2023-02,3
806,2023-03,3
806,2023-04,3
806,2023-05,3
806,2023-06,3
806,2023-07,3
806,2023-08,3
806,2023-09,3
806,2023-10,3
806,2023-11,3
806,2023-12,3
806,2024-01,3
806,2024-02,3
806,2024-03,3
806,2024-04,3
806,2024-05,3
806,2024-06,3
806,2024-07,3
806,2024-08,3
806,2024-09,3
806,2024-10,3
806,2024-11,3
806,2024-12,3
807,2023-01,3
807,2023-02,3
807,2023-03,3
807,2023-04,3
807,2023-05,3
807,2023-06,3
807,2023-07,3
807,2023-08,3
807,2023-09,3
807,2023-10,3
807,2023-11,3
807,2023-12,3
807,2024-01,3
807,2024-02,3
807,2024-03,3
807,2024-04,3
807,2024-05,3
807,2024-06,3
807,2024-07,3
807,2024-08,3
807,2024-09,3
807,2024-10,3
807,2024-11,3
807,2024-12,3
808,2023-01,3
808,2023-02,3
808,2023-03,3
808,2023-04,3
808,2023-05,3
808,2023-06,3
808,2023-07,3
808,2023-08,3
808,2023-09,3
808,2023-10,3
808,2023-11,3
808,2023-12,3
808,2024-01,3
808,2024-02,3
808,2024-03,3
808,2024-04,3
808,2024-05,3
808,2024-06,3
808,2024-07,3
808,2024-08,3
808,2024-09,3
808,2024-10,3
808,2024-11,3
808,2024-12,3
809,2023-01,4
809,2023-02,2
809,2023-03,4
809,2023-04,4
809,2023-05,4
809,2023-06,4
809,2023-07,4
809,2023-08,4
809,2023-09,4
809,2023-10,4
809,2023-11,4
809,2023-12,4
809,2024-01,4
809,2024-02,4
809,2024-03,4
809,2024-04,4
809,2024-05,4
809,2024-06,4
809,2024-07,4
809,2024-08,4
809,2024-09,4
809,2024-10,4
809,2024-11,4
809,2024-12,4
812,2023-01,2
812,2023-02,2
812,2023-03,2
812,2023-04,4
812,2023-05,4
812,2023-06,4
812,2023-07,4
812,2023-08,4
812,2023-09,4
812,2023-10,4
812,2023-11,4
812,2023-12,4
812,2024-01,4
812,2024-02,4
812,2024-03,4
812,2024-04,4
812,2024-05,4
812,2024-06,4
812,2024-07,4
812,2024-08,4
812,2024-09,4
812,2024-10,4
812,2024-11,4
812,2024-12,4
813,2023-01,2
813,2023-02,2
813,2023-03,2
813,2023-04,2
813,2023-05,2
813,2023-06,2
813,2023-07,2
813,2023-08,2
813,2023-09,2
813,2023-10,2
813,2023-11,2
813,2023-12,2
813,2024-01,4
813,2024-02,2
813,2024-03,2
813,2024-04,2
813,2024-05,2
813,2024-06,4
813,2024-07,4
813,2024-08,4
813,2024-09,2
813,2024-10,2
813,2024-11,2
813,2024-12,2
818,2023-01,2
818,2023-02,2
818,2023-03,2
818,2023-04,2
818,2023-05,2
818,2023-06,2
818,2023-07,2
818,2023-08,2
818,2023-09,2
818,2023-10,2
818,2023-11,2
818,2023-12,2
818,2024-01,2
818,2024-02,2
818,2024-03,2
818,2024-04,2
818,2024-05,2
818,2024-06,2
818,2024-07,2
818,2024-08,2
818,2024-09,2
818,2024-10,2
818,2024-11,2
818,2024-12,2
820,2023-01,2
820,2023-02,2
820,2023-03,2
820,2023-04,2
820,2023-05,2
820,2023-06,2
820,2023-07,2
820,2023-08,2
820,2023-09,2
820,2023-10,2
820,2023-11,2
820,2023-12,2
820,2024-01,2
820,2024-02,2
820,2024-03,2
820,2024-04,2
820,2024-05,2
820,2024-06,2
820,2024-07,2
820,2024-08,2
820,2024-09,2
820,2024-10,2
820,2024-11,2
820,2024-12,2
824,2023-01,4
824,2023-02,4
824,2023-03,4
824,2023-04,4
824,2023-05,4
824,2023-06,4
824,2023-07,4
824,2023-08,4
824,2023-09,4
824,2023-10,4
824,2023-11,4
824,2023-12,4
824,2024-01,4
824,2024-02,4
824,2024-03,4
824,2024-04,4
824,2024-05,4
824,2024-06,4
824,2024-07,4
824,2024-08,4
824,2024-09,4
824,2024-10,4
824,2024-11,4
824,2024-12,4
826,2023-01,1
826,2023-02,1
826,2023-03,1
826,2023-04,1
826,2023-05,1
826,2023-06,1
826,2023-07,1
826,2023-08,1
826,2023-09,1
826,2023-10,1
826,2023-11,1
826,2023-12,1
826,2024-01,1
826,2024-02,1
826,2024-03,1
826,2024-04,1
826,2024-05,1
826,2024-06,1
826,2024-07,1
826,2024-08,1
826,2024-09,1
826,2024-10,1
826,2024-11,1
826,2024-12,1
827,2023-01,1
827,2023-02,1
827,2023-03,1
827,2023-04,1
827,2023-05,1
827,2023-06,1
827,2023-07,1
827,2023-08,1
827,2023-09,1
827,2023-10,1
827,2023-11,1
827,2023-12,1
827,2024-01,1
827,2024-02,1
827,2024-03,1
827,2024-04,1
827,2024-05,1
827,2024-06,1
827,2024-07,1
827,2024-08,1
827,2024-09,1
827,2024-10,1
827,2024-11,1
827,2024-12,1
828,2023-01,1
828,2023-02,1
828,2023-03,1
828,2023-04,1
828,2023-05,1
828,2023-06,1
828,2023-07,1
828,2023-08,1
828,2023-09,1
828,2023-10,1
828,2023-11,1
828,2023-12,1
828,2024-01,1
828,2024-02,1
828,2024-03,1
828,2024-04,1
828,2024-05,1
828,2024-06,1
828,2024-07,1
828,2024-08,1
828,2024-09,1
828,2024-10,1
828,2024-11,1
828,2024-12,1
829,2023-01,1
829,2023-02,1
829,2023-03,1
829,2023-04,1
829,2023-05,1
829,2023-06,1
829,2023-07,1
829,2023-08,1
829,2023-09,1
829,2023-10,1
829,2023-11,1
829,2023-12,1
829,2024-01,1
829,2024-02,1
829,2024-03,1
829,2024-04,1
829,2024-05,1
829,2024-06,1
829,2024-07,1
829,2024-08,1
829,2024-09,1
829,2024-10,1
829,2024-11,1
829,2024-12,1
830,2023-01,2
830,2023-02,2
830,2023-03,2
830,2023-04,2
830,2023-05,2
830,2023-06,2
830,2023-07,2
830,2023-08,2
830,2023-09,2
830,2023-10,2
830,2023-11,2
830,2023-12,2
830,2024-01,2
830,2024-02,2
830,2024-03,2
830,2024-04,2
830,2024-05,2
830,2024-06,2
830,2024-07,2
830,2024-08,2
830,2024-09,2
830,2024-10,2
830,2024-11,2
830,2024-12,2
831,2023-01,1
831,2023-02,1
831,2023-03,1
831,2023-04,1
831,2023-05,1
831,2023-06,1
831,2023-07,1
831,2023-08,1
831,2023-09,1
831,2023-10,1
831,2023-11,1
831,2023-12,1
831,2024-01,1
831,2024-02,1
831,2024-03,1
831,2024-04,1
831,2024-05,1
831,2024-06,1
831,2024-07,1
831,2024-08,1
831,2024-09,1
831,2024-10,1
831,2024-11,1
831,2024-12,1
832,2023-01,1
832,2023-02,1
832,2023-03,1
832,2023-04,1
832,2023-05,1
832,2023-06,1
832,2023-07,1
832,2023-08,1
832,2023-09,1
832,2023-10,1
832,2023-11,1
832,2023-12,1
832,2024-01,1
832,2024-02,1
832,2024-03,1
832,2024-04,1
832,2024-05,1
832,2024-06,1
832,2024-07,1
832,2024-08,1
832,2024-09,1
832,2024-10,1
832,2024-11,1
832,2024-12,1
833,2023-01,1
833,2023-02,1
833,2023-03,1
833,2023-04,1
833,2023-05,1
833,2023-06,1
833,2023-07,1
833,2023-08,1
833,2023-09,1
833,2023-10,1
833,2023-11,1
833,2023-12,1
833,2024-01,1
833,2024-02,1
833,2024-03,1
833,2024-04,1
833,2024-05,1
833,2024-06,1
833,2024-07,1
833,2024-08,1
833,2024-09,1
833,2024-10,1
833,2024-11,1
833,2024-12,1
834,2023-01,1
834,2023-02,1
834,2023-03,1
834,2023-04,1
834,2023-05,2
834,2023-06,2
834,2023-07,2
834,2023-08,2
834,2023-09,2
834,2023-10,2
834,2023-11,2
834,2023-12,2
834,2024-01,2
834,2024-02,2
834,2024-03,2
834,2024-04,2
834,2024-05,2
834,2024-06,2
834,2024-07,2
834,2024-08,2
834,2024-09,2
834,2024-10,2
834,2024-11,2
834,2024-12,2
835,2023-01,1
835,2023-02,1
835,2023-03,1
835,2023-04,1
835,2023-05,1
835,2023-06,1
835,2023-07,1
835,2023-08,1
835,2023-09,1
835,2023-10,1
835,2023-11,1
835,2023-12,1
835,2024-01,1
835,2024-02,1
835,2024-03,1
835,2024-04,1
835,2024-05,1
835,2024-06,1
835,2024-07,1
835,2024-08,1
835,2024-09,1
835,2024-10,1
835,2024-11,1
835,2024-12,1
836,2023-01,1
836,2023-02,1
836,2023-03,1
836,2023-04,1
836,2023-05,1
836,2023-06,1
836,2023-07,1
836,2023-08,1
836,2023-09,1
836,2023-10,1
836,2023-11,1
836,2023-12,1
836,2024-01,1
836,2024-02,1
836,2024-03,1
836,2024-04,1
836,2024-05,1
836,2024-06,1
836,2024-07,1
836,2024-08,1
836,2024-09,1
836,2024-10,1
836,2024-11,1
836,2024-12,1
838,2023-01,1
838,2023-02,1
838,2023-03,1
838,2023-04,1
838,2023-05,1
838,2023-06,1
838,2023-07,1
838,2023-08,1
838,2023-09,1
838,2023-10,1
838,2023-11,1
838,2023-12,1
838,2024-01,1
838,2024-02,1
838,2024-03,1
838,2024-04,1
838,2024-05,1
838,2024-06,1
838,2024-07,1
838,2024-08,1
838,2024-09,1
838,2024-10,1
838,2024-11,1
838,2024-12,1
839,2023-01,1
839,2023-02,1
839,2023-03,1
839,2023-04,1
839,2023-05,1
839,2023-06,1
839,2023-07,1
839,2023-08,1
839,2023-09,1
839,2023-10,1
839,2023-11,1
839,2023-12,1
839,2024-01,1
839,2024-02,1
839,2024-03,1
839,2024-04,1
839,2024-05,1
839,2024-06,1
839,2024-07,1
839,2024-08,1
839,2024-09,1
839,2024-10,1
839,2024-11,1
839,2024-12,1
840,2023-01,1
840,2023-02,1
840,2023-03,1
840,2023-04,1
840,2023-05,1
840,2023-06,1
840,2023-07,1
840,2023-08,1
840,2023-09,1
840,2023-10,1
840,2023-11,1
840,2023-12,1
840,2024-01,1
840,2024-02,1
840,2024-03,1
840,2024-04,1
840,2024-05,1
840,2024-06,1
840,2024-07,1
840,2024-08,1
840,2024-09,1
840,2024-10,1
840,2024-11,1
840,2024-12,1
841,2023-01,2
841,2023-02,2
841,2023-03,2
841,2023-04,2
841,2023-05,2
841,2023-06,2
841,2023-07,2
841,2023-08,2
841,2023-09,2
841,2023-10,2
841,2023-11,2
841,2023-12,2
841,2024-01,2
841,2024-02,2
841,2024-03,2
841,2024-04,2
841,2024-05,2
841,2024-06,2
841,2024-07,2
841,2024-08,2
841,2024-09,2
841,2024-10,2
841,2024-11,2
841,2024-12,2
842,2023-01,2
842,2023-02,2
842,2023-03,2
842,2023-04,4
842,2023-05,4
842,2023-06,4
842,2023-07,4
842,2023-08,4
842,2023-09,4
842,2023-10,4
842,2023-11,4
842,2023-12,4
842,2024-01,4
842,2024-02,4
842,2024-03,4
842,2024-04,4
842,2024-05,4
842,2024-06,4
842,2024-07,4
842,2024-08,4
842,2024-09,4
842,2024-10,4
842,2024-11,2
842,2024-12,2
843,2023-01,3
843,2023-02,3
843,2023-03,3
843,2023-04,2
843,2023-05,2
843,2023-06,2
843,2023-07,2
843,2023-08,3
843,2023-09,3
843,2023-10,3
843,2023-11,3
843,2023-12,3
843,2024-01,3
843,2024-02,3
843,2024-03,3
843,2024-04,3
843,2024-05,3
843,2024-06,2
843,2024-07,2
843,2024-08,3
843,2024-09,3
843,2024-10,3
843,2024-11,3
843,2024-12,3
844,2023-01,3
844,2023-02,3
844,2023-03,3
844,2023-04,3
844,2023-05,3
844,2023-06,3
844,2023-07,3
844,2023-08,3
844,2023-09,3
844,2023-10,3
844,2023-11,3
844,2023-12,3
844,2024-01,3
844,2024-02,3
844,2024-03,3
844,2024-04,3
844,2024-05,3
844,2024-06,3
844,2024-07,3
844,2024-08,3
844,2024-09,3
844,2024-10,3
844,2024-11,3
844,2024-12,3
846,2023-01,3
846,2023-02,3
846,2023-03,3
846,2023-04,3
846,2023-05,3
846,2023-06,3
846,2023-07,3
846,2023-08,3
846,2023-09,3
846,2023-10,3
846,2023-11,3
846,2023-12,3
846,2024-01,3
846,2024-02,3
846,2024-03,3
846,2024-04,3
846,2024-05,3
846,2024-06,3
846,2024-07,3
846,2024-08,3
846,2024-09,3
846,2024-10,3
846,2024-11,3
846,2024-12,3
847,2023-01,3
847,2023-02,3
847,2023-03,3
847,2023-04,3
847,2023-05,3
847,2023-06,3
847,2023-07,3
847,2023-08,3
847,2023-09,3
847,2023-10,3
847,2023-11,3
847,2023-12,3
847,2024-01,3
847,2024-02,3
847,2024-03,3
847,2024-04,3
847,2024-05,3
847,2024-06,3
847,2024-07,3
847,2024-08,3
847,2024-09,3
847,2024-10,3
847,2024-11,3
847,2024-12,3
848,2023-01,3
848,2023-02,3
848,2023-03,3
848,2023-04,3
848,2023-05,3
848,2023-06,3
848,2023-07,3
848,2023-08,3
848,2023-09,3
848,2023-10,3
848,2023-11,3
848,2023-12,3
848,2024-01,3
848,2024-02,3
848,2024-03,3
848,2024-04,3
848,2024-05,3
848,2024-06,3
848,2024-07,3
848,2024-08,3
848,2024-09,3
848,2024-10,3
848,2024-11,3
848,2024-12,3
849,2023-01,3
849,2023-02,3
849,2023-03,3
849,2023-04,3
849,2023-05,3
849,2023-06,3
849,2023-07,3
849,2023-08,3
849,2023-09,3
849,2023-10,3
849,2023-11,3
849,2023-12,3
849,2024-01,3
849,2024-02,3
849,2024-03,3
849,2024-04,3
849,2024-05,3
849,2024-06,3
849,2024-07,3
849,2024-08,3
849,2024-09,3
849,2024-10,3
849,2024-11,3
849,2024-12,3
851,2023-01,3
851,2023-02,3
851,2023-03,3
851,2023-04,3
851,2023-05,3
851,2023-06,3
851,2023-07,3
851,2023-08,3
851,2023-09,3
851,2023-10,3
851,2023-11,3
851,2023-12,3
851,2024-01,3
851,2024-02,3
851,2024-03,3
851,2024-04,3
851,2024-05,3
851,2024-06,3
851,2024-07,3
851,2024-08,3
851,2024-09,3
851,2024-10,3
851,2024-11,3
851,2024-12,3
852,2023-01,3
852,2023-02,3
852,2023-03,3
852,2023-04,3
852,2023-05,3
852,2023-06,3
852,2023-07,3
852,2023-08,3
852,2023-09,3
852,2023-10,3
852,2023-11,3
852,2023-12,3
852,2024-01,3
852,2024-02,3
852,2024-03,3
852,2024-04,3
852,2024-05,3
852,2024-06,3
852,2024-07,3
852,2024-08,3
852,2024-09,3
852,2024-10,3
852,2024-11,3
852,2024-12,3
853,2023-01,3
853,2023-02,3
853,2023-03,3
853,2023-04,3
853,2023-05,3
853,2023-06,3
853,2023-07,3
853,2023-08,3
853,2023-09,3
853,2023-10,3
853,2023-11,3
853,2023-12,3
853,2024-01,3
853,2024-02,3
853,2024-03,3
853,2024-04,3
853,2024-05,3
853,2024-06,3
853,2024-07,3
853,2024-08,3
853,2024-09,3
853,2024-10,3
853,2024-11,3
853,2024-12,3
854,2023-01,3
854,2023-02,3
854,2023-03,3
854,2023-04,3
854,2023-05,3
854,2023-06,3
854,2023-07,3
854,2023-08,3
854,2023-09,3
854,2023-10,3
854,2023-11,3
854,2023-12,3
854,2024-01,3
854,2024-02,3
854,2024-03,3
854,2024-04,3
854,2024-05,3
854,2024-06,3
854,2024-07,3
854,2024-08,3
854,2024-09,3
854,2024-10,3
854,2024-11,3
854,2024-12,3
855,2023-01,3
855,2023-02,3
855,2023-03,3
855,2023-04,3
855,2023-05,3
855,2023-06,3
855,2023-07,3
855,2023-08,3
855,2023-09,3
855,2023-10,3
855,2023-11,3
855,2023-12,3
855,2024-01,3
855,2024-02,3
855,2024-03,3
855,2024-04,3
855,2024-05,3
855,2024-06,3
855,2024-07,3
855,2024-08,3
855,2024-09,3
855,2024-10,3
855,2024-11,3
855,2024-12,3
856,2023-01,3
856,2023-02,3
856,2023-03,3
856,2023-04,3
856,2023-05,3
856,2023-06,3
856,2023-07,3
856,2023-08,3
856,2023-09,3
856,2023-10,3
856,2023-11,3
856,2023-12,3
856,2024-01,3
856,2024-02,3
856,2024-03,3
856,2024-04,3
856,2024-05,3
856,2024-06,3
856,2024-07,3
856,2024-08,3
856,2024-09,3
856,2024-10,3
856,2024-11,3
856,2024-12,3
857,2023-01,3
857,2023-02,3
857,2023-03,3
857,2023-04,3
857,2023-05,3
857,2023-06,3
857,2023-07,3
857,2023-08,3
857,2023-09,3
857,2023-10,3
857,2023-11,3
857,2023-12,3
857,2024-01,3
857,2024-02,3
857,2024-03,3
857,2024-04,3
857,2024-05,3
857,2024-06,3
857,2024-07,3
857,2024-08,3
857,2024-09,3
857,2024-10,3
857,2024-11,3
857,2024-12,3
859,2023-01,3
859,2023-02,3
859,2023-03,3
859,2023-04,3
859,2023-05,3
859,2023-06,3
859,2023-07,3
859,2023-08,3
859,2023-09,3
859,2023-10,3
859,2023-11,3
859,2023-12,3
859,2024-01,3
859,2024-02,3
859,2024-03,3
859,2024-04,3
859,2024-05,3
859,2024-06,3
859,2024-07,3
859,2024-08,3
859,2024-09,3
859,2024-10,3
859,2024-11,3
859,2024-12,3
860,2023-01,2
860,2023-02,2
860,2023-03,2
860,2023-04,2
860,2023-05,2
860,2023-06,2
860,2023-07,2
860,2023-08,2
860,2023-09,2
860,2023-10,2
860,2023-11,2
860,2023-12,2
860,2024-01,2
860,2024-02,2
860,2024-03,2
860,2024-04,2
860,2024-05,2
860,2024-06,2
860,2024-07,2
860,2024-08,2
860,2024-09,2
860,2024-10,2
860,2024-11,2
860,2024-12,2
870,2023-01,3
870,2023-02,3
870,2023-03,3
870,2023-04,3
870,2023-05,3
870,2023-06,3
870,2023-07,3
870,2023-08,3
870,2023-09,3
870,2023-10,3
870,2023-11,3
870,2023-12,3
870,2024-01,3
870,2024-02,3
870,2024-03,3
870,2024-04,3
870,2024-05,3
870,2024-06,3
870,2024-07,3
870,2024-08,3
870,2024-09,3
870,2024-10,3
870,2024-11,3
870,2024-12,3
871,2023-01,3
871,2023-02,3
871,2023-03,3
871,2023-04,3
871,2023-05,3
871,2023-06,3
871,2023-07,3
871,2023-08,3
871,2023-09,3
871,2023-10,3
871,2023-11,3
871,2023-12,3
871,2024-01,3
871,2024-02,3
871,2024-03,3
871,2024-04,3
871,2024-05,3
871,2024-06,3
871,2024-07,3
871,2024-08,3
871,2024-09,3
871,2024-10,3
871,2024-11,3
871,2024-12,3
872,2023-01,3
872,2023-02,3
872,2023-03,3
872,2023-04,3
872,2023-05,3
872,2023-06,3
872,2023-07,3
872,2023-08,3
872,2023-09,3
872,2023-10,3
872,2023-11,3
872,2023-12,3
872,2024-01,3
872,2024-02,3
872,2024-03,3
872,2024-04,3
872,2024-05,3
872,2024-06,3
872,2024-07,3
872,2024-08,3
872,2024-09,3
872,2024-10,3
872,2024-11,3
872,2024-12,3
873,2023-01,3
873,2023-02,3
873,2023-03,3
873,2023-04,3
873,2023-05,3
873,2023-06,3
873,2023-07,3
873,2023-08,3
873,2023-09,3
873,2023-10,3
873,2023-11,3
873,2023-12,3
873,2024-01,3
873,2024-02,3
873,2024-03,3
873,2024-04,3
873,2024-05,3
873,2024-06,3
873,2024-07,3
873,2024-08,3
873,2024-09,3
873,2024-10,3
873,2024-11,3
873,2024-12,3
874,2023-01,3
874,2023-02,3
874,2023-03,3
874,2023-04,3
874,2023-05,3
874,2023-06,3
874,2023-07,3
874,2023-08,3
874,2023-09,3
874,2023-10,3
874,2023-11,3
874,2023-12,3
874,2024-01,3
874,2024-02,3
874,2024-03,3
874,2024-04,3
874,2024-05,3
874,2024-06,3
874,2024-07,3
874,2024-08,3
874,2024-09,3
874,2024-10,3
874,2024-11,3
874,2024-12,3
875,2023-01,3
875,2023-02,3
875,2023-03,3
875,2023-04,3
875,2023-05,3
875,2023-06,3
875,2023-07,3
875,2023-08,3
875,2023-09,3
875,2023-10,3
875,2023-11,3
875,2023-12,3
875,2024-01,3
875,2024-02,3
875,2024-03,3
875,2024-04,3
875,2024-05,3
875,2024-06,3
875,2024-07,3
875,2024-08,3
875,2024-09,3
875,2024-10,3
875,2024-11,3
875,2024-12,3
876,2023-01,3
876,2023-02,3
876,2023-03,3
876,2023-04,3
876,2023-05,3
876,2023-06,3
876,2023-07,3
876,2023-08,3
876,2023-09,3
876,2023-10,3
876,2023-11,3
876,2023-12,3
876,2024-01,3
876,2024-02,3
876,2024-03,3
876,2024-04,3
876,2024-05,3
876,2024-06,3
876,2024-07,3
876,2024-08,3
876,2024-09,3
876,2024-10,3
876,2024-11,3
876,2024-12,3
877,2023-01,3
877,2023-02,3
877,2023-03,3
877,2023-04,3
877,2023-05,3
877,2023-06,3
877,2023-07,3
877,2023-08,3
877,2023-09,3
877,2023-10,3
877,2023-11,3
877,2023-12,3
877,2024-01,3
877,2024-02,3
877,2024-03,3
877,2024-04,3
877,2024-05,3
877,2024-06,3
877,2024-07,3
877,2024-08,3
877,2024-09,3
877,2024-10,3
877,2024-11,3
877,2024-12,3
878,2023-01,3
878,2023-02,3
878,2023-03,3
878,2023-04,3
878,2023-05,3
878,2023-06,3
878,2023-07,3
878,2023-08,3
878,2023-09,3
878,2023-10,3
878,2023-11,3
878,2023-12,3
878,2024-01,3
878,2024-02,3
878,2024-03,3
878,2024-04,3
878,2024-05,3
878,2024-06,3
878,2024-07,3
878,2024-08,3
878,2024-09,3
878,2024-10,3
878,2024-11,3
878,2024-12,3
879,2023-01,3
879,2023-02,3
879,2023-03,3
879,2023-04,3
879,2023-05,3
879,2023-06,3
879,2023-07,3
879,2023-08,3
879,2023-09,3
879,2023-10,3
879,2023-11,3
879,2023-12,3
879,2024-01,3
879,2024-02,3
879,2024-03,3
879,2024-04,3
879,2024-05,3
879,2024-06,3
879,2024-07,3
879,2024-08,3
879,2024-09,3
879,2024-10,3
879,2024-11,3
879,2024-12,3
880,2023-01,3
880,2023-02,3
880,2023-03,3
880,2023-04,3
880,2023-05,3
880,2023-06,3
880,2023-07,3
880,2023-08,3
880,2023-09,3
880,2023-10,3
880,2023-11,3
880,2023-12,3
880,2024-01,3
880,2024-02,3
880,2024-03,3
880,2024-04,3
880,2024-05,3
880,2024-06,3
880,2024-07,3
880,2024-08,3
880,2024-09,3
880,2024-10,3
880,2024-11,3
880,2024-12,3
881,2023-01,3
881,2023-02,3
881,2023-03,3
881,2023-04,3
881,2023-05,3
881,2023-06,3
881,2023-07,3
881,2023-08,3
881,2023-09,3
881,2023-10,3
881,2023-11,3
881,2023-12,3
881,2024-01,3
881,2024-02,3
881,2024-03,3
881,2024-04,3
881,2024-05,3
881,2024-06,3
881,2024-07,3
881,2024-08,3
881,2024-09,3
881,2024-10,3
881,2024-11,3
881,2024-12,3
882,2023-01,3
882,2023-02,3
882,2023-03,3
882,2023-04,3
882,2023-05,3
882,2023-06,3
882,2023-07,3
882,2023-08,3
882,2023-09,3
882,2023-10,3
882,2023-11,3
882,2023-12,3
882,2024-01,3
882,2024-02,3
882,2024-03,3
882,2024-04,3
882,2024-05,3
882,2024-06,3
882,2024-07,3
882,2024-08,3
882,2024-09,3
882,2024-10,3
882,2024-11,3
882,2024-12,3
883,2023-01,3
883,2023-02,3
883,2023-03,3
883,2023-04,3
883,2023-05,3
883,2023-06,3
883,2023-07,3
883,2023-08,3
883,2023-09,3
883,2023-10,3
883,2023-11,3
883,2023-12,3
883,2024-01,3
883,2024-02,3
883,2024-03,3
883,2024-04,3
883,2024-05,3
883,2024-06,3
883,2024-07,3
883,2024-08,3
883,2024-09,3
883,2024-10,3
883,2024-11,3
883,2024-12,3
885,2023-01,3
885,2023-02,3
885,2023-03,3
885,2023-04,3
885,2023-05,3
885,2023-06,3
885,2023-07,3
885,2023-08,3
885,2023-09,3
885,2023-10,3
885,2023-11,3
885,2023-12,3
885,2024-01,3
885,2024-02,3
885,2024-03,3
885,2024-04,3
885,2024-05,3
885,2024-06,3
885,2024-07,3
885,2024-08,3
885,2024-09,3
885,2024-10,3
885,2024-11,3
885,2024-12,3
886,2023-01,3
886,2023-02,3
886,2023-03,3
886,2023-04,3
886,2023-05,3
886,2023-06,3
886,2023-07,3
886,2023-08,3
886,2023-09,3
886,2023-10,3
886,2023-11,3
886,2023-12,3
886,2024-01,3
886,2024-02,3
886,2024-03,3
886,2024-04,3
886,2024-05,3
886,2024-06,3
886,2024-07,3
886,2024-08,3
886,2024-09,3
886,2024-10,3
886,2024-11,3
886,2024-12,3
888,2023-01,3
888,2023-02,3
888,2023-03,3
888,2023-04,3
888,2023-05,3
888,2023-06,3
888,2023-07,3
888,2023-08,3
888,2023-09,3
888,2023-10,3
888,2023-11,3
888,2023-12,3
888,2024-01,3
888,2024-02,3
888,2024-03,3
888,2024-04,3
888,2024-05,3
888,2024-06,3
888,2024-07,3
888,2024-08,3
888,2024-09,3
888,2024-10,3
888,2024-11,3
888,2024-12,3
889,2023-01,3
889,2023-02,3
889,2023-03,3
889,2023-04,3
889,2023-05,3
889,2023-06,3
889,2023-07,3
889,2023-08,3
889,2023-09,3
889,2023-10,3
889,2023-11,3
889,2023-12,3
889,2024-01,3
889,2024-02,3
889,2024-03,3
889,2024-04,3
889,2024-05,3
889,2024-06,3
889,2024-07,3
889,2024-08,3
889,2024-09,3
889,2024-10,3
889,2024-11,3
889,2024-12,3
890,2023-01,2
890,2023-02,2
890,2023-03,2
890,2023-04,2
890,2023-05,2
890,2023-06,2
890,2023-07,2
890,2023-08,2
890,2023-09,2
890,2023-10,2
890,2023-11,2
890,2023-12,2
890,2024-01,2
890,2024-02,2
890,2024-03,2
890,2024-04,2
890,2024-05,2
890,2024-06,2
890,2024-07,2
890,2024-08,2
890,2024-09,2
890,2024-10,2
890,2024-11,2
890,2024-12,2
891,2023-01,2
891,2023-02,2
891,2023-03,2
891,2023-04,2
891,2023-05,2
891,2023-06,2
891,2023-07,2
891,2023-08,2
891,2023-09,2
891,2023-10,2
891,2023-11,2
891,2023-12,2
891,2024-01,2
891,2024-02,2
891,2024-03,2
891,2024-04,2
891,2024-05,2
891,2024-06,2
891,2024-07,2
891,2024-08,2
891,2024-09,2
891,2024-10,2
891,2024-11,2
891,2024-12,2
892,2023-01,2
892,2023-02,2
892,2023-03,2
892,2023-04,2
892,2023-05,2
892,2023-06,2
892,2023-07,2
892,2023-08,2
892,2023-09,2
892,2023-10,2
892,2023-11,2
892,2023-12,2
892,2024-01,2
892,2024-02,2
892,2024-03,2
892,2024-04,2
892,2024-05,2
892,2024-06,2
892,2024-07,2
892,2024-08,2
892,2024-09,2
892,2024-10,2
892,2024-11,2
892,2024-12,2
895,2023-01,2
895,2023-02,2
895,2023-03,2
895,2023-04,2
895,2023-05,2
895,2023-06,1
895,2023-07,1
895,2023-08,1
895,2023-09,1
895,2023-10,1
895,2023-11,1
895,2023-12,1
895,2024-01,1
895,2024-02,1
895,2024-03,1
895,2024-04,1
895,2024-05,2
895,2024-06,2
895,2024-07,1
895,2024-08,1
895,2024-09,1
895,2024-10,1
895,2024-11,1
895,2024-12,1
896,2023-01,2
896,2023-02,2
896,2023-03,2
896,2023-04,2
896,2023-05,2
896,2023-06,2
896,2023-07,2
896,2023-08,2
896,2023-09,2
896,2023-10,2
896,2023-11,2
896,2023-12,2
896,2024-01,2
896,2024-02,2
896,2024-03,2
896,2024-04,2
896,2024-05,2
896,2024-06,2
896,2024-07,2
896,2024-08,2
896,2024-09,2
896,2024-10,2
896,2024-11,2
896,2024-12,2
897,2023-01,1
897,2023-02,1
897,2023-03,1
897,2023-04,2
897,2023-05,1
897,2023-06,2
897,2023-07,2
897,2023-08,2
897,2023-09,1
897,2023-10,1
897,2023-11,1
897,2023-12,2
897,2024-01,2
897,2024-02,2
897,2024-03,2
897,2024-04,2
897,2024-05,2
897,2024-06,2
897,2024-07,2
897,2024-08,2
897,2024-09,2
897,2024-10,2
897,2024-11,2
897,2024-12,2
898,2023-01,1
898,2023-02,1
898,2023-03,1
898,2023-04,1
898,2023-05,1
898,2023-06,1
898,2023-07,1
898,2023-08,1
898,2023-09,1
898,2023-10,1
898,2023-11,1
898,2023-12,1
898,2024-01,1
898,2024-02,1
898,2024-03,1
898,2024-04,1
898,2024-05,1
898,2024-06,1
898,2024-07,1
898,2024-08,1
898,2024-09,1
898,2024-10,1
898,2024-11,1
898,2024-12,1
899,2023-01,1
899,2023-02,1
899,2023-03,1
899,2023-04,1
899,2023-05,1
899,2023-06,1
899,2023-07,1
899,2023-08,1
899,2023-09,1
899,2023-10,1
899,2023-11,1
899,2023-12,1
899,2024-01,1
899,2024-02,1
899,2024-03,1
899,2024-04,1
899,2024-05,1
899,2024-06,1
899,2024-07,1
899,2024-08,1
899,2024-09,1
899,2024-10,1
899,2024-11,1
899,2024-12,1
900,2023-01,1
900,2023-02,1
900,2023-03,1
900,2023-04,1
900,2023-05,1
900,2023-06,1
900,2023-07,1
900,2023-08,1
900,2023-09,1
900,2023-10,1
900,2023-11,1
900,2023-12,1
900,2024-01,1
900,2024-02,1
900,2024-03,1
900,2024-04,1
900,2024-05,1
900,2024-06,1
900,2024-07,1
900,2024-08,1
900,2024-09,1
900,2024-10,1
900,2024-11,1
900,2024-12,1
901,2023-01,1
901,2023-02,1
901,2023-03,1
901,2023-04,1
901,2023-05,1
901,2023-06,1
901,2023-07,1
901,2023-08,1
901,2023-09,1
901,2023-10,1
901,2023-11,1
901,2023-12,1
901,2024-01,1
901,2024-02,1
901,2024-03,1
901,2024-04,1
901,2024-05,1
901,2024-06,1
901,2024-07,1
901,2024-08,1
901,2024-09,1
901,2024-10,1
901,2024-11,1
901,2024-12,1
902,2023-01,1
902,2023-02,1
902,2023-03,1
902,2023-04,1
902,2023-05,1
902,2023-06,1
902,2023-07,1
902,2023-08,1
902,2023-09,1
902,2023-10,1
902,2023-11,1
902,2023-12,1
902,2024-01,1
902,2024-02,1
902,2024-03,1
902,2024-04,1
902,2024-05,1
902,2024-06,1
902,2024-07,1
902,2024-08,1
902,2024-09,1
902,2024-10,1
902,2024-11,1
902,2024-12,1
903,2023-01,1
903,2023-02,1
903,2023-03,1
903,2023-04,1
903,2023-05,1
903,2023-06,1
903,2023-07,1
903,2023-08,1
903,2023-09,1
903,2023-10,1
903,2023-11,1
903,2023-12,1
903,2024-01,1
903,2024-02,1
903,2024-03,1
903,2024-04,1
903,2024-05,1
903,2024-06,1
903,2024-07,1
903,2024-08,1
903,2024-09,1
903,2024-10,1
903,2024-11,1
903,2024-12,1
904,2023-01,1
904,2023-02,1
904,2023-03,1
904,2023-04,1
904,2023-05,1
904,2023-06,1
904,2023-07,1
904,2023-08,1
904,2023-09,1
904,2023-10,1
904,2023-11,1
904,2023-12,1
904,2024-01,1
904,2024-02,1
904,2024-03,1
904,2024-04,1
904,2024-05,1
904,2024-06,1
904,2024-07,1
904,2024-08,1
904,2024-09,1
904,2024-10,1
904,2024-11,1
904,2024-12,1
905,2023-01,1
905,2023-02,1
905,2023-03,1
905,2023-04,1
905,2023-05,1
905,2023-06,1
905,2023-07,1
905,2023-08,1
905,2023-09,1
905,2023-10,1
905,2023-11,1
905,2023-12,1
905,2024-01,1
905,2024-02,1
905,2024-03,1
905,2024-04,1
905,2024-05,1
905,2024-06,1
905,2024-07,1
905,2024-08,1
905,2024-09,1
905,2024-10,1
905,2024-11,1
905,2024-12,1
907,2023-01,1
907,2023-02,3
907,2023-03,1
907,2023-04,1
907,2023-05,1
907,2023-06,1
907,2023-07,1
907,2023-08,3
907,2023-09,1
907,2023-10,3
907,2023-11,3
907,2023-12,3
907,2024-01,3
907,2024-02,1
907,2024-03,1
907,2024-04,1
907,2024-05,1
907,2024-06,1
907,2024-07,1
907,2024-08,1
907,2024-09,1
907,2024-10,1
907,2024-11,1
907,2024-12,1
908,2023-01,1
908,2023-02,1
908,2023-03,1
908,2023-04,1
908,2023-05,1
908,2023-06,1
908,2023-07,1
908,2023-08,1
908,2023-09,1
908,2023-10,1
908,2023-11,1
908,2023-12,1
908,2024-01,1
908,2024-02,1
908,2024-03,1
908,2024-04,1
908,2024-05,2
908,2024-06,2
908,2024-07,1
908,2024-08,1
908,2024-09,1
908,2024-10,1
908,2024-11,1
908,2024-12,1
909,2023-01,1
909,2023-02,3
909,2023-03,1
909,2023-04,1
909,2023-05,1
909,2023-06,1
909,2023-07,1
909,2023-08,1
909,2023-09,1
909,2023-10,1
909,2023-11,1
909,2023-12,1
909,2024-01,1
909,2024-02,3
909,2024-03,3
909,2024-04,1
909,2024-05,1
909,2024-06,1
909,2024-07,1
909,2024-08,1
909,2024-09,1
909,2024-10,1
909,2024-11,1
909,2024-12,1
911,2023-01,1
911,2023-02,1
911,2023-03,1
911,2023-04,1
911,2023-05,2
911,2023-06,2
911,2023-07,1
911,2023-08,1
911,2023-09,1
911,2023-10,1
911,2023-11,1
911,2023-12,1
911,2024-01,3
911,2024-02,3
911,2024-03,2
911,2024-04,1
911,2024-05,2
911,2024-06,2
911,2024-07,2
911,2024-08,2
911,2024-09,1
911,2024-10,1
911,2024-11,1
911,2024-12,1
912,2023-01,2
912,2023-02,2
912,2023-03,2
912,2023-04,2
912,2023-05,2
912,2023-06,2
912,2023-07,2
912,2023-08,2
912,2023-09,2
912,2023-10,2
912,2023-11,2
912,2023-12,2
912,2024-01,2
912,2024-02,2
912,2024-03,2
912,2024-04,2
912,2024-05,2
912,2024-06,2
912,2024-07,2
912,2024-08,2
912,2024-09,2
912,2024-10,2
912,2024-11,2
912,2024-12,2
913,2023-01,1
913,2023-02,1
913,2023-03,1
913,2023-04,1
913,2023-05,1
913,2023-06,1
913,2023-07,1
913,2023-08,1
913,2023-09,1
913,2023-10,1
913,2023-11,1
913,2023-12,1
913,2024-01,1
913,2024-02,1
913,2024-03,1
913,2024-04,1
913,2024-05,1
913,2024-06,1
913,2024-07,1
913,2024-08,1
913,2024-09,1
913,2024-10,1
913,2024-11,1
913,2024-12,1
914,2023-01,1
914,2023-02,1
914,2023-03,1
914,2023-04,1
914,2023-05,1
914,2023-06,1
914,2023-07,1
914,2023-08,1
914,2023-09,1
914,2023-10,1
914,2023-11,1
914,2023-12,1
914,2024-01,1
914,2024-02,1
914,2024-03,1
914,2024-04,1
914,2024-05,1
914,2024-06,1
914,2024-07,1
914,2024-08,1
914,2024-09,1
914,2024-10,1
914,2024-11,1
914,2024-12,1
915,2023-01,1
915,2023-02,1
915,2023-03,1
915,2023-04,1
915,2023-05,1
915,2023-06,1
915,2023-07,1
915,2023-08,1
915,2023-09,1
915,2023-10,1
915,2023-11,1
915,2023-12,1
915,2024-01,1
915,2024-02,1
915,2024-03,1
915,2024-04,1
915,2024-05,1
915,2024-06,1
915,2024-07,1
915,2024-08,1
915,2024-09,1
915,2024-10,1
915,2024-11,1
915,2024-12,1
918,2023-01,2
918,2023-02,2
918,2023-03,2
918,2023-04,2
918,2023-05,2
918,2023-06,2
918,2023-07,2
918,2023-08,2
918,2023-09,2
918,2023-10,2
918,2023-11,2
918,2023-12,2
918,2024-01,2
918,2024-02,2
918,2024-03,2
918,2024-04,2
918,2024-05,2
918,2024-06,4
918,2024-07,4
918,2024-08,2
918,2024-09,2
918,2024-10,2
918,2024-11,2
918,2024-12,2
920,2023-01,2
920,2023-02,2
920,2023-03,2
920,2023-04,2
920,2023-05,2
920,2023-06,2
920,2023-07,2
920,2023-08,2
920,2023-09,2
920,2023-10,2
920,2023-11,2
920,2023-12,2
920,2024-01,2
920,2024-02,2
920,2024-03,2
920,2024-04,2
920,2024-05,2
920,2024-06,2
920,2024-07,2
920,2024-08,2
920,2024-09,2
920,2024-10,2
920,2024-11,2
920,2024-12,2
922,2023-01,1
922,2023-02,1
922,2023-03,1
922,2023-04,1
922,2023-05,1
922,2023-06,1
922,2023-07,1
922,2023-08,1
922,2023-09,1
922,2023-10,1
922,2023-11,1
922,2023-12,1
922,2024-01,1
922,2024-02,1
922,2024-03,1
922,2024-04,1
922,2024-05,1
922,2024-06,1
922,2024-07,1
922,2024-08,1
922,2024-09,1
922,2024-10,1
922,2024-11,1
922,2024-12,1
923,2023-01,1
923,2023-02,1
923,2023-03,1
923,2023-04,1
923,2023-05,1
923,2023-06,1
923,2023-07,1
923,2023-08,1
923,2023-09,1
923,2023-10,1
923,2023-11,1
923,2023-12,1
923,2024-01,1
923,2024-02,1
923,2024-03,1
923,2024-04,1
923,2024-05,1
923,2024-06,1
923,2024-07,1
923,2024-08,1
923,2024-09,1
923,2024-10,1
923,2024-11,1
923,2024-12,1
924,2023-01,1
924,2023-02,1
924,2023-03,1
924,2023-04,1
924,2023-05,1
924,2023-06,1
924,2023-07,1
924,2023-08,1
924,2023-09,1
924,2023-10,1
924,2023-11,1
924,2023-12,1
924,2024-01,1
924,2024-02,1
924,2024-03,1
924,2024-04,1
924,2024-05,1
924,2024-06,1
924,2024-07,1
924,2024-08,1
924,2024-09,1
924,2024-10,1
924,2024-11,1
924,2024-12,1
925,2023-01,1
925,2023-02,1
925,2023-03,1
925,2023-04,1
925,2023-05,1
925,2023-06,1
925,2023-07,1
925,2023-08,1
925,2023-09,1
925,2023-10,1
925,2023-11,1
925,2023-12,1
925,2024-01,1
925,2024-02,1
925,2024-03,1
925,2024-04,1
925,2024-05,1
925,2024-06,1
925,2024-07,1
925,2024-08,1
925,2024-09,1
925,2024-10,1
925,2024-11,1
925,2024-12,1
926,2023-01,1
926,2023-02,1
926,2023-03,1
926,2023-04,1
926,2023-05,1
926,2023-06,1
926,2023-07,1
926,2023-08,1
926,2023-09,1
926,2023-10,1
926,2023-11,1
926,2023-12,1
926,2024-01,1
926,2024-02,1
926,2024-03,1
926,2024-04,1
926,2024-05,1
926,2024-06,1
926,2024-07,1
926,2024-08,1
926,2024-09,1
926,2024-10,1
926,2024-11,1
926,2024-12,1
927,2023-01,2
927,2023-02,2
927,2023-03,2
927,2023-04,2
927,2023-05,2
927,2023-06,2
927,2023-07,2
927,2023-08,2
927,2023-09,2
927,2023-10,2
927,2023-11,2
927,2023-12,2
927,2024-01,2
927,2024-02,2
927,2024-03,2
927,2024-04,2
927,2024-05,2
927,2024-06,2
927,2024-07,2
927,2024-08,2
927,2024-09,2
927,2024-10,2
927,2024-11,2
927,2024-12,2
928,2023-01,2
928,2023-02,2
928,2023-03,2
928,2023-04,2
928,2023-05,2
928,2023-06,2
928,2023-07,2
928,2023-08,2
928,2023-09,2
928,2023-10,2
928,2023-11,2
928,2023-12,2
928,2024-01,2
928,2024-02,2
928,2024-03,2
928,2024-04,2
928,2024-05,2
928,2024-06,2
928,2024-07,2
928,2024-08,2
928,2024-09,2
928,2024-10,2
928,2024-11,2
928,2024-12,2
929,2023-01,1
929,2023-02,1
929,2023-03,1
929,2023-04,1
929,2023-05,1
929,2023-06,1
929,2023-07,1
929,2023-08,1
929,2023-09,1
929,2023-10,1
929,2023-11,1
929,2023-12,1
929,2024-01,1
929,2024-02,1
929,2024-03,1
929,2024-04,1
929,2024-05,1
929,2024-06,1
929,2024-07,1
929,2024-08,1
929,2024-09,1
929,2024-10,1
929,2024-11,1
929,2024-12,1
930,2023-01,1
930,2023-02,1
930,2023-03,1
930,2023-04,1
930,2023-05,1
930,2023-06,1
930,2023-07,1
930,2023-08,1
930,2023-09,1
930,2023-10,1
930,2023-11,1
930,2023-12,1
930,2024-01,1
930,2024-02,1
930,2024-03,1
930,2024-04,1
930,2024-05,1
930,2024-06,1
930,2024-07,1
930,2024-08,1
930,2024-09,1
930,2024-10,1
930,2024-11,1
930,2024-12,1
986,2023-01,2
986,2023-02,2
986,2023-03,2
986,2023-04,2
986,2023-05,2
986,2023-06,4
986,2023-07,4
986,2023-08,4
986,2023-09,4
986,2023-10,4
986,2023-11,2
986,2023-12,2
986,2024-01,2
986,2024-02,2
986,2024-03,2
986,2024-04,4
986,2024-05,4
986,2024-06,4
986,2024-07,4
986,2024-08,4
986,2024-09,4
986,2024-10,4
986,2024-11,4
986,2024-12,2
987,2023-01,2
987,2023-02,2
987,2023-03,2
987,2023-04,2
987,2023-05,2
987,2023-06,2
987,2023-07,2
987,2023-08,2
987,2023-09,2
987,2023-10,2
987,2023-11,2
987,2023-12,2
987,2024-01,2
987,2024-02,2
987,2024-03,2
987,2024-04,2
987,2024-05,2
987,2024-06,2
987,2024-07,2
987,2024-08,2
987,2024-09,2
987,2024-10,2
987,2024-11,2
987,2024-12,2
988,2023-01,2
988,2023-02,2
988,2023-03,2
988,2023-04,2
988,2023-05,2
988,2023-06,2
988,2023-07,2
988,2023-08,2
988,2023-09,2
988,2023-10,2
988,2023-11,2
988,2023-12,2
988,2024-01,2
988,2024-02,2
988,2024-03,2
988,2024-04,2
988,2024-05,2
988,2024-06,2
988,2024-07,2
988,2024-08,2
988,2024-09,2
988,2024-10,2
988,2024-11,2
988,2024-12,2
989,2023-01,2
989,2023-02,2
989,2023-03,2
989,2023-04,2
989,2023-05,2
989,2023-06,2
989,2023-07,2
989,2023-08,2
989,2023-09,2
989,2023-10,2
989,2023-11,2
989,2023-12,2
989,2024-01,2
989,2024-02,2
989,2024-03,2
989,2024-04,2
989,2024-05,2
989,2024-06,2
989,2024-07,2
989,2024-08,2
989,2024-09,2
989,2024-10,2
989,2024-11,2
989,2024-12,2
991,2023-01,2
991,2023-02,2
991,2023-03,2
991,2023-04,2
991,2023-05,2
991,2023-06,2
991,2023-07,2
991,2023-08,2
991,2023-09,2
991,2023-10,2
991,2023-11,2
991,2023-12,2
991,2024-01,2
991,2024-02,2
991,2024-03,2
991,2024-04,2
991,2024-05,2
991,2024-06,2
991,2024-07,2
991,2024-08,2
991,2024-09,2
991,2024-10,2
991,2024-11,2
991,2024-12,2
992,2023-01,2
992,2023-02,2
992,2023-03,2
992,2023-04,2
992,2023-05,2
992,2023-06,2
992,2023-07,2
992,2023-08,2
992,2023-09,2
992,2023-10,2
992,2023-11,2
992,2023-12,2
992,2024-01,2
992,2024-02,2
992,2024-03,2
992,2024-04,2
992,2024-05,2
992,2024-06,2
992,2024-07,2
992,2024-08,2
992,2024-09,2
992,2024-10,2
992,2024-11,2
992,2024-12,2
993,2023-01,1
993,2023-02,1
993,2023-03,1
993,2023-04,1
993,2023-05,1
993,2023-06,1
993,2023-07,1
993,2023-08,1
993,2023-09,1
993,2023-10,1
993,2023-11,1
993,2023-12,1
993,2024-01,1
993,2024-02,1
993,2024-03,1
993,2024-04,1
993,2024-05,1
993,2024-06,1
993,2024-07,1
993,2024-08,1
993,2024-09,1
993,2024-10,1
993,2024-11,1
993,2024-12,1
994,2023-01,1
994,2023-02,1
994,2023-03,1
994,2023-04,1
994,2023-05,1
994,2023-06,1
994,2023-07,1
994,2023-08,1
994,2023-09,1
994,2023-10,1
994,2023-11,1
994,2023-12,1
994,2024-01,1
994,2024-02,1
994,2024-03,1
994,2024-04,1
994,2024-05,1
994,2024-06,1
994,2024-07,1
994,2024-08,1
994,2024-09,1
994,2024-10,1
994,2024-11,1
994,2024-12,1
995,2023-01,1
995,2023-02,1
995,2023-03,1
995,2023-04,1
995,2023-05,1
995,2023-06,1
995,2023-07,1
995,2023-08,1
995,2023-09,1
995,2023-10,1
995,2023-11,1
995,2023-12,1
995,2024-01,1
995,2024-02,1
995,2024-03,1
995,2024-04,1
995,2024-05,1
995,2024-06,1
995,2024-07,1
995,2024-08,1
995,2024-09,1
995,2024-10,1
995,2024-11,1
995,2024-12,1
996,2023-01,2
996,2023-02,2
996,2023-03,2
996,2023-04,2
996,2023-05,2
996,2023-06,2
996,2023-07,2
996,2023-08,2
996,2023-09,2
996,2023-10,2
996,2023-11,2
996,2023-12,2
996,2024-01,2
996,2024-02,2
996,2024-03,2
996,2024-04,2
996,2024-05,2
996,2024-06,2
996,2024-07,2
996,2024-08,2
996,2024-09,2
996,2024-10,2
996,2024-11,2
996,2024-12,2
998,2023-01,2
998,2023-02,2
998,2023-03,2
998,2023-04,2
998,2023-05,2
998,2023-06,2
998,2023-07,2
998,2023-08,2
998,2023-09,2
998,2023-10,2
998,2023-11,2
998,2023-12,2
998,2024-01,2
998,2024-02,2
998,2024-03,2
998,2024-04,2
998,2024-05,2
998,2024-06,2
998,2024-07,2
998,2024-08,2
998,2024-09,2
998,2024-10,2
998,2024-11,2
998,2024-12,2
999,2023-01,1
999,2023-02,1
999,2023-03,1
999,2023-04,1
999,2023-05,1
999,2023-06,1
999,2023-07,1
999,2023-08,1
999,2023-09,1
999,2023-10,1
999,2023-11,1
999,2023-12,1
999,2024-01,1
999,2024-02,1
999,2024-03,1
999,2024-04,1
999,2024-05,1
999,2024-06,1
999,2024-07,1
999,2024-08,1
999,2024-09,1
999,2024-10,1
999,2024-11,1
999,2024-12,1
1001,2023-01,2
1001,2023-02,2
1001,2023-03,2
1001,2023-04,2
1001,2023-05,2
1001,2023-06,2
1001,2023-07,2
1001,2023-08,2
1001,2023-09,2
1001,2023-10,2
1001,2023-11,2
1001,2023-12,2
1001,2024-01,2
1001,2024-02,2
1001,2024-03,2
1001,2024-04,2
1001,2024-05,2
1001,2024-06,2
1001,2024-07,2
1001,2024-08,2
1001,2024-09,2
1001,2024-10,2
1001,2024-11,2
1001,2024-12,2
1002,2023-01,1
1002,2023-02,1
1002,2023-03,1
1002,2023-04,1
1002,2023-05,1
1002,2023-06,1
1002,2023-07,1
1002,2023-08,1
1002,2023-09,1
1002,2023-10,1
1002,2023-11,1
1002,2023-12,1
1002,2024-01,1
1002,2024-02,1
1002,2024-03,1
1002,2024-04,1
1002,2024-05,1
1002,2024-06,1
1002,2024-07,1
1002,2024-08,1
1002,2024-09,1
1002,2024-10,1
1002,2024-11,1
1002,2024-12,1
1003,2023-01,2
1003,2023-02,2
1003,2023-03,1
1003,2023-04,1
1003,2023-05,1
1003,2023-06,1
1003,2023-07,1
1003,2023-08,1
1003,2023-09,1
1003,2023-10,1
1003,2023-11,1
1003,2023-12,1
1003,2024-01,1
1003,2024-02,1
1003,2024-03,1
1003,2024-04,1
1003,2024-05,1
1003,2024-06,1
1003,2024-07,1
1003,2024-08,1
1003,2024-09,1
1003,2024-10,1
1003,2024-11,1
1003,2024-12,2
1004,2023-01,1
1004,2023-02,1
1004,2023-03,1
1004,2023-04,1
1004,2023-05,1
1004,2023-06,1
1004,2023-07,1
1004,2023-08,1
1004,2023-09,1
1004,2023-10,1
1004,2023-11,1
1004,2023-12,1
1004,2024-01,1
1004,2024-02,1
1004,2024-03,1
1004,2024-04,1
1004,2024-05,1
1004,2024-06,1
1004,2024-07,1
1004,2024-08,1
1004,2024-09,1
1004,2024-10,1
1004,2024-11,1
1004,2024-12,1
1005,2023-01,1
1005,2023-02,1
1005,2023-03,1
1005,2023-04,1
1005,2023-05,1
1005,2023-06,1
1005,2023-07,1
1005,2023-08,1
1005,2023-09,1
1005,2023-10,1
1005,2023-11,1
1005,2023-12,1
1005,2024-01,2
1005,2024-02,1
1005,2024-03,1
1005,2024-04,2
1005,2024-05,1
1005,2024-06,2
1005,2024-07,2
1005,2024-08,2
1005,2024-09,2
1005,2024-10,2
1005,2024-11,2
1005,2024-12,2
1006,2023-01,1
1006,2023-02,1
1006,2023-03,1
1006,2023-04,1
1006,2023-05,1
1006,2023-06,1
1006,2023-07,1
1006,2023-08,1
1006,2023-09,1
1006,2023-10,1
1006,2023-11,1
1006,2023-12,1
1006,2024-01,1
1006,2024-02,1
1006,2024-03,1
1006,2024-04,1
1006,2024-05,1
1006,2024-06,1
1006,2024-07,1
1006,2024-08,1
1006,2024-09,1
1006,2024-10,1
1006,2024-11,1
1006,2024-12,1
1007,2023-01,2
1007,2023-02,2
1007,2023-03,2
1007,2023-04,4
1007,2023-05,4
1007,2023-06,4
1007,2023-07,4
1007,2023-08,4
1007,2023-09,4
1007,2023-10,4
1007,2023-11,4
1007,2023-12,2
1007,2024-01,4
1007,2024-02,4
1007,2024-03,4
1007,2024-04,4
1007,2024-05,4
1007,2024-06,4
1007,2024-07,4
1007,2024-08,4
1007,2024-09,4
1007,2024-10,4
1007,2024-11,4
1007,2024-12,2
1008,2023-01,2
1008,2023-02,2
1008,2023-03,2
1008,2023-04,2
1008,2023-05,2
1008,2023-06,2
1008,2023-07,2
1008,2023-08,2
1008,2023-09,2
1008,2023-10,2
1008,2023-11,2
1008,2023-12,2
1008,2024-01,2
1008,2024-02,2
1008,2024-03,2
1008,2024-04,2
1008,2024-05,2
1008,2024-06,4
1008,2024-07,4
1008,2024-08,2
1008,2024-09,2
1008,2024-10,2
1008,2024-11,2
1008,2024-12,2
1009,2023-01,2
1009,2023-02,2
1009,2023-03,2
1009,2023-04,2
1009,2023-05,2
1009,2023-06,2
1009,2023-07,2
1009,2023-08,2
1009,2023-09,2
1009,2023-10,2
1009,2023-11,2
1009,2023-12,2
1009,2024-01,2
1009,2024-02,2
1009,2024-03,2
1009,2024-04,2
1009,2024-05,2
1009,2024-06,2
1009,2024-07,2
1009,2024-08,2
1009,2024-09,2
1009,2024-10,2
1009,2024-11,2
1009,2024-12,2
1010,2023-01,2
1010,2023-02,2
1010,2023-03,2
1010,2023-04,2
1010,2023-05,2
1010,2023-06,2
1010,2023-07,2
1010,2023-08,2
1010,2023-09,2
1010,2023-10,2
1010,2023-11,2
1010,2023-12,2
1010,2024-01,2
1010,2024-02,2
1010,2024-03,2
1010,2024-04,2
1010,2024-05,2
1010,2024-06,2
1010,2024-07,2
1010,2024-08,2
1010,2024-09,2
1010,2024-10,2
1010,2024-11,2
1010,2024-12,2
1011,2023-01,2
1011,2023-02,2
1011,2023-03,2
1011,2023-04,2
1011,2023-05,2
1011,2023-06,2
1011,2023-07,2
1011,2023-08,2
1011,2023-09,2
1011,2023-10,2
1011,2023-11,2
1011,2023-12,2
1011,2024-01,2
1011,2024-02,2
1011,2024-03,2
1011,2024-04,2
1011,2024-05,2
1011,2024-06,2
1011,2024-07,2
1011,2024-08,2
1011,2024-09,2
1011,2024-10,2
1011,2024-11,2
1011,2024-12,2
1012,2023-01,2
1012,2023-02,2
1012,2023-03,2
1012,2023-04,2
1012,2023-05,2
1012,2023-06,1
1012,2023-07,1
1012,2023-08,1
1012,2023-09,1
1012,2023-10,2
1012,2023-11,1
1012,2023-12,2
1012,2024-01,2
1012,2024-02,2
1012,2024-03,1
1012,2024-04,2
1012,2024-05,2
1012,2024-06,2
1012,2024-07,1
1012,2024-08,2
1012,2024-09,2
1012,2024-10,2
1012,2024-11,2
1012,2024-12,2
1013,2023-01,1
1013,2023-02,1
1013,2023-03,1
1013,2023-04,1
1013,2023-05,1
1013,2023-06,1
1013,2023-07,1
1013,2023-08,1
1013,2023-09,1
1013,2023-10,1
1013,2023-11,1
1013,2023-12,1
1013,2024-01,1
1013,2024-02,1
1013,2024-03,1
1013,2024-04,1
1013,2024-05,1
1013,2024-06,1
1013,2024-07,1
1013,2024-08,1
1013,2024-09,1
1013,2024-10,1
1013,2024-11,1
1013,2024-12,1
1014,2023-01,1
1014,2023-02,1
1014,2023-03,1
1014,2023-04,1
1014,2023-05,1
1014,2023-06,1
1014,2023-07,1
1014,2023-08,1
1014,2023-09,1
1014,2023-10,1
1014,2023-11,1
1014,2023-12,1
1014,2024-01,1
1014,2024-02,1
1014,2024-03,1
1014,2024-04,1
1014,2024-05,1
1014,2024-06,1
1014,2024-07,1
1014,2024-08,1
1014,2024-09,1
1014,2024-10,1
1014,2024-11,1
1014,2024-12,1
1015,2023-01,2
1015,2023-02,2
1015,2023-03,2
1015,2023-04,1
1015,2023-05,1
1015,2023-06,1
1015,2023-07,1
1015,2023-08,1
1015,2023-09,1
1015,2023-10,1
1015,2023-11,1
1015,2023-12,1
1015,2024-01,1
1015,2024-02,1
1015,2024-03,1
1015,2024-04,1
1015,2024-05,1
1015,2024-06,1
1015,2024-07,1
1015,2024-08,1
1015,2024-09,1
1015,2024-10,2
1015,2024-11,2
1015,2024-12,2
1016,2023-01,1
1016,2023-02,1
1016,2023-03,1
1016,2023-04,1
1016,2023-05,1
1016,2023-06,1
1016,2023-07,1
1016,2023-08,1
1016,2023-09,1
1016,2023-10,1
1016,2023-11,1
1016,2023-12,1
1016,2024-01,1
1016,2024-02,1
1016,2024-03,1
1016,2024-04,1
1016,2024-05,1
1016,2024-06,1
1016,2024-07,1
1016,2024-08,1
1016,2024-09,1
1016,2024-10,1
1016,2024-11,1
1016,2024-12,1
1017,2023-01,1
1017,2023-02,1
1017,2023-03,1
1017,2023-04,1
1017,2023-05,1
1017,2023-06,1
1017,2023-07,1
1017,2023-08,1
1017,2023-09,1
1017,2023-10,1
1017,2023-11,1
1017,2023-12,1
1017,2024-01,1
1017,2024-02,1
1017,2024-03,1
1017,2024-04,1
1017,2024-05,1
1017,2024-06,1
1017,2024-07,1
1017,2024-08,1
1017,2024-09,1
1017,2024-10,1
1017,2024-11,1
1017,2024-12,1
1018,2023-01,1
1018,2023-02,1
1018,2023-03,1
1018,2023-04,1
1018,2023-05,1
1018,2023-06,1
1018,2023-07,1
1018,2023-08,1
1018,2023-09,1
1018,2023-10,1
1018,2023-11,1
1018,2023-12,1
1018,2024-01,1
1018,2024-02,1
1018,2024-03,1
1018,2024-04,1
1018,2024-05,1
1018,2024-06,1
1018,2024-07,1
1018,2024-08,1
1018,2024-09,1
1018,2024-10,1
1018,2024-11,1
1018,2024-12,1
1019,2023-01,1
1019,2023-02,1
1019,2023-03,1
1019,2023-04,1
1019,2023-05,1
1019,2023-06,1
1019,2023-07,1
1019,2023-08,1
1019,2023-09,1
1019,2023-10,1
1019,2023-11,1
1019,2023-12,1
1019,2024-01,1
1019,2024-02,1
1019,2024-03,1
1019,2024-04,1
1019,2024-05,1
1019,2024-06,1
1019,2024-07,1
1019,2024-08,1
1019,2024-09,1
1019,2024-10,1
1019,2024-11,1
1019,2024-12,1
1020,2023-01,1
1020,2023-02,1
1020,2023-03,1
1020,2023-04,1
1020,2023-05,1
1020,2023-06,1
1020,2023-07,1
1020,2023-08,1
1020,2023-09,1
1020,2023-10,1
1020,2023-11,1
1020,2023-12,1
1020,2024-01,1
1020,2024-02,1
1020,2024-03,1
1020,2024-04,1
1020,2024-05,1
1020,2024-06,1
1020,2024-07,1
1020,2024-08,1
1020,2024-09,1
1020,2024-10,1
1020,2024-11,1
1020,2024-12,1
1021,2023-01,2
1021,2023-02,2
1021,2023-03,2
1021,2023-04,2
1021,2023-05,1
1021,2023-06,1
1021,2023-07,1
1021,2023-08,1
1021,2023-09,1
1021,2023-10,1
1021,2023-11,1
1021,2023-12,2
1021,2024-01,1
1021,2024-02,1
1021,2024-03,1
1021,2024-04,1
1021,2024-05,1
1021,2024-06,1
1021,2024-07,1
1021,2024-08,1
1021,2024-09,2
1021,2024-10,2
1021,2024-11,2
1021,2024-12,2
1023,2023-01,1
1023,2023-02,1
1023,2023-03,1
1023,2023-04,1
1023,2023-05,1
1023,2023-06,1
1023,2023-07,1
1023,2023-08,1
1023,2023-09,1
1023,2023-10,1
1023,2023-11,1
1023,2023-12,1
1023,2024-01,1
1023,2024-02,1
1023,2024-03,1
1023,2024-04,1
1023,2024-05,1
1023,2024-06,1
1023,2024-07,1
1023,2024-08,1
1023,2024-09,1
1023,2024-10,1
1023,2024-11,1
1023,2024-12,1
1024,2023-01,1
1024,2023-02,1
1024,2023-03,1
1024,2023-04,1
1024,2023-05,1
1024,2023-06,1
1024,2023-07,1
1024,2023-08,1
1024,2023-09,1
1024,2023-10,1
1024,2023-11,1
1024,2023-12,1
1024,2024-01,1
1024,2024-02,1
1024,2024-03,1
1024,2024-04,1
1024,2024-05,1
1024,2024-06,1
1024,2024-07,1
1024,2024-08,1
1024,2024-09,1
1024,2024-10,1
1024,2024-11,1
1024,2024-12,1
1025,2023-01,1
1025,2023-02,1
1025,2023-03,1
1025,2023-04,1
1025,2023-05,1
1025,2023-06,1
1025,2023-07,1
1025,2023-08,1
1025,2023-09,1
1025,2023-10,1
1025,2023-11,1
1025,2023-12,1
1025,2024-01,1
1025,2024-02,1
1025,2024-03,1
1025,2024-04,1
1025,2024-05,1
1025,2024-06,1
1025,2024-07,1
1025,2024-08,1
1025,2024-09,1
1025,2024-10,1
1025,2024-11,1
1025,2024-12,1
1026,2023-01,1
1026,2023-02,1
1026,2023-03,1
1026,2023-04,1
1026,2023-05,1
1026,2023-06,1
1026,2023-07,1
1026,2023-08,1
1026,2023-09,1
1026,2023-10,1
1026,2023-11,1
1026,2023-12,1
1026,2024-01,1
1026,2024-02,1
1026,2024-03,1
1026,2024-04,1
1026,2024-05,1
1026,2024-06,1
1026,2024-07,1
1026,2024-08,1
1026,2024-09,1
1026,2024-10,1
1026,2024-11,1
1026,2024-12,1
1027,2023-01,1
1027,2023-02,1
1027,2023-03,1
1027,2023-04,1
1027,2023-05,1
1027,2023-06,1
1027,2023-07,1
1027,2023-08,1
1027,2023-09,1
1027,2023-10,1
1027,2023-11,1
1027,2023-12,1
1027,2024-01,1
1027,2024-02,1
1027,2024-03,1
1027,2024-04,1
1027,2024-05,1
1027,2024-06,1
1027,2024-07,1
1027,2024-08,1
1027,2024-09,1
1027,2024-10,1
1027,2024-11,1
1027,2024-12,1
1028,2023-01,1
1028,2023-02,1
1028,2023-03,1
1028,2023-04,1
1028,2023-05,1
1028,2023-06,1
1028,2023-07,1
1028,2023-08,1
1028,2023-09,1
1028,2023-10,1
1028,2023-11,1
1028,2023-12,1
1028,2024-01,1
1028,2024-02,1
1028,2024-03,1
1028,2024-04,1
1028,2024-05,1
1028,2024-06,1
1028,2024-07,1
1028,2024-08,1
1028,2024-09,1
1028,2024-10,1
1028,2024-11,1
1028,2024-12,1
1029,2023-01,1
1029,2023-02,1
1029,2023-03,1
1029,2023-04,1
1029,2023-05,1
1029,2023-06,1
1029,2023-07,1
1029,2023-08,1
1029,2023-09,1
1029,2023-10,1
1029,2023-11,1
1029,2023-12,1
1029,2024-01,1
1029,2024-02,1
1029,2024-03,1
1029,2024-04,1
1029,2024-05,1
1029,2024-06,1
1029,2024-07,1
1029,2024-08,1
1029,2024-09,1
1029,2024-10,1
1029,2024-11,1
1029,2024-12,1
1030,2023-01,1
1030,2023-02,1
1030,2023-03,1
1030,2023-04,1
1030,2023-05,1
1030,2023-06,1
1030,2023-07,1
1030,2023-08,1
1030,2023-09,1
1030,2023-10,1
1030,2023-11,1
1030,2023-12,1
1030,2024-01,1
1030,2024-02,1
1030,2024-03,1
1030,2024-04,1
1030,2024-05,1
1030,2024-06,1
1030,2024-07,1
1030,2024-08,1
1030,2024-09,1
1030,2024-10,1
1030,2024-11,1
1030,2024-12,1
1031,2023-01,1
1031,2023-02,1
1031,2023-03,1
1031,2023-04,1
1031,2023-05,1
1031,2023-06,1
1031,2023-07,1
1031,2023-08,1
1031,2023-09,1
1031,2023-10,1
1031,2023-11,1
1031,2023-12,1
1031,2024-01,1
1031,2024-02,1
1031,2024-03,1
1031,2024-04,1
1031,2024-05,1
1031,2024-06,1
1031,2024-07,1
1031,2024-08,1
1031,2024-09,1
1031,2024-10,1
1031,2024-11,1
1031,2024-12,1
1032,2023-01,1
1032,2023-02,1
1032,2023-03,1
1032,2023-04,1
1032,2023-05,1
1032,2023-06,1
1032,2023-07,1
1032,2023-08,1
1032,2023-09,1
1032,2023-10,1
1032,2023-11,1
1032,2023-12,1
1032,2024-01,1
1032,2024-02,1
1032,2024-03,1
1032,2024-04,1
1032,2024-05,1
1032,2024-06,1
1032,2024-07,1
1032,2024-08,1
1032,2024-09,1
1032,2024-10,1
1032,2024-11,1
1032,2024-12,1
1033,2023-01,1
1033,2023-02,1
1033,2023-03,1
1033,2023-04,1
1033,2023-05,1
1033,2023-06,1
1033,2023-07,1
1033,2023-08,1
1033,2023-09,1
1033,2023-10,1
1033,2023-11,1
1033,2023-12,1
1033,2024-01,1
1033,2024-02,1
1033,2024-03,1
1033,2024-04,1
1033,2024-05,1
1033,2024-06,1
1033,2024-07,1
1033,2024-08,1
1033,2024-09,1
1033,2024-10,1
1033,2024-11,1
1033,2024-12,1
1034,2023-01,1
1034,2023-02,1
1034,2023-03,1
1034,2023-04,1
1034,2023-05,1
1034,2023-06,1
1034,2023-07,1
1034,2023-08,1
1034,2023-09,1
1034,2023-10,1
1034,2023-11,1
1034,2023-12,1
1034,2024-01,1
1034,2024-02,1
1034,2024-03,1
1034,2024-04,1
1034,2024-05,1
1034,2024-06,1
1034,2024-07,1
1034,2024-08,1
1034,2024-09,1
1034,2024-10,1
1034,2024-11,1
1034,2024-12,1
1035,2023-01,1
1035,2023-02,1
1035,2023-03,1
1035,2023-04,1
1035,2023-05,1
1035,2023-06,1
1035,2023-07,1
1035,2023-08,1
1035,2023-09,1
1035,2023-10,1
1035,2023-11,1
1035,2023-12,1
1035,2024-01,1
1035,2024-02,1
1035,2024-03,1
1035,2024-04,1
1035,2024-05,1
1035,2024-06,1
1035,2024-07,1
1035,2024-08,1
1035,2024-09,1
1035,2024-10,1
1035,2024-11,1
1035,2024-12,1
1036,2023-01,1
1036,2023-02,1
1036,2023-03,1
1036,2023-04,1
1036,2023-05,1
1036,2023-06,1
1036,2023-07,1
1036,2023-08,1
1036,2023-09,1
1036,2023-10,1
1036,2023-11,1
1036,2023-12,1
1036,2024-01,1
1036,2024-02,1
1036,2024-03,1
1036,2024-04,1
1036,2024-05,1
1036,2024-06,1
1036,2024-07,1
1036,2024-08,1
1036,2024-09,1
1036,2024-10,1
1036,2024-11,1
1036,2024-12,1
1037,2023-01,1
1037,2023-02,1
1037,2023-03,1
1037,2023-04,1
1037,2023-05,1
1037,2023-06,1
1037,2023-07,1
1037,2023-08,1
1037,2023-09,1
1037,2023-10,1
1037,2023-11,1
1037,2023-12,1
1037,2024-01,1
1037,2024-02,1
1037,2024-03,1
1037,2024-04,1
1037,2024-05,1
1037,2024-06,1
1037,2024-07,1
1037,2024-08,1
1037,2024-09,1
1037,2024-10,1
1037,2024-11,1
1037,2024-12,2
1038,2023-01,1
1038,2023-02,1
1038,2023-03,1
1038,2023-04,1
1038,2023-05,1
1038,2023-06,1
1038,2023-07,1
1038,2023-08,1
1038,2023-09,1
1038,2023-10,1
1038,2023-11,1
1038,2023-12,1
1038,2024-01,1
1038,2024-02,1
1038,2024-03,1
1038,2024-04,1
1038,2024-05,1
1038,2024-06,1
1038,2024-07,1
1038,2024-08,1
1038,2024-09,1
1038,2024-10,1
1038,2024-11,1
1038,2024-12,1
1039,2023-01,2
1039,2023-02,2
1039,2023-03,2
1039,2023-04,2
1039,2023-05,2
1039,2023-06,2
1039,2023-07,2
1039,2023-08,2
1039,2023-09,2
1039,2023-10,2
1039,2023-11,2
1039,2023-12,2
1039,2024-01,2
1039,2024-02,2
1039,2024-03,2
1039,2024-04,2
1039,2024-05,2
1039,2024-06,2
1039,2024-07,2
1039,2024-08,2
1039,2024-09,2
1039,2024-10,2
1039,2024-11,2
1039,2024-12,2
1040,2023-01,1
1040,2023-02,1
1040,2023-03,1
1040,2023-04,1
1040,2023-05,1
1040,2023-06,1
1040,2023-07,1
1040,2023-08,1
1040,2023-09,1
1040,2023-10,1
1040,2023-11,1
1040,2023-12,1
1040,2024-01,1
1040,2024-02,1
1040,2024-03,1
1040,2024-04,1
1040,2024-05,1
1040,2024-06,1
1040,2024-07,1
1040,2024-08,1
1040,2024-09,1
1040,2024-10,1
1040,2024-11,1
1040,2024-12,1
1041,2023-01,1
1041,2023-02,1
1041,2023-03,1
1041,2023-04,1
1041,2023-05,1
1041,2023-06,1
1041,2023-07,1
1041,2023-08,1
1041,2023-09,1
1041,2023-10,1
1041,2023-11,1
1041,2023-12,1
1041,2024-01,1
1041,2024-02,1
1041,2024-03,1
1041,2024-04,1
1041,2024-05,1
1041,2024-06,1
1041,2024-07,1
1041,2024-08,1
1041,2024-09,1
1041,2024-10,1
1041,2024-11,1
1041,2024-12,1
1044,2023-01,1
1044,2023-02,1
1044,2023-03,1
1044,2023-04,1
1044,2023-05,1
1044,2023-06,1
1044,2023-07,1
1044,2023-08,1
1044,2023-09,1
1044,2023-10,1
1044,2023-11,1
1044,2023-12,1
1044,2024-01,1
1044,2024-02,1
1044,2024-03,1
1044,2024-04,1
1044,2024-05,1
1044,2024-06,1
1044,2024-07,1
1044,2024-08,1
1044,2024-09,1
1044,2024-10,1
1044,2024-11,1
1044,2024-12,1
1047,2023-01,1
1047,2023-02,1
1047,2023-03,1
1047,2023-04,1
1047,2023-05,1
1047,2023-06,1
1047,2023-07,1
1047,2023-08,1
1047,2023-09,1
1047,2023-10,1
1047,2023-11,1
1047,2023-12,1
1047,2024-01,1
1047,2024-02,1
1047,2024-03,1
1047,2024-04,1
1047,2024-05,1
1047,2024-06,1
1047,2024-07,1
1047,2024-08,1
1047,2024-09,1
1047,2024-10,1
1047,2024-11,1
1047,2024-12,1
1048,2023-01,1
1048,2023-02,1
1048,2023-03,1
1048,2023-04,1
1048,2023-05,1
1048,2023-06,1
1048,2023-07,1
1048,2023-08,1
1048,2023-09,1
1048,2023-10,1
1048,2023-11,1
1048,2023-12,1
1048,2024-01,1
1048,2024-02,1
1048,2024-03,1
1048,2024-04,1
1048,2024-05,1
1048,2024-06,1
1048,2024-07,1
1048,2024-08,1
1048,2024-09,1
1048,2024-10,1
1048,2024-11,1
1048,2024-12,1
1049,2023-01,1
1049,2023-02,1
1049,2023-03,2
1049,2023-04,2
1049,2023-05,2
1049,2023-06,2
1049,2023-07,2
1049,2023-08,2
1049,2023-09,2
1049,2023-10,2
1049,2023-11,2
1049,2023-12,2
1049,2024-01,2
1049,2024-02,2
1049,2024-03,2
1049,2024-04,2
1049,2024-05,2
1049,2024-06,2
1049,2024-07,2
1049,2024-08,2
1049,2024-09,2
1049,2024-10,2
1049,2024-11,2
1049,2024-12,2
1051,2023-01,2
1051,2023-02,2
1051,2023-03,2
1051,2023-04,2
1051,2023-05,2
1051,2023-06,2
1051,2023-07,2
1051,2023-08,2
1051,2023-09,2
1051,2023-10,2
1051,2023-11,2
1051,2023-12,2
1051,2024-01,2
1051,2024-02,2
1051,2024-03,2
1051,2024-04,2
1051,2024-05,2
1051,2024-06,2
1051,2024-07,2
1051,2024-08,2
1051,2024-09,2
1051,2024-10,2
1051,2024-11,2
1051,2024-12,2
1052,2023-01,1
1052,2023-02,1
1052,2023-03,1
1052,2023-04,1
1052,2023-05,1
1052,2023-06,1
1052,2023-07,1
1052,2023-08,1
1052,2023-09,1
1052,2023-10,1
1052,2023-11,1
1052,2023-12,1
1052,2024-01,1
1052,2024-02,1
1052,2024-03,1
1052,2024-04,1
1052,2024-05,1
1052,2024-06,1
1052,2024-07,1
1052,2024-08,1
1052,2024-09,1
1052,2024-10,1
1052,2024-11,1
1052,2024-12,1
1053,2023-01,1
1053,2023-02,1
1053,2023-03,1
1053,2023-04,1
1053,2023-05,1
1053,2023-06,1
1053,2023-07,1
1053,2023-08,1
1053,2023-09,1
1053,2023-10,1
1053,2023-11,1
1053,2023-12,1
1053,2024-01,1
1053,2024-02,1
1053,2024-03,1
1053,2024-04,1
1053,2024-05,1
1053,2024-06,1
1053,2024-07,1
1053,2024-08,1
1053,2024-09,1
1053,2024-10,1
1053,2024-11,1
1053,2024-12,1
1054,2023-01,2
1054,2023-02,2
1054,2023-03,2
1054,2023-04,2
1054,2023-05,2
1054,2023-06,2
1054,2023-07,2
1054,2023-08,2
1054,2023-09,2
1054,2023-10,2
1054,2023-11,2
1054,2023-12,2
1054,2024-01,2
1054,2024-02,2
1054,2024-03,2
1054,2024-04,2
1054,2024-05,2
1054,2024-06,2
1054,2024-07,2
1054,2024-08,2
1054,2024-09,2
1054,2024-10,2
1054,2024-11,2
1054,2024-12,2
1055,2023-01,1
1055,2023-02,1
1055,2023-03,1
1055,2023-04,1
1055,2023-05,1
1055,2023-06,1
1055,2023-07,1
1055,2023-08,1
1055,2023-09,1
1055,2023-10,1
1055,2023-11,1
1055,2023-12,1
1055,2024-01,1
1055,2024-02,1
1055,2024-03,1
1055,2024-04,1
1055,2024-05,1
1055,2024-06,1
1055,2024-07,1
1055,2024-08,1
1055,2024-09,1
1055,2024-10,1
1055,2024-11,1
1055,2024-12,1
1056,2023-01,1
1056,2023-02,1
1056,2023-03,1
1056,2023-04,1
1056,2023-05,1
1056,2023-06,1
1056,2023-07,1
1056,2023-08,1
1056,2023-09,1
1056,2023-10,1
1056,2023-11,1
1056,2023-12,1
1056,2024-01,1
1056,2024-02,1
1056,2024-03,1
1056,2024-04,1
1056,2024-05,1
1056,2024-06,1
1056,2024-07,1
1056,2024-08,1
1056,2024-09,1
1056,2024-10,1
1056,2024-11,1
1056,2024-12,1
1057,2023-01,1
1057,2023-02,1
1057,2023-03,1
1057,2023-04,1
1057,2023-05,1
1057,2023-06,1
1057,2023-07,1
1057,2023-08,1
1057,2023-09,1
1057,2023-10,1
1057,2023-11,1
1057,2023-12,1
1057,2024-01,1
1057,2024-02,1
1057,2024-03,1
1057,2024-04,1
1057,2024-05,1
1057,2024-06,1
1057,2024-07,1
1057,2024-08,1
1057,2024-09,1
1057,2024-10,1
1057,2024-11,1
1057,2024-12,1
1058,2023-01,1
1058,2023-02,1
1058,2023-03,1
1058,2023-04,1
1058,2023-05,1
1058,2023-06,1
1058,2023-07,1
1058,2023-08,1
1058,2023-09,1
1058,2023-10,1
1058,2023-11,1
1058,2023-12,1
1058,2024-01,1
1058,2024-02,1
1058,2024-03,1
1058,2024-04,1
1058,2024-05,1
1058,2024-06,1
1058,2024-07,1
1058,2024-08,1
1058,2024-09,1
1058,2024-10,1
1058,2024-11,1
1058,2024-12,1
1059,2023-01,1
1059,2023-02,1
1059,2023-03,1
1059,2023-04,1
1059,2023-05,1
1059,2023-06,1
1059,2023-07,1
1059,2023-08,1
1059,2023-09,1
1059,2023-10,1
1059,2023-11,1
1059,2023-12,1
1059,2024-01,1
1059,2024-02,1
1059,2024-03,1
1059,2024-04,1
1059,2024-05,1
1059,2024-06,1
1059,2024-07,1
1059,2024-08,1
1059,2024-09,1
1059,2024-10,1
1059,2024-11,1
1059,2024-12,1
1060,2023-01,1
1060,2023-02,1
1060,2023-03,1
1060,2023-04,1
1060,2023-05,1
1060,2023-06,1
1060,2023-07,1
1060,2023-08,1
1060,2023-09,1
1060,2023-10,1
1060,2023-11,1
1060,2023-12,1
1060,2024-01,1
1060,2024-02,1
1060,2024-03,1
1060,2024-04,1
1060,2024-05,1
1060,2024-06,1
1060,2024-07,1
1060,2024-08,1
1060,2024-09,1
1060,2024-10,1
1060,2024-11,1
1060,2024-12,1
1061,2023-01,1
1061,2023-02,1
1061,2023-03,1
1061,2023-04,1
1061,2023-05,1
1061,2023-06,1
1061,2023-07,1
1061,2023-08,1
1061,2023-09,1
1061,2023-10,1
1061,2023-11,1
1061,2023-12,1
1061,2024-01,1
1061,2024-02,1
1061,2024-03,1
1061,2024-04,1
1061,2024-05,1
1061,2024-06,1
1061,2024-07,1
1061,2024-08,1
1061,2024-09,1
1061,2024-10,1
1061,2024-11,1
1061,2024-12,1
1062,2023-01,1
1062,2023-02,1
1062,2023-03,1
1062,2023-04,1
1062,2023-05,1
1062,2023-06,1
1062,2023-07,1
1062,2023-08,1
1062,2023-09,1
1062,2023-10,1
1062,2023-11,1
1062,2023-12,1
1062,2024-01,1
1062,2024-02,1
1062,2024-03,1
1062,2024-04,1
1062,2024-05,1
1062,2024-06,1
1062,2024-07,1
1062,2024-08,1
1062,2024-09,1
1062,2024-10,1
1062,2024-11,1
1062,2024-12,1
1063,2023-01,2
1063,2023-02,2
1063,2023-03,2
1063,2023-04,2
1063,2023-05,2
1063,2023-06,2
1063,2023-07,2
1063,2023-08,1
1063,2023-09,1
1063,2023-10,1
1063,2023-11,2
1063,2023-12,2
1063,2024-01,1
1063,2024-02,2
1063,2024-03,2
1063,2024-04,2
1063,2024-05,2
1063,2024-06,2
1063,2024-07,1
1063,2024-08,2
1063,2024-09,2
1063,2024-10,2
1063,2024-11,2
1063,2024-12,2
1064,2023-01,1
1064,2023-02,1
1064,2023-03,1
1064,2023-04,1
1064,2023-05,1
1064,2023-06,1
1064,2023-07,1
1064,2023-08,1
1064,2023-09,1
1064,2023-10,1
1064,2023-11,1
1064,2023-12,1
1064,2024-01,1
1064,2024-02,1
1064,2024-03,1
1064,2024-04,1
1064,2024-05,1
1064,2024-06,1
1064,2024-07,1
1064,2024-08,1
1064,2024-09,1
1064,2024-10,1
1064,2024-11,1
1064,2024-12,1
1065,2023-01,1
1065,2023-02,1
1065,2023-03,1
1065,2023-04,1
1065,2023-05,1
1065,2023-06,1
1065,2023-07,1
1065,2023-08,1
1065,2023-09,1
1065,2023-10,1
1065,2023-11,1
1065,2023-12,1
1065,2024-01,1
1065,2024-02,1
1065,2024-03,1
1065,2024-04,1
1065,2024-05,1
1065,2024-06,1
1065,2024-07,1
1065,2024-08,1
1065,2024-09,1
1065,2024-10,1
1065,2024-11,1
1065,2024-12,1
1066,2023-01,1
1066,2023-02,1
1066,2023-03,1
1066,2023-04,1
1066,2023-05,1
1066,2023-06,1
1066,2023-07,1
1066,2023-08,1
1066,2023-09,1
1066,2023-10,1
1066,2023-11,1
1066,2023-12,1
1066,2024-01,1
1066,2024-02,1
1066,2024-03,1
1066,2024-04,1
1066,2024-05,1
1066,2024-06,1
1066,2024-07,1
1066,2024-08,1
1066,2024-09,1
1066,2024-10,1
1066,2024-11,1
1066,2024-12,1
1067,2023-01,1
1067,2023-02,1
1067,2023-03,1
1067,2023-04,1
1067,2023-05,1
1067,2023-06,1
1067,2023-07,1
1067,2023-08,1
1067,2023-09,1
1067,2023-10,1
1067,2023-11,1
1067,2023-12,1
1067,2024-01,1
1067,2024-02,1
1067,2024-03,1
1067,2024-04,1
1067,2024-05,1
1067,2024-06,1
1067,2024-07,1
1067,2024-08,1
1067,2024-09,1
1067,2024-10,1
1067,2024-11,1
1067,2024-12,1
1068,2023-01,1
1068,2023-02,1
1068,2023-03,1
1068,2023-04,1
1068,2023-05,1
1068,2023-06,1
1068,2023-07,1
1068,2023-08,1
1068,2023-09,1
1068,2023-10,1
1068,2023-11,1
1068,2023-12,1
1068,2024-01,1
1068,2024-02,1
1068,2024-03,1
1068,2024-04,1
1068,2024-05,1
1068,2024-06,1
1068,2024-07,1
1068,2024-08,1
1068,2024-09,1
1068,2024-10,1
1068,2024-11,1
1068,2024-12,1
1069,2023-01,1
1069,2023-02,1
1069,2023-03,1
1069,2023-04,1
1069,2023-05,1
1069,2023-06,1
1069,2023-07,1
1069,2023-08,1
1069,2023-09,1
1069,2023-10,1
1069,2023-11,1
1069,2023-12,1
1069,2024-01,1
1069,2024-02,1
1069,2024-03,1
1069,2024-04,1
1069,2024-05,1
1069,2024-06,1
1069,2024-07,1
1069,2024-08,1
1069,2024-09,1
1069,2024-10,1
1069,2024-11,1
1069,2024-12,1
1070,2023-01,1
1070,2023-02,1
1070,2023-03,1
1070,2023-04,1
1070,2023-05,1
1070,2023-06,1
1070,2023-07,1
1070,2023-08,1
1070,2023-09,1
1070,2023-10,1
1070,2023-11,1
1070,2023-12,1
1070,2024-01,1
1070,2024-02,1
1070,2024-03,1
1070,2024-04,1
1070,2024-05,1
1070,2024-06,1
1070,2024-07,1
1070,2024-08,1
1070,2024-09,1
1070,2024-10,1
1070,2024-11,1
1070,2024-12,1
1071,2023-01,1
1071,2023-02,1
1071,2023-03,1
1071,2023-04,2
1071,2023-05,2
1071,2023-06,2
1071,2023-07,2
1071,2023-08,2
1071,2023-09,2
1071,2023-10,2
1071,2023-11,2
1071,2023-12,2
1071,2024-01,2
1071,2024-02,2
1071,2024-03,2
1071,2024-04,2
1071,2024-05,2
1071,2024-06,2
1071,2024-07,2
1071,2024-08,2
1071,2024-09,2
1071,2024-10,2
1071,2024-11,2
1071,2024-12,2
1072,2023-01,1
1072,2023-02,1
1072,2023-03,1
1072,2023-04,1
1072,2023-05,1
1072,2023-06,1
1072,2023-07,1
1072,2023-08,1
1072,2023-09,1
1072,2023-10,1
1072,2023-11,1
1072,2023-12,1
1072,2024-01,1
1072,2024-02,1
1072,2024-03,1
1072,2024-04,1
1072,2024-05,1
1072,2024-06,1
1072,2024-07,1
1072,2024-08,1
1072,2024-09,1
1072,2024-10,1
1072,2024-11,1
1072,2024-12,1
1107,2023-01,2
1107,2023-02,2
1107,2023-03,2
1107,2023-04,2
1107,2023-05,2
1107,2023-06,2
1107,2023-07,2
1107,2023-08,2
1107,2023-09,2
1107,2023-10,2
1107,2023-11,2
1107,2023-12,2
1107,2024-01,2
1107,2024-02,2
1107,2024-03,2
1107,2024-04,2
1107,2024-05,2
1107,2024-06,2
1107,2024-07,4
1107,2024-08,2
1107,2024-09,2
1107,2024-10,2
1107,2024-11,2
1107,2024-12,2
1108,2023-01,1
1108,2023-02,1
1108,2023-03,1
1108,2023-04,1
1108,2023-05,1
1108,2023-06,1
1108,2023-07,1
1108,2023-08,1
1108,2023-09,1
1108,2023-10,1
1108,2023-11,1
1108,2023-12,1
1108,2024-01,1
1108,2024-02,1
1108,2024-03,1
1108,2024-04,1
1108,2024-05,1
1108,2024-06,1
1108,2024-07,1
1108,2024-08,1
1108,2024-09,1
1108,2024-10,1
1108,2024-11,1
1108,2024-12,1
1109,2023-01,2
1109,2023-02,2
1109,2023-03,2
1109,2023-04,2
1109,2023-05,2
1109,2023-06,2
1109,2023-07,2
1109,2023-08,2
1109,2023-09,2
1109,2023-10,2
1109,2023-11,2
1109,2023-12,2
1109,2024-01,2
1109,2024-02,2
1109,2024-03,2
1109,2024-04,2
1109,2024-05,2
1109,2024-06,2
1109,2024-07,2
1109,2024-08,2
1109,2024-09,2
1109,2024-10,2
1109,2024-11,2
1109,2024-12,2
1110,2023-01,2
1110,2023-02,2
1110,2023-03,2
1110,2023-04,2
1110,2023-05,2
1110,2023-06,2
1110,2023-07,2
1110,2023-08,2
1110,2023-09,2
1110,2023-10,2
1110,2023-11,2
1110,2023-12,2
1110,2024-01,2
1110,2024-02,2
1110,2024-03,2
1110,2024-04,2
1110,2024-05,2
1110,2024-06,2
1110,2024-07,2
1110,2024-08,2
1110,2024-09,2
1110,2024-10,2
1110,2024-11,2
1110,2024-12,2
1111,2023-01,2
1111,2023-02,2
1111,2023-03,2
1111,2023-04,2
1111,2023-05,2
1111,2023-06,2
1111,2023-07,2
1111,2023-08,2
1111,2023-09,2
1111,2023-10,2
1111,2023-11,2
1111,2023-12,2
1111,2024-01,2
1111,2024-02,2
1111,2024-03,2
1111,2024-04,2
1111,2024-05,1
1111,2024-06,1
1111,2024-07,2
1111,2024-08,2
1111,2024-09,2
1111,2024-10,2
1111,2024-11,1
1111,2024-12,2
1112,2023-01,2
1112,2023-02,2
1112,2023-03,2
1112,2023-04,2
1112,2023-05,2
1112,2023-06,2
1112,2023-07,2
1112,2023-08,2
1112,2023-09,2
1112,2023-10,2
1112,2023-11,2
1112,2023-12,2
1112,2024-01,2
1112,2024-02,2
1112,2024-03,2
1112,2024-04,2
1112,2024-05,2
1112,2024-06,2
1112,2024-07,2
1112,2024-08,2
1112,2024-09,2
1112,2024-10,2
1112,2024-11,2
1112,2024-12,2
1113,2023-01,1
1113,2023-02,1
1113,2023-03,1
1113,2023-04,1
1113,2023-05,1
1113,2023-06,1
1113,2023-07,1
1113,2023-08,1
1113,2023-09,1
1113,2023-10,1
1113,2023-11,1
1113,2023-12,1
1113,2024-01,1
1113,2024-02,1
1113,2024-03,1
1113,2024-04,1
1113,2024-05,1
1113,2024-06,1
1113,2024-07,1
1113,2024-08,1
1113,2024-09,1
1113,2024-10,1
1113,2024-11,1
1113,2024-12,1
1115,2023-01,1
1115,2023-02,1
1115,2023-03,1
1115,2023-04,1
1115,2023-05,1
1115,2023-06,1
1115,2023-07,1
1115,2023-08,1
1115,2023-09,1
1115,2023-10,1
1115,2023-11,1
1115,2023-12,1
1115,2024-01,1
1115,2024-02,1
1115,2024-03,1
1115,2024-04,1
1115,2024-05,1
1115,2024-06,1
1115,2024-07,1
1115,2024-08,1
1115,2024-09,1
1115,2024-10,1
1115,2024-11,1
1115,2024-12,1
1116,2023-01,1
1116,2023-02,1
1116,2023-03,1
1116,2023-04,1
1116,2023-05,1
1116,2023-06,1
1116,2023-07,1
1116,2023-08,1
1116,2023-09,1
1116,2023-10,1
1116,2023-11,1
1116,2023-12,1
1116,2024-01,1
1116,2024-02,1
1116,2024-03,1
1116,2024-04,1
1116,2024-05,1
1116,2024-06,1
1116,2024-07,1
1116,2024-08,1
1116,2024-09,1
1116,2024-10,1
1116,2024-11,1
1116,2024-12,1
1117,2023-01,2
1117,2023-02,2
1117,2023-03,2
1117,2023-04,2
1117,2023-05,2
1117,2023-06,2
1117,2023-07,2
1117,2023-08,2
1117,2023-09,2
1117,2023-10,2
1117,2023-11,2
1117,2023-12,2
1117,2024-01,2
1117,2024-02,2
1117,2024-03,2
1117,2024-04,2
1117,2024-05,2
1117,2024-06,2
1117,2024-07,2
1117,2024-08,2
1117,2024-09,2
1117,2024-10,2
1117,2024-11,2
1117,2024-12,2
1118,2023-01,1
1118,2023-02,1
1118,2023-03,1
1118,2023-04,1
1118,2023-05,1
1118,2023-06,1
1118,2023-07,1
1118,2023-08,1
1118,2023-09,1
1118,2023-10,1
1118,2023-11,1
1118,2023-12,1
1118,2024-01,1
1118,2024-02,1
1118,2024-03,1
1118,2024-04,1
1118,2024-05,1
1118,2024-06,1
1118,2024-07,1
1118,2024-08,1
1118,2024-09,1
1118,2024-10,1
1118,2024-11,1
1118,2024-12,1
1119,2023-01,1
1119,2023-02,1
1119,2023-03,1
1119,2023-04,1
1119,2023-05,1
1119,2023-06,1
1119,2023-07,1
1119,2023-08,1
1119,2023-09,1
1119,2023-10,1
1119,2023-11,1
1119,2023-12,1
1119,2024-01,1
1119,2024-02,1
1119,2024-03,1
1119,2024-04,1
1119,2024-05,1
1119,2024-06,1
1119,2024-07,1
1119,2024-08,1
1119,2024-09,1
1119,2024-10,1
1119,2024-11,1
1119,2024-12,1
1120,2023-01,1
1120,2023-02,1
1120,2023-03,1
1120,2023-04,1
1120,2023-05,1
1120,2023-06,1
1120,2023-07,1
1120,2023-08,1
1120,2023-09,1
1120,2023-10,1
1120,2023-11,1
1120,2023-12,1
1120,2024-01,1
1120,2024-02,1
1120,2024-03,1
1120,2024-04,1
1120,2024-05,1
1120,2024-06,1
1120,2024-07,1
1120,2024-08,1
1120,2024-09,1
1120,2024-10,1
1120,2024-11,1
1120,2024-12,1
1121,2023-01,1
1121,2023-02,1
1121,2023-03,1
1121,2023-04,1
1121,2023-05,1
1121,2023-06,1
1121,2023-07,1
1121,2023-08,1
1121,2023-09,1
1121,2023-10,1
1121,2023-11,1
1121,2023-12,1
1121,2024-01,1
1121,2024-02,1
1121,2024-03,1
1121,2024-04,1
1121,2024-05,1
1121,2024-06,1
1121,2024-07,1
1121,2024-08,1
1121,2024-09,1
1121,2024-10,1
1121,2024-11,1
1121,2024-12,1
1122,2023-01,1
1122,2023-02,1
1122,2023-03,1
1122,2023-04,1
1122,2023-05,1
1122,2023-06,1
1122,2023-07,1
1122,2023-08,1
1122,2023-09,1
1122,2023-10,1
1122,2023-11,1
1122,2023-12,1
1122,2024-01,1
1122,2024-02,1
1122,2024-03,1
1122,2024-04,1
1122,2024-05,1
1122,2024-06,1
1122,2024-07,1
1122,2024-08,1
1122,2024-09,1
1122,2024-10,1
1122,2024-11,1
1122,2024-12,1
1123,2023-01,1
1123,2023-02,1
1123,2023-03,1
1123,2023-04,1
1123,2023-05,1
1123,2023-06,1
1123,2023-07,1
1123,2023-08,1
1123,2023-09,1
1123,2023-10,1
1123,2023-11,1
1123,2023-12,1
1123,2024-01,1
1123,2024-02,1
1123,2024-03,1
1123,2024-04,1
1123,2024-05,1
1123,2024-06,1
1123,2024-07,1
1123,2024-08,1
1123,2024-09,1
1123,2024-10,1
1123,2024-11,1
1123,2024-12,1
1124,2023-01,1
1124,2023-02,1
1124,2023-03,1
1124,2023-04,1
1124,2023-05,1
1124,2023-06,1
1124,2023-07,1
1124,2023-08,1
1124,2023-09,1
1124,2023-10,1
1124,2023-11,1
1124,2023-12,1
1124,2024-01,1
1124,2024-02,1
1124,2024-03,1
1124,2024-04,1
1124,2024-05,1
1124,2024-06,1
1124,2024-07,1
1124,2024-08,1
1124,2024-09,1
1124,2024-10,1
1124,2024-11,1
1124,2024-12,1
1125,2023-01,1
1125,2023-02,1
1125,2023-03,1
1125,2023-04,1
1125,2023-05,1
1125,2023-06,1
1125,2023-07,1
1125,2023-08,1
1125,2023-09,1
1125,2023-10,1
1125,2023-11,1
1125,2023-12,1
1125,2024-01,1
1125,2024-02,1
1125,2024-03,1
1125,2024-04,1
1125,2024-05,1
1125,2024-06,1
1125,2024-07,1
1125,2024-08,1
1125,2024-09,1
1125,2024-10,1
1125,2024-11,1
1125,2024-12,1
1126,2023-01,1
1126,2023-02,1
1126,2023-03,1
1126,2023-04,1
1126,2023-05,1
1126,2023-06,1
1126,2023-07,1
1126,2023-08,1
1126,2023-09,1
1126,2023-10,1
1126,2023-11,1
1126,2023-12,1
1126,2024-01,1
1126,2024-02,1
1126,2024-03,1
1126,2024-04,1
1126,2024-05,1
1126,2024-06,1
1126,2024-07,1
1126,2024-08,1
1126,2024-09,1
1126,2024-10,1
1126,2024-11,1
1126,2024-12,1
1127,2023-01,1
1127,2023-02,1
1127,2023-03,1
1127,2023-04,1
1127,2023-05,1
1127,2023-06,1
1127,2023-07,1
1127,2023-08,1
1127,2023-09,1
1127,2023-10,1
1127,2023-11,1
1127,2023-12,1
1127,2024-01,1
1127,2024-02,1
1127,2024-03,1
1127,2024-04,1
1127,2024-05,1
1127,2024-06,1
1127,2024-07,1
1127,2024-08,1
1127,2024-09,1
1127,2024-10,1
1127,2024-11,1
1127,2024-12,1
1128,2023-01,1
1128,2023-02,1
1128,2023-03,1
1128,2023-04,1
1128,2023-05,1
1128,2023-06,1
1128,2023-07,1
1128,2023-08,1
1128,2023-09,1
1128,2023-10,1
1128,2023-11,1
1128,2023-12,1
1128,2024-01,1
1128,2024-02,1
1128,2024-03,1
1128,2024-04,1
1128,2024-05,1
1128,2024-06,1
1128,2024-07,1
1128,2024-08,1
1128,2024-09,1
1128,2024-10,1
1128,2024-11,1
1128,2024-12,1
1129,2023-01,1
1129,2023-02,1
1129,2023-03,1
1129,2023-04,1
1129,2023-05,1
1129,2023-06,1
1129,2023-07,1
1129,2023-08,1
1129,2023-09,1
1129,2023-10,1
1129,2023-11,1
1129,2023-12,1
1129,2024-01,1
1129,2024-02,1
1129,2024-03,1
1129,2024-04,1
1129,2024-05,1
1129,2024-06,1
1129,2024-07,1
1129,2024-08,1
1129,2024-09,1
1129,2024-10,1
1129,2024-11,1
1129,2024-12,1
1130,2023-01,1
1130,2023-02,1
1130,2023-03,1
1130,2023-04,1
1130,2023-05,1
1130,2023-06,1
1130,2023-07,1
1130,2023-08,1
1130,2023-09,1
1130,2023-10,1
1130,2023-11,1
1130,2023-12,1
1130,2024-01,1
1130,2024-02,1
1130,2024-03,1
1130,2024-04,1
1130,2024-05,1
1130,2024-06,1
1130,2024-07,1
1130,2024-08,1
1130,2024-09,1
1130,2024-10,1
1130,2024-11,1
1130,2024-12,1
1131,2023-01,1
1131,2023-02,1
1131,2023-03,1
1131,2023-04,1
1131,2023-05,1
1131,2023-06,1
1131,2023-07,1
1131,2023-08,1
1131,2023-09,1
1131,2023-10,1
1131,2023-11,1
1131,2023-12,1
1131,2024-01,1
1131,2024-02,1
1131,2024-03,1
1131,2024-04,1
1131,2024-05,1
1131,2024-06,1
1131,2024-07,1
1131,2024-08,1
1131,2024-09,1
1131,2024-10,1
1131,2024-11,1
1131,2024-12,1
1132,2023-01,1
1132,2023-02,1
1132,2023-03,1
1132,2023-04,1
1132,2023-05,1
1132,2023-06,1
1132,2023-07,1
1132,2023-08,1
1132,2023-09,1
1132,2023-10,1
1132,2023-11,1
1132,2023-12,1
1132,2024-01,1
1132,2024-02,1
1132,2024-03,1
1132,2024-04,1
1132,2024-05,1
1132,2024-06,1
1132,2024-07,1
1132,2024-08,1
1132,2024-09,1
1132,2024-10,1
1132,2024-11,1
1132,2024-12,1
1133,2023-01,1
1133,2023-02,1
1133,2023-03,1
1133,2023-04,1
1133,2023-05,1
1133,2023-06,1
1133,2023-07,1
1133,2023-08,1
1133,2023-09,1
1133,2023-10,1
1133,2023-11,1
1133,2023-12,1
1133,2024-01,1
1133,2024-02,1
1133,2024-03,1
1133,2024-04,1
1133,2024-05,1
1133,2024-06,1
1133,2024-07,1
1133,2024-08,1
1133,2024-09,1
1133,2024-10,1
1133,2024-11,1
1133,2024-12,1
1135,2023-01,2
1135,2023-02,2
1135,2023-03,2
1135,2023-04,2
1135,2023-05,2
1135,2023-06,2
1135,2023-07,2
1135,2023-08,2
1135,2023-09,2
1135,2023-10,2
1135,2023-11,2
1135,2023-12,2
1135,2024-01,2
1135,2024-02,2
1135,2024-03,2
1135,2024-04,2
1135,2024-05,2
1135,2024-06,2
1135,2024-07,2
1135,2024-08,2
1135,2024-09,2
1135,2024-10,2
1135,2024-11,2
1135,2024-12,2
1136,2023-01,2
1136,2023-02,2
1136,2023-03,2
1136,2023-04,2
1136,2023-05,2
1136,2023-06,2
1136,2023-07,2
1136,2023-08,2
1136,2023-09,2
1136,2023-10,2
1136,2023-11,2
1136,2023-12,2
1136,2024-01,2
1136,2024-02,2
1136,2024-03,2
1136,2024-04,2
1136,2024-05,2
1136,2024-06,2
1136,2024-07,2
1136,2024-08,2
1136,2024-09,2
1136,2024-10,2
1136,2024-11,2
1136,2024-12,2
1137,2023-01,2
1137,2023-02,2
1137,2023-03,2
1137,2023-04,2
1137,2023-05,2
1137,2023-06,2
1137,2023-07,2
1137,2023-08,2
1137,2023-09,3
1137,2023-10,2
1137,2023-11,2
1137,2023-12,3
1137,2024-01,2
1137,2024-02,2
1137,2024-03,2
1137,2024-04,2
1137,2024-05,3
1137,2024-06,2
1137,2024-07,3
1137,2024-08,2
1137,2024-09,2
1137,2024-10,3
1137,2024-11,3
1137,2024-12,3
1138,2023-01,2
1138,2023-02,2
1138,2023-03,2
1138,2023-04,2
1138,2023-05,2
1138,2023-06,2
1138,2023-07,2
1138,2023-08,2
1138,2023-09,2
1138,2023-10,2
1138,2023-11,2
1138,2023-12,2
1138,2024-01,2
1138,2024-02,2
1138,2024-03,2
1138,2024-04,2
1138,2024-05,2
1138,2024-06,2
1138,2024-07,2
1138,2024-08,2
1138,2024-09,2
1138,2024-10,2
1138,2024-11,2
1138,2024-12,3
1139,2023-01,2
1139,2023-02,2
1139,2023-03,2
1139,2023-04,2
1139,2023-05,2
1139,2023-06,2
1139,2023-07,2
1139,2023-08,2
1139,2023-09,2
1139,2023-10,2
1139,2023-11,2
1139,2023-12,2
1139,2024-01,2
1139,2024-02,2
1139,2024-03,2
1139,2024-04,2
1139,2024-05,2
1139,2024-06,2
1139,2024-07,2
1139,2024-08,2
1139,2024-09,2
1139,2024-10,2
1139,2024-11,2
1139,2024-12,3
1140,2023-01,2
1140,2023-02,2
1140,2023-03,2
1140,2023-04,2
1140,2023-05,2
1140,2023-06,2
1140,2023-07,2
1140,2023-08,2
1140,2023-09,2
1140,2023-10,2
1140,2023-11,2
1140,2023-12,2
1140,2024-01,2
1140,2024-02,2
1140,2024-03,2
1140,2024-04,2
1140,2024-05,2
1140,2024-06,2
1140,2024-07,2
1140,2024-08,2
1140,2024-09,2
1140,2024-10,2
1140,2024-11,2
1140,2024-12,2
1141,2023-01,3
1141,2023-02,2
1141,2023-03,2
1141,2023-04,2
1141,2023-05,2
1141,2023-06,2
1141,2023-07,2
1141,2023-08,2
1141,2023-09,2
1141,2023-10,2
1141,2023-11,2
1141,2023-12,2
1141,2024-01,3
1141,2024-02,2
1141,2024-03,2
1141,2024-04,2
1141,2024-05,2
1141,2024-06,2
1141,2024-07,2
1141,2024-08,2
1141,2024-09,2
1141,2024-10,3
1141,2024-11,2
1141,2024-12,3
1142,2023-01,2
1142,2023-02,2
1142,2023-03,2
1142,2023-04,2
1142,2023-05,2
1142,2023-06,2
1142,2023-07,2
1142,2023-08,2
1142,2023-09,2
1142,2023-10,2
1142,2023-11,2
1142,2023-12,2
1142,2024-01,2
1142,2024-02,2
1142,2024-03,2
1142,2024-04,2
1142,2024-05,2
1142,2024-06,2
1142,2024-07,2
1142,2024-08,2
1142,2024-09,2
1142,2024-10,2
1142,2024-11,2
1142,2024-12,2
1143,2023-01,3
1143,2023-02,3
1143,2023-03,3
1143,2023-04,3
1143,2023-05,3
1143,2023-06,3
1143,2023-07,3
1143,2023-08,3
1143,2023-09,3
1143,2023-10,3
1143,2023-11,3
1143,2023-12,3
1143,2024-01,3
1143,2024-02,3
1143,2024-03,3
1143,2024-04,3
1143,2024-05,3
1143,2024-06,3
1143,2024-07,3
1143,2024-08,3
1143,2024-09,3
1143,2024-10,3
1143,2024-11,3
1143,2024-12,3
1144,2023-01,1
1144,2023-02,1
1144,2023-03,1
1144,2023-04,1
1144,2023-05,1
1144,2023-06,1
1144,2023-07,1
1144,2023-08,1
1144,2023-09,1
1144,2023-10,1
1144,2023-11,1
1144,2023-12,1
1144,2024-01,1
1144,2024-02,1
1144,2024-03,1
1144,2024-04,1
1144,2024-05,1
1144,2024-06,1
1144,2024-07,1
1144,2024-08,1
1144,2024-09,1
1144,2024-10,1
1144,2024-11,1
1144,2024-12,1
1146,2023-01,2
1146,2023-02,2
1146,2023-03,2
1146,2023-04,1
1146,2023-05,1
1146,2023-06,1
1146,2023-07,1
1146,2023-08,1
1146,2023-09,1
1146,2023-10,1
1146,2023-11,1
1146,2023-12,1
1146,2024-01,1
1146,2024-02,1
1146,2024-03,1
1146,2024-04,1
1146,2024-05,1
1146,2024-06,1
1146,2024-07,1
1146,2024-08,1
1146,2024-09,1
1146,2024-10,1
1146,2024-11,1
1146,2024-12,1
1147,2023-01,3
1147,2023-02,3
1147,2023-03,3
1147,2023-04,3
1147,2023-05,3
1147,2023-06,3
1147,2023-07,3
1147,2023-08,3
1147,2023-09,3
1147,2023-10,3
1147,2023-11,3
1147,2023-12,3
1147,2024-01,3
1147,2024-02,3
1147,2024-03,3
1147,2024-04,3
1147,2024-05,3
1147,2024-06,3
1147,2024-07,3
1147,2024-08,3
1147,2024-09,3
1147,2024-10,3
1147,2024-11,3
1147,2024-12,3
1148,2023-01,3
1148,2023-02,1
1148,2023-03,1
1148,2023-04,1
1148,2023-05,3
1148,2023-06,3
1148,2023-07,3
1148,2023-08,3
1148,2023-09,3
1148,2023-10,3
1148,2023-11,2
1148,2023-12,1
1148,2024-01,1
1148,2024-02,1
1148,2024-03,1
1148,2024-04,3
1148,2024-05,3
1148,2024-06,3
1148,2024-07,1
1148,2024-08,1
1148,2024-09,3
1148,2024-10,3
1148,2024-11,3
1148,2024-12,3
1151,2023-01,3
1151,2023-02,3
1151,2023-03,3
1151,2023-04,3
1151,2023-05,3
1151,2023-06,3
1151,2023-07,3
1151,2023-08,3
1151,2023-09,3
1151,2023-10,3
1151,2023-11,3
1151,2023-12,3
1151,2024-01,3
1151,2024-02,2
1151,2024-03,3
1151,2024-04,2
1151,2024-05,2
1151,2024-06,2
1151,2024-07,3
1151,2024-08,3
1151,2024-09,3
1151,2024-10,3
1151,2024-11,3
1151,2024-12,3
1152,2023-01,3
1152,2023-02,3
1152,2023-03,3
1152,2023-04,3
1152,2023-05,3
1152,2023-06,3
1152,2023-07,3
1152,2023-08,3
1152,2023-09,3
1152,2023-10,3
1152,2023-11,3
1152,2023-12,3
1152,2024-01,3
1152,2024-02,3
1152,2024-03,3
1152,2024-04,3
1152,2024-05,3
1152,2024-06,3
1152,2024-07,3
1152,2024-08,3
1152,2024-09,3
1152,2024-10,3
1152,2024-11,3
1152,2024-12,3
1153,2023-01,2
1153,2023-02,2
1153,2023-03,2
1153,2023-04,2
1153,2023-05,2
1153,2023-06,3
1153,2023-07,3
1153,2023-08,3
1153,2023-09,3
1153,2023-10,3
1153,2023-11,2
1153,2023-12,3
1153,2024-01,2
1153,2024-02,3
1153,2024-03,3
1153,2024-04,3
1153,2024-05,3
1153,2024-06,3
1153,2024-07,3
1153,2024-08,3
1153,2024-09,3
1153,2024-10,3
1153,2024-11,3
1153,2024-12,3
1154,2023-01,3
1154,2023-02,3
1154,2023-03,3
1154,2023-04,3
1154,2023-05,3
1154,2023-06,3
1154,2023-07,3
1154,2023-08,3
1154,2023-09,3
1154,2023-10,3
1154,2023-11,3
1154,2023-12,3
1154,2024-01,3
1154,2024-02,3
1154,2024-03,3
1154,2024-04,3
1154,2024-05,3
1154,2024-06,3
1154,2024-07,3
1154,2024-08,3
1154,2024-09,1
1154,2024-10,3
1154,2024-11,3
1154,2024-12,3
1155,2023-01,3
1155,2023-02,3
1155,2023-03,3
1155,2023-04,3
1155,2023-05,3
1155,2023-06,3
1155,2023-07,3
1155,2023-08,3
1155,2023-09,3
1155,2023-10,3
1155,2023-11,3
1155,2023-12,3
1155,2024-01,1
1155,2024-02,3
1155,2024-03,3
1155,2024-04,3
1155,2024-05,3
1155,2024-06,3
1155,2024-07,3
1155,2024-08,3
1155,2024-09,3
1155,2024-10,3
1155,2024-11,3
1155,2024-12,3
1157,2023-01,3
1157,2023-02,2
1157,2023-03,2
1157,2023-04,2
1157,2023-05,2
1157,2023-06,2
1157,2023-07,2
1157,2023-08,2
1157,2023-09,2
1157,2023-10,2
1157,2023-11,2
1157,2023-12,2
1157,2024-01,2
1157,2024-02,2
1157,2024-03,2
1157,2024-04,2
1157,2024-05,2
1157,2024-06,2
1157,2024-07,2
1157,2024-08,2
1157,2024-09,2
1157,2024-10,2
1157,2024-11,2
1157,2024-12,2
1158,2023-01,2
1158,2023-02,2
1158,2023-03,2
1158,2023-04,2
1158,2023-05,2
1158,2023-06,2
1158,2023-07,2
1158,2023-08,2
1158,2023-09,2
1158,2023-10,2
1158,2023-11,2
1158,2023-12,3
1158,2024-01,2
1158,2024-02,2
1158,2024-03,2
1158,2024-04,2
1158,2024-05,2
1158,2024-06,2
1158,2024-07,2
1158,2024-08,2
1158,2024-09,2
1158,2024-10,2
1158,2024-11,2
1158,2024-12,2
1160,2023-01,2
1160,2023-02,2
1160,2023-03,2
1160,2023-04,2
1160,2023-05,2
1160,2023-06,2
1160,2023-07,2
1160,2023-08,2
1160,2023-09,2
1160,2023-10,2
1160,2023-11,2
1160,2023-12,2
1160,2024-01,2
1160,2024-02,2
1160,2024-03,2
1160,2024-04,2
1160,2024-05,2
1160,2024-06,2
1160,2024-07,2
1160,2024-08,2
1160,2024-09,2
1160,2024-10,2
1160,2024-11,2
1160,2024-12,2
1161,2023-01,2
1161,2023-02,2
1161,2023-03,2
1161,2023-04,2
1161,2023-05,2
1161,2023-06,2
1161,2023-07,2
1161,2023-08,2
1161,2023-09,2
1161,2023-10,2
1161,2023-11,2
1161,2023-12,2
1161,2024-01,2
1161,2024-02,2
1161,2024-03,2
1161,2024-04,2
1161,2024-05,2
1161,2024-06,2
1161,2024-07,2
1161,2024-08,2
1161,2024-09,2
1161,2024-10,2
1161,2024-11,2
1161,2024-12,2
1164,2023-01,3
1164,2023-02,3
1164,2023-03,3
1164,2023-04,1
1164,2023-05,3
1164,2023-06,3
1164,2023-07,3
1164,2023-08,3
1164,2023-09,3
1164,2023-10,3
1164,2023-11,3
1164,2023-12,3
1164,2024-01,3
1164,2024-02,3
1164,2024-03,3
1164,2024-04,3
1164,2024-05,3
1164,2024-06,3
1164,2024-07,3
1164,2024-08,3
1164,2024-09,1
1164,2024-10,3
1164,2024-11,3
1164,2024-12,3
1165,2023-01,3
1165,2023-02,3
1165,2023-03,2
1165,2023-04,2
1165,2023-05,2
1165,2023-06,2
1165,2023-07,2
1165,2023-08,3
1165,2023-09,3
1165,2023-10,3
1165,2023-11,3
1165,2023-12,3
1165,2024-01,3
1165,2024-02,2
1165,2024-03,3
1165,2024-04,2
1165,2024-05,2
1165,2024-06,2
1165,2024-07,2
1165,2024-08,2
1165,2024-09,2
1165,2024-10,2
1165,2024-11,3
1165,2024-12,3
1166,2023-01,1
1166,2023-02,1
1166,2023-03,1
1166,2023-04,1
1166,2023-05,1
1166,2023-06,1
1166,2023-07,1
1166,2023-08,1
1166,2023-09,1
1166,2023-10,1
1166,2023-11,1
1166,2023-12,1
1166,2024-01,1
1166,2024-02,1
1166,2024-03,1
1166,2024-04,1
1166,2024-05,1
1166,2024-06,1
1166,2024-07,1
1166,2024-08,1
1166,2024-09,1
1166,2024-10,1
1166,2024-11,1
1166,2024-12,1
1170,2023-01,3
1170,2023-02,3
1170,2023-03,3
1170,2023-04,1
1170,2023-05,3
1170,2023-06,3
1170,2023-07,3
1170,2023-08,3
1170,2023-09,3
1170,2023-10,3
1170,2023-11,3
1170,2023-12,3
1170,2024-01,3
1170,2024-02,1
1170,2024-03,3
1170,2024-04,3
1170,2024-05,3
1170,2024-06,1
1170,2024-07,3
1170,2024-08,1
1170,2024-09,3
1170,2024-10,3
1170,2024-11,3
1170,2024-12,3
1171,2023-01,3
1171,2023-02,3
1171,2023-03,3
1171,2023-04,3
1171,2023-05,3
1171,2023-06,3
1171,2023-07,3
1171,2023-08,3
1171,2023-09,3
1171,2023-10,3
1171,2023-11,3
1171,2023-12,3
1171,2024-01,1
1171,2024-02,1
1171,2024-03,1
1171,2024-04,3
1171,2024-05,3
1171,2024-06,3
1171,2024-07,3
1171,2024-08,3
1171,2024-09,3
1171,2024-10,3
1171,2024-11,3
1171,2024-12,3
1172,2023-01,3
1172,2023-02,3
1172,2023-03,3
1172,2023-04,3
1172,2023-05,3
1172,2023-06,3
1172,2023-07,3
1172,2023-08,3
1172,2023-09,3
1172,2023-10,3
1172,2023-11,3
1172,2023-12,3
1172,2024-01,3
1172,2024-02,3
1172,2024-03,3
1172,2024-04,3
1172,2024-05,3
1172,2024-06,3
1172,2024-07,3
1172,2024-08,3
1172,2024-09,3
1172,2024-10,1
1172,2024-11,3
1172,2024-12,3
1173,2023-01,1
1173,2023-02,1
1173,2023-03,1
1173,2023-04,1
1173,2023-05,1
1173,2023-06,1
1173,2023-07,1
1173,2023-08,1
1173,2023-09,1
1173,2023-10,1
1173,2023-11,1
1173,2023-12,1
1173,2024-01,1
1173,2024-02,1
1173,2024-03,1
1173,2024-04,3
1173,2024-05,3
1173,2024-06,3
1173,2024-07,3
1173,2024-08,3
1173,2024-09,3
1173,2024-10,3
1173,2024-11,3
1173,2024-12,3
1174,2023-01,3
1174,2023-02,3
1174,2023-03,3
1174,2023-04,3
1174,2023-05,3
1174,2023-06,3
1174,2023-07,3
1174,2023-08,3
1174,2023-09,3
1174,2023-10,3
1174,2023-11,3
1174,2023-12,3
1174,2024-01,1
1174,2024-02,3
1174,2024-03,3
1174,2024-04,3
1174,2024-05,3
1174,2024-06,3
1174,2024-07,3
1174,2024-08,3
1174,2024-09,3
1174,2024-10,3
1174,2024-11,3
1174,2024-12,3
1175,2023-01,3
1175,2023-02,3
1175,2023-03,3
1175,2023-04,3
1175,2023-05,3
1175,2023-06,3
1175,2023-07,3
1175,2023-08,3
1175,2023-09,3
1175,2023-10,3
1175,2023-11,3
1175,2023-12,3
1175,2024-01,3
1175,2024-02,3
1175,2024-03,3
1175,2024-04,3
1175,2024-05,3
1175,2024-06,3
1175,2024-07,3
1175,2024-08,3
1175,2024-09,3
1175,2024-10,3
1175,2024-11,3
1175,2024-12,3
1176,2023-01,4
1176,2023-02,4
1176,2023-03,4
1176,2023-04,4
1176,2023-05,4
1176,2023-06,4
1176,2023-07,4
1176,2023-08,4
1176,2023-09,4
1176,2023-10,4
1176,2023-11,4
1176,2023-12,4
1176,2024-01,4
1176,2024-02,4
1176,2024-03,4
1176,2024-04,4
1176,2024-05,4
1176,2024-06,4
1176,2024-07,4
1176,2024-08,4
1176,2024-09,4
1176,2024-10,4
1176,2024-11,4
1176,2024-12,4
1178,2023-01,2
1178,2023-02,2
1178,2023-03,2
1178,2023-04,2
1178,2023-05,2
1178,2023-06,2
1178,2023-07,2
1178,2023-08,1
1178,2023-09,1
1178,2023-10,1
1178,2023-11,1
1178,2023-12,1
1178,2024-01,1
1178,2024-02,1
1178,2024-03,1
1178,2024-04,1
1178,2024-05,1
1178,2024-06,1
1178,2024-07,1
1178,2024-08,1
1178,2024-09,1
1178,2024-10,1
1178,2024-11,1
1178,2024-12,1
1179,2023-01,2
1179,2023-02,2
1179,2023-03,2
1179,2023-04,2
1179,2023-05,2
1179,2023-06,2
1179,2023-07,2
1179,2023-08,2
1179,2023-09,2
1179,2023-10,2
1179,2023-11,2
1179,2023-12,2
1179,2024-01,2
1179,2024-02,2
1179,2024-03,2
1179,2024-04,2
1179,2024-05,2
1179,2024-06,1
1179,2024-07,2
1179,2024-08,2
1179,2024-09,2
1179,2024-10,2
1179,2024-11,2
1179,2024-12,2
1180,2023-01,2
1180,2023-02,2
1180,2023-03,2
1180,2023-04,2
1180,2023-05,2
1180,2023-06,2
1180,2023-07,2
1180,2023-08,1
1180,2023-09,1
1180,2023-10,2
1180,2023-11,2
1180,2023-12,2
1180,2024-01,2
1180,2024-02,2
1180,2024-03,2
1180,2024-04,2
1180,2024-05,2
1180,2024-06,2
1180,2024-07,1
1180,2024-08,1
1180,2024-09,1
1180,2024-10,1
1180,2024-11,2
1180,2024-12,1
1181,2023-01,2
1181,2023-02,2
1181,2023-03,2
1181,2023-04,2
1181,2023-05,2
1181,2023-06,2
1181,2023-07,2
1181,2023-08,2
1181,2023-09,2
1181,2023-10,2
1181,2023-11,2
1181,2023-12,2
1181,2024-01,2
1181,2024-02,2
1181,2024-03,2
1181,2024-04,2
1181,2024-05,2
1181,2024-06,2
1181,2024-07,2
1181,2024-08,2
1181,2024-09,2
1181,2024-10,2
1181,2024-11,2
1181,2024-12,2
1184,2023-01,2
1184,2023-02,2
1184,2023-03,2
1184,2023-04,2
1184,2023-05,2
1184,2023-06,2
1184,2023-07,2
1184,2023-08,2
1184,2023-09,2
1184,2023-10,2
1184,2023-11,2
1184,2023-12,2
1184,2024-01,2
1184,2024-02,2
1184,2024-03,2
1184,2024-04,2
1184,2024-05,2
1184,2024-06,2
1184,2024-07,2
1184,2024-08,2
1184,2024-09,2
1184,2024-10,2
1184,2024-11,2
1184,2024-12,2
1185,2023-01,2
1185,2023-02,2
1185,2023-03,1
1185,2023-04,1
1185,2023-05,1
1185,2023-06,1
1185,2023-07,1
1185,2023-08,1
1185,2023-09,1
1185,2023-10,1
1185,2023-11,1
1185,2023-12,1
1185,2024-01,1
1185,2024-02,1
1185,2024-03,1
1185,2024-04,1
1185,2024-05,1
1185,2024-06,1
1185,2024-07,1
1185,2024-08,1
1185,2024-09,1
1185,2024-10,1
1185,2024-11,1
1185,2024-12,1
1186,2023-01,2
1186,2023-02,2
1186,2023-03,4
1186,2023-04,4
1186,2023-05,4
1186,2023-06,4
1186,2023-07,4
1186,2023-08,4
1186,2023-09,4
1186,2023-10,4
1186,2023-11,4
1186,2023-12,4
1186,2024-01,4
1186,2024-02,4
1186,2024-03,4
1186,2024-04,4
1186,2024-05,4
1186,2024-06,4
1186,2024-07,4
1186,2024-08,4
1186,2024-09,4
1186,2024-10,4
1186,2024-11,4
1186,2024-12,4
1187,2023-01,2
1187,2023-02,2
1187,2023-03,2
1187,2023-04,2
1187,2023-05,2
1187,2023-06,2
1187,2023-07,2
1187,2023-08,2
1187,2023-09,2
1187,2023-10,2
1187,2023-11,2
1187,2023-12,2
1187,2024-01,2
1187,2024-02,2
1187,2024-03,2
1187,2024-04,2
1187,2024-05,2
1187,2024-06,2
1187,2024-07,2
1187,2024-08,2
1187,2024-09,2
1187,2024-10,2
1187,2024-11,2
1187,2024-12,2
1188,2023-01,2
1188,2023-02,2
1188,2023-03,2
1188,2023-04,2
1188,2023-05,2
1188,2023-06,2
1188,2023-07,2
1188,2023-08,4
1188,2023-09,4
1188,2023-10,4
1188,2023-11,4
1188,2023-12,4
1188,2024-01,4
1188,2024-02,4
1188,2024-03,4
1188,2024-04,4
1188,2024-05,4
1188,2024-06,4
1188,2024-07,4
1188,2024-08,4
1188,2024-09,4
1188,2024-10,4
1188,2024-11,4
1188,2024-12,4
1189,2023-01,1
1189,2023-02,1
1189,2023-03,1
1189,2023-04,1
1189,2023-05,1
1189,2023-06,1
1189,2023-07,1
1189,2023-08,1
1189,2023-09,1
1189,2023-10,1
1189,2023-11,1
1189,2023-12,3
1189,2024-01,1
1189,2024-02,1
1189,2024-03,1
1189,2024-04,1
1189,2024-05,1
1189,2024-06,1
1189,2024-07,1
1189,2024-08,1
1189,2024-09,1
1189,2024-10,1
1189,2024-11,1
1189,2024-12,1
1190,2023-01,2
1190,2023-02,2
1190,2023-03,2
1190,2023-04,2
1190,2023-05,2
1190,2023-06,4
1190,2023-07,4
1190,2023-08,4
1190,2023-09,4
1190,2023-10,4
1190,2023-11,4
1190,2023-12,4
1190,2024-01,4
1190,2024-02,4
1190,2024-03,4
1190,2024-04,4
1190,2024-05,4
1190,2024-06,4
1190,2024-07,4
1190,2024-08,4
1190,2024-09,4
1190,2024-10,4
1190,2024-11,4
1190,2024-12,4
1191,2023-01,1
1191,2023-02,1
1191,2023-03,1
1191,2023-04,3
1191,2023-05,1
1191,2023-06,1
1191,2023-07,1
1191,2023-08,3
1191,2023-09,3
1191,2023-10,1
1191,2023-11,2
1191,2023-12,3
1191,2024-01,3
1191,2024-02,3
1191,2024-03,3
1191,2024-04,3
1191,2024-05,3
1191,2024-06,1
1191,2024-07,1
1191,2024-08,1
1191,2024-09,1
1191,2024-10,1
1191,2024-11,1
1191,2024-12,1
1192,2023-01,1
1192,2023-02,1
1192,2023-03,1
1192,2023-04,1
1192,2023-05,1
1192,2023-06,1
1192,2023-07,1
1192,2023-08,1
1192,2023-09,1
1192,2023-10,1
1192,2023-11,1
1192,2023-12,1
1192,2024-01,1
1192,2024-02,1
1192,2024-03,1
1192,2024-04,1
1192,2024-05,1
1192,2024-06,1
1192,2024-07,1
1192,2024-08,1
1192,2024-09,1
1192,2024-10,1
1192,2024-11,1
1192,2024-12,1
1193,2023-01,1
1193,2023-02,1
1193,2023-03,1
1193,2023-04,1
1193,2023-05,1
1193,2023-06,1
1193,2023-07,1
1193,2023-08,1
1193,2023-09,1
1193,2023-10,1
1193,2023-11,1
1193,2023-12,1
1193,2024-01,1
1193,2024-02,1
1193,2024-03,1
1193,2024-04,1
1193,2024-05,1
1193,2024-06,1
1193,2024-07,1
1193,2024-08,1
1193,2024-09,1
1193,2024-10,1
1193,2024-11,1
1193,2024-12,1
1194,2023-01,2
1194,2023-02,2
1194,2023-03,1
1194,2023-04,1
1194,2023-05,1
1194,2023-06,1
1194,2023-07,1
1194,2023-08,1
1194,2023-09,1
1194,2023-10,1
1194,2023-11,1
1194,2023-12,1
1194,2024-01,1
1194,2024-02,1
1194,2024-03,1
1194,2024-04,1
1194,2024-05,2
1194,2024-06,1
1194,2024-07,1
1194,2024-08,1
1194,2024-09,1
1194,2024-10,1
1194,2024-11,1
1194,2024-12,1
1195,2023-01,1
1195,2023-02,1
1195,2023-03,1
1195,2023-04,1
1195,2023-05,1
1195,2023-06,1
1195,2023-07,1
1195,2023-08,1
1195,2023-09,1
1195,2023-10,1
1195,2023-11,1
1195,2023-12,1
1195,2024-01,1
1195,2024-02,1
1195,2024-03,1
1195,2024-04,1
1195,2024-05,1
1195,2024-06,1
1195,2024-07,1
1195,2024-08,1
1195,2024-09,1
1195,2024-10,1
1195,2024-11,1
1195,2024-12,1
1196,2023-01,1
1196,2023-02,1
1196,2023-03,1
1196,2023-04,1
1196,2023-05,1
1196,2023-06,1
1196,2023-07,1
1196,2023-08,1
1196,2023-09,1
1196,2023-10,1
1196,2023-11,1
1196,2023-12,1
1196,2024-01,1
1196,2024-02,1
1196,2024-03,1
1196,2024-04,1
1196,2024-05,1
1196,2024-06,1
1196,2024-07,1
1196,2024-08,1
1196,2024-09,1
1196,2024-10,1
1196,2024-11,1
1196,2024-12,1
1197,2023-01,2
1197,2023-02,2
1197,2023-03,2
1197,2023-04,2
1197,2023-05,2
1197,2023-06,2
1197,2023-07,2
1197,2023-08,2
1197,2023-09,2
1197,2023-10,2
1197,2023-11,2
1197,2023-12,2
1197,2024-01,2
1197,2024-02,2
1197,2024-03,2
1197,2024-04,2
1197,2024-05,2
1197,2024-06,2
1197,2024-07,2
1197,2024-08,2
1197,2024-09,2
1197,2024-10,2
1197,2024-11,2
1197,2024-12,2
1198,2023-01,2
1198,2023-02,2
1198,2023-03,2
1198,2023-04,4
1198,2023-05,4
1198,2023-06,4
1198,2023-07,4
1198,2023-08,4
1198,2023-09,4
1198,2023-10,4
1198,2023-11,4
1198,2023-12,4
1198,2024-01,4
1198,2024-02,4
1198,2024-03,4
1198,2024-04,4
1198,2024-05,4
1198,2024-06,4
1198,2024-07,4
1198,2024-08,4
1198,2024-09,4
1198,2024-10,4
1198,2024-11,4
1198,2024-12,4
1224,2023-01,2
1224,2023-02,2
1224,2023-03,2
1224,2023-04,2
1224,2023-05,2
1224,2023-06,2
1224,2023-07,2
1224,2023-08,2
1224,2023-09,2
1224,2023-10,2
1224,2023-11,2
1224,2023-12,2
1224,2024-01,2
1224,2024-02,2
1224,2024-03,2
1224,2024-04,4
1224,2024-05,4
1224,2024-06,4
1224,2024-07,4
1224,2024-08,4
1224,2024-09,2
1224,2024-10,4
1224,2024-11,2
1224,2024-12,2
1225,2023-01,2
1225,2023-02,2
1225,2023-03,2
1225,2023-04,2
1225,2023-05,2
1225,2023-06,2
1225,2023-07,2
1225,2023-08,2
1225,2023-09,2
1225,2023-10,2
1225,2023-11,2
1225,2023-12,2
1225,2024-01,2
1225,2024-02,2
1225,2024-03,2
1225,2024-04,2
1225,2024-05,2
1225,2024-06,2
1225,2024-07,2
1225,2024-08,2
1225,2024-09,2
1225,2024-10,2
1225,2024-11,2
1225,2024-12,2
1226,2023-01,2
1226,2023-02,2
1226,2023-03,2
1226,2023-04,2
1226,2023-05,2
1226,2023-06,2
1226,2023-07,2
1226,2023-08,2
1226,2023-09,2
1226,2023-10,2
1226,2023-11,2
1226,2023-12,2
1226,2024-01,2
1226,2024-02,2
1226,2024-03,2
1226,2024-04,2
1226,2024-05,2
1226,2024-06,2
1226,2024-07,2
1226,2024-08,2
1226,2024-09,2
1226,2024-10,2
1226,2024-11,2
1226,2024-12,2
1227,2023-01,2
1227,2023-02,2
1227,2023-03,2
1227,2023-04,2
1227,2023-05,2
1227,2023-06,2
1227,2023-07,2
1227,2023-08,2
1227,2023-09,2
1227,2023-10,2
1227,2023-11,2
1227,2023-12,2
1227,2024-01,2
1227,2024-02,2
1227,2024-03,2
1227,2024-04,2
1227,2024-05,2
1227,2024-06,2
1227,2024-07,2
1227,2024-08,2
1227,2024-09,2
1227,2024-10,2
1227,2024-11,2
1227,2024-12,2
1228,2023-01,2
1228,2023-02,2
1228,2023-03,2
1228,2023-04,2
1228,2023-05,2
1228,2023-06,2
1228,2023-07,2
1228,2023-08,2
1228,2023-09,2
1228,2023-10,2
1228,2023-11,2
1228,2023-12,2
1228,2024-01,2
1228,2024-02,2
1228,2024-03,2
1228,2024-04,2
1228,2024-05,2
1228,2024-06,2
1228,2024-07,2
1228,2024-08,2
1228,2024-09,2
1228,2024-10,2
1228,2024-11,2
1228,2024-12,2
1229,2023-01,2
1229,2023-02,2
1229,2023-03,2
1229,2023-04,2
1229,2023-05,2
1229,2023-06,2
1229,2023-07,2
1229,2023-08,2
1229,2023-09,2
1229,2023-10,2
1229,2023-11,2
1229,2023-12,2
1229,2024-01,2
1229,2024-02,2
1229,2024-03,2
1229,2024-04,2
1229,2024-05,2
1229,2024-06,2
1229,2024-07,2
1229,2024-08,2
1229,2024-09,2
1229,2024-10,2
1229,2024-11,2
1229,2024-12,2
1230,2023-01,2
1230,2023-02,2
1230,2023-03,2
1230,2023-04,2
1230,2023-05,2
1230,2023-06,2
1230,2023-07,2
1230,2023-08,2
1230,2023-09,2
1230,2023-10,2
1230,2023-11,2
1230,2023-12,2
1230,2024-01,2
1230,2024-02,2
1230,2024-03,2
1230,2024-04,2
1230,2024-05,2
1230,2024-06,2
1230,2024-07,2
1230,2024-08,2
1230,2024-09,2
1230,2024-10,2
1230,2024-11,2
1230,2024-12,2
1231,2023-01,2
1231,2023-02,2
1231,2023-03,2
1231,2023-04,2
1231,2023-05,2
1231,2023-06,2
1231,2023-07,2
1231,2023-08,2
1231,2023-09,2
1231,2023-10,2
1231,2023-11,2
1231,2023-12,2
1231,2024-01,2
1231,2024-02,2
1231,2024-03,2
1231,2024-04,2
1231,2024-05,2
1231,2024-06,2
1231,2024-07,2
1231,2024-08,2
1231,2024-09,2
1231,2024-10,2
1231,2024-11,2
1231,2024-12,2
1232,2023-01,2
1232,2023-02,2
1232,2023-03,2
1232,2023-04,2
1232,2023-05,2
1232,2023-06,2
1232,2023-07,2
1232,2023-08,2
1232,2023-09,2
1232,2023-10,2
1232,2023-11,2
1232,2023-12,2
1232,2024-01,2
1232,2024-02,2
1232,2024-03,2
1232,2024-04,2
1232,2024-05,2
1232,2024-06,2
1232,2024-07,2
1232,2024-08,2
1232,2024-09,2
1232,2024-10,2
1232,2024-11,2
1232,2024-12,2
1233,2023-01,2
1233,2023-02,2
1233,2023-03,2
1233,2023-04,2
1233,2023-05,2
1233,2023-06,2
1233,2023-07,2
1233,2023-08,2
1233,2023-09,2
1233,2023-10,2
1233,2023-11,2
1233,2023-12,2
1233,2024-01,2
1233,2024-02,2
1233,2024-03,2
1233,2024-04,2
1233,2024-05,2
1233,2024-06,2
1233,2024-07,2
1233,2024-08,2
1233,2024-09,2
1233,2024-10,2
1233,2024-11,2
1233,2024-12,2
1234,2023-01,2
1234,2023-02,2
1234,2023-03,2
1234,2023-04,2
1234,2023-05,2
1234,2023-06,2
1234,2023-07,2
1234,2023-08,2
1234,2023-09,2
1234,2023-10,2
1234,2023-11,2
1234,2023-12,2
1234,2024-01,2
1234,2024-02,2
1234,2024-03,2
1234,2024-04,2
1234,2024-05,2
1234,2024-06,2
1234,2024-07,2
1234,2024-08,2
1234,2024-09,2
1234,2024-10,2
1234,2024-11,2
1234,2024-12,2
1235,2023-01,2
1235,2023-02,2
1235,2023-03,2
1235,2023-04,2
1235,2023-05,2
1235,2023-06,2
1235,2023-07,2
1235,2023-08,2
1235,2023-09,2
1235,2023-10,2
1235,2023-11,2
1235,2023-12,2
1235,2024-01,2
1235,2024-02,2
1235,2024-03,2
1235,2024-04,2
1235,2024-05,2
1235,2024-06,2
1235,2024-07,2
1235,2024-08,2
1235,2024-09,2
1235,2024-10,2
1235,2024-11,2
1235,2024-12,2
1236,2023-01,2
1236,2023-02,2
1236,2023-03,2
1236,2023-04,2
1236,2023-05,2
1236,2023-06,2
1236,2023-07,2
1236,2023-08,2
1236,2023-09,2
1236,2023-10,2
1236,2023-11,2
1236,2023-12,2
1236,2024-01,2
1236,2024-02,2
1236,2024-03,2
1236,2024-04,2
1236,2024-05,2
1236,2024-06,2
1236,2024-07,2
1236,2024-08,2
1236,2024-09,2
1236,2024-10,2
1236,2024-11,2
1236,2024-12,2
1237,2023-01,1
1237,2023-02,1
1237,2023-03,2
1237,2023-04,2
1237,2023-05,2
1237,2023-06,2
1237,2023-07,2
1237,2023-08,2
1237,2023-09,2
1237,2023-10,2
1237,2023-11,2
1237,2023-12,1
1237,2024-01,1
1237,2024-02,1
1237,2024-03,2
1237,2024-04,2
1237,2024-05,2
1237,2024-06,2
1237,2024-07,2
1237,2024-08,2
1237,2024-09,2
1237,2024-10,2
1237,2024-11,2
1237,2024-12,2
1238,2023-01,2
1238,2023-02,2
1238,2023-03,2
1238,2023-04,2
1238,2023-05,2
1238,2023-06,2
1238,2023-07,2
1238,2023-08,2
1238,2023-09,2
1238,2023-10,2
1238,2023-11,2
1238,2023-12,2
1238,2024-01,2
1238,2024-02,2
1238,2024-03,2
1238,2024-04,2
1238,2024-05,2
1238,2024-06,2
1238,2024-07,2
1238,2024-08,2
1238,2024-09,2
1238,2024-10,2
1238,2024-11,2
1238,2024-12,2
1240,2023-01,1
1240,2023-02,1
1240,2023-03,1
1240,2023-04,1
1240,2023-05,1
1240,2023-06,1
1240,2023-07,1
1240,2023-08,1
1240,2023-09,1
1240,2023-10,3
1240,2023-11,1
1240,2023-12,1
1240,2024-01,1
1240,2024-02,1
1240,2024-03,1
1240,2024-04,1
1240,2024-05,1
1240,2024-06,1
1240,2024-07,1
1240,2024-08,1
1240,2024-09,1
1240,2024-10,1
1240,2024-11,1
1240,2024-12,1
1241,2023-01,2
1241,2023-02,2
1241,2023-03,2
1241,2023-04,2
1241,2023-05,2
1241,2023-06,2
1241,2023-07,2
1241,2023-08,2
1241,2023-09,2
1241,2023-10,2
1241,2023-11,2
1241,2023-12,2
1241,2024-01,2
1241,2024-02,2
1241,2024-03,2
1241,2024-04,2
1241,2024-05,2
1241,2024-06,2
1241,2024-07,2
1241,2024-08,2
1241,2024-09,2
1241,2024-10,2
1241,2024-11,2
1241,2024-12,2
1242,2023-01,1
1242,2023-02,1
1242,2023-03,1
1242,2023-04,1
1242,2023-05,1
1242,2023-06,1
1242,2023-07,1
1242,2023-08,1
1242,2023-09,1
1242,2023-10,1
1242,2023-11,1
1242,2023-12,1
1242,2024-01,1
1242,2024-02,1
1242,2024-03,1
1242,2024-04,1
1242,2024-05,1
1242,2024-06,1
1242,2024-07,1
1242,2024-08,1
1242,2024-09,1
1242,2024-10,1
1242,2024-11,1
1242,2024-12,1
1243,2023-01,2
1243,2023-02,2
1243,2023-03,2
1243,2023-04,2
1243,2023-05,2
1243,2023-06,2
1243,2023-07,2
1243,2023-08,2
1243,2023-09,2
1243,2023-10,2
1243,2023-11,2
1243,2023-12,2
1243,2024-01,2
1243,2024-02,2
1243,2024-03,2
1243,2024-04,2
1243,2024-05,2
1243,2024-06,2
1243,2024-07,2
1243,2024-08,2
1243,2024-09,2
1243,2024-10,2
1243,2024-11,2
1243,2024-12,2
1244,2023-01,1
1244,2023-02,1
1244,2023-03,1
1244,2023-04,1
1244,2023-05,1
1244,2023-06,1
1244,2023-07,1
1244,2023-08,1
1244,2023-09,1
1244,2023-10,1
1244,2023-11,1
1244,2023-12,1
1244,2024-01,1
1244,2024-02,1
1244,2024-03,1
1244,2024-04,1
1244,2024-05,1
1244,2024-06,1
1244,2024-07,1
1244,2024-08,1
1244,2024-09,1
1244,2024-10,1
1244,2024-11,1
1244,2024-12,1
1246,2023-01,2
1246,2023-02,2
1246,2023-03,2
1246,2023-04,2
1246,2023-05,2
1246,2023-06,2
1246,2023-07,2
1246,2023-08,2
1246,2023-09,2
1246,2023-10,2
1246,2023-11,2
1246,2023-12,2
1246,2024-01,2
1246,2024-02,2
1246,2024-03,2
1246,2024-04,2
1246,2024-05,2
1246,2024-06,2
1246,2024-07,2
1246,2024-08,2
1246,2024-09,2
1246,2024-10,2
1246,2024-11,2
1246,2024-12,2
1249,2023-01,1
1249,2023-02,1
1249,2023-03,1
1249,2023-04,2
1249,2023-05,2
1249,2023-06,2
1249,2023-07,2
1249,2023-08,2
1249,2023-09,2
1249,2023-10,2
1249,2023-11,2
1249,2023-12,2
1249,2024-01,1
1249,2024-02,1
1249,2024-03,2
1249,2024-04,2
1249,2024-05,2
1249,2024-06,2
1249,2024-07,2
1249,2024-08,2
1249,2024-09,2
1249,2024-10,2
1249,2024-11,2
1249,2024-12,2
1250,2023-01,2
1250,2023-02,2
1250,2023-03,2
1250,2023-04,2
1250,2023-05,2
1250,2023-06,2
1250,2023-07,2
1250,2023-08,2
1250,2023-09,2
1250,2023-10,2
1250,2023-11,2
1250,2023-12,2
1250,2024-01,2
1250,2024-02,2
1250,2024-03,2
1250,2024-04,2
1250,2024-05,2
1250,2024-06,2
1250,2024-07,2
1250,2024-08,2
1250,2024-09,2
1250,2024-10,2
1250,2024-11,2
1250,2024-12,2
1251,2023-01,1
1251,2023-02,1
1251,2023-03,1
1251,2023-04,1
1251,2023-05,1
1251,2023-06,1
1251,2023-07,1
1251,2023-08,1
1251,2023-09,1
1251,2023-10,1
1251,2023-11,1
1251,2023-12,1
1251,2024-01,1
1251,2024-02,1
1251,2024-03,1
1251,2024-04,1
1251,2024-05,1
1251,2024-06,1
1251,2024-07,1
1251,2024-08,1
1251,2024-09,1
1251,2024-10,1
1251,2024-11,1
1251,2024-12,1
1252,2023-01,2
1252,2023-02,1
1252,2023-03,2
1252,2023-04,2
1252,2023-05,2
1252,2023-06,2
1252,2023-07,2
1252,2023-08,2
1252,2023-09,2
1252,2023-10,2
1252,2023-11,2
1252,2023-12,2
1252,2024-01,2
1252,2024-02,2
1252,2024-03,2
1252,2024-04,2
1252,2024-05,2
1252,2024-06,2
1252,2024-07,2
1252,2024-08,2
1252,2024-09,2
1252,2024-10,2
1252,2024-11,2
1252,2024-12,2
1253,2023-01,1
1253,2023-02,1
1253,2023-03,1
1253,2023-04,1
1253,2023-05,1
1253,2023-06,1
1253,2023-07,1
1253,2023-08,1
1253,2023-09,1
1253,2023-10,1
1253,2023-11,1
1253,2023-12,1
1253,2024-01,1
1253,2024-02,1
1253,2024-03,1
1253,2024-04,1
1253,2024-05,1
1253,2024-06,1
1253,2024-07,1
1253,2024-08,1
1253,2024-09,1
1253,2024-10,1
1253,2024-11,1
1253,2024-12,1
1254,2023-01,1
1254,2023-02,1
1254,2023-03,1
1254,2023-04,1
1254,2023-05,1
1254,2023-06,3
1254,2023-07,1
1254,2023-08,1
1254,2023-09,1
1254,2023-10,1
1254,2023-11,1
1254,2023-12,1
1254,2024-01,1
1254,2024-02,1
1254,2024-03,1
1254,2024-04,1
1254,2024-05,1
1254,2024-06,3
1254,2024-07,1
1254,2024-08,1
1254,2024-09,1
1254,2024-10,3
1254,2024-11,1
1254,2024-12,1
1256,2023-01,1
1256,2023-02,1
1256,2023-03,1
1256,2023-04,1
1256,2023-05,1
1256,2023-06,1
1256,2023-07,1
1256,2023-08,1
1256,2023-09,1
1256,2023-10,1
1256,2023-11,1
1256,2023-12,1
1256,2024-01,1
1256,2024-02,1
1256,2024-03,1
1256,2024-04,1
1256,2024-05,1
1256,2024-06,1
1256,2024-07,1
1256,2024-08,1
1256,2024-09,1
1256,2024-10,1
1256,2024-11,1
1256,2024-12,1
1257,2023-01,1
1257,2023-02,1
1257,2023-03,1
1257,2023-04,1
1257,2023-05,1
1257,2023-06,1
1257,2023-07,1
1257,2023-08,1
1257,2023-09,1
1257,2023-10,1
1257,2023-11,1
1257,2023-12,1
1257,2024-01,1
1257,2024-02,1
1257,2024-03,1
1257,2024-04,1
1257,2024-05,1
1257,2024-06,1
1257,2024-07,2
1257,2024-08,1
1257,2024-09,1
1257,2024-10,2
1257,2024-11,2
1257,2024-12,1
1258,2023-01,2
1258,2023-02,2
1258,2023-03,2
1258,2023-04,2
1258,2023-05,2
1258,2023-06,2
1258,2023-07,2
1258,2023-08,2
1258,2023-09,2
1258,2023-10,2
1258,2023-11,2
1258,2023-12,2
1258,2024-01,2
1258,2024-02,2
1258,2024-03,2
1258,2024-04,2
1258,2024-05,2
1258,2024-06,4
1258,2024-07,4
1258,2024-08,4
1258,2024-09,2
1258,2024-10,4
1258,2024-11,2
1258,2024-12,2
1259,2023-01,2
1259,2023-02,2
1259,2023-03,2
1259,2023-04,2
1259,2023-05,2
1259,2023-06,2
1259,2023-07,2
1259,2023-08,2
1259,2023-09,2
1259,2023-10,2
1259,2023-11,2
1259,2023-12,2
1259,2024-01,2
1259,2024-02,2
1259,2024-03,2
1259,2024-04,2
1259,2024-05,2
1259,2024-06,2
1259,2024-07,2
1259,2024-08,2
1259,2024-09,2
1259,2024-10,2
1259,2024-11,2
1259,2024-12,2
1260,2023-01,2
1260,2023-02,2
1260,2023-03,2
1260,2023-04,2
1260,2023-05,2
1260,2023-06,2
1260,2023-07,2
1260,2023-08,2
1260,2023-09,2
1260,2023-10,2
1260,2023-11,2
1260,2023-12,2
1260,2024-01,2
1260,2024-02,2
1260,2024-03,2
1260,2024-04,2
1260,2024-05,2
1260,2024-06,2
1260,2024-07,2
1260,2024-08,2
1260,2024-09,2
1260,2024-10,2
1260,2024-11,2
1260,2024-12,2
1261,2023-01,1
1261,2023-02,1
1261,2023-03,1
1261,2023-04,1
1261,2023-05,1
1261,2023-06,1
1261,2023-07,1
1261,2023-08,1
1261,2023-09,1
1261,2023-10,1
1261,2023-11,1
1261,2023-12,1
1261,2024-01,1
1261,2024-02,1
1261,2024-03,1
1261,2024-04,1
1261,2024-05,1
1261,2024-06,1
1261,2024-07,1
1261,2024-08,1
1261,2024-09,1
1261,2024-10,1
1261,2024-11,1
1261,2024-12,1
1262,2023-01,2
1262,2023-02,2
1262,2023-03,2
1262,2023-04,2
1262,2023-05,2
1262,2023-06,2
1262,2023-07,2
1262,2023-08,2
1262,2023-09,2
1262,2023-10,2
1262,2023-11,2
1262,2023-12,2
1262,2024-01,2
1262,2024-02,2
1262,2024-03,2
1262,2024-04,2
1262,2024-05,2
1262,2024-06,2
1262,2024-07,2
1262,2024-08,2
1262,2024-09,2
1262,2024-10,2
1262,2024-11,2
1262,2024-12,2
1264,2023-01,1
1264,2023-02,1
1264,2023-03,1
1264,2023-04,1
1264,2023-05,1
1264,2023-06,1
1264,2023-07,1
1264,2023-08,1
1264,2023-09,1
1264,2023-10,1
1264,2023-11,1
1264,2023-12,1
1264,2024-01,1
1264,2024-02,1
1264,2024-03,1
1264,2024-04,1
1264,2024-05,1
1264,2024-06,1
1264,2024-07,1
1264,2024-08,1
1264,2024-09,1
1264,2024-10,1
1264,2024-11,1
1264,2024-12,1
1265,2023-01,1
1265,2023-02,1
1265,2023-03,1
1265,2023-04,1
1265,2023-05,1
1265,2023-06,1
1265,2023-07,1
1265,2023-08,1
1265,2023-09,1
1265,2023-10,1
1265,2023-11,1
1265,2023-12,1
1265,2024-01,1
1265,2024-02,1
1265,2024-03,1
1265,2024-04,1
1265,2024-05,1
1265,2024-06,1
1265,2024-07,1
1265,2024-08,1
1265,2024-09,1
1265,2024-10,1
1265,2024-11,1
1265,2024-12,1
1266,2023-01,1
1266,2023-02,1
1266,2023-03,1
1266,2023-04,1
1266,2023-05,1
1266,2023-06,1
1266,2023-07,1
1266,2023-08,1
1266,2023-09,1
1266,2023-10,1
1266,2023-11,1
1266,2023-12,1
1266,2024-01,1
1266,2024-02,1
1266,2024-03,1
1266,2024-04,1
1266,2024-05,1
1266,2024-06,1
1266,2024-07,1
1266,2024-08,1
1266,2024-09,1
1266,2024-10,1
1266,2024-11,1
1266,2024-12,1
1267,2023-01,1
1267,2023-02,1
1267,2023-03,1
1267,2023-04,1
1267,2023-05,1
1267,2023-06,1
1267,2023-07,1
1267,2023-08,1
1267,2023-09,1
1267,2023-10,1
1267,2023-11,1
1267,2023-12,3
1267,2024-01,1
1267,2024-02,1
1267,2024-03,1
1267,2024-04,1
1267,2024-05,1
1267,2024-06,1
1267,2024-07,1
1267,2024-08,1
1267,2024-09,1
1267,2024-10,1
1267,2024-11,1
1267,2024-12,1
1268,2023-01,1
1268,2023-02,1
1268,2023-03,1
1268,2023-04,1
1268,2023-05,1
1268,2023-06,1
1268,2023-07,1
1268,2023-08,1
1268,2023-09,1
1268,2023-10,1
1268,2023-11,1
1268,2023-12,1
1268,2024-01,1
1268,2024-02,1
1268,2024-03,1
1268,2024-04,1
1268,2024-05,1
1268,2024-06,1
1268,2024-07,1
1268,2024-08,1
1268,2024-09,1
1268,2024-10,1
1268,2024-11,1
1268,2024-12,1
1269,2023-01,1
1269,2023-02,1
1269,2023-03,1
1269,2023-04,1
1269,2023-05,1
1269,2023-06,1
1269,2023-07,1
1269,2023-08,1
1269,2023-09,1
1269,2023-10,1
1269,2023-11,1
1269,2023-12,1
1269,2024-01,1
1269,2024-02,1
1269,2024-03,1
1269,2024-04,1
1269,2024-05,1
1269,2024-06,1
1269,2024-07,1
1269,2024-08,1
1269,2024-09,1
1269,2024-10,1
1269,2024-11,1
1269,2024-12,1
1270,2023-01,1
1270,2023-02,1
1270,2023-03,1
1270,2023-04,1
1270,2023-05,1
1270,2023-06,1
1270,2023-07,1
1270,2023-08,1
1270,2023-09,1
1270,2023-10,1
1270,2023-11,1
1270,2023-12,1
1270,2024-01,1
1270,2024-02,1
1270,2024-03,1
1270,2024-04,1
1270,2024-05,1
1270,2024-06,1
1270,2024-07,1
1270,2024-08,1
1270,2024-09,1
1270,2024-10,1
1270,2024-11,1
1270,2024-12,1
1271,2023-01,1
1271,2023-02,1
1271,2023-03,1
1271,2023-04,1
1271,2023-05,1
1271,2023-06,1
1271,2023-07,1
1271,2023-08,1
1271,2023-09,1
1271,2023-10,1
1271,2023-11,1
1271,2023-12,1
1271,2024-01,1
1271,2024-02,1
1271,2024-03,1
1271,2024-04,1
1271,2024-05,1
1271,2024-06,1
1271,2024-07,1
1271,2024-08,1
1271,2024-09,1
1271,2024-10,1
1271,2024-11,1
1271,2024-12,1
1272,2023-01,1
1272,2023-02,1
1272,2023-03,1
1272,2023-04,1
1272,2023-05,1
1272,2023-06,1
1272,2023-07,1
1272,2023-08,1
1272,2023-09,1
1272,2023-10,1
1272,2023-11,1
1272,2023-12,1
1272,2024-01,1
1272,2024-02,1
1272,2024-03,1
1272,2024-04,1
1272,2024-05,1
1272,2024-06,1
1272,2024-07,1
1272,2024-08,1
1272,2024-09,1
1272,2024-10,1
1272,2024-11,1
1272,2024-12,1
1273,2023-01,1
1273,2023-02,1
1273,2023-03,1
1273,2023-04,1
1273,2023-05,1
1273,2023-06,1
1273,2023-07,1
1273,2023-08,1
1273,2023-09,1
1273,2023-10,1
1273,2023-11,1
1273,2023-12,1
1273,2024-01,1
1273,2024-02,1
1273,2024-03,1
1273,2024-04,1
1273,2024-05,1
1273,2024-06,1
1273,2024-07,1
1273,2024-08,1
1273,2024-09,1
1273,2024-10,1
1273,2024-11,1
1273,2024-12,1
1274,2023-01,1
1274,2023-02,1
1274,2023-03,1
1274,2023-04,1
1274,2023-05,1
1274,2023-06,1
1274,2023-07,1
1274,2023-08,1
1274,2023-09,1
1274,2023-10,1
1274,2023-11,1
1274,2023-12,1
1274,2024-01,1
1274,2024-02,1
1274,2024-03,1
1274,2024-04,1
1274,2024-05,1
1274,2024-06,1
1274,2024-07,1
1274,2024-08,1
1274,2024-09,1
1274,2024-10,1
1274,2024-11,1
1274,2024-12,1
1275,2023-01,1
1275,2023-02,1
1275,2023-03,1
1275,2023-04,1
1275,2023-05,1
1275,2023-06,1
1275,2023-07,1
1275,2023-08,1
1275,2023-09,1
1275,2023-10,1
1275,2023-11,1
1275,2023-12,1
1275,2024-01,1
1275,2024-02,1
1275,2024-03,1
1275,2024-04,1
1275,2024-05,1
1275,2024-06,1
1275,2024-07,1
1275,2024-08,1
1275,2024-09,1
1275,2024-10,1
1275,2024-11,2
1275,2024-12,1
1276,2023-01,1
1276,2023-02,1
1276,2023-03,1
1276,2023-04,1
1276,2023-05,1
1276,2023-06,1
1276,2023-07,1
1276,2023-08,1
1276,2023-09,1
1276,2023-10,1
1276,2023-11,1
1276,2023-12,1
1276,2024-01,1
1276,2024-02,1
1276,2024-03,1
1276,2024-04,1
1276,2024-05,1
1276,2024-06,1
1276,2024-07,1
1276,2024-08,1
1276,2024-09,1
1276,2024-10,1
1276,2024-11,1
1276,2024-12,1
1277,2023-01,1
1277,2023-02,1
1277,2023-03,1
1277,2023-04,1
1277,2023-05,1
1277,2023-06,1
1277,2023-07,1
1277,2023-08,1
1277,2023-09,1
1277,2023-10,1
1277,2023-11,1
1277,2023-12,1
1277,2024-01,1
1277,2024-02,1
1277,2024-03,1
1277,2024-04,1
1277,2024-05,1
1277,2024-06,1
1277,2024-07,1
1277,2024-08,1
1277,2024-09,1
1277,2024-10,1
1277,2024-11,1
1277,2024-12,1
1278,2023-01,1
1278,2023-02,1
1278,2023-03,1
1278,2023-04,1
1278,2023-05,1
1278,2023-06,1
1278,2023-07,1
1278,2023-08,1
1278,2023-09,1
1278,2023-10,1
1278,2023-11,1
1278,2023-12,1
1278,2024-01,1
1278,2024-02,1
1278,2024-03,1
1278,2024-04,1
1278,2024-05,1
1278,2024-06,1
1278,2024-07,1
1278,2024-08,1
1278,2024-09,1
1278,2024-10,1
1278,2024-11,1
1278,2024-12,1
1279,2023-01,1
1279,2023-02,1
1279,2023-03,1
1279,2023-04,1
1279,2023-05,1
1279,2023-06,1
1279,2023-07,1
1279,2023-08,1
1279,2023-09,1
1279,2023-10,1
1279,2023-11,1
1279,2023-12,1
1279,2024-01,1
1279,2024-02,1
1279,2024-03,1
1279,2024-04,1
1279,2024-05,1
1279,2024-06,1
1279,2024-07,1
1279,2024-08,1
1279,2024-09,1
1279,2024-10,1
1279,2024-11,1
1279,2024-12,1
1280,2023-01,1
1280,2023-02,1
1280,2023-03,1
1280,2023-04,1
1280,2023-05,1
1280,2023-06,1
1280,2023-07,1
1280,2023-08,1
1280,2023-09,1
1280,2023-10,1
1280,2023-11,1
1280,2023-12,1
1280,2024-01,1
1280,2024-02,1
1280,2024-03,1
1280,2024-04,1
1280,2024-05,1
1280,2024-06,1
1280,2024-07,1
1280,2024-08,1
1280,2024-09,1
1280,2024-10,1
1280,2024-11,1
1280,2024-12,1
1281,2023-01,1
1281,2023-02,1
1281,2023-03,1
1281,2023-04,1
1281,2023-05,1
1281,2023-06,1
1281,2023-07,1
1281,2023-08,1
1281,2023-09,1
1281,2023-10,1
1281,2023-11,1
1281,2023-12,1
1281,2024-01,1
1281,2024-02,1
1281,2024-03,1
1281,2024-04,1
1281,2024-05,1
1281,2024-06,1
1281,2024-07,1
1281,2024-08,1
1281,2024-09,1
1281,2024-10,1
1281,2024-11,1
1281,2024-12,1
1282,2023-01,1
1282,2023-02,1
1282,2023-03,1
1282,2023-04,1
1282,2023-05,1
1282,2023-06,1
1282,2023-07,1
1282,2023-08,1
1282,2023-09,1
1282,2023-10,1
1282,2023-11,1
1282,2023-12,1
1282,2024-01,1
1282,2024-02,1
1282,2024-03,1
1282,2024-04,1
1282,2024-05,1
1282,2024-06,1
1282,2024-07,1
1282,2024-08,1
1282,2024-09,1
1282,2024-10,1
1282,2024-11,1
1282,2024-12,1
1284,2023-01,1
1284,2023-02,1
1284,2023-03,1
1284,2023-04,1
1284,2023-05,1
1284,2023-06,1
1284,2023-07,1
1284,2023-08,1
1284,2023-09,1
1284,2023-10,1
1284,2023-11,1
1284,2023-12,1
1284,2024-01,1
1284,2024-02,1
1284,2024-03,1
1284,2024-04,1
1284,2024-05,1
1284,2024-06,1
1284,2024-07,1
1284,2024-08,1
1284,2024-09,1
1284,2024-10,1
1284,2024-11,1
1284,2024-12,1
1285,2023-01,1
1285,2023-02,1
1285,2023-03,1
1285,2023-04,1
1285,2023-05,1
1285,2023-06,1
1285,2023-07,1
1285,2023-08,1
1285,2023-09,1
1285,2023-10,1
1285,2023-11,1
1285,2023-12,1
1285,2024-01,1
1285,2024-02,1
1285,2024-03,1
1285,2024-04,1
1285,2024-05,1
1285,2024-06,1
1285,2024-07,1
1285,2024-08,1
1285,2024-09,1
1285,2024-10,1
1285,2024-11,1
1285,2024-12,1
1286,2023-01,1
1286,2023-02,1
1286,2023-03,1
1286,2023-04,1
1286,2023-05,1
1286,2023-06,1
1286,2023-07,1
1286,2023-08,1
1286,2023-09,1
1286,2023-10,1
1286,2023-11,1
1286,2023-12,1
1286,2024-01,1
1286,2024-02,1
1286,2024-03,1
1286,2024-04,1
1286,2024-05,1
1286,2024-06,1
1286,2024-07,1
1286,2024-08,1
1286,2024-09,1
1286,2024-10,1
1286,2024-11,1
1286,2024-12,1
1287,2023-01,1
1287,2023-02,1
1287,2023-03,1
1287,2023-04,1
1287,2023-05,1
1287,2023-06,1
1287,2023-07,1
1287,2023-08,1
1287,2023-09,1
1287,2023-10,1
1287,2023-11,1
1287,2023-12,1
1287,2024-01,1
1287,2024-02,1
1287,2024-03,1
1287,2024-04,1
1287,2024-05,1
1287,2024-06,1
1287,2024-07,1
1287,2024-08,1
1287,2024-09,1
1287,2024-10,1
1287,2024-11,1
1287,2024-12,1
1288,2023-01,1
1288,2023-02,1
1288,2023-03,1
1288,2023-04,1
1288,2023-05,1
1288,2023-06,1
1288,2023-07,1
1288,2023-08,1
1288,2023-09,1
1288,2023-10,1
1288,2023-11,1
1288,2023-12,1
1288,2024-01,1
1288,2024-02,1
1288,2024-03,1
1288,2024-04,1
1288,2024-05,1
1288,2024-06,1
1288,2024-07,1
1288,2024-08,1
1288,2024-09,1
1288,2024-10,1
1288,2024-11,1
1288,2024-12,1
1289,2023-01,1
1289,2023-02,1
1289,2023-03,1
1289,2023-04,1
1289,2023-05,1
1289,2023-06,1
1289,2023-07,1
1289,2023-08,1
1289,2023-09,1
1289,2023-10,1
1289,2023-11,1
1289,2023-12,1
1289,2024-01,1
1289,2024-02,1
1289,2024-03,1
1289,2024-04,1
1289,2024-05,1
1289,2024-06,1
1289,2024-07,1
1289,2024-08,1
1289,2024-09,1
1289,2024-10,1
1289,2024-11,1
1289,2024-12,1
1290,2023-01,1
1290,2023-02,1
1290,2023-03,1
1290,2023-04,1
1290,2023-05,1
1290,2023-06,1
1290,2023-07,1
1290,2023-08,1
1290,2023-09,1
1290,2023-10,1
1290,2023-11,1
1290,2023-12,1
1290,2024-01,1
1290,2024-02,1
1290,2024-03,1
1290,2024-04,1
1290,2024-05,1
1290,2024-06,1
1290,2024-07,1
1290,2024-08,1
1290,2024-09,1
1290,2024-10,1
1290,2024-11,1
1290,2024-12,1
1291,2023-01,1
1291,2023-02,1
1291,2023-03,1
1291,2023-04,1
1291,2023-05,1
1291,2023-06,1
1291,2023-07,1
1291,2023-08,1
1291,2023-09,1
1291,2023-10,1
1291,2023-11,1
1291,2023-12,1
1291,2024-01,1
1291,2024-02,1
1291,2024-03,1
1291,2024-04,1
1291,2024-05,1
1291,2024-06,1
1291,2024-07,1
1291,2024-08,1
1291,2024-09,1
1291,2024-10,1
1291,2024-11,1
1291,2024-12,1
1292,2023-01,1
1292,2023-02,1
1292,2023-03,1
1292,2023-04,1
1292,2023-05,1
1292,2023-06,1
1292,2023-07,1
1292,2023-08,1
1292,2023-09,1
1292,2023-10,1
1292,2023-11,1
1292,2023-12,1
1292,2024-01,1
1292,2024-02,1
1292,2024-03,1
1292,2024-04,1
1292,2024-05,1
1292,2024-06,1
1292,2024-07,1
1292,2024-08,1
1292,2024-09,1
1292,2024-10,1
1292,2024-11,1
1292,2024-12,1
1293,2023-01,1
1293,2023-02,1
1293,2023-03,1
1293,2023-04,1
1293,2023-05,1
1293,2023-06,1
1293,2023-07,1
1293,2023-08,1
1293,2023-09,1
1293,2023-10,1
1293,2023-11,1
1293,2023-12,1
1293,2024-01,1
1293,2024-02,1
1293,2024-03,1
1293,2024-04,1
1293,2024-05,1
1293,2024-06,1
1293,2024-07,1
1293,2024-08,1
1293,2024-09,1
1293,2024-10,1
1293,2024-11,1
1293,2024-12,1
1294,2023-01,1
1294,2023-02,1
1294,2023-03,1
1294,2023-04,1
1294,2023-05,1
1294,2023-06,1
1294,2023-07,1
1294,2023-08,1
1294,2023-09,1
1294,2023-10,1
1294,2023-11,1
1294,2023-12,1
1294,2024-01,1
1294,2024-02,1
1294,2024-03,1
1294,2024-04,1
1294,2024-05,1
1294,2024-06,1
1294,2024-07,1
1294,2024-08,1
1294,2024-09,1
1294,2024-10,1
1294,2024-11,1
1294,2024-12,1
1295,2023-01,1
1295,2023-02,1
1295,2023-03,1
1295,2023-04,1
1295,2023-05,1
1295,2023-06,1
1295,2023-07,1
1295,2023-08,1
1295,2023-09,1
1295,2023-10,1
1295,2023-11,1
1295,2023-12,1
1295,2024-01,1
1295,2024-02,1
1295,2024-03,1
1295,2024-04,1
1295,2024-05,1
1295,2024-06,1
1295,2024-07,1
1295,2024-08,1
1295,2024-09,1
1295,2024-10,1
1295,2024-11,1
1295,2024-12,1
1296,2023-01,1
1296,2023-02,1
1296,2023-03,1
1296,2023-04,1
1296,2023-05,1
1296,2023-06,1
1296,2023-07,1
1296,2023-08,1
1296,2023-09,1
1296,2023-10,1
1296,2023-11,1
1296,2023-12,1
1296,2024-01,1
1296,2024-02,1
1296,2024-03,1
1296,2024-04,1
1296,2024-05,1
1296,2024-06,1
1296,2024-07,1
1296,2024-08,1
1296,2024-09,1
1296,2024-10,1
1296,2024-11,1
1296,2024-12,1
1298,2023-01,1
1298,2023-02,1
1298,2023-03,1
1298,2023-04,1
1298,2023-05,1
1298,2023-06,1
1298,2023-07,1
1298,2023-08,1
1298,2023-09,1
1298,2023-10,1
1298,2023-11,1
1298,2023-12,1
1298,2024-01,1
1298,2024-02,1
1298,2024-03,1
1298,2024-04,1
1298,2024-05,1
1298,2024-06,1
1298,2024-07,1
1298,2024-08,1
1298,2024-09,1
1298,2024-10,1
1298,2024-11,1
1298,2024-12,1
1299,2023-01,1
1299,2023-02,1
1299,2023-03,1
1299,2023-04,1
1299,2023-05,1
1299,2023-06,1
1299,2023-07,1
1299,2023-08,1
1299,2023-09,1
1299,2023-10,1
1299,2023-11,1
1299,2023-12,1
1299,2024-01,1
1299,2024-02,1
1299,2024-03,1
1299,2024-04,1
1299,2024-05,1
1299,2024-06,1
1299,2024-07,1
1299,2024-08,1
1299,2024-09,1
1299,2024-10,1
1299,2024-11,1
1299,2024-12,1
1300,2023-01,1
1300,2023-02,1
1300,2023-03,1
1300,2023-04,1
1300,2023-05,1
1300,2023-06,1
1300,2023-07,1
1300,2023-08,1
1300,2023-09,1
1300,2023-10,1
1300,2023-11,1
1300,2023-12,1
1300,2024-01,1
1300,2024-02,1
1300,2024-03,1
1300,2024-04,1
1300,2024-05,1
1300,2024-06,1
1300,2024-07,1
1300,2024-08,1
1300,2024-09,1
1300,2024-10,1
1300,2024-11,1
1300,2024-12,1
1301,2023-01,1
1301,2023-02,1
1301,2023-03,1
1301,2023-04,1
1301,2023-05,1
1301,2023-06,1
1301,2023-07,1
1301,2023-08,1
1301,2023-09,1
1301,2023-10,1
1301,2023-11,1
1301,2023-12,1
1301,2024-01,1
1301,2024-02,1
1301,2024-03,1
1301,2024-04,1
1301,2024-05,1
1301,2024-06,1
1301,2024-07,1
1301,2024-08,1
1301,2024-09,1
1301,2024-10,1
1301,2024-11,1
1301,2024-12,1
1302,2023-01,1
1302,2023-02,1
1302,2023-03,1
1302,2023-04,1
1302,2023-05,1
1302,2023-06,1
1302,2023-07,1
1302,2023-08,1
1302,2023-09,1
1302,2023-10,1
1302,2023-11,1
1302,2023-12,1
1302,2024-01,1
1302,2024-02,1
1302,2024-03,1
1302,2024-04,1
1302,2024-05,1
1302,2024-06,1
1302,2024-07,1
1302,2024-08,1
1302,2024-09,1
1302,2024-10,1
1302,2024-11,1
1302,2024-12,1
1303,2023-01,2
1303,2023-02,2
1303,2023-03,2
1303,2023-04,2
1303,2023-05,2
1303,2023-06,2
1303,2023-07,2
1303,2023-08,2
1303,2023-09,2
1303,2023-10,2
1303,2023-11,2
1303,2023-12,2
1303,2024-01,2
1303,2024-02,2
1303,2024-03,2
1303,2024-04,2
1303,2024-05,2
1303,2024-06,2
1303,2024-07,2
1303,2024-08,2
1303,2024-09,2
1303,2024-10,2
1303,2024-11,2
1303,2024-12,2
1304,2023-01,1
1304,2023-02,1
1304,2023-03,1
1304,2023-04,1
1304,2023-05,1
1304,2023-06,1
1304,2023-07,1
1304,2023-08,1
1304,2023-09,1
1304,2023-10,1
1304,2023-11,1
1304,2023-12,1
1304,2024-01,1
1304,2024-02,1
1304,2024-03,1
1304,2024-04,1
1304,2024-05,1
1304,2024-06,1
1304,2024-07,1
1304,2024-08,1
1304,2024-09,1
1304,2024-10,1
1304,2024-11,1
1304,2024-12,1
1305,2023-01,1
1305,2023-02,1
1305,2023-03,1
1305,2023-04,1
1305,2023-05,1
1305,2023-06,1
1305,2023-07,1
1305,2023-08,1
1305,2023-09,1
1305,2023-10,1
1305,2023-11,1
1305,2023-12,1
1305,2024-01,1
1305,2024-02,1
1305,2024-03,1
1305,2024-04,1
1305,2024-05,1
1305,2024-06,1
1305,2024-07,1
1305,2024-08,1
1305,2024-09,1
1305,2024-10,1
1305,2024-11,1
1305,2024-12,1
1306,2023-01,1
1306,2023-02,1
1306,2023-03,1
1306,2023-04,1
1306,2023-05,1
1306,2023-06,1
1306,2023-07,1
1306,2023-08,1
1306,2023-09,1
1306,2023-10,1
1306,2023-11,1
1306,2023-12,1
1306,2024-01,1
1306,2024-02,1
1306,2024-03,1
1306,2024-04,1
1306,2024-05,1
1306,2024-06,1
1306,2024-07,1
1306,2024-08,1
1306,2024-09,1
1306,2024-10,1
1306,2024-11,1
1306,2024-12,1
1308,2023-01,1
1308,2023-02,1
1308,2023-03,1
1308,2023-04,1
1308,2023-05,1
1308,2023-06,1
1308,2023-07,1
1308,2023-08,1
1308,2023-09,1
1308,2023-10,1
1308,2023-11,1
1308,2023-12,1
1308,2024-01,1
1308,2024-02,1
1308,2024-03,1
1308,2024-04,1
1308,2024-05,1
1308,2024-06,1
1308,2024-07,1
1308,2024-08,1
1308,2024-09,1
1308,2024-10,1
1308,2024-11,1
1308,2024-12,1
1309,2023-01,1
1309,2023-02,1
1309,2023-03,1
1309,2023-04,1
1309,2023-05,1
1309,2023-06,1
1309,2023-07,1
1309,2023-08,1
1309,2023-09,1
1309,2023-10,1
1309,2023-11,1
1309,2023-12,1
1309,2024-01,1
1309,2024-02,1
1309,2024-03,1
1309,2024-04,1
1309,2024-05,1
1309,2024-06,1
1309,2024-07,1
1309,2024-08,1
1309,2024-09,1
1309,2024-10,1
1309,2024-11,1
1309,2024-12,1
1310,2023-01,1
1310,2023-02,1
1310,2023-03,1
1310,2023-04,1
1310,2023-05,1
1310,2023-06,1
1310,2023-07,1
1310,2023-08,1
1310,2023-09,1
1310,2023-10,1
1310,2023-11,1
1310,2023-12,1
1310,2024-01,1
1310,2024-02,1
1310,2024-03,1
1310,2024-04,1
1310,2024-05,1
1310,2024-06,1
1310,2024-07,1
1310,2024-08,1
1310,2024-09,1
1310,2024-10,1
1310,2024-11,1
1310,2024-12,1
1311,2023-01,1
1311,2023-02,1
1311,2023-03,1
1311,2023-04,1
1311,2023-05,1
1311,2023-06,1
1311,2023-07,1
1311,2023-08,1
1311,2023-09,1
1311,2023-10,1
1311,2023-11,1
1311,2023-12,1
1311,2024-01,1
1311,2024-02,1
1311,2024-03,1
1311,2024-04,1
1311,2024-05,1
1311,2024-06,1
1311,2024-07,1
1311,2024-08,1
1311,2024-09,1
1311,2024-10,1
1311,2024-11,1
1311,2024-12,1
1312,2023-01,1
1312,2023-02,1
1312,2023-03,1
1312,2023-04,1
1312,2023-05,1
1312,2023-06,1
1312,2023-07,1
1312,2023-08,1
1312,2023-09,1
1312,2023-10,1
1312,2023-11,1
1312,2023-12,1
1312,2024-01,1
1312,2024-02,1
1312,2024-03,1
1312,2024-04,1
1312,2024-05,1
1312,2024-06,1
1312,2024-07,1
1312,2024-08,1
1312,2024-09,1
1312,2024-10,1
1312,2024-11,1
1312,2024-12,1
1313,2023-01,1
1313,2023-02,1
1313,2023-03,1
1313,2023-04,1
1313,2023-05,1
1313,2023-06,1
1313,2023-07,1
1313,2023-08,1
1313,2023-09,1
1313,2023-10,1
1313,2023-11,1
1313,2023-12,1
1313,2024-01,1
1313,2024-02,1
1313,2024-03,1
1313,2024-04,1
1313,2024-05,1
1313,2024-06,1
1313,2024-07,1
1313,2024-08,1
1313,2024-09,1
1313,2024-10,1
1313,2024-11,1
1313,2024-12,1
1314,2023-01,1
1314,2023-02,1
1314,2023-03,1
1314,2023-04,1
1314,2023-05,1
1314,2023-06,1
1314,2023-07,1
1314,2023-08,1
1314,2023-09,1
1314,2023-10,1
1314,2023-11,1
1314,2023-12,1
1314,2024-01,1
1314,2024-02,1
1314,2024-03,1
1314,2024-04,1
1314,2024-05,1
1314,2024-06,1
1314,2024-07,1
1314,2024-08,1
1314,2024-09,1
1314,2024-10,1
1314,2024-11,1
1314,2024-12,1
1315,2023-01,2
1315,2023-02,2
1315,2023-03,2
1315,2023-04,2
1315,2023-05,2
1315,2023-06,2
1315,2023-07,2
1315,2023-08,2
1315,2023-09,2
1315,2023-10,2
1315,2023-11,2
1315,2023-12,2
1315,2024-01,2
1315,2024-02,2
1315,2024-03,2
1315,2024-04,2
1315,2024-05,2
1315,2024-06,2
1315,2024-07,2
1315,2024-08,2
1315,2024-09,2
1315,2024-10,2
1315,2024-11,2
1315,2024-12,2
1316,2023-01,1
1316,2023-02,1
1316,2023-03,1
1316,2023-04,1
1316,2023-05,1
1316,2023-06,1
1316,2023-07,1
1316,2023-08,1
1316,2023-09,1
1316,2023-10,1
1316,2023-11,1
1316,2023-12,1
1316,2024-01,1
1316,2024-02,1
1316,2024-03,1
1316,2024-04,1
1316,2024-05,1
1316,2024-06,1
1316,2024-07,1
1316,2024-08,1
1316,2024-09,1
1316,2024-10,1
1316,2024-11,1
1316,2024-12,1
1317,2023-01,1
1317,2023-02,1
1317,2023-03,1
1317,2023-04,1
1317,2023-05,1
1317,2023-06,1
1317,2023-07,1
1317,2023-08,1
1317,2023-09,1
1317,2023-10,1
1317,2023-11,1
1317,2023-12,1
1317,2024-01,1
1317,2024-02,1
1317,2024-03,1
1317,2024-04,1
1317,2024-05,1
1317,2024-06,1
1317,2024-07,1
1317,2024-08,1
1317,2024-09,1
1317,2024-10,1
1317,2024-11,1
1317,2024-12,1
1319,2023-01,1
1319,2023-02,1
1319,2023-03,1
1319,2023-04,1
1319,2023-05,1
1319,2023-06,1
1319,2023-07,1
1319,2023-08,1
1319,2023-09,1
1319,2023-10,1
1319,2023-11,1
1319,2023-12,1
1319,2024-01,1
1319,2024-02,1
1319,2024-03,1
1319,2024-04,1
1319,2024-05,1
1319,2024-06,1
1319,2024-07,1
1319,2024-08,1
1319,2024-09,1
1319,2024-10,1
1319,2024-11,1
1319,2024-12,1
1320,2023-01,1
1320,2023-02,1
1320,2023-03,1
1320,2023-04,1
1320,2023-05,1
1320,2023-06,1
1320,2023-07,1
1320,2023-08,1
1320,2023-09,1
1320,2023-10,1
1320,2023-11,1
1320,2023-12,1
1320,2024-01,1
1320,2024-02,1
1320,2024-03,1
1320,2024-04,1
1320,2024-05,1
1320,2024-06,1
1320,2024-07,1
1320,2024-08,1
1320,2024-09,1
1320,2024-10,1
1320,2024-11,1
1320,2024-12,1
1321,2023-01,1
1321,2023-02,1
1321,2023-03,1
1321,2023-04,1
1321,2023-05,1
1321,2023-06,1
1321,2023-07,1
1321,2023-08,1
1321,2023-09,1
1321,2023-10,1
1321,2023-11,1
1321,2023-12,1
1321,2024-01,1
1321,2024-02,1
1321,2024-03,1
1321,2024-04,1
1321,2024-05,1
1321,2024-06,1
1321,2024-07,1
1321,2024-08,1
1321,2024-09,1
1321,2024-10,1
1321,2024-11,1
1321,2024-12,1
1322,2023-01,1
1322,2023-02,1
1322,2023-03,1
1322,2023-04,1
1322,2023-05,1
1322,2023-06,1
1322,2023-07,1
1322,2023-08,1
1322,2023-09,1
1322,2023-10,1
1322,2023-11,1
1322,2023-12,1
1322,2024-01,1
1322,2024-02,1
1322,2024-03,1
1322,2024-04,1
1322,2024-05,1
1322,2024-06,1
1322,2024-07,1
1322,2024-08,1
1322,2024-09,1
1322,2024-10,1
1322,2024-11,1
1322,2024-12,1
1323,2023-01,1
1323,2023-02,1
1323,2023-03,1
1323,2023-04,1
1323,2023-05,1
1323,2023-06,1
1323,2023-07,1
1323,2023-08,1
1323,2023-09,1
1323,2023-10,1
1323,2023-11,1
1323,2023-12,1
1323,2024-01,1
1323,2024-02,1
1323,2024-03,1
1323,2024-04,1
1323,2024-05,1
1323,2024-06,1
1323,2024-07,1
1323,2024-08,1
1323,2024-09,1
1323,2024-10,1
1323,2024-11,1
1323,2024-12,1
1324,2023-01,1
1324,2023-02,1
1324,2023-03,1
1324,2023-04,1
1324,2023-05,1
1324,2023-06,1
1324,2023-07,1
1324,2023-08,1
1324,2023-09,1
1324,2023-10,1
1324,2023-11,1
1324,2023-12,1
1324,2024-01,1
1324,2024-02,1
1324,2024-03,1
1324,2024-04,1
1324,2024-05,1
1324,2024-06,1
1324,2024-07,1
1324,2024-08,1
1324,2024-09,1
1324,2024-10,1
1324,2024-11,1
1324,2024-12,1
1325,2023-01,1
1325,2023-02,1
1325,2023-03,1
1325,2023-04,1
1325,2023-05,1
1325,2023-06,1
1325,2023-07,1
1325,2023-08,1
1325,2023-09,1
1325,2023-10,1
1325,2023-11,1
1325,2023-12,1
1325,2024-01,1
1325,2024-02,1
1325,2024-03,1
1325,2024-04,1
1325,2024-05,1
1325,2024-06,1
1325,2024-07,1
1325,2024-08,1
1325,2024-09,1
1325,2024-10,1
1325,2024-11,1
1325,2024-12,1
1326,2023-01,1
1326,2023-02,1
1326,2023-03,1
1326,2023-04,1
1326,2023-05,1
1326,2023-06,1
1326,2023-07,1
1326,2023-08,1
1326,2023-09,1
1326,2023-10,1
1326,2023-11,1
1326,2023-12,1
1326,2024-01,1
1326,2024-02,1
1326,2024-03,1
1326,2024-04,1
1326,2024-05,1
1326,2024-06,1
1326,2024-07,1
1326,2024-08,1
1326,2024-09,1
1326,2024-10,1
1326,2024-11,1
1326,2024-12,1
1327,2023-01,1
1327,2023-02,1
1327,2023-03,1
1327,2023-04,1
1327,2023-05,1
1327,2023-06,1
1327,2023-07,1
1327,2023-08,1
1327,2023-09,1
1327,2023-10,1
1327,2023-11,1
1327,2023-12,1
1327,2024-01,1
1327,2024-02,1
1327,2024-03,1
1327,2024-04,1
1327,2024-05,1
1327,2024-06,1
1327,2024-07,1
1327,2024-08,1
1327,2024-09,1
1327,2024-10,1
1327,2024-11,1
1327,2024-12,1
1328,2023-01,1
1328,2023-02,1
1328,2023-03,1
1328,2023-04,1
1328,2023-05,1
1328,2023-06,1
1328,2023-07,1
1328,2023-08,1
1328,2023-09,1
1328,2023-10,1
1328,2023-11,1
1328,2023-12,1
1328,2024-01,1
1328,2024-02,1
1328,2024-03,1
1328,2024-04,1
1328,2024-05,1
1328,2024-06,1
1328,2024-07,1
1328,2024-08,1
1328,2024-09,1
1328,2024-10,1
1328,2024-11,1
1328,2024-12,1
1329,2023-01,1
1329,2023-02,1
1329,2023-03,1
1329,2023-04,1
1329,2023-05,1
1329,2023-06,1
1329,2023-07,1
1329,2023-08,1
1329,2023-09,1
1329,2023-10,1
1329,2023-11,1
1329,2023-12,1
1329,2024-01,1
1329,2024-02,1
1329,2024-03,1
1329,2024-04,1
1329,2024-05,1
1329,2024-06,1
1329,2024-07,1
1329,2024-08,1
1329,2024-09,1
1329,2024-10,1
1329,2024-11,1
1329,2024-12,1
1330,2023-01,1
1330,2023-02,1
1330,2023-03,1
1330,2023-04,1
1330,2023-05,1
1330,2023-06,1
1330,2023-07,1
1330,2023-08,1
1330,2023-09,1
1330,2023-10,1
1330,2023-11,1
1330,2023-12,1
1330,2024-01,1
1330,2024-02,1
1330,2024-03,1
1330,2024-04,1
1330,2024-05,1
1330,2024-06,1
1330,2024-07,1
1330,2024-08,1
1330,2024-09,1
1330,2024-10,1
1330,2024-11,1
1330,2024-12,1
1331,2023-01,1
1331,2023-02,1
1331,2023-03,1
1331,2023-04,1
1331,2023-05,1
1331,2023-06,1
1331,2023-07,1
1331,2023-08,1
1331,2023-09,1
1331,2023-10,1
1331,2023-11,1
1331,2023-12,1
1331,2024-01,1
1331,2024-02,1
1331,2024-03,1
1331,2024-04,1
1331,2024-05,1
1331,2024-06,1
1331,2024-07,1
1331,2024-08,1
1331,2024-09,1
1331,2024-10,1
1331,2024-11,1
1331,2024-12,1
1333,2023-01,2
1333,2023-02,2
1333,2023-03,2
1333,2023-04,2
1333,2023-05,2
1333,2023-06,2
1333,2023-07,2
1333,2023-08,2
1333,2023-09,2
1333,2023-10,2
1333,2023-11,2
1333,2023-12,2
1333,2024-01,2
1333,2024-02,2
1333,2024-03,2
1333,2024-04,2
1333,2024-05,2
1333,2024-06,2
1333,2024-07,2
1333,2024-08,2
1333,2024-09,2
1333,2024-10,2
1333,2024-11,2
1333,2024-12,2
1334,2023-01,2
1334,2023-02,2
1334,2023-03,2
1334,2023-04,2
1334,2023-05,2
1334,2023-06,2
1334,2023-07,2
1334,2023-08,2
1334,2023-09,2
1334,2023-10,2
1334,2023-11,2
1334,2023-12,2
1334,2024-01,2
1334,2024-02,2
1334,2024-03,2
1334,2024-04,2
1334,2024-05,2
1334,2024-06,2
1334,2024-07,2
1334,2024-08,2
1334,2024-09,2
1334,2024-10,2
1334,2024-11,2
1334,2024-12,2
1335,2023-01,1
1335,2023-02,1
1335,2023-03,1
1335,2023-04,1
1335,2023-05,1
1335,2023-06,1
1335,2023-07,1
1335,2023-08,1
1335,2023-09,1
1335,2023-10,1
1335,2023-11,1
1335,2023-12,1
1335,2024-01,1
1335,2024-02,1
1335,2024-03,1
1335,2024-04,1
1335,2024-05,1
1335,2024-06,1
1335,2024-07,1
1335,2024-08,1
1335,2024-09,1
1335,2024-10,1
1335,2024-11,1
1335,2024-12,1
1336,2023-01,1
1336,2023-02,1
1336,2023-03,1
1336,2023-04,1
1336,2023-05,1
1336,2023-06,1
1336,2023-07,1
1336,2023-08,1
1336,2023-09,1
1336,2023-10,1
1336,2023-11,1
1336,2023-12,1
1336,2024-01,1
1336,2024-02,1
1336,2024-03,1
1336,2024-04,1
1336,2024-05,1
1336,2024-06,1
1336,2024-07,1
1336,2024-08,1
1336,2024-09,1
1336,2024-10,1
1336,2024-11,1
1336,2024-12,1
1339,2023-01,1
1339,2023-02,1
1339,2023-03,1
1339,2023-04,1
1339,2023-05,1
1339,2023-06,1
1339,2023-07,1
1339,2023-08,1
1339,2023-09,1
1339,2023-10,1
1339,2023-11,1
1339,2023-12,1
1339,2024-01,1
1339,2024-02,1
1339,2024-03,1
1339,2024-04,1
1339,2024-05,1
1339,2024-06,1
1339,2024-07,1
1339,2024-08,1
1339,2024-09,1
1339,2024-10,1
1339,2024-11,1
1339,2024-12,1
1340,2023-01,1
1340,2023-02,1
1340,2023-03,1
1340,2023-04,1
1340,2023-05,1
1340,2023-06,1
1340,2023-07,1
1340,2023-08,1
1340,2023-09,1
1340,2023-10,1
1340,2023-11,1
1340,2023-12,1
1340,2024-01,1
1340,2024-02,1
1340,2024-03,1
1340,2024-04,1
1340,2024-05,1
1340,2024-06,1
1340,2024-07,1
1340,2024-08,1
1340,2024-09,1
1340,2024-10,1
1340,2024-11,1
1340,2024-12,1
1343,2023-01,1
1343,2023-02,1
1343,2023-03,1
1343,2023-04,1
1343,2023-05,1
1343,2023-06,1
1343,2023-07,1
1343,2023-08,1
1343,2023-09,1
1343,2023-10,1
1343,2023-11,1
1343,2023-12,1
1343,2024-01,1
1343,2024-02,1
1343,2024-03,1
1343,2024-04,1
1343,2024-05,1
1343,2024-06,1
1343,2024-07,1
1343,2024-08,1
1343,2024-09,1
1343,2024-10,1
1343,2024-11,1
1343,2024-12,1
1344,2023-01,1
1344,2023-02,1
1344,2023-03,1
1344,2023-04,1
1344,2023-05,1
1344,2023-06,1
1344,2023-07,1
1344,2023-08,1
1344,2023-09,1
1344,2023-10,1
1344,2023-11,1
1344,2023-12,1
1344,2024-01,1
1344,2024-02,1
1344,2024-03,1
1344,2024-04,1
1344,2024-05,1
1344,2024-06,1
1344,2024-07,1
1344,2024-08,1
1344,2024-09,1
1344,2024-10,1
1344,2024-11,1
1344,2024-12,1
1345,2023-01,1
1345,2023-02,1
1345,2023-03,1
1345,2023-04,1
1345,2023-05,1
1345,2023-06,1
1345,2023-07,1
1345,2023-08,1
1345,2023-09,1
1345,2023-10,1
1345,2023-11,1
1345,2023-12,1
1345,2024-01,1
1345,2024-02,1
1345,2024-03,1
1345,2024-04,1
1345,2024-05,1
1345,2024-06,1
1345,2024-07,1
1345,2024-08,1
1345,2024-09,1
1345,2024-10,1
1345,2024-11,1
1345,2024-12,1
1346,2023-01,1
1346,2023-02,1
1346,2023-03,1
1346,2023-04,1
1346,2023-05,1
1346,2023-06,1
1346,2023-07,1
1346,2023-08,1
1346,2023-09,1
1346,2023-10,1
1346,2023-11,1
1346,2023-12,1
1346,2024-01,1
1346,2024-02,1
1346,2024-03,1
1346,2024-04,1
1346,2024-05,1
1346,2024-06,1
1346,2024-07,1
1346,2024-08,1
1346,2024-09,1
1346,2024-10,1
1346,2024-11,1
1346,2024-12,1
1347,2023-01,1
1347,2023-02,1
1347,2023-03,1
1347,2023-04,1
1347,2023-05,1
1347,2023-06,1
1347,2023-07,1
1347,2023-08,1
1347,2023-09,1
1347,2023-10,1
1347,2023-11,1
1347,2023-12,1
1347,2024-01,1
1347,2024-02,1
1347,2024-03,1
1347,2024-04,1
1347,2024-05,1
1347,2024-06,1
1347,2024-07,1
1347,2024-08,1
1347,2024-09,1
1347,2024-10,1
1347,2024-11,1
1347,2024-12,1
1348,2023-01,1
1348,2023-02,1
1348,2023-03,1
1348,2023-04,1
1348,2023-05,1
1348,2023-06,1
1348,2023-07,1
1348,2023-08,1
1348,2023-09,1
1348,2023-10,1
1348,2023-11,1
1348,2023-12,1
1348,2024-01,1
1348,2024-02,1
1348,2024-03,1
1348,2024-04,1
1348,2024-05,1
1348,2024-06,1
1348,2024-07,1
1348,2024-08,1
1348,2024-09,1
1348,2024-10,1
1348,2024-11,1
1348,2024-12,1
1349,2023-01,1
1349,2023-02,1
1349,2023-03,1
1349,2023-04,1
1349,2023-05,1
1349,2023-06,1
1349,2023-07,1
1349,2023-08,1
1349,2023-09,1
1349,2023-10,1
1349,2023-11,1
1349,2023-12,1
1349,2024-01,1
1349,2024-02,1
1349,2024-03,1
1349,2024-04,1
1349,2024-05,1
1349,2024-06,1
1349,2024-07,1
1349,2024-08,1
1349,2024-09,1
1349,2024-10,1
1349,2024-11,1
1349,2024-12,1
1351,2023-01,1
1351,2023-02,1
1351,2023-03,1
1351,2023-04,1
1351,2023-05,1
1351,2023-06,1
1351,2023-07,1
1351,2023-08,1
1351,2023-09,1
1351,2023-10,1
1351,2023-11,1
1351,2023-12,1
1351,2024-01,1
1351,2024-02,1
1351,2024-03,1
1351,2024-04,1
1351,2024-05,1
1351,2024-06,1
1351,2024-07,1
1351,2024-08,1
1351,2024-09,1
1351,2024-10,1
1351,2024-11,1
1351,2024-12,1
1352,2023-01,1
1352,2023-02,1
1352,2023-03,1
1352,2023-04,1
1352,2023-05,1
1352,2023-06,1
1352,2023-07,1
1352,2023-08,1
1352,2023-09,1
1352,2023-10,1
1352,2023-11,1
1352,2023-12,1
1352,2024-01,1
1352,2024-02,1
1352,2024-03,1
1352,2024-04,1
1352,2024-05,1
1352,2024-06,1
1352,2024-07,1
1352,2024-08,1
1352,2024-09,1
1352,2024-10,1
1352,2024-11,1
1352,2024-12,1
1353,2023-01,1
1353,2023-02,1
1353,2023-03,1
1353,2023-04,1
1353,2023-05,1
1353,2023-06,1
1353,2023-07,1
1353,2023-08,1
1353,2023-09,1
1353,2023-10,1
1353,2023-11,1
1353,2023-12,1
1353,2024-01,1
1353,2024-02,1
1353,2024-03,1
1353,2024-04,1
1353,2024-05,1
1353,2024-06,1
1353,2024-07,1
1353,2024-08,1
1353,2024-09,1
1353,2024-10,1
1353,2024-11,1
1353,2024-12,1
1355,2023-01,1
1355,2023-02,1
1355,2023-03,1
1355,2023-04,1
1355,2023-05,1
1355,2023-06,1
1355,2023-07,1
1355,2023-08,1
1355,2023-09,1
1355,2023-10,1
1355,2023-11,1
1355,2023-12,1
1355,2024-01,1
1355,2024-02,1
1355,2024-03,1
1355,2024-04,1
1355,2024-05,1
1355,2024-06,1
1355,2024-07,1
1355,2024-08,1
1355,2024-09,1
1355,2024-10,1
1355,2024-11,1
1355,2024-12,1
1356,2023-01,1
1356,2023-02,1
1356,2023-03,1
1356,2023-04,1
1356,2023-05,1
1356,2023-06,1
1356,2023-07,1
1356,2023-08,1
1356,2023-09,1
1356,2023-10,1
1356,2023-11,1
1356,2023-12,1
1356,2024-01,1
1356,2024-02,1
1356,2024-03,1
1356,2024-04,1
1356,2024-05,1
1356,2024-06,1
1356,2024-07,1
1356,2024-08,1
1356,2024-09,1
1356,2024-10,1
1356,2024-11,1
1356,2024-12,1
1357,2023-01,1
1357,2023-02,1
1357,2023-03,1
1357,2023-04,1
1357,2023-05,1
1357,2023-06,1
1357,2023-07,1
1357,2023-08,1
1357,2023-09,1
1357,2023-10,1
1357,2023-11,1
1357,2023-12,1
1357,2024-01,1
1357,2024-02,1
1357,2024-03,1
1357,2024-04,1
1357,2024-05,1
1357,2024-06,1
1357,2024-07,1
1357,2024-08,1
1357,2024-09,1
1357,2024-10,1
1357,2024-11,1
1357,2024-12,1
1358,2023-01,1
1358,2023-02,1
1358,2023-03,1
1358,2023-04,1
1358,2023-05,1
1358,2023-06,1
1358,2023-07,1
1358,2023-08,1
1358,2023-09,1
1358,2023-10,1
1358,2023-11,1
1358,2023-12,1
1358,2024-01,1
1358,2024-02,1
1358,2024-03,1
1358,2024-04,1
1358,2024-05,1
1358,2024-06,1
1358,2024-07,1
1358,2024-08,1
1358,2024-09,1
1358,2024-10,1
1358,2024-11,1
1358,2024-12,1
1392,2023-01,2
1392,2023-02,2
1392,2023-03,2
1392,2023-04,2
1392,2023-05,2
1392,2023-06,2
1392,2023-07,2
1392,2023-08,2
1392,2023-09,2
1392,2023-10,2
1392,2023-11,2
1392,2023-12,2
1392,2024-01,2
1392,2024-02,2
1392,2024-03,2
1392,2024-04,2
1392,2024-05,2
1392,2024-06,2
1392,2024-07,2
1392,2024-08,2
1392,2024-09,2
1392,2024-10,2
1392,2024-11,2
1392,2024-12,2
1393,2023-01,2
1393,2023-02,2
1393,2023-03,2
1393,2023-04,2
1393,2023-05,2
1393,2023-06,2
1393,2023-07,2
1393,2023-08,2
1393,2023-09,2
1393,2023-10,2
1393,2023-11,2
1393,2023-12,1
1393,2024-01,2
1393,2024-02,2
1393,2024-03,2
1393,2024-04,2
1393,2024-05,2
1393,2024-06,2
1393,2024-07,2
1393,2024-08,2
1393,2024-09,2
1393,2024-10,2
1393,2024-11,2
1393,2024-12,2
1394,2023-01,2
1394,2023-02,2
1394,2023-03,2
1394,2023-04,2
1394,2023-05,2
1394,2023-06,2
1394,2023-07,2
1394,2023-08,2
1394,2023-09,2
1394,2023-10,2
1394,2023-11,2
1394,2023-12,2
1394,2024-01,2
1394,2024-02,2
1394,2024-03,2
1394,2024-04,2
1394,2024-05,2
1394,2024-06,2
1394,2024-07,2
1394,2024-08,2
1394,2024-09,2
1394,2024-10,2
1394,2024-11,2
1394,2024-12,2
1395,2023-01,4
1395,2023-02,4
1395,2023-03,4
1395,2023-04,4
1395,2023-05,4
1395,2023-06,4
1395,2023-07,4
1395,2023-08,4
1395,2023-09,4
1395,2023-10,4
1395,2023-11,4
1395,2023-12,4
1395,2024-01,4
1395,2024-02,4
1395,2024-03,4
1395,2024-04,4
1395,2024-05,4
1395,2024-06,4
1395,2024-07,4
1395,2024-08,4
1395,2024-09,4
1395,2024-10,4
1395,2024-11,4
1395,2024-12,4
1396,2023-01,2
1396,2023-02,2
1396,2023-03,2
1396,2023-04,2
1396,2023-05,2
1396,2023-06,2
1396,2023-07,2
1396,2023-08,2
1396,2023-09,2
1396,2023-10,2
1396,2023-11,2
1396,2023-12,2
1396,2024-01,2
1396,2024-02,2
1396,2024-03,2
1396,2024-04,2
1396,2024-05,2
1396,2024-06,2
1396,2024-07,2
1396,2024-08,2
1396,2024-09,2
1396,2024-10,2
1396,2024-11,2
1396,2024-12,2
1397,2023-01,2
1397,2023-02,2
1397,2023-03,2
1397,2023-04,4
1397,2023-05,4
1397,2023-06,4
1397,2023-07,4
1397,2023-08,4
1397,2023-09,4
1397,2023-10,4
1397,2023-11,4
1397,2023-12,4
1397,2024-01,4
1397,2024-02,4
1397,2024-03,4
1397,2024-04,4
1397,2024-05,4
1397,2024-06,4
1397,2024-07,4
1397,2024-08,4
1397,2024-09,4
1397,2024-10,4
1397,2024-11,4
1397,2024-12,4
1398,2023-01,2
1398,2023-02,2
1398,2023-03,2
1398,2023-04,2
1398,2023-05,2
1398,2023-06,2
1398,2023-07,2
1398,2023-08,2
1398,2023-09,2
1398,2023-10,2
1398,2023-11,2
1398,2023-12,2
1398,2024-01,2
1398,2024-02,2
1398,2024-03,2
1398,2024-04,2
1398,2024-05,2
1398,2024-06,2
1398,2024-07,2
1398,2024-08,2
1398,2024-09,2
1398,2024-10,2
1398,2024-11,2
1398,2024-12,2
1399,2023-01,2
1399,2023-02,2
1399,2023-03,2
1399,2023-04,2
1399,2023-05,2
1399,2023-06,2
1399,2023-07,2
1399,2023-08,2
1399,2023-09,2
1399,2023-10,2
1399,2023-11,2
1399,2023-12,2
1399,2024-01,2
1399,2024-02,2
1399,2024-03,2
1399,2024-04,2
1399,2024-05,2
1399,2024-06,2
1399,2024-07,2
1399,2024-08,2
1399,2024-09,2
1399,2024-10,2
1399,2024-11,2
1399,2024-12,2
1400,2023-01,2
1400,2023-02,2
1400,2023-03,2
1400,2023-04,2
1400,2023-05,2
1400,2023-06,2
1400,2023-07,2
1400,2023-08,2
1400,2023-09,2
1400,2023-10,2
1400,2023-11,2
1400,2023-12,2
1400,2024-01,2
1400,2024-02,2
1400,2024-03,2
1400,2024-04,2
1400,2024-05,2
1400,2024-06,2
1400,2024-07,2
1400,2024-08,2
1400,2024-09,2
1400,2024-10,2
1400,2024-11,2
1400,2024-12,2
1401,2023-01,2
1401,2023-02,2
1401,2023-03,2
1401,2023-04,2
1401,2023-05,2
1401,2023-06,2
1401,2023-07,2
1401,2023-08,2
1401,2023-09,2
1401,2023-10,2
1401,2023-11,2
1401,2023-12,2
1401,2024-01,2
1401,2024-02,2
1401,2024-03,2
1401,2024-04,2
1401,2024-05,2
1401,2024-06,2
1401,2024-07,2
1401,2024-08,2
1401,2024-09,2
1401,2024-10,2
1401,2024-11,2
1401,2024-12,2
1402,2023-01,2
1402,2023-02,2
1402,2023-03,2
1402,2023-04,4
1402,2023-05,4
1402,2023-06,4
1402,2023-07,4
1402,2023-08,4
1402,2023-09,4
1402,2023-10,4
1402,2023-11,4
1402,2023-12,4
1402,2024-01,4
1402,2024-02,4
1402,2024-03,4
1402,2024-04,4
1402,2024-05,4
1402,2024-06,4
1402,2024-07,4
1402,2024-08,4
1402,2024-09,4
1402,2024-10,4
1402,2024-11,4
1402,2024-12,4
1403,2023-01,2
1403,2023-02,2
1403,2023-03,2
1403,2023-04,2
1403,2023-05,2
1403,2023-06,2
1403,2023-07,2
1403,2023-08,2
1403,2023-09,2
1403,2023-10,2
1403,2023-11,2
1403,2023-12,2
1403,2024-01,2
1403,2024-02,2
1403,2024-03,2
1403,2024-04,2
1403,2024-05,2
1403,2024-06,2
1403,2024-07,2
1403,2024-08,2
1403,2024-09,2
1403,2024-10,2
1403,2024-11,2
1403,2024-12,2
1404,2023-01,2
1404,2023-02,2
1404,2023-03,2
1404,2023-04,2
1404,2023-05,2
1404,2023-06,2
1404,2023-07,2
1404,2023-08,2
1404,2023-09,2
1404,2023-10,2
1404,2023-11,2
1404,2023-12,2
1404,2024-01,2
1404,2024-02,2
1404,2024-03,2
1404,2024-04,2
1404,2024-05,2
1404,2024-06,2
1404,2024-07,2
1404,2024-08,2
1404,2024-09,2
1404,2024-10,2
1404,2024-11,2
1404,2024-12,2
1405,2023-01,2
1405,2023-02,2
1405,2023-03,2
1405,2023-04,2
1405,2023-05,2
1405,2023-06,2
1405,2023-07,2
1405,2023-08,2
1405,2023-09,2
1405,2023-10,2
1405,2023-11,2
1405,2023-12,2
1405,2024-01,2
1405,2024-02,2
1405,2024-03,2
1405,2024-04,2
1405,2024-05,2
1405,2024-06,2
1405,2024-07,2
1405,2024-08,2
1405,2024-09,2
1405,2024-10,2
1405,2024-11,2
1405,2024-12,2
1406,2023-01,2
1406,2023-02,2
1406,2023-03,2
1406,2023-04,2
1406,2023-05,2
1406,2023-06,2
1406,2023-07,2
1406,2023-08,2
1406,2023-09,2
1406,2023-10,2
1406,2023-11,2
1406,2023-12,2
1406,2024-01,2
1406,2024-02,2
1406,2024-03,2
1406,2024-04,2
1406,2024-05,2
1406,2024-06,2
1406,2024-07,2
1406,2024-08,2
1406,2024-09,2
1406,2024-10,2
1406,2024-11,2
1406,2024-12,2
1407,2023-01,2
1407,2023-02,2
1407,2023-03,2
1407,2023-04,2
1407,2023-05,2
1407,2023-06,2
1407,2023-07,2
1407,2023-08,2
1407,2023-09,2
1407,2023-10,2
1407,2023-11,2
1407,2023-12,2
1407,2024-01,2
1407,2024-02,2
1407,2024-03,2
1407,2024-04,2
1407,2024-05,2
1407,2024-06,2
1407,2024-07,2
1407,2024-08,2
1407,2024-09,2
1407,2024-10,2
1407,2024-11,2
1407,2024-12,2
1408,2023-01,2
1408,2023-02,2
1408,2023-03,2
1408,2023-04,2
1408,2023-05,2
1408,2023-06,2
1408,2023-07,2
1408,2023-08,2
1408,2023-09,2
1408,2023-10,2
1408,2023-11,2
1408,2023-12,2
1408,2024-01,2
1408,2024-02,2
1408,2024-03,2
1408,2024-04,2
1408,2024-05,2
1408,2024-06,2
1408,2024-07,2
1408,2024-08,2
1408,2024-09,2
1408,2024-10,2
1408,2024-11,2
1408,2024-12,2
1410,2023-01,2
1410,2023-02,2
1410,2023-03,2
1410,2023-04,2
1410,2023-05,2
1410,2023-06,2
1410,2023-07,2
1410,2023-08,2
1410,2023-09,2
1410,2023-10,2
1410,2023-11,2
1410,2023-12,2
1410,2024-01,2
1410,2024-02,2
1410,2024-03,2
1410,2024-04,2
1410,2024-05,2
1410,2024-06,2
1410,2024-07,2
1410,2024-08,2
1410,2024-09,2
1410,2024-10,2
1410,2024-11,2
1410,2024-12,2
1411,2023-01,2
1411,2023-02,2
1411,2023-03,2
1411,2023-04,2
1411,2023-05,2
1411,2023-06,2
1411,2023-07,2
1411,2023-08,2
1411,2023-09,2
1411,2023-10,2
1411,2023-11,2
1411,2023-12,2
1411,2024-01,2
1411,2024-02,2
1411,2024-03,2
1411,2024-04,2
1411,2024-05,2
1411,2024-06,2
1411,2024-07,2
1411,2024-08,2
1411,2024-09,2
1411,2024-10,2
1411,2024-11,2
1411,2024-12,2
1412,2023-01,1
1412,2023-02,1
1412,2023-03,1
1412,2023-04,1
1412,2023-05,1
1412,2023-06,1
1412,2023-07,1
1412,2023-08,1
1412,2023-09,1
1412,2023-10,1
1412,2023-11,1
1412,2023-12,1
1412,2024-01,1
1412,2024-02,1
1412,2024-03,1
1412,2024-04,1
1412,2024-05,1
1412,2024-06,1
1412,2024-07,1
1412,2024-08,1
1412,2024-09,1
1412,2024-10,1
1412,2024-11,1
1412,2024-12,1
1413,2023-01,2
1413,2023-02,2
1413,2023-03,2
1413,2023-04,2
1413,2023-05,2
1413,2023-06,2
1413,2023-07,2
1413,2023-08,2
1413,2023-09,2
1413,2023-10,2
1413,2023-11,2
1413,2023-12,2
1413,2024-01,2
1413,2024-02,2
1413,2024-03,2
1413,2024-04,2
1413,2024-05,2
1413,2024-06,2
1413,2024-07,2
1413,2024-08,2
1413,2024-09,2
1413,2024-10,2
1413,2024-11,2
1413,2024-12,2
1414,2023-01,1
1414,2023-02,1
1414,2023-03,1
1414,2023-04,1
1414,2023-05,1
1414,2023-06,1
1414,2023-07,1
1414,2023-08,1
1414,2023-09,1
1414,2023-10,1
1414,2023-11,1
1414,2023-12,1
1414,2024-01,1
1414,2024-02,1
1414,2024-03,1
1414,2024-04,1
1414,2024-05,1
1414,2024-06,1
1414,2024-07,1
1414,2024-08,1
1414,2024-09,1
1414,2024-10,1
1414,2024-11,1
1414,2024-12,1
1415,2023-01,1
1415,2023-02,1
1415,2023-03,1
1415,2023-04,1
1415,2023-05,1
1415,2023-06,1
1415,2023-07,1
1415,2023-08,1
1415,2023-09,1
1415,2023-10,1
1415,2023-11,1
1415,2023-12,1
1415,2024-01,1
1415,2024-02,1
1415,2024-03,1
1415,2024-04,1
1415,2024-05,1
1415,2024-06,1
1415,2024-07,1
1415,2024-08,1
1415,2024-09,1
1415,2024-10,1
1415,2024-11,1
1415,2024-12,1
1416,2023-01,1
1416,2023-02,1
1416,2023-03,1
1416,2023-04,1
1416,2023-05,1
1416,2023-06,1
1416,2023-07,1
1416,2023-08,1
1416,2023-09,1
1416,2023-10,1
1416,2023-11,1
1416,2023-12,1
1416,2024-01,1
1416,2024-02,1
1416,2024-03,1
1416,2024-04,1
1416,2024-05,1
1416,2024-06,1
1416,2024-07,1
1416,2024-08,1
1416,2024-09,1
1416,2024-10,1
1416,2024-11,1
1416,2024-12,1
1417,2023-01,1
1417,2023-02,1
1417,2023-03,1
1417,2023-04,1
1417,2023-05,1
1417,2023-06,1
1417,2023-07,1
1417,2023-08,1
1417,2023-09,1
1417,2023-10,1
1417,2023-11,1
1417,2023-12,1
1417,2024-01,1
1417,2024-02,1
1417,2024-03,1
1417,2024-04,1
1417,2024-05,1
1417,2024-06,1
1417,2024-07,1
1417,2024-08,1
1417,2024-09,1
1417,2024-10,1
1417,2024-11,1
1417,2024-12,1
1419,2023-01,1
1419,2023-02,1
1419,2023-03,1
1419,2023-04,1
1419,2023-05,1
1419,2023-06,1
1419,2023-07,1
1419,2023-08,1
1419,2023-09,1
1419,2023-10,1
1419,2023-11,1
1419,2023-12,1
1419,2024-01,1
1419,2024-02,1
1419,2024-03,1
1419,2024-04,1
1419,2024-05,1
1419,2024-06,1
1419,2024-07,1
1419,2024-08,1
1419,2024-09,1
1419,2024-10,1
1419,2024-11,1
1419,2024-12,1
1420,2023-01,1
1420,2023-02,1
1420,2023-03,1
1420,2023-04,1
1420,2023-05,1
1420,2023-06,1
1420,2023-07,1
1420,2023-08,1
1420,2023-09,1
1420,2023-10,1
1420,2023-11,1
1420,2023-12,1
1420,2024-01,1
1420,2024-02,1
1420,2024-03,1
1420,2024-04,1
1420,2024-05,1
1420,2024-06,1
1420,2024-07,1
1420,2024-08,1
1420,2024-09,1
1420,2024-10,1
1420,2024-11,1
1420,2024-12,1
1421,2023-01,1
1421,2023-02,1
1421,2023-03,1
1421,2023-04,1
1421,2023-05,1
1421,2023-06,1
1421,2023-07,1
1421,2023-08,1
1421,2023-09,1
1421,2023-10,1
1421,2023-11,1
1421,2023-12,1
1421,2024-01,1
1421,2024-02,1
1421,2024-03,1
1421,2024-04,1
1421,2024-05,1
1421,2024-06,1
1421,2024-07,1
1421,2024-08,1
1421,2024-09,1
1421,2024-10,1
1421,2024-11,1
1421,2024-12,1
1422,2023-01,1
1422,2023-02,1
1422,2023-03,1
1422,2023-04,1
1422,2023-05,1
1422,2023-06,1
1422,2023-07,1
1422,2023-08,1
1422,2023-09,1
1422,2023-10,1
1422,2023-11,1
1422,2023-12,1
1422,2024-01,1
1422,2024-02,1
1422,2024-03,1
1422,2024-04,1
1422,2024-05,1
1422,2024-06,1
1422,2024-07,1
1422,2024-08,1
1422,2024-09,1
1422,2024-10,1
1422,2024-11,1
1422,2024-12,1
1423,2023-01,1
1423,2023-02,1
1423,2023-03,1
1423,2023-04,1
1423,2023-05,1
1423,2023-06,1
1423,2023-07,1
1423,2023-08,1
1423,2023-09,1
1423,2023-10,1
1423,2023-11,1
1423,2023-12,1
1423,2024-01,1
1423,2024-02,1
1423,2024-03,1
1423,2024-04,1
1423,2024-05,1
1423,2024-06,1
1423,2024-07,1
1423,2024-08,1
1423,2024-09,1
1423,2024-10,1
1423,2024-11,1
1423,2024-12,1
1425,2023-01,1
1425,2023-02,1
1425,2023-03,1
1425,2023-04,1
1425,2023-05,1
1425,2023-06,1
1425,2023-07,1
1425,2023-08,1
1425,2023-09,1
1425,2023-10,1
1425,2023-11,1
1425,2023-12,1
1425,2024-01,1
1425,2024-02,1
1425,2024-03,1
1425,2024-04,1
1425,2024-05,1
1425,2024-06,1
1425,2024-07,1
1425,2024-08,1
1425,2024-09,1
1425,2024-10,1
1425,2024-11,1
1425,2024-12,1
1426,2023-01,1
1426,2023-02,1
1426,2023-03,1
1426,2023-04,1
1426,2023-05,1
1426,2023-06,1
1426,2023-07,1
1426,2023-08,1
1426,2023-09,1
1426,2023-10,1
1426,2023-11,1
1426,2023-12,1
1426,2024-01,1
1426,2024-02,1
1426,2024-03,1
1426,2024-04,1
1426,2024-05,1
1426,2024-06,1
1426,2024-07,1
1426,2024-08,1
1426,2024-09,1
1426,2024-10,1
1426,2024-11,1
1426,2024-12,1
1427,2023-01,1
1427,2023-02,1
1427,2023-03,1
1427,2023-04,1
1427,2023-05,1
1427,2023-06,1
1427,2023-07,1
1427,2023-08,1
1427,2023-09,1
1427,2023-10,1
1427,2023-11,1
1427,2023-12,1
1427,2024-01,1
1427,2024-02,1
1427,2024-03,1
1427,2024-04,1
1427,2024-05,1
1427,2024-06,1
1427,2024-07,1
1427,2024-08,1
1427,2024-09,1
1427,2024-10,1
1427,2024-11,1
1427,2024-12,1
1428,2023-01,1
1428,2023-02,1
1428,2023-03,1
1428,2023-04,1
1428,2023-05,1
1428,2023-06,1
1428,2023-07,1
1428,2023-08,1
1428,2023-09,1
1428,2023-10,1
1428,2023-11,1
1428,2023-12,1
1428,2024-01,1
1428,2024-02,1
1428,2024-03,1
1428,2024-04,1
1428,2024-05,1
1428,2024-06,1
1428,2024-07,1
1428,2024-08,1
1428,2024-09,1
1428,2024-10,1
1428,2024-11,1
1428,2024-12,1
1429,2023-01,1
1429,2023-02,1
1429,2023-03,1
1429,2023-04,1
1429,2023-05,1
1429,2023-06,1
1429,2023-07,1
1429,2023-08,1
1429,2023-09,1
1429,2023-10,1
1429,2023-11,1
1429,2023-12,1
1429,2024-01,1
1429,2024-02,1
1429,2024-03,1
1429,2024-04,1
1429,2024-05,1
1429,2024-06,1
1429,2024-07,1
1429,2024-08,1
1429,2024-09,1
1429,2024-10,1
1429,2024-11,1
1429,2024-12,1
1430,2023-01,3
1430,2023-02,3
1430,2023-03,3
1430,2023-04,3
1430,2023-05,3
1430,2023-06,3
1430,2023-07,3
1430,2023-08,3
1430,2023-09,3
1430,2023-10,3
1430,2023-11,3
1430,2023-12,3
1430,2024-01,3
1430,2024-02,3
1430,2024-03,3
1430,2024-04,3
1430,2024-05,3
1430,2024-06,3
1430,2024-07,3
1430,2024-08,3
1430,2024-09,3
1430,2024-10,3
1430,2024-11,3
1430,2024-12,3
1431,2023-01,3
1431,2023-02,3
1431,2023-03,3
1431,2023-04,3
1431,2023-05,3
1431,2023-06,3
1431,2023-07,3
1431,2023-08,3
1431,2023-09,3
1431,2023-10,3
1431,2023-11,3
1431,2023-12,3
1431,2024-01,3
1431,2024-02,3
1431,2024-03,3
1431,2024-04,3
1431,2024-05,3
1431,2024-06,3
1431,2024-07,3
1431,2024-08,3
1431,2024-09,3
1431,2024-10,3
1431,2024-11,3
1431,2024-12,3
1438,2023-01,3
1438,2023-02,3
1438,2023-03,3
1438,2023-04,3
1438,2023-05,3
1438,2023-06,3
1438,2023-07,3
1438,2023-08,3
1438,2023-09,3
1438,2023-10,3
1438,2023-11,3
1438,2023-12,3
1438,2024-01,3
1438,2024-02,3
1438,2024-03,3
1438,2024-04,3
1438,2024-05,3
1438,2024-06,3
1438,2024-07,3
1438,2024-08,3
1438,2024-09,3
1438,2024-10,3
1438,2024-11,3
1438,2024-12,3
1439,2023-01,4
1439,2023-02,4
1439,2023-03,4
1439,2023-04,4
1439,2023-05,4
1439,2023-06,4
1439,2023-07,4
1439,2023-08,4
1439,2023-09,4
1439,2023-10,4
1439,2023-11,4
1439,2023-12,4
1439,2024-01,4
1439,2024-02,4
1439,2024-03,4
1439,2024-04,4
1439,2024-05,4
1439,2024-06,4
1439,2024-07,4
1439,2024-08,4
1439,2024-09,4
1439,2024-10,4
1439,2024-11,4
1439,2024-12,4
1440,2023-01,2
1440,2023-02,2
1440,2023-03,2
1440,2023-04,2
1440,2023-05,2
1440,2023-06,2
1440,2023-07,2
1440,2023-08,2
1440,2023-09,2
1440,2023-10,2
1440,2023-11,2
1440,2023-12,4
1440,2024-01,4
1440,2024-02,4
1440,2024-03,2
1440,2024-04,4
1440,2024-05,2
1440,2024-06,4
1440,2024-07,4
1440,2024-08,4
1440,2024-09,2
1440,2024-10,2
1440,2024-11,2
1440,2024-12,2
1443,2023-01,4
1443,2023-02,4
1443,2023-03,4
1443,2023-04,4
1443,2023-05,4
1443,2023-06,4
1443,2023-07,4
1443,2023-08,4
1443,2023-09,4
1443,2023-10,4
1443,2023-11,4
1443,2023-12,4
1443,2024-01,4
1443,2024-02,4
1443,2024-03,4
1443,2024-04,4
1443,2024-05,4
1443,2024-06,4
1443,2024-07,4
1443,2024-08,4
1443,2024-09,4
1443,2024-10,4
1443,2024-11,4
1443,2024-12,4
1444,2023-01,4
1444,2023-02,4
1444,2023-03,4
1444,2023-04,4
1444,2023-05,4
1444,2023-06,4
1444,2023-07,4
1444,2023-08,4
1444,2023-09,4
1444,2023-10,4
1444,2023-11,4
1444,2023-12,4
1444,2024-01,4
1444,2024-02,4
1444,2024-03,4
1444,2024-04,4
1444,2024-05,4
1444,2024-06,4
1444,2024-07,4
1444,2024-08,4
1444,2024-09,4
1444,2024-10,4
1444,2024-11,4
1444,2024-12,4
1445,2023-01,4
1445,2023-02,4
1445,2023-03,4
1445,2023-04,4
1445,2023-05,4
1445,2023-06,4
1445,2023-07,4
1445,2023-08,4
1445,2023-09,4
1445,2023-10,4
1445,2023-11,4
1445,2023-12,4
1445,2024-01,4
1445,2024-02,4
1445,2024-03,4
1445,2024-04,4
1445,2024-05,4
1445,2024-06,4
1445,2024-07,4
1445,2024-08,4
1445,2024-09,4
1445,2024-10,4
1445,2024-11,4
1445,2024-12,4
1446,2023-01,2
1446,2023-02,2
1446,2023-03,2
1446,2023-04,4
1446,2023-05,4
1446,2023-06,4
1446,2023-07,4
1446,2023-08,4
1446,2023-09,4
1446,2023-10,4
1446,2023-11,4
1446,2023-12,4
1446,2024-01,4
1446,2024-02,4
1446,2024-03,4
1446,2024-04,4
1446,2024-05,4
1446,2024-06,4
1446,2024-07,4
1446,2024-08,4
1446,2024-09,4
1446,2024-10,4
1446,2024-11,4
1446,2024-12,4
1447,2023-01,2
1447,2023-02,2
1447,2023-03,2
1447,2023-04,2
1447,2023-05,2
1447,2023-06,2
1447,2023-07,2
1447,2023-08,2
1447,2023-09,2
1447,2023-10,2
1447,2023-11,2
1447,2023-12,2
1447,2024-01,2
1447,2024-02,2
1447,2024-03,2
1447,2024-04,2
1447,2024-05,2
1447,2024-06,2
1447,2024-07,2
1447,2024-08,2
1447,2024-09,2
1447,2024-10,2
1447,2024-11,2
1447,2024-12,2
1448,2023-01,4
1448,2023-02,4
1448,2023-03,4
1448,2023-04,4
1448,2023-05,4
1448,2023-06,4
1448,2023-07,4
1448,2023-08,4
1448,2023-09,4
1448,2023-10,4
1448,2023-11,4
1448,2023-12,4
1448,2024-01,4
1448,2024-02,4
1448,2024-03,4
1448,2024-04,4
1448,2024-05,4
1448,2024-06,4
1448,2024-07,4
1448,2024-08,4
1448,2024-09,4
1448,2024-10,4
1448,2024-11,4
1448,2024-12,4
1449,2023-01,2
1449,2023-02,2
1449,2023-03,2
1449,2023-04,2
1449,2023-05,2
1449,2023-06,2
1449,2023-07,2
1449,2023-08,2
1449,2023-09,2
1449,2023-10,2
1449,2023-11,2
1449,2023-12,2
1449,2024-01,2
1449,2024-02,2
1449,2024-03,2
1449,2024-04,2
1449,2024-05,2
1449,2024-06,2
1449,2024-07,2
1449,2024-08,2
1449,2024-09,2
1449,2024-10,2
1449,2024-11,2
1449,2024-12,2
1453,2023-01,4
1453,2023-02,4
1453,2023-03,4
1453,2023-04,4
1453,2023-05,4
1453,2023-06,4
1453,2023-07,4
1453,2023-08,4
1453,2023-09,4
1453,2023-10,4
1453,2023-11,4
1453,2023-12,4
1453,2024-01,4
1453,2024-02,4
1453,2024-03,4
1453,2024-04,4
1453,2024-05,4
1453,2024-06,4
1453,2024-07,4
1453,2024-08,4
1453,2024-09,4
1453,2024-10,4
1453,2024-11,4
1453,2024-12,4
1454,2023-01,2
1454,2023-02,2
1454,2023-03,2
1454,2023-04,2
1454,2023-05,2
1454,2023-06,2
1454,2023-07,2
1454,2023-08,2
1454,2023-09,2
1454,2023-10,2
1454,2023-11,2
1454,2023-12,2
1454,2024-01,2
1454,2024-02,2
1454,2024-03,2
1454,2024-04,2
1454,2024-05,2
1454,2024-06,2
1454,2024-07,2
1454,2024-08,2
1454,2024-09,2
1454,2024-10,2
1454,2024-11,2
1454,2024-12,2
1456,2023-01,4
1456,2023-02,4
1456,2023-03,4
1456,2023-04,4
1456,2023-05,4
1456,2023-06,4
1456,2023-07,4
1456,2023-08,4
1456,2023-09,4
1456,2023-10,4
1456,2023-11,4
1456,2023-12,4
1456,2024-01,4
1456,2024-02,4
1456,2024-03,4
1456,2024-04,4
1456,2024-05,4
1456,2024-06,4
1456,2024-07,4
1456,2024-08,4
1456,2024-09,4
1456,2024-10,4
1456,2024-11,4
1456,2024-12,4
1457,2023-01,4
1457,2023-02,4
1457,2023-03,4
1457,2023-04,4
1457,2023-05,4
1457,2023-06,4
1457,2023-07,4
1457,2023-08,4
1457,2023-09,4
1457,2023-10,4
1457,2023-11,4
1457,2023-12,4
1457,2024-01,4
1457,2024-02,4
1457,2024-03,4
1457,2024-04,4
1457,2024-05,4
1457,2024-06,4
1457,2024-07,4
1457,2024-08,4
1457,2024-09,4
1457,2024-10,4
1457,2024-11,4
1457,2024-12,4
1459,2023-01,4
1459,2023-02,4
1459,2023-03,4
1459,2023-04,4
1459,2023-05,4
1459,2023-06,4
1459,2023-07,4
1459,2023-08,4
1459,2023-09,4
1459,2023-10,4
1459,2023-11,4
1459,2023-12,4
1459,2024-01,4
1459,2024-02,4
1459,2024-03,4
1459,2024-04,4
1459,2024-05,4
1459,2024-06,4
1459,2024-07,4
1459,2024-08,4
1459,2024-09,4
1459,2024-10,4
1459,2024-11,4
1459,2024-12,4
1461,2023-01,4
1461,2023-02,4
1461,2023-03,4
1461,2023-04,4
1461,2023-05,4
1461,2023-06,4
1461,2023-07,4
1461,2023-08,4
1461,2023-09,4
1461,2023-10,4
1461,2023-11,4
1461,2023-12,4
1461,2024-01,4
1461,2024-02,4
1461,2024-03,4
1461,2024-04,4
1461,2024-05,4
1461,2024-06,4
1461,2024-07,4
1461,2024-08,4
1461,2024-09,4
1461,2024-10,4
1461,2024-11,4
1461,2024-12,4
1463,2023-01,2
1463,2023-02,2
1463,2023-03,2
1463,2023-04,2
1463,2023-05,2
1463,2023-06,2
1463,2023-07,2
1463,2023-08,2
1463,2023-09,2
1463,2023-10,2
1463,2023-11,2
1463,2023-12,2
1463,2024-01,2
1463,2024-02,2
1463,2024-03,2
1463,2024-04,2
1463,2024-05,2
1463,2024-06,2
1463,2024-07,2
1463,2024-08,2
1463,2024-09,2
1463,2024-10,2
1463,2024-11,2
1463,2024-12,2
1464,2023-01,4
1464,2023-02,4
1464,2023-03,4
1464,2023-04,4
1464,2023-05,4
1464,2023-06,4
1464,2023-07,4
1464,2023-08,4
1464,2023-09,4
1464,2023-10,4
1464,2023-11,4
1464,2023-12,4
1464,2024-01,4
1464,2024-02,4
1464,2024-03,4
1464,2024-04,4
1464,2024-05,4
1464,2024-06,4
1464,2024-07,4
1464,2024-08,4
1464,2024-09,4
1464,2024-10,4
1464,2024-11,4
1464,2024-12,4
1465,2023-01,4
1465,2023-02,4
1465,2023-03,4
1465,2023-04,4
1465,2023-05,4
1465,2023-06,4
1465,2023-07,4
1465,2023-08,4
1465,2023-09,4
1465,2023-10,4
1465,2023-11,4
1465,2023-12,4
1465,2024-01,4
1465,2024-02,4
1465,2024-03,4
1465,2024-04,4
1465,2024-05,4
1465,2024-06,4
1465,2024-07,4
1465,2024-08,4
1465,2024-09,4
1465,2024-10,4
1465,2024-11,4
1465,2024-12,4
1467,2023-01,4
1467,2023-02,4
1467,2023-03,4
1467,2023-04,4
1467,2023-05,4
1467,2023-06,4
1467,2023-07,4
1467,2023-08,4
1467,2023-09,4
1467,2023-10,4
1467,2023-11,4
1467,2023-12,4
1467,2024-01,4
1467,2024-02,4
1467,2024-03,4
1467,2024-04,4
1467,2024-05,4
1467,2024-06,4
1467,2024-07,4
1467,2024-08,4
1467,2024-09,4
1467,2024-10,4
1467,2024-11,4
1467,2024-12,4
1468,2023-01,2
1468,2023-02,2
1468,2023-03,2
1468,2023-04,4
1468,2023-05,4
1468,2023-06,4
1468,2023-07,4
1468,2023-08,4
1468,2023-09,4
1468,2023-10,4
1468,2023-11,4
1468,2023-12,4
1468,2024-01,4
1468,2024-02,4
1468,2024-03,4
1468,2024-04,4
1468,2024-05,4
1468,2024-06,4
1468,2024-07,4
1468,2024-08,4
1468,2024-09,4
1468,2024-10,4
1468,2024-11,4
1468,2024-12,4
1472,2023-01,4
1472,2023-02,4
1472,2023-03,4
1472,2023-04,4
1472,2023-05,4
1472,2023-06,4
1472,2023-07,4
1472,2023-08,4
1472,2023-09,4
1472,2023-10,4
1472,2023-11,4
1472,2023-12,4
1472,2024-01,4
1472,2024-02,4
1472,2024-03,4
1472,2024-04,4
1472,2024-05,4
1472,2024-06,4
1472,2024-07,4
1472,2024-08,4
1472,2024-09,4
1472,2024-10,4
1472,2024-11,4
1472,2024-12,4
1473,2023-01,2
1473,2023-02,2
1473,2023-03,2
1473,2023-04,2
1473,2023-05,2
1473,2023-06,2
1473,2023-07,2
1473,2023-08,2
1473,2023-09,2
1473,2023-10,2
1473,2023-11,2
1473,2023-12,2
1473,2024-01,2
1473,2024-02,2
1473,2024-03,2
1473,2024-04,2
1473,2024-05,2
1473,2024-06,2
1473,2024-07,2
1473,2024-08,2
1473,2024-09,2
1473,2024-10,2
1473,2024-11,2
1473,2024-12,2
1474,2023-01,2
1474,2023-02,2
1474,2023-03,2
1474,2023-04,2
1474,2023-05,2
1474,2023-06,2
1474,2023-07,2
1474,2023-08,2
1474,2023-09,2
1474,2023-10,2
1474,2023-11,2
1474,2023-12,2
1474,2024-01,2
1474,2024-02,2
1474,2024-03,2
1474,2024-04,2
1474,2024-05,2
1474,2024-06,2
1474,2024-07,2
1474,2024-08,2
1474,2024-09,2
1474,2024-10,2
1474,2024-11,2
1474,2024-12,2
1475,2023-01,4
1475,2023-02,4
1475,2023-03,4
1475,2023-04,4
1475,2023-05,4
1475,2023-06,4
1475,2023-07,4
1475,2023-08,4
1475,2023-09,4
1475,2023-10,4
1475,2023-11,4
1475,2023-12,4
1475,2024-01,4
1475,2024-02,4
1475,2024-03,4
1475,2024-04,4
1475,2024-05,4
1475,2024-06,4
1475,2024-07,4
1475,2024-08,4
1475,2024-09,4
1475,2024-10,4
1475,2024-11,4
1475,2024-12,4
1477,2023-01,2
1477,2023-02,2
1477,2023-03,2
1477,2023-04,2
1477,2023-05,2
1477,2023-06,2
1477,2023-07,2
1477,2023-08,2
1477,2023-09,2
1477,2023-10,2
1477,2023-11,2
1477,2023-12,2
1477,2024-01,2
1477,2024-02,2
1477,2024-03,2
1477,2024-04,2
1477,2024-05,2
1477,2024-06,2
1477,2024-07,2
1477,2024-08,2
1477,2024-09,2
1477,2024-10,2
1477,2024-11,2
1477,2024-12,2
1478,2023-01,1
1478,2023-02,1
1478,2023-03,1
1478,2023-04,1
1478,2023-05,1
1478,2023-06,1
1478,2023-07,1
1478,2023-08,1
1478,2023-09,1
1478,2023-10,1
1478,2023-11,1
1478,2023-12,1
1478,2024-01,1
1478,2024-02,1
1478,2024-03,1
1478,2024-04,1
1478,2024-05,1
1478,2024-06,1
1478,2024-07,2
1478,2024-08,1
1478,2024-09,1
1478,2024-10,1
1478,2024-11,1
1478,2024-12,1
1480,2023-01,2
1480,2023-02,2
1480,2023-03,2
1480,2023-04,2
1480,2023-05,2
1480,2023-06,4
1480,2023-07,2
1480,2023-08,4
1480,2023-09,4
1480,2023-10,2
1480,2023-11,2
1480,2023-12,2
1480,2024-01,2
1480,2024-02,2
1480,2024-03,2
1480,2024-04,4
1480,2024-05,4
1480,2024-06,4
1480,2024-07,4
1480,2024-08,4
1480,2024-09,4
1480,2024-10,4
1480,2024-11,4
1480,2024-12,2
1481,2023-01,4
1481,2023-02,4
1481,2023-03,4
1481,2023-04,4
1481,2023-05,4
1481,2023-06,4
1481,2023-07,4
1481,2023-08,4
1481,2023-09,4
1481,2023-10,4
1481,2023-11,4
1481,2023-12,4
1481,2024-01,4
1481,2024-02,4
1481,2024-03,4
1481,2024-04,4
1481,2024-05,4
1481,2024-06,4
1481,2024-07,4
1481,2024-08,4
1481,2024-09,4
1481,2024-10,4
1481,2024-11,4
1481,2024-12,4
1483,2023-01,2
1483,2023-02,2
1483,2023-03,2
1483,2023-04,2
1483,2023-05,2
1483,2023-06,2
1483,2023-07,2
1483,2023-08,2
1483,2023-09,2
1483,2023-10,2
1483,2023-11,2
1483,2023-12,2
1483,2024-01,2
1483,2024-02,2
1483,2024-03,2
1483,2024-04,2
1483,2024-05,2
1483,2024-06,2
1483,2024-07,2
1483,2024-08,2
1483,2024-09,2
1483,2024-10,2
1483,2024-11,2
1483,2024-12,2
1484,2023-01,2
1484,2023-02,2
1484,2023-03,2
1484,2023-04,4
1484,2023-05,4
1484,2023-06,4
1484,2023-07,4
1484,2023-08,4
1484,2023-09,4
1484,2023-10,4
1484,2023-11,4
1484,2023-12,4
1484,2024-01,4
1484,2024-02,4
1484,2024-03,4
1484,2024-04,4
1484,2024-05,4
1484,2024-06,4
1484,2024-07,4
1484,2024-08,4
1484,2024-09,4
1484,2024-10,4
1484,2024-11,4
1484,2024-12,4
1486,2023-01,2
1486,2023-02,2
1486,2023-03,2
1486,2023-04,2
1486,2023-05,2
1486,2023-06,2
1486,2023-07,2
1486,2023-08,2
1486,2023-09,2
1486,2023-10,2
1486,2023-11,2
1486,2023-12,2
1486,2024-01,2
1486,2024-02,2
1486,2024-03,2
1486,2024-04,2
1486,2024-05,2
1486,2024-06,2
1486,2024-07,2
1486,2024-08,2
1486,2024-09,2
1486,2024-10,2
1486,2024-11,2
1486,2024-12,2
1488,2023-01,4
1488,2023-02,2
1488,2023-03,4
1488,2023-04,4
1488,2023-05,4
1488,2023-06,4
1488,2023-07,4
1488,2023-08,4
1488,2023-09,4
1488,2023-10,4
1488,2023-11,4
1488,2023-12,4
1488,2024-01,4
1488,2024-02,4
1488,2024-03,4
1488,2024-04,4
1488,2024-05,4
1488,2024-06,4
1488,2024-07,4
1488,2024-08,4
1488,2024-09,4
1488,2024-10,4
1488,2024-11,4
1488,2024-12,4
1489,2023-01,2
1489,2023-02,2
1489,2023-03,2
1489,2023-04,2
1489,2023-05,2
1489,2023-06,2
1489,2023-07,2
1489,2023-08,2
1489,2023-09,2
1489,2023-10,2
1489,2023-11,2
1489,2023-12,2
1489,2024-01,2
1489,2024-02,2
1489,2024-03,2
1489,2024-04,2
1489,2024-05,2
1489,2024-06,2
1489,2024-07,2
1489,2024-08,2
1489,2024-09,2
1489,2024-10,2
1489,2024-11,2
1489,2024-12,2
1490,2023-01,2
1490,2023-02,2
1490,2023-03,2
1490,2023-04,2
1490,2023-05,2
1490,2023-06,2
1490,2023-07,2
1490,2023-08,2
1490,2023-09,2
1490,2023-10,2
1490,2023-11,2
1490,2023-12,2
1490,2024-01,2
1490,2024-02,2
1490,2024-03,2
1490,2024-04,2
1490,2024-05,2
1490,2024-06,2
1490,2024-07,2
1490,2024-08,2
1490,2024-09,2
1490,2024-10,2
1490,2024-11,2
1490,2024-12,2
1491,2023-01,2
1491,2023-02,2
1491,2023-03,2
1491,2023-04,2
1491,2023-05,2
1491,2023-06,4
1491,2023-07,4
1491,2023-08,4
1491,2023-09,4
1491,2023-10,4
1491,2023-11,2
1491,2023-12,4
1491,2024-01,4
1491,2024-02,4
1491,2024-03,4
1491,2024-04,4
1491,2024-05,4
1491,2024-06,4
1491,2024-07,4
1491,2024-08,4
1491,2024-09,4
1491,2024-10,4
1491,2024-11,4
1491,2024-12,4
1492,2023-01,2
1492,2023-02,2
1492,2023-03,2
1492,2023-04,2
1492,2023-05,2
1492,2023-06,2
1492,2023-07,4
1492,2023-08,4
1492,2023-09,4
1492,2023-10,4
1492,2023-11,4
1492,2023-12,4
1492,2024-01,4
1492,2024-02,4
1492,2024-03,4
1492,2024-04,4
1492,2024-05,4
1492,2024-06,4
1492,2024-07,4
1492,2024-08,4
1492,2024-09,4
1492,2024-10,4
1492,2024-11,4
1492,2024-12,4
1493,2023-01,4
1493,2023-02,4
1493,2023-03,4
1493,2023-04,4
1493,2023-05,4
1493,2023-06,4
1493,2023-07,4
1493,2023-08,4
1493,2023-09,4
1493,2023-10,4
1493,2023-11,4
1493,2023-12,4
1493,2024-01,4
1493,2024-02,4
1493,2024-03,4
1493,2024-04,4
1493,2024-05,4
1493,2024-06,4
1493,2024-07,4
1493,2024-08,4
1493,2024-09,4
1493,2024-10,4
1493,2024-11,4
1493,2024-12,4
1494,2023-01,1
1494,2023-02,1
1494,2023-03,1
1494,2023-04,1
1494,2023-05,1
1494,2023-06,1
1494,2023-07,1
1494,2023-08,1
1494,2023-09,1
1494,2023-10,1
1494,2023-11,1
1494,2023-12,1
1494,2024-01,1
1494,2024-02,1
1494,2024-03,1
1494,2024-04,1
1494,2024-05,1
1494,2024-06,1
1494,2024-07,1
1494,2024-08,1
1494,2024-09,1
1494,2024-10,1
1494,2024-11,1
1494,2024-12,1
1495,2023-01,2
1495,2023-02,2
1495,2023-03,2
1495,2023-04,2
1495,2023-05,2
1495,2023-06,2
1495,2023-07,2
1495,2023-08,2
1495,2023-09,2
1495,2023-10,2
1495,2023-11,2
1495,2023-12,2
1495,2024-01,2
1495,2024-02,2
1495,2024-03,2
1495,2024-04,2
1495,2024-05,2
1495,2024-06,2
1495,2024-07,2
1495,2024-08,2
1495,2024-09,2
1495,2024-10,2
1495,2024-11,2
1495,2024-12,2
1496,2023-01,2
1496,2023-02,2
1496,2023-03,2
1496,2023-04,4
1496,2023-05,4
1496,2023-06,4
1496,2023-07,4
1496,2023-08,4
1496,2023-09,4
1496,2023-10,4
1496,2023-11,4
1496,2023-12,4
1496,2024-01,4
1496,2024-02,4
1496,2024-03,4
1496,2024-04,4
1496,2024-05,4
1496,2024-06,4
1496,2024-07,4
1496,2024-08,4
1496,2024-09,4
1496,2024-10,4
1496,2024-11,4
1496,2024-12,4
1500,2023-01,4
1500,2023-02,4
1500,2023-03,4
1500,2023-04,4
1500,2023-05,4
1500,2023-06,4
1500,2023-07,4
1500,2023-08,4
1500,2023-09,4
1500,2023-10,4
1500,2023-11,4
1500,2023-12,4
1500,2024-01,4
1500,2024-02,4
1500,2024-03,4
1500,2024-04,4
1500,2024-05,4
1500,2024-06,4
1500,2024-07,4
1500,2024-08,4
1500,2024-09,4
1500,2024-10,4
1500,2024-11,4
1500,2024-12,4
1501,2023-01,2
1501,2023-02,2
1501,2023-03,2
1501,2023-04,4
1501,2023-05,4
1501,2023-06,4
1501,2023-07,4
1501,2023-08,4
1501,2023-09,4
1501,2023-10,4
1501,2023-11,4
1501,2023-12,4
1501,2024-01,4
1501,2024-02,4
1501,2024-03,4
1501,2024-04,4
1501,2024-05,4
1501,2024-06,4
1501,2024-07,4
1501,2024-08,4
1501,2024-09,4
1501,2024-10,4
1501,2024-11,4
1501,2024-12,4
1504,2023-01,2
1504,2023-02,2
1504,2023-03,2
1504,2023-04,2
1504,2023-05,2
1504,2023-06,2
1504,2023-07,2
1504,2023-08,2
1504,2023-09,2
1504,2023-10,2
1504,2023-11,2
1504,2023-12,2
1504,2024-01,2
1504,2024-02,2
1504,2024-03,2
1504,2024-04,2
1504,2024-05,2
1504,2024-06,2
1504,2024-07,2
1504,2024-08,2
1504,2024-09,2
1504,2024-10,2
1504,2024-11,2
1504,2024-12,2
1506,2023-01,2
1506,2023-02,2
1506,2023-03,2
1506,2023-04,2
1506,2023-05,2
1506,2023-06,2
1506,2023-07,2
1506,2023-08,2
1506,2023-09,2
1506,2023-10,2
1506,2023-11,2
1506,2023-12,2
1506,2024-01,2
1506,2024-02,2
1506,2024-03,2
1506,2024-04,2
1506,2024-05,2
1506,2024-06,2
1506,2024-07,2
1506,2024-08,2
1506,2024-09,2
1506,2024-10,2
1506,2024-11,2
1506,2024-12,2
1512,2023-01,2
1512,2023-02,2
1512,2023-03,2
1512,2023-04,2
1512,2023-05,2
1512,2023-06,2
1512,2023-07,2
1512,2023-08,2
1512,2023-09,2
1512,2023-10,2
1512,2023-11,2
1512,2023-12,2
1512,2024-01,2
1512,2024-02,2
1512,2024-03,2
1512,2024-04,2
1512,2024-05,2
1512,2024-06,2
1512,2024-07,2
1512,2024-08,2
1512,2024-09,2
1512,2024-10,2
1512,2024-11,2
1512,2024-12,2
1518,2023-01,2
1518,2023-02,2
1518,2023-03,2
1518,2023-04,2
1518,2023-05,2
1518,2023-06,2
1518,2023-07,2
1518,2023-08,2
1518,2023-09,2
1518,2023-10,2
1518,2023-11,2
1518,2023-12,2
1518,2024-01,2
1518,2024-02,2
1518,2024-03,2
1518,2024-04,2
1518,2024-05,2
1518,2024-06,2
1518,2024-07,2
1518,2024-08,2
1518,2024-09,2
1518,2024-10,2
1518,2024-11,2
1518,2024-12,2
1519,2023-01,2
1519,2023-02,2
1519,2023-03,2
1519,2023-04,2
1519,2023-05,2
1519,2023-06,2
1519,2023-07,2
1519,2023-08,2
1519,2023-09,2
1519,2023-10,2
1519,2023-11,2
1519,2023-12,2
1519,2024-01,2
1519,2024-02,2
1519,2024-03,2
1519,2024-04,2
1519,2024-05,2
1519,2024-06,2
1519,2024-07,2
1519,2024-08,2
1519,2024-09,2
1519,2024-10,2
1519,2024-11,2
1519,2024-12,2
1520,2023-01,1
1520,2023-02,1
1520,2023-03,1
1520,2023-04,1
1520,2023-05,1
1520,2023-06,1
1520,2023-07,2
1520,2023-08,3
1520,2023-09,1
1520,2023-10,1
1520,2023-11,1
1520,2023-12,1
1520,2024-01,1
1520,2024-02,1
1520,2024-03,1
1520,2024-04,1
1520,2024-05,1
1520,2024-06,2
1520,2024-07,1
1520,2024-08,1
1520,2024-09,1
1520,2024-10,1
1520,2024-11,1
1520,2024-12,1
1521,2023-01,2
1521,2023-02,2
1521,2023-03,2
1521,2023-04,2
1521,2023-05,2
1521,2023-06,2
1521,2023-07,2
1521,2023-08,2
1521,2023-09,2
1521,2023-10,2
1521,2023-11,2
1521,2023-12,2
1521,2024-01,2
1521,2024-02,2
1521,2024-03,2
1521,2024-04,2
1521,2024-05,2
1521,2024-06,2
1521,2024-07,2
1521,2024-08,2
1521,2024-09,2
1521,2024-10,2
1521,2024-11,2
1521,2024-12,2
1522,2023-01,1
1522,2023-02,1
1522,2023-03,1
1522,2023-04,1
1522,2023-05,1
1522,2023-06,1
1522,2023-07,1
1522,2023-08,1
1522,2023-09,1
1522,2023-10,1
1522,2023-11,1
1522,2023-12,1
1522,2024-01,1
1522,2024-02,3
1522,2024-03,1
1522,2024-04,1
1522,2024-05,1
1522,2024-06,1
1522,2024-07,1
1522,2024-08,1
1522,2024-09,1
1522,2024-10,1
1522,2024-11,1
1522,2024-12,1
1523,2023-01,2
1523,2023-02,2
1523,2023-03,2
1523,2023-04,4
1523,2023-05,4
1523,2023-06,4
1523,2023-07,4
1523,2023-08,4
1523,2023-09,4
1523,2023-10,4
1523,2023-11,4
1523,2023-12,4
1523,2024-01,4
1523,2024-02,4
1523,2024-03,4
1523,2024-04,4
1523,2024-05,4
1523,2024-06,4
1523,2024-07,4
1523,2024-08,4
1523,2024-09,4
1523,2024-10,4
1523,2024-11,4
1523,2024-12,4
1525,2023-01,2
1525,2023-02,2
1525,2023-03,2
1525,2023-04,2
1525,2023-05,2
1525,2023-06,2
1525,2023-07,2
1525,2023-08,2
1525,2023-09,2
1525,2023-10,2
1525,2023-11,2
1525,2023-12,2
1525,2024-01,2
1525,2024-02,2
1525,2024-03,2
1525,2024-04,2
1525,2024-05,2
1525,2024-06,2
1525,2024-07,2
1525,2024-08,2
1525,2024-09,2
1525,2024-10,2
1525,2024-11,2
1525,2024-12,2
1526,2023-01,2
1526,2023-02,2
1526,2023-03,2
1526,2023-04,2
1526,2023-05,2
1526,2023-06,2
1526,2023-07,2
1526,2023-08,2
1526,2023-09,2
1526,2023-10,2
1526,2023-11,2
1526,2023-12,2
1526,2024-01,2
1526,2024-02,2
1526,2024-03,2
1526,2024-04,2
1526,2024-05,2
1526,2024-06,2
1526,2024-07,2
1526,2024-08,2
1526,2024-09,2
1526,2024-10,2
1526,2024-11,2
1526,2024-12,2
1527,2023-01,2
1527,2023-02,2
1527,2023-03,2
1527,2023-04,2
1527,2023-05,2
1527,2023-06,2
1527,2023-07,2
1527,2023-08,2
1527,2023-09,2
1527,2023-10,2
1527,2023-11,2
1527,2023-12,2
1527,2024-01,2
1527,2024-02,2
1527,2024-03,2
1527,2024-04,2
1527,2024-05,2
1527,2024-06,2
1527,2024-07,2
1527,2024-08,2
1527,2024-09,2
1527,2024-10,2
1527,2024-11,2
1527,2024-12,2
1528,2023-01,2
1528,2023-02,2
1528,2023-03,2
1528,2023-04,2
1528,2023-05,2
1528,2023-06,2
1528,2023-07,2
1528,2023-08,2
1528,2023-09,2
1528,2023-10,2
1528,2023-11,2
1528,2023-12,2
1528,2024-01,2
1528,2024-02,2
1528,2024-03,2
1528,2024-04,2
1528,2024-05,1
1528,2024-06,2
1528,2024-07,2
1528,2024-08,2
1528,2024-09,2
1528,2024-10,2
1528,2024-11,2
1528,2024-12,2
1529,2023-01,1
1529,2023-02,1
1529,2023-03,1
1529,2023-04,1
1529,2023-05,1
1529,2023-06,1
1529,2023-07,1
1529,2023-08,1
1529,2023-09,1
1529,2023-10,1
1529,2023-11,1
1529,2023-12,1
1529,2024-01,1
1529,2024-02,1
1529,2024-03,1
1529,2024-04,1
1529,2024-05,1
1529,2024-06,1
1529,2024-07,1
1529,2024-08,1
1529,2024-09,1
1529,2024-10,1
1529,2024-11,1
1529,2024-12,1
1530,2023-01,1
1530,2023-02,1
1530,2023-03,1
1530,2023-04,1
1530,2023-05,1
1530,2023-06,1
1530,2023-07,1
1530,2023-08,1
1530,2023-09,1
1530,2023-10,1
1530,2023-11,1
1530,2023-12,1
1530,2024-01,1
1530,2024-02,1
1530,2024-03,1
1530,2024-04,1
1530,2024-05,1
1530,2024-06,1
1530,2024-07,1
1530,2024-08,1
1530,2024-09,1
1530,2024-10,1
1530,2024-11,1
1530,2024-12,1
1532,2023-01,2
1532,2023-02,2
1532,2023-03,2
1532,2023-04,1
1532,2023-05,2
1532,2023-06,1
1532,2023-07,2
1532,2023-08,1
1532,2023-09,2
1532,2023-10,2
1532,2023-11,2
1532,2023-12,1
1532,2024-01,1
1532,2024-02,1
1532,2024-03,1
1532,2024-04,1
1532,2024-05,1
1532,2024-06,1
1532,2024-07,1
1532,2024-08,1
1532,2024-09,2
1532,2024-10,2
1532,2024-11,2
1532,2024-12,2
1533,2023-01,1
1533,2023-02,1
1533,2023-03,1
1533,2023-04,1
1533,2023-05,1
1533,2023-06,1
1533,2023-07,1
1533,2023-08,1
1533,2023-09,1
1533,2023-10,1
1533,2023-11,1
1533,2023-12,1
1533,2024-01,1
1533,2024-02,1
1533,2024-03,1
1533,2024-04,1
1533,2024-05,1
1533,2024-06,1
1533,2024-07,1
1533,2024-08,1
1533,2024-09,1
1533,2024-10,1
1533,2024-11,1
1533,2024-12,1
1534,2023-01,1
1534,2023-02,1
1534,2023-03,1
1534,2023-04,1
1534,2023-05,1
1534,2023-06,1
1534,2023-07,1
1534,2023-08,1
1534,2023-09,1
1534,2023-10,1
1534,2023-11,1
1534,2023-12,1
1534,2024-01,1
1534,2024-02,1
1534,2024-03,1
1534,2024-04,1
1534,2024-05,1
1534,2024-06,1
1534,2024-07,1
1534,2024-08,1
1534,2024-09,1
1534,2024-10,1
1534,2024-11,1
1534,2024-12,1
1535,2023-01,1
1535,2023-02,1
1535,2023-03,1
1535,2023-04,1
1535,2023-05,1
1535,2023-06,1
1535,2023-07,1
1535,2023-08,1
1535,2023-09,1
1535,2023-10,1
1535,2023-11,1
1535,2023-12,1
1535,2024-01,1
1535,2024-02,1
1535,2024-03,1
1535,2024-04,1
1535,2024-05,1
1535,2024-06,1
1535,2024-07,1
1535,2024-08,1
1535,2024-09,1
1535,2024-10,1
1535,2024-11,1
1535,2024-12,1
1536,2023-01,1
1536,2023-02,1
1536,2023-03,1
1536,2023-04,1
1536,2023-05,1
1536,2023-06,1
1536,2023-07,1
1536,2023-08,1
1536,2023-09,1
1536,2023-10,1
1536,2023-11,1
1536,2023-12,1
1536,2024-01,1
1536,2024-02,1
1536,2024-03,1
1536,2024-04,1
1536,2024-05,1
1536,2024-06,1
1536,2024-07,1
1536,2024-08,1
1536,2024-09,1
1536,2024-10,1
1536,2024-11,1
1536,2024-12,1
1537,2023-01,1
1537,2023-02,1
1537,2023-03,1
1537,2023-04,1
1537,2023-05,1
1537,2023-06,1
1537,2023-07,1
1537,2023-08,1
1537,2023-09,1
1537,2023-10,1
1537,2023-11,1
1537,2023-12,1
1537,2024-01,1
1537,2024-02,1
1537,2024-03,1
1537,2024-04,1
1537,2024-05,1
1537,2024-06,1
1537,2024-07,1
1537,2024-08,1
1537,2024-09,1
1537,2024-10,1
1537,2024-11,1
1537,2024-12,1
1539,2023-01,2
1539,2023-02,2
1539,2023-03,2
1539,2023-04,2
1539,2023-05,2
1539,2023-06,2
1539,2023-07,2
1539,2023-08,2
1539,2023-09,2
1539,2023-10,2
1539,2023-11,2
1539,2023-12,2
1539,2024-01,2
1539,2024-02,2
1539,2024-03,2
1539,2024-04,2
1539,2024-05,2
1539,2024-06,2
1539,2024-07,2
1539,2024-08,2
1539,2024-09,2
1539,2024-10,2
1539,2024-11,2
1539,2024-12,2
1540,2023-01,2
1540,2023-02,2
1540,2023-03,2
1540,2023-04,2
1540,2023-05,2
1540,2023-06,2
1540,2023-07,2
1540,2023-08,2
1540,2023-09,2
1540,2023-10,2
1540,2023-11,2
1540,2023-12,2
1540,2024-01,2
1540,2024-02,2
1540,2024-03,2
1540,2024-04,2
1540,2024-05,2
1540,2024-06,2
1540,2024-07,2
1540,2024-08,2
1540,2024-09,2
1540,2024-10,2
1540,2024-11,2
1540,2024-12,2
1541,2023-01,1
1541,2023-02,1
1541,2023-03,1
1541,2023-04,1
1541,2023-05,1
1541,2023-06,1
1541,2023-07,1
1541,2023-08,1
1541,2023-09,1
1541,2023-10,1
1541,2023-11,1
1541,2023-12,1
1541,2024-01,1
1541,2024-02,1
1541,2024-03,1
1541,2024-04,1
1541,2024-05,1
1541,2024-06,1
1541,2024-07,1
1541,2024-08,1
1541,2024-09,1
1541,2024-10,1
1541,2024-11,1
1541,2024-12,1
1542,2023-01,1
1542,2023-02,1
1542,2023-03,1
1542,2023-04,1
1542,2023-05,1
1542,2023-06,1
1542,2023-07,1
1542,2023-08,1
1542,2023-09,1
1542,2023-10,1
1542,2023-11,1
1542,2023-12,1
1542,2024-01,1
1542,2024-02,1
1542,2024-03,1
1542,2024-04,1
1542,2024-05,1
1542,2024-06,1
1542,2024-07,1
1542,2024-08,1
1542,2024-09,1
1542,2024-10,1
1542,2024-11,1
1542,2024-12,1
1543,2023-01,1
1543,2023-02,1
1543,2023-03,1
1543,2023-04,1
1543,2023-05,1
1543,2023-06,1
1543,2023-07,1
1543,2023-08,1
1543,2023-09,1
1543,2023-10,1
1543,2023-11,1
1543,2023-12,1
1543,2024-01,1
1543,2024-02,1
1543,2024-03,1
1543,2024-04,1
1543,2024-05,1
1543,2024-06,1
1543,2024-07,1
1543,2024-08,1
1543,2024-09,1
1543,2024-10,1
1543,2024-11,1
1543,2024-12,1
1544,2023-01,1
1544,2023-02,1
1544,2023-03,1
1544,2023-04,1
1544,2023-05,1
1544,2023-06,1
1544,2023-07,1
1544,2023-08,1
1544,2023-09,1
1544,2023-10,1
1544,2023-11,1
1544,2023-12,1
1544,2024-01,1
1544,2024-02,1
1544,2024-03,1
1544,2024-04,1
1544,2024-05,1
1544,2024-06,1
1544,2024-07,1
1544,2024-08,1
1544,2024-09,1
1544,2024-10,1
1544,2024-11,1
1544,2024-12,1
1545,2023-01,1
1545,2023-02,1
1545,2023-03,1
1545,2023-04,1
1545,2023-05,1
1545,2023-06,1
1545,2023-07,1
1545,2023-08,1
1545,2023-09,1
1545,2023-10,1
1545,2023-11,1
1545,2023-12,1
1545,2024-01,1
1545,2024-02,1
1545,2024-03,1
1545,2024-04,1
1545,2024-05,1
1545,2024-06,1
1545,2024-07,1
1545,2024-08,1
1545,2024-09,1
1545,2024-10,1
1545,2024-11,1
1545,2024-12,1
1546,2023-01,1
1546,2023-02,1
1546,2023-03,1
1546,2023-04,1
1546,2023-05,1
1546,2023-06,1
1546,2023-07,1
1546,2023-08,1
1546,2023-09,1
1546,2023-10,1
1546,2023-11,1
1546,2023-12,1
1546,2024-01,1
1546,2024-02,1
1546,2024-03,1
1546,2024-04,1
1546,2024-05,1
1546,2024-06,1
1546,2024-07,1
1546,2024-08,1
1546,2024-09,1
1546,2024-10,1
1546,2024-11,1
1546,2024-12,1
1547,2023-01,1
1547,2023-02,1
1547,2023-03,1
1547,2023-04,1
1547,2023-05,1
1547,2023-06,1
1547,2023-07,1
1547,2023-08,1
1547,2023-09,1
1547,2023-10,1
1547,2023-11,1
1547,2023-12,1
1547,2024-01,1
1547,2024-02,1
1547,2024-03,1
1547,2024-04,1
1547,2024-05,1
1547,2024-06,1
1547,2024-07,1
1547,2024-08,1
1547,2024-09,1
1547,2024-10,1
1547,2024-11,1
1547,2024-12,1
1548,2023-01,1
1548,2023-02,1
1548,2023-03,1
1548,2023-04,1
1548,2023-05,1
1548,2023-06,1
1548,2023-07,1
1548,2023-08,1
1548,2023-09,1
1548,2023-10,1
1548,2023-11,1
1548,2023-12,1
1548,2024-01,1
1548,2024-02,1
1548,2024-03,1
1548,2024-04,1
1548,2024-05,1
1548,2024-06,1
1548,2024-07,1
1548,2024-08,1
1548,2024-09,1
1548,2024-10,1
1548,2024-11,1
1548,2024-12,1
1549,2023-01,2
1549,2023-02,2
1549,2023-03,2
1549,2023-04,2
1549,2023-05,1
1549,2023-06,2
1549,2023-07,2
1549,2023-08,2
1549,2023-09,1
1549,2023-10,1
1549,2023-11,2
1549,2023-12,2
1549,2024-01,2
1549,2024-02,2
1549,2024-03,2
1549,2024-04,2
1549,2024-05,2
1549,2024-06,2
1549,2024-07,2
1549,2024-08,2
1549,2024-09,2
1549,2024-10,2
1549,2024-11,2
1549,2024-12,2
1550,2023-01,1
1550,2023-02,1
1550,2023-03,1
1550,2023-04,1
1550,2023-05,1
1550,2023-06,1
1550,2023-07,1
1550,2023-08,1
1550,2023-09,1
1550,2023-10,1
1550,2023-11,1
1550,2023-12,1
1550,2024-01,1
1550,2024-02,1
1550,2024-03,1
1550,2024-04,1
1550,2024-05,1
1550,2024-06,1
1550,2024-07,1
1550,2024-08,1
1550,2024-09,1
1550,2024-10,1
1550,2024-11,1
1550,2024-12,1
1551,2023-01,1
1551,2023-02,1
1551,2023-03,1
1551,2023-04,1
1551,2023-05,1
1551,2023-06,1
1551,2023-07,1
1551,2023-08,1
1551,2023-09,1
1551,2023-10,1
1551,2023-11,1
1551,2023-12,1
1551,2024-01,1
1551,2024-02,1
1551,2024-03,1
1551,2024-04,1
1551,2024-05,1
1551,2024-06,1
1551,2024-07,1
1551,2024-08,1
1551,2024-09,1
1551,2024-10,1
1551,2024-11,1
1551,2024-12,1
1552,2023-01,1
1552,2023-02,1
1552,2023-03,1
1552,2023-04,1
1552,2023-05,1
1552,2023-06,1
1552,2023-07,1
1552,2023-08,1
1552,2023-09,1
1552,2023-10,1
1552,2023-11,1
1552,2023-12,1
1552,2024-01,1
1552,2024-02,1
1552,2024-03,1
1552,2024-04,1
1552,2024-05,1
1552,2024-06,1
1552,2024-07,1
1552,2024-08,1
1552,2024-09,1
1552,2024-10,1
1552,2024-11,1
1552,2024-12,1
1553,2023-01,2
1553,2023-02,2
1553,2023-03,2
1553,2023-04,2
1553,2023-05,2
1553,2023-06,2
1553,2023-07,2
1553,2023-08,2
1553,2023-09,2
1553,2023-10,2
1553,2023-11,2
1553,2023-12,2
1553,2024-01,2
1553,2024-02,2
1553,2024-03,2
1553,2024-04,2
1553,2024-05,2
1553,2024-06,2
1553,2024-07,2
1553,2024-08,2
1553,2024-09,2
1553,2024-10,2
1553,2024-11,2
1553,2024-12,2
1554,2023-01,1
1554,2023-02,1
1554,2023-03,1
1554,2023-04,1
1554,2023-05,1
1554,2023-06,1
1554,2023-07,1
1554,2023-08,1
1554,2023-09,1
1554,2023-10,1
1554,2023-11,1
1554,2023-12,1
1554,2024-01,1
1554,2024-02,1
1554,2024-03,1
1554,2024-04,1
1554,2024-05,1
1554,2024-06,1
1554,2024-07,1
1554,2024-08,1
1554,2024-09,1
1554,2024-10,1
1554,2024-11,1
1554,2024-12,1
1555,2023-01,1
1555,2023-02,1
1555,2023-03,1
1555,2023-04,1
1555,2023-05,1
1555,2023-06,1
1555,2023-07,1
1555,2023-08,1
1555,2023-09,1
1555,2023-10,1
1555,2023-11,1
1555,2023-12,1
1555,2024-01,1
1555,2024-02,1
1555,2024-03,1
1555,2024-04,1
1555,2024-05,1
1555,2024-06,1
1555,2024-07,1
1555,2024-08,1
1555,2024-09,1
1555,2024-10,1
1555,2024-11,1
1555,2024-12,1
1556,2023-01,1
1556,2023-02,1
1556,2023-03,1
1556,2023-04,1
1556,2023-05,1
1556,2023-06,1
1556,2023-07,1
1556,2023-08,1
1556,2023-09,1
1556,2023-10,1
1556,2023-11,1
1556,2023-12,1
1556,2024-01,1
1556,2024-02,1
1556,2024-03,1
1556,2024-04,1
1556,2024-05,1
1556,2024-06,1
1556,2024-07,1
1556,2024-08,1
1556,2024-09,1
1556,2024-10,1
1556,2024-11,1
1556,2024-12,1
1557,2023-01,1
1557,2023-02,1
1557,2023-03,1
1557,2023-04,1
1557,2023-05,1
1557,2023-06,1
1557,2023-07,1
1557,2023-08,1
1557,2023-09,1
1557,2023-10,1
1557,2023-11,1
1557,2023-12,1
1557,2024-01,1
1557,2024-02,1
1557,2024-03,1
1557,2024-04,1
1557,2024-05,1
1557,2024-06,1
1557,2024-07,1
1557,2024-08,1
1557,2024-09,1
1557,2024-10,1
1557,2024-11,1
1557,2024-12,1
1558,2023-01,1
1558,2023-02,1
1558,2023-03,1
1558,2023-04,1
1558,2023-05,1
1558,2023-06,1
1558,2023-07,1
1558,2023-08,1
1558,2023-09,1
1558,2023-10,1
1558,2023-11,1
1558,2023-12,1
1558,2024-01,1
1558,2024-02,1
1558,2024-03,1
1558,2024-04,1
1558,2024-05,1
1558,2024-06,1
1558,2024-07,1
1558,2024-08,1
1558,2024-09,1
1558,2024-10,1
1558,2024-11,1
1558,2024-12,1
1559,2023-01,1
1559,2023-02,1
1559,2023-03,1
1559,2023-04,1
1559,2023-05,1
1559,2023-06,1
1559,2023-07,1
1559,2023-08,1
1559,2023-09,1
1559,2023-10,1
1559,2023-11,1
1559,2023-12,1
1559,2024-01,1
1559,2024-02,1
1559,2024-03,1
1559,2024-04,1
1559,2024-05,1
1559,2024-06,1
1559,2024-07,1
1559,2024-08,1
1559,2024-09,1
1559,2024-10,1
1559,2024-11,1
1559,2024-12,1
1560,2023-01,2
1560,2023-02,2
1560,2023-03,2
1560,2023-04,2
1560,2023-05,2
1560,2023-06,2
1560,2023-07,2
1560,2023-08,2
1560,2023-09,2
1560,2023-10,2
1560,2023-11,2
1560,2023-12,2
1560,2024-01,2
1560,2024-02,2
1560,2024-03,2
1560,2024-04,4
1560,2024-05,2
1560,2024-06,2
1560,2024-07,2
1560,2024-08,2
1560,2024-09,2
1560,2024-10,2
1560,2024-11,2
1560,2024-12,2
1561,2023-01,1
1561,2023-02,1
1561,2023-03,1
1561,2023-04,1
1561,2023-05,1
1561,2023-06,1
1561,2023-07,1
1561,2023-08,1
1561,2023-09,1
1561,2023-10,1
1561,2023-11,1
1561,2023-12,1
1561,2024-01,1
1561,2024-02,1
1561,2024-03,1
1561,2024-04,1
1561,2024-05,1
1561,2024-06,1
1561,2024-07,1
1561,2024-08,1
1561,2024-09,1
1561,2024-10,1
1561,2024-11,1
1561,2024-12,1
1562,2023-01,1
1562,2023-02,1
1562,2023-03,1
1562,2023-04,1
1562,2023-05,1
1562,2023-06,1
1562,2023-07,1
1562,2023-08,1
1562,2023-09,1
1562,2023-10,1
1562,2023-11,1
1562,2023-12,1
1562,2024-01,1
1562,2024-02,1
1562,2024-03,1
1562,2024-04,1
1562,2024-05,1
1562,2024-06,1
1562,2024-07,1
1562,2024-08,1
1562,2024-09,1
1562,2024-10,1
1562,2024-11,1
1562,2024-12,1
1563,2023-01,2
1563,2023-02,2
1563,2023-03,2
1563,2023-04,2
1563,2023-05,2
1563,2023-06,2
1563,2023-07,2
1563,2023-08,2
1563,2023-09,2
1563,2023-10,2
1563,2023-11,2
1563,2023-12,2
1563,2024-01,2
1563,2024-02,2
1563,2024-03,2
1563,2024-04,2
1563,2024-05,2
1563,2024-06,2
1563,2024-07,2
1563,2024-08,2
1563,2024-09,2
1563,2024-10,2
1563,2024-11,2
1563,2024-12,2
1564,2023-01,1
1564,2023-02,1
1564,2023-03,1
1564,2023-04,1
1564,2023-05,1
1564,2023-06,1
1564,2023-07,1
1564,2023-08,1
1564,2023-09,1
1564,2023-10,1
1564,2023-11,1
1564,2023-12,1
1564,2024-01,1
1564,2024-02,1
1564,2024-03,1
1564,2024-04,1
1564,2024-05,1
1564,2024-06,1
1564,2024-07,1
1564,2024-08,1
1564,2024-09,1
1564,2024-10,1
1564,2024-11,1
1564,2024-12,1
1565,2023-01,1
1565,2023-02,1
1565,2023-03,1
1565,2023-04,1
1565,2023-05,1
1565,2023-06,1
1565,2023-07,1
1565,2023-08,1
1565,2023-09,1
1565,2023-10,1
1565,2023-11,1
1565,2023-12,1
1565,2024-01,1
1565,2024-02,1
1565,2024-03,1
1565,2024-04,1
1565,2024-05,1
1565,2024-06,1
1565,2024-07,1
1565,2024-08,1
1565,2024-09,1
1565,2024-10,1
1565,2024-11,1
1565,2024-12,1
1566,2023-01,1
1566,2023-02,1
1566,2023-03,1
1566,2023-04,1
1566,2023-05,1
1566,2023-06,1
1566,2023-07,1
1566,2023-08,1
1566,2023-09,1
1566,2023-10,1
1566,2023-11,1
1566,2023-12,1
1566,2024-01,1
1566,2024-02,1
1566,2024-03,1
1566,2024-04,1
1566,2024-05,1
1566,2024-06,1
1566,2024-07,1
1566,2024-08,1
1566,2024-09,1
1566,2024-10,1
1566,2024-11,1
1566,2024-12,1
1567,2023-01,1
1567,2023-02,1
1567,2023-03,1
1567,2023-04,1
1567,2023-05,1
1567,2023-06,1
1567,2023-07,1
1567,2023-08,1
1567,2023-09,1
1567,2023-10,1
1567,2023-11,1
1567,2023-12,1
1567,2024-01,1
1567,2024-02,1
1567,2024-03,1
1567,2024-04,1
1567,2024-05,1
1567,2024-06,1
1567,2024-07,1
1567,2024-08,1
1567,2024-09,1
1567,2024-10,1
1567,2024-11,1
1567,2024-12,1
1568,2023-01,1
1568,2023-02,1
1568,2023-03,1
1568,2023-04,1
1568,2023-05,1
1568,2023-06,1
1568,2023-07,1
1568,2023-08,1
1568,2023-09,1
1568,2023-10,1
1568,2023-11,1
1568,2023-12,1
1568,2024-01,1
1568,2024-02,1
1568,2024-03,1
1568,2024-04,1
1568,2024-05,1
1568,2024-06,1
1568,2024-07,1
1568,2024-08,1
1568,2024-09,1
1568,2024-10,1
1568,2024-11,1
1568,2024-12,1
1569,2023-01,1
1569,2023-02,1
1569,2023-03,1
1569,2023-04,1
1569,2023-05,1
1569,2023-06,1
1569,2023-07,1
1569,2023-08,1
1569,2023-09,1
1569,2023-10,1
1569,2023-11,1
1569,2023-12,1
1569,2024-01,1
1569,2024-02,1
1569,2024-03,1
1569,2024-04,1
1569,2024-05,1
1569,2024-06,1
1569,2024-07,1
1569,2024-08,1
1569,2024-09,1
1569,2024-10,1
1569,2024-11,1
1569,2024-12,1
1570,2023-01,1
1570,2023-02,1
1570,2023-03,1
1570,2023-04,1
1570,2023-05,1
1570,2023-06,1
1570,2023-07,1
1570,2023-08,1
1570,2023-09,1
1570,2023-10,1
1570,2023-11,1
1570,2023-12,1
1570,2024-01,1
1570,2024-02,1
1570,2024-03,1
1570,2024-04,1
1570,2024-05,1
1570,2024-06,1
1570,2024-07,1
1570,2024-08,1
1570,2024-09,1
1570,2024-10,1
1570,2024-11,1
1570,2024-12,1
1571,2023-01,1
1571,2023-02,1
1571,2023-03,1
1571,2023-04,1
1571,2023-05,1
1571,2023-06,1
1571,2023-07,1
1571,2023-08,1
1571,2023-09,1
1571,2023-10,1
1571,2023-11,1
1571,2023-12,1
1571,2024-01,1
1571,2024-02,1
1571,2024-03,1
1571,2024-04,1
1571,2024-05,1
1571,2024-06,1
1571,2024-07,1
1571,2024-08,1
1571,2024-09,1
1571,2024-10,1
1571,2024-11,1
1571,2024-12,1
1572,2023-01,1
1572,2023-02,1
1572,2023-03,1
1572,2023-04,1
1572,2023-05,1
1572,2023-06,1
1572,2023-07,1
1572,2023-08,1
1572,2023-09,1
1572,2023-10,1
1572,2023-11,1
1572,2023-12,1
1572,2024-01,1
1572,2024-02,1
1572,2024-03,1
1572,2024-04,1
1572,2024-05,1
1572,2024-06,1
1572,2024-07,1
1572,2024-08,1
1572,2024-09,1
1572,2024-10,1
1572,2024-11,1
1572,2024-12,1
1573,2023-01,1
1573,2023-02,1
1573,2023-03,1
1573,2023-04,1
1573,2023-05,1
1573,2023-06,1
1573,2023-07,1
1573,2023-08,1
1573,2023-09,1
1573,2023-10,1
1573,2023-11,1
1573,2023-12,1
1573,2024-01,1
1573,2024-02,1
1573,2024-03,1
1573,2024-04,1
1573,2024-05,1
1573,2024-06,1
1573,2024-07,1
1573,2024-08,1
1573,2024-09,1
1573,2024-10,1
1573,2024-11,1
1573,2024-12,1
1574,2023-01,1
1574,2023-02,1
1574,2023-03,1
1574,2023-04,1
1574,2023-05,1
1574,2023-06,1
1574,2023-07,1
1574,2023-08,1
1574,2023-09,1
1574,2023-10,1
1574,2023-11,1
1574,2023-12,1
1574,2024-01,1
1574,2024-02,1
1574,2024-03,1
1574,2024-04,1
1574,2024-05,1
1574,2024-06,1
1574,2024-07,1
1574,2024-08,1
1574,2024-09,1
1574,2024-10,1
1574,2024-11,1
1574,2024-12,1
1575,2023-01,2
1575,2023-02,2
1575,2023-03,2
1575,2023-04,2
1575,2023-05,2
1575,2023-06,2
1575,2023-07,2
1575,2023-08,2
1575,2023-09,2
1575,2023-10,2
1575,2023-11,2
1575,2023-12,2
1575,2024-01,2
1575,2024-02,2
1575,2024-03,2
1575,2024-04,2
1575,2024-05,2
1575,2024-06,4
1575,2024-07,4
1575,2024-08,4
1575,2024-09,4
1575,2024-10,4
1575,2024-11,2
1575,2024-12,2
1577,2023-01,2
1577,2023-02,2
1577,2023-03,2
1577,2023-04,2
1577,2023-05,2
1577,2023-06,2
1577,2023-07,2
1577,2023-08,2
1577,2023-09,2
1577,2023-10,2
1577,2023-11,2
1577,2023-12,2
1577,2024-01,2
1577,2024-02,2
1577,2024-03,2
1577,2024-04,2
1577,2024-05,2
1577,2024-06,2
1577,2024-07,2
1577,2024-08,2
1577,2024-09,2
1577,2024-10,2
1577,2024-11,2
1577,2024-12,2
1578,2023-01,1
1578,2023-02,1
1578,2023-03,1
1578,2023-04,1
1578,2023-05,1
1578,2023-06,1
1578,2023-07,1
1578,2023-08,1
1578,2023-09,1
1578,2023-10,1
1578,2023-11,1
1578,2023-12,1
1578,2024-01,1
1578,2024-02,1
1578,2024-03,1
1578,2024-04,1
1578,2024-05,1
1578,2024-06,1
1578,2024-07,1
1578,2024-08,1
1578,2024-09,1
1578,2024-10,1
1578,2024-11,1
1578,2024-12,1
1579,2023-01,1
1579,2023-02,1
1579,2023-03,1
1579,2023-04,1
1579,2023-05,1
1579,2023-06,1
1579,2023-07,1
1579,2023-08,1
1579,2023-09,1
1579,2023-10,1
1579,2023-11,1
1579,2023-12,1
1579,2024-01,1
1579,2024-02,1
1579,2024-03,1
1579,2024-04,1
1579,2024-05,1
1579,2024-06,1
1579,2024-07,1
1579,2024-08,1
1579,2024-09,1
1579,2024-10,1
1579,2024-11,1
1579,2024-12,1
1580,2023-01,1
1580,2023-02,1
1580,2023-03,1
1580,2023-04,1
1580,2023-05,1
1580,2023-06,1
1580,2023-07,1
1580,2023-08,1
1580,2023-09,1
1580,2023-10,1
1580,2023-11,1
1580,2023-12,1
1580,2024-01,1
1580,2024-02,1
1580,2024-03,1
1580,2024-04,1
1580,2024-05,1
1580,2024-06,1
1580,2024-07,1
1580,2024-08,1
1580,2024-09,1
1580,2024-10,1
1580,2024-11,1
1580,2024-12,1
1581,2023-01,1
1581,2023-02,1
1581,2023-03,1
1581,2023-04,1
1581,2023-05,1
1581,2023-06,1
1581,2023-07,1
1581,2023-08,1
1581,2023-09,1
1581,2023-10,1
1581,2023-11,1
1581,2023-12,1
1581,2024-01,1
1581,2024-02,1
1581,2024-03,1
1581,2024-04,1
1581,2024-05,1
1581,2024-06,1
1581,2024-07,1
1581,2024-08,1
1581,2024-09,1
1581,2024-10,1
1581,2024-11,1
1581,2024-12,1
1582,2023-01,1
1582,2023-02,1
1582,2023-03,1
1582,2023-04,1
1582,2023-05,1
1582,2023-06,1
1582,2023-07,1
1582,2023-08,1
1582,2023-09,1
1582,2023-10,1
1582,2023-11,1
1582,2023-12,1
1582,2024-01,1
1582,2024-02,1
1582,2024-03,1
1582,2024-04,1
1582,2024-05,1
1582,2024-06,1
1582,2024-07,1
1582,2024-08,1
1582,2024-09,1
1582,2024-10,1
1582,2024-11,1
1582,2024-12,1
1583,2023-01,1
1583,2023-02,1
1583,2023-03,1
1583,2023-04,1
1583,2023-05,1
1583,2023-06,1
1583,2023-07,1
1583,2023-08,1
1583,2023-09,1
1583,2023-10,1
1583,2023-11,1
1583,2023-12,1
1583,2024-01,1
1583,2024-02,1
1583,2024-03,1
1583,2024-04,1
1583,2024-05,1
1583,2024-06,1
1583,2024-07,1
1583,2024-08,1
1583,2024-09,1
1583,2024-10,1
1583,2024-11,1
1583,2024-12,1
1584,2023-01,1
1584,2023-02,1
1584,2023-03,1
1584,2023-04,1
1584,2023-05,1
1584,2023-06,1
1584,2023-07,1
1584,2023-08,1
1584,2023-09,1
1584,2023-10,1
1584,2023-11,1
1584,2023-12,1
1584,2024-01,1
1584,2024-02,1
1584,2024-03,1
1584,2024-04,1
1584,2024-05,1
1584,2024-06,1
1584,2024-07,1
1584,2024-08,1
1584,2024-09,1
1584,2024-10,1
1584,2024-11,1
1584,2024-12,1
1585,2023-01,1
1585,2023-02,1
1585,2023-03,1
1585,2023-04,1
1585,2023-05,1
1585,2023-06,1
1585,2023-07,1
1585,2023-08,1
1585,2023-09,1
1585,2023-10,1
1585,2023-11,1
1585,2023-12,1
1585,2024-01,1
1585,2024-02,1
1585,2024-03,1
1585,2024-04,1
1585,2024-05,1
1585,2024-06,1
1585,2024-07,1
1585,2024-08,1
1585,2024-09,1
1585,2024-10,1
1585,2024-11,1
1585,2024-12,1
1586,2023-01,2
1586,2023-02,2
1586,2023-03,2
1586,2023-04,2
1586,2023-05,2
1586,2023-06,2
1586,2023-07,2
1586,2023-08,2
1586,2023-09,2
1586,2023-10,2
1586,2023-11,2
1586,2023-12,2
1586,2024-01,2
1586,2024-02,2
1586,2024-03,2
1586,2024-04,2
1586,2024-05,2
1586,2024-06,2
1586,2024-07,2
1586,2024-08,2
1586,2024-09,2
1586,2024-10,2
1586,2024-11,2
1586,2024-12,2
1587,2023-01,1
1587,2023-02,1
1587,2023-03,1
1587,2023-04,1
1587,2023-05,1
1587,2023-06,1
1587,2023-07,1
1587,2023-08,1
1587,2023-09,1
1587,2023-10,1
1587,2023-11,1
1587,2023-12,1
1587,2024-01,1
1587,2024-02,1
1587,2024-03,1
1587,2024-04,1
1587,2024-05,1
1587,2024-06,1
1587,2024-07,1
1587,2024-08,1
1587,2024-09,1
1587,2024-10,1
1587,2024-11,1
1587,2024-12,1
1588,2023-01,1
1588,2023-02,1
1588,2023-03,1
1588,2023-04,1
1588,2023-05,1
1588,2023-06,1
1588,2023-07,1
1588,2023-08,1
1588,2023-09,1
1588,2023-10,1
1588,2023-11,1
1588,2023-12,1
1588,2024-01,1
1588,2024-02,1
1588,2024-03,1
1588,2024-04,1
1588,2024-05,1
1588,2024-06,1
1588,2024-07,1
1588,2024-08,1
1588,2024-09,1
1588,2024-10,1
1588,2024-11,1
1588,2024-12,1
1589,2023-01,1
1589,2023-02,1
1589,2023-03,1
1589,2023-04,1
1589,2023-05,1
1589,2023-06,1
1589,2023-07,1
1589,2023-08,1
1589,2023-09,1
1589,2023-10,1
1589,2023-11,1
1589,2023-12,1
1589,2024-01,1
1589,2024-02,1
1589,2024-03,1
1589,2024-04,1
1589,2024-05,1
1589,2024-06,1
1589,2024-07,1
1589,2024-08,1
1589,2024-09,1
1589,2024-10,1
1589,2024-11,1
1589,2024-12,1
1590,2023-01,1
1590,2023-02,1
1590,2023-03,1
1590,2023-04,1
1590,2023-05,1
1590,2023-06,1
1590,2023-07,1
1590,2023-08,1
1590,2023-09,1
1590,2023-10,1
1590,2023-11,1
1590,2023-12,1
1590,2024-01,1
1590,2024-02,1
1590,2024-03,1
1590,2024-04,1
1590,2024-05,1
1590,2024-06,1
1590,2024-07,1
1590,2024-08,1
1590,2024-09,1
1590,2024-10,1
1590,2024-11,1
1590,2024-12,1
1592,2023-01,2
1592,2023-02,2
1592,2023-03,2
1592,2023-04,2
1592,2023-05,2
1592,2023-06,2
1592,2023-07,1
1592,2023-08,1
1592,2023-09,2
1592,2023-10,1
1592,2023-11,1
1592,2023-12,2
1592,2024-01,2
1592,2024-02,2
1592,2024-03,2
1592,2024-04,2
1592,2024-05,2
1592,2024-06,2
1592,2024-07,2
1592,2024-08,2
1592,2024-09,2
1592,2024-10,2
1592,2024-11,2
1592,2024-12,2
1593,2023-01,1
1593,2023-02,1
1593,2023-03,1
1593,2023-04,1
1593,2023-05,1
1593,2023-06,1
1593,2023-07,1
1593,2023-08,1
1593,2023-09,1
1593,2023-10,1
1593,2023-11,1
1593,2023-12,1
1593,2024-01,1
1593,2024-02,1
1593,2024-03,1
1593,2024-04,1
1593,2024-05,1
1593,2024-06,1
1593,2024-07,1
1593,2024-08,1
1593,2024-09,1
1593,2024-10,1
1593,2024-11,1
1593,2024-12,1
1594,2023-01,1
1594,2023-02,1
1594,2023-03,1
1594,2023-04,1
1594,2023-05,1
1594,2023-06,1
1594,2023-07,1
1594,2023-08,1
1594,2023-09,1
1594,2023-10,1
1594,2023-11,1
1594,2023-12,1
1594,2024-01,1
1594,2024-02,1
1594,2024-03,1
1594,2024-04,1
1594,2024-05,1
1594,2024-06,1
1594,2024-07,1
1594,2024-08,1
1594,2024-09,1
1594,2024-10,1
1594,2024-11,1
1594,2024-12,1
1595,2023-01,1
1595,2023-02,1
1595,2023-03,1
1595,2023-04,1
1595,2023-05,1
1595,2023-06,1
1595,2023-07,1
1595,2023-08,1
1595,2023-09,1
1595,2023-10,1
1595,2023-11,1
1595,2023-12,1
1595,2024-01,1
1595,2024-02,1
1595,2024-03,1
1595,2024-04,1
1595,2024-05,1
1595,2024-06,1
1595,2024-07,1
1595,2024-08,1
1595,2024-09,1
1595,2024-10,1
1595,2024-11,1
1595,2024-12,1
1596,2023-01,1
1596,2023-02,1
1596,2023-03,1
1596,2023-04,1
1596,2023-05,1
1596,2023-06,1
1596,2023-07,1
1596,2023-08,1
1596,2023-09,1
1596,2023-10,1
1596,2023-11,1
1596,2023-12,1
1596,2024-01,1
1596,2024-02,1
1596,2024-03,1
1596,2024-04,1
1596,2024-05,1
1596,2024-06,1
1596,2024-07,1
1596,2024-08,1
1596,2024-09,1
1596,2024-10,1
1596,2024-11,1
1596,2024-12,1
1597,2023-01,4
1597,2023-02,4
1597,2023-03,4
1597,2023-04,4
1597,2023-05,4
1597,2023-06,4
1597,2023-07,4
1597,2023-08,4
1597,2023-09,4
1597,2023-10,4
1597,2023-11,4
1597,2023-12,4
1597,2024-01,4
1597,2024-02,4
1597,2024-03,4
1597,2024-04,4
1597,2024-05,4
1597,2024-06,4
1597,2024-07,4
1597,2024-08,4
1597,2024-09,4
1597,2024-10,4
1597,2024-11,4
1597,2024-12,4
1598,2023-01,2
1598,2023-02,2
1598,2023-03,2
1598,2023-04,2
1598,2023-05,2
1598,2023-06,2
1598,2023-07,2
1598,2023-08,2
1598,2023-09,2
1598,2023-10,4
1598,2023-11,4
1598,2023-12,2
1598,2024-01,4
1598,2024-02,4
1598,2024-03,4
1598,2024-04,4
1598,2024-05,4
1598,2024-06,2
1598,2024-07,2
1598,2024-08,2
1598,2024-09,4
1598,2024-10,4
1598,2024-11,2
1598,2024-12,2
1599,2023-01,2
1599,2023-02,2
1599,2023-03,2
1599,2023-04,2
1599,2023-05,2
1599,2023-06,2
1599,2023-07,2
1599,2023-08,2
1599,2023-09,2
1599,2023-10,2
1599,2023-11,2
1599,2023-12,2
1599,2024-01,2
1599,2024-02,2
1599,2024-03,2
1599,2024-04,2
1599,2024-05,2
1599,2024-06,2
1599,2024-07,2
1599,2024-08,2
1599,2024-09,2
1599,2024-10,2
1599,2024-11,2
1599,2024-12,2
1600,2023-01,2
1600,2023-02,2
1600,2023-03,2
1600,2023-04,2
1600,2023-05,2
1600,2023-06,2
1600,2023-07,2
1600,2023-08,2
1600,2023-09,2
1600,2023-10,2
1600,2023-11,2
1600,2023-12,2
1600,2024-01,2
1600,2024-02,2
1600,2024-03,2
1600,2024-04,2
1600,2024-05,2
1600,2024-06,2
1600,2024-07,2
1600,2024-08,2
1600,2024-09,2
1600,2024-10,2
1600,2024-11,2
1600,2024-12,2
1601,2023-01,2
1601,2023-02,2
1601,2023-03,2
1601,2023-04,4
1601,2023-05,4
1601,2023-06,4
1601,2023-07,4
1601,2023-08,4
1601,2023-09,4
1601,2023-10,4
1601,2023-11,4
1601,2023-12,4
1601,2024-01,4
1601,2024-02,4
1601,2024-03,4
1601,2024-04,4
1601,2024-05,4
1601,2024-06,4
1601,2024-07,4
1601,2024-08,4
1601,2024-09,4
1601,2024-10,4
1601,2024-11,4
1601,2024-12,4
1602,2023-01,1
1602,2023-02,1
1602,2023-03,1
1602,2023-04,1
1602,2023-05,1
1602,2023-06,1
1602,2023-07,1
1602,2023-08,1
1602,2023-09,1
1602,2023-10,1
1602,2023-11,1
1602,2023-12,1
1602,2024-01,1
1602,2024-02,1
1602,2024-03,1
1602,2024-04,1
1602,2024-05,1
1602,2024-06,1
1602,2024-07,1
1602,2024-08,1
1602,2024-09,1
1602,2024-10,1
1602,2024-11,1
1602,2024-12,1
1603,2023-01,2
1603,2023-02,2
1603,2023-03,2
1603,2023-04,2
1603,2023-05,2
1603,2023-06,2
1603,2023-07,2
1603,2023-08,2
1603,2023-09,2
1603,2023-10,2
1603,2023-11,2
1603,2023-12,2
1603,2024-01,2
1603,2024-02,2
1603,2024-03,2
1603,2024-04,2
1603,2024-05,2
1603,2024-06,2
1603,2024-07,2
1603,2024-08,2
1603,2024-09,2
1603,2024-10,2
1603,2024-11,2
1603,2024-12,2
1604,2023-01,1
1604,2023-02,1
1604,2023-03,1
1604,2023-04,1
1604,2023-05,1
1604,2023-06,1
1604,2023-07,1
1604,2023-08,1
1604,2023-09,2
1604,2023-10,2
1604,2023-11,2
1604,2023-12,2
1604,2024-01,2
1604,2024-02,2
1604,2024-03,2
1604,2024-04,2
1604,2024-05,2
1604,2024-06,2
1604,2024-07,2
1604,2024-08,2
1604,2024-09,2
1604,2024-10,2
1604,2024-11,2
1604,2024-12,2
1605,2023-01,1
1605,2023-02,1
1605,2023-03,1
1605,2023-04,1
1605,2023-05,1
1605,2023-06,1
1605,2023-07,1
1605,2023-08,1
1605,2023-09,1
1605,2023-10,1
1605,2023-11,1
1605,2023-12,1
1605,2024-01,1
1605,2024-02,1
1605,2024-03,1
1605,2024-04,1
1605,2024-05,1
1605,2024-06,1
1605,2024-07,1
1605,2024-08,1
1605,2024-09,1
1605,2024-10,1
1605,2024-11,1
1605,2024-12,1
1606,2023-01,1
1606,2023-02,1
1606,2023-03,1
1606,2023-04,1
1606,2023-05,1
1606,2023-06,1
1606,2023-07,1
1606,2023-08,1
1606,2023-09,1
1606,2023-10,1
1606,2023-11,1
1606,2023-12,1
1606,2024-01,1
1606,2024-02,1
1606,2024-03,1
1606,2024-04,1
1606,2024-05,1
1606,2024-06,1
1606,2024-07,1
1606,2024-08,1
1606,2024-09,1
1606,2024-10,1
1606,2024-11,1
1606,2024-12,1
1607,2023-01,1
1607,2023-02,1
1607,2023-03,1
1607,2023-04,1
1607,2023-05,1
1607,2023-06,1
1607,2023-07,1
1607,2023-08,1
1607,2023-09,1
1607,2023-10,1
1607,2023-11,1
1607,2023-12,1
1607,2024-01,1
1607,2024-02,1
1607,2024-03,1
1607,2024-04,1
1607,2024-05,1
1607,2024-06,1
1607,2024-07,1
1607,2024-08,1
1607,2024-09,1
1607,2024-10,1
1607,2024-11,1
1607,2024-12,1
1608,2023-01,1
1608,2023-02,1
1608,2023-03,2
1608,2023-04,2
1608,2023-05,2
1608,2023-06,2
1608,2023-07,1
1608,2023-08,1
1608,2023-09,1
1608,2023-10,1
1608,2023-11,1
1608,2023-12,1
1608,2024-01,1
1608,2024-02,1
1608,2024-03,1
1608,2024-04,1
1608,2024-05,2
1608,2024-06,2
1608,2024-07,2
1608,2024-08,2
1608,2024-09,2
1608,2024-10,2
1608,2024-11,2
1608,2024-12,2
1609,2023-01,1
1609,2023-02,1
1609,2023-03,1
1609,2023-04,1
1609,2023-05,1
1609,2023-06,1
1609,2023-07,1
1609,2023-08,2
1609,2023-09,2
1609,2023-10,2
1609,2023-11,1
1609,2023-12,1
1609,2024-01,2
1609,2024-02,1
1609,2024-03,1
1609,2024-04,2
1609,2024-05,2
1609,2024-06,1
1609,2024-07,2
1609,2024-08,1
1609,2024-09,2
1609,2024-10,2
1609,2024-11,2
1609,2024-12,2
1610,2023-01,1
1610,2023-02,1
1610,2023-03,1
1610,2023-04,1
1610,2023-05,1
1610,2023-06,1
1610,2023-07,1
1610,2023-08,1
1610,2023-09,1
1610,2023-10,1
1610,2023-11,1
1610,2023-12,1
1610,2024-01,1
1610,2024-02,1
1610,2024-03,1
1610,2024-04,1
1610,2024-05,1
1610,2024-06,1
1610,2024-07,1
1610,2024-08,1
1610,2024-09,1
1610,2024-10,1
1610,2024-11,1
1610,2024-12,1
1611,2023-01,1
1611,2023-02,1
1611,2023-03,1
1611,2023-04,1
1611,2023-05,1
1611,2023-06,1
1611,2023-07,1
1611,2023-08,1
1611,2023-09,1
1611,2023-10,1
1611,2023-11,1
1611,2023-12,1
1611,2024-01,1
1611,2024-02,1
1611,2024-03,1
1611,2024-04,1
1611,2024-05,1
1611,2024-06,1
1611,2024-07,1
1611,2024-08,1
1611,2024-09,1
1611,2024-10,1
1611,2024-11,1
1611,2024-12,1
1612,2023-01,1
1612,2023-02,1
1612,2023-03,1
1612,2023-04,1
1612,2023-05,1
1612,2023-06,1
1612,2023-07,1
1612,2023-08,1
1612,2023-09,1
1612,2023-10,1
1612,2023-11,1
1612,2023-12,1
1612,2024-01,1
1612,2024-02,1
1612,2024-03,1
1612,2024-04,1
1612,2024-05,1
1612,2024-06,1
1612,2024-07,1
1612,2024-08,1
1612,2024-09,1
1612,2024-10,1
1612,2024-11,1
1612,2024-12,1
1613,2023-01,1
1613,2023-02,1
1613,2023-03,1
1613,2023-04,1
1613,2023-05,1
1613,2023-06,1
1613,2023-07,1
1613,2023-08,1
1613,2023-09,1
1613,2023-10,1
1613,2023-11,1
1613,2023-12,1
1613,2024-01,1
1613,2024-02,1
1613,2024-03,1
1613,2024-04,1
1613,2024-05,1
1613,2024-06,1
1613,2024-07,1
1613,2024-08,1
1613,2024-09,1
1613,2024-10,1
1613,2024-11,1
1613,2024-12,1
1614,2023-01,1
1614,2023-02,1
1614,2023-03,1
1614,2023-04,1
1614,2023-05,1
1614,2023-06,1
1614,2023-07,1
1614,2023-08,1
1614,2023-09,1
1614,2023-10,1
1614,2023-11,1
1614,2023-12,1
1614,2024-01,1
1614,2024-02,1
1614,2024-03,1
1614,2024-04,1
1614,2024-05,1
1614,2024-06,1
1614,2024-07,1
1614,2024-08,1
1614,2024-09,1
1614,2024-10,1
1614,2024-11,1
1614,2024-12,1
1615,2023-01,2
1615,2023-02,2
1615,2023-03,2
1615,2023-04,2
1615,2023-05,2
1615,2023-06,2
1615,2023-07,2
1615,2023-08,2
1615,2023-09,2
1615,2023-10,2
1615,2023-11,2
1615,2023-12,2
1615,2024-01,2
1615,2024-02,2
1615,2024-03,2
1615,2024-04,2
1615,2024-05,2
1615,2024-06,2
1615,2024-07,2
1615,2024-08,2
1615,2024-09,2
1615,2024-10,2
1615,2024-11,2
1615,2024-12,2
1616,2023-01,1
1616,2023-02,1
1616,2023-03,1
1616,2023-04,1
1616,2023-05,1
1616,2023-06,1
1616,2023-07,1
1616,2023-08,1
1616,2023-09,1
1616,2023-10,1
1616,2023-11,1
1616,2023-12,1
1616,2024-01,1
1616,2024-02,1
1616,2024-03,1
1616,2024-04,1
1616,2024-05,1
1616,2024-06,1
1616,2024-07,1
1616,2024-08,1
1616,2024-09,1
1616,2024-10,1
1616,2024-11,1
1616,2024-12,1
1617,2023-01,1
1617,2023-02,1
1617,2023-03,1
1617,2023-04,1
1617,2023-05,1
1617,2023-06,1
1617,2023-07,1
1617,2023-08,1
1617,2023-09,1
1617,2023-10,1
1617,2023-11,1
1617,2023-12,1
1617,2024-01,1
1617,2024-02,1
1617,2024-03,1
1617,2024-04,1
1617,2024-05,1
1617,2024-06,1
1617,2024-07,1
1617,2024-08,1
1617,2024-09,1
1617,2024-10,1
1617,2024-11,1
1617,2024-12,1
1618,2023-01,1
1618,2023-02,1
1618,2023-03,1
1618,2023-04,1
1618,2023-05,1
1618,2023-06,1
1618,2023-07,1
1618,2023-08,1
1618,2023-09,1
1618,2023-10,1
1618,2023-11,1
1618,2023-12,1
1618,2024-01,1
1618,2024-02,1
1618,2024-03,1
1618,2024-04,1
1618,2024-05,1
1618,2024-06,1
1618,2024-07,1
1618,2024-08,1
1618,2024-09,1
1618,2024-10,1
1618,2024-11,1
1618,2024-12,1
1619,2023-01,1
1619,2023-02,1
1619,2023-03,1
1619,2023-04,1
1619,2023-05,1
1619,2023-06,1
1619,2023-07,1
1619,2023-08,1
1619,2023-09,1
1619,2023-10,1
1619,2023-11,1
1619,2023-12,1
1619,2024-01,1
1619,2024-02,1
1619,2024-03,1
1619,2024-04,1
1619,2024-05,2
1619,2024-06,2
1619,2024-07,2
1619,2024-08,2
1619,2024-09,2
1619,2024-10,2
1619,2024-11,2
1619,2024-12,1
1620,2023-01,4
1620,2023-02,4
1620,2023-03,4
1620,2023-04,4
1620,2023-05,4
1620,2023-06,4
1620,2023-07,4
1620,2023-08,4
1620,2023-09,4
1620,2023-10,4
1620,2023-11,4
1620,2023-12,4
1620,2024-01,4
1620,2024-02,4
1620,2024-03,4
1620,2024-04,4
1620,2024-05,4
1620,2024-06,4
1620,2024-07,4
1620,2024-08,4
1620,2024-09,4
1620,2024-10,4
1620,2024-11,4
1620,2024-12,4
1621,2023-01,1
1621,2023-02,1
1621,2023-03,1
1621,2023-04,1
1621,2023-05,1
1621,2023-06,1
1621,2023-07,1
1621,2023-08,1
1621,2023-09,1
1621,2023-10,1
1621,2023-11,1
1621,2023-12,1
1621,2024-01,1
1621,2024-02,1
1621,2024-03,1
1621,2024-04,1
1621,2024-05,1
1621,2024-06,1
1621,2024-07,1
1621,2024-08,1
1621,2024-09,1
1621,2024-10,1
1621,2024-11,1
1621,2024-12,1
1622,2023-01,1
1622,2023-02,1
1622,2023-03,1
1622,2023-04,1
1622,2023-05,1
1622,2023-06,1
1622,2023-07,1
1622,2023-08,1
1622,2023-09,1
1622,2023-10,1
1622,2023-11,1
1622,2023-12,1
1622,2024-01,1
1622,2024-02,1
1622,2024-03,1
1622,2024-04,1
1622,2024-05,1
1622,2024-06,1
1622,2024-07,1
1622,2024-08,1
1622,2024-09,1
1622,2024-10,1
1622,2024-11,1
1622,2024-12,1
1623,2023-01,1
1623,2023-02,1
1623,2023-03,1
1623,2023-04,1
1623,2023-05,1
1623,2023-06,1
1623,2023-07,1
1623,2023-08,1
1623,2023-09,1
1623,2023-10,1
1623,2023-11,1
1623,2023-12,1
1623,2024-01,1
1623,2024-02,1
1623,2024-03,1
1623,2024-04,1
1623,2024-05,1
1623,2024-06,1
1623,2024-07,2
1623,2024-08,2
1623,2024-09,2
1623,2024-10,2
1623,2024-11,2
1623,2024-12,1
1624,2023-01,1
1624,2023-02,1
1624,2023-03,1
1624,2023-04,1
1624,2023-05,1
1624,2023-06,1
1624,2023-07,1
1624,2023-08,1
1624,2023-09,1
1624,2023-10,1
1624,2023-11,1
1624,2023-12,1
1624,2024-01,1
1624,2024-02,1
1624,2024-03,1
1624,2024-04,1
1624,2024-05,1
1624,2024-06,1
1624,2024-07,1
1624,2024-08,1
1624,2024-09,1
1624,2024-10,1
1624,2024-11,1
1624,2024-12,1
1625,2023-01,1
1625,2023-02,1
1625,2023-03,1
1625,2023-04,1
1625,2023-05,1
1625,2023-06,1
1625,2023-07,1
1625,2023-08,1
1625,2023-09,1
1625,2023-10,2
1625,2023-11,2
1625,2023-12,1
1625,2024-01,1
1625,2024-02,1
1625,2024-03,1
1625,2024-04,1
1625,2024-05,1
1625,2024-06,1
1625,2024-07,1
1625,2024-08,1
1625,2024-09,2
1625,2024-10,2
1625,2024-11,2
1625,2024-12,1
1626,2023-01,1
1626,2023-02,1
1626,2023-03,1
1626,2023-04,1
1626,2023-05,1
1626,2023-06,1
1626,2023-07,1
1626,2023-08,1
1626,2023-09,1
1626,2023-10,1
1626,2023-11,1
1626,2023-12,1
1626,2024-01,1
1626,2024-02,1
1626,2024-03,1
1626,2024-04,1
1626,2024-05,1
1626,2024-06,1
1626,2024-07,1
1626,2024-08,1
1626,2024-09,1
1626,2024-10,1
1626,2024-11,1
1626,2024-12,1
1627,2023-01,1
1627,2023-02,1
1627,2023-03,1
1627,2023-04,1
1627,2023-05,1
1627,2023-06,1
1627,2023-07,1
1627,2023-08,1
1627,2023-09,1
1627,2023-10,1
1627,2023-11,1
1627,2023-12,1
1627,2024-01,1
1627,2024-02,1
1627,2024-03,1
1627,2024-04,1
1627,2024-05,1
1627,2024-06,1
1627,2024-07,1
1627,2024-08,1
1627,2024-09,1
1627,2024-10,1
1627,2024-11,1
1627,2024-12,1
1628,2023-01,1
1628,2023-02,1
1628,2023-03,1
1628,2023-04,1
1628,2023-05,1
1628,2023-06,1
1628,2023-07,1
1628,2023-08,1
1628,2023-09,1
1628,2023-10,1
1628,2023-11,1
1628,2023-12,1
1628,2024-01,1
1628,2024-02,1
1628,2024-03,1
1628,2024-04,1
1628,2024-05,1
1628,2024-06,1
1628,2024-07,1
1628,2024-08,1
1628,2024-09,1
1628,2024-10,1
1628,2024-11,1
1628,2024-12,1
1629,2023-01,1
1629,2023-02,1
1629,2023-03,1
1629,2023-04,1
1629,2023-05,1
1629,2023-06,1
1629,2023-07,1
1629,2023-08,1
1629,2023-09,1
1629,2023-10,1
1629,2023-11,1
1629,2023-12,1
1629,2024-01,1
1629,2024-02,1
1629,2024-03,1
1629,2024-04,1
1629,2024-05,1
1629,2024-06,1
1629,2024-07,2
1629,2024-08,1
1629,2024-09,2
1629,2024-10,1
1629,2024-11,1
1629,2024-12,1
1630,2023-01,1
1630,2023-02,1
1630,2023-03,1
1630,2023-04,1
1630,2023-05,1
1630,2023-06,1
1630,2023-07,1
1630,2023-08,1
1630,2023-09,1
1630,2023-10,1
1630,2023-11,1
1630,2023-12,1
1630,2024-01,1
1630,2024-02,1
1630,2024-03,1
1630,2024-04,1
1630,2024-05,1
1630,2024-06,1
1630,2024-07,1
1630,2024-08,1
1630,2024-09,1
1630,2024-10,1
1630,2024-11,1
1630,2024-12,1
1631,2023-01,1
1631,2023-02,1
1631,2023-03,1
1631,2023-04,1
1631,2023-05,1
1631,2023-06,1
1631,2023-07,1
1631,2023-08,1
1631,2023-09,1
1631,2023-10,1
1631,2023-11,1
1631,2023-12,1
1631,2024-01,1
1631,2024-02,1
1631,2024-03,1
1631,2024-04,1
1631,2024-05,1
1631,2024-06,1
1631,2024-07,1
1631,2024-08,1
1631,2024-09,1
1631,2024-10,1
1631,2024-11,1
1631,2024-12,1
1632,2023-01,2
1632,2023-02,2
1632,2023-03,2
1632,2023-04,2
1632,2023-05,4
1632,2023-06,2
1632,2023-07,2
1632,2023-08,2
1632,2023-09,2
1632,2023-10,2
1632,2023-11,2
1632,2023-12,2
1632,2024-01,4
1632,2024-02,2
1632,2024-03,2
1632,2024-04,4
1632,2024-05,4
1632,2024-06,4
1632,2024-07,4
1632,2024-08,2
1632,2024-09,2
1632,2024-10,2
1632,2024-11,2
1632,2024-12,2
1633,2023-01,1
1633,2023-02,1
1633,2023-03,1
1633,2023-04,1
1633,2023-05,1
1633,2023-06,1
1633,2023-07,1
1633,2023-08,1
1633,2023-09,1
1633,2023-10,1
1633,2023-11,1
1633,2023-12,1
1633,2024-01,1
1633,2024-02,1
1633,2024-03,1
1633,2024-04,1
1633,2024-05,1
1633,2024-06,1
1633,2024-07,1
1633,2024-08,1
1633,2024-09,1
1633,2024-10,1
1633,2024-11,1
1633,2024-12,1
1634,2023-01,1
1634,2023-02,1
1634,2023-03,1
1634,2023-04,1
1634,2023-05,1
1634,2023-06,1
1634,2023-07,1
1634,2023-08,1
1634,2023-09,1
1634,2023-10,1
1634,2023-11,1
1634,2023-12,1
1634,2024-01,1
1634,2024-02,1
1634,2024-03,1
1634,2024-04,1
1634,2024-05,1
1634,2024-06,1
1634,2024-07,1
1634,2024-08,1
1634,2024-09,1
1634,2024-10,1
1634,2024-11,1
1634,2024-12,1
1635,2023-01,1
1635,2023-02,1
1635,2023-03,1
1635,2023-04,1
1635,2023-05,1
1635,2023-06,1
1635,2023-07,1
1635,2023-08,1
1635,2023-09,1
1635,2023-10,1
1635,2023-11,1
1635,2023-12,1
1635,2024-01,1
1635,2024-02,1
1635,2024-03,1
1635,2024-04,1
1635,2024-05,1
1635,2024-06,1
1635,2024-07,1
1635,2024-08,1
1635,2024-09,1
1635,2024-10,1
1635,2024-11,1
1635,2024-12,1
1636,2023-01,1
1636,2023-02,1
1636,2023-03,1
1636,2023-04,1
1636,2023-05,1
1636,2023-06,1
1636,2023-07,1
1636,2023-08,1
1636,2023-09,1
1636,2023-10,1
1636,2023-11,1
1636,2023-12,1
1636,2024-01,1
1636,2024-02,1
1636,2024-03,1
1636,2024-04,1
1636,2024-05,1
1636,2024-06,1
1636,2024-07,1
1636,2024-08,1
1636,2024-09,1
1636,2024-10,1
1636,2024-11,1
1636,2024-12,1
1637,2023-01,1
1637,2023-02,1
1637,2023-03,1
1637,2023-04,1
1637,2023-05,1
1637,2023-06,1
1637,2023-07,1
1637,2023-08,1
1637,2023-09,1
1637,2023-10,1
1637,2023-11,1
1637,2023-12,1
1637,2024-01,1
1637,2024-02,1
1637,2024-03,1
1637,2024-04,1
1637,2024-05,1
1637,2024-06,1
1637,2024-07,1
1637,2024-08,1
1637,2024-09,1
1637,2024-10,1
1637,2024-11,1
1637,2024-12,1
1638,2023-01,1
1638,2023-02,1
1638,2023-03,1
1638,2023-04,1
1638,2023-05,1
1638,2023-06,1
1638,2023-07,1
1638,2023-08,1
1638,2023-09,1
1638,2023-10,1
1638,2023-11,1
1638,2023-12,1
1638,2024-01,1
1638,2024-02,1
1638,2024-03,1
1638,2024-04,1
1638,2024-05,1
1638,2024-06,1
1638,2024-07,1
1638,2024-08,1
1638,2024-09,1
1638,2024-10,1
1638,2024-11,1
1638,2024-12,1
1639,2023-01,1
1639,2023-02,1
1639,2023-03,1
1639,2023-04,1
1639,2023-05,1
1639,2023-06,1
1639,2023-07,1
1639,2023-08,1
1639,2023-09,1
1639,2023-10,1
1639,2023-11,1
1639,2023-12,1
1639,2024-01,1
1639,2024-02,1
1639,2024-03,1
1639,2024-04,1
1639,2024-05,1
1639,2024-06,1
1639,2024-07,1
1639,2024-08,1
1639,2024-09,1
1639,2024-10,1
1639,2024-11,1
1639,2024-12,1
1640,2023-01,1
1640,2023-02,1
1640,2023-03,1
1640,2023-04,1
1640,2023-05,1
1640,2023-06,1
1640,2023-07,1
1640,2023-08,1
1640,2023-09,1
1640,2023-10,1
1640,2023-11,1
1640,2023-12,1
1640,2024-01,1
1640,2024-02,1
1640,2024-03,1
1640,2024-04,1
1640,2024-05,1
1640,2024-06,1
1640,2024-07,1
1640,2024-08,1
1640,2024-09,1
1640,2024-10,1
1640,2024-11,1
1640,2024-12,1
1641,2023-01,1
1641,2023-02,1
1641,2023-03,1
1641,2023-04,1
1641,2023-05,1
1641,2023-06,1
1641,2023-07,1
1641,2023-08,1
1641,2023-09,1
1641,2023-10,1
1641,2023-11,1
1641,2023-12,1
1641,2024-01,1
1641,2024-02,1
1641,2024-03,1
1641,2024-04,1
1641,2024-05,1
1641,2024-06,1
1641,2024-07,1
1641,2024-08,1
1641,2024-09,1
1641,2024-10,1
1641,2024-11,1
1641,2024-12,1
1642,2023-01,1
1642,2023-02,1
1642,2023-03,1
1642,2023-04,1
1642,2023-05,1
1642,2023-06,1
1642,2023-07,1
1642,2023-08,1
1642,2023-09,1
1642,2023-10,1
1642,2023-11,1
1642,2023-12,1
1642,2024-01,1
1642,2024-02,1
1642,2024-03,1
1642,2024-04,1
1642,2024-05,1
1642,2024-06,1
1642,2024-07,1
1642,2024-08,1
1642,2024-09,1
1642,2024-10,1
1642,2024-11,1
1642,2024-12,1
1643,2023-01,2
1643,2023-02,1
1643,2023-03,1
1643,2023-04,1
1643,2023-05,1
1643,2023-06,1
1643,2023-07,1
1643,2023-08,1
1643,2023-09,1
1643,2023-10,1
1643,2023-11,1
1643,2023-12,1
1643,2024-01,1
1643,2024-02,1
1643,2024-03,1
1643,2024-04,1
1643,2024-05,1
1643,2024-06,1
1643,2024-07,1
1643,2024-08,1
1643,2024-09,1
1643,2024-10,1
1643,2024-11,1
1643,2024-12,1
1644,2023-01,1
1644,2023-02,1
1644,2023-03,1
1644,2023-04,1
1644,2023-05,1
1644,2023-06,1
1644,2023-07,1
1644,2023-08,1
1644,2023-09,1
1644,2023-10,1
1644,2023-11,1
1644,2023-12,1
1644,2024-01,1
1644,2024-02,1
1644,2024-03,1
1644,2024-04,1
1644,2024-05,1
1644,2024-06,1
1644,2024-07,1
1644,2024-08,1
1644,2024-09,1
1644,2024-10,1
1644,2024-11,1
1644,2024-12,1
1645,2023-01,1
1645,2023-02,1
1645,2023-03,1
1645,2023-04,1
1645,2023-05,1
1645,2023-06,1
1645,2023-07,1
1645,2023-08,1
1645,2023-09,1
1645,2023-10,1
1645,2023-11,1
1645,2023-12,1
1645,2024-01,1
1645,2024-02,1
1645,2024-03,1
1645,2024-04,1
1645,2024-05,1
1645,2024-06,1
1645,2024-07,1
1645,2024-08,1
1645,2024-09,1
1645,2024-10,1
1645,2024-11,1
1645,2024-12,1
1646,2023-01,1
1646,2023-02,1
1646,2023-03,1
1646,2023-04,1
1646,2023-05,1
1646,2023-06,1
1646,2023-07,1
1646,2023-08,1
1646,2023-09,1
1646,2023-10,1
1646,2023-11,1
1646,2023-12,1
1646,2024-01,1
1646,2024-02,1
1646,2024-03,1
1646,2024-04,1
1646,2024-05,1
1646,2024-06,1
1646,2024-07,1
1646,2024-08,1
1646,2024-09,1
1646,2024-10,1
1646,2024-11,1
1646,2024-12,1
1647,2023-01,1
1647,2023-02,1
1647,2023-03,1
1647,2023-04,1
1647,2023-05,1
1647,2023-06,1
1647,2023-07,1
1647,2023-08,1
1647,2023-09,1
1647,2023-10,1
1647,2023-11,1
1647,2023-12,1
1647,2024-01,1
1647,2024-02,1
1647,2024-03,1
1647,2024-04,1
1647,2024-05,1
1647,2024-06,1
1647,2024-07,1
1647,2024-08,1
1647,2024-09,1
1647,2024-10,1
1647,2024-11,1
1647,2024-12,1
1648,2023-01,1
1648,2023-02,1
1648,2023-03,1
1648,2023-04,1
1648,2023-05,1
1648,2023-06,1
1648,2023-07,1
1648,2023-08,1
1648,2023-09,1
1648,2023-10,1
1648,2023-11,1
1648,2023-12,1
1648,2024-01,1
1648,2024-02,1
1648,2024-03,1
1648,2024-04,1
1648,2024-05,1
1648,2024-06,1
1648,2024-07,1
1648,2024-08,1
1648,2024-09,1
1648,2024-10,1
1648,2024-11,1
1648,2024-12,1
1649,2023-01,1
1649,2023-02,1
1649,2023-03,1
1649,2023-04,1
1649,2023-05,1
1649,2023-06,1
1649,2023-07,1
1649,2023-08,1
1649,2023-09,1
1649,2023-10,1
1649,2023-11,1
1649,2023-12,1
1649,2024-01,1
1649,2024-02,1
1649,2024-03,1
1649,2024-04,1
1649,2024-05,1
1649,2024-06,1
1649,2024-07,1
1649,2024-08,1
1649,2024-09,1
1649,2024-10,1
1649,2024-11,1
1649,2024-12,1
1650,2023-01,1
1650,2023-02,1
1650,2023-03,1
1650,2023-04,1
1650,2023-05,1
1650,2023-06,1
1650,2023-07,1
1650,2023-08,1
1650,2023-09,1
1650,2023-10,1
1650,2023-11,1
1650,2023-12,1
1650,2024-01,1
1650,2024-02,1
1650,2024-03,1
1650,2024-04,1
1650,2024-05,1
1650,2024-06,1
1650,2024-07,1
1650,2024-08,1
1650,2024-09,1
1650,2024-10,1
1650,2024-11,1
1650,2024-12,1
1651,2023-01,1
1651,2023-02,1
1651,2023-03,1
1651,2023-04,1
1651,2023-05,1
1651,2023-06,1
1651,2023-07,1
1651,2023-08,1
1651,2023-09,1
1651,2023-10,1
1651,2023-11,1
1651,2023-12,1
1651,2024-01,1
1651,2024-02,1
1651,2024-03,1
1651,2024-04,1
1651,2024-05,1
1651,2024-06,1
1651,2024-07,1
1651,2024-08,1
1651,2024-09,1
1651,2024-10,1
1651,2024-11,1
1651,2024-12,1
1652,2023-01,2
1652,2023-02,2
1652,2023-03,2
1652,2023-04,2
1652,2023-05,2
1652,2023-06,2
1652,2023-07,2
1652,2023-08,2
1652,2023-09,2
1652,2023-10,2
1652,2023-11,2
1652,2023-12,2
1652,2024-01,2
1652,2024-02,2
1652,2024-03,2
1652,2024-04,2
1652,2024-05,2
1652,2024-06,2
1652,2024-07,2
1652,2024-08,2
1652,2024-09,2
1652,2024-10,2
1652,2024-11,2
1652,2024-12,2
1653,2023-01,1
1653,2023-02,1
1653,2023-03,1
1653,2023-04,1
1653,2023-05,1
1653,2023-06,1
1653,2023-07,1
1653,2023-08,1
1653,2023-09,1
1653,2023-10,1
1653,2023-11,1
1653,2023-12,1
1653,2024-01,1
1653,2024-02,1
1653,2024-03,1
1653,2024-04,1
1653,2024-05,1
1653,2024-06,1
1653,2024-07,1
1653,2024-08,1
1653,2024-09,1
1653,2024-10,1
1653,2024-11,1
1653,2024-12,1
1654,2023-01,1
1654,2023-02,1
1654,2023-03,1
1654,2023-04,1
1654,2023-05,1
1654,2023-06,1
1654,2023-07,1
1654,2023-08,1
1654,2023-09,1
1654,2023-10,1
1654,2023-11,1
1654,2023-12,1
1654,2024-01,1
1654,2024-02,1
1654,2024-03,1
1654,2024-04,1
1654,2024-05,1
1654,2024-06,1
1654,2024-07,1
1654,2024-08,1
1654,2024-09,1
1654,2024-10,1
1654,2024-11,1
1654,2024-12,1
1655,2023-01,1
1655,2023-02,1
1655,2023-03,1
1655,2023-04,1
1655,2023-05,1
1655,2023-06,1
1655,2023-07,1
1655,2023-08,1
1655,2023-09,1
1655,2023-10,1
1655,2023-11,1
1655,2023-12,1
1655,2024-01,1
1655,2024-02,1
1655,2024-03,1
1655,2024-04,1
1655,2024-05,1
1655,2024-06,1
1655,2024-07,1
1655,2024-08,1
1655,2024-09,1
1655,2024-10,1
1655,2024-11,1
1655,2024-12,1
1656,2023-01,1
1656,2023-02,1
1656,2023-03,1
1656,2023-04,1
1656,2023-05,1
1656,2023-06,1
1656,2023-07,1
1656,2023-08,1
1656,2023-09,1
1656,2023-10,1
1656,2023-11,1
1656,2023-12,1
1656,2024-01,1
1656,2024-02,1
1656,2024-03,1
1656,2024-04,1
1656,2024-05,1
1656,2024-06,1
1656,2024-07,1
1656,2024-08,1
1656,2024-09,1
1656,2024-10,1
1656,2024-11,1
1656,2024-12,1
1657,2023-01,1
1657,2023-02,1
1657,2023-03,1
1657,2023-04,1
1657,2023-05,1
1657,2023-06,1
1657,2023-07,1
1657,2023-08,1
1657,2023-09,1
1657,2023-10,1
1657,2023-11,1
1657,2023-12,1
1657,2024-01,1
1657,2024-02,1
1657,2024-03,1
1657,2024-04,1
1657,2024-05,1
1657,2024-06,1
1657,2024-07,1
1657,2024-08,1
1657,2024-09,1
1657,2024-10,1
1657,2024-11,1
1657,2024-12,1
1658,2023-01,1
1658,2023-02,1
1658,2023-03,1
1658,2023-04,1
1658,2023-05,1
1658,2023-06,1
1658,2023-07,1
1658,2023-08,1
1658,2023-09,1
1658,2023-10,1
1658,2023-11,1
1658,2023-12,1
1658,2024-01,1
1658,2024-02,1
1658,2024-03,1
1658,2024-04,1
1658,2024-05,1
1658,2024-06,1
1658,2024-07,1
1658,2024-08,1
1658,2024-09,1
1658,2024-10,1
1658,2024-11,1
1658,2024-12,1
1659,2023-01,1
1659,2023-02,1
1659,2023-03,1
1659,2023-04,1
1659,2023-05,2
1659,2023-06,2
1659,2023-07,1
1659,2023-08,1
1659,2023-09,1
1659,2023-10,1
1659,2023-11,1
1659,2023-12,1
1659,2024-01,1
1659,2024-02,1
1659,2024-03,1
1659,2024-04,1
1659,2024-05,1
1659,2024-06,1
1659,2024-07,1
1659,2024-08,1
1659,2024-09,1
1659,2024-10,1
1659,2024-11,1
1659,2024-12,1
1660,2023-01,1
1660,2023-02,1
1660,2023-03,1
1660,2023-04,1
1660,2023-05,1
1660,2023-06,1
1660,2023-07,1
1660,2023-08,1
1660,2023-09,1
1660,2023-10,1
1660,2023-11,1
1660,2023-12,1
1660,2024-01,1
1660,2024-02,1
1660,2024-03,1
1660,2024-04,1
1660,2024-05,1
1660,2024-06,1
1660,2024-07,1
1660,2024-08,1
1660,2024-09,1
1660,2024-10,1
1660,2024-11,1
1660,2024-12,1
1661,2023-01,1
1661,2023-02,1
1661,2023-03,1
1661,2023-04,1
1661,2023-05,1
1661,2023-06,1
1661,2023-07,1
1661,2023-08,1
1661,2023-09,1
1661,2023-10,1
1661,2023-11,1
1661,2023-12,1
1661,2024-01,1
1661,2024-02,1
1661,2024-03,1
1661,2024-04,1
1661,2024-05,1
1661,2024-06,1
1661,2024-07,1
1661,2024-08,1
1661,2024-09,1
1661,2024-10,1
1661,2024-11,1
1661,2024-12,1
1662,2023-01,2
1662,2023-02,2
1662,2023-03,2
1662,2023-04,3
1662,2023-05,3
1662,2023-06,3
1662,2023-07,3
1662,2023-08,1
1662,2023-09,3
1662,2023-10,1
1662,2023-11,1
1662,2023-12,1
1662,2024-01,1
1662,2024-02,1
1662,2024-03,1
1662,2024-04,1
1662,2024-05,1
1662,2024-06,1
1662,2024-07,1
1662,2024-08,1
1662,2024-09,1
1662,2024-10,1
1662,2024-11,1
1662,2024-12,1
1663,2023-01,1
1663,2023-02,1
1663,2023-03,1
1663,2023-04,1
1663,2023-05,1
1663,2023-06,1
1663,2023-07,1
1663,2023-08,1
1663,2023-09,1
1663,2023-10,1
1663,2023-11,1
1663,2023-12,1
1663,2024-01,1
1663,2024-02,1
1663,2024-03,1
1663,2024-04,1
1663,2024-05,1
1663,2024-06,1
1663,2024-07,1
1663,2024-08,1
1663,2024-09,1
1663,2024-10,1
1663,2024-11,1
1663,2024-12,1
1664,2023-01,1
1664,2023-02,1
1664,2023-03,1
1664,2023-04,1
1664,2023-05,1
1664,2023-06,1
1664,2023-07,1
1664,2023-08,1
1664,2023-09,1
1664,2023-10,1
1664,2023-11,1
1664,2023-12,1
1664,2024-01,1
1664,2024-02,1
1664,2024-03,1
1664,2024-04,1
1664,2024-05,1
1664,2024-06,1
1664,2024-07,1
1664,2024-08,1
1664,2024-09,1
1664,2024-10,1
1664,2024-11,1
1664,2024-12,1
1665,2023-01,2
1665,2023-02,2
1665,2023-03,2
1665,2023-04,2
1665,2023-05,2
1665,2023-06,2
1665,2023-07,2
1665,2023-08,2
1665,2023-09,2
1665,2023-10,2
1665,2023-11,2
1665,2023-12,2
1665,2024-01,2
1665,2024-02,2
1665,2024-03,2
1665,2024-04,2
1665,2024-05,2
1665,2024-06,2
1665,2024-07,2
1665,2024-08,2
1665,2024-09,2
1665,2024-10,2
1665,2024-11,2
1665,2024-12,2
1666,2023-01,1
1666,2023-02,1
1666,2023-03,1
1666,2023-04,1
1666,2023-05,1
1666,2023-06,1
1666,2023-07,1
1666,2023-08,1
1666,2023-09,1
1666,2023-10,1
1666,2023-11,1
1666,2023-12,1
1666,2024-01,1
1666,2024-02,1
1666,2024-03,1
1666,2024-04,1
1666,2024-05,1
1666,2024-06,1
1666,2024-07,1
1666,2024-08,1
1666,2024-09,1
1666,2024-10,1
1666,2024-11,1
1666,2024-12,1
1667,2023-01,2
1667,2023-02,2
1667,2023-03,2
1667,2023-04,2
1667,2023-05,2
1667,2023-06,2
1667,2023-07,2
1667,2023-08,2
1667,2023-09,2
1667,2023-10,2
1667,2023-11,2
1667,2023-12,2
1667,2024-01,2
1667,2024-02,2
1667,2024-03,2
1667,2024-04,2
1667,2024-05,2
1667,2024-06,2
1667,2024-07,2
1667,2024-08,2
1667,2024-09,2
1667,2024-10,2
1667,2024-11,2
1667,2024-12,2
1668,2023-01,2
1668,2023-02,2
1668,2023-03,2
1668,2023-04,2
1668,2023-05,2
1668,2023-06,2
1668,2023-07,2
1668,2023-08,2
1668,2023-09,2
1668,2023-10,2
1668,2023-11,2
1668,2023-12,2
1668,2024-01,2
1668,2024-02,2
1668,2024-03,2
1668,2024-04,2
1668,2024-05,2
1668,2024-06,2
1668,2024-07,2
1668,2024-08,2
1668,2024-09,2
1668,2024-10,2
1668,2024-11,2
1668,2024-12,2
1669,2023-01,2
1669,2023-02,2
1669,2023-03,2
1669,2023-04,2
1669,2023-05,2
1669,2023-06,2
1669,2023-07,2
1669,2023-08,2
1669,2023-09,2
1669,2023-10,2
1669,2023-11,2
1669,2023-12,2
1669,2024-01,2
1669,2024-02,2
1669,2024-03,2
1669,2024-04,2
1669,2024-05,2
1669,2024-06,2
1669,2024-07,2
1669,2024-08,2
1669,2024-09,2
1669,2024-10,2
1669,2024-11,2
1669,2024-12,1
1670,2023-01,1
1670,2023-02,1
1670,2023-03,1
1670,2023-04,1
1670,2023-05,2
1670,2023-06,2
1670,2023-07,2
1670,2023-08,2
1670,2023-09,2
1670,2023-10,2
1670,2023-11,1
1670,2023-12,1
1670,2024-01,2
1670,2024-02,2
1670,2024-03,1
1670,2024-04,2
1670,2024-05,1
1670,2024-06,2
1670,2024-07,1
1670,2024-08,1
1670,2024-09,1
1670,2024-10,1
1670,2024-11,1
1670,2024-12,1
1671,2023-01,1
1671,2023-02,1
1671,2023-03,1
1671,2023-04,2
1671,2023-05,2
1671,2023-06,2
1671,2023-07,2
1671,2023-08,2
1671,2023-09,2
1671,2023-10,1
1671,2023-11,1
1671,2023-12,1
1671,2024-01,1
1671,2024-02,1
1671,2024-03,2
1671,2024-04,2
1671,2024-05,2
1671,2024-06,2
1671,2024-07,2
1671,2024-08,1
1671,2024-09,1
1671,2024-10,1
1671,2024-11,1
1671,2024-12,1
1672,2023-01,2
1672,2023-02,2
1672,2023-03,2
1672,2023-04,2
1672,2023-05,2
1672,2023-06,2
1672,2023-07,2
1672,2023-08,2
1672,2023-09,2
1672,2023-10,2
1672,2023-11,2
1672,2023-12,2
1672,2024-01,2
1672,2024-02,2
1672,2024-03,2
1672,2024-04,2
1672,2024-05,2
1672,2024-06,2
1672,2024-07,2
1672,2024-08,2
1672,2024-09,2
1672,2024-10,2
1672,2024-11,2
1672,2024-12,2
1673,2023-01,2
1673,2023-02,2
1673,2023-03,2
1673,2023-04,2
1673,2023-05,2
1673,2023-06,2
1673,2023-07,2
1673,2023-08,2
1673,2023-09,2
1673,2023-10,2
1673,2023-11,2
1673,2023-12,2
1673,2024-01,2
1673,2024-02,2
1673,2024-03,2
1673,2024-04,2
1673,2024-05,2
1673,2024-06,2
1673,2024-07,2
1673,2024-08,2
1673,2024-09,2
1673,2024-10,2
1673,2024-11,2
1673,2024-12,2
1674,2023-01,1
1674,2023-02,1
1674,2023-03,1
1674,2023-04,1
1674,2023-05,1
1674,2023-06,1
1674,2023-07,2
1674,2023-08,2
1674,2023-09,2
1674,2023-10,2
1674,2023-11,2
1674,2023-12,2
1674,2024-01,2
1674,2024-02,2
1674,2024-03,2
1674,2024-04,2
1674,2024-05,1
1674,2024-06,1
1674,2024-07,1
1674,2024-08,2
1674,2024-09,2
1674,2024-10,2
1674,2024-11,2
1674,2024-12,2
1675,2023-01,2
1675,2023-02,2
1675,2023-03,2
1675,2023-04,2
1675,2023-05,2
1675,2023-06,2
1675,2023-07,2
1675,2023-08,2
1675,2023-09,2
1675,2023-10,2
1675,2023-11,2
1675,2023-12,2
1675,2024-01,2
1675,2024-02,2
1675,2024-03,2
1675,2024-04,2
1675,2024-05,2
1675,2024-06,2
1675,2024-07,2
1675,2024-08,2
1675,2024-09,2
1675,2024-10,2
1675,2024-11,1
1675,2024-12,1
1676,2023-01,1
1676,2023-02,1
1676,2023-03,1
1676,2023-04,1
1676,2023-05,1
1676,2023-06,1
1676,2023-07,1
1676,2023-08,1
1676,2023-09,1
1676,2023-10,1
1676,2023-11,1
1676,2023-12,1
1676,2024-01,1
1676,2024-02,1
1676,2024-03,1
1676,2024-04,1
1676,2024-05,1
1676,2024-06,1
1676,2024-07,1
1676,2024-08,1
1676,2024-09,1
1676,2024-10,1
1676,2024-11,1
1676,2024-12,1
1678,2023-01,1
1678,2023-02,1
1678,2023-03,1
1678,2023-04,1
1678,2023-05,1
1678,2023-06,1
1678,2023-07,1
1678,2023-08,1
1678,2023-09,1
1678,2023-10,1
1678,2023-11,1
1678,2023-12,1
1678,2024-01,1
1678,2024-02,1
1678,2024-03,1
1678,2024-04,1
1678,2024-05,1
1678,2024-06,1
1678,2024-07,1
1678,2024-08,1
1678,2024-09,1
1678,2024-10,1
1678,2024-11,1
1678,2024-12,1
1679,2023-01,1
1679,2023-02,1
1679,2023-03,1
1679,2023-04,1
1679,2023-05,1
1679,2023-06,1
1679,2023-07,1
1679,2023-08,1
1679,2023-09,1
1679,2023-10,1
1679,2023-11,1
1679,2023-12,1
1679,2024-01,1
1679,2024-02,1
1679,2024-03,1
1679,2024-04,1
1679,2024-05,1
1679,2024-06,1
1679,2024-07,1
1679,2024-08,1
1679,2024-09,1
1679,2024-10,1
1679,2024-11,1
1679,2024-12,1
1680,2023-01,1
1680,2023-02,1
1680,2023-03,1
1680,2023-04,1
1680,2023-05,1
1680,2023-06,1
1680,2023-07,1
1680,2023-08,1
1680,2023-09,1
1680,2023-10,1
1680,2023-11,1
1680,2023-12,1
1680,2024-01,1
1680,2024-02,1
1680,2024-03,1
1680,2024-04,1
1680,2024-05,1
1680,2024-06,1
1680,2024-07,1
1680,2024-08,1
1680,2024-09,1
1680,2024-10,1
1680,2024-11,1
1680,2024-12,1
1681,2023-01,1
1681,2023-02,1
1681,2023-03,1
1681,2023-04,1
1681,2023-05,1
1681,2023-06,1
1681,2023-07,1
1681,2023-08,1
1681,2023-09,1
1681,2023-10,1
1681,2023-11,1
1681,2023-12,1
1681,2024-01,1
1681,2024-02,1
1681,2024-03,1
1681,2024-04,1
1681,2024-05,1
1681,2024-06,1
1681,2024-07,1
1681,2024-08,1
1681,2024-09,1
1681,2024-10,1
1681,2024-11,1
1681,2024-12,1
1682,2023-01,1
1682,2023-02,1
1682,2023-03,1
1682,2023-04,1
1682,2023-05,1
1682,2023-06,1
1682,2023-07,1
1682,2023-08,1
1682,2023-09,1
1682,2023-10,1
1682,2023-11,1
1682,2023-12,1
1682,2024-01,1
1682,2024-02,1
1682,2024-03,1
1682,2024-04,1
1682,2024-05,1
1682,2024-06,1
1682,2024-07,1
1682,2024-08,1
1682,2024-09,1
1682,2024-10,1
1682,2024-11,1
1682,2024-12,1
1683,2023-01,1
1683,2023-02,1
1683,2023-03,1
1683,2023-04,1
1683,2023-05,1
1683,2023-06,1
1683,2023-07,1
1683,2023-08,1
1683,2023-09,1
1683,2023-10,1
1683,2023-11,1
1683,2023-12,1
1683,2024-01,1
1683,2024-02,1
1683,2024-03,1
1683,2024-04,1
1683,2024-05,1
1683,2024-06,1
1683,2024-07,1
1683,2024-08,1
1683,2024-09,1
1683,2024-10,1
1683,2024-11,1
1683,2024-12,1
1685,2023-01,1
1685,2023-02,1
1685,2023-03,1
1685,2023-04,1
1685,2023-05,1
1685,2023-06,1
1685,2023-07,1
1685,2023-08,1
1685,2023-09,1
1685,2023-10,1
1685,2023-11,1
1685,2023-12,1
1685,2024-01,1
1685,2024-02,1
1685,2024-03,1
1685,2024-04,1
1685,2024-05,1
1685,2024-06,1
1685,2024-07,1
1685,2024-08,1
1685,2024-09,1
1685,2024-10,1
1685,2024-11,1
1685,2024-12,1
1686,2023-01,1
1686,2023-02,1
1686,2023-03,1
1686,2023-04,1
1686,2023-05,1
1686,2023-06,1
1686,2023-07,1
1686,2023-08,1
1686,2023-09,1
1686,2023-10,1
1686,2023-11,1
1686,2023-12,1
1686,2024-01,1
1686,2024-02,1
1686,2024-03,1
1686,2024-04,1
1686,2024-05,1
1686,2024-06,1
1686,2024-07,1
1686,2024-08,1
1686,2024-09,1
1686,2024-10,1
1686,2024-11,1
1686,2024-12,1
1687,2023-01,1
1687,2023-02,1
1687,2023-03,1
1687,2023-04,1
1687,2023-05,1
1687,2023-06,1
1687,2023-07,1
1687,2023-08,1
1687,2023-09,1
1687,2023-10,1
1687,2023-11,1
1687,2023-12,1
1687,2024-01,1
1687,2024-02,1
1687,2024-03,1
1687,2024-04,1
1687,2024-05,1
1687,2024-06,1
1687,2024-07,1
1687,2024-08,1
1687,2024-09,1
1687,2024-10,1
1687,2024-11,1
1687,2024-12,1
1688,2023-01,1
1688,2023-02,1
1688,2023-03,1
1688,2023-04,1
1688,2023-05,1
1688,2023-06,1
1688,2023-07,1
1688,2023-08,1
1688,2023-09,1
1688,2023-10,1
1688,2023-11,1
1688,2023-12,1
1688,2024-01,1
1688,2024-02,1
1688,2024-03,1
1688,2024-04,1
1688,2024-05,1
1688,2024-06,1
1688,2024-07,1
1688,2024-08,1
1688,2024-09,1
1688,2024-10,1
1688,2024-11,1
1688,2024-12,1
1689,2023-01,1
1689,2023-02,1
1689,2023-03,1
1689,2023-04,1
1689,2023-05,1
1689,2023-06,1
1689,2023-07,1
1689,2023-08,1
1689,2023-09,1
1689,2023-10,1
1689,2023-11,1
1689,2023-12,1
1689,2024-01,1
1689,2024-02,1
1689,2024-03,1
1689,2024-04,1
1689,2024-05,1
1689,2024-06,1
1689,2024-07,1
1689,2024-08,1
1689,2024-09,1
1689,2024-10,1
1689,2024-11,1
1689,2024-12,1
1690,2023-01,1
1690,2023-02,1
1690,2023-03,1
1690,2023-04,1
1690,2023-05,1
1690,2023-06,1
1690,2023-07,1
1690,2023-08,1
1690,2023-09,1
1690,2023-10,1
1690,2023-11,1
1690,2023-12,1
1690,2024-01,1
1690,2024-02,1
1690,2024-03,1
1690,2024-04,1
1690,2024-05,1
1690,2024-06,1
1690,2024-07,1
1690,2024-08,1
1690,2024-09,1
1690,2024-10,1
1690,2024-11,1
1690,2024-12,1
1691,2023-01,1
1691,2023-02,1
1691,2023-03,1
1691,2023-04,1
1691,2023-05,1
1691,2023-06,1
1691,2023-07,1
1691,2023-08,1
1691,2023-09,1
1691,2023-10,1
1691,2023-11,1
1691,2023-12,1
1691,2024-01,1
1691,2024-02,1
1691,2024-03,1
1691,2024-04,1
1691,2024-05,1
1691,2024-06,1
1691,2024-07,1
1691,2024-08,1
1691,2024-09,1
1691,2024-10,1
1691,2024-11,1
1691,2024-12,1
1692,2023-01,1
1692,2023-02,1
1692,2023-03,1
1692,2023-04,1
1692,2023-05,1
1692,2023-06,1
1692,2023-07,1
1692,2023-08,1
1692,2023-09,1
1692,2023-10,1
1692,2023-11,1
1692,2023-12,1
1692,2024-01,1
1692,2024-02,1
1692,2024-03,1
1692,2024-04,1
1692,2024-05,1
1692,2024-06,1
1692,2024-07,1
1692,2024-08,1
1692,2024-09,1
1692,2024-10,1
1692,2024-11,1
1692,2024-12,1
1693,2023-01,1
1693,2023-02,1
1693,2023-03,1
1693,2023-04,1
1693,2023-05,1
1693,2023-06,1
1693,2023-07,1
1693,2023-08,1
1693,2023-09,1
1693,2023-10,1
1693,2023-11,1
1693,2023-12,1
1693,2024-01,1
1693,2024-02,1
1693,2024-03,1
1693,2024-04,1
1693,2024-05,1
1693,2024-06,1
1693,2024-07,1
1693,2024-08,1
1693,2024-09,1
1693,2024-10,1
1693,2024-11,1
1693,2024-12,1
1694,2023-01,1
1694,2023-02,1
1694,2023-03,1
1694,2023-04,1
1694,2023-05,1
1694,2023-06,1
1694,2023-07,1
1694,2023-08,1
1694,2023-09,1
1694,2023-10,1
1694,2023-11,1
1694,2023-12,1
1694,2024-01,1
1694,2024-02,1
1694,2024-03,1
1694,2024-04,1
1694,2024-05,1
1694,2024-06,1
1694,2024-07,1
1694,2024-08,1
1694,2024-09,1
1694,2024-10,1
1694,2024-11,1
1694,2024-12,1
1696,2023-01,1
1696,2023-02,1
1696,2023-03,1
1696,2023-04,1
1696,2023-05,1
1696,2023-06,1
1696,2023-07,1
1696,2023-08,1
1696,2023-09,1
1696,2023-10,1
1696,2023-11,1
1696,2023-12,1
1696,2024-01,1
1696,2024-02,1
1696,2024-03,1
1696,2024-04,1
1696,2024-05,1
1696,2024-06,1
1696,2024-07,1
1696,2024-08,1
1696,2024-09,1
1696,2024-10,1
1696,2024-11,1
1696,2024-12,1
1697,2023-01,1
1697,2023-02,1
1697,2023-03,1
1697,2023-04,1
1697,2023-05,1
1697,2023-06,1
1697,2023-07,1
1697,2023-08,1
1697,2023-09,1
1697,2023-10,1
1697,2023-11,1
1697,2023-12,1
1697,2024-01,1
1697,2024-02,1
1697,2024-03,1
1697,2024-04,1
1697,2024-05,1
1697,2024-06,1
1697,2024-07,1
1697,2024-08,1
1697,2024-09,1
1697,2024-10,1
1697,2024-11,1
1697,2024-12,1
1698,2023-01,1
1698,2023-02,1
1698,2023-03,1
1698,2023-04,1
1698,2023-05,1
1698,2023-06,1
1698,2023-07,1
1698,2023-08,1
1698,2023-09,1
1698,2023-10,1
1698,2023-11,1
1698,2023-12,1
1698,2024-01,1
1698,2024-02,1
1698,2024-03,1
1698,2024-04,1
1698,2024-05,1
1698,2024-06,1
1698,2024-07,1
1698,2024-08,1
1698,2024-09,1
1698,2024-10,1
1698,2024-11,1
1698,2024-12,1
1699,2023-01,1
1699,2023-02,1
1699,2023-03,1
1699,2023-04,1
1699,2023-05,1
1699,2023-06,1
1699,2023-07,1
1699,2023-08,1
1699,2023-09,1
1699,2023-10,1
1699,2023-11,1
1699,2023-12,1
1699,2024-01,1
1699,2024-02,1
1699,2024-03,1
1699,2024-04,1
1699,2024-05,1
1699,2024-06,1
1699,2024-07,1
1699,2024-08,1
1699,2024-09,1
1699,2024-10,1
1699,2024-11,1
1699,2024-12,1
1700,2023-01,1
1700,2023-02,1
1700,2023-03,1
1700,2023-04,1
1700,2023-05,1
1700,2023-06,1
1700,2023-07,1
1700,2023-08,1
1700,2023-09,1
1700,2023-10,1
1700,2023-11,1
1700,2023-12,1
1700,2024-01,1
1700,2024-02,1
1700,2024-03,1
1700,2024-04,1
1700,2024-05,1
1700,2024-06,1
1700,2024-07,1
1700,2024-08,1
1700,2024-09,1
1700,2024-10,1
1700,2024-11,1
1700,2024-12,1
1701,2023-01,1
1701,2023-02,1
1701,2023-03,1
1701,2023-04,1
1701,2023-05,1
1701,2023-06,1
1701,2023-07,1
1701,2023-08,1
1701,2023-09,1
1701,2023-10,1
1701,2023-11,1
1701,2023-12,1
1701,2024-01,1
1701,2024-02,1
1701,2024-03,1
1701,2024-04,1
1701,2024-05,1
1701,2024-06,1
1701,2024-07,1
1701,2024-08,1
1701,2024-09,1
1701,2024-10,1
1701,2024-11,1
1701,2024-12,1
1702,2023-01,1
1702,2023-02,1
1702,2023-03,1
1702,2023-04,1
1702,2023-05,1
1702,2023-06,1
1702,2023-07,1
1702,2023-08,1
1702,2023-09,1
1702,2023-10,1
1702,2023-11,1
1702,2023-12,1
1702,2024-01,1
1702,2024-02,1
1702,2024-03,1
1702,2024-04,1
1702,2024-05,1
1702,2024-06,1
1702,2024-07,1
1702,2024-08,1
1702,2024-09,1
1702,2024-10,1
1702,2024-11,1
1702,2024-12,1
1703,2023-01,1
1703,2023-02,1
1703,2023-03,1
1703,2023-04,1
1703,2023-05,1
1703,2023-06,1
1703,2023-07,1
1703,2023-08,1
1703,2023-09,1
1703,2023-10,1
1703,2023-11,1
1703,2023-12,1
1703,2024-01,1
1703,2024-02,1
1703,2024-03,1
1703,2024-04,1
1703,2024-05,1
1703,2024-06,1
1703,2024-07,1
1703,2024-08,1
1703,2024-09,1
1703,2024-10,1
1703,2024-11,1
1703,2024-12,1
1704,2023-01,1
1704,2023-02,1
1704,2023-03,1
1704,2023-04,2
1704,2023-05,2
1704,2023-06,2
1704,2023-07,2
1704,2023-08,2
1704,2023-09,2
1704,2023-10,2
1704,2023-11,2
1704,2023-12,2
1704,2024-01,2
1704,2024-02,1
1704,2024-03,1
1704,2024-04,1
1704,2024-05,1
1704,2024-06,1
1704,2024-07,2
1704,2024-08,2
1704,2024-09,2
1704,2024-10,2
1704,2024-11,2
1704,2024-12,2
1705,2023-01,1
1705,2023-02,1
1705,2023-03,1
1705,2023-04,1
1705,2023-05,1
1705,2023-06,1
1705,2023-07,1
1705,2023-08,1
1705,2023-09,1
1705,2023-10,1
1705,2023-11,1
1705,2023-12,1
1705,2024-01,1
1705,2024-02,1
1705,2024-03,1
1705,2024-04,1
1705,2024-05,1
1705,2024-06,1
1705,2024-07,1
1705,2024-08,1
1705,2024-09,1
1705,2024-10,1
1705,2024-11,1
1705,2024-12,1
1706,2023-01,1
1706,2023-02,1
1706,2023-03,1
1706,2023-04,1
1706,2023-05,1
1706,2023-06,1
1706,2023-07,1
1706,2023-08,1
1706,2023-09,1
1706,2023-10,1
1706,2023-11,1
1706,2023-12,1
1706,2024-01,1
1706,2024-02,1
1706,2024-03,1
1706,2024-04,1
1706,2024-05,1
1706,2024-06,1
1706,2024-07,1
1706,2024-08,1
1706,2024-09,1
1706,2024-10,1
1706,2024-11,1
1706,2024-12,1
1707,2023-01,2
1707,2023-02,2
1707,2023-03,2
1707,2023-04,2
1707,2023-05,2
1707,2023-06,2
1707,2023-07,2
1707,2023-08,2
1707,2023-09,2
1707,2023-10,2
1707,2023-11,2
1707,2023-12,2
1707,2024-01,2
1707,2024-02,2
1707,2024-03,2
1707,2024-04,2
1707,2024-05,2
1707,2024-06,4
1707,2024-07,4
1707,2024-08,4
1707,2024-09,2
1707,2024-10,2
1707,2024-11,2
1707,2024-12,2
1708,2023-01,2
1708,2023-02,2
1708,2023-03,2
1708,2023-04,2
1708,2023-05,2
1708,2023-06,2
1708,2023-07,2
1708,2023-08,2
1708,2023-09,2
1708,2023-10,2
1708,2023-11,2
1708,2023-12,2
1708,2024-01,2
1708,2024-02,2
1708,2024-03,2
1708,2024-04,2
1708,2024-05,2
1708,2024-06,2
1708,2024-07,2
1708,2024-08,2
1708,2024-09,2
1708,2024-10,2
1708,2024-11,2
1708,2024-12,2
1709,2023-01,2
1709,2023-02,2
1709,2023-03,2
1709,2023-04,2
1709,2023-05,2
1709,2023-06,2
1709,2023-07,2
1709,2023-08,2
1709,2023-09,2
1709,2023-10,2
1709,2023-11,2
1709,2023-12,2
1709,2024-01,2
1709,2024-02,2
1709,2024-03,2
1709,2024-04,2
1709,2024-05,2
1709,2024-06,2
1709,2024-07,2
1709,2024-08,2
1709,2024-09,2
1709,2024-10,2
1709,2024-11,2
1709,2024-12,2
1710,2023-01,1
1710,2023-02,1
1710,2023-03,1
1710,2023-04,1
1710,2023-05,1
1710,2023-06,1
1710,2023-07,1
1710,2023-08,1
1710,2023-09,1
1710,2023-10,1
1710,2023-11,1
1710,2023-12,1
1710,2024-01,1
1710,2024-02,1
1710,2024-03,1
1710,2024-04,1
1710,2024-05,1
1710,2024-06,1
1710,2024-07,1
1710,2024-08,1
1710,2024-09,1
1710,2024-10,1
1710,2024-11,1
1710,2024-12,1
1711,2023-01,1
1711,2023-02,1
1711,2023-03,1
1711,2023-04,1
1711,2023-05,1
1711,2023-06,1
1711,2023-07,1
1711,2023-08,1
1711,2023-09,1
1711,2023-10,1
1711,2023-11,1
1711,2023-12,1
1711,2024-01,1
1711,2024-02,1
1711,2024-03,1
1711,2024-04,1
1711,2024-05,1
1711,2024-06,1
1711,2024-07,1
1711,2024-08,1
1711,2024-09,1
1711,2024-10,1
1711,2024-11,1
1711,2024-12,1
1712,2023-01,1
1712,2023-02,1
1712,2023-03,1
1712,2023-04,1
1712,2023-05,1
1712,2023-06,1
1712,2023-07,1
1712,2023-08,1
1712,2023-09,1
1712,2023-10,1
1712,2023-11,1
1712,2023-12,1
1712,2024-01,1
1712,2024-02,1
1712,2024-03,1
1712,2024-04,1
1712,2024-05,1
1712,2024-06,1
1712,2024-07,1
1712,2024-08,1
1712,2024-09,1
1712,2024-10,1
1712,2024-11,1
1712,2024-12,1
1714,2023-01,1
1714,2023-02,1
1714,2023-03,1
1714,2023-04,1
1714,2023-05,1
1714,2023-06,1
1714,2023-07,1
1714,2023-08,1
1714,2023-09,1
1714,2023-10,1
1714,2023-11,1
1714,2023-12,1
1714,2024-01,1
1714,2024-02,1
1714,2024-03,1
1714,2024-04,1
1714,2024-05,1
1714,2024-06,1
1714,2024-07,1
1714,2024-08,1
1714,2024-09,1
1714,2024-10,1
1714,2024-11,1
1714,2024-12,1
1715,2023-01,1
1715,2023-02,1
1715,2023-03,1
1715,2023-04,1
1715,2023-05,1
1715,2023-06,1
1715,2023-07,1
1715,2023-08,1
1715,2023-09,1
1715,2023-10,1
1715,2023-11,1
1715,2023-12,1
1715,2024-01,1
1715,2024-02,1
1715,2024-03,1
1715,2024-04,1
1715,2024-05,1
1715,2024-06,1
1715,2024-07,1
1715,2024-08,1
1715,2024-09,1
1715,2024-10,1
1715,2024-11,1
1715,2024-12,1
1717,2023-01,1
1717,2023-02,1
1717,2023-03,1
1717,2023-04,1
1717,2023-05,1
1717,2023-06,1
1717,2023-07,1
1717,2023-08,1
1717,2023-09,1
1717,2023-10,1
1717,2023-11,1
1717,2023-12,1
1717,2024-01,1
1717,2024-02,1
1717,2024-03,1
1717,2024-04,1
1717,2024-05,1
1717,2024-06,1
1717,2024-07,1
1717,2024-08,1
1717,2024-09,1
1717,2024-10,1
1717,2024-11,1
1717,2024-12,1
1718,2023-01,1
1718,2023-02,1
1718,2023-03,1
1718,2023-04,1
1718,2023-05,1
1718,2023-06,1
1718,2023-07,1
1718,2023-08,1
1718,2023-09,1
1718,2023-10,1
1718,2023-11,1
1718,2023-12,1
1718,2024-01,1
1718,2024-02,1
1718,2024-03,1
1718,2024-04,1
1718,2024-05,1
1718,2024-06,1
1718,2024-07,1
1718,2024-08,1
1718,2024-09,1
1718,2024-10,1
1718,2024-11,1
1718,2024-12,1
1719,2023-01,1
1719,2023-02,1
1719,2023-03,1
1719,2023-04,1
1719,2023-05,1
1719,2023-06,1
1719,2023-07,1
1719,2023-08,2
1719,2023-09,2
1719,2023-10,1
1719,2023-11,1
1719,2023-12,1
1719,2024-01,1
1719,2024-02,1
1719,2024-03,1
1719,2024-04,1
1719,2024-05,1
1719,2024-06,1
1719,2024-07,1
1719,2024-08,1
1719,2024-09,1
1719,2024-10,1
1719,2024-11,1
1719,2024-12,1
1722,2023-01,1
1722,2023-02,1
1722,2023-03,1
1722,2023-04,1
1722,2023-05,1
1722,2023-06,1
1722,2023-07,1
1722,2023-08,1
1722,2023-09,1
1722,2023-10,1
1722,2023-11,1
1722,2023-12,1
1722,2024-01,1
1722,2024-02,1
1722,2024-03,1
1722,2024-04,1
1722,2024-05,1
1722,2024-06,1
1722,2024-07,1
1722,2024-08,1
1722,2024-09,1
1722,2024-10,1
1722,2024-11,1
1722,2024-12,1
1724,2023-01,1
1724,2023-02,1
1724,2023-03,1
1724,2023-04,1
1724,2023-05,1
1724,2023-06,1
1724,2023-07,1
1724,2023-08,1
1724,2023-09,1
1724,2023-10,1
1724,2023-11,1
1724,2023-12,1
1724,2024-01,1
1724,2024-02,1
1724,2024-03,1
1724,2024-04,1
1724,2024-05,1
1724,2024-06,1
1724,2024-07,1
1724,2024-08,1
1724,2024-09,1
1724,2024-10,1
1724,2024-11,1
1724,2024-12,1
1725,2023-01,1
1725,2023-02,1
1725,2023-03,1
1725,2023-04,1
1725,2023-05,1
1725,2023-06,1
1725,2023-07,1
1725,2023-08,1
1725,2023-09,1
1725,2023-10,1
1725,2023-11,1
1725,2023-12,1
1725,2024-01,1
1725,2024-02,1
1725,2024-03,1
1725,2024-04,1
1725,2024-05,1
1725,2024-06,1
1725,2024-07,1
1725,2024-08,1
1725,2024-09,1
1725,2024-10,1
1725,2024-11,1
1725,2024-12,1
1726,2023-01,2
1726,2023-02,2
1726,2023-03,2
1726,2023-04,2
1726,2023-05,2
1726,2023-06,2
1726,2023-07,2
1726,2023-08,2
1726,2023-09,2
1726,2023-10,2
1726,2023-11,2
1726,2023-12,2
1726,2024-01,2
1726,2024-02,2
1726,2024-03,2
1726,2024-04,2
1726,2024-05,2
1726,2024-06,2
1726,2024-07,2
1726,2024-08,2
1726,2024-09,2
1726,2024-10,2
1726,2024-11,2
1726,2024-12,2
1727,2023-01,1
1727,2023-02,1
1727,2023-03,1
1727,2023-04,1
1727,2023-05,1
1727,2023-06,1
1727,2023-07,1
1727,2023-08,1
1727,2023-09,1
1727,2023-10,1
1727,2023-11,1
1727,2023-12,1
1727,2024-01,1
1727,2024-02,1
1727,2024-03,1
1727,2024-04,1
1727,2024-05,1
1727,2024-06,1
1727,2024-07,1
1727,2024-08,1
1727,2024-09,1
1727,2024-10,1
1727,2024-11,1
1727,2024-12,1
1728,2023-01,1
1728,2023-02,1
1728,2023-03,1
1728,2023-04,1
1728,2023-05,1
1728,2023-06,1
1728,2023-07,1
1728,2023-08,1
1728,2023-09,1
1728,2023-10,1
1728,2023-11,1
1728,2023-12,1
1728,2024-01,1
1728,2024-02,1
1728,2024-03,1
1728,2024-04,1
1728,2024-05,1
1728,2024-06,1
1728,2024-07,1
1728,2024-08,1
1728,2024-09,1
1728,2024-10,1
1728,2024-11,1
1728,2024-12,1
1730,2023-01,1
1730,2023-02,1
1730,2023-03,1
1730,2023-04,1
1730,2023-05,1
1730,2023-06,1
1730,2023-07,1
1730,2023-08,1
1730,2023-09,1
1730,2023-10,1
1730,2023-11,1
1730,2023-12,1
1730,2024-01,1
1730,2024-02,1
1730,2024-03,1
1730,2024-04,1
1730,2024-05,1
1730,2024-06,1
1730,2024-07,1
1730,2024-08,1
1730,2024-09,1
1730,2024-10,1
1730,2024-11,1
1730,2024-12,1
1731,2023-01,1
1731,2023-02,1
1731,2023-03,1
1731,2023-04,1
1731,2023-05,1
1731,2023-06,1
1731,2023-07,1
1731,2023-08,1
1731,2023-09,1
1731,2023-10,1
1731,2023-11,1
1731,2023-12,1
1731,2024-01,1
1731,2024-02,1
1731,2024-03,1
1731,2024-04,1
1731,2024-05,1
1731,2024-06,1
1731,2024-07,1
1731,2024-08,1
1731,2024-09,1
1731,2024-10,1
1731,2024-11,1
1731,2024-12,1
1732,2023-01,1
1732,2023-02,1
1732,2023-03,1
1732,2023-04,1
1732,2023-05,1
1732,2023-06,1
1732,2023-07,1
1732,2023-08,1
1732,2023-09,1
1732,2023-10,1
1732,2023-11,1
1732,2023-12,1
1732,2024-01,1
1732,2024-02,1
1732,2024-03,1
1732,2024-04,1
1732,2024-05,1
1732,2024-06,1
1732,2024-07,1
1732,2024-08,1
1732,2024-09,1
1732,2024-10,1
1732,2024-11,1
1732,2024-12,1
1733,2023-01,1
1733,2023-02,1
1733,2023-03,1
1733,2023-04,1
1733,2023-05,1
1733,2023-06,1
1733,2023-07,1
1733,2023-08,1
1733,2023-09,1
1733,2023-10,1
1733,2023-11,1
1733,2023-12,1
1733,2024-01,1
1733,2024-02,1
1733,2024-03,1
1733,2024-04,1
1733,2024-05,1
1733,2024-06,1
1733,2024-07,1
1733,2024-08,1
1733,2024-09,1
1733,2024-10,1
1733,2024-11,1
1733,2024-12,1
1737,2023-01,1
1737,2023-02,1
1737,2023-03,1
1737,2023-04,1
1737,2023-05,1
1737,2023-06,1
1737,2023-07,1
1737,2023-08,1
1737,2023-09,1
1737,2023-10,1
1737,2023-11,1
1737,2023-12,1
1737,2024-01,1
1737,2024-02,1
1737,2024-03,1
1737,2024-04,1
1737,2024-05,1
1737,2024-06,1
1737,2024-07,1
1737,2024-08,1
1737,2024-09,1
1737,2024-10,1
1737,2024-11,1
1737,2024-12,1
1738,2023-01,1
1738,2023-02,1
1738,2023-03,1
1738,2023-04,1
1738,2023-05,1
1738,2023-06,1
1738,2023-07,1
1738,2023-08,1
1738,2023-09,1
1738,2023-10,1
1738,2023-11,1
1738,2023-12,1
1738,2024-01,1
1738,2024-02,1
1738,2024-03,1
1738,2024-04,1
1738,2024-05,1
1738,2024-06,1
1738,2024-07,1
1738,2024-08,1
1738,2024-09,1
1738,2024-10,1
1738,2024-11,1
1738,2024-12,1
1739,2023-01,1
1739,2023-02,1
1739,2023-03,1
1739,2023-04,1
1739,2023-05,1
1739,2023-06,1
1739,2023-07,1
1739,2023-08,1
1739,2023-09,1
1739,2023-10,1
1739,2023-11,1
1739,2023-12,1
1739,2024-01,1
1739,2024-02,1
1739,2024-03,1
1739,2024-04,1
1739,2024-05,1
1739,2024-06,1
1739,2024-07,1
1739,2024-08,1
1739,2024-09,1
1739,2024-10,1
1739,2024-11,1
1739,2024-12,1
1740,2023-01,1
1740,2023-02,1
1740,2023-03,1
1740,2023-04,1
1740,2023-05,1
1740,2023-06,1
1740,2023-07,1
1740,2023-08,1
1740,2023-09,1
1740,2023-10,1
1740,2023-11,1
1740,2023-12,1
1740,2024-01,2
1740,2024-02,2
1740,2024-03,1
1740,2024-04,1
1740,2024-05,1
1740,2024-06,1
1740,2024-07,1
1740,2024-08,1
1740,2024-09,1
1740,2024-10,1
1740,2024-11,1
1740,2024-12,1
1741,2023-01,1
1741,2023-02,1
1741,2023-03,1
1741,2023-04,1
1741,2023-05,1
1741,2023-06,1
1741,2023-07,1
1741,2023-08,1
1741,2023-09,1
1741,2023-10,1
1741,2023-11,1
1741,2023-12,1
1741,2024-01,1
1741,2024-02,1
1741,2024-03,1
1741,2024-04,1
1741,2024-05,1
1741,2024-06,1
1741,2024-07,1
1741,2024-08,1
1741,2024-09,1
1741,2024-10,1
1741,2024-11,1
1741,2024-12,1
1742,2023-01,2
1742,2023-02,1
1742,2023-03,1
1742,2023-04,1
1742,2023-05,1
1742,2023-06,1
1742,2023-07,1
1742,2023-08,1
1742,2023-09,1
1742,2023-10,1
1742,2023-11,1
1742,2023-12,1
1742,2024-01,1
1742,2024-02,1
1742,2024-03,1
1742,2024-04,1
1742,2024-05,1
1742,2024-06,1
1742,2024-07,1
1742,2024-08,1
1742,2024-09,1
1742,2024-10,1
1742,2024-11,1
1742,2024-12,1
1743,2023-01,1
1743,2023-02,1
1743,2023-03,1
1743,2023-04,1
1743,2023-05,1
1743,2023-06,1
1743,2023-07,1
1743,2023-08,1
1743,2023-09,1
1743,2023-10,1
1743,2023-11,1
1743,2023-12,1
1743,2024-01,1
1743,2024-02,1
1743,2024-03,1
1743,2024-04,1
1743,2024-05,1
1743,2024-06,1
1743,2024-07,1
1743,2024-08,1
1743,2024-09,1
1743,2024-10,1
1743,2024-11,1
1743,2024-12,1
1744,2023-01,1
1744,2023-02,1
1744,2023-03,1
1744,2023-04,1
1744,2023-05,1
1744,2023-06,1
1744,2023-07,1
1744,2023-08,1
1744,2023-09,1
1744,2023-10,1
1744,2023-11,1
1744,2023-12,1
1744,2024-01,1
1744,2024-02,1
1744,2024-03,1
1744,2024-04,1
1744,2024-05,1
1744,2024-06,1
1744,2024-07,1
1744,2024-08,1
1744,2024-09,1
1744,2024-10,1
1744,2024-11,1
1744,2024-12,1
1745,2023-01,1
1745,2023-02,1
1745,2023-03,1
1745,2023-04,1
1745,2023-05,1
1745,2023-06,1
1745,2023-07,1
1745,2023-08,1
1745,2023-09,1
1745,2023-10,1
1745,2023-11,1
1745,2023-12,1
1745,2024-01,1
1745,2024-02,1
1745,2024-03,1
1745,2024-04,1
1745,2024-05,1
1745,2024-06,1
1745,2024-07,1
1745,2024-08,1
1745,2024-09,1
1745,2024-10,1
1745,2024-11,1
1745,2024-12,1
1746,2023-01,1
1746,2023-02,1
1746,2023-03,1
1746,2023-04,1
1746,2023-05,1
1746,2023-06,1
1746,2023-07,1
1746,2023-08,1
1746,2023-09,1
1746,2023-10,1
1746,2023-11,1
1746,2023-12,1
1746,2024-01,1
1746,2024-02,1
1746,2024-03,1
1746,2024-04,1
1746,2024-05,1
1746,2024-06,1
1746,2024-07,1
1746,2024-08,1
1746,2024-09,1
1746,2024-10,1
1746,2024-11,1
1746,2024-12,1
1747,2023-01,1
1747,2023-02,1
1747,2023-03,1
1747,2023-04,1
1747,2023-05,1
1747,2023-06,1
1747,2023-07,1
1747,2023-08,1
1747,2023-09,1
1747,2023-10,1
1747,2023-11,1
1747,2023-12,1
1747,2024-01,1
1747,2024-02,1
1747,2024-03,1
1747,2024-04,1
1747,2024-05,1
1747,2024-06,1
1747,2024-07,1
1747,2024-08,1
1747,2024-09,1
1747,2024-10,1
1747,2024-11,1
1747,2024-12,1
1749,2023-01,1
1749,2023-02,1
1749,2023-03,1
1749,2023-04,1
1749,2023-05,1
1749,2023-06,1
1749,2023-07,1
1749,2023-08,1
1749,2023-09,1
1749,2023-10,1
1749,2023-11,1
1749,2023-12,1
1749,2024-01,1
1749,2024-02,1
1749,2024-03,1
1749,2024-04,1
1749,2024-05,1
1749,2024-06,1
1749,2024-07,1
1749,2024-08,1
1749,2024-09,1
1749,2024-10,1
1749,2024-11,1
1749,2024-12,1
1750,2023-01,1
1750,2023-02,1
1750,2023-03,1
1750,2023-04,1
1750,2023-05,1
1750,2023-06,1
1750,2023-07,1
1750,2023-08,1
1750,2023-09,1
1750,2023-10,1
1750,2023-11,1
1750,2023-12,1
1750,2024-01,1
1750,2024-02,1
1750,2024-03,1
1750,2024-04,1
1750,2024-05,1
1750,2024-06,1
1750,2024-07,1
1750,2024-08,1
1750,2024-09,1
1750,2024-10,1
1750,2024-11,1
1750,2024-12,1
1751,2023-01,1
1751,2023-02,1
1751,2023-03,1
1751,2023-04,1
1751,2023-05,1
1751,2023-06,1
1751,2023-07,1
1751,2023-08,1
1751,2023-09,1
1751,2023-10,1
1751,2023-11,1
1751,2023-12,1
1751,2024-01,1
1751,2024-02,1
1751,2024-03,1
1751,2024-04,1
1751,2024-05,1
1751,2024-06,1
1751,2024-07,1
1751,2024-08,1
1751,2024-09,1
1751,2024-10,1
1751,2024-11,1
1751,2024-12,1
1752,2023-01,1
1752,2023-02,1
1752,2023-03,1
1752,2023-04,1
1752,2023-05,1
1752,2023-06,1
1752,2023-07,1
1752,2023-08,1
1752,2023-09,1
1752,2023-10,1
1752,2023-11,1
1752,2023-12,1
1752,2024-01,1
1752,2024-02,1
1752,2024-03,1
1752,2024-04,1
1752,2024-05,1
1752,2024-06,1
1752,2024-07,1
1752,2024-08,1
1752,2024-09,1
1752,2024-10,1
1752,2024-11,1
1752,2024-12,1
1753,2023-01,1
1753,2023-02,1
1753,2023-03,1
1753,2023-04,1
1753,2023-05,1
1753,2023-06,1
1753,2023-07,1
1753,2023-08,1
1753,2023-09,1
1753,2023-10,1
1753,2023-11,1
1753,2023-12,1
1753,2024-01,1
1753,2024-02,1
1753,2024-03,1
1753,2024-04,1
1753,2024-05,1
1753,2024-06,1
1753,2024-07,1
1753,2024-08,1
1753,2024-09,1
1753,2024-10,1
1753,2024-11,1
1753,2024-12,1
1754,2023-01,1
1754,2023-02,1
1754,2023-03,1
1754,2023-04,1
1754,2023-05,1
1754,2023-06,1
1754,2023-07,1
1754,2023-08,1
1754,2023-09,1
1754,2023-10,1
1754,2023-11,1
1754,2023-12,1
1754,2024-01,1
1754,2024-02,1
1754,2024-03,1
1754,2024-04,1
1754,2024-05,1
1754,2024-06,1
1754,2024-07,1
1754,2024-08,1
1754,2024-09,1
1754,2024-10,1
1754,2024-11,1
1754,2024-12,1
1755,2023-01,1
1755,2023-02,1
1755,2023-03,1
1755,2023-04,1
1755,2023-05,1
1755,2023-06,1
1755,2023-07,1
1755,2023-08,1
1755,2023-09,1
1755,2023-10,1
1755,2023-11,1
1755,2023-12,1
1755,2024-01,1
1755,2024-02,1
1755,2024-03,1
1755,2024-04,1
1755,2024-05,1
1755,2024-06,1
1755,2024-07,1
1755,2024-08,1
1755,2024-09,1
1755,2024-10,1
1755,2024-11,1
1755,2024-12,1
1756,2023-01,1
1756,2023-02,1
1756,2023-03,1
1756,2023-04,1
1756,2023-05,1
1756,2023-06,1
1756,2023-07,1
1756,2023-08,1
1756,2023-09,1
1756,2023-10,1
1756,2023-11,1
1756,2023-12,1
1756,2024-01,1
1756,2024-02,1
1756,2024-03,1
1756,2024-04,1
1756,2024-05,1
1756,2024-06,1
1756,2024-07,1
1756,2024-08,1
1756,2024-09,1
1756,2024-10,1
1756,2024-11,1
1756,2024-12,1
1757,2023-01,1
1757,2023-02,1
1757,2023-03,1
1757,2023-04,1
1757,2023-05,1
1757,2023-06,1
1757,2023-07,1
1757,2023-08,1
1757,2023-09,1
1757,2023-10,1
1757,2023-11,1
1757,2023-12,1
1757,2024-01,1
1757,2024-02,1
1757,2024-03,1
1757,2024-04,1
1757,2024-05,1
1757,2024-06,1
1757,2024-07,1
1757,2024-08,1
1757,2024-09,1
1757,2024-10,1
1757,2024-11,1
1757,2024-12,1
1758,2023-01,2
1758,2023-02,2
1758,2023-03,2
1758,2023-04,2
1758,2023-05,2
1758,2023-06,2
1758,2023-07,2
1758,2023-08,2
1758,2023-09,2
1758,2023-10,2
1758,2023-11,2
1758,2023-12,2
1758,2024-01,2
1758,2024-02,2
1758,2024-03,2
1758,2024-04,2
1758,2024-05,2
1758,2024-06,2
1758,2024-07,2
1758,2024-08,2
1758,2024-09,2
1758,2024-10,2
1758,2024-11,2
1758,2024-12,2
1759,2023-01,1
1759,2023-02,1
1759,2023-03,1
1759,2023-04,1
1759,2023-05,1
1759,2023-06,1
1759,2023-07,1
1759,2023-08,1
1759,2023-09,1
1759,2023-10,1
1759,2023-11,1
1759,2023-12,1
1759,2024-01,1
1759,2024-02,1
1759,2024-03,1
1759,2024-04,1
1759,2024-05,1
1759,2024-06,1
1759,2024-07,1
1759,2024-08,1
1759,2024-09,1
1759,2024-10,1
1759,2024-11,1
1759,2024-12,1
1760,2023-01,1
1760,2023-02,1
1760,2023-03,1
1760,2023-04,1
1760,2023-05,1
1760,2023-06,1
1760,2023-07,1
1760,2023-08,1
1760,2023-09,1
1760,2023-10,1
1760,2023-11,1
1760,2023-12,1
1760,2024-01,1
1760,2024-02,1
1760,2024-03,1
1760,2024-04,1
1760,2024-05,1
1760,2024-06,1
1760,2024-07,1
1760,2024-08,1
1760,2024-09,1
1760,2024-10,1
1760,2024-11,1
1760,2024-12,1
1761,2023-01,1
1761,2023-02,1
1761,2023-03,1
1761,2023-04,1
1761,2023-05,1
1761,2023-06,1
1761,2023-07,1
1761,2023-08,1
1761,2023-09,1
1761,2023-10,1
1761,2023-11,1
1761,2023-12,1
1761,2024-01,1
1761,2024-02,1
1761,2024-03,1
1761,2024-04,1
1761,2024-05,1
1761,2024-06,1
1761,2024-07,1
1761,2024-08,1
1761,2024-09,1
1761,2024-10,1
1761,2024-11,1
1761,2024-12,1
1762,2023-01,1
1762,2023-02,1
1762,2023-03,1
1762,2023-04,1
1762,2023-05,1
1762,2023-06,1
1762,2023-07,1
1762,2023-08,1
1762,2023-09,1
1762,2023-10,1
1762,2023-11,1
1762,2023-12,1
1762,2024-01,1
1762,2024-02,1
1762,2024-03,1
1762,2024-04,1
1762,2024-05,1
1762,2024-06,1
1762,2024-07,1
1762,2024-08,1
1762,2024-09,1
1762,2024-10,1
1762,2024-11,1
1762,2024-12,1
1764,2023-01,2
1764,2023-02,2
1764,2023-03,2
1764,2023-04,2
1764,2023-05,2
1764,2023-06,2
1764,2023-07,2
1764,2023-08,2
1764,2023-09,2
1764,2023-10,2
1764,2023-11,2
1764,2023-12,2
1764,2024-01,2
1764,2024-02,2
1764,2024-03,2
1764,2024-04,2
1764,2024-05,2
1764,2024-06,2
1764,2024-07,2
1764,2024-08,2
1764,2024-09,2
1764,2024-10,2
1764,2024-11,2
1764,2024-12,2
1765,2023-01,2
1765,2023-02,2
1765,2023-03,2
1765,2023-04,2
1765,2023-05,2
1765,2023-06,2
1765,2023-07,2
1765,2023-08,2
1765,2023-09,2
1765,2023-10,2
1765,2023-11,2
1765,2023-12,2
1765,2024-01,2
1765,2024-02,2
1765,2024-03,2
1765,2024-04,2
1765,2024-05,2
1765,2024-06,2
1765,2024-07,2
1765,2024-08,2
1765,2024-09,2
1765,2024-10,2
1765,2024-11,2
1765,2024-12,2
1845,2023-01,2
1845,2023-02,2
1845,2023-03,2
1845,2023-04,4
1845,2023-05,4
1845,2023-06,4
1845,2023-07,4
1845,2023-08,4
1845,2023-09,4
1845,2023-10,4
1845,2023-11,4
1845,2023-12,4
1845,2024-01,4
1845,2024-02,4
1845,2024-03,4
1845,2024-04,4
1845,2024-05,4
1845,2024-06,4
1845,2024-07,4
1845,2024-08,4
1845,2024-09,4
1845,2024-10,4
1845,2024-11,4
1845,2024-12,4
1846,2023-01,1
1846,2023-02,1
1846,2023-03,2
1846,2023-04,2
1846,2023-05,1
1846,2023-06,2
1846,2023-07,2
1846,2023-08,2
1846,2023-09,2
1846,2023-10,2
1846,2023-11,2
1846,2023-12,2
1846,2024-01,2
1846,2024-02,2
1846,2024-03,2
1846,2024-04,2
1846,2024-05,2
1846,2024-06,2
1846,2024-07,2
1846,2024-08,2
1846,2024-09,2
1846,2024-10,2
1846,2024-11,2
1846,2024-12,2
1848,2023-01,1
1848,2023-02,1
1848,2023-03,1
1848,2023-04,1
1848,2023-05,1
1848,2023-06,1
1848,2023-07,1
1848,2023-08,1
1848,2023-09,1
1848,2023-10,1
1848,2023-11,1
1848,2023-12,1
1848,2024-01,1
1848,2024-02,1
1848,2024-03,1
1848,2024-04,1
1848,2024-05,1
1848,2024-06,1
1848,2024-07,1
1848,2024-08,1
1848,2024-09,1
1848,2024-10,1
1848,2024-11,1
1848,2024-12,1
1849,2023-01,1
1849,2023-02,1
1849,2023-03,1
1849,2023-04,1
1849,2023-05,1
1849,2023-06,1
1849,2023-07,1
1849,2023-08,1
1849,2023-09,1
1849,2023-10,1
1849,2023-11,1
1849,2023-12,1
1849,2024-01,1
1849,2024-02,1
1849,2024-03,1
1849,2024-04,1
1849,2024-05,1
1849,2024-06,1
1849,2024-07,1
1849,2024-08,1
1849,2024-09,1
1849,2024-10,1
1849,2024-11,1
1849,2024-12,1
1850,2023-01,1
1850,2023-02,1
1850,2023-03,1
1850,2023-04,1
1850,2023-05,1
1850,2023-06,1
1850,2023-07,1
1850,2023-08,1
1850,2023-09,1
1850,2023-10,1
1850,2023-11,1
1850,2023-12,1
1850,2024-01,1
1850,2024-02,1
1850,2024-03,1
1850,2024-04,1
1850,2024-05,1
1850,2024-06,1
1850,2024-07,1
1850,2024-08,1
1850,2024-09,1
1850,2024-10,1
1850,2024-11,1
1850,2024-12,1
1851,2023-01,1
1851,2023-02,1
1851,2023-03,1
1851,2023-04,1
1851,2023-05,1
1851,2023-06,1
1851,2023-07,1
1851,2023-08,1
1851,2023-09,1
1851,2023-10,1
1851,2023-11,1
1851,2023-12,1
1851,2024-01,1
1851,2024-02,1
1851,2024-03,1
1851,2024-04,1
1851,2024-05,1
1851,2024-06,1
1851,2024-07,1
1851,2024-08,1
1851,2024-09,1
1851,2024-10,1
1851,2024-11,1
1851,2024-12,1
1852,2023-01,1
1852,2023-02,1
1852,2023-03,1
1852,2023-04,1
1852,2023-05,1
1852,2023-06,1
1852,2023-07,1
1852,2023-08,1
1852,2023-09,1
1852,2023-10,1
1852,2023-11,1
1852,2023-12,1
1852,2024-01,1
1852,2024-02,1
1852,2024-03,1
1852,2024-04,1
1852,2024-05,1
1852,2024-06,1
1852,2024-07,1
1852,2024-08,1
1852,2024-09,1
1852,2024-10,1
1852,2024-11,1
1852,2024-12,1
1853,2023-01,1
1853,2023-02,1
1853,2023-03,1
1853,2023-04,1
1853,2023-05,1
1853,2023-06,1
1853,2023-07,1
1853,2023-08,1
1853,2023-09,1
1853,2023-10,1
1853,2023-11,1
1853,2023-12,1
1853,2024-01,1
1853,2024-02,1
1853,2024-03,1
1853,2024-04,1
1853,2024-05,1
1853,2024-06,1
1853,2024-07,1
1853,2024-08,1
1853,2024-09,1
1853,2024-10,1
1853,2024-11,1
1853,2024-12,1
1854,2023-01,1
1854,2023-02,1
1854,2023-03,1
1854,2023-04,1
1854,2023-05,1
1854,2023-06,1
1854,2023-07,1
1854,2023-08,1
1854,2023-09,1
1854,2023-10,1
1854,2023-11,1
1854,2023-12,1
1854,2024-01,1
1854,2024-02,1
1854,2024-03,1
1854,2024-04,1
1854,2024-05,1
1854,2024-06,1
1854,2024-07,1
1854,2024-08,1
1854,2024-09,1
1854,2024-10,1
1854,2024-11,1
1854,2024-12,1
1855,2023-01,1
1855,2023-02,1
1855,2023-03,1
1855,2023-04,1
1855,2023-05,1
1855,2023-06,1
1855,2023-07,1
1855,2023-08,1
1855,2023-09,1
1855,2023-10,1
1855,2023-11,1
1855,2023-12,1
1855,2024-01,1
1855,2024-02,1
1855,2024-03,1
1855,2024-04,1
1855,2024-05,1
1855,2024-06,1
1855,2024-07,1
1855,2024-08,1
1855,2024-09,1
1855,2024-10,1
1855,2024-11,1
1855,2024-12,1
1856,2023-01,1
1856,2023-02,1
1856,2023-03,1
1856,2023-04,1
1856,2023-05,1
1856,2023-06,1
1856,2023-07,1
1856,2023-08,1
1856,2023-09,1
1856,2023-10,1
1856,2023-11,1
1856,2023-12,1
1856,2024-01,1
1856,2024-02,1
1856,2024-03,1
1856,2024-04,1
1856,2024-05,1
1856,2024-06,1
1856,2024-07,1
1856,2024-08,1
1856,2024-09,1
1856,2024-10,1
1856,2024-11,1
1856,2024-12,1
1857,2023-01,1
1857,2023-02,1
1857,2023-03,1
1857,2023-04,1
1857,2023-05,1
1857,2023-06,1
1857,2023-07,1
1857,2023-08,1
1857,2023-09,1
1857,2023-10,1
1857,2023-11,1
1857,2023-12,1
1857,2024-01,1
1857,2024-02,1
1857,2024-03,1
1857,2024-04,1
1857,2024-05,1
1857,2024-06,1
1857,2024-07,1
1857,2024-08,1
1857,2024-09,1
1857,2024-10,1
1857,2024-11,1
1857,2024-12,1
1858,2023-01,1
1858,2023-02,1
1858,2023-03,1
1858,2023-04,1
1858,2023-05,1
1858,2023-06,1
1858,2023-07,1
1858,2023-08,1
1858,2023-09,1
1858,2023-10,1
1858,2023-11,1
1858,2023-12,1
1858,2024-01,1
1858,2024-02,1
1858,2024-03,1
1858,2024-04,1
1858,2024-05,1
1858,2024-06,1
1858,2024-07,1
1858,2024-08,1
1858,2024-09,1
1858,2024-10,1
1858,2024-11,1
1858,2024-12,1
1859,2023-01,1
1859,2023-02,1
1859,2023-03,1
1859,2023-04,1
1859,2023-05,1
1859,2023-06,1
1859,2023-07,1
1859,2023-08,1
1859,2023-09,1
1859,2023-10,1
1859,2023-11,1
1859,2023-12,1
1859,2024-01,1
1859,2024-02,1
1859,2024-03,1
1859,2024-04,1
1859,2024-05,1
1859,2024-06,1
1859,2024-07,1
1859,2024-08,1
1859,2024-09,1
1859,2024-10,1
1859,2024-11,1
1859,2024-12,1
1861,2023-01,1
1861,2023-02,1
1861,2023-03,1
1861,2023-04,1
1861,2023-05,1
1861,2023-06,1
1861,2023-07,1
1861,2023-08,1
1861,2023-09,1
1861,2023-10,1
1861,2023-11,1
1861,2023-12,1
1861,2024-01,1
1861,2024-02,1
1861,2024-03,1
1861,2024-04,1
1861,2024-05,1
1861,2024-06,1
1861,2024-07,1
1861,2024-08,2
1861,2024-09,2
1861,2024-10,2
1861,2024-11,2
1861,2024-12,2
1862,2023-01,1
1862,2023-02,1
1862,2023-03,1
1862,2023-04,1
1862,2023-05,1
1862,2023-06,1
1862,2023-07,1
1862,2023-08,1
1862,2023-09,1
1862,2023-10,1
1862,2023-11,1
1862,2023-12,1
1862,2024-01,1
1862,2024-02,1
1862,2024-03,1
1862,2024-04,1
1862,2024-05,1
1862,2024-06,1
1862,2024-07,1
1862,2024-08,1
1862,2024-09,1
1862,2024-10,1
1862,2024-11,1
1862,2024-12,1
1863,2023-01,2
1863,2023-02,2
1863,2023-03,2
1863,2023-04,2
1863,2023-05,2
1863,2023-06,2
1863,2023-07,2
1863,2023-08,2
1863,2023-09,2
1863,2023-10,2
1863,2023-11,2
1863,2023-12,2
1863,2024-01,2
1863,2024-02,2
1863,2024-03,2
1863,2024-04,2
1863,2024-05,2
1863,2024-06,2
1863,2024-07,2
1863,2024-08,2
1863,2024-09,2
1863,2024-10,2
1863,2024-11,2
1863,2024-12,2
1864,2023-01,1
1864,2023-02,1
1864,2023-03,1
1864,2023-04,1
1864,2023-05,1
1864,2023-06,1
1864,2023-07,1
1864,2023-08,1
1864,2023-09,1
1864,2023-10,1
1864,2023-11,1
1864,2023-12,1
1864,2024-01,1
1864,2024-02,1
1864,2024-03,1
1864,2024-04,1
1864,2024-05,1
1864,2024-06,1
1864,2024-07,1
1864,2024-08,1
1864,2024-09,1
1864,2024-10,1
1864,2024-11,1
1864,2024-12,1
1865,2023-01,1
1865,2023-02,1
1865,2023-03,1
1865,2023-04,1
1865,2023-05,1
1865,2023-06,1
1865,2023-07,1
1865,2023-08,1
1865,2023-09,1
1865,2023-10,1
1865,2023-11,1
1865,2023-12,1
1865,2024-01,1
1865,2024-02,1
1865,2024-03,1
1865,2024-04,1
1865,2024-05,1
1865,2024-06,1
1865,2024-07,1
1865,2024-08,1
1865,2024-09,1
1865,2024-10,1
1865,2024-11,1
1865,2024-12,1
1868,2023-01,1
1868,2023-02,1
1868,2023-03,1
1868,2023-04,1
1868,2023-05,1
1868,2023-06,1
1868,2023-07,1
1868,2023-08,1
1868,2023-09,1
1868,2023-10,1
1868,2023-11,1
1868,2023-12,1
1868,2024-01,1
1868,2024-02,1
1868,2024-03,1
1868,2024-04,1
1868,2024-05,1
1868,2024-06,1
1868,2024-07,1
1868,2024-08,1
1868,2024-09,1
1868,2024-10,1
1868,2024-11,1
1868,2024-12,1
1869,2023-01,1
1869,2023-02,1
1869,2023-03,1
1869,2023-04,1
1869,2023-05,1
1869,2023-06,1
1869,2023-07,1
1869,2023-08,1
1869,2023-09,1
1869,2023-10,1
1869,2023-11,1
1869,2023-12,1
1869,2024-01,1
1869,2024-02,1
1869,2024-03,1
1869,2024-04,1
1869,2024-05,1
1869,2024-06,1
1869,2024-07,1
1869,2024-08,1
1869,2024-09,1
1869,2024-10,1
1869,2024-11,1
1869,2024-12,1
1870,2023-01,1
1870,2023-02,1
1870,2023-03,1
1870,2023-04,1
1870,2023-05,1
1870,2023-06,1
1870,2023-07,1
1870,2023-08,1
1870,2023-09,1
1870,2023-10,1
1870,2023-11,1
1870,2023-12,1
1870,2024-01,1
1870,2024-02,1
1870,2024-03,1
1870,2024-04,1
1870,2024-05,1
1870,2024-06,1
1870,2024-07,1
1870,2024-08,1
1870,2024-09,1
1870,2024-10,1
1870,2024-11,1
1870,2024-12,1
1871,2023-01,1
1871,2023-02,1
1871,2023-03,1
1871,2023-04,1
1871,2023-05,1
1871,2023-06,1
1871,2023-07,1
1871,2023-08,1
1871,2023-09,1
1871,2023-10,1
1871,2023-11,1
1871,2023-12,1
1871,2024-01,1
1871,2024-02,1
1871,2024-03,1
1871,2024-04,1
1871,2024-05,1
1871,2024-06,1
1871,2024-07,1
1871,2024-08,1
1871,2024-09,1
1871,2024-10,1
1871,2024-11,1
1871,2024-12,1
1872,2023-01,1
1872,2023-02,1
1872,2023-03,1
1872,2023-04,1
1872,2023-05,1
1872,2023-06,1
1872,2023-07,1
1872,2023-08,1
1872,2023-09,1
1872,2023-10,1
1872,2023-11,1
1872,2023-12,1
1872,2024-01,1
1872,2024-02,1
1872,2024-03,1
1872,2024-04,1
1872,2024-05,1
1872,2024-06,1
1872,2024-07,1
1872,2024-08,1
1872,2024-09,1
1872,2024-10,1
1872,2024-11,1
1872,2024-12,1
1873,2023-01,1
1873,2023-02,1
1873,2023-03,1
1873,2023-04,1
1873,2023-05,1
1873,2023-06,1
1873,2023-07,1
1873,2023-08,1
1873,2023-09,1
1873,2023-10,1
1873,2023-11,1
1873,2023-12,1
1873,2024-01,1
1873,2024-02,1
1873,2024-03,1
1873,2024-04,1
1873,2024-05,1
1873,2024-06,1
1873,2024-07,1
1873,2024-08,1
1873,2024-09,1
1873,2024-10,1
1873,2024-11,1
1873,2024-12,1
1874,2023-01,4
1874,2023-02,4
1874,2023-03,4
1874,2023-04,4
1874,2023-05,4
1874,2023-06,4
1874,2023-07,4
1874,2023-08,4
1874,2023-09,4
1874,2023-10,4
1874,2023-11,4
1874,2023-12,4
1874,2024-01,4
1874,2024-02,4
1874,2024-03,4
1874,2024-04,4
1874,2024-05,4
1874,2024-06,4
1874,2024-07,4
1874,2024-08,4
1874,2024-09,4
1874,2024-10,4
1874,2024-11,4
1874,2024-12,4
1875,2023-01,2
1875,2023-02,2
1875,2023-03,2
1875,2023-04,2
1875,2023-05,2
1875,2023-06,2
1875,2023-07,2
1875,2023-08,2
1875,2023-09,2
1875,2023-10,2
1875,2023-11,2
1875,2023-12,2
1875,2024-01,2
1875,2024-02,2
1875,2024-03,2
1875,2024-04,2
1875,2024-05,2
1875,2024-06,2
1875,2024-07,2
1875,2024-08,2
1875,2024-09,2
1875,2024-10,2
1875,2024-11,2
1875,2024-12,2
1876,2023-01,2
1876,2023-02,2
1876,2023-03,2
1876,2023-04,2
1876,2023-05,2
1876,2023-06,2
1876,2023-07,2
1876,2023-08,2
1876,2023-09,2
1876,2023-10,2
1876,2023-11,2
1876,2023-12,2
1876,2024-01,2
1876,2024-02,2
1876,2024-03,2
1876,2024-04,2
1876,2024-05,2
1876,2024-06,2
1876,2024-07,2
1876,2024-08,2
1876,2024-09,2
1876,2024-10,2
1876,2024-11,2
1876,2024-12,2
1877,2023-01,2
1877,2023-02,2
1877,2023-03,2
1877,2023-04,2
1877,2023-05,2
1877,2023-06,2
1877,2023-07,2
1877,2023-08,2
1877,2023-09,2
1877,2023-10,2
1877,2023-11,2
1877,2023-12,2
1877,2024-01,2
1877,2024-02,2
1877,2024-03,2
1877,2024-04,2
1877,2024-05,2
1877,2024-06,2
1877,2024-07,2
1877,2024-08,2
1877,2024-09,2
1877,2024-10,2
1877,2024-11,2
1877,2024-12,2
1878,2023-01,1
1878,2023-02,1
1878,2023-03,1
1878,2023-04,1
1878,2023-05,1
1878,2023-06,1
1878,2023-07,1
1878,2023-08,1
1878,2023-09,1
1878,2023-10,1
1878,2023-11,1
1878,2023-12,1
1878,2024-01,1
1878,2024-02,1
1878,2024-03,1
1878,2024-04,1
1878,2024-05,1
1878,2024-06,1
1878,2024-07,1
1878,2024-08,1
1878,2024-09,1
1878,2024-10,1
1878,2024-11,1
1878,2024-12,1
1879,2023-01,2
1879,2023-02,2
1879,2023-03,2
1879,2023-04,2
1879,2023-05,2
1879,2023-06,2
1879,2023-07,2
1879,2023-08,2
1879,2023-09,2
1879,2023-10,2
1879,2023-11,2
1879,2023-12,2
1879,2024-01,2
1879,2024-02,2
1879,2024-03,2
1879,2024-04,2
1879,2024-05,2
1879,2024-06,2
1879,2024-07,2
1879,2024-08,2
1879,2024-09,2
1879,2024-10,2
1879,2024-11,2
1879,2024-12,2
1880,2023-01,1
1880,2023-02,1
1880,2023-03,1
1880,2023-04,1
1880,2023-05,2
1880,2023-06,1
1880,2023-07,2
1880,2023-08,1
1880,2023-09,2
1880,2023-10,1
1880,2023-11,2
1880,2023-12,2
1880,2024-01,2
1880,2024-02,1
1880,2024-03,2
1880,2024-04,2
1880,2024-05,2
1880,2024-06,2
1880,2024-07,2
1880,2024-08,2
1880,2024-09,2
1880,2024-10,2
1880,2024-11,2
1880,2024-12,2
1881,2023-01,2
1881,2023-02,2
1881,2023-03,2
1881,2023-04,2
1881,2023-05,2
1881,2023-06,2
1881,2023-07,2
1881,2023-08,2
1881,2023-09,2
1881,2023-10,2
1881,2023-11,2
1881,2023-12,2
1881,2024-01,2
1881,2024-02,2
1881,2024-03,2
1881,2024-04,2
1881,2024-05,2
1881,2024-06,2
1881,2024-07,2
1881,2024-08,2
1881,2024-09,2
1881,2024-10,2
1881,2024-11,2
1881,2024-12,2
1883,2023-01,2
1883,2023-02,2
1883,2023-03,2
1883,2023-04,2
1883,2023-05,2
1883,2023-06,2
1883,2023-07,2
1883,2023-08,2
1883,2023-09,2
1883,2023-10,2
1883,2023-11,2
1883,2023-12,2
1883,2024-01,2
1883,2024-02,2
1883,2024-03,2
1883,2024-04,2
1883,2024-05,2
1883,2024-06,2
1883,2024-07,2
1883,2024-08,2
1883,2024-09,2
1883,2024-10,2
1883,2024-11,2
1883,2024-12,2
1884,2023-01,1
1884,2023-02,1
1884,2023-03,1
1884,2023-04,1
1884,2023-05,1
1884,2023-06,1
1884,2023-07,1
1884,2023-08,1
1884,2023-09,1
1884,2023-10,1
1884,2023-11,1
1884,2023-12,1
1884,2024-01,1
1884,2024-02,1
1884,2024-03,1
1884,2024-04,1
1884,2024-05,1
1884,2024-06,1
1884,2024-07,1
1884,2024-08,1
1884,2024-09,1
1884,2024-10,1
1884,2024-11,1
1884,2024-12,1
1885,2023-01,2
1885,2023-02,1
1885,2023-03,2
1885,2023-04,2
1885,2023-05,2
1885,2023-06,1
1885,2023-07,1
1885,2023-08,1
1885,2023-09,1
1885,2023-10,1
1885,2023-11,1
1885,2023-12,1
1885,2024-01,1
1885,2024-02,1
1885,2024-03,1
1885,2024-04,1
1885,2024-05,1
1885,2024-06,1
1885,2024-07,1
1885,2024-08,1
1885,2024-09,1
1885,2024-10,1
1885,2024-11,2
1885,2024-12,2
1886,2023-01,1
1886,2023-02,1
1886,2023-03,1
1886,2023-04,1
1886,2023-05,1
1886,2023-06,1
1886,2023-07,1
1886,2023-08,1
1886,2023-09,1
1886,2023-10,1
1886,2023-11,1
1886,2023-12,1
1886,2024-01,1
1886,2024-02,1
1886,2024-03,1
1886,2024-04,1
1886,2024-05,1
1886,2024-06,1
1886,2024-07,1
1886,2024-08,1
1886,2024-09,1
1886,2024-10,1
1886,2024-11,1
1886,2024-12,1
1887,2023-01,1
1887,2023-02,1
1887,2023-03,1
1887,2023-04,1
1887,2023-05,1
1887,2023-06,1
1887,2023-07,1
1887,2023-08,1
1887,2023-09,1
1887,2023-10,1
1887,2023-11,1
1887,2023-12,1
1887,2024-01,1
1887,2024-02,1
1887,2024-03,1
1887,2024-04,1
1887,2024-05,1
1887,2024-06,1
1887,2024-07,1
1887,2024-08,1
1887,2024-09,1
1887,2024-10,1
1887,2024-11,1
1887,2024-12,1
1888,2023-01,1
1888,2023-02,1
1888,2023-03,1
1888,2023-04,1
1888,2023-05,1
1888,2023-06,1
1888,2023-07,1
1888,2023-08,1
1888,2023-09,1
1888,2023-10,1
1888,2023-11,1
1888,2023-12,1
1888,2024-01,1
1888,2024-02,1
1888,2024-03,1
1888,2024-04,1
1888,2024-05,1
1888,2024-06,1
1888,2024-07,1
1888,2024-08,1
1888,2024-09,1
1888,2024-10,1
1888,2024-11,1
1888,2024-12,1
1889,2023-01,1
1889,2023-02,1
1889,2023-03,1
1889,2023-04,1
1889,2023-05,1
1889,2023-06,1
1889,2023-07,1
1889,2023-08,1
1889,2023-09,1
1889,2023-10,1
1889,2023-11,1
1889,2023-12,1
1889,2024-01,1
1889,2024-02,1
1889,2024-03,1
1889,2024-04,1
1889,2024-05,1
1889,2024-06,1
1889,2024-07,1
1889,2024-08,1
1889,2024-09,1
1889,2024-10,1
1889,2024-11,1
1889,2024-12,1
1890,2023-01,2
1890,2023-02,2
1890,2023-03,2
1890,2023-04,4
1890,2023-05,4
1890,2023-06,4
1890,2023-07,4
1890,2023-08,4
1890,2023-09,4
1890,2023-10,4
1890,2023-11,4
1890,2023-12,4
1890,2024-01,4
1890,2024-02,4
1890,2024-03,4
1890,2024-04,4
1890,2024-05,4
1890,2024-06,4
1890,2024-07,4
1890,2024-08,4
1890,2024-09,4
1890,2024-10,4
1890,2024-11,4
1890,2024-12,4
1891,2023-01,1
1891,2023-02,1
1891,2023-03,1
1891,2023-04,1
1891,2023-05,1
1891,2023-06,1
1891,2023-07,1
1891,2023-08,1
1891,2023-09,1
1891,2023-10,1
1891,2023-11,1
1891,2023-12,1
1891,2024-01,1
1891,2024-02,1
1891,2024-03,1
1891,2024-04,1
1891,2024-05,1
1891,2024-06,1
1891,2024-07,1
1891,2024-08,1
1891,2024-09,1
1891,2024-10,1
1891,2024-11,1
1891,2024-12,1
1892,2023-01,1
1892,2023-02,1
1892,2023-03,1
1892,2023-04,1
1892,2023-05,1
1892,2023-06,1
1892,2023-07,1
1892,2023-08,1
1892,2023-09,1
1892,2023-10,1
1892,2023-11,1
1892,2023-12,1
1892,2024-01,1
1892,2024-02,1
1892,2024-03,1
1892,2024-04,1
1892,2024-05,1
1892,2024-06,1
1892,2024-07,1
1892,2024-08,1
1892,2024-09,1
1892,2024-10,1
1892,2024-11,1
1892,2024-12,1
1893,2023-01,1
1893,2023-02,1
1893,2023-03,1
1893,2023-04,1
1893,2023-05,1
1893,2023-06,1
1893,2023-07,1
1893,2023-08,1
1893,2023-09,1
1893,2023-10,1
1893,2023-11,1
1893,2023-12,1
1893,2024-01,1
1893,2024-02,1
1893,2024-03,1
1893,2024-04,1
1893,2024-05,1
1893,2024-06,1
1893,2024-07,1
1893,2024-08,1
1893,2024-09,1
1893,2024-10,1
1893,2024-11,1
1893,2024-12,1
1894,2023-01,1
1894,2023-02,1
1894,2023-03,1
1894,2023-04,1
1894,2023-05,1
1894,2023-06,1
1894,2023-07,1
1894,2023-08,1
1894,2023-09,1
1894,2023-10,1
1894,2023-11,1
1894,2023-12,1
1894,2024-01,1
1894,2024-02,1
1894,2024-03,1
1894,2024-04,1
1894,2024-05,1
1894,2024-06,1
1894,2024-07,1
1894,2024-08,1
1894,2024-09,1
1894,2024-10,1
1894,2024-11,1
1894,2024-12,1
1895,2023-01,1
1895,2023-02,1
1895,2023-03,1
1895,2023-04,1
1895,2023-05,1
1895,2023-06,1
1895,2023-07,1
1895,2023-08,1
1895,2023-09,1
1895,2023-10,1
1895,2023-11,1
1895,2023-12,1
1895,2024-01,1
1895,2024-02,1
1895,2024-03,1
1895,2024-04,1
1895,2024-05,1
1895,2024-06,1
1895,2024-07,1
1895,2024-08,1
1895,2024-09,1
1895,2024-10,1
1895,2024-11,1
1895,2024-12,1
1896,2023-01,1
1896,2023-02,1
1896,2023-03,1
1896,2023-04,1
1896,2023-05,1
1896,2023-06,1
1896,2023-07,1
1896,2023-08,1
1896,2023-09,1
1896,2023-10,1
1896,2023-11,1
1896,2023-12,1
1896,2024-01,1
1896,2024-02,1
1896,2024-03,1
1896,2024-04,1
1896,2024-05,1
1896,2024-06,1
1896,2024-07,1
1896,2024-08,1
1896,2024-09,1
1896,2024-10,1
1896,2024-11,1
1896,2024-12,1
1897,2023-01,1
1897,2023-02,1
1897,2023-03,1
1897,2023-04,1
1897,2023-05,1
1897,2023-06,1
1897,2023-07,1
1897,2023-08,1
1897,2023-09,1
1897,2023-10,1
1897,2023-11,1
1897,2023-12,1
1897,2024-01,1
1897,2024-02,1
1897,2024-03,1
1897,2024-04,1
1897,2024-05,1
1897,2024-06,1
1897,2024-07,1
1897,2024-08,1
1897,2024-09,1
1897,2024-10,1
1897,2024-11,1
1897,2024-12,1
1898,2023-01,1
1898,2023-02,1
1898,2023-03,1
1898,2023-04,1
1898,2023-05,1
1898,2023-06,1
1898,2023-07,1
1898,2023-08,1
1898,2023-09,1
1898,2023-10,1
1898,2023-11,1
1898,2023-12,1
1898,2024-01,1
1898,2024-02,1
1898,2024-03,1
1898,2024-04,1
1898,2024-05,1
1898,2024-06,1
1898,2024-07,1
1898,2024-08,1
1898,2024-09,1
1898,2024-10,1
1898,2024-11,1
1898,2024-12,1
1899,2023-01,2
1899,2023-02,2
1899,2023-03,2
1899,2023-04,2
1899,2023-05,2
1899,2023-06,2
1899,2023-07,2
1899,2023-08,2
1899,2023-09,2
1899,2023-10,2
1899,2023-11,2
1899,2023-12,2
1899,2024-01,2
1899,2024-02,2
1899,2024-03,2
1899,2024-04,2
1899,2024-05,2
1899,2024-06,1
1899,2024-07,2
1899,2024-08,1
1899,2024-09,2
1899,2024-10,2
1899,2024-11,2
1899,2024-12,2
1900,2023-01,1
1900,2023-02,1
1900,2023-03,1
1900,2023-04,1
1900,2023-05,1
1900,2023-06,1
1900,2023-07,1
1900,2023-08,1
1900,2023-09,1
1900,2023-10,1
1900,2023-11,1
1900,2023-12,1
1900,2024-01,1
1900,2024-02,1
1900,2024-03,1
1900,2024-04,1
1900,2024-05,1
1900,2024-06,1
1900,2024-07,1
1900,2024-08,1
1900,2024-09,1
1900,2024-10,1
1900,2024-11,1
1900,2024-12,1
1901,2023-01,1
1901,2023-02,1
1901,2023-03,1
1901,2023-04,1
1901,2023-05,1
1901,2023-06,1
1901,2023-07,1
1901,2023-08,1
1901,2023-09,1
1901,2023-10,1
1901,2023-11,1
1901,2023-12,1
1901,2024-01,1
1901,2024-02,1
1901,2024-03,1
1901,2024-04,1
1901,2024-05,1
1901,2024-06,1
1901,2024-07,1
1901,2024-08,1
1901,2024-09,1
1901,2024-10,1
1901,2024-11,1
1901,2024-12,1
1902,2023-01,1
1902,2023-02,1
1902,2023-03,1
1902,2023-04,1
1902,2023-05,1
1902,2023-06,1
1902,2023-07,1
1902,2023-08,1
1902,2023-09,1
1902,2023-10,1
1902,2023-11,1
1902,2023-12,1
1902,2024-01,1
1902,2024-02,1
1902,2024-03,1
1902,2024-04,1
1902,2024-05,1
1902,2024-06,1
1902,2024-07,1
1902,2024-08,1
1902,2024-09,1
1902,2024-10,1
1902,2024-11,1
1902,2024-12,1
1903,2023-01,1
1903,2023-02,1
1903,2023-03,1
1903,2023-04,1
1903,2023-05,1
1903,2023-06,1
1903,2023-07,1
1903,2023-08,1
1903,2023-09,1
1903,2023-10,1
1903,2023-11,1
1903,2023-12,1
1903,2024-01,1
1903,2024-02,1
1903,2024-03,1
1903,2024-04,1
1903,2024-05,1
1903,2024-06,1
1903,2024-07,1
1903,2024-08,1
1903,2024-09,1
1903,2024-10,1
1903,2024-11,1
1903,2024-12,1
1904,2023-01,1
1904,2023-02,1
1904,2023-03,1
1904,2023-04,1
1904,2023-05,1
1904,2023-06,1
1904,2023-07,1
1904,2023-08,1
1904,2023-09,1
1904,2023-10,1
1904,2023-11,1
1904,2023-12,1
1904,2024-01,1
1904,2024-02,1
1904,2024-03,1
1904,2024-04,1
1904,2024-05,1
1904,2024-06,1
1904,2024-07,1
1904,2024-08,1
1904,2024-09,1
1904,2024-10,1
1904,2024-11,1
1904,2024-12,1
1905,2023-01,2
1905,2023-02,2
1905,2023-03,2
1905,2023-04,2
1905,2023-05,2
1905,2023-06,2
1905,2023-07,2
1905,2023-08,2
1905,2023-09,2
1905,2023-10,2
1905,2023-11,2
1905,2023-12,2
1905,2024-01,2
1905,2024-02,2
1905,2024-03,2
1905,2024-04,2
1905,2024-05,2
1905,2024-06,2
1905,2024-07,2
1905,2024-08,2
1905,2024-09,2
1905,2024-10,2
1905,2024-11,2
1905,2024-12,2
1906,2023-01,1
1906,2023-02,1
1906,2023-03,1
1906,2023-04,1
1906,2023-05,1
1906,2023-06,1
1906,2023-07,1
1906,2023-08,2
1906,2023-09,2
1906,2023-10,2
1906,2023-11,2
1906,2023-12,2
1906,2024-01,2
1906,2024-02,2
1906,2024-03,2
1906,2024-04,2
1906,2024-05,2
1906,2024-06,2
1906,2024-07,2
1906,2024-08,2
1906,2024-09,2
1906,2024-10,2
1906,2024-11,2
1906,2024-12,2
1907,2023-01,1
1907,2023-02,1
1907,2023-03,1
1907,2023-04,1
1907,2023-05,1
1907,2023-06,1
1907,2023-07,1
1907,2023-08,1
1907,2023-09,1
1907,2023-10,1
1907,2023-11,1
1907,2023-12,1
1907,2024-01,1
1907,2024-02,1
1907,2024-03,1
1907,2024-04,1
1907,2024-05,1
1907,2024-06,1
1907,2024-07,1
1907,2024-08,1
1907,2024-09,1
1907,2024-10,1
1907,2024-11,1
1907,2024-12,1
1908,2023-01,1
1908,2023-02,1
1908,2023-03,1
1908,2023-04,1
1908,2023-05,1
1908,2023-06,1
1908,2023-07,1
1908,2023-08,1
1908,2023-09,1
1908,2023-10,1
1908,2023-11,1
1908,2023-12,1
1908,2024-01,1
1908,2024-02,1
1908,2024-03,1
1908,2024-04,1
1908,2024-05,1
1908,2024-06,1
1908,2024-07,1
1908,2024-08,1
1908,2024-09,1
1908,2024-10,1
1908,2024-11,1
1908,2024-12,1
1909,2023-01,1
1909,2023-02,1
1909,2023-03,1
1909,2023-04,1
1909,2023-05,1
1909,2023-06,1
1909,2023-07,1
1909,2023-08,1
1909,2023-09,1
1909,2023-10,1
1909,2023-11,1
1909,2023-12,1
1909,2024-01,1
1909,2024-02,1
1909,2024-03,1
1909,2024-04,1
1909,2024-05,1
1909,2024-06,1
1909,2024-07,1
1909,2024-08,1
1909,2024-09,1
1909,2024-10,1
1909,2024-11,1
1909,2024-12,1
1910,2023-01,1
1910,2023-02,1
1910,2023-03,1
1910,2023-04,1
1910,2023-05,1
1910,2023-06,1
1910,2023-07,1
1910,2023-08,1
1910,2023-09,1
1910,2023-10,1
1910,2023-11,1
1910,2023-12,1
1910,2024-01,1
1910,2024-02,1
1910,2024-03,1
1910,2024-04,1
1910,2024-05,1
1910,2024-06,1
1910,2024-07,1
1910,2024-08,1
1910,2024-09,1
1910,2024-10,1
1910,2024-11,1
1910,2024-12,1
1912,2023-01,1
1912,2023-02,1
1912,2023-03,1
1912,2023-04,1
1912,2023-05,1
1912,2023-06,1
1912,2023-07,1
1912,2023-08,1
1912,2023-09,1
1912,2023-10,1
1912,2023-11,1
1912,2023-12,1
1912,2024-01,1
1912,2024-02,1
1912,2024-03,1
1912,2024-04,1
1912,2024-05,1
1912,2024-06,1
1912,2024-07,1
1912,2024-08,1
1912,2024-09,1
1912,2024-10,1
1912,2024-11,1
1912,2024-12,1
1915,2023-01,1
1915,2023-02,1
1915,2023-03,1
1915,2023-04,1
1915,2023-05,1
1915,2023-06,1
1915,2023-07,1
1915,2023-08,1
1915,2023-09,1
1915,2023-10,1
1915,2023-11,1
1915,2023-12,1
1915,2024-01,1
1915,2024-02,1
1915,2024-03,1
1915,2024-04,1
1915,2024-05,1
1915,2024-06,1
1915,2024-07,1
1915,2024-08,1
1915,2024-09,1
1915,2024-10,1
1915,2024-11,1
1915,2024-12,1
1916,2023-01,1
1916,2023-02,1
1916,2023-03,1
1916,2023-04,1
1916,2023-05,1
1916,2023-06,1
1916,2023-07,1
1916,2023-08,1
1916,2023-09,1
1916,2023-10,1
1916,2023-11,1
1916,2023-12,1
1916,2024-01,1
1916,2024-02,1
1916,2024-03,1
1916,2024-04,1
1916,2024-05,1
1916,2024-06,1
1916,2024-07,1
1916,2024-08,1
1916,2024-09,1
1916,2024-10,1
1916,2024-11,1
1916,2024-12,1
1917,2023-01,1
1917,2023-02,1
1917,2023-03,1
1917,2023-04,1
1917,2023-05,1
1917,2023-06,1
1917,2023-07,1
1917,2023-08,1
1917,2023-09,1
1917,2023-10,1
1917,2023-11,1
1917,2023-12,1
1917,2024-01,1
1917,2024-02,1
1917,2024-03,1
1917,2024-04,1
1917,2024-05,1
1917,2024-06,1
1917,2024-07,1
1917,2024-08,1
1917,2024-09,1
1917,2024-10,1
1917,2024-11,1
1917,2024-12,1
1918,2023-01,1
1918,2023-02,1
1918,2023-03,1
1918,2023-04,1
1918,2023-05,1
1918,2023-06,1
1918,2023-07,1
1918,2023-08,1
1918,2023-09,1
1918,2023-10,1
1918,2023-11,1
1918,2023-12,1
1918,2024-01,1
1918,2024-02,1
1918,2024-03,1
1918,2024-04,1
1918,2024-05,1
1918,2024-06,1
1918,2024-07,1
1918,2024-08,1
1918,2024-09,1
1918,2024-10,1
1918,2024-11,1
1918,2024-12,1
1919,2023-01,2
1919,2023-02,2
1919,2023-03,2
1919,2023-04,2
1919,2023-05,2
1919,2023-06,2
1919,2023-07,2
1919,2023-08,2
1919,2023-09,2
1919,2023-10,2
1919,2023-11,2
1919,2023-12,2
1919,2024-01,2
1919,2024-02,2
1919,2024-03,2
1919,2024-04,2
1919,2024-05,2
1919,2024-06,2
1919,2024-07,2
1919,2024-08,2
1919,2024-09,2
1919,2024-10,2
1919,2024-11,2
1919,2024-12,2
1920,2023-01,2
1920,2023-02,2
1920,2023-03,2
1920,2023-04,2
1920,2023-05,2
1920,2023-06,2
1920,2023-07,2
1920,2023-08,2
1920,2023-09,2
1920,2023-10,2
1920,2023-11,2
1920,2023-12,2
1920,2024-01,2
1920,2024-02,2
1920,2024-03,2
1920,2024-04,2
1920,2024-05,2
1920,2024-06,2
1920,2024-07,2
1920,2024-08,2
1920,2024-09,2
1920,2024-10,2
1920,2024-11,2
1920,2024-12,2
1921,2023-01,1
1921,2023-02,1
1921,2023-03,1
1921,2023-04,1
1921,2023-05,1
1921,2023-06,1
1921,2023-07,1
1921,2023-08,1
1921,2023-09,1
1921,2023-10,1
1921,2023-11,1
1921,2023-12,1
1921,2024-01,1
1921,2024-02,1
1921,2024-03,1
1921,2024-04,1
1921,2024-05,1
1921,2024-06,1
1921,2024-07,1
1921,2024-08,1
1921,2024-09,1
1921,2024-10,1
1921,2024-11,1
1921,2024-12,1
1922,2023-01,2
1922,2023-02,2
1922,2023-03,2
1922,2023-04,2
1922,2023-05,2
1922,2023-06,2
1922,2023-07,2
1922,2023-08,2
1922,2023-09,2
1922,2023-10,2
1922,2023-11,2
1922,2023-12,2
1922,2024-01,2
1922,2024-02,2
1922,2024-03,2
1922,2024-04,2
1922,2024-05,2
1922,2024-06,2
1922,2024-07,2
1922,2024-08,2
1922,2024-09,2
1922,2024-10,2
1922,2024-11,2
1922,2024-12,2
1923,2023-01,1
1923,2023-02,1
1923,2023-03,1
1923,2023-04,1
1923,2023-05,1
1923,2023-06,1
1923,2023-07,1
1923,2023-08,1
1923,2023-09,1
1923,2023-10,1
1923,2023-11,1
1923,2023-12,1
1923,2024-01,1
1923,2024-02,1
1923,2024-03,1
1923,2024-04,1
1923,2024-05,1
1923,2024-06,1
1923,2024-07,1
1923,2024-08,1
1923,2024-09,1
1923,2024-10,1
1923,2024-11,1
1923,2024-12,1
1924,2023-01,1
1924,2023-02,1
1924,2023-03,1
1924,2023-04,1
1924,2023-05,1
1924,2023-06,1
1924,2023-07,1
1924,2023-08,1
1924,2023-09,1
1924,2023-10,1
1924,2023-11,1
1924,2023-12,1
1924,2024-01,1
1924,2024-02,1
1924,2024-03,1
1924,2024-04,1
1924,2024-05,1
1924,2024-06,1
1924,2024-07,1
1924,2024-08,1
1924,2024-09,1
1924,2024-10,1
1924,2024-11,1
1924,2024-12,1
1925,2023-01,1
1925,2023-02,1
1925,2023-03,1
1925,2023-04,1
1925,2023-05,1
1925,2023-06,1
1925,2023-07,1
1925,2023-08,1
1925,2023-09,1
1925,2023-10,1
1925,2023-11,1
1925,2023-12,1
1925,2024-01,1
1925,2024-02,1
1925,2024-03,1
1925,2024-04,1
1925,2024-05,1
1925,2024-06,1
1925,2024-07,1
1925,2024-08,1
1925,2024-09,1
1925,2024-10,1
1925,2024-11,1
1925,2024-12,1
1926,2023-01,1
1926,2023-02,1
1926,2023-03,1
1926,2023-04,1
1926,2023-05,1
1926,2023-06,1
1926,2023-07,1
1926,2023-08,1
1926,2023-09,1
1926,2023-10,1
1926,2023-11,1
1926,2023-12,1
1926,2024-01,1
1926,2024-02,1
1926,2024-03,1
1926,2024-04,1
1926,2024-05,1
1926,2024-06,1
1926,2024-07,1
1926,2024-08,1
1926,2024-09,1
1926,2024-10,1
1926,2024-11,1
1926,2024-12,1
1927,2023-01,1
1927,2023-02,1
1927,2023-03,1
1927,2023-04,1
1927,2023-05,1
1927,2023-06,1
1927,2023-07,1
1927,2023-08,1
1927,2023-09,1
1927,2023-10,1
1927,2023-11,1
1927,2023-12,1
1927,2024-01,1
1927,2024-02,1
1927,2024-03,1
1927,2024-04,1
1927,2024-05,1
1927,2024-06,1
1927,2024-07,1
1927,2024-08,1
1927,2024-09,1
1927,2024-10,1
1927,2024-11,1
1927,2024-12,1
1928,2023-01,1
1928,2023-02,1
1928,2023-03,1
1928,2023-04,1
1928,2023-05,1
1928,2023-06,1
1928,2023-07,1
1928,2023-08,1
1928,2023-09,1
1928,2023-10,1
1928,2023-11,1
1928,2023-12,1
1928,2024-01,1
1928,2024-02,1
1928,2024-03,1
1928,2024-04,1
1928,2024-05,1
1928,2024-06,1
1928,2024-07,1
1928,2024-08,1
1928,2024-09,1
1928,2024-10,1
1928,2024-11,1
1928,2024-12,1
1929,2023-01,1
1929,2023-02,1
1929,2023-03,1
1929,2023-04,1
1929,2023-05,1
1929,2023-06,1
1929,2023-07,1
1929,2023-08,1
1929,2023-09,1
1929,2023-10,1
1929,2023-11,1
1929,2023-12,1
1929,2024-01,1
1929,2024-02,1
1929,2024-03,1
1929,2024-04,1
1929,2024-05,1
1929,2024-06,1
1929,2024-07,1
1929,2024-08,1
1929,2024-09,1
1929,2024-10,1
1929,2024-11,1
1929,2024-12,1
1930,2023-01,1
1930,2023-02,1
1930,2023-03,1
1930,2023-04,1
1930,2023-05,1
1930,2023-06,1
1930,2023-07,1
1930,2023-08,1
1930,2023-09,1
1930,2023-10,1
1930,2023-11,1
1930,2023-12,1
1930,2024-01,1
1930,2024-02,1
1930,2024-03,1
1930,2024-04,1
1930,2024-05,1
1930,2024-06,1
1930,2024-07,1
1930,2024-08,1
1930,2024-09,1
1930,2024-10,1
1930,2024-11,1
1930,2024-12,1
1931,2023-01,1
1931,2023-02,1
1931,2023-03,1
1931,2023-04,1
1931,2023-05,1
1931,2023-06,1
1931,2023-07,1
1931,2023-08,1
1931,2023-09,1
1931,2023-10,1
1931,2023-11,1
1931,2023-12,1
1931,2024-01,1
1931,2024-02,1
1931,2024-03,1
1931,2024-04,1
1931,2024-05,1
1931,2024-06,1
1931,2024-07,1
1931,2024-08,1
1931,2024-09,1
1931,2024-10,1
1931,2024-11,1
1931,2024-12,1
1932,2023-01,1
1932,2023-02,1
1932,2023-03,1
1932,2023-04,1
1932,2023-05,1
1932,2023-06,1
1932,2023-07,1
1932,2023-08,1
1932,2023-09,1
1932,2023-10,1
1932,2023-11,1
1932,2023-12,1
1932,2024-01,1
1932,2024-02,1
1932,2024-03,1
1932,2024-04,1
1932,2024-05,1
1932,2024-06,1
1932,2024-07,1
1932,2024-08,1
1932,2024-09,1
1932,2024-10,1
1932,2024-11,1
1932,2024-12,1
1933,2023-01,1
1933,2023-02,1
1933,2023-03,1
1933,2023-04,1
1933,2023-05,1
1933,2023-06,1
1933,2023-07,1
1933,2023-08,1
1933,2023-09,1
1933,2023-10,1
1933,2023-11,1
1933,2023-12,1
1933,2024-01,1
1933,2024-02,1
1933,2024-03,1
1933,2024-04,1
1933,2024-05,1
1933,2024-06,1
1933,2024-07,1
1933,2024-08,1
1933,2024-09,1
1933,2024-10,1
1933,2024-11,1
1933,2024-12,1
1934,2023-01,1
1934,2023-02,2
1934,2023-03,2
1934,2023-04,1
1934,2023-05,1
1934,2023-06,2
1934,2023-07,1
1934,2023-08,1
1934,2023-09,2
1934,2023-10,2
1934,2023-11,2
1934,2023-12,2
1934,2024-01,2
1934,2024-02,2
1934,2024-03,2
1934,2024-04,2
1934,2024-05,1
1934,2024-06,1
1934,2024-07,1
1934,2024-08,1
1934,2024-09,2
1934,2024-10,2
1934,2024-11,1
1934,2024-12,2
1935,2023-01,1
1935,2023-02,1
1935,2023-03,1
1935,2023-04,1
1935,2023-05,1
1935,2023-06,1
1935,2023-07,1
1935,2023-08,1
1935,2023-09,1
1935,2023-10,1
1935,2023-11,1
1935,2023-12,1
1935,2024-01,1
1935,2024-02,1
1935,2024-03,1
1935,2024-04,1
1935,2024-05,1
1935,2024-06,1
1935,2024-07,1
1935,2024-08,1
1935,2024-09,1
1935,2024-10,1
1935,2024-11,1
1935,2024-12,1
1936,2023-01,1
1936,2023-02,1
1936,2023-03,1
1936,2023-04,1
1936,2023-05,1
1936,2023-06,1
1936,2023-07,1
1936,2023-08,1
1936,2023-09,1
1936,2023-10,1
1936,2023-11,1
1936,2023-12,1
1936,2024-01,1
1936,2024-02,1
1936,2024-03,1
1936,2024-04,1
1936,2024-05,1
1936,2024-06,1
1936,2024-07,1
1936,2024-08,1
1936,2024-09,1
1936,2024-10,1
1936,2024-11,1
1936,2024-12,1
1937,2023-01,1
1937,2023-02,1
1937,2023-03,1
1937,2023-04,1
1937,2023-05,1
1937,2023-06,1
1937,2023-07,1
1937,2023-08,1
1937,2023-09,1
1937,2023-10,1
1937,2023-11,1
1937,2023-12,1
1937,2024-01,1
1937,2024-02,1
1937,2024-03,1
1937,2024-04,1
1937,2024-05,1
1937,2024-06,1
1937,2024-07,1
1937,2024-08,1
1937,2024-09,1
1937,2024-10,1
1937,2024-11,1
1937,2024-12,1
1938,2023-01,1
1938,2023-02,1
1938,2023-03,1
1938,2023-04,1
1938,2023-05,1
1938,2023-06,1
1938,2023-07,1
1938,2023-08,1
1938,2023-09,1
1938,2023-10,1
1938,2023-11,1
1938,2023-12,1
1938,2024-01,1
1938,2024-02,1
1938,2024-03,1
1938,2024-04,1
1938,2024-05,1
1938,2024-06,1
1938,2024-07,1
1938,2024-08,1
1938,2024-09,1
1938,2024-10,1
1938,2024-11,1
1938,2024-12,1
1939,2023-01,1
1939,2023-02,1
1939,2023-03,1
1939,2023-04,1
1939,2023-05,1
1939,2023-06,1
1939,2023-07,1
1939,2023-08,1
1939,2023-09,1
1939,2023-10,1
1939,2023-11,1
1939,2023-12,1
1939,2024-01,1
1939,2024-02,1
1939,2024-03,1
1939,2024-04,1
1939,2024-05,1
1939,2024-06,1
1939,2024-07,1
1939,2024-08,1
1939,2024-09,1
1939,2024-10,1
1939,2024-11,1
1939,2024-12,1
1940,2023-01,1
1940,2023-02,1
1940,2023-03,1
1940,2023-04,1
1940,2023-05,1
1940,2023-06,1
1940,2023-07,1
1940,2023-08,1
1940,2023-09,1
1940,2023-10,1
1940,2023-11,1
1940,2023-12,1
1940,2024-01,1
1940,2024-02,1
1940,2024-03,1
1940,2024-04,1
1940,2024-05,1
1940,2024-06,1
1940,2024-07,1
1940,2024-08,1
1940,2024-09,1
1940,2024-10,1
1940,2024-11,1
1940,2024-12,1
1941,2023-01,1
1941,2023-02,1
1941,2023-03,1
1941,2023-04,1
1941,2023-05,1
1941,2023-06,1
1941,2023-07,1
1941,2023-08,1
1941,2023-09,1
1941,2023-10,1
1941,2023-11,1
1941,2023-12,1
1941,2024-01,1
1941,2024-02,1
1941,2024-03,1
1941,2024-04,1
1941,2024-05,1
1941,2024-06,1
1941,2024-07,1
1941,2024-08,1
1941,2024-09,1
1941,2024-10,1
1941,2024-11,1
1941,2024-12,1
1942,2023-01,1
1942,2023-02,1
1942,2023-03,1
1942,2023-04,1
1942,2023-05,1
1942,2023-06,1
1942,2023-07,1
1942,2023-08,1
1942,2023-09,1
1942,2023-10,1
1942,2023-11,1
1942,2023-12,1
1942,2024-01,1
1942,2024-02,1
1942,2024-03,1
1942,2024-04,1
1942,2024-05,1
1942,2024-06,1
1942,2024-07,1
1942,2024-08,1
1942,2024-09,1
1942,2024-10,1
1942,2024-11,1
1942,2024-12,1
1943,2023-01,1
1943,2023-02,1
1943,2023-03,1
1943,2023-04,1
1943,2023-05,1
1943,2023-06,1
1943,2023-07,1
1943,2023-08,1
1943,2023-09,1
1943,2023-10,1
1943,2023-11,1
1943,2023-12,1
1943,2024-01,1
1943,2024-02,1
1943,2024-03,1
1943,2024-04,1
1943,2024-05,1
1943,2024-06,1
1943,2024-07,1
1943,2024-08,1
1943,2024-09,1
1943,2024-10,1
1943,2024-11,1
1943,2024-12,1
1944,2023-01,1
1944,2023-02,1
1944,2023-03,1
1944,2023-04,1
1944,2023-05,1
1944,2023-06,1
1944,2023-07,1
1944,2023-08,1
1944,2023-09,1
1944,2023-10,1
1944,2023-11,1
1944,2023-12,1
1944,2024-01,1
1944,2024-02,1
1944,2024-03,1
1944,2024-04,1
1944,2024-05,1
1944,2024-06,1
1944,2024-07,1
1944,2024-08,1
1944,2024-09,1
1944,2024-10,1
1944,2024-11,1
1944,2024-12,1
1945,2023-01,1
1945,2023-02,1
1945,2023-03,1
1945,2023-04,1
1945,2023-05,1
1945,2023-06,1
1945,2023-07,1
1945,2023-08,1
1945,2023-09,1
1945,2023-10,1
1945,2023-11,1
1945,2023-12,1
1945,2024-01,1
1945,2024-02,1
1945,2024-03,1
1945,2024-04,1
1945,2024-05,1
1945,2024-06,1
1945,2024-07,1
1945,2024-08,1
1945,2024-09,1
1945,2024-10,1
1945,2024-11,1
1945,2024-12,1
1947,2023-01,1
1947,2023-02,1
1947,2023-03,1
1947,2023-04,1
1947,2023-05,1
1947,2023-06,1
1947,2023-07,1
1947,2023-08,1
1947,2023-09,1
1947,2023-10,1
1947,2023-11,1
1947,2023-12,1
1947,2024-01,1
1947,2024-02,1
1947,2024-03,1
1947,2024-04,1
1947,2024-05,1
1947,2024-06,1
1947,2024-07,1
1947,2024-08,1
1947,2024-09,1
1947,2024-10,1
1947,2024-11,1
1947,2024-12,1
1948,2023-01,1
1948,2023-02,1
1948,2023-03,1
1948,2023-04,1
1948,2023-05,1
1948,2023-06,1
1948,2023-07,1
1948,2023-08,1
1948,2023-09,1
1948,2023-10,1
1948,2023-11,1
1948,2023-12,1
1948,2024-01,1
1948,2024-02,1
1948,2024-03,1
1948,2024-04,1
1948,2024-05,1
1948,2024-06,1
1948,2024-07,1
1948,2024-08,1
1948,2024-09,1
1948,2024-10,1
1948,2024-11,1
1948,2024-12,1
1949,2023-01,1
1949,2023-02,1
1949,2023-03,1
1949,2023-04,1
1949,2023-05,1
1949,2023-06,1
1949,2023-07,1
1949,2023-08,1
1949,2023-09,1
1949,2023-10,1
1949,2023-11,1
1949,2023-12,1
1949,2024-01,1
1949,2024-02,1
1949,2024-03,1
1949,2024-04,1
1949,2024-05,1
1949,2024-06,1
1949,2024-07,1
1949,2024-08,1
1949,2024-09,1
1949,2024-10,1
1949,2024-11,1
1949,2024-12,1
1950,2023-01,1
1950,2023-02,1
1950,2023-03,1
1950,2023-04,1
1950,2023-05,1
1950,2023-06,1
1950,2023-07,1
1950,2023-08,1
1950,2023-09,1
1950,2023-10,1
1950,2023-11,1
1950,2023-12,1
1950,2024-01,1
1950,2024-02,1
1950,2024-03,1
1950,2024-04,1
1950,2024-05,1
1950,2024-06,1
1950,2024-07,1
1950,2024-08,1
1950,2024-09,1
1950,2024-10,1
1950,2024-11,1
1950,2024-12,1
1951,2023-01,1
1951,2023-02,1
1951,2023-03,1
1951,2023-04,1
1951,2023-05,1
1951,2023-06,1
1951,2023-07,1
1951,2023-08,1
1951,2023-09,1
1951,2023-10,1
1951,2023-11,1
1951,2023-12,1
1951,2024-01,1
1951,2024-02,1
1951,2024-03,1
1951,2024-04,1
1951,2024-05,1
1951,2024-06,1
1951,2024-07,1
1951,2024-08,1
1951,2024-09,1
1951,2024-10,1
1951,2024-11,1
1951,2024-12,1
1952,2023-01,2
1952,2023-02,2
1952,2023-03,2
1952,2023-04,4
1952,2023-05,4
1952,2023-06,4
1952,2023-07,4
1952,2023-08,4
1952,2023-09,4
1952,2023-10,4
1952,2023-11,2
1952,2023-12,2
1952,2024-01,4
1952,2024-02,2
1952,2024-03,2
1952,2024-04,2
1952,2024-05,4
1952,2024-06,4
1952,2024-07,4
1952,2024-08,4
1952,2024-09,4
1952,2024-10,2
1952,2024-11,2
1952,2024-12,2
1954,2023-01,3
1954,2023-02,3
1954,2023-03,3
1954,2023-04,3
1954,2023-05,3
1954,2023-06,3
1954,2023-07,3
1954,2023-08,3
1954,2023-09,3
1954,2023-10,3
1954,2023-11,3
1954,2023-12,3
1954,2024-01,3
1954,2024-02,3
1954,2024-03,3
1954,2024-04,3
1954,2024-05,3
1954,2024-06,3
1954,2024-07,3
1954,2024-08,3
1954,2024-09,3
1954,2024-10,3
1954,2024-11,3
1954,2024-12,3
1955,2023-01,3
1955,2023-02,3
1955,2023-03,3
1955,2023-04,3
1955,2023-05,3
1955,2023-06,3
1955,2023-07,3
1955,2023-08,3
1955,2023-09,3
1955,2023-10,3
1955,2023-11,3
1955,2023-12,3
1955,2024-01,3
1955,2024-02,3
1955,2024-03,3
1955,2024-04,3
1955,2024-05,3
1955,2024-06,3
1955,2024-07,3
1955,2024-08,3
1955,2024-09,3
1955,2024-10,3
1955,2024-11,3
1955,2024-12,3
1956,2023-01,3
1956,2023-02,3
1956,2023-03,3
1956,2023-04,3
1956,2023-05,3
1956,2023-06,3
1956,2023-07,3
1956,2023-08,3
1956,2023-09,3
1956,2023-10,3
1956,2023-11,3
1956,2023-12,3
1956,2024-01,3
1956,2024-02,3
1956,2024-03,3
1956,2024-04,3
1956,2024-05,3
1956,2024-06,3
1956,2024-07,3
1956,2024-08,3
1956,2024-09,3
1956,2024-10,3
1956,2024-11,3
1956,2024-12,3
1957,2023-01,3
1957,2023-02,3
1957,2023-03,3
1957,2023-04,3
1957,2023-05,3
1957,2023-06,3
1957,2023-07,3
1957,2023-08,3
1957,2023-09,3
1957,2023-10,3
1957,2023-11,3
1957,2023-12,3
1957,2024-01,3
1957,2024-02,3
1957,2024-03,3
1957,2024-04,3
1957,2024-05,3
1957,2024-06,3
1957,2024-07,3
1957,2024-08,3
1957,2024-09,3
1957,2024-10,3
1957,2024-11,3
1957,2024-12,3
1958,2023-01,3
1958,2023-02,3
1958,2023-03,3
1958,2023-04,3
1958,2023-05,3
1958,2023-06,3
1958,2023-07,3
1958,2023-08,3
1958,2023-09,3
1958,2023-10,3
1958,2023-11,3
1958,2023-12,3
1958,2024-01,3
1958,2024-02,3
1958,2024-03,3
1958,2024-04,3
1958,2024-05,3
1958,2024-06,3
1958,2024-07,3
1958,2024-08,3
1958,2024-09,3
1958,2024-10,3
1958,2024-11,3
1958,2024-12,3
1959,2023-01,3
1959,2023-02,3
1959,2023-03,3
1959,2023-04,3
1959,2023-05,3
1959,2023-06,3
1959,2023-07,3
1959,2023-08,3
1959,2023-09,3
1959,2023-10,3
1959,2023-11,3
1959,2023-12,3
1959,2024-01,3
1959,2024-02,3
1959,2024-03,3
1959,2024-04,3
1959,2024-05,3
1959,2024-06,3
1959,2024-07,3
1959,2024-08,3
1959,2024-09,3
1959,2024-10,3
1959,2024-11,3
1959,2024-12,3
1960,2023-01,3
1960,2023-02,3
1960,2023-03,3
1960,2023-04,3
1960,2023-05,3
1960,2023-06,3
1960,2023-07,3
1960,2023-08,3
1960,2023-09,3
1960,2023-10,3
1960,2023-11,3
1960,2023-12,3
1960,2024-01,3
1960,2024-02,3
1960,2024-03,3
1960,2024-04,3
1960,2024-05,3
1960,2024-06,3
1960,2024-07,3
1960,2024-08,3
1960,2024-09,3
1960,2024-10,3
1960,2024-11,3
1960,2024-12,3
1961,2023-01,3
1961,2023-02,3
1961,2023-03,3
1961,2023-04,3
1961,2023-05,3
1961,2023-06,3
1961,2023-07,3
1961,2023-08,3
1961,2023-09,3
1961,2023-10,3
1961,2023-11,3
1961,2023-12,3
1961,2024-01,3
1961,2024-02,3
1961,2024-03,3
1961,2024-04,3
1961,2024-05,3
1961,2024-06,3
1961,2024-07,3
1961,2024-08,3
1961,2024-09,3
1961,2024-10,3
1961,2024-11,3
1961,2024-12,3
1962,2023-01,3
1962,2023-02,3
1962,2023-03,3
1962,2023-04,3
1962,2023-05,3
1962,2023-06,3
1962,2023-07,3
1962,2023-08,3
1962,2023-09,3
1962,2023-10,3
1962,2023-11,3
1962,2023-12,3
1962,2024-01,3
1962,2024-02,3
1962,2024-03,3
1962,2024-04,3
1962,2024-05,3
1962,2024-06,3
1962,2024-07,3
1962,2024-08,3
1962,2024-09,3
1962,2024-10,3
1962,2024-11,3
1962,2024-12,3
1963,2023-01,3
1963,2023-02,3
1963,2023-03,3
1963,2023-04,3
1963,2023-05,3
1963,2023-06,3
1963,2023-07,3
1963,2023-08,3
1963,2023-09,3
1963,2023-10,3
1963,2023-11,3
1963,2023-12,3
1963,2024-01,3
1963,2024-02,3
1963,2024-03,3
1963,2024-04,3
1963,2024-05,3
1963,2024-06,3
1963,2024-07,3
1963,2024-08,3
1963,2024-09,3
1963,2024-10,3
1963,2024-11,3
1963,2024-12,3
1965,2023-01,3
1965,2023-02,3
1965,2023-03,3
1965,2023-04,3
1965,2023-05,3
1965,2023-06,3
1965,2023-07,3
1965,2023-08,3
1965,2023-09,3
1965,2023-10,3
1965,2023-11,3
1965,2023-12,3
1965,2024-01,3
1965,2024-02,3
1965,2024-03,3
1965,2024-04,3
1965,2024-05,3
1965,2024-06,3
1965,2024-07,3
1965,2024-08,3
1965,2024-09,3
1965,2024-10,3
1965,2024-11,3
1965,2024-12,3
1966,2023-01,3
1966,2023-02,3
1966,2023-03,3
1966,2023-04,3
1966,2023-05,3
1966,2023-06,3
1966,2023-07,3
1966,2023-08,3
1966,2023-09,3
1966,2023-10,3
1966,2023-11,3
1966,2023-12,3
1966,2024-01,3
1966,2024-02,3
1966,2024-03,3
1966,2024-04,3
1966,2024-05,3
1966,2024-06,3
1966,2024-07,3
1966,2024-08,3
1966,2024-09,3
1966,2024-10,3
1966,2024-11,3
1966,2024-12,3
1967,2023-01,3
1967,2023-02,3
1967,2023-03,3
1967,2023-04,3
1967,2023-05,3
1967,2023-06,3
1967,2023-07,3
1967,2023-08,3
1967,2023-09,3
1967,2023-10,3
1967,2023-11,3
1967,2023-12,3
1967,2024-01,3
1967,2024-02,3
1967,2024-03,3
1967,2024-04,3
1967,2024-05,3
1967,2024-06,3
1967,2024-07,3
1967,2024-08,3
1967,2024-09,3
1967,2024-10,3
1967,2024-11,3
1967,2024-12,3
1968,2023-01,3
1968,2023-02,3
1968,2023-03,3
1968,2023-04,3
1968,2023-05,3
1968,2023-06,3
1968,2023-07,3
1968,2023-08,3
1968,2023-09,3
1968,2023-10,3
1968,2023-11,3
1968,2023-12,3
1968,2024-01,3
1968,2024-02,3
1968,2024-03,3
1968,2024-04,3
1968,2024-05,3
1968,2024-06,3
1968,2024-07,3
1968,2024-08,3
1968,2024-09,3
1968,2024-10,3
1968,2024-11,3
1968,2024-12,3
1969,2023-01,3
1969,2023-02,3
1969,2023-03,3
1969,2023-04,3
1969,2023-05,3
1969,2023-06,3
1969,2023-07,3
1969,2023-08,3
1969,2023-09,3
1969,2023-10,3
1969,2023-11,3
1969,2023-12,3
1969,2024-01,3
1969,2024-02,3
1969,2024-03,3
1969,2024-04,3
1969,2024-05,3
1969,2024-06,3
1969,2024-07,3
1969,2024-08,3
1969,2024-09,3
1969,2024-10,3
1969,2024-11,3
1969,2024-12,3
1970,2023-01,3
1970,2023-02,3
1970,2023-03,3
1970,2023-04,3
1970,2023-05,3
1970,2023-06,3
1970,2023-07,3
1970,2023-08,3
1970,2023-09,3
1970,2023-10,3
1970,2023-11,3
1970,2023-12,3
1970,2024-01,3
1970,2024-02,3
1970,2024-03,3
1970,2024-04,3
1970,2024-05,3
1970,2024-06,3
1970,2024-07,3
1970,2024-08,3
1970,2024-09,3
1970,2024-10,3
1970,2024-11,3
1970,2024-12,3
1973,2023-01,2
1973,2023-02,2
1973,2023-03,2
1973,2023-04,2
1973,2023-05,2
1973,2023-06,2
1973,2023-07,2
1973,2023-08,2
1973,2023-09,2
1973,2023-10,2
1973,2023-11,2
1973,2023-12,2
1973,2024-01,2
1973,2024-02,2
1973,2024-03,2
1973,2024-04,2
1973,2024-05,2
1973,2024-06,2
1973,2024-07,2
1973,2024-08,2
1973,2024-09,2
1973,2024-10,2
1973,2024-11,2
1973,2024-12,2
1974,2023-01,2
1974,2023-02,2
1974,2023-03,2
1974,2023-04,2
1974,2023-05,2
1974,2023-06,2
1974,2023-07,2
1974,2023-08,2
1974,2023-09,2
1974,2023-10,2
1974,2023-11,2
1974,2023-12,2
1974,2024-01,2
1974,2024-02,2
1974,2024-03,2
1974,2024-04,2
1974,2024-05,2
1974,2024-06,2
1974,2024-07,2
1974,2024-08,2
1974,2024-09,2
1974,2024-10,2
1974,2024-11,2
1974,2024-12,2
1975,2023-01,1
1975,2023-02,1
1975,2023-03,1
1975,2023-04,2
1975,2023-05,2
1975,2023-06,1
1975,2023-07,1
1975,2023-08,1
1975,2023-09,1
1975,2023-10,1
1975,2023-11,1
1975,2023-12,1
1975,2024-01,1
1975,2024-02,1
1975,2024-03,1
1975,2024-04,1
1975,2024-05,1
1975,2024-06,1
1975,2024-07,1
1975,2024-08,1
1975,2024-09,1
1975,2024-10,1
1975,2024-11,1
1975,2024-12,1
1976,2023-01,2
1976,2023-02,2
1976,2023-03,2
1976,2023-04,2
1976,2023-05,2
1976,2023-06,2
1976,2023-07,1
1976,2023-08,2
1976,2023-09,1
1976,2023-10,1
1976,2023-11,1
1976,2023-12,1
1976,2024-01,1
1976,2024-02,1
1976,2024-03,2
1976,2024-04,2
1976,2024-05,2
1976,2024-06,1
1976,2024-07,1
1976,2024-08,1
1976,2024-09,1
1976,2024-10,1
1976,2024-11,1
1976,2024-12,1
1977,2023-01,2
1977,2023-02,2
1977,2023-03,2
1977,2023-04,4
1977,2023-05,2
1977,2023-06,4
1977,2023-07,2
1977,2023-08,4
1977,2023-09,4
1977,2023-10,4
1977,2023-11,2
1977,2023-12,2
1977,2024-01,4
1977,2024-02,4
1977,2024-03,4
1977,2024-04,4
1977,2024-05,4
1977,2024-06,4
1977,2024-07,4
1977,2024-08,4
1977,2024-09,4
1977,2024-10,4
1977,2024-11,2
1977,2024-12,2
1978,2023-01,2
1978,2023-02,2
1978,2023-03,2
1978,2023-04,2
1978,2023-05,2
1978,2023-06,2
1978,2023-07,2
1978,2023-08,2
1978,2023-09,2
1978,2023-10,2
1978,2023-11,2
1978,2023-12,2
1978,2024-01,2
1978,2024-02,2
1978,2024-03,2
1978,2024-04,2
1978,2024-05,2
1978,2024-06,2
1978,2024-07,2
1978,2024-08,2
1978,2024-09,2
1978,2024-10,2
1978,2024-11,2
1978,2024-12,2
1979,2023-01,2
1979,2023-02,2
1979,2023-03,2
1979,2023-04,4
1979,2023-05,4
1979,2023-06,4
1979,2023-07,4
1979,2023-08,4
1979,2023-09,4
1979,2023-10,4
1979,2023-11,4
1979,2023-12,4
1979,2024-01,4
1979,2024-02,4
1979,2024-03,4
1979,2024-04,4
1979,2024-05,4
1979,2024-06,4
1979,2024-07,4
1979,2024-08,4
1979,2024-09,4
1979,2024-10,4
1979,2024-11,4
1979,2024-12,4
1980,2023-01,2
1980,2023-02,2
1980,2023-03,2
1980,2023-04,2
1980,2023-05,2
1980,2023-06,2
1980,2023-07,2
1980,2023-08,2
1980,2023-09,2
1980,2023-10,2
1980,2023-11,2
1980,2023-12,2
1980,2024-01,2
1980,2024-02,2
1980,2024-03,2
1980,2024-04,2
1980,2024-05,2
1980,2024-06,2
1980,2024-07,2
1980,2024-08,2
1980,2024-09,2
1980,2024-10,2
1980,2024-11,2
1980,2024-12,2
1981,2023-01,2
1981,2023-02,2
1981,2023-03,2
1981,2023-04,2
1981,2023-05,2
1981,2023-06,2
1981,2023-07,2
1981,2023-08,2
1981,2023-09,2
1981,2023-10,2
1981,2023-11,2
1981,2023-12,2
1981,2024-01,2
1981,2024-02,2
1981,2024-03,2
1981,2024-04,2
1981,2024-05,2
1981,2024-06,2
1981,2024-07,2
1981,2024-08,2
1981,2024-09,2
1981,2024-10,2
1981,2024-11,2
1981,2024-12,2
1982,2023-01,2
1982,2023-02,2
1982,2023-03,2
1982,2023-04,2
1982,2023-05,2
1982,2023-06,2
1982,2023-07,2
1982,2023-08,2
1982,2023-09,2
1982,2023-10,2
1982,2023-11,2
1982,2023-12,2
1982,2024-01,2
1982,2024-02,2
1982,2024-03,2
1982,2024-04,2
1982,2024-05,2
1982,2024-06,2
1982,2024-07,2
1982,2024-08,2
1982,2024-09,2
1982,2024-10,2
1982,2024-11,2
1982,2024-12,2
1983,2023-01,2
1983,2023-02,2
1983,2023-03,2
1983,2023-04,2
1983,2023-05,2
1983,2023-06,2
1983,2023-07,2
1983,2023-08,2
1983,2023-09,2
1983,2023-10,2
1983,2023-11,1
1983,2023-12,2
1983,2024-01,2
1983,2024-02,2
1983,2024-03,2
1983,2024-04,2
1983,2024-05,2
1983,2024-06,2
1983,2024-07,2
1983,2024-08,2
1983,2024-09,1
1983,2024-10,2
1983,2024-11,2
1983,2024-12,2
1984,2023-01,1
1984,2023-02,1
1984,2023-03,1
1984,2023-04,1
1984,2023-05,1
1984,2023-06,1
1984,2023-07,1
1984,2023-08,1
1984,2023-09,1
1984,2023-10,1
1984,2023-11,1
1984,2023-12,1
1984,2024-01,1
1984,2024-02,1
1984,2024-03,1
1984,2024-04,1
1984,2024-05,1
1984,2024-06,1
1984,2024-07,1
1984,2024-08,1
1984,2024-09,1
1984,2024-10,1
1984,2024-11,1
1984,2024-12,1
1986,2023-01,2
1986,2023-02,2
1986,2023-03,2
1986,2023-04,2
1986,2023-05,2
1986,2023-06,2
1986,2023-07,2
1986,2023-08,2
1986,2023-09,2
1986,2023-10,2
1986,2023-11,2
1986,2023-12,2
1986,2024-01,2
1986,2024-02,2
1986,2024-03,2
1986,2024-04,2
1986,2024-05,2
1986,2024-06,2
1986,2024-07,2
1986,2024-08,2
1986,2024-09,2
1986,2024-10,2
1986,2024-11,2
1986,2024-12,2
1987,2023-01,2
1987,2023-02,2
1987,2023-03,2
1987,2023-04,2
1987,2023-05,2
1987,2023-06,2
1987,2023-07,2
1987,2023-08,2
1987,2023-09,2
1987,2023-10,2
1987,2023-11,2
1987,2023-12,2
1987,2024-01,2
1987,2024-02,2
1987,2024-03,2
1987,2024-04,2
1987,2024-05,2
1987,2024-06,2
1987,2024-07,2
1987,2024-08,2
1987,2024-09,2
1987,2024-10,2
1987,2024-11,2
1987,2024-12,2
1988,2023-01,2
1988,2023-02,2
1988,2023-03,2
1988,2023-04,2
1988,2023-05,2
1988,2023-06,2
1988,2023-07,2
1988,2023-08,2
1988,2023-09,2
1988,2023-10,2
1988,2023-11,2
1988,2023-12,2
1988,2024-01,1
1988,2024-02,2
1988,2024-03,2
1988,2024-04,2
1988,2024-05,2
1988,2024-06,2
1988,2024-07,1
1988,2024-08,2
1988,2024-09,2
1988,2024-10,2
1988,2024-11,2
1988,2024-12,2
1989,2023-01,1
1989,2023-02,1
1989,2023-03,1
1989,2023-04,1
1989,2023-05,1
1989,2023-06,1
1989,2023-07,1
1989,2023-08,1
1989,2023-09,1
1989,2023-10,1
1989,2023-11,1
1989,2023-12,1
1989,2024-01,1
1989,2024-02,1
1989,2024-03,1
1989,2024-04,1
1989,2024-05,1
1989,2024-06,1
1989,2024-07,1
1989,2024-08,1
1989,2024-09,1
1989,2024-10,1
1989,2024-11,1
1989,2024-12,1
1990,2023-01,2
1990,2023-02,2
1990,2023-03,2
1990,2023-04,2
1990,2023-05,2
1990,2023-06,2
1990,2023-07,2
1990,2023-08,2
1990,2023-09,2
1990,2023-10,2
1990,2023-11,2
1990,2023-12,2
1990,2024-01,2
1990,2024-02,2
1990,2024-03,2
1990,2024-04,2
1990,2024-05,2
1990,2024-06,2
1990,2024-07,2
1990,2024-08,2
1990,2024-09,2
1990,2024-10,2
1990,2024-11,2
1990,2024-12,2
1991,2023-01,2
1991,2023-02,2
1991,2023-03,2
1991,2023-04,2
1991,2023-05,2
1991,2023-06,2
1991,2023-07,2
1991,2023-08,2
1991,2023-09,2
1991,2023-10,2
1991,2023-11,2
1991,2023-12,2
1991,2024-01,2
1991,2024-02,2
1991,2024-03,2
1991,2024-04,2
1991,2024-05,2
1991,2024-06,2
1991,2024-07,2
1991,2024-08,2
1991,2024-09,2
1991,2024-10,2
1991,2024-11,2
1991,2024-12,2
1992,2023-01,2
1992,2023-02,2
1992,2023-03,2
1992,2023-04,2
1992,2023-05,2
1992,2023-06,1
1992,2023-07,1
1992,2023-08,1
1992,2023-09,1
1992,2023-10,1
1992,2023-11,1
1992,2023-12,1
1992,2024-01,2
1992,2024-02,1
1992,2024-03,2
1992,2024-04,2
1992,2024-05,2
1992,2024-06,2
1992,2024-07,1
1992,2024-08,1
1992,2024-09,1
1992,2024-10,1
1992,2024-11,1
1992,2024-12,1
1993,2023-01,2
1993,2023-02,2
1993,2023-03,2
1993,2023-04,2
1993,2023-05,2
1993,2023-06,2
1993,2023-07,2
1993,2023-08,2
1993,2023-09,2
1993,2023-10,2
1993,2023-11,2
1993,2023-12,2
1993,2024-01,2
1993,2024-02,2
1993,2024-03,2
1993,2024-04,2
1993,2024-05,2
1993,2024-06,2
1993,2024-07,2
1993,2024-08,2
1993,2024-09,2
1993,2024-10,2
1993,2024-11,2
1993,2024-12,2
1994,2023-01,2
1994,2023-02,2
1994,2023-03,2
1994,2023-04,2
1994,2023-05,2
1994,2023-06,2
1994,2023-07,1
1994,2023-08,1
1994,2023-09,1
1994,2023-10,1
1994,2023-11,1
1994,2023-12,2
1994,2024-01,1
1994,2024-02,1
1994,2024-03,1
1994,2024-04,2
1994,2024-05,2
1994,2024-06,2
1994,2024-07,1
1994,2024-08,1
1994,2024-09,1
1994,2024-10,1
1994,2024-11,1
1994,2024-12,1
1995,2023-01,2
1995,2023-02,2
1995,2023-03,2
1995,2023-04,2
1995,2023-05,2
1995,2023-06,2
1995,2023-07,2
1995,2023-08,2
1995,2023-09,2
1995,2023-10,2
1995,2023-11,2
1995,2023-12,2
1995,2024-01,2
1995,2024-02,2
1995,2024-03,2
1995,2024-04,2
1995,2024-05,2
1995,2024-06,2
1995,2024-07,2
1995,2024-08,2
1995,2024-09,2
1995,2024-10,2
1995,2024-11,2
1995,2024-12,2
1996,2023-01,2
1996,2023-02,2
1996,2023-03,2
1996,2023-04,2
1996,2023-05,2
1996,2023-06,2
1996,2023-07,2
1996,2023-08,2
1996,2023-09,2
1996,2023-10,2
1996,2023-11,2
1996,2023-12,2
1996,2024-01,2
1996,2024-02,2
1996,2024-03,2
1996,2024-04,2
1996,2024-05,2
1996,2024-06,2
1996,2024-07,2
1996,2024-08,1
1996,2024-09,1
1996,2024-10,1
1996,2024-11,2
1996,2024-12,2
1997,2023-01,1
1997,2023-02,1
1997,2023-03,1
1997,2023-04,1
1997,2023-05,1
1997,2023-06,1
1997,2023-07,1
1997,2023-08,1
1997,2023-09,1
1997,2023-10,1
1997,2023-11,1
1997,2023-12,1
1997,2024-01,1
1997,2024-02,1
1997,2024-03,1
1997,2024-04,1
1997,2024-05,1
1997,2024-06,1
1997,2024-07,1
1997,2024-08,1
1997,2024-09,1
1997,2024-10,1
1997,2024-11,1
1997,2024-12,1
1999,2023-01,2
1999,2023-02,2
1999,2023-03,2
1999,2023-04,2
1999,2023-05,2
1999,2023-06,2
1999,2023-07,2
1999,2023-08,2
1999,2023-09,2
1999,2023-10,2
1999,2023-11,2
1999,2023-12,2
1999,2024-01,2
1999,2024-02,2
1999,2024-03,2
1999,2024-04,2
1999,2024-05,2
1999,2024-06,2
1999,2024-07,2
1999,2024-08,2
1999,2024-09,2
1999,2024-10,2
1999,2024-11,2
1999,2024-12,2
2000,2023-01,2
2000,2023-02,2
2000,2023-03,2
2000,2023-04,2
2000,2023-05,2
2000,2023-06,2
2000,2023-07,2
2000,2023-08,2
2000,2023-09,2
2000,2023-10,2
2000,2023-11,2
2000,2023-12,2
2000,2024-01,2
2000,2024-02,2
2000,2024-03,2
2000,2024-04,2
2000,2024-05,2
2000,2024-06,2
2000,2024-07,2
2000,2024-08,2
2000,2024-09,2
2000,2024-10,2
2000,2024-11,2
2000,2024-12,2
2001,2023-01,2
2001,2023-02,2
2001,2023-03,2
2001,2023-04,2
2001,2023-05,2
2001,2023-06,2
2001,2023-07,2
2001,2023-08,2
2001,2023-09,2
2001,2023-10,2
2001,2023-11,2
2001,2023-12,2
2001,2024-01,2
2001,2024-02,2
2001,2024-03,2
2001,2024-04,2
2001,2024-05,2
2001,2024-06,2
2001,2024-07,2
2001,2024-08,2
2001,2024-09,2
2001,2024-10,1
2001,2024-11,2
2001,2024-12,2
2002,2023-01,2
2002,2023-02,2
2002,2023-03,2
2002,2023-04,2
2002,2023-05,2
2002,2023-06,2
2002,2023-07,2
2002,2023-08,2
2002,2023-09,2
2002,2023-10,2
2002,2023-11,2
2002,2023-12,2
2002,2024-01,2
2002,2024-02,2
2002,2024-03,2
2002,2024-04,2
2002,2024-05,2
2002,2024-06,2
2002,2024-07,2
2002,2024-08,2
2002,2024-09,2
2002,2024-10,2
2002,2024-11,2
2002,2024-12,2
2004,2023-01,2
2004,2023-02,2
2004,2023-03,2
2004,2023-04,2
2004,2023-05,2
2004,2023-06,2
2004,2023-07,2
2004,2023-08,2
2004,2023-09,2
2004,2023-10,2
2004,2023-11,2
2004,2023-12,2
2004,2024-01,2
2004,2024-02,2
2004,2024-03,2
2004,2024-04,2
2004,2024-05,2
2004,2024-06,2
2004,2024-07,2
2004,2024-08,2
2004,2024-09,2
2004,2024-10,2
2004,2024-11,2
2004,2024-12,2
2005,2023-01,2
2005,2023-02,2
2005,2023-03,2
2005,2023-04,2
2005,2023-05,2
2005,2023-06,2
2005,2023-07,2
2005,2023-08,2
2005,2023-09,2
2005,2023-10,2
2005,2023-11,2
2005,2023-12,2
2005,2024-01,2
2005,2024-02,2
2005,2024-03,2
2005,2024-04,2
2005,2024-05,2
2005,2024-06,2
2005,2024-07,2
2005,2024-08,2
2005,2024-09,2
2005,2024-10,2
2005,2024-11,2
2005,2024-12,2
2006,2023-01,2
2006,2023-02,2
2006,2023-03,2
2006,2023-04,2
2006,2023-05,2
2006,2023-06,2
2006,2023-07,2
2006,2023-08,2
2006,2023-09,2
2006,2023-10,2
2006,2023-11,2
2006,2023-12,2
2006,2024-01,2
2006,2024-02,2
2006,2024-03,2
2006,2024-04,2
2006,2024-05,2
2006,2024-06,2
2006,2024-07,2
2006,2024-08,2
2006,2024-09,2
2006,2024-10,2
2006,2024-11,2
2006,2024-12,2
2007,2023-01,2
2007,2023-02,2
2007,2023-03,2
2007,2023-04,2
2007,2023-05,2
2007,2023-06,1
2007,2023-07,1
2007,2023-08,1
2007,2023-09,1
2007,2023-10,1
2007,2023-11,1
2007,2023-12,1
2007,2024-01,1
2007,2024-02,1
2007,2024-03,1
2007,2024-04,1
2007,2024-05,1
2007,2024-06,1
2007,2024-07,1
2007,2024-08,1
2007,2024-09,1
2007,2024-10,1
2007,2024-11,1
2007,2024-12,1
2008,2023-01,2
2008,2023-02,2
2008,2023-03,2
2008,2023-04,2
2008,2023-05,2
2008,2023-06,2
2008,2023-07,2
2008,2023-08,2
2008,2023-09,2
2008,2023-10,2
2008,2023-11,2
2008,2023-12,2
2008,2024-01,2
2008,2024-02,2
2008,2024-03,2
2008,2024-04,2
2008,2024-05,2
2008,2024-06,2
2008,2024-07,2
2008,2024-08,2
2008,2024-09,2
2008,2024-10,2
2008,2024-11,2
2008,2024-12,2
2009,2023-01,2
2009,2023-02,2
2009,2023-03,2
2009,2023-04,2
2009,2023-05,2
2009,2023-06,2
2009,2023-07,2
2009,2023-08,2
2009,2023-09,2
2009,2023-10,2
2009,2023-11,2
2009,2023-12,2
2009,2024-01,2
2009,2024-02,2
2009,2024-03,2
2009,2024-04,2
2009,2024-05,2
2009,2024-06,2
2009,2024-07,2
2009,2024-08,2
2009,2024-09,2
2009,2024-10,2
2009,2024-11,2
2009,2024-12,2
2010,2023-01,2
2010,2023-02,2
2010,2023-03,2
2010,2023-04,2
2010,2023-05,2
2010,2023-06,2
2010,2023-07,2
2010,2023-08,2
2010,2023-09,2
2010,2023-10,2
2010,2023-11,2
2010,2023-12,2
2010,2024-01,2
2010,2024-02,2
2010,2024-03,2
2010,2024-04,2
2010,2024-05,2
2010,2024-06,2
2010,2024-07,2
2010,2024-08,2
2010,2024-09,2
2010,2024-10,2
2010,2024-11,2
2010,2024-12,2
2011,2023-01,2
2011,2023-02,2
2011,2023-03,2
2011,2023-04,2
2011,2023-05,2
2011,2023-06,2
2011,2023-07,2
2011,2023-08,2
2011,2023-09,2
2011,2023-10,2
2011,2023-11,2
2011,2023-12,2
2011,2024-01,2
2011,2024-02,2
2011,2024-03,2
2011,2024-04,2
2011,2024-05,2
2011,2024-06,2
2011,2024-07,2
2011,2024-08,2
2011,2024-09,2
2011,2024-10,2
2011,2024-11,2
2011,2024-12,2
2012,2023-01,2
2012,2023-02,2
2012,2023-03,2
2012,2023-04,2
2012,2023-05,2
2012,2023-06,2
2012,2023-07,2
2012,2023-08,2
2012,2023-09,2
2012,2023-10,2
2012,2023-11,2
2012,2023-12,2
2012,2024-01,2
2012,2024-02,2
2012,2024-03,2
2012,2024-04,2
2012,2024-05,2
2012,2024-06,2
2012,2024-07,1
2012,2024-08,1
2012,2024-09,2
2012,2024-10,1
2012,2024-11,2
2012,2024-12,2
2017,2023-01,1
2017,2023-02,1
2017,2023-03,1
2017,2023-04,1
2017,2023-05,1
2017,2023-06,1
2017,2023-07,1
2017,2023-08,1
2017,2023-09,1
2017,2023-10,1
2017,2023-11,1
2017,2023-12,1
2017,2024-01,1
2017,2024-02,1
2017,2024-03,1
2017,2024-04,1
2017,2024-05,1
2017,2024-06,1
2017,2024-07,1
2017,2024-08,1
2017,2024-09,1
2017,2024-10,1
2017,2024-11,1
2017,2024-12,1
2018,2023-01,1
2018,2023-02,1
2018,2023-03,1
2018,2023-04,1
2018,2023-05,1
2018,2023-06,1
2018,2023-07,1
2018,2023-08,1
2018,2023-09,1
2018,2023-10,1
2018,2023-11,1
2018,2023-12,1
2018,2024-01,1
2018,2024-02,1
2018,2024-03,1
2018,2024-04,1
2018,2024-05,1
2018,2024-06,1
2018,2024-07,1
2018,2024-08,1
2018,2024-09,1
2018,2024-10,1
2018,2024-11,1
2018,2024-12,1
2019,2023-01,2
2019,2023-02,2
2019,2023-03,2
2019,2023-04,2
2019,2023-05,2
2019,2023-06,2
2019,2023-07,2
2019,2023-08,2
2019,2023-09,2
2019,2023-10,2
2019,2023-11,2
2019,2023-12,2
2019,2024-01,2
2019,2024-02,2
2019,2024-03,2
2019,2024-04,2
2019,2024-05,2
2019,2024-06,2
2019,2024-07,2
2019,2024-08,2
2019,2024-09,2
2019,2024-10,2
2019,2024-11,2
2019,2024-12,2
2021,2023-01,1
2021,2023-02,1
2021,2023-03,1
2021,2023-04,1
2021,2023-05,1
2021,2023-06,1
2021,2023-07,1
2021,2023-08,1
2021,2023-09,1
2021,2023-10,1
2021,2023-11,1
2021,2023-12,1
2021,2024-01,1
2021,2024-02,1
2021,2024-03,1
2021,2024-04,1
2021,2024-05,1
2021,2024-06,1
2021,2024-07,1
2021,2024-08,1
2021,2024-09,1
2021,2024-10,1
2021,2024-11,1
2021,2024-12,1
2022,2023-01,1
2022,2023-02,1
2022,2023-03,1
2022,2023-04,1
2022,2023-05,1
2022,2023-06,1
2022,2023-07,1
2022,2023-08,1
2022,2023-09,1
2022,2023-10,1
2022,2023-11,1
2022,2023-12,1
2022,2024-01,1
2022,2024-02,1
2022,2024-03,1
2022,2024-04,1
2022,2024-05,1
2022,2024-06,1
2022,2024-07,1
2022,2024-08,1
2022,2024-09,1
2022,2024-10,1
2022,2024-11,1
2022,2024-12,1
2024,2023-01,2
2024,2023-02,2
2024,2023-03,2
2024,2023-04,2
2024,2023-05,2
2024,2023-06,2
2024,2023-07,2
2024,2023-08,2
2024,2023-09,2
2024,2023-10,2
2024,2023-11,2
2024,2023-12,2
2024,2024-01,2
2024,2024-02,2
2024,2024-03,2
2024,2024-04,2
2024,2024-05,2
2024,2024-06,2
2024,2024-07,2
2024,2024-08,2
2024,2024-09,2
2024,2024-10,2
2024,2024-11,2
2024,2024-12,2
2027,2023-01,1
2027,2023-02,1
2027,2023-03,1
2027,2023-04,1
2027,2023-05,1
2027,2023-06,1
2027,2023-07,1
2027,2023-08,1
2027,2023-09,1
2027,2023-10,1
2027,2023-11,1
2027,2023-12,1
2027,2024-01,1
2027,2024-02,1
2027,2024-03,1
2027,2024-04,1
2027,2024-05,1
2027,2024-06,1
2027,2024-07,1
2027,2024-08,1
2027,2024-09,1
2027,2024-10,1
2027,2024-11,1
2027,2024-12,1
2028,2023-01,1
2028,2023-02,1
2028,2023-03,1
2028,2023-04,1
2028,2023-05,1
2028,2023-06,1
2028,2023-07,1
2028,2023-08,1
2028,2023-09,1
2028,2023-10,1
2028,2023-11,1
2028,2023-12,1
2028,2024-01,1
2028,2024-02,1
2028,2024-03,1
2028,2024-04,1
2028,2024-05,1
2028,2024-06,1
2028,2024-07,1
2028,2024-08,1
2028,2024-09,1
2028,2024-10,1
2028,2024-11,1
2028,2024-12,1
2030,2023-01,1
2030,2023-02,1
2030,2023-03,1
2030,2023-04,1
2030,2023-05,1
2030,2023-06,1
2030,2023-07,1
2030,2023-08,1
2030,2023-09,1
2030,2023-10,1
2030,2023-11,1
2030,2023-12,1
2030,2024-01,1
2030,2024-02,1
2030,2024-03,1
2030,2024-04,1
2030,2024-05,1
2030,2024-06,1
2030,2024-07,1
2030,2024-08,1
2030,2024-09,1
2030,2024-10,1
2030,2024-11,1
2030,2024-12,1
2031,2023-01,1
2031,2023-02,1
2031,2023-03,1
2031,2023-04,1
2031,2023-05,1
2031,2023-06,1
2031,2023-07,1
2031,2023-08,1
2031,2023-09,1
2031,2023-10,1
2031,2023-11,1
2031,2023-12,1
2031,2024-01,1
2031,2024-02,1
2031,2024-03,1
2031,2024-04,1
2031,2024-05,1
2031,2024-06,1
2031,2024-07,1
2031,2024-08,1
2031,2024-09,1
2031,2024-10,1
2031,2024-11,1
2031,2024-12,1
2032,2023-01,2
2032,2023-02,2
2032,2023-03,2
2032,2023-04,2
2032,2023-05,2
2032,2023-06,2
2032,2023-07,2
2032,2023-08,2
2032,2023-09,2
2032,2023-10,2
2032,2023-11,2
2032,2023-12,2
2032,2024-01,2
2032,2024-02,2
2032,2024-03,2
2032,2024-04,2
2032,2024-05,2
2032,2024-06,2
2032,2024-07,2
2032,2024-08,2
2032,2024-09,2
2032,2024-10,2
2032,2024-11,2
2032,2024-12,2
2033,2023-01,2
2033,2023-02,2
2033,2023-03,2
2033,2023-04,2
2033,2023-05,2
2033,2023-06,2
2033,2023-07,2
2033,2023-08,2
2033,2023-09,2
2033,2023-10,2
2033,2023-11,2
2033,2023-12,2
2033,2024-01,2
2033,2024-02,2
2033,2024-03,2
2033,2024-04,2
2033,2024-05,2
2033,2024-06,2
2033,2024-07,2
2033,2024-08,2
2033,2024-09,2
2033,2024-10,2
2033,2024-11,2
2033,2024-12,2
2034,2023-01,1
2034,2023-02,1
2034,2023-03,1
2034,2023-04,2
2034,2023-05,1
2034,2023-06,1
2034,2023-07,1
2034,2023-08,1
2034,2023-09,1
2034,2023-10,1
2034,2023-11,1
2034,2023-12,1
2034,2024-01,1
2034,2024-02,1
2034,2024-03,1
2034,2024-04,1
2034,2024-05,1
2034,2024-06,1
2034,2024-07,1
2034,2024-08,1
2034,2024-09,1
2034,2024-10,1
2034,2024-11,1
2034,2024-12,1
2035,2023-01,1
2035,2023-02,1
2035,2023-03,1
2035,2023-04,1
2035,2023-05,1
2035,2023-06,1
2035,2023-07,1
2035,2023-08,1
2035,2023-09,1
2035,2023-10,1
2035,2023-11,1
2035,2023-12,1
2035,2024-01,1
2035,2024-02,1
2035,2024-03,1
2035,2024-04,1
2035,2024-05,1
2035,2024-06,1
2035,2024-07,1
2035,2024-08,1
2035,2024-09,1
2035,2024-10,1
2035,2024-11,1
2035,2024-12,1
2036,2023-01,1
2036,2023-02,1
2036,2023-03,1
2036,2023-04,1
2036,2023-05,1
2036,2023-06,1
2036,2023-07,1
2036,2023-08,1
2036,2023-09,1
2036,2023-10,1
2036,2023-11,1
2036,2023-12,1
2036,2024-01,1
2036,2024-02,1
2036,2024-03,1
2036,2024-04,1
2036,2024-05,1
2036,2024-06,1
2036,2024-07,1
2036,2024-08,1
2036,2024-09,1
2036,2024-10,1
2036,2024-11,1
2036,2024-12,1
2037,2023-01,1
2037,2023-02,1
2037,2023-03,1
2037,2023-04,1
2037,2023-05,1
2037,2023-06,1
2037,2023-07,1
2037,2023-08,1
2037,2023-09,1
2037,2023-10,1
2037,2023-11,1
2037,2023-12,1
2037,2024-01,1
2037,2024-02,1
2037,2024-03,1
2037,2024-04,1
2037,2024-05,1
2037,2024-06,1
2037,2024-07,1
2037,2024-08,1
2037,2024-09,1
2037,2024-10,1
2037,2024-11,1
2037,2024-12,1
2039,2023-01,1
2039,2023-02,1
2039,2023-03,1
2039,2023-04,1
2039,2023-05,1
2039,2023-06,1
2039,2023-07,1
2039,2023-08,1
2039,2023-09,1
2039,2023-10,1
2039,2023-11,1
2039,2023-12,1
2039,2024-01,1
2039,2024-02,1
2039,2024-03,1
2039,2024-04,1
2039,2024-05,1
2039,2024-06,1
2039,2024-07,1
2039,2024-08,1
2039,2024-09,1
2039,2024-10,1
2039,2024-11,1
2039,2024-12,1
2040,2023-01,1
2040,2023-02,1
2040,2023-03,1
2040,2023-04,2
2040,2023-05,2
2040,2023-06,2
2040,2023-07,2
2040,2023-08,2
2040,2023-09,2
2040,2023-10,2
2040,2023-11,2
2040,2023-12,2
2040,2024-01,2
2040,2024-02,2
2040,2024-03,2
2040,2024-04,2
2040,2024-05,2
2040,2024-06,2
2040,2024-07,3
2040,2024-08,2
2040,2024-09,2
2040,2024-10,2
2040,2024-11,1
2040,2024-12,2
2041,2023-01,1
2041,2023-02,1
2041,2023-03,1
2041,2023-04,1
2041,2023-05,1
2041,2023-06,1
2041,2023-07,1
2041,2023-08,1
2041,2023-09,1
2041,2023-10,1
2041,2023-11,1
2041,2023-12,1
2041,2024-01,1
2041,2024-02,1
2041,2024-03,1
2041,2024-04,1
2041,2024-05,1
2041,2024-06,1
2041,2024-07,1
2041,2024-08,1
2041,2024-09,1
2041,2024-10,1
2041,2024-11,1
2041,2024-12,1
2042,2023-01,2
2042,2023-02,2
2042,2023-03,2
2042,2023-04,2
2042,2023-05,2
2042,2023-06,1
2042,2023-07,1
2042,2023-08,1
2042,2023-09,1
2042,2023-10,1
2042,2023-11,1
2042,2023-12,1
2042,2024-01,1
2042,2024-02,1
2042,2024-03,1
2042,2024-04,1
2042,2024-05,1
2042,2024-06,1
2042,2024-07,1
2042,2024-08,1
2042,2024-09,1
2042,2024-10,1
2042,2024-11,1
2042,2024-12,1
2043,2023-01,1
2043,2023-02,1
2043,2023-03,1
2043,2023-04,1
2043,2023-05,1
2043,2023-06,1
2043,2023-07,1
2043,2023-08,1
2043,2023-09,1
2043,2023-10,1
2043,2023-11,1
2043,2023-12,1
2043,2024-01,1
2043,2024-02,1
2043,2024-03,1
2043,2024-04,1
2043,2024-05,1
2043,2024-06,1
2043,2024-07,1
2043,2024-08,1
2043,2024-09,1
2043,2024-10,1
2043,2024-11,1
2043,2024-12,1
2044,2023-01,2
2044,2023-02,2
2044,2023-03,2
2044,2023-04,2
2044,2023-05,2
2044,2023-06,2
2044,2023-07,2
2044,2023-08,2
2044,2023-09,2
2044,2023-10,2
2044,2023-11,2
2044,2023-12,2
2044,2024-01,2
2044,2024-02,2
2044,2024-03,2
2044,2024-04,4
2044,2024-05,2
2044,2024-06,4
2044,2024-07,4
2044,2024-08,4
2044,2024-09,2
2044,2024-10,2
2044,2024-11,2
2044,2024-12,2
2045,2023-01,1
2045,2023-02,1
2045,2023-03,1
2045,2023-04,2
2045,2023-05,2
2045,2023-06,2
2045,2023-07,2
2045,2023-08,2
2045,2023-09,2
2045,2023-10,2
2045,2023-11,2
2045,2023-12,1
2045,2024-01,1
2045,2024-02,1
2045,2024-03,2
2045,2024-04,2
2045,2024-05,2
2045,2024-06,2
2045,2024-07,2
2045,2024-08,2
2045,2024-09,2
2045,2024-10,2
2045,2024-11,2
2045,2024-12,2
2046,2023-01,1
2046,2023-02,1
2046,2023-03,1
2046,2023-04,1
2046,2023-05,1
2046,2023-06,1
2046,2023-07,1
2046,2023-08,1
2046,2023-09,1
2046,2023-10,1
2046,2023-11,1
2046,2023-12,1
2046,2024-01,1
2046,2024-02,1
2046,2024-03,1
2046,2024-04,1
2046,2024-05,1
2046,2024-06,1
2046,2024-07,1
2046,2024-08,1
2046,2024-09,1
2046,2024-10,1
2046,2024-11,1
2046,2024-12,1
2047,2023-01,2
2047,2023-02,2
2047,2023-03,2
2047,2023-04,2
2047,2023-05,2
2047,2023-06,2
2047,2023-07,2
2047,2023-08,2
2047,2023-09,2
2047,2023-10,2
2047,2023-11,2
2047,2023-12,2
2047,2024-01,2
2047,2024-02,2
2047,2024-03,2
2047,2024-04,2
2047,2024-05,2
2047,2024-06,2
2047,2024-07,2
2047,2024-08,2
2047,2024-09,2
2047,2024-10,2
2047,2024-11,2
2047,2024-12,2
2048,2023-01,2
2048,2023-02,2
2048,2023-03,2
2048,2023-04,2
2048,2023-05,2
2048,2023-06,2
2048,2023-07,2
2048,2023-08,2
2048,2023-09,2
2048,2023-10,2
2048,2023-11,2
2048,2023-12,2
2048,2024-01,2
2048,2024-02,2
2048,2024-03,2
2048,2024-04,2
2048,2024-05,2
2048,2024-06,2
2048,2024-07,2
2048,2024-08,2
2048,2024-09,2
2048,2024-10,2
2048,2024-11,2
2048,2024-12,2
2049,2023-01,1
2049,2023-02,1
2049,2023-03,1
2049,2023-04,1
2049,2023-05,1
2049,2023-06,1
2049,2023-07,1
2049,2023-08,1
2049,2023-09,1
2049,2023-10,1
2049,2023-11,1
2049,2023-12,1
2049,2024-01,1
2049,2024-02,1
2049,2024-03,1
2049,2024-04,1
2049,2024-05,1
2049,2024-06,1
2049,2024-07,1
2049,2024-08,1
2049,2024-09,1
2049,2024-10,1
2049,2024-11,1
2049,2024-12,1
2050,2023-01,1
2050,2023-02,1
2050,2023-03,1
2050,2023-04,1
2050,2023-05,1
2050,2023-06,1
2050,2023-07,1
2050,2023-08,1
2050,2023-09,1
2050,2023-10,1
2050,2023-11,1
2050,2023-12,1
2050,2024-01,1
2050,2024-02,1
2050,2024-03,1
2050,2024-04,1
2050,2024-05,1
2050,2024-06,1
2050,2024-07,1
2050,2024-08,1
2050,2024-09,1
2050,2024-10,1
2050,2024-11,1
2050,2024-12,1
2051,2023-01,1
2051,2023-02,1
2051,2023-03,1
2051,2023-04,1
2051,2023-05,1
2051,2023-06,1
2051,2023-07,1
2051,2023-08,1
2051,2023-09,1
2051,2023-10,1
2051,2023-11,1
2051,2023-12,1
2051,2024-01,1
2051,2024-02,1
2051,2024-03,1
2051,2024-04,1
2051,2024-05,1
2051,2024-06,1
2051,2024-07,1
2051,2024-08,1
2051,2024-09,1
2051,2024-10,1
2051,2024-11,1
2051,2024-12,1
2052,2023-01,1
2052,2023-02,1
2052,2023-03,1
2052,2023-04,1
2052,2023-05,1
2052,2023-06,1
2052,2023-07,1
2052,2023-08,1
2052,2023-09,1
2052,2023-10,1
2052,2023-11,1
2052,2023-12,1
2052,2024-01,1
2052,2024-02,1
2052,2024-03,1
2052,2024-04,1
2052,2024-05,1
2052,2024-06,1
2052,2024-07,1
2052,2024-08,1
2052,2024-09,1
2052,2024-10,1
2052,2024-11,1
2052,2024-12,1
2053,2023-01,1
2053,2023-02,1
2053,2023-03,1
2053,2023-04,1
2053,2023-05,1
2053,2023-06,1
2053,2023-07,1
2053,2023-08,1
2053,2023-09,1
2053,2023-10,1
2053,2023-11,1
2053,2023-12,1
2053,2024-01,1
2053,2024-02,1
2053,2024-03,1
2053,2024-04,1
2053,2024-05,1
2053,2024-06,1
2053,2024-07,1
2053,2024-08,1
2053,2024-09,1
2053,2024-10,1
2053,2024-11,1
2053,2024-12,1
2054,2023-01,1
2054,2023-02,1
2054,2023-03,1
2054,2023-04,1
2054,2023-05,1
2054,2023-06,1
2054,2023-07,1
2054,2023-08,1
2054,2023-09,1
2054,2023-10,1
2054,2023-11,1
2054,2023-12,1
2054,2024-01,1
2054,2024-02,1
2054,2024-03,1
2054,2024-04,1
2054,2024-05,1
2054,2024-06,1
2054,2024-07,1
2054,2024-08,1
2054,2024-09,1
2054,2024-10,1
2054,2024-11,1
2054,2024-12,1
2055,2023-01,1
2055,2023-02,1
2055,2023-03,1
2055,2023-04,1
2055,2023-05,1
2055,2023-06,1
2055,2023-07,1
2055,2023-08,1
2055,2023-09,1
2055,2023-10,1
2055,2023-11,1
2055,2023-12,1
2055,2024-01,1
2055,2024-02,1
2055,2024-03,1
2055,2024-04,1
2055,2024-05,1
2055,2024-06,1
2055,2024-07,1
2055,2024-08,1
2055,2024-09,1
2055,2024-10,1
2055,2024-11,1
2055,2024-12,1
2056,2023-01,1
2056,2023-02,1
2056,2023-03,1
2056,2023-04,1
2056,2023-05,1
2056,2023-06,1
2056,2023-07,1
2056,2023-08,1
2056,2023-09,1
2056,2023-10,1
2056,2023-11,1
2056,2023-12,1
2056,2024-01,1
2056,2024-02,1
2056,2024-03,1
2056,2024-04,1
2056,2024-05,1
2056,2024-06,1
2056,2024-07,1
2056,2024-08,1
2056,2024-09,1
2056,2024-10,1
2056,2024-11,1
2056,2024-12,1
2057,2023-01,1
2057,2023-02,1
2057,2023-03,1
2057,2023-04,1
2057,2023-05,1
2057,2023-06,1
2057,2023-07,1
2057,2023-08,1
2057,2023-09,1
2057,2023-10,1
2057,2023-11,1
2057,2023-12,1
2057,2024-01,1
2057,2024-02,1
2057,2024-03,1
2057,2024-04,1
2057,2024-05,1
2057,2024-06,1
2057,2024-07,1
2057,2024-08,1
2057,2024-09,1
2057,2024-10,1
2057,2024-11,1
2057,2024-12,1
2058,2023-01,1
2058,2023-02,1
2058,2023-03,1
2058,2023-04,1
2058,2023-05,1
2058,2023-06,1
2058,2023-07,1
2058,2023-08,1
2058,2023-09,1
2058,2023-10,1
2058,2023-11,1
2058,2023-12,1
2058,2024-01,1
2058,2024-02,1
2058,2024-03,1
2058,2024-04,1
2058,2024-05,1
2058,2024-06,1
2058,2024-07,1
2058,2024-08,1
2058,2024-09,1
2058,2024-10,1
2058,2024-11,1
2058,2024-12,1
2059,2023-01,1
2059,2023-02,1
2059,2023-03,1
2059,2023-04,1
2059,2023-05,1
2059,2023-06,1
2059,2023-07,1
2059,2023-08,1
2059,2023-09,1
2059,2023-10,1
2059,2023-11,1
2059,2023-12,1
2059,2024-01,1
2059,2024-02,1
2059,2024-03,1
2059,2024-04,1
2059,2024-05,1
2059,2024-06,1
2059,2024-07,1
2059,2024-08,1
2059,2024-09,1
2059,2024-10,1
2059,2024-11,1
2059,2024-12,1
2060,2023-01,2
2060,2023-02,2
2060,2023-03,2
2060,2023-04,2
2060,2023-05,2
2060,2023-06,2
2060,2023-07,2
2060,2023-08,2
2060,2023-09,2
2060,2023-10,2
2060,2023-11,2
2060,2023-12,2
2060,2024-01,2
2060,2024-02,2
2060,2024-03,2
2060,2024-04,2
2060,2024-05,2
2060,2024-06,2
2060,2024-07,2
2060,2024-08,2
2060,2024-09,2
2060,2024-10,2
2060,2024-11,2
2060,2024-12,2
2061,2023-01,1
2061,2023-02,1
2061,2023-03,1
2061,2023-04,1
2061,2023-05,1
2061,2023-06,1
2061,2023-07,1
2061,2023-08,1
2061,2023-09,1
2061,2023-10,1
2061,2023-11,1
2061,2023-12,1
2061,2024-01,1
2061,2024-02,1
2061,2024-03,1
2061,2024-04,1
2061,2024-05,1
2061,2024-06,1
2061,2024-07,1
2061,2024-08,1
2061,2024-09,1
2061,2024-10,1
2061,2024-11,1
2061,2024-12,1
2062,2023-01,2
2062,2023-02,2
2062,2023-03,2
2062,2023-04,2
2062,2023-05,2
2062,2023-06,2
2062,2023-07,2
2062,2023-08,2
2062,2023-09,2
2062,2023-10,2
2062,2023-11,2
2062,2023-12,2
2062,2024-01,2
2062,2024-02,2
2062,2024-03,2
2062,2024-04,2
2062,2024-05,2
2062,2024-06,2
2062,2024-07,2
2062,2024-08,2
2062,2024-09,2
2062,2024-10,2
2062,2024-11,2
2062,2024-12,2
2063,2023-01,2
2063,2023-02,2
2063,2023-03,2
2063,2023-04,2
2063,2023-05,2
2063,2023-06,2
2063,2023-07,2
2063,2023-08,2
2063,2023-09,2
2063,2023-10,2
2063,2023-11,2
2063,2023-12,2
2063,2024-01,2
2063,2024-02,2
2063,2024-03,2
2063,2024-04,2
2063,2024-05,2
2063,2024-06,2
2063,2024-07,2
2063,2024-08,2
2063,2024-09,2
2063,2024-10,2
2063,2024-11,2
2063,2024-12,2
2064,2023-01,1
2064,2023-02,1
2064,2023-03,1
2064,2023-04,1
2064,2023-05,1
2064,2023-06,1
2064,2023-07,1
2064,2023-08,1
2064,2023-09,1
2064,2023-10,1
2064,2023-11,1
2064,2023-12,1
2064,2024-01,1
2064,2024-02,1
2064,2024-03,1
2064,2024-04,1
2064,2024-05,1
2064,2024-06,1
2064,2024-07,1
2064,2024-08,1
2064,2024-09,1
2064,2024-10,1
2064,2024-11,1
2064,2024-12,1
2065,2023-01,1
2065,2023-02,1
2065,2023-03,1
2065,2023-04,1
2065,2023-05,1
2065,2023-06,1
2065,2023-07,1
2065,2023-08,1
2065,2023-09,1
2065,2023-10,1
2065,2023-11,1
2065,2023-12,1
2065,2024-01,1
2065,2024-02,1
2065,2024-03,1
2065,2024-04,1
2065,2024-05,1
2065,2024-06,1
2065,2024-07,1
2065,2024-08,1
2065,2024-09,1
2065,2024-10,1
2065,2024-11,1
2065,2024-12,1
2066,2023-01,1
2066,2023-02,1
2066,2023-03,1
2066,2023-04,1
2066,2023-05,1
2066,2023-06,1
2066,2023-07,1
2066,2023-08,1
2066,2023-09,1
2066,2023-10,1
2066,2023-11,1
2066,2023-12,1
2066,2024-01,1
2066,2024-02,1
2066,2024-03,1
2066,2024-04,1
2066,2024-05,1
2066,2024-06,1
2066,2024-07,1
2066,2024-08,1
2066,2024-09,1
2066,2024-10,1
2066,2024-11,1
2066,2024-12,1
2067,2023-01,1
2067,2023-02,1
2067,2023-03,1
2067,2023-04,1
2067,2023-05,1
2067,2023-06,1
2067,2023-07,1
2067,2023-08,1
2067,2023-09,1
2067,2023-10,1
2067,2023-11,1
2067,2023-12,1
2067,2024-01,1
2067,2024-02,1
2067,2024-03,1
2067,2024-04,1
2067,2024-05,1
2067,2024-06,1
2067,2024-07,1
2067,2024-08,1
2067,2024-09,1
2067,2024-10,1
2067,2024-11,1
2067,2024-12,1
2068,2023-01,1
2068,2023-02,1
2068,2023-03,1
2068,2023-04,1
2068,2023-05,1
2068,2023-06,1
2068,2023-07,1
2068,2023-08,1
2068,2023-09,1
2068,2023-10,1
2068,2023-11,1
2068,2023-12,1
2068,2024-01,1
2068,2024-02,1
2068,2024-03,1
2068,2024-04,1
2068,2024-05,1
2068,2024-06,1
2068,2024-07,1
2068,2024-08,1
2068,2024-09,1
2068,2024-10,1
2068,2024-11,1
2068,2024-12,1
2069,2023-01,1
2069,2023-02,1
2069,2023-03,1
2069,2023-04,1
2069,2023-05,1
2069,2023-06,1
2069,2023-07,1
2069,2023-08,1
2069,2023-09,1
2069,2023-10,1
2069,2023-11,1
2069,2023-12,1
2069,2024-01,1
2069,2024-02,1
2069,2024-03,1
2069,2024-04,1
2069,2024-05,1
2069,2024-06,1
2069,2024-07,1
2069,2024-08,1
2069,2024-09,1
2069,2024-10,1
2069,2024-11,1
2069,2024-12,1
2070,2023-01,1
2070,2023-02,2
2070,2023-03,2
2070,2023-04,2
2070,2023-05,2
2070,2023-06,2
2070,2023-07,2
2070,2023-08,2
2070,2023-09,2
2070,2023-10,2
2070,2023-11,2
2070,2023-12,2
2070,2024-01,2
2070,2024-02,2
2070,2024-03,2
2070,2024-04,2
2070,2024-05,2
2070,2024-06,2
2070,2024-07,2
2070,2024-08,2
2070,2024-09,2
2070,2024-10,2
2070,2024-11,2
2070,2024-12,2
2072,2023-01,1
2072,2023-02,1
2072,2023-03,1
2072,2023-04,1
2072,2023-05,1
2072,2023-06,1
2072,2023-07,1
2072,2023-08,1
2072,2023-09,1
2072,2023-10,1
2072,2023-11,1
2072,2023-12,1
2072,2024-01,1
2072,2024-02,1
2072,2024-03,1
2072,2024-04,1
2072,2024-05,1
2072,2024-06,1
2072,2024-07,1
2072,2024-08,1
2072,2024-09,1
2072,2024-10,1
2072,2024-11,1
2072,2024-12,1
2073,2023-01,1
2073,2023-02,1
2073,2023-03,1
2073,2023-04,1
2073,2023-05,1
2073,2023-06,1
2073,2023-07,1
2073,2023-08,1
2073,2023-09,1
2073,2023-10,1
2073,2023-11,1
2073,2023-12,1
2073,2024-01,1
2073,2024-02,1
2073,2024-03,1
2073,2024-04,1
2073,2024-05,1
2073,2024-06,1
2073,2024-07,1
2073,2024-08,1
2073,2024-09,1
2073,2024-10,1
2073,2024-11,1
2073,2024-12,1
2074,2023-01,2
2074,2023-02,2
2074,2023-03,2
2074,2023-04,2
2074,2023-05,2
2074,2023-06,2
2074,2023-07,2
2074,2023-08,2
2074,2023-09,2
2074,2023-10,2
2074,2023-11,2
2074,2023-12,2
2074,2024-01,2
2074,2024-02,2
2074,2024-03,2
2074,2024-04,2
2074,2024-05,2
2074,2024-06,2
2074,2024-07,2
2074,2024-08,2
2074,2024-09,2
2074,2024-10,2
2074,2024-11,2
2074,2024-12,2
2075,2023-01,1
2075,2023-02,1
2075,2023-03,1
2075,2023-04,1
2075,2023-05,1
2075,2023-06,1
2075,2023-07,1
2075,2023-08,1
2075,2023-09,1
2075,2023-10,1
2075,2023-11,1
2075,2023-12,1
2075,2024-01,1
2075,2024-02,1
2075,2024-03,1
2075,2024-04,1
2075,2024-05,1
2075,2024-06,1
2075,2024-07,1
2075,2024-08,1
2075,2024-09,1
2075,2024-10,1
2075,2024-11,1
2075,2024-12,1
2076,2023-01,2
2076,2023-02,2
2076,2023-03,2
2076,2023-04,2
2076,2023-05,2
2076,2023-06,2
2076,2023-07,2
2076,2023-08,2
2076,2023-09,2
2076,2023-10,2
2076,2023-11,2
2076,2023-12,2
2076,2024-01,2
2076,2024-02,2
2076,2024-03,2
2076,2024-04,2
2076,2024-05,2
2076,2024-06,2
2076,2024-07,2
2076,2024-08,2
2076,2024-09,2
2076,2024-10,2
2076,2024-11,2
2076,2024-12,2
2077,2023-01,1
2077,2023-02,1
2077,2023-03,1
2077,2023-04,1
2077,2023-05,1
2077,2023-06,1
2077,2023-07,1
2077,2023-08,1
2077,2023-09,1
2077,2023-10,1
2077,2023-11,1
2077,2023-12,1
2077,2024-01,1
2077,2024-02,1
2077,2024-03,1
2077,2024-04,1
2077,2024-05,1
2077,2024-06,1
2077,2024-07,1
2077,2024-08,1
2077,2024-09,1
2077,2024-10,1
2077,2024-11,1
2077,2024-12,1
2078,2023-01,1
2078,2023-02,1
2078,2023-03,1
2078,2023-04,1
2078,2023-05,1
2078,2023-06,1
2078,2023-07,1
2078,2023-08,1
2078,2023-09,1
2078,2023-10,1
2078,2023-11,1
2078,2023-12,1
2078,2024-01,1
2078,2024-02,1
2078,2024-03,1
2078,2024-04,1
2078,2024-05,1
2078,2024-06,1
2078,2024-07,1
2078,2024-08,1
2078,2024-09,1
2078,2024-10,1
2078,2024-11,1
2078,2024-12,1
2079,2023-01,1
2079,2023-02,1
2079,2023-03,1
2079,2023-04,1
2079,2023-05,1
2079,2023-06,1
2079,2023-07,1
2079,2023-08,1
2079,2023-09,1
2079,2023-10,1
2079,2023-11,1
2079,2023-12,1
2079,2024-01,1
2079,2024-02,1
2079,2024-03,1
2079,2024-04,1
2079,2024-05,1
2079,2024-06,1
2079,2024-07,1
2079,2024-08,1
2079,2024-09,1
2079,2024-10,1
2079,2024-11,1
2079,2024-12,1
2080,2023-01,1
2080,2023-02,1
2080,2023-03,1
2080,2023-04,1
2080,2023-05,1
2080,2023-06,1
2080,2023-07,1
2080,2023-08,1
2080,2023-09,1
2080,2023-10,1
2080,2023-11,1
2080,2023-12,1
2080,2024-01,1
2080,2024-02,1
2080,2024-03,1
2080,2024-04,1
2080,2024-05,1
2080,2024-06,1
2080,2024-07,1
2080,2024-08,1
2080,2024-09,1
2080,2024-10,1
2080,2024-11,1
2080,2024-12,1
2081,2023-01,1
2081,2023-02,1
2081,2023-03,1
2081,2023-04,1
2081,2023-05,1
2081,2023-06,1
2081,2023-07,1
2081,2023-08,1
2081,2023-09,1
2081,2023-10,1
2081,2023-11,1
2081,2023-12,1
2081,2024-01,1
2081,2024-02,1
2081,2024-03,1
2081,2024-04,1
2081,2024-05,1
2081,2024-06,1
2081,2024-07,1
2081,2024-08,1
2081,2024-09,1
2081,2024-10,1
2081,2024-11,1
2081,2024-12,1
2082,2023-01,1
2082,2023-02,1
2082,2023-03,1
2082,2023-04,1
2082,2023-05,1
2082,2023-06,1
2082,2023-07,1
2082,2023-08,1
2082,2023-09,1
2082,2023-10,1
2082,2023-11,1
2082,2023-12,1
2082,2024-01,1
2082,2024-02,1
2082,2024-03,1
2082,2024-04,1
2082,2024-05,1
2082,2024-06,1
2082,2024-07,1
2082,2024-08,1
2082,2024-09,1
2082,2024-10,1
2082,2024-11,1
2082,2024-12,1
2085,2023-01,1
2085,2023-02,1
2085,2023-03,1
2085,2023-04,1
2085,2023-05,1
2085,2023-06,1
2085,2023-07,1
2085,2023-08,1
2085,2023-09,1
2085,2023-10,1
2085,2023-11,1
2085,2023-12,1
2085,2024-01,1
2085,2024-02,1
2085,2024-03,1
2085,2024-04,1
2085,2024-05,1
2085,2024-06,1
2085,2024-07,1
2085,2024-08,1
2085,2024-09,1
2085,2024-10,1
2085,2024-11,1
2085,2024-12,1
2087,2023-01,1
2087,2023-02,1
2087,2023-03,1
2087,2023-04,1
2087,2023-05,1
2087,2023-06,1
2087,2023-07,1
2087,2023-08,1
2087,2023-09,1
2087,2023-10,1
2087,2023-11,1
2087,2023-12,1
2087,2024-01,1
2087,2024-02,1
2087,2024-03,1
2087,2024-04,1
2087,2024-05,1
2087,2024-06,1
2087,2024-07,1
2087,2024-08,1
2087,2024-09,1
2087,2024-10,1
2087,2024-11,1
2087,2024-12,1
2088,2023-01,1
2088,2023-02,1
2088,2023-03,1
2088,2023-04,1
2088,2023-05,1
2088,2023-06,1
2088,2023-07,1
2088,2023-08,1
2088,2023-09,1
2088,2023-10,1
2088,2023-11,1
2088,2023-12,1
2088,2024-01,1
2088,2024-02,1
2088,2024-03,1
2088,2024-04,1
2088,2024-05,1
2088,2024-06,1
2088,2024-07,1
2088,2024-08,1
2088,2024-09,1
2088,2024-10,1
2088,2024-11,1
2088,2024-12,1
2089,2023-01,1
2089,2023-02,1
2089,2023-03,1
2089,2023-04,1
2089,2023-05,1
2089,2023-06,1
2089,2023-07,1
2089,2023-08,1
2089,2023-09,1
2089,2023-10,1
2089,2023-11,1
2089,2023-12,1
2089,2024-01,1
2089,2024-02,1
2089,2024-03,1
2089,2024-04,1
2089,2024-05,1
2089,2024-06,1
2089,2024-07,1
2089,2024-08,1
2089,2024-09,1
2089,2024-10,1
2089,2024-11,1
2089,2024-12,1
2090,2023-01,1
2090,2023-02,1
2090,2023-03,1
2090,2023-04,1
2090,2023-05,1
2090,2023-06,1
2090,2023-07,1
2090,2023-08,1
2090,2023-09,1
2090,2023-10,1
2090,2023-11,1
2090,2023-12,1
2090,2024-01,1
2090,2024-02,1
2090,2024-03,1
2090,2024-04,1
2090,2024-05,1
2090,2024-06,1
2090,2024-07,1
2090,2024-08,1
2090,2024-09,1
2090,2024-10,1
2090,2024-11,1
2090,2024-12,1
2091,2023-01,1
2091,2023-02,1
2091,2023-03,1
2091,2023-04,1
2091,2023-05,1
2091,2023-06,1
2091,2023-07,1
2091,2023-08,1
2091,2023-09,1
2091,2023-10,1
2091,2023-11,1
2091,2023-12,1
2091,2024-01,1
2091,2024-02,1
2091,2024-03,1
2091,2024-04,1
2091,2024-05,1
2091,2024-06,1
2091,2024-07,1
2091,2024-08,1
2091,2024-09,1
2091,2024-10,1
2091,2024-11,1
2091,2024-12,1
2093,2023-01,1
2093,2023-02,1
2093,2023-03,1
2093,2023-04,1
2093,2023-05,1
2093,2023-06,1
2093,2023-07,1
2093,2023-08,1
2093,2023-09,1
2093,2023-10,1
2093,2023-11,1
2093,2023-12,1
2093,2024-01,1
2093,2024-02,1
2093,2024-03,1
2093,2024-04,1
2093,2024-05,1
2093,2024-06,1
2093,2024-07,1
2093,2024-08,1
2093,2024-09,1
2093,2024-10,1
2093,2024-11,1
2093,2024-12,1
2094,2023-01,1
2094,2023-02,1
2094,2023-03,1
2094,2023-04,1
2094,2023-05,1
2094,2023-06,1
2094,2023-07,1
2094,2023-08,1
2094,2023-09,1
2094,2023-10,1
2094,2023-11,1
2094,2023-12,1
2094,2024-01,1
2094,2024-02,1
2094,2024-03,1
2094,2024-04,1
2094,2024-05,1
2094,2024-06,1
2094,2024-07,1
2094,2024-08,1
2094,2024-09,1
2094,2024-10,1
2094,2024-11,1
2094,2024-12,1
2095,2023-01,1
2095,2023-02,1
2095,2023-03,1
2095,2023-04,1
2095,2023-05,1
2095,2023-06,1
2095,2023-07,1
2095,2023-08,1
2095,2023-09,1
2095,2023-10,1
2095,2023-11,1
2095,2023-12,1
2095,2024-01,1
2095,2024-02,1
2095,2024-03,1
2095,2024-04,1
2095,2024-05,1
2095,2024-06,1
2095,2024-07,1
2095,2024-08,1
2095,2024-09,1
2095,2024-10,1
2095,2024-11,1
2095,2024-12,1
2096,2023-01,1
2096,2023-02,1
2096,2023-03,1
2096,2023-04,1
2096,2023-05,1
2096,2023-06,1
2096,2023-07,1
2096,2023-08,1
2096,2023-09,1
2096,2023-10,1
2096,2023-11,1
2096,2023-12,1
2096,2024-01,1
2096,2024-02,1
2096,2024-03,1
2096,2024-04,1
2096,2024-05,1
2096,2024-06,1
2096,2024-07,1
2096,2024-08,1
2096,2024-09,1
2096,2024-10,1
2096,2024-11,1
2096,2024-12,1
2098,2023-01,1
2098,2023-02,1
2098,2023-03,1
2098,2023-04,1
2098,2023-05,1
2098,2023-06,1
2098,2023-07,1
2098,2023-08,1
2098,2023-09,1
2098,2023-10,1
2098,2023-11,1
2098,2023-12,1
2098,2024-01,1
2098,2024-02,1
2098,2024-03,1
2098,2024-04,1
2098,2024-05,1
2098,2024-06,1
2098,2024-07,1
2098,2024-08,1
2098,2024-09,1
2098,2024-10,1
2098,2024-11,1
2098,2024-12,1
2100,2023-01,1
2100,2023-02,1
2100,2023-03,1
2100,2023-04,1
2100,2023-05,1
2100,2023-06,1
2100,2023-07,1
2100,2023-08,1
2100,2023-09,1
2100,2023-10,1
2100,2023-11,1
2100,2023-12,1
2100,2024-01,1
2100,2024-02,1
2100,2024-03,1
2100,2024-04,1
2100,2024-05,1
2100,2024-06,1
2100,2024-07,1
2100,2024-08,1
2100,2024-09,1
2100,2024-10,1
2100,2024-11,1
2100,2024-12,1
2101,2023-01,2
2101,2023-02,2
2101,2023-03,2
2101,2023-04,4
2101,2023-05,4
2101,2023-06,4
2101,2023-07,4
2101,2023-08,4
2101,2023-09,4
2101,2023-10,4
2101,2023-11,4
2101,2023-12,4
2101,2024-01,4
2101,2024-02,4
2101,2024-03,4
2101,2024-04,4
2101,2024-05,4
2101,2024-06,4
2101,2024-07,4
2101,2024-08,4
2101,2024-09,4
2101,2024-10,4
2101,2024-11,4
2101,2024-12,4
2105,2023-01,1
2105,2023-02,1
2105,2023-03,1
2105,2023-04,1
2105,2023-05,1
2105,2023-06,1
2105,2023-07,1
2105,2023-08,1
2105,2023-09,1
2105,2023-10,1
2105,2023-11,1
2105,2023-12,1
2105,2024-01,1
2105,2024-02,1
2105,2024-03,1
2105,2024-04,1
2105,2024-05,1
2105,2024-06,1
2105,2024-07,1
2105,2024-08,1
2105,2024-09,1
2105,2024-10,1
2105,2024-11,1
2105,2024-12,1
2108,2023-01,2
2108,2023-02,2
2108,2023-03,2
2108,2023-04,2
2108,2023-05,2
2108,2023-06,2
2108,2023-07,2
2108,2023-08,2
2108,2023-09,2
2108,2023-10,2
2108,2023-11,2
2108,2023-12,2
2108,2024-01,2
2108,2024-02,2
2108,2024-03,2
2108,2024-04,2
2108,2024-05,2
2108,2024-06,2
2108,2024-07,2
2108,2024-08,2
2108,2024-09,2
2108,2024-10,2
2108,2024-11,2
2108,2024-12,2
2109,2023-01,2
2109,2023-02,2
2109,2023-03,2
2109,2023-04,2
2109,2023-05,2
2109,2023-06,2
2109,2023-07,2
2109,2023-08,2
2109,2023-09,2
2109,2023-10,2
2109,2023-11,2
2109,2023-12,2
2109,2024-01,2
2109,2024-02,2
2109,2024-03,2
2109,2024-04,2
2109,2024-05,2
2109,2024-06,2
2109,2024-07,2
2109,2024-08,2
2109,2024-09,2
2109,2024-10,2
2109,2024-11,2
2109,2024-12,2
2110,2023-01,1
2110,2023-02,1
2110,2023-03,1
2110,2023-04,1
2110,2023-05,1
2110,2023-06,1
2110,2023-07,1
2110,2023-08,1
2110,2023-09,1
2110,2023-10,1
2110,2023-11,1
2110,2023-12,1
2110,2024-01,1
2110,2024-02,1
2110,2024-03,1
2110,2024-04,1
2110,2024-05,1
2110,2024-06,1
2110,2024-07,1
2110,2024-08,1
2110,2024-09,1
2110,2024-10,1
2110,2024-11,1
2110,2024-12,1
2111,2023-01,1
2111,2023-02,1
2111,2023-03,1
2111,2023-04,1
2111,2023-05,1
2111,2023-06,1
2111,2023-07,1
2111,2023-08,1
2111,2023-09,1
2111,2023-10,1
2111,2023-11,1
2111,2023-12,1
2111,2024-01,1
2111,2024-02,1
2111,2024-03,1
2111,2024-04,1
2111,2024-05,1
2111,2024-06,1
2111,2024-07,1
2111,2024-08,1
2111,2024-09,1
2111,2024-10,1
2111,2024-11,1
2111,2024-12,1
2112,2023-01,1
2112,2023-02,1
2112,2023-03,1
2112,2023-04,1
2112,2023-05,1
2112,2023-06,1
2112,2023-07,1
2112,2023-08,1
2112,2023-09,1
2112,2023-10,1
2112,2023-11,1
2112,2023-12,1
2112,2024-01,1
2112,2024-02,1
2112,2024-03,1
2112,2024-04,1
2112,2024-05,1
2112,2024-06,1
2112,2024-07,1
2112,2024-08,1
2112,2024-09,1
2112,2024-10,1
2112,2024-11,1
2112,2024-12,1
2113,2023-01,1
2113,2023-02,1
2113,2023-03,1
2113,2023-04,1
2113,2023-05,1
2113,2023-06,1
2113,2023-07,1
2113,2023-08,1
2113,2023-09,1
2113,2023-10,1
2113,2023-11,1
2113,2023-12,1
2113,2024-01,1
2113,2024-02,1
2113,2024-03,1
2113,2024-04,1
2113,2024-05,1
2113,2024-06,1
2113,2024-07,1
2113,2024-08,1
2113,2024-09,1
2113,2024-10,1
2113,2024-11,1
2113,2024-12,1
2114,2023-01,1
2114,2023-02,1
2114,2023-03,1
2114,2023-04,1
2114,2023-05,1
2114,2023-06,1
2114,2023-07,1
2114,2023-08,1
2114,2023-09,1
2114,2023-10,1
2114,2023-11,1
2114,2023-12,1
2114,2024-01,1
2114,2024-02,1
2114,2024-03,1
2114,2024-04,1
2114,2024-05,1
2114,2024-06,1
2114,2024-07,1
2114,2024-08,1
2114,2024-09,1
2114,2024-10,1
2114,2024-11,1
2114,2024-12,1
2116,2023-01,1
2116,2023-02,1
2116,2023-03,1
2116,2023-04,1
2116,2023-05,1
2116,2023-06,1
2116,2023-07,1
2116,2023-08,1
2116,2023-09,1
2116,2023-10,1
2116,2023-11,1
2116,2023-12,1
2116,2024-01,1
2116,2024-02,1
2116,2024-03,1
2116,2024-04,1
2116,2024-05,1
2116,2024-06,1
2116,2024-07,1
2116,2024-08,1
2116,2024-09,1
2116,2024-10,1
2116,2024-11,1
2116,2024-12,1
2117,2023-01,1
2117,2023-02,1
2117,2023-03,1
2117,2023-04,1
2117,2023-05,1
2117,2023-06,1
2117,2023-07,1
2117,2023-08,1
2117,2023-09,1
2117,2023-10,1
2117,2023-11,1
2117,2023-12,1
2117,2024-01,1
2117,2024-02,1
2117,2024-03,1
2117,2024-04,1
2117,2024-05,1
2117,2024-06,1
2117,2024-07,1
2117,2024-08,1
2117,2024-09,1
2117,2024-10,1
2117,2024-11,1
2117,2024-12,1
2118,2023-01,1
2118,2023-02,1
2118,2023-03,1
2118,2023-04,1
2118,2023-05,1
2118,2023-06,1
2118,2023-07,1
2118,2023-08,1
2118,2023-09,1
2118,2023-10,1
2118,2023-11,1
2118,2023-12,1
2118,2024-01,1
2118,2024-02,1
2118,2024-03,1
2118,2024-04,1
2118,2024-05,1
2118,2024-06,1
2118,2024-07,1
2118,2024-08,1
2118,2024-09,1
2118,2024-10,1
2118,2024-11,1
2118,2024-12,1
2119,2023-01,2
2119,2023-02,2
2119,2023-03,2
2119,2023-04,2
2119,2023-05,2
2119,2023-06,2
2119,2023-07,4
2119,2023-08,2
2119,2023-09,4
2119,2023-10,2
2119,2023-11,2
2119,2023-12,2
2119,2024-01,4
2119,2024-02,2
2119,2024-03,2
2119,2024-04,4
2119,2024-05,4
2119,2024-06,4
2119,2024-07,4
2119,2024-08,4
2119,2024-09,4
2119,2024-10,2
2119,2024-11,4
2119,2024-12,2
2120,2023-01,1
2120,2023-02,1
2120,2023-03,1
2120,2023-04,1
2120,2023-05,1
2120,2023-06,1
2120,2023-07,1
2120,2023-08,1
2120,2023-09,1
2120,2023-10,1
2120,2023-11,1
2120,2023-12,1
2120,2024-01,1
2120,2024-02,1
2120,2024-03,1
2120,2024-04,1
2120,2024-05,1
2120,2024-06,1
2120,2024-07,1
2120,2024-08,1
2120,2024-09,1
2120,2024-10,1
2120,2024-11,1
2120,2024-12,1
2121,2023-01,1
2121,2023-02,1
2121,2023-03,1
2121,2023-04,1
2121,2023-05,1
2121,2023-06,1
2121,2023-07,1
2121,2023-08,1
2121,2023-09,1
2121,2023-10,1
2121,2023-11,1
2121,2023-12,1
2121,2024-01,1
2121,2024-02,1
2121,2024-03,1
2121,2024-04,1
2121,2024-05,1
2121,2024-06,1
2121,2024-07,1
2121,2024-08,1
2121,2024-09,1
2121,2024-10,1
2121,2024-11,1
2121,2024-12,1
2122,2023-01,1
2122,2023-02,1
2122,2023-03,1
2122,2023-04,1
2122,2023-05,1
2122,2023-06,1
2122,2023-07,1
2122,2023-08,1
2122,2023-09,1
2122,2023-10,1
2122,2023-11,1
2122,2023-12,1
2122,2024-01,1
2122,2024-02,1
2122,2024-03,1
2122,2024-04,1
2122,2024-05,1
2122,2024-06,1
2122,2024-07,1
2122,2024-08,1
2122,2024-09,1
2122,2024-10,1
2122,2024-11,1
2122,2024-12,1
2124,2023-01,2
2124,2023-02,2
2124,2023-03,2
2124,2023-04,2
2124,2023-05,2
2124,2023-06,2
2124,2023-07,2
2124,2023-08,2
2124,2023-09,2
2124,2023-10,2
2124,2023-11,2
2124,2023-12,2
2124,2024-01,2
2124,2024-02,2
2124,2024-03,2
2124,2024-04,2
2124,2024-05,2
2124,2024-06,2
2124,2024-07,2
2124,2024-08,2
2124,2024-09,2
2124,2024-10,2
2124,2024-11,2
2124,2024-12,2
2125,2023-01,1
2125,2023-02,1
2125,2023-03,1
2125,2023-04,1
2125,2023-05,1
2125,2023-06,1
2125,2023-07,1
2125,2023-08,1
2125,2023-09,1
2125,2023-10,1
2125,2023-11,1
2125,2023-12,1
2125,2024-01,1
2125,2024-02,1
2125,2024-03,1
2125,2024-04,1
2125,2024-05,1
2125,2024-06,1
2125,2024-07,1
2125,2024-08,1
2125,2024-09,1
2125,2024-10,1
2125,2024-11,1
2125,2024-12,1
2126,2023-01,1
2126,2023-02,1
2126,2023-03,1
2126,2023-04,1
2126,2023-05,1
2126,2023-06,1
2126,2023-07,1
2126,2023-08,1
2126,2023-09,1
2126,2023-10,1
2126,2023-11,1
2126,2023-12,1
2126,2024-01,1
2126,2024-02,1
2126,2024-03,1
2126,2024-04,1
2126,2024-05,1
2126,2024-06,1
2126,2024-07,1
2126,2024-08,1
2126,2024-09,1
2126,2024-10,1
2126,2024-11,1
2126,2024-12,1
2127,2023-01,1
2127,2023-02,1
2127,2023-03,1
2127,2023-04,1
2127,2023-05,1
2127,2023-06,1
2127,2023-07,1
2127,2023-08,1
2127,2023-09,1
2127,2023-10,1
2127,2023-11,1
2127,2023-12,1
2127,2024-01,1
2127,2024-02,1
2127,2024-03,1
2127,2024-04,1
2127,2024-05,1
2127,2024-06,1
2127,2024-07,1
2127,2024-08,1
2127,2024-09,1
2127,2024-10,1
2127,2024-11,1
2127,2024-12,1
2128,2023-01,1
2128,2023-02,1
2128,2023-03,1
2128,2023-04,1
2128,2023-05,1
2128,2023-06,1
2128,2023-07,1
2128,2023-08,1
2128,2023-09,1
2128,2023-10,1
2128,2023-11,1
2128,2023-12,1
2128,2024-01,1
2128,2024-02,1
2128,2024-03,1
2128,2024-04,1
2128,2024-05,1
2128,2024-06,1
2128,2024-07,1
2128,2024-08,1
2128,2024-09,1
2128,2024-10,1
2128,2024-11,1
2128,2024-12,1
2129,2023-01,1
2129,2023-02,1
2129,2023-03,1
2129,2023-04,1
2129,2023-05,1
2129,2023-06,1
2129,2023-07,1
2129,2023-08,1
2129,2023-09,1
2129,2023-10,1
2129,2023-11,1
2129,2023-12,1
2129,2024-01,1
2129,2024-02,1
2129,2024-03,1
2129,2024-04,1
2129,2024-05,1
2129,2024-06,1
2129,2024-07,1
2129,2024-08,1
2129,2024-09,1
2129,2024-10,1
2129,2024-11,1
2129,2024-12,1
2130,2023-01,1
2130,2023-02,1
2130,2023-03,1
2130,2023-04,1
2130,2023-05,1
2130,2023-06,1
2130,2023-07,1
2130,2023-08,1
2130,2023-09,1
2130,2023-10,1
2130,2023-11,1
2130,2023-12,1
2130,2024-01,1
2130,2024-02,1
2130,2024-03,1
2130,2024-04,1
2130,2024-05,1
2130,2024-06,1
2130,2024-07,1
2130,2024-08,1
2130,2024-09,1
2130,2024-10,1
2130,2024-11,1
2130,2024-12,1
2131,2023-01,1
2131,2023-02,1
2131,2023-03,1
2131,2023-04,1
2131,2023-05,1
2131,2023-06,1
2131,2023-07,1
2131,2023-08,1
2131,2023-09,1
2131,2023-10,1
2131,2023-11,1
2131,2023-12,1
2131,2024-01,1
2131,2024-02,1
2131,2024-03,1
2131,2024-04,1
2131,2024-05,1
2131,2024-06,1
2131,2024-07,1
2131,2024-08,1
2131,2024-09,1
2131,2024-10,1
2131,2024-11,1
2131,2024-12,1
2132,2023-01,1
2132,2023-02,1
2132,2023-03,1
2132,2023-04,1
2132,2023-05,1
2132,2023-06,1
2132,2023-07,1
2132,2023-08,1
2132,2023-09,1
2132,2023-10,1
2132,2023-11,1
2132,2023-12,1
2132,2024-01,1
2132,2024-02,1
2132,2024-03,1
2132,2024-04,1
2132,2024-05,1
2132,2024-06,1
2132,2024-07,1
2132,2024-08,1
2132,2024-09,1
2132,2024-10,1
2132,2024-11,1
2132,2024-12,1
2133,2023-01,1
2133,2023-02,1
2133,2023-03,1
2133,2023-04,1
2133,2023-05,1
2133,2023-06,1
2133,2023-07,1
2133,2023-08,1
2133,2023-09,1
2133,2023-10,1
2133,2023-11,1
2133,2023-12,1
2133,2024-01,1
2133,2024-02,1
2133,2024-03,1
2133,2024-04,1
2133,2024-05,1
2133,2024-06,1
2133,2024-07,1
2133,2024-08,1
2133,2024-09,1
2133,2024-10,1
2133,2024-11,1
2133,2024-12,1
2134,2023-01,1
2134,2023-02,1
2134,2023-03,1
2134,2023-04,1
2134,2023-05,1
2134,2023-06,1
2134,2023-07,1
2134,2023-08,1
2134,2023-09,1
2134,2023-10,1
2134,2023-11,1
2134,2023-12,1
2134,2024-01,1
2134,2024-02,1
2134,2024-03,1
2134,2024-04,1
2134,2024-05,1
2134,2024-06,1
2134,2024-07,1
2134,2024-08,1
2134,2024-09,1
2134,2024-10,1
2134,2024-11,1
2134,2024-12,1
2136,2023-01,1
2136,2023-02,1
2136,2023-03,1
2136,2023-04,1
2136,2023-05,1
2136,2023-06,1
2136,2023-07,1
2136,2023-08,1
2136,2023-09,1
2136,2023-10,1
2136,2023-11,1
2136,2023-12,1
2136,2024-01,1
2136,2024-02,1
2136,2024-03,1
2136,2024-04,1
2136,2024-05,1
2136,2024-06,1
2136,2024-07,1
2136,2024-08,1
2136,2024-09,1
2136,2024-10,1
2136,2024-11,1
2136,2024-12,1
2137,2023-01,1
2137,2023-02,1
2137,2023-03,1
2137,2023-04,1
2137,2023-05,1
2137,2023-06,1
2137,2023-07,1
2137,2023-08,1
2137,2023-09,1
2137,2023-10,1
2137,2023-11,1
2137,2023-12,1
2137,2024-01,1
2137,2024-02,1
2137,2024-03,1
2137,2024-04,1
2137,2024-05,1
2137,2024-06,1
2137,2024-07,1
2137,2024-08,1
2137,2024-09,1
2137,2024-10,1
2137,2024-11,1
2137,2024-12,1
2138,2023-01,1
2138,2023-02,1
2138,2023-03,1
2138,2023-04,1
2138,2023-05,1
2138,2023-06,1
2138,2023-07,1
2138,2023-08,1
2138,2023-09,1
2138,2023-10,1
2138,2023-11,1
2138,2023-12,1
2138,2024-01,1
2138,2024-02,1
2138,2024-03,1
2138,2024-04,1
2138,2024-05,1
2138,2024-06,1
2138,2024-07,1
2138,2024-08,1
2138,2024-09,1
2138,2024-10,1
2138,2024-11,1
2138,2024-12,1
2139,2023-01,1
2139,2023-02,1
2139,2023-03,1
2139,2023-04,1
2139,2023-05,1
2139,2023-06,1
2139,2023-07,1
2139,2023-08,1
2139,2023-09,1
2139,2023-10,1
2139,2023-11,1
2139,2023-12,1
2139,2024-01,1
2139,2024-02,1
2139,2024-03,1
2139,2024-04,1
2139,2024-05,1
2139,2024-06,1
2139,2024-07,1
2139,2024-08,1
2139,2024-09,1
2139,2024-10,1
2139,2024-11,1
2139,2024-12,1
2140,2023-01,1
2140,2023-02,1
2140,2023-03,1
2140,2023-04,1
2140,2023-05,1
2140,2023-06,1
2140,2023-07,1
2140,2023-08,1
2140,2023-09,1
2140,2023-10,1
2140,2023-11,1
2140,2023-12,1
2140,2024-01,1
2140,2024-02,1
2140,2024-03,1
2140,2024-04,1
2140,2024-05,1
2140,2024-06,1
2140,2024-07,1
2140,2024-08,1
2140,2024-09,1
2140,2024-10,1
2140,2024-11,1
2140,2024-12,1
2142,2023-01,1
2142,2023-02,1
2142,2023-03,1
2142,2023-04,1
2142,2023-05,1
2142,2023-06,1
2142,2023-07,1
2142,2023-08,1
2142,2023-09,1
2142,2023-10,1
2142,2023-11,1
2142,2023-12,1
2142,2024-01,1
2142,2024-02,1
2142,2024-03,1
2142,2024-04,1
2142,2024-05,1
2142,2024-06,1
2142,2024-07,1
2142,2024-08,1
2142,2024-09,1
2142,2024-10,1
2142,2024-11,1
2142,2024-12,1
2143,2023-01,1
2143,2023-02,1
2143,2023-03,1
2143,2023-04,1
2143,2023-05,1
2143,2023-06,1
2143,2023-07,1
2143,2023-08,1
2143,2023-09,1
2143,2023-10,1
2143,2023-11,1
2143,2023-12,1
2143,2024-01,1
2143,2024-02,1
2143,2024-03,1
2143,2024-04,1
2143,2024-05,1
2143,2024-06,1
2143,2024-07,1
2143,2024-08,1
2143,2024-09,1
2143,2024-10,1
2143,2024-11,1
2143,2024-12,1
2144,2023-01,2
2144,2023-02,2
2144,2023-03,2
2144,2023-04,4
2144,2023-05,4
2144,2023-06,4
2144,2023-07,4
2144,2023-08,4
2144,2023-09,4
2144,2023-10,4
2144,2023-11,4
2144,2023-12,4
2144,2024-01,4
2144,2024-02,4
2144,2024-03,4
2144,2024-04,4
2144,2024-05,4
2144,2024-06,4
2144,2024-07,4
2144,2024-08,4
2144,2024-09,4
2144,2024-10,4
2144,2024-11,4
2144,2024-12,2
2145,2023-01,1
2145,2023-02,1
2145,2023-03,1
2145,2023-04,1
2145,2023-05,1
2145,2023-06,1
2145,2023-07,1
2145,2023-08,1
2145,2023-09,1
2145,2023-10,1
2145,2023-11,1
2145,2023-12,1
2145,2024-01,1
2145,2024-02,1
2145,2024-03,1
2145,2024-04,1
2145,2024-05,1
2145,2024-06,1
2145,2024-07,1
2145,2024-08,1
2145,2024-09,1
2145,2024-10,1
2145,2024-11,1
2145,2024-12,1
2146,2023-01,2
2146,2023-02,2
2146,2023-03,2
2146,2023-04,2
2146,2023-05,2
2146,2023-06,2
2146,2023-07,2
2146,2023-08,2
2146,2023-09,2
2146,2023-10,2
2146,2023-11,2
2146,2023-12,2
2146,2024-01,2
2146,2024-02,2
2146,2024-03,2
2146,2024-04,2
2146,2024-05,2
2146,2024-06,2
2146,2024-07,2
2146,2024-08,2
2146,2024-09,2
2146,2024-10,2
2146,2024-11,2
2146,2024-12,2
2148,2023-01,3
2148,2023-02,3
2148,2023-03,3
2148,2023-04,3
2148,2023-05,3
2148,2023-06,3
2148,2023-07,3
2148,2023-08,3
2148,2023-09,3
2148,2023-10,3
2148,2023-11,3
2148,2023-12,3
2148,2024-01,3
2148,2024-02,3
2148,2024-03,3
2148,2024-04,3
2148,2024-05,3
2148,2024-06,1
2148,2024-07,1
2148,2024-08,1
2148,2024-09,1
2148,2024-10,1
2148,2024-11,3
2148,2024-12,1
2149,2023-01,1
2149,2023-02,1
2149,2023-03,1
2149,2023-04,1
2149,2023-05,1
2149,2023-06,3
2149,2023-07,3
2149,2023-08,1
2149,2023-09,3
2149,2023-10,3
2149,2023-11,3
2149,2023-12,3
2149,2024-01,1
2149,2024-02,1
2149,2024-03,1
2149,2024-04,1
2149,2024-05,1
2149,2024-06,1
2149,2024-07,1
2149,2024-08,1
2149,2024-09,1
2149,2024-10,1
2149,2024-11,3
2149,2024-12,1
2150,2023-01,1
2150,2023-02,1
2150,2023-03,1
2150,2023-04,1
2150,2023-05,1
2150,2023-06,1
2150,2023-07,1
2150,2023-08,1
2150,2023-09,1
2150,2023-10,1
2150,2023-11,1
2150,2023-12,1
2150,2024-01,1
2150,2024-02,1
2150,2024-03,1
2150,2024-04,1
2150,2024-05,1
2150,2024-06,1
2150,2024-07,1
2150,2024-08,1
2150,2024-09,1
2150,2024-10,1
2150,2024-11,1
2150,2024-12,1
2151,2023-01,1
2151,2023-02,3
2151,2023-03,3
2151,2023-04,1
2151,2023-05,3
2151,2023-06,3
2151,2023-07,3
2151,2023-08,3
2151,2023-09,3
2151,2023-10,3
2151,2023-11,3
2151,2023-12,3
2151,2024-01,3
2151,2024-02,3
2151,2024-03,3
2151,2024-04,1
2151,2024-05,3
2151,2024-06,3
2151,2024-07,3
2151,2024-08,3
2151,2024-09,3
2151,2024-10,3
2151,2024-11,3
2151,2024-12,3
2152,2023-01,1
2152,2023-02,1
2152,2023-03,1
2152,2023-04,1
2152,2023-05,1
2152,2023-06,1
2152,2023-07,1
2152,2023-08,1
2152,2023-09,1
2152,2023-10,1
2152,2023-11,1
2152,2023-12,1
2152,2024-01,1
2152,2024-02,1
2152,2024-03,1
2152,2024-04,1
2152,2024-05,1
2152,2024-06,1
2152,2024-07,1
2152,2024-08,1
2152,2024-09,1
2152,2024-10,1
2152,2024-11,1
2152,2024-12,1
2153,2023-01,1
2153,2023-02,1
2153,2023-03,1
2153,2023-04,1
2153,2023-05,1
2153,2023-06,1
2153,2023-07,1
2153,2023-08,1
2153,2023-09,1
2153,2023-10,1
2153,2023-11,1
2153,2023-12,1
2153,2024-01,1
2153,2024-02,1
2153,2024-03,1
2153,2024-04,1
2153,2024-05,1
2153,2024-06,1
2153,2024-07,1
2153,2024-08,1
2153,2024-09,1
2153,2024-10,1
2153,2024-11,1
2153,2024-12,1
2154,2023-01,1
2154,2023-02,1
2154,2023-03,1
2154,2023-04,1
2154,2023-05,1
2154,2023-06,1
2154,2023-07,1
2154,2023-08,1
2154,2023-09,1
2154,2023-10,1
2154,2023-11,1
2154,2023-12,1
2154,2024-01,1
2154,2024-02,1
2154,2024-03,1
2154,2024-04,1
2154,2024-05,1
2154,2024-06,1
2154,2024-07,1
2154,2024-08,1
2154,2024-09,1
2154,2024-10,1
2154,2024-11,1
2154,2024-12,1
2155,2023-01,1
2155,2023-02,1
2155,2023-03,1
2155,2023-04,1
2155,2023-05,1
2155,2023-06,3
2155,2023-07,1
2155,2023-08,1
2155,2023-09,3
2155,2023-10,1
2155,2023-11,1
2155,2023-12,3
2155,2024-01,3
2155,2024-02,3
2155,2024-03,3
2155,2024-04,1
2155,2024-05,1
2155,2024-06,1
2155,2024-07,3
2155,2024-08,1
2155,2024-09,1
2155,2024-10,3
2155,2024-11,1
2155,2024-12,1
2156,2023-01,1
2156,2023-02,1
2156,2023-03,1
2156,2023-04,1
2156,2023-05,1
2156,2023-06,1
2156,2023-07,1
2156,2023-08,1
2156,2023-09,1
2156,2023-10,1
2156,2023-11,1
2156,2023-12,1
2156,2024-01,1
2156,2024-02,1
2156,2024-03,1
2156,2024-04,1
2156,2024-05,1
2156,2024-06,1
2156,2024-07,1
2156,2024-08,1
2156,2024-09,1
2156,2024-10,1
2156,2024-11,1
2156,2024-12,1
2157,2023-01,1
2157,2023-02,1
2157,2023-03,1
2157,2023-04,1
2157,2023-05,1
2157,2023-06,1
2157,2023-07,1
2157,2023-08,1
2157,2023-09,1
2157,2023-10,1
2157,2023-11,1
2157,2023-12,1
2157,2024-01,1
2157,2024-02,1
2157,2024-03,1
2157,2024-04,1
2157,2024-05,1
2157,2024-06,1
2157,2024-07,1
2157,2024-08,1
2157,2024-09,1
2157,2024-10,1
2157,2024-11,1
2157,2024-12,1
2158,2023-01,1
2158,2023-02,1
2158,2023-03,1
2158,2023-04,1
2158,2023-05,1
2158,2023-06,1
2158,2023-07,1
2158,2023-08,1
2158,2023-09,1
2158,2023-10,1
2158,2023-11,1
2158,2023-12,1
2158,2024-01,1
2158,2024-02,1
2158,2024-03,1
2158,2024-04,1
2158,2024-05,1
2158,2024-06,1
2158,2024-07,1
2158,2024-08,1
2158,2024-09,1
2158,2024-10,1
2158,2024-11,1
2158,2024-12,1
2159,2023-01,1
2159,2023-02,1
2159,2023-03,1
2159,2023-04,1
2159,2023-05,1
2159,2023-06,1
2159,2023-07,1
2159,2023-08,1
2159,2023-09,1
2159,2023-10,1
2159,2023-11,1
2159,2023-12,1
2159,2024-01,1
2159,2024-02,1
2159,2024-03,1
2159,2024-04,1
2159,2024-05,1
2159,2024-06,1
2159,2024-07,1
2159,2024-08,1
2159,2024-09,1
2159,2024-10,1
2159,2024-11,1
2159,2024-12,1
2160,2023-01,1
2160,2023-02,1
2160,2023-03,1
2160,2023-04,1
2160,2023-05,1
2160,2023-06,1
2160,2023-07,1
2160,2023-08,1
2160,2023-09,1
2160,2023-10,1
2160,2023-11,1
2160,2023-12,1
2160,2024-01,1
2160,2024-02,1
2160,2024-03,1
2160,2024-04,1
2160,2024-05,1
2160,2024-06,1
2160,2024-07,1
2160,2024-08,1
2160,2024-09,1
2160,2024-10,1
2160,2024-11,1
2160,2024-12,1
2161,2023-01,2
2161,2023-02,2
2161,2023-03,2
2161,2023-04,4
2161,2023-05,4
2161,2023-06,4
2161,2023-07,4
2161,2023-08,4
2161,2023-09,4
2161,2023-10,4
2161,2023-11,4
2161,2023-12,4
2161,2024-01,4
2161,2024-02,4
2161,2024-03,4
2161,2024-04,4
2161,2024-05,4
2161,2024-06,4
2161,2024-07,4
2161,2024-08,4
2161,2024-09,4
2161,2024-10,4
2161,2024-11,4
2161,2024-12,4
2162,2023-01,1
2162,2023-02,1
2162,2023-03,1
2162,2023-04,1
2162,2023-05,1
2162,2023-06,1
2162,2023-07,1
2162,2023-08,1
2162,2023-09,1
2162,2023-10,1
2162,2023-11,1
2162,2023-12,1
2162,2024-01,1
2162,2024-02,1
2162,2024-03,1
2162,2024-04,1
2162,2024-05,1
2162,2024-06,1
2162,2024-07,1
2162,2024-08,1
2162,2024-09,1
2162,2024-10,1
2162,2024-11,1
2162,2024-12,1
2163,2023-01,1
2163,2023-02,1
2163,2023-03,1
2163,2023-04,1
2163,2023-05,1
2163,2023-06,1
2163,2023-07,1
2163,2023-08,1
2163,2023-09,1
2163,2023-10,1
2163,2023-11,1
2163,2023-12,1
2163,2024-01,1
2163,2024-02,1
2163,2024-03,1
2163,2024-04,1
2163,2024-05,1
2163,2024-06,1
2163,2024-07,1
2163,2024-08,1
2163,2024-09,1
2163,2024-10,1
2163,2024-11,1
2163,2024-12,1
2164,2023-01,2
2164,2023-02,2
2164,2023-03,2
2164,2023-04,2
2164,2023-05,2
2164,2023-06,4
2164,2023-07,4
2164,2023-08,4
2164,2023-09,4
2164,2023-10,2
2164,2023-11,2
2164,2023-12,2
2164,2024-01,2
2164,2024-02,2
2164,2024-03,2
2164,2024-04,4
2164,2024-05,4
2164,2024-06,4
2164,2024-07,4
2164,2024-08,4
2164,2024-09,4
2164,2024-10,2
2164,2024-11,2
2164,2024-12,2
2165,2023-01,2
2165,2023-02,2
2165,2023-03,2
2165,2023-04,2
2165,2023-05,2
2165,2023-06,2
2165,2023-07,2
2165,2023-08,2
2165,2023-09,2
2165,2023-10,2
2165,2023-11,2
2165,2023-12,2
2165,2024-01,2
2165,2024-02,2
2165,2024-03,2
2165,2024-04,2
2165,2024-05,2
2165,2024-06,2
2165,2024-07,2
2165,2024-08,2
2165,2024-09,2
2165,2024-10,2
2165,2024-11,2
2165,2024-12,2
2167,2023-01,2
2167,2023-02,2
2167,2023-03,2
2167,2023-04,2
2167,2023-05,2
2167,2023-06,2
2167,2023-07,2
2167,2023-08,2
2167,2023-09,2
2167,2023-10,2
2167,2023-11,2
2167,2023-12,2
2167,2024-01,2
2167,2024-02,2
2167,2024-03,2
2167,2024-04,2
2167,2024-05,2
2167,2024-06,2
2167,2024-07,2
2167,2024-08,2
2167,2024-09,2
2167,2024-10,2
2167,2024-11,2
2167,2024-12,2
2168,2023-01,2
2168,2023-02,2
2168,2023-03,2
2168,2023-04,2
2168,2023-05,2
2168,2023-06,2
2168,2023-07,2
2168,2023-08,2
2168,2023-09,2
2168,2023-10,2
2168,2023-11,2
2168,2023-12,2
2168,2024-01,2
2168,2024-02,2
2168,2024-03,2
2168,2024-04,2
2168,2024-05,2
2168,2024-06,2
2168,2024-07,2
2168,2024-08,2
2168,2024-09,2
2168,2024-10,2
2168,2024-11,2
2168,2024-12,2
2169,2023-01,2
2169,2023-02,2
2169,2023-03,2
2169,2023-04,2
2169,2023-05,2
2169,2023-06,2
2169,2023-07,2
2169,2023-08,2
2169,2023-09,2
2169,2023-10,2
2169,2023-11,2
2169,2023-12,2
2169,2024-01,2
2169,2024-02,2
2169,2024-03,2
2169,2024-04,2
2169,2024-05,2
2169,2024-06,2
2169,2024-07,2
2169,2024-08,2
2169,2024-09,2
2169,2024-10,2
2169,2024-11,2
2169,2024-12,2
2171,2023-01,1
2171,2023-02,1
2171,2023-03,1
2171,2023-04,1
2171,2023-05,1
2171,2023-06,1
2171,2023-07,1
2171,2023-08,1
2171,2023-09,1
2171,2023-10,1
2171,2023-11,1
2171,2023-12,1
2171,2024-01,1
2171,2024-02,1
2171,2024-03,1
2171,2024-04,1
2171,2024-05,1
2171,2024-06,1
2171,2024-07,1
2171,2024-08,1
2171,2024-09,1
2171,2024-10,1
2171,2024-11,1
2171,2024-12,1
2172,2023-01,1
2172,2023-02,1
2172,2023-03,1
2172,2023-04,1
2172,2023-05,1
2172,2023-06,1
2172,2023-07,1
2172,2023-08,1
2172,2023-09,1
2172,2023-10,1
2172,2023-11,1
2172,2023-12,1
2172,2024-01,1
2172,2024-02,1
2172,2024-03,1
2172,2024-04,1
2172,2024-05,1
2172,2024-06,1
2172,2024-07,1
2172,2024-08,1
2172,2024-09,1
2172,2024-10,1
2172,2024-11,1
2172,2024-12,1
2173,2023-01,2
2173,2023-02,2
2173,2023-03,2
2173,2023-04,2
2173,2023-05,2
2173,2023-06,2
2173,2023-07,2
2173,2023-08,2
2173,2023-09,2
2173,2023-10,2
2173,2023-11,2
2173,2023-12,2
2173,2024-01,2
2173,2024-02,2
2173,2024-03,2
2173,2024-04,2
2173,2024-05,2
2173,2024-06,2
2173,2024-07,2
2173,2024-08,2
2173,2024-09,2
2173,2024-10,2
2173,2024-11,2
2173,2024-12,2
2174,2023-01,1
2174,2023-02,1
2174,2023-03,1
2174,2023-04,1
2174,2023-05,1
2174,2023-06,1
2174,2023-07,1
2174,2023-08,1
2174,2023-09,1
2174,2023-10,1
2174,2023-11,1
2174,2023-12,1
2174,2024-01,1
2174,2024-02,1
2174,2024-03,1
2174,2024-04,1
2174,2024-05,1
2174,2024-06,1
2174,2024-07,1
2174,2024-08,1
2174,2024-09,1
2174,2024-10,1
2174,2024-11,1
2174,2024-12,1
2175,2023-01,1
2175,2023-02,1
2175,2023-03,1
2175,2023-04,1
2175,2023-05,1
2175,2023-06,1
2175,2023-07,1
2175,2023-08,1
2175,2023-09,1
2175,2023-10,1
2175,2023-11,1
2175,2023-12,1
2175,2024-01,1
2175,2024-02,1
2175,2024-03,1
2175,2024-04,1
2175,2024-05,1
2175,2024-06,1
2175,2024-07,1
2175,2024-08,1
2175,2024-09,1
2175,2024-10,1
2175,2024-11,1
2175,2024-12,1
2176,2023-01,1
2176,2023-02,1
2176,2023-03,1
2176,2023-04,1
2176,2023-05,1
2176,2023-06,1
2176,2023-07,1
2176,2023-08,1
2176,2023-09,1
2176,2023-10,1
2176,2023-11,1
2176,2023-12,1
2176,2024-01,1
2176,2024-02,1
2176,2024-03,1
2176,2024-04,1
2176,2024-05,1
2176,2024-06,1
2176,2024-07,1
2176,2024-08,1
2176,2024-09,1
2176,2024-10,1
2176,2024-11,1
2176,2024-12,1
2177,2023-01,1
2177,2023-02,1
2177,2023-03,1
2177,2023-04,1
2177,2023-05,1
2177,2023-06,1
2177,2023-07,1
2177,2023-08,2
2177,2023-09,2
2177,2023-10,2
2177,2023-11,2
2177,2023-12,1
2177,2024-01,2
2177,2024-02,1
2177,2024-03,2
2177,2024-04,1
2177,2024-05,2
2177,2024-06,2
2177,2024-07,2
2177,2024-08,2
2177,2024-09,2
2177,2024-10,2
2177,2024-11,2
2177,2024-12,2
2178,2023-01,1
2178,2023-02,1
2178,2023-03,1
2178,2023-04,1
2178,2023-05,1
2178,2023-06,1
2178,2023-07,1
2178,2023-08,1
2178,2023-09,1
2178,2023-10,1
2178,2023-11,1
2178,2023-12,1
2178,2024-01,1
2178,2024-02,1
2178,2024-03,1
2178,2024-04,1
2178,2024-05,1
2178,2024-06,1
2178,2024-07,1
2178,2024-08,1
2178,2024-09,1
2178,2024-10,1
2178,2024-11,1
2178,2024-12,1
2179,2023-01,2
2179,2023-02,2
2179,2023-03,1
2179,2023-04,1
2179,2023-05,1
2179,2023-06,1
2179,2023-07,1
2179,2023-08,1
2179,2023-09,1
2179,2023-10,1
2179,2023-11,1
2179,2023-12,1
2179,2024-01,1
2179,2024-02,1
2179,2024-03,1
2179,2024-04,1
2179,2024-05,1
2179,2024-06,1
2179,2024-07,1
2179,2024-08,1
2179,2024-09,1
2179,2024-10,1
2179,2024-11,1
2179,2024-12,1
2180,2023-01,2
2180,2023-02,2
2180,2023-03,2
2180,2023-04,1
2180,2023-05,1
2180,2023-06,1
2180,2023-07,1
2180,2023-08,1
2180,2023-09,1
2180,2023-10,1
2180,2023-11,1
2180,2023-12,1
2180,2024-01,1
2180,2024-02,1
2180,2024-03,1
2180,2024-04,1
2180,2024-05,1
2180,2024-06,1
2180,2024-07,1
2180,2024-08,1
2180,2024-09,1
2180,2024-10,1
2180,2024-11,1
2180,2024-12,1
2181,2023-01,1
2181,2023-02,1
2181,2023-03,1
2181,2023-04,1
2181,2023-05,1
2181,2023-06,1
2181,2023-07,1
2181,2023-08,1
2181,2023-09,1
2181,2023-10,1
2181,2023-11,1
2181,2023-12,1
2181,2024-01,1
2181,2024-02,1
2181,2024-03,1
2181,2024-04,1
2181,2024-05,1
2181,2024-06,1
2181,2024-07,1
2181,2024-08,1
2181,2024-09,1
2181,2024-10,1
2181,2024-11,1
2181,2024-12,1
2182,2023-01,1
2182,2023-02,1
2182,2023-03,1
2182,2023-04,1
2182,2023-05,1
2182,2023-06,1
2182,2023-07,1
2182,2023-08,1
2182,2023-09,1
2182,2023-10,1
2182,2023-11,1
2182,2023-12,1
2182,2024-01,1
2182,2024-02,1
2182,2024-03,1
2182,2024-04,1
2182,2024-05,1
2182,2024-06,1
2182,2024-07,1
2182,2024-08,1
2182,2024-09,1
2182,2024-10,1
2182,2024-11,1
2182,2024-12,1
2183,2023-01,1
2183,2023-02,1
2183,2023-03,1
2183,2023-04,1
2183,2023-05,1
2183,2023-06,1
2183,2023-07,1
2183,2023-08,1
2183,2023-09,1
2183,2023-10,1
2183,2023-11,1
2183,2023-12,1
2183,2024-01,1
2183,2024-02,1
2183,2024-03,1
2183,2024-04,1
2183,2024-05,1
2183,2024-06,1
2183,2024-07,1
2183,2024-08,1
2183,2024-09,1
2183,2024-10,1
2183,2024-11,1
2183,2024-12,1
2184,2023-01,1
2184,2023-02,1
2184,2023-03,1
2184,2023-04,1
2184,2023-05,1
2184,2023-06,1
2184,2023-07,1
2184,2023-08,1
2184,2023-09,1
2184,2023-10,1
2184,2023-11,1
2184,2023-12,1
2184,2024-01,1
2184,2024-02,1
2184,2024-03,1
2184,2024-04,1
2184,2024-05,1
2184,2024-06,1
2184,2024-07,1
2184,2024-08,1
2184,2024-09,1
2184,2024-10,1
2184,2024-11,1
2184,2024-12,1
2185,2023-01,1
2185,2023-02,1
2185,2023-03,1
2185,2023-04,1
2185,2023-05,1
2185,2023-06,1
2185,2023-07,1
2185,2023-08,1
2185,2023-09,1
2185,2023-10,1
2185,2023-11,1
2185,2023-12,1
2185,2024-01,1
2185,2024-02,1
2185,2024-03,1
2185,2024-04,1
2185,2024-05,1
2185,2024-06,1
2185,2024-07,1
2185,2024-08,1
2185,2024-09,1
2185,2024-10,1
2185,2024-11,1
2185,2024-12,1
2186,2023-01,2
2186,2023-02,2
2186,2023-03,2
2186,2023-04,2
2186,2023-05,2
2186,2023-06,2
2186,2023-07,2
2186,2023-08,2
2186,2023-09,2
2186,2023-10,2
2186,2023-11,2
2186,2023-12,2
2186,2024-01,2
2186,2024-02,2
2186,2024-03,2
2186,2024-04,2
2186,2024-05,2
2186,2024-06,2
2186,2024-07,2
2186,2024-08,2
2186,2024-09,2
2186,2024-10,2
2186,2024-11,2
2186,2024-12,2
2187,2023-01,1
2187,2023-02,1
2187,2023-03,1
2187,2023-04,1
2187,2023-05,1
2187,2023-06,1
2187,2023-07,1
2187,2023-08,1
2187,2023-09,1
2187,2023-10,1
2187,2023-11,1
2187,2023-12,1
2187,2024-01,1
2187,2024-02,1
2187,2024-03,1
2187,2024-04,1
2187,2024-05,1
2187,2024-06,1
2187,2024-07,1
2187,2024-08,1
2187,2024-09,1
2187,2024-10,1
2187,2024-11,1
2187,2024-12,1
2188,2023-01,2
2188,2023-02,2
2188,2023-03,2
2188,2023-04,2
2188,2023-05,2
2188,2023-06,2
2188,2023-07,2
2188,2023-08,2
2188,2023-09,2
2188,2023-10,2
2188,2023-11,2
2188,2023-12,2
2188,2024-01,2
2188,2024-02,2
2188,2024-03,2
2188,2024-04,2
2188,2024-05,2
2188,2024-06,2
2188,2024-07,2
2188,2024-08,2
2188,2024-09,2
2188,2024-10,2
2188,2024-11,2
2188,2024-12,2
2189,2023-01,1
2189,2023-02,1
2189,2023-03,1
2189,2023-04,1
2189,2023-05,1
2189,2023-06,1
2189,2023-07,1
2189,2023-08,1
2189,2023-09,1
2189,2023-10,1
2189,2023-11,1
2189,2023-12,1
2189,2024-01,1
2189,2024-02,1
2189,2024-03,1
2189,2024-04,1
2189,2024-05,1
2189,2024-06,1
2189,2024-07,1
2189,2024-08,1
2189,2024-09,1
2189,2024-10,1
2189,2024-11,1
2189,2024-12,1
2190,2023-01,4
2190,2023-02,4
2190,2023-03,4
2190,2023-04,4
2190,2023-05,4
2190,2023-06,4
2190,2023-07,4
2190,2023-08,4
2190,2023-09,4
2190,2023-10,4
2190,2023-11,4
2190,2023-12,4
2190,2024-01,4
2190,2024-02,4
2190,2024-03,4
2190,2024-04,4
2190,2024-05,4
2190,2024-06,4
2190,2024-07,4
2190,2024-08,4
2190,2024-09,4
2190,2024-10,4
2190,2024-11,4
2190,2024-12,4
2191,2023-01,2
2191,2023-02,2
2191,2023-03,2
2191,2023-04,2
2191,2023-05,2
2191,2023-06,2
2191,2023-07,2
2191,2023-08,2
2191,2023-09,2
2191,2023-10,2
2191,2023-11,2
2191,2023-12,2
2191,2024-01,2
2191,2024-02,2
2191,2024-03,2
2191,2024-04,2
2191,2024-05,2
2191,2024-06,2
2191,2024-07,2
2191,2024-08,2
2191,2024-09,2
2191,2024-10,2
2191,2024-11,2
2191,2024-12,2
2192,2023-01,2
2192,2023-02,2
2192,2023-03,2
2192,2023-04,2
2192,2023-05,2
2192,2023-06,2
2192,2023-07,2
2192,2023-08,2
2192,2023-09,2
2192,2023-10,2
2192,2023-11,2
2192,2023-12,2
2192,2024-01,2
2192,2024-02,2
2192,2024-03,2
2192,2024-04,2
2192,2024-05,2
2192,2024-06,2
2192,2024-07,2
2192,2024-08,2
2192,2024-09,2
2192,2024-10,2
2192,2024-11,2
2192,2024-12,2
2193,2023-01,2
2193,2023-02,2
2193,2023-03,2
2193,2023-04,2
2193,2023-05,2
2193,2023-06,2
2193,2023-07,2
2193,2023-08,2
2193,2023-09,2
2193,2023-10,2
2193,2023-11,2
2193,2023-12,2
2193,2024-01,2
2193,2024-02,2
2193,2024-03,2
2193,2024-04,2
2193,2024-05,2
2193,2024-06,2
2193,2024-07,2
2193,2024-08,2
2193,2024-09,2
2193,2024-10,2
2193,2024-11,2
2193,2024-12,2
2194,2023-01,2
2194,2023-02,2
2194,2023-03,2
2194,2023-04,2
2194,2023-05,2
2194,2023-06,2
2194,2023-07,2
2194,2023-08,2
2194,2023-09,2
2194,2023-10,2
2194,2023-11,2
2194,2023-12,2
2194,2024-01,2
2194,2024-02,2
2194,2024-03,2
2194,2024-04,2
2194,2024-05,2
2194,2024-06,2
2194,2024-07,2
2194,2024-08,2
2194,2024-09,2
2194,2024-10,2
2194,2024-11,2
2194,2024-12,2
2195,2023-01,1
2195,2023-02,1
2195,2023-03,1
2195,2023-04,1
2195,2023-05,1
2195,2023-06,1
2195,2023-07,1
2195,2023-08,1
2195,2023-09,1
2195,2023-10,1
2195,2023-11,1
2195,2023-12,1
2195,2024-01,1
2195,2024-02,1
2195,2024-03,1
2195,2024-04,1
2195,2024-05,1
2195,2024-06,1
2195,2024-07,1
2195,2024-08,1
2195,2024-09,1
2195,2024-10,1
2195,2024-11,1
2195,2024-12,1
2196,2023-01,1
2196,2023-02,1
2196,2023-03,1
2196,2023-04,1
2196,2023-05,1
2196,2023-06,1
2196,2023-07,1
2196,2023-08,1
2196,2023-09,1
2196,2023-10,1
2196,2023-11,1
2196,2023-12,1
2196,2024-01,1
2196,2024-02,1
2196,2024-03,1
2196,2024-04,1
2196,2024-05,1
2196,2024-06,1
2196,2024-07,1
2196,2024-08,1
2196,2024-09,1
2196,2024-10,1
2196,2024-11,1
2196,2024-12,1
2197,2023-01,1
2197,2023-02,1
2197,2023-03,1
2197,2023-04,1
2197,2023-05,1
2197,2023-06,1
2197,2023-07,1
2197,2023-08,1
2197,2023-09,1
2197,2023-10,1
2197,2023-11,1
2197,2023-12,1
2197,2024-01,1
2197,2024-02,1
2197,2024-03,1
2197,2024-04,1
2197,2024-05,1
2197,2024-06,1
2197,2024-07,1
2197,2024-08,1
2197,2024-09,1
2197,2024-10,1
2197,2024-11,1
2197,2024-12,1
2198,2023-01,1
2198,2023-02,1
2198,2023-03,1
2198,2023-04,1
2198,2023-05,1
2198,2023-06,1
2198,2023-07,1
2198,2023-08,1
2198,2023-09,1
2198,2023-10,1
2198,2023-11,1
2198,2023-12,1
2198,2024-01,1
2198,2024-02,1
2198,2024-03,1
2198,2024-04,1
2198,2024-05,1
2198,2024-06,1
2198,2024-07,1
2198,2024-08,1
2198,2024-09,1
2198,2024-10,1
2198,2024-11,1
2198,2024-12,1
2199,2023-01,1
2199,2023-02,1
2199,2023-03,1
2199,2023-04,1
2199,2023-05,1
2199,2023-06,1
2199,2023-07,1
2199,2023-08,1
2199,2023-09,1
2199,2023-10,1
2199,2023-11,1
2199,2023-12,1
2199,2024-01,1
2199,2024-02,1
2199,2024-03,1
2199,2024-04,1
2199,2024-05,1
2199,2024-06,1
2199,2024-07,1
2199,2024-08,1
2199,2024-09,1
2199,2024-10,1
2199,2024-11,1
2199,2024-12,1
2200,2023-01,1
2200,2023-02,1
2200,2023-03,1
2200,2023-04,1
2200,2023-05,1
2200,2023-06,1
2200,2023-07,1
2200,2023-08,1
2200,2023-09,1
2200,2023-10,1
2200,2023-11,1
2200,2023-12,1
2200,2024-01,1
2200,2024-02,1
2200,2024-03,1
2200,2024-04,1
2200,2024-05,1
2200,2024-06,1
2200,2024-07,1
2200,2024-08,1
2200,2024-09,1
2200,2024-10,1
2200,2024-11,1
2200,2024-12,1
2201,2023-01,1
2201,2023-02,1
2201,2023-03,1
2201,2023-04,1
2201,2023-05,1
2201,2023-06,1
2201,2023-07,1
2201,2023-08,1
2201,2023-09,1
2201,2023-10,1
2201,2023-11,1
2201,2023-12,1
2201,2024-01,1
2201,2024-02,1
2201,2024-03,1
2201,2024-04,1
2201,2024-05,1
2201,2024-06,1
2201,2024-07,1
2201,2024-08,1
2201,2024-09,1
2201,2024-10,1
2201,2024-11,1
2201,2024-12,1
2202,2023-01,1
2202,2023-02,1
2202,2023-03,1
2202,2023-04,1
2202,2023-05,1
2202,2023-06,1
2202,2023-07,1
2202,2023-08,1
2202,2023-09,1
2202,2023-10,1
2202,2023-11,1
2202,2023-12,1
2202,2024-01,1
2202,2024-02,1
2202,2024-03,1
2202,2024-04,1
2202,2024-05,1
2202,2024-06,1
2202,2024-07,1
2202,2024-08,1
2202,2024-09,1
2202,2024-10,1
2202,2024-11,1
2202,2024-12,1
2203,2023-01,1
2203,2023-02,1
2203,2023-03,1
2203,2023-04,1
2203,2023-05,1
2203,2023-06,1
2203,2023-07,1
2203,2023-08,1
2203,2023-09,1
2203,2023-10,2
2203,2023-11,2
2203,2023-12,1
2203,2024-01,1
2203,2024-02,1
2203,2024-03,1
2203,2024-04,1
2203,2024-05,1
2203,2024-06,1
2203,2024-07,1
2203,2024-08,1
2203,2024-09,1
2203,2024-10,1
2203,2024-11,1
2203,2024-12,1
2204,2023-01,1
2204,2023-02,1
2204,2023-03,1
2204,2023-04,1
2204,2023-05,1
2204,2023-06,1
2204,2023-07,1
2204,2023-08,1
2204,2023-09,1
2204,2023-10,1
2204,2023-11,1
2204,2023-12,1
2204,2024-01,1
2204,2024-02,1
2204,2024-03,1
2204,2024-04,1
2204,2024-05,1
2204,2024-06,1
2204,2024-07,1
2204,2024-08,1
2204,2024-09,1
2204,2024-10,1
2204,2024-11,1
2204,2024-12,1
2205,2023-01,1
2205,2023-02,1
2205,2023-03,1
2205,2023-04,1
2205,2023-05,1
2205,2023-06,1
2205,2023-07,1
2205,2023-08,1
2205,2023-09,1
2205,2023-10,1
2205,2023-11,1
2205,2023-12,1
2205,2024-01,1
2205,2024-02,1
2205,2024-03,1
2205,2024-04,1
2205,2024-05,1
2205,2024-06,1
2205,2024-07,1
2205,2024-08,1
2205,2024-09,1
2205,2024-10,1
2205,2024-11,1
2205,2024-12,1
2206,2023-01,1
2206,2023-02,1
2206,2023-03,1
2206,2023-04,1
2206,2023-05,1
2206,2023-06,1
2206,2023-07,1
2206,2023-08,1
2206,2023-09,1
2206,2023-10,1
2206,2023-11,1
2206,2023-12,1
2206,2024-01,1
2206,2024-02,1
2206,2024-03,1
2206,2024-04,1
2206,2024-05,1
2206,2024-06,1
2206,2024-07,1
2206,2024-08,1
2206,2024-09,1
2206,2024-10,1
2206,2024-11,1
2206,2024-12,1
2207,2023-01,1
2207,2023-02,1
2207,2023-03,1
2207,2023-04,1
2207,2023-05,1
2207,2023-06,1
2207,2023-07,1
2207,2023-08,1
2207,2023-09,1
2207,2023-10,1
2207,2023-11,1
2207,2023-12,1
2207,2024-01,1
2207,2024-02,1
2207,2024-03,1
2207,2024-04,1
2207,2024-05,1
2207,2024-06,1
2207,2024-07,1
2207,2024-08,1
2207,2024-09,1
2207,2024-10,1
2207,2024-11,1
2207,2024-12,1
2208,2023-01,1
2208,2023-02,1
2208,2023-03,1
2208,2023-04,1
2208,2023-05,1
2208,2023-06,1
2208,2023-07,1
2208,2023-08,1
2208,2023-09,1
2208,2023-10,1
2208,2023-11,1
2208,2023-12,1
2208,2024-01,1
2208,2024-02,1
2208,2024-03,1
2208,2024-04,1
2208,2024-05,1
2208,2024-06,1
2208,2024-07,1
2208,2024-08,1
2208,2024-09,1
2208,2024-10,1
2208,2024-11,1
2208,2024-12,1
2210,2023-01,2
2210,2023-02,2
2210,2023-03,2
2210,2023-04,4
2210,2023-05,2
2210,2023-06,4
2210,2023-07,4
2210,2023-08,4
2210,2023-09,4
2210,2023-10,4
2210,2023-11,4
2210,2023-12,4
2210,2024-01,4
2210,2024-02,4
2210,2024-03,4
2210,2024-04,4
2210,2024-05,4
2210,2024-06,4
2210,2024-07,4
2210,2024-08,4
2210,2024-09,4
2210,2024-10,4
2210,2024-11,4
2210,2024-12,4
2211,2023-01,1
2211,2023-02,1
2211,2023-03,1
2211,2023-04,1
2211,2023-05,1
2211,2023-06,1
2211,2023-07,1
2211,2023-08,1
2211,2023-09,1
2211,2023-10,1
2211,2023-11,1
2211,2023-12,1
2211,2024-01,1
2211,2024-02,1
2211,2024-03,1
2211,2024-04,1
2211,2024-05,1
2211,2024-06,1
2211,2024-07,1
2211,2024-08,1
2211,2024-09,1
2211,2024-10,1
2211,2024-11,1
2211,2024-12,1
2212,2023-01,1
2212,2023-02,1
2212,2023-03,1
2212,2023-04,1
2212,2023-05,1
2212,2023-06,1
2212,2023-07,1
2212,2023-08,1
2212,2023-09,1
2212,2023-10,1
2212,2023-11,1
2212,2023-12,1
2212,2024-01,1
2212,2024-02,1
2212,2024-03,1
2212,2024-04,1
2212,2024-05,1
2212,2024-06,1
2212,2024-07,1
2212,2024-08,1
2212,2024-09,1
2212,2024-10,1
2212,2024-11,1
2212,2024-12,1
2213,2023-01,1
2213,2023-02,1
2213,2023-03,1
2213,2023-04,1
2213,2023-05,1
2213,2023-06,1
2213,2023-07,1
2213,2023-08,1
2213,2023-09,1
2213,2023-10,1
2213,2023-11,1
2213,2023-12,1
2213,2024-01,1
2213,2024-02,1
2213,2024-03,1
2213,2024-04,1
2213,2024-05,1
2213,2024-06,1
2213,2024-07,1
2213,2024-08,1
2213,2024-09,1
2213,2024-10,1
2213,2024-11,1
2213,2024-12,1
2215,2023-01,1
2215,2023-02,1
2215,2023-03,1
2215,2023-04,1
2215,2023-05,1
2215,2023-06,1
2215,2023-07,1
2215,2023-08,1
2215,2023-09,1
2215,2023-10,3
2215,2023-11,1
2215,2023-12,1
2215,2024-01,1
2215,2024-02,1
2215,2024-03,1
2215,2024-04,1
2215,2024-05,1
2215,2024-06,1
2215,2024-07,1
2215,2024-08,1
2215,2024-09,1
2215,2024-10,1
2215,2024-11,1
2215,2024-12,1
2216,2023-01,2
2216,2023-02,2
2216,2023-03,2
2216,2023-04,2
2216,2023-05,2
2216,2023-06,2
2216,2023-07,2
2216,2023-08,2
2216,2023-09,2
2216,2023-10,2
2216,2023-11,2
2216,2023-12,2
2216,2024-01,2
2216,2024-02,2
2216,2024-03,2
2216,2024-04,2
2216,2024-05,2
2216,2024-06,4
2216,2024-07,4
2216,2024-08,2
2216,2024-09,2
2216,2024-10,2
2216,2024-11,2
2216,2024-12,2
2217,2023-01,2
2217,2023-02,2
2217,2023-03,2
2217,2023-04,2
2217,2023-05,2
2217,2023-06,2
2217,2023-07,2
2217,2023-08,2
2217,2023-09,2
2217,2023-10,2
2217,2023-11,2
2217,2023-12,2
2217,2024-01,2
2217,2024-02,2
2217,2024-03,2
2217,2024-04,2
2217,2024-05,2
2217,2024-06,2
2217,2024-07,2
2217,2024-08,2
2217,2024-09,2
2217,2024-10,2
2217,2024-11,2
2217,2024-12,2
2218,2023-01,2
2218,2023-02,2
2218,2023-03,2
2218,2023-04,2
2218,2023-05,2
2218,2023-06,2
2218,2023-07,2
2218,2023-08,2
2218,2023-09,2
2218,2023-10,2
2218,2023-11,2
2218,2023-12,2
2218,2024-01,2
2218,2024-02,2
2218,2024-03,2
2218,2024-04,2
2218,2024-05,2
2218,2024-06,2
2218,2024-07,2
2218,2024-08,2
2218,2024-09,2
2218,2024-10,2
2218,2024-11,2
2218,2024-12,2
2219,2023-01,2
2219,2023-02,2
2219,2023-03,2
2219,2023-04,2
2219,2023-05,2
2219,2023-06,2
2219,2023-07,2
2219,2023-08,2
2219,2023-09,2
2219,2023-10,2
2219,2023-11,2
2219,2023-12,2
2219,2024-01,2
2219,2024-02,2
2219,2024-03,2
2219,2024-04,2
2219,2024-05,2
2219,2024-06,2
2219,2024-07,2
2219,2024-08,2
2219,2024-09,2
2219,2024-10,2
2219,2024-11,2
2219,2024-12,2
2220,2023-01,2
2220,2023-02,2
2220,2023-03,2
2220,2023-04,2
2220,2023-05,2
2220,2023-06,2
2220,2023-07,2
2220,2023-08,2
2220,2023-09,2
2220,2023-10,2
2220,2023-11,2
2220,2023-12,2
2220,2024-01,2
2220,2024-02,2
2220,2024-03,2
2220,2024-04,2
2220,2024-05,2
2220,2024-06,2
2220,2024-07,2
2220,2024-08,2
2220,2024-09,2
2220,2024-10,2
2220,2024-11,2
2220,2024-12,2
2221,2023-01,2
2221,2023-02,2
2221,2023-03,2
2221,2023-04,2
2221,2023-05,2
2221,2023-06,2
2221,2023-07,2
2221,2023-08,2
2221,2023-09,2
2221,2023-10,2
2221,2023-11,2
2221,2023-12,2
2221,2024-01,2
2221,2024-02,2
2221,2024-03,2
2221,2024-04,2
2221,2024-05,2
2221,2024-06,2
2221,2024-07,2
2221,2024-08,2
2221,2024-09,2
2221,2024-10,2
2221,2024-11,2
2221,2024-12,2
2222,2023-01,2
2222,2023-02,2
2222,2023-03,2
2222,2023-04,2
2222,2023-05,2
2222,2023-06,2
2222,2023-07,2
2222,2023-08,2
2222,2023-09,2
2222,2023-10,2
2222,2023-11,2
2222,2023-12,2
2222,2024-01,2
2222,2024-02,2
2222,2024-03,2
2222,2024-04,2
2222,2024-05,2
2222,2024-06,2
2222,2024-07,2
2222,2024-08,2
2222,2024-09,2
2222,2024-10,2
2222,2024-11,2
2222,2024-12,2
2223,2023-01,2
2223,2023-02,2
2223,2023-03,2
2223,2023-04,2
2223,2023-05,2
2223,2023-06,2
2223,2023-07,2
2223,2023-08,2
2223,2023-09,2
2223,2023-10,2
2223,2023-11,2
2223,2023-12,2
2223,2024-01,2
2223,2024-02,2
2223,2024-03,2
2223,2024-04,2
2223,2024-05,2
2223,2024-06,2
2223,2024-07,2
2223,2024-08,2
2223,2024-09,2
2223,2024-10,2
2223,2024-11,2
2223,2024-12,2
2224,2023-01,2
2224,2023-02,2
2224,2023-03,2
2224,2023-04,2
2224,2023-05,2
2224,2023-06,2
2224,2023-07,2
2224,2023-08,2
2224,2023-09,2
2224,2023-10,2
2224,2023-11,2
2224,2023-12,2
2224,2024-01,2
2224,2024-02,2
2224,2024-03,2
2224,2024-04,2
2224,2024-05,2
2224,2024-06,2
2224,2024-07,2
2224,2024-08,2
2224,2024-09,2
2224,2024-10,2
2224,2024-11,2
2224,2024-12,2
2225,2023-01,2
2225,2023-02,2
2225,2023-03,2
2225,2023-04,2
2225,2023-05,2
2225,2023-06,2
2225,2023-07,2
2225,2023-08,2
2225,2023-09,2
2225,2023-10,2
2225,2023-11,2
2225,2023-12,2
2225,2024-01,2
2225,2024-02,2
2225,2024-03,2
2225,2024-04,2
2225,2024-05,2
2225,2024-06,2
2225,2024-07,2
2225,2024-08,2
2225,2024-09,2
2225,2024-10,2
2225,2024-11,2
2225,2024-12,2
2226,2023-01,2
2226,2023-02,2
2226,2023-03,2
2226,2023-04,2
2226,2023-05,4
2226,2023-06,4
2226,2023-07,4
2226,2023-08,4
2226,2023-09,4
2226,2023-10,4
2226,2023-11,4
2226,2023-12,2
2226,2024-01,4
2226,2024-02,4
2226,2024-03,4
2226,2024-04,4
2226,2024-05,4
2226,2024-06,4
2226,2024-07,4
2226,2024-08,4
2226,2024-09,4
2226,2024-10,4
2226,2024-11,4
2226,2024-12,2
2227,2023-01,2
2227,2023-02,2
2227,2023-03,2
2227,2023-04,2
2227,2023-05,2
2227,2023-06,2
2227,2023-07,2
2227,2023-08,2
2227,2023-09,2
2227,2023-10,2
2227,2023-11,2
2227,2023-12,2
2227,2024-01,2
2227,2024-02,2
2227,2024-03,2
2227,2024-04,2
2227,2024-05,2
2227,2024-06,2
2227,2024-07,2
2227,2024-08,2
2227,2024-09,2
2227,2024-10,2
2227,2024-11,2
2227,2024-12,2
2228,2023-01,2
2228,2023-02,2
2228,2023-03,2
2228,2023-04,2
2228,2023-05,2
2228,2023-06,2
2228,2023-07,2
2228,2023-08,2
2228,2023-09,2
2228,2023-10,2
2228,2023-11,2
2228,2023-12,2
2228,2024-01,2
2228,2024-02,2
2228,2024-03,2
2228,2024-04,2
2228,2024-05,2
2228,2024-06,2
2228,2024-07,2
2228,2024-08,2
2228,2024-09,2
2228,2024-10,2
2228,2024-11,2
2228,2024-12,2
2229,2023-01,2
2229,2023-02,2
2229,2023-03,2
2229,2023-04,2
2229,2023-05,2
2229,2023-06,2
2229,2023-07,2
2229,2023-08,2
2229,2023-09,2
2229,2023-10,2
2229,2023-11,2
2229,2023-12,2
2229,2024-01,2
2229,2024-02,2
2229,2024-03,2
2229,2024-04,2
2229,2024-05,2
2229,2024-06,2
2229,2024-07,2
2229,2024-08,2
2229,2024-09,2
2229,2024-10,2
2229,2024-11,2
2229,2024-12,2
2230,2023-01,3
2230,2023-02,3
2230,2023-03,3
2230,2023-04,3
2230,2023-05,3
2230,2023-06,2
2230,2023-07,2
2230,2023-08,3
2230,2023-09,3
2230,2023-10,3
2230,2023-11,3
2230,2023-12,3
2230,2024-01,3
2230,2024-02,2
2230,2024-03,3
2230,2024-04,3
2230,2024-05,2
2230,2024-06,2
2230,2024-07,2
2230,2024-08,2
2230,2024-09,2
2230,2024-10,3
2230,2024-11,3
2230,2024-12,2
2231,2023-01,2
2231,2023-02,2
2231,2023-03,2
2231,2023-04,2
2231,2023-05,2
2231,2023-06,2
2231,2023-07,2
2231,2023-08,2
2231,2023-09,2
2231,2023-10,2
2231,2023-11,2
2231,2023-12,2
2231,2024-01,2
2231,2024-02,2
2231,2024-03,2
2231,2024-04,2
2231,2024-05,2
2231,2024-06,2
2231,2024-07,2
2231,2024-08,2
2231,2024-09,2
2231,2024-10,2
2231,2024-11,2
2231,2024-12,2
2232,2023-01,2
2232,2023-02,2
2232,2023-03,2
2232,2023-04,2
2232,2023-05,2
2232,2023-06,2
2232,2023-07,2
2232,2023-08,2
2232,2023-09,2
2232,2023-10,2
2232,2023-11,2
2232,2023-12,2
2232,2024-01,2
2232,2024-02,2
2232,2024-03,2
2232,2024-04,2
2232,2024-05,2
2232,2024-06,2
2232,2024-07,2
2232,2024-08,2
2232,2024-09,2
2232,2024-10,2
2232,2024-11,2
2232,2024-12,2
2233,2023-01,2
2233,2023-02,2
2233,2023-03,2
2233,2023-04,2
2233,2023-05,2
2233,2023-06,2
2233,2023-07,2
2233,2023-08,2
2233,2023-09,2
2233,2023-10,2
2233,2023-11,2
2233,2023-12,2
2233,2024-01,2
2233,2024-02,2
2233,2024-03,2
2233,2024-04,2
2233,2024-05,2
2233,2024-06,2
2233,2024-07,2
2233,2024-08,2
2233,2024-09,2
2233,2024-10,2
2233,2024-11,2
2233,2024-12,2
2234,2023-01,2
2234,2023-02,2
2234,2023-03,3
2234,2023-04,2
2234,2023-05,2
2234,2023-06,2
2234,2023-07,2
2234,2023-08,2
2234,2023-09,2
2234,2023-10,2
2234,2023-11,1
2234,2023-12,2
2234,2024-01,2
2234,2024-02,2
2234,2024-03,2
2234,2024-04,2
2234,2024-05,1
2234,2024-06,2
2234,2024-07,2
2234,2024-08,2
2234,2024-09,2
2234,2024-10,2
2234,2024-11,2
2234,2024-12,2
2235,2023-01,2
2235,2023-02,2
2235,2023-03,2
2235,2023-04,2
2235,2023-05,2
2235,2023-06,2
2235,2023-07,2
2235,2023-08,2
2235,2023-09,2
2235,2023-10,2
2235,2023-11,2
2235,2023-12,2
2235,2024-01,2
2235,2024-02,2
2235,2024-03,2
2235,2024-04,2
2235,2024-05,2
2235,2024-06,2
2235,2024-07,2
2235,2024-08,2
2235,2024-09,2
2235,2024-10,2
2235,2024-11,2
2235,2024-12,2
2236,2023-01,2
2236,2023-02,2
2236,2023-03,2
2236,2023-04,2
2236,2023-05,2
2236,2023-06,2
2236,2023-07,2
2236,2023-08,2
2236,2023-09,2
2236,2023-10,2
2236,2023-11,2
2236,2023-12,2
2236,2024-01,2
2236,2024-02,2
2236,2024-03,2
2236,2024-04,2
2236,2024-05,2
2236,2024-06,2
2236,2024-07,2
2236,2024-08,2
2236,2024-09,2
2236,2024-10,2
2236,2024-11,2
2236,2024-12,2
2237,2023-01,2
2237,2023-02,2
2237,2023-03,2
2237,2023-04,2
2237,2023-05,3
2237,2023-06,2
2237,2023-07,2
2237,2023-08,3
2237,2023-09,3
2237,2023-10,3
2237,2023-11,3
2237,2023-12,3
2237,2024-01,3
2237,2024-02,2
2237,2024-03,3
2237,2024-04,3
2237,2024-05,2
2237,2024-06,2
2237,2024-07,3
2237,2024-08,2
2237,2024-09,2
2237,2024-10,2
2237,2024-11,3
2237,2024-12,2
2238,2023-01,2
2238,2023-02,2
2238,2023-03,2
2238,2023-04,2
2238,2023-05,2
2238,2023-06,2
2238,2023-07,2
2238,2023-08,2
2238,2023-09,2
2238,2023-10,2
2238,2023-11,2
2238,2023-12,2
2238,2024-01,2
2238,2024-02,2
2238,2024-03,3
2238,2024-04,2
2238,2024-05,2
2238,2024-06,2
2238,2024-07,2
2238,2024-08,2
2238,2024-09,3
2238,2024-10,3
2238,2024-11,3
2238,2024-12,3
2241,2023-01,2
2241,2023-02,2
2241,2023-03,2
2241,2023-04,2
2241,2023-05,2
2241,2023-06,2
2241,2023-07,2
2241,2023-08,2
2241,2023-09,2
2241,2023-10,2
2241,2023-11,2
2241,2023-12,2
2241,2024-01,2
2241,2024-02,2
2241,2024-03,2
2241,2024-04,2
2241,2024-05,2
2241,2024-06,2
2241,2024-07,2
2241,2024-08,2
2241,2024-09,2
2241,2024-10,2
2241,2024-11,2
2241,2024-12,2
2242,2023-01,2
2242,2023-02,2
2242,2023-03,2
2242,2023-04,2
2242,2023-05,2
2242,2023-06,2
2242,2023-07,4
2242,2023-08,2
2242,2023-09,2
2242,2023-10,2
2242,2023-11,2
2242,2023-12,2
2242,2024-01,2
2242,2024-02,2
2242,2024-03,2
2242,2024-04,2
2242,2024-05,2
2242,2024-06,4
2242,2024-07,4
2242,2024-08,4
2242,2024-09,2
2242,2024-10,2
2242,2024-11,2
2242,2024-12,2
2243,2023-01,2
2243,2023-02,2
2243,2023-03,2
2243,2023-04,2
2243,2023-05,2
2243,2023-06,2
2243,2023-07,2
2243,2023-08,2
2243,2023-09,2
2243,2023-10,2
2243,2023-11,2
2243,2023-12,2
2243,2024-01,2
2243,2024-02,2
2243,2024-03,2
2243,2024-04,2
2243,2024-05,2
2243,2024-06,2
2243,2024-07,2
2243,2024-08,2
2243,2024-09,2
2243,2024-10,2
2243,2024-11,2
2243,2024-12,2
2244,2023-01,3
2244,2023-02,3
2244,2023-03,3
2244,2023-04,3
2244,2023-05,3
2244,2023-06,3
2244,2023-07,3
2244,2023-08,3
2244,2023-09,3
2244,2023-10,3
2244,2023-11,3
2244,2023-12,3
2244,2024-01,3
2244,2024-02,3
2244,2024-03,3
2244,2024-04,3
2244,2024-05,3
2244,2024-06,3
2244,2024-07,3
2244,2024-08,3
2244,2024-09,3
2244,2024-10,3
2244,2024-11,3
2244,2024-12,3
2245,2023-01,2
2245,2023-02,2
2245,2023-03,2
2245,2023-04,2
2245,2023-05,2
2245,2023-06,2
2245,2023-07,2
2245,2023-08,2
2245,2023-09,2
2245,2023-10,2
2245,2023-11,2
2245,2023-12,2
2245,2024-01,2
2245,2024-02,2
2245,2024-03,2
2245,2024-04,2
2245,2024-05,2
2245,2024-06,2
2245,2024-07,2
2245,2024-08,2
2245,2024-09,2
2245,2024-10,2
2245,2024-11,2
2245,2024-12,2
2248,2023-01,3
2248,2023-02,3
2248,2023-03,3
2248,2023-04,3
2248,2023-05,3
2248,2023-06,3
2248,2023-07,3
2248,2023-08,3
2248,2023-09,3
2248,2023-10,3
2248,2023-11,3
2248,2023-12,3
2248,2024-01,3
2248,2024-02,3
2248,2024-03,3
2248,2024-04,3
2248,2024-05,3
2248,2024-06,3
2248,2024-07,2
2248,2024-08,3
2248,2024-09,3
2248,2024-10,3
2248,2024-11,3
2248,2024-12,3
2249,2023-01,3
2249,2023-02,3
2249,2023-03,3
2249,2023-04,3
2249,2023-05,3
2249,2023-06,3
2249,2023-07,3
2249,2023-08,3
2249,2023-09,3
2249,2023-10,3
2249,2023-11,3
2249,2023-12,3
2249,2024-01,3
2249,2024-02,3
2249,2024-03,3
2249,2024-04,3
2249,2024-05,3
2249,2024-06,3
2249,2024-07,3
2249,2024-08,3
2249,2024-09,3
2249,2024-10,3
2249,2024-11,3
2249,2024-12,3
2250,2023-01,3
2250,2023-02,3
2250,2023-03,3
2250,2023-04,3
2250,2023-05,3
2250,2023-06,3
2250,2023-07,3
2250,2023-08,3
2250,2023-09,3
2250,2023-10,3
2250,2023-11,3
2250,2023-12,3
2250,2024-01,3
2250,2024-02,3
2250,2024-03,3
2250,2024-04,3
2250,2024-05,3
2250,2024-06,3
2250,2024-07,3
2250,2024-08,3
2250,2024-09,3
2250,2024-10,3
2250,2024-11,3
2250,2024-12,3
2251,2023-01,2
2251,2023-02,2
2251,2023-03,2
2251,2023-04,2
2251,2023-05,2
2251,2023-06,2
2251,2023-07,2
2251,2023-08,2
2251,2023-09,2
2251,2023-10,2
2251,2023-11,2
2251,2023-12,2
2251,2024-01,2
2251,2024-02,2
2251,2024-03,2
2251,2024-04,2
2251,2024-05,2
2251,2024-06,4
2251,2024-07,4
2251,2024-08,2
2251,2024-09,2
2251,2024-10,2
2251,2024-11,2
2251,2024-12,2
2252,2023-01,2
2252,2023-02,2
2252,2023-03,2
2252,2023-04,2
2252,2023-05,2
2252,2023-06,2
2252,2023-07,2
2252,2023-08,2
2252,2023-09,2
2252,2023-10,2
2252,2023-11,2
2252,2023-12,2
2252,2024-01,2
2252,2024-02,2
2252,2024-03,2
2252,2024-04,2
2252,2024-05,2
2252,2024-06,2
2252,2024-07,2
2252,2024-08,2
2252,2024-09,2
2252,2024-10,2
2252,2024-11,2
2252,2024-12,2
2253,2023-01,1
2253,2023-02,1
2253,2023-03,1
2253,2023-04,1
2253,2023-05,1
2253,2023-06,1
2253,2023-07,1
2253,2023-08,1
2253,2023-09,1
2253,2023-10,1
2253,2023-11,1
2253,2023-12,1
2253,2024-01,1
2253,2024-02,1
2253,2024-03,1
2253,2024-04,1
2253,2024-05,1
2253,2024-06,1
2253,2024-07,1
2253,2024-08,1
2253,2024-09,1
2253,2024-10,1
2253,2024-11,1
2253,2024-12,1
2254,2023-01,1
2254,2023-02,1
2254,2023-03,1
2254,2023-04,1
2254,2023-05,1
2254,2023-06,1
2254,2023-07,1
2254,2023-08,1
2254,2023-09,1
2254,2023-10,1
2254,2023-11,1
2254,2023-12,1
2254,2024-01,1
2254,2024-02,1
2254,2024-03,1
2254,2024-04,1
2254,2024-05,1
2254,2024-06,1
2254,2024-07,1
2254,2024-08,1
2254,2024-09,1
2254,2024-10,1
2254,2024-11,1
2254,2024-12,1
2255,2023-01,1
2255,2023-02,1
2255,2023-03,1
2255,2023-04,1
2255,2023-05,1
2255,2023-06,1
2255,2023-07,1
2255,2023-08,1
2255,2023-09,1
2255,2023-10,1
2255,2023-11,1
2255,2023-12,1
2255,2024-01,1
2255,2024-02,1
2255,2024-03,1
2255,2024-04,1
2255,2024-05,1
2255,2024-06,1
2255,2024-07,1
2255,2024-08,1
2255,2024-09,1
2255,2024-10,1
2255,2024-11,1
2255,2024-12,1
2256,2023-01,1
2256,2023-02,1
2256,2023-03,1
2256,2023-04,1
2256,2023-05,1
2256,2023-06,1
2256,2023-07,1
2256,2023-08,1
2256,2023-09,1
2256,2023-10,1
2256,2023-11,1
2256,2023-12,1
2256,2024-01,1
2256,2024-02,1
2256,2024-03,1
2256,2024-04,1
2256,2024-05,1
2256,2024-06,1
2256,2024-07,1
2256,2024-08,1
2256,2024-09,1
2256,2024-10,1
2256,2024-11,1
2256,2024-12,1
2257,2023-01,1
2257,2023-02,1
2257,2023-03,1
2257,2023-04,1
2257,2023-05,1
2257,2023-06,1
2257,2023-07,1
2257,2023-08,1
2257,2023-09,1
2257,2023-10,1
2257,2023-11,1
2257,2023-12,1
2257,2024-01,1
2257,2024-02,1
2257,2024-03,1
2257,2024-04,1
2257,2024-05,1
2257,2024-06,1
2257,2024-07,1
2257,2024-08,1
2257,2024-09,1
2257,2024-10,1
2257,2024-11,1
2257,2024-12,1
2258,2023-01,1
2258,2023-02,1
2258,2023-03,1
2258,2023-04,1
2258,2023-05,1
2258,2023-06,1
2258,2023-07,1
2258,2023-08,1
2258,2023-09,1
2258,2023-10,1
2258,2023-11,1
2258,2023-12,1
2258,2024-01,1
2258,2024-02,1
2258,2024-03,1
2258,2024-04,1
2258,2024-05,1
2258,2024-06,1
2258,2024-07,1
2258,2024-08,1
2258,2024-09,1
2258,2024-10,1
2258,2024-11,1
2258,2024-12,1
2259,2023-01,1
2259,2023-02,1
2259,2023-03,1
2259,2023-04,1
2259,2023-05,1
2259,2023-06,1
2259,2023-07,1
2259,2023-08,1
2259,2023-09,1
2259,2023-10,1
2259,2023-11,1
2259,2023-12,1
2259,2024-01,1
2259,2024-02,1
2259,2024-03,1
2259,2024-04,1
2259,2024-05,1
2259,2024-06,1
2259,2024-07,1
2259,2024-08,1
2259,2024-09,1
2259,2024-10,1
2259,2024-11,1
2259,2024-12,1
2260,2023-01,1
2260,2023-02,1
2260,2023-03,1
2260,2023-04,1
2260,2023-05,1
2260,2023-06,1
2260,2023-07,1
2260,2023-08,1
2260,2023-09,1
2260,2023-10,1
2260,2023-11,1
2260,2023-12,1
2260,2024-01,1
2260,2024-02,1
2260,2024-03,1
2260,2024-04,1
2260,2024-05,1
2260,2024-06,1
2260,2024-07,1
2260,2024-08,1
2260,2024-09,1
2260,2024-10,1
2260,2024-11,1
2260,2024-12,1
2262,2023-01,1
2262,2023-02,1
2262,2023-03,1
2262,2023-04,1
2262,2023-05,1
2262,2023-06,1
2262,2023-07,1
2262,2023-08,1
2262,2023-09,1
2262,2023-10,1
2262,2023-11,1
2262,2023-12,1
2262,2024-01,1
2262,2024-02,1
2262,2024-03,1
2262,2024-04,1
2262,2024-05,1
2262,2024-06,1
2262,2024-07,1
2262,2024-08,1
2262,2024-09,1
2262,2024-10,1
2262,2024-11,1
2262,2024-12,1
2264,2023-01,1
2264,2023-02,1
2264,2023-03,1
2264,2023-04,1
2264,2023-05,1
2264,2023-06,1
2264,2023-07,1
2264,2023-08,1
2264,2023-09,1
2264,2023-10,1
2264,2023-11,1
2264,2023-12,1
2264,2024-01,1
2264,2024-02,1
2264,2024-03,1
2264,2024-04,1
2264,2024-05,1
2264,2024-06,1
2264,2024-07,1
2264,2024-08,1
2264,2024-09,1
2264,2024-10,1
2264,2024-11,1
2264,2024-12,1
2265,2023-01,1
2265,2023-02,1
2265,2023-03,1
2265,2023-04,1
2265,2023-05,1
2265,2023-06,1
2265,2023-07,1
2265,2023-08,1
2265,2023-09,1
2265,2023-10,1
2265,2023-11,1
2265,2023-12,1
2265,2024-01,1
2265,2024-02,1
2265,2024-03,1
2265,2024-04,1
2265,2024-05,1
2265,2024-06,1
2265,2024-07,1
2265,2024-08,1
2265,2024-09,1
2265,2024-10,1
2265,2024-11,1
2265,2024-12,1
2266,2023-01,1
2266,2023-02,1
2266,2023-03,1
2266,2023-04,1
2266,2023-05,1
2266,2023-06,1
2266,2023-07,1
2266,2023-08,1
2266,2023-09,1
2266,2023-10,1
2266,2023-11,1
2266,2023-12,1
2266,2024-01,1
2266,2024-02,1
2266,2024-03,1
2266,2024-04,1
2266,2024-05,1
2266,2024-06,1
2266,2024-07,1
2266,2024-08,1
2266,2024-09,1
2266,2024-10,1
2266,2024-11,1
2266,2024-12,1
2267,2023-01,1
2267,2023-02,1
2267,2023-03,1
2267,2023-04,1
2267,2023-05,1
2267,2023-06,1
2267,2023-07,1
2267,2023-08,1
2267,2023-09,1
2267,2023-10,1
2267,2023-11,1
2267,2023-12,1
2267,2024-01,1
2267,2024-02,1
2267,2024-03,1
2267,2024-04,1
2267,2024-05,1
2267,2024-06,1
2267,2024-07,1
2267,2024-08,1
2267,2024-09,1
2267,2024-10,1
2267,2024-11,1
2267,2024-12,1
2268,2023-01,1
2268,2023-02,1
2268,2023-03,1
2268,2023-04,1
2268,2023-05,1
2268,2023-06,1
2268,2023-07,1
2268,2023-08,1
2268,2023-09,1
2268,2023-10,1
2268,2023-11,1
2268,2023-12,1
2268,2024-01,1
2268,2024-02,1
2268,2024-03,1
2268,2024-04,1
2268,2024-05,1
2268,2024-06,1
2268,2024-07,1
2268,2024-08,1
2268,2024-09,1
2268,2024-10,1
2268,2024-11,1
2268,2024-12,1
2269,2023-01,1
2269,2023-02,1
2269,2023-03,1
2269,2023-04,1
2269,2023-05,1
2269,2023-06,1
2269,2023-07,1
2269,2023-08,1
2269,2023-09,1
2269,2023-10,1
2269,2023-11,1
2269,2023-12,1
2269,2024-01,1
2269,2024-02,1
2269,2024-03,1
2269,2024-04,1
2269,2024-05,1
2269,2024-06,1
2269,2024-07,1
2269,2024-08,1
2269,2024-09,1
2269,2024-10,1
2269,2024-11,1
2269,2024-12,1
2270,2023-01,1
2270,2023-02,1
2270,2023-03,1
2270,2023-04,1
2270,2023-05,1
2270,2023-06,1
2270,2023-07,1
2270,2023-08,1
2270,2023-09,1
2270,2023-10,1
2270,2023-11,1
2270,2023-12,1
2270,2024-01,1
2270,2024-02,1
2270,2024-03,1
2270,2024-04,1
2270,2024-05,1
2270,2024-06,1
2270,2024-07,1
2270,2024-08,1
2270,2024-09,1
2270,2024-10,1
2270,2024-11,1
2270,2024-12,1
2271,2023-01,1
2271,2023-02,1
2271,2023-03,1
2271,2023-04,1
2271,2023-05,1
2271,2023-06,1
2271,2023-07,1
2271,2023-08,1
2271,2023-09,1
2271,2023-10,1
2271,2023-11,1
2271,2023-12,1
2271,2024-01,1
2271,2024-02,1
2271,2024-03,1
2271,2024-04,1
2271,2024-05,1
2271,2024-06,1
2271,2024-07,1
2271,2024-08,1
2271,2024-09,1
2271,2024-10,1
2271,2024-11,1
2271,2024-12,1
2272,2023-01,1
2272,2023-02,1
2272,2023-03,1
2272,2023-04,1
2272,2023-05,1
2272,2023-06,1
2272,2023-07,1
2272,2023-08,1
2272,2023-09,1
2272,2023-10,1
2272,2023-11,1
2272,2023-12,1
2272,2024-01,1
2272,2024-02,1
2272,2024-03,1
2272,2024-04,1
2272,2024-05,1
2272,2024-06,1
2272,2024-07,1
2272,2024-08,1
2272,2024-09,1
2272,2024-10,1
2272,2024-11,1
2272,2024-12,1
2274,2023-01,1
2274,2023-02,1
2274,2023-03,1
2274,2023-04,1
2274,2023-05,1
2274,2023-06,1
2274,2023-07,1
2274,2023-08,1
2274,2023-09,1
2274,2023-10,1
2274,2023-11,1
2274,2023-12,1
2274,2024-01,1
2274,2024-02,1
2274,2024-03,1
2274,2024-04,1
2274,2024-05,1
2274,2024-06,1
2274,2024-07,1
2274,2024-08,1
2274,2024-09,1
2274,2024-10,1
2274,2024-11,1
2274,2024-12,1
2275,2023-01,2
2275,2023-02,2
2275,2023-03,2
2275,2023-04,4
2275,2023-05,4
2275,2023-06,4
2275,2023-07,4
2275,2023-08,4
2275,2023-09,4
2275,2023-10,4
2275,2023-11,4
2275,2023-12,4
2275,2024-01,4
2275,2024-02,4
2275,2024-03,4
2275,2024-04,4
2275,2024-05,4
2275,2024-06,4
2275,2024-07,4
2275,2024-08,4
2275,2024-09,4
2275,2024-10,4
2275,2024-11,4
2275,2024-12,4
2276,2023-01,1
2276,2023-02,1
2276,2023-03,1
2276,2023-04,1
2276,2023-05,1
2276,2023-06,1
2276,2023-07,1
2276,2023-08,1
2276,2023-09,1
2276,2023-10,1
2276,2023-11,1
2276,2023-12,1
2276,2024-01,1
2276,2024-02,1
2276,2024-03,1
2276,2024-04,1
2276,2024-05,1
2276,2024-06,1
2276,2024-07,1
2276,2024-08,1
2276,2024-09,1
2276,2024-10,1
2276,2024-11,1
2276,2024-12,1
2278,2023-01,1
2278,2023-02,1
2278,2023-03,1
2278,2023-04,1
2278,2023-05,1
2278,2023-06,1
2278,2023-07,1
2278,2023-08,1
2278,2023-09,1
2278,2023-10,1
2278,2023-11,1
2278,2023-12,1
2278,2024-01,1
2278,2024-02,1
2278,2024-03,1
2278,2024-04,1
2278,2024-05,1
2278,2024-06,1
2278,2024-07,1
2278,2024-08,1
2278,2024-09,1
2278,2024-10,1
2278,2024-11,1
2278,2024-12,1
2279,2023-01,2
2279,2023-02,2
2279,2023-03,2
2279,2023-04,2
2279,2023-05,2
2279,2023-06,2
2279,2023-07,2
2279,2023-08,2
2279,2023-09,2
2279,2023-10,2
2279,2023-11,2
2279,2023-12,2
2279,2024-01,2
2279,2024-02,2
2279,2024-03,2
2279,2024-04,2
2279,2024-05,2
2279,2024-06,2
2279,2024-07,2
2279,2024-08,2
2279,2024-09,2
2279,2024-10,2
2279,2024-11,2
2279,2024-12,2
2280,2023-01,2
2280,2023-02,2
2280,2023-03,2
2280,2023-04,2
2280,2023-05,2
2280,2023-06,2
2280,2023-07,2
2280,2023-08,2
2280,2023-09,2
2280,2023-10,2
2280,2023-11,2
2280,2023-12,2
2280,2024-01,2
2280,2024-02,2
2280,2024-03,2
2280,2024-04,2
2280,2024-05,2
2280,2024-06,2
2280,2024-07,2
2280,2024-08,2
2280,2024-09,2
2280,2024-10,2
2280,2024-11,2
2280,2024-12,2
2281,2023-01,2
2281,2023-02,2
2281,2023-03,2
2281,2023-04,2
2281,2023-05,2
2281,2023-06,2
2281,2023-07,2
2281,2023-08,2
2281,2023-09,2
2281,2023-10,2
2281,2023-11,2
2281,2023-12,2
2281,2024-01,2
2281,2024-02,2
2281,2024-03,2
2281,2024-04,2
2281,2024-05,2
2281,2024-06,2
2281,2024-07,2
2281,2024-08,2
2281,2024-09,2
2281,2024-10,2
2281,2024-11,2
2281,2024-12,2
2282,2023-01,2
2282,2023-02,2
2282,2023-03,2
2282,2023-04,2
2282,2023-05,2
2282,2023-06,2
2282,2023-07,2
2282,2023-08,2
2282,2023-09,2
2282,2023-10,2
2282,2023-11,2
2282,2023-12,2
2282,2024-01,2
2282,2024-02,2
2282,2024-03,2
2282,2024-04,2
2282,2024-05,2
2282,2024-06,2
2282,2024-07,2
2282,2024-08,2
2282,2024-09,2
2282,2024-10,2
2282,2024-11,2
2282,2024-12,2
2286,2023-01,2
2286,2023-02,2
2286,2023-03,2
2286,2023-04,2
2286,2023-05,2
2286,2023-06,2
2286,2023-07,2
2286,2023-08,2
2286,2023-09,2
2286,2023-10,2
2286,2023-11,2
2286,2023-12,2
2286,2024-01,2
2286,2024-02,2
2286,2024-03,2
2286,2024-04,2
2286,2024-05,2
2286,2024-06,2
2286,2024-07,2
2286,2024-08,2
2286,2024-09,2
2286,2024-10,2
2286,2024-11,2
2286,2024-12,2
2287,2023-01,1
2287,2023-02,1
2287,2023-03,1
2287,2023-04,2
2287,2023-05,2
2287,2023-06,2
2287,2023-07,2
2287,2023-08,2
2287,2023-09,2
2287,2023-10,2
2287,2023-11,2
2287,2023-12,2
2287,2024-01,2
2287,2024-02,2
2287,2024-03,2
2287,2024-04,2
2287,2024-05,2
2287,2024-06,2
2287,2024-07,2
2287,2024-08,2
2287,2024-09,2
2287,2024-10,2
2287,2024-11,2
2287,2024-12,1
2288,2023-01,2
2288,2023-02,2
2288,2023-03,2
2288,2023-04,2
2288,2023-05,2
2288,2023-06,2
2288,2023-07,2
2288,2023-08,2
2288,2023-09,2
2288,2023-10,2
2288,2023-11,2
2288,2023-12,2
2288,2024-01,2
2288,2024-02,2
2288,2024-03,2
2288,2024-04,2
2288,2024-05,2
2288,2024-06,2
2288,2024-07,2
2288,2024-08,2
2288,2024-09,2
2288,2024-10,2
2288,2024-11,2
2288,2024-12,2
2289,2023-01,2
2289,2023-02,2
2289,2023-03,2
2289,2023-04,2
2289,2023-05,2
2289,2023-06,2
2289,2023-07,2
2289,2023-08,2
2289,2023-09,2
2289,2023-10,2
2289,2023-11,2
2289,2023-12,2
2289,2024-01,2
2289,2024-02,2
2289,2024-03,2
2289,2024-04,2
2289,2024-05,2
2289,2024-06,2
2289,2024-07,2
2289,2024-08,2
2289,2024-09,2
2289,2024-10,2
2289,2024-11,2
2289,2024-12,2
2292,2023-01,1
2292,2023-02,1
2292,2023-03,1
2292,2023-04,1
2292,2023-05,1
2292,2023-06,1
2292,2023-07,1
2292,2023-08,1
2292,2023-09,1
2292,2023-10,1
2292,2023-11,1
2292,2023-12,1
2292,2024-01,1
2292,2024-02,1
2292,2024-03,1
2292,2024-04,1
2292,2024-05,1
2292,2024-06,1
2292,2024-07,1
2292,2024-08,1
2292,2024-09,1
2292,2024-10,1
2292,2024-11,1
2292,2024-12,1
2293,2023-01,2
2293,2023-02,2
2293,2023-03,2
2293,2023-04,2
2293,2023-05,2
2293,2023-06,2
2293,2023-07,2
2293,2023-08,2
2293,2023-09,2
2293,2023-10,2
2293,2023-11,2
2293,2023-12,2
2293,2024-01,2
2293,2024-02,2
2293,2024-03,2
2293,2024-04,2
2293,2024-05,2
2293,2024-06,2
2293,2024-07,2
2293,2024-08,2
2293,2024-09,2
2293,2024-10,2
2293,2024-11,2
2293,2024-12,2
2294,2023-01,1
2294,2023-02,1
2294,2023-03,1
2294,2023-04,1
2294,2023-05,1
2294,2023-06,1
2294,2023-07,1
2294,2023-08,1
2294,2023-09,1
2294,2023-10,1
2294,2023-11,1
2294,2023-12,1
2294,2024-01,1
2294,2024-02,1
2294,2024-03,1
2294,2024-04,1
2294,2024-05,1
2294,2024-06,1
2294,2024-07,1
2294,2024-08,1
2294,2024-09,1
2294,2024-10,1
2294,2024-11,1
2294,2024-12,1
2295,2023-01,1
2295,2023-02,1
2295,2023-03,1
2295,2023-04,1
2295,2023-05,1
2295,2023-06,1
2295,2023-07,1
2295,2023-08,1
2295,2023-09,1
2295,2023-10,1
2295,2023-11,1
2295,2023-12,1
2295,2024-01,1
2295,2024-02,1
2295,2024-03,1
2295,2024-04,1
2295,2024-05,1
2295,2024-06,1
2295,2024-07,1
2295,2024-08,1
2295,2024-09,1
2295,2024-10,1
2295,2024-11,1
2295,2024-12,1
2296,2023-01,1
2296,2023-02,1
2296,2023-03,1
2296,2023-04,1
2296,2023-05,1
2296,2023-06,1
2296,2023-07,1
2296,2023-08,1
2296,2023-09,1
2296,2023-10,1
2296,2023-11,1
2296,2023-12,1
2296,2024-01,1
2296,2024-02,1
2296,2024-03,1
2296,2024-04,1
2296,2024-05,1
2296,2024-06,1
2296,2024-07,1
2296,2024-08,1
2296,2024-09,1
2296,2024-10,1
2296,2024-11,1
2296,2024-12,1
2297,2023-01,2
2297,2023-02,2
2297,2023-03,2
2297,2023-04,2
2297,2023-05,2
2297,2023-06,1
2297,2023-07,1
2297,2023-08,1
2297,2023-09,2
2297,2023-10,1
2297,2023-11,2
2297,2023-12,2
2297,2024-01,1
2297,2024-02,1
2297,2024-03,2
2297,2024-04,2
2297,2024-05,2
2297,2024-06,2
2297,2024-07,1
2297,2024-08,1
2297,2024-09,2
2297,2024-10,2
2297,2024-11,2
2297,2024-12,2
2298,2023-01,1
2298,2023-02,1
2298,2023-03,1
2298,2023-04,1
2298,2023-05,1
2298,2023-06,1
2298,2023-07,1
2298,2023-08,1
2298,2023-09,1
2298,2023-10,1
2298,2023-11,1
2298,2023-12,1
2298,2024-01,1
2298,2024-02,1
2298,2024-03,1
2298,2024-04,1
2298,2024-05,1
2298,2024-06,1
2298,2024-07,1
2298,2024-08,1
2298,2024-09,1
2298,2024-10,1
2298,2024-11,1
2298,2024-12,1
2299,2023-01,1
2299,2023-02,1
2299,2023-03,1
2299,2023-04,1
2299,2023-05,1
2299,2023-06,1
2299,2023-07,1
2299,2023-08,1
2299,2023-09,1
2299,2023-10,1
2299,2023-11,1
2299,2023-12,1
2299,2024-01,1
2299,2024-02,1
2299,2024-03,1
2299,2024-04,1
2299,2024-05,1
2299,2024-06,1
2299,2024-07,1
2299,2024-08,1
2299,2024-09,1
2299,2024-10,1
2299,2024-11,1
2299,2024-12,1
2300,2023-01,1
2300,2023-02,1
2300,2023-03,1
2300,2023-04,1
2300,2023-05,1
2300,2023-06,1
2300,2023-07,1
2300,2023-08,1
2300,2023-09,1
2300,2023-10,1
2300,2023-11,1
2300,2023-12,1
2300,2024-01,1
2300,2024-02,1
2300,2024-03,1
2300,2024-04,1
2300,2024-05,1
2300,2024-06,1
2300,2024-07,1
2300,2024-08,1
2300,2024-09,1
2300,2024-10,1
2300,2024-11,1
2300,2024-12,1
2301,2023-01,1
2301,2023-02,1
2301,2023-03,1
2301,2023-04,1
2301,2023-05,2
2301,2023-06,1
2301,2023-07,2
2301,2023-08,2
2301,2023-09,2
2301,2023-10,2
2301,2023-11,2
2301,2023-12,2
2301,2024-01,2
2301,2024-02,2
2301,2024-03,2
2301,2024-04,2
2301,2024-05,2
2301,2024-06,2
2301,2024-07,2
2301,2024-08,2
2301,2024-09,2
2301,2024-10,2
2301,2024-11,1
2301,2024-12,1
2302,2023-01,1
2302,2023-02,1
2302,2023-03,1
2302,2023-04,1
2302,2023-05,1
2302,2023-06,1
2302,2023-07,1
2302,2023-08,1
2302,2023-09,1
2302,2023-10,1
2302,2023-11,1
2302,2023-12,1
2302,2024-01,1
2302,2024-02,1
2302,2024-03,1
2302,2024-04,1
2302,2024-05,1
2302,2024-06,1
2302,2024-07,1
2302,2024-08,1
2302,2024-09,1
2302,2024-10,1
2302,2024-11,1
2302,2024-12,1
2303,2023-01,2
2303,2023-02,2
2303,2023-03,2
2303,2023-04,2
2303,2023-05,2
2303,2023-06,2
2303,2023-07,2
2303,2023-08,2
2303,2023-09,2
2303,2023-10,2
2303,2023-11,2
2303,2023-12,2
2303,2024-01,2
2303,2024-02,2
2303,2024-03,2
2303,2024-04,2
2303,2024-05,2
2303,2024-06,2
2303,2024-07,2
2303,2024-08,2
2303,2024-09,2
2303,2024-10,2
2303,2024-11,2
2303,2024-12,2
2304,2023-01,1
2304,2023-02,1
2304,2023-03,1
2304,2023-04,1
2304,2023-05,1
2304,2023-06,1
2304,2023-07,1
2304,2023-08,1
2304,2023-09,1
2304,2023-10,1
2304,2023-11,1
2304,2023-12,1
2304,2024-01,1
2304,2024-02,1
2304,2024-03,1
2304,2024-04,1
2304,2024-05,1
2304,2024-06,1
2304,2024-07,1
2304,2024-08,1
2304,2024-09,1
2304,2024-10,1
2304,2024-11,1
2304,2024-12,1
2305,2023-01,1
2305,2023-02,1
2305,2023-03,1
2305,2023-04,1
2305,2023-05,1
2305,2023-06,1
2305,2023-07,1
2305,2023-08,1
2305,2023-09,1
2305,2023-10,1
2305,2023-11,1
2305,2023-12,1
2305,2024-01,1
2305,2024-02,1
2305,2024-03,1
2305,2024-04,1
2305,2024-05,1
2305,2024-06,1
2305,2024-07,1
2305,2024-08,1
2305,2024-09,1
2305,2024-10,1
2305,2024-11,1
2305,2024-12,1
2307,2023-01,1
2307,2023-02,1
2307,2023-03,1
2307,2023-04,1
2307,2023-05,1
2307,2023-06,1
2307,2023-07,1
2307,2023-08,1
2307,2023-09,1
2307,2023-10,1
2307,2023-11,1
2307,2023-12,1
2307,2024-01,1
2307,2024-02,1
2307,2024-03,1
2307,2024-04,1
2307,2024-05,1
2307,2024-06,1
2307,2024-07,1
2307,2024-08,1
2307,2024-09,1
2307,2024-10,1
2307,2024-11,1
2307,2024-12,1
2308,2023-01,1
2308,2023-02,1
2308,2023-03,1
2308,2023-04,1
2308,2023-05,1
2308,2023-06,1
2308,2023-07,1
2308,2023-08,1
2308,2023-09,1
2308,2023-10,1
2308,2023-11,1
2308,2023-12,1
2308,2024-01,1
2308,2024-02,1
2308,2024-03,1
2308,2024-04,1
2308,2024-05,1
2308,2024-06,1
2308,2024-07,1
2308,2024-08,1
2308,2024-09,1
2308,2024-10,1
2308,2024-11,1
2308,2024-12,1
2309,2023-01,1
2309,2023-02,1
2309,2023-03,1
2309,2023-04,1
2309,2023-05,1
2309,2023-06,1
2309,2023-07,1
2309,2023-08,1
2309,2023-09,1
2309,2023-10,1
2309,2023-11,1
2309,2023-12,1
2309,2024-01,1
2309,2024-02,1
2309,2024-03,1
2309,2024-04,1
2309,2024-05,1
2309,2024-06,1
2309,2024-07,1
2309,2024-08,1
2309,2024-09,1
2309,2024-10,1
2309,2024-11,1
2309,2024-12,1
2310,2023-01,1
2310,2023-02,1
2310,2023-03,1
2310,2023-04,1
2310,2023-05,1
2310,2023-06,1
2310,2023-07,1
2310,2023-08,1
2310,2023-09,1
2310,2023-10,1
2310,2023-11,1
2310,2023-12,1
2310,2024-01,1
2310,2024-02,1
2310,2024-03,1
2310,2024-04,1
2310,2024-05,1
2310,2024-06,1
2310,2024-07,1
2310,2024-08,1
2310,2024-09,1
2310,2024-10,1
2310,2024-11,1
2310,2024-12,1
2311,2023-01,2
2311,2023-02,2
2311,2023-03,2
2311,2023-04,2
2311,2023-05,2
2311,2023-06,2
2311,2023-07,2
2311,2023-08,2
2311,2023-09,2
2311,2023-10,2
2311,2023-11,2
2311,2023-12,2
2311,2024-01,2
2311,2024-02,2
2311,2024-03,2
2311,2024-04,2
2311,2024-05,2
2311,2024-06,2
2311,2024-07,2
2311,2024-08,2
2311,2024-09,2
2311,2024-10,2
2311,2024-11,2
2311,2024-12,2
2312,2023-01,2
2312,2023-02,2
2312,2023-03,2
2312,2023-04,2
2312,2023-05,2
2312,2023-06,2
2312,2023-07,2
2312,2023-08,2
2312,2023-09,2
2312,2023-10,2
2312,2023-11,2
2312,2023-12,2
2312,2024-01,2
2312,2024-02,2
2312,2024-03,2
2312,2024-04,2
2312,2024-05,2
2312,2024-06,2
2312,2024-07,2
2312,2024-08,2
2312,2024-09,2
2312,2024-10,2
2312,2024-11,2
2312,2024-12,2
2314,2023-01,1
2314,2023-02,1
2314,2023-03,1
2314,2023-04,1
2314,2023-05,1
2314,2023-06,1
2314,2023-07,1
2314,2023-08,1
2314,2023-09,1
2314,2023-10,1
2314,2023-11,1
2314,2023-12,1
2314,2024-01,1
2314,2024-02,1
2314,2024-03,1
2314,2024-04,1
2314,2024-05,1
2314,2024-06,1
2314,2024-07,1
2314,2024-08,1
2314,2024-09,1
2314,2024-10,1
2314,2024-11,1
2314,2024-12,1
2315,2023-01,1
2315,2023-02,1
2315,2023-03,1
2315,2023-04,1
2315,2023-05,1
2315,2023-06,1
2315,2023-07,1
2315,2023-08,1
2315,2023-09,1
2315,2023-10,1
2315,2023-11,1
2315,2023-12,1
2315,2024-01,1
2315,2024-02,1
2315,2024-03,1
2315,2024-04,1
2315,2024-05,1
2315,2024-06,1
2315,2024-07,1
2315,2024-08,1
2315,2024-09,1
2315,2024-10,1
2315,2024-11,1
2315,2024-12,1
2316,2023-01,1
2316,2023-02,1
2316,2023-03,1
2316,2023-04,1
2316,2023-05,1
2316,2023-06,1
2316,2023-07,1
2316,2023-08,1
2316,2023-09,1
2316,2023-10,1
2316,2023-11,1
2316,2023-12,1
2316,2024-01,1
2316,2024-02,1
2316,2024-03,1
2316,2024-04,1
2316,2024-05,1
2316,2024-06,1
2316,2024-07,1
2316,2024-08,1
2316,2024-09,1
2316,2024-10,1
2316,2024-11,1
2316,2024-12,1
2317,2023-01,1
2317,2023-02,1
2317,2023-03,1
2317,2023-04,1
2317,2023-05,1
2317,2023-06,1
2317,2023-07,1
2317,2023-08,1
2317,2023-09,1
2317,2023-10,1
2317,2023-11,1
2317,2023-12,1
2317,2024-01,1
2317,2024-02,1
2317,2024-03,1
2317,2024-04,1
2317,2024-05,1
2317,2024-06,1
2317,2024-07,1
2317,2024-08,1
2317,2024-09,1
2317,2024-10,1
2317,2024-11,1
2317,2024-12,1
2318,2023-01,2
2318,2023-02,2
2318,2023-03,2
2318,2023-04,4
2318,2023-05,4
2318,2023-06,4
2318,2023-07,4
2318,2023-08,4
2318,2023-09,4
2318,2023-10,4
2318,2023-11,2
2318,2023-12,2
2318,2024-01,2
2318,2024-02,4
2318,2024-03,4
2318,2024-04,4
2318,2024-05,4
2318,2024-06,4
2318,2024-07,4
2318,2024-08,4
2318,2024-09,4
2318,2024-10,2
2318,2024-11,2
2318,2024-12,2
2320,2023-01,2
2320,2023-02,2
2320,2023-03,2
2320,2023-04,2
2320,2023-05,2
2320,2023-06,2
2320,2023-07,2
2320,2023-08,2
2320,2023-09,2
2320,2023-10,2
2320,2023-11,2
2320,2023-12,2
2320,2024-01,2
2320,2024-02,2
2320,2024-03,2
2320,2024-04,2
2320,2024-05,2
2320,2024-06,2
2320,2024-07,2
2320,2024-08,2
2320,2024-09,2
2320,2024-10,2
2320,2024-11,2
2320,2024-12,2
2321,2023-01,1
2321,2023-02,1
2321,2023-03,1
2321,2023-04,1
2321,2023-05,1
2321,2023-06,1
2321,2023-07,1
2321,2023-08,1
2321,2023-09,1
2321,2023-10,1
2321,2023-11,1
2321,2023-12,1
2321,2024-01,1
2321,2024-02,1
2321,2024-03,1
2321,2024-04,1
2321,2024-05,1
2321,2024-06,1
2321,2024-07,1
2321,2024-08,1
2321,2024-09,1
2321,2024-10,1
2321,2024-11,1
2321,2024-12,1
2322,2023-01,1
2322,2023-02,1
2322,2023-03,1
2322,2023-04,1
2322,2023-05,1
2322,2023-06,1
2322,2023-07,1
2322,2023-08,1
2322,2023-09,1
2322,2023-10,1
2322,2023-11,1
2322,2023-12,1
2322,2024-01,1
2322,2024-02,1
2322,2024-03,1
2322,2024-04,1
2322,2024-05,1
2322,2024-06,1
2322,2024-07,1
2322,2024-08,1
2322,2024-09,1
2322,2024-10,1
2322,2024-11,1
2322,2024-12,1
2323,2023-01,1
2323,2023-02,1
2323,2023-03,1
2323,2023-04,1
2323,2023-05,1
2323,2023-06,1
2323,2023-07,1
2323,2023-08,1
2323,2023-09,1
2323,2023-10,1
2323,2023-11,1
2323,2023-12,1
2323,2024-01,1
2323,2024-02,1
2323,2024-03,1
2323,2024-04,1
2323,2024-05,1
2323,2024-06,1
2323,2024-07,1
2323,2024-08,1
2323,2024-09,1
2323,2024-10,1
2323,2024-11,1
2323,2024-12,1
2324,2023-01,1
2324,2023-02,1
2324,2023-03,1
2324,2023-04,1
2324,2023-05,1
2324,2023-06,1
2324,2023-07,1
2324,2023-08,1
2324,2023-09,1
2324,2023-10,1
2324,2023-11,1
2324,2023-12,1
2324,2024-01,1
2324,2024-02,1
2324,2024-03,1
2324,2024-04,1
2324,2024-05,1
2324,2024-06,1
2324,2024-07,1
2324,2024-08,1
2324,2024-09,1
2324,2024-10,1
2324,2024-11,1
2324,2024-12,1
2325,2023-01,1
2325,2023-02,1
2325,2023-03,1
2325,2023-04,1
2325,2023-05,1
2325,2023-06,1
2325,2023-07,1
2325,2023-08,1
2325,2023-09,1
2325,2023-10,1
2325,2023-11,1
2325,2023-12,1
2325,2024-01,1
2325,2024-02,1
2325,2024-03,1
2325,2024-04,1
2325,2024-05,1
2325,2024-06,1
2325,2024-07,1
2325,2024-08,1
2325,2024-09,1
2325,2024-10,1
2325,2024-11,1
2325,2024-12,1
2326,2023-01,1
2326,2023-02,1
2326,2023-03,1
2326,2023-04,1
2326,2023-05,1
2326,2023-06,1
2326,2023-07,1
2326,2023-08,1
2326,2023-09,1
2326,2023-10,1
2326,2023-11,1
2326,2023-12,1
2326,2024-01,1
2326,2024-02,1
2326,2024-03,1
2326,2024-04,1
2326,2024-05,1
2326,2024-06,1
2326,2024-07,1
2326,2024-08,1
2326,2024-09,1
2326,2024-10,1
2326,2024-11,1
2326,2024-12,1
2327,2023-01,1
2327,2023-02,1
2327,2023-03,1
2327,2023-04,1
2327,2023-05,1
2327,2023-06,1
2327,2023-07,1
2327,2023-08,1
2327,2023-09,1
2327,2023-10,1
2327,2023-11,1
2327,2023-12,1
2327,2024-01,1
2327,2024-02,1
2327,2024-03,1
2327,2024-04,1
2327,2024-05,1
2327,2024-06,1
2327,2024-07,1
2327,2024-08,1
2327,2024-09,1
2327,2024-10,1
2327,2024-11,1
2327,2024-12,1
2328,2023-01,1
2328,2023-02,1
2328,2023-03,1
2328,2023-04,1
2328,2023-05,1
2328,2023-06,1
2328,2023-07,1
2328,2023-08,1
2328,2023-09,1
2328,2023-10,1
2328,2023-11,1
2328,2023-12,1
2328,2024-01,1
2328,2024-02,1
2328,2024-03,1
2328,2024-04,1
2328,2024-05,1
2328,2024-06,1
2328,2024-07,1
2328,2024-08,1
2328,2024-09,1
2328,2024-10,1
2328,2024-11,1
2328,2024-12,1
2329,2023-01,1
2329,2023-02,1
2329,2023-03,1
2329,2023-04,1
2329,2023-05,1
2329,2023-06,1
2329,2023-07,1
2329,2023-08,1
2329,2023-09,1
2329,2023-10,1
2329,2023-11,1
2329,2023-12,1
2329,2024-01,1
2329,2024-02,1
2329,2024-03,1
2329,2024-04,1
2329,2024-05,1
2329,2024-06,1
2329,2024-07,1
2329,2024-08,1
2329,2024-09,1
2329,2024-10,1
2329,2024-11,1
2329,2024-12,1
2330,2023-01,1
2330,2023-02,1
2330,2023-03,1
2330,2023-04,1
2330,2023-05,1
2330,2023-06,1
2330,2023-07,1
2330,2023-08,1
2330,2023-09,1
2330,2023-10,1
2330,2023-11,1
2330,2023-12,1
2330,2024-01,1
2330,2024-02,1
2330,2024-03,1
2330,2024-04,1
2330,2024-05,1
2330,2024-06,1
2330,2024-07,1
2330,2024-08,1
2330,2024-09,1
2330,2024-10,1
2330,2024-11,1
2330,2024-12,1
2332,2023-01,1
2332,2023-02,1
2332,2023-03,1
2332,2023-04,1
2332,2023-05,1
2332,2023-06,1
2332,2023-07,1
2332,2023-08,1
2332,2023-09,1
2332,2023-10,1
2332,2023-11,1
2332,2023-12,1
2332,2024-01,1
2332,2024-02,1
2332,2024-03,1
2332,2024-04,1
2332,2024-05,1
2332,2024-06,1
2332,2024-07,1
2332,2024-08,1
2332,2024-09,1
2332,2024-10,1
2332,2024-11,1
2332,2024-12,1
2333,2023-01,2
2333,2023-02,2
2333,2023-03,2
2333,2023-04,2
2333,2023-05,2
2333,2023-06,2
2333,2023-07,2
2333,2023-08,2
2333,2023-09,2
2333,2023-10,2
2333,2023-11,2
2333,2023-12,2
2333,2024-01,2
2333,2024-02,2
2333,2024-03,2
2333,2024-04,2
2333,2024-05,2
2333,2024-06,2
2333,2024-07,2
2333,2024-08,2
2333,2024-09,2
2333,2024-10,2
2333,2024-11,2
2333,2024-12,2
2334,2023-01,1
2334,2023-02,1
2334,2023-03,1
2334,2023-04,1
2334,2023-05,1
2334,2023-06,1
2334,2023-07,1
2334,2023-08,1
2334,2023-09,1
2334,2023-10,1
2334,2023-11,1
2334,2023-12,1
2334,2024-01,1
2334,2024-02,1
2334,2024-03,1
2334,2024-04,1
2334,2024-05,1
2334,2024-06,1
2334,2024-07,1
2334,2024-08,1
2334,2024-09,2
2334,2024-10,2
2334,2024-11,2
2334,2024-12,2
2335,2023-01,2
2335,2023-02,2
2335,2023-03,2
2335,2023-04,2
2335,2023-05,2
2335,2023-06,2
2335,2023-07,2
2335,2023-08,2
2335,2023-09,2
2335,2023-10,2
2335,2023-11,2
2335,2023-12,2
2335,2024-01,2
2335,2024-02,2
2335,2024-03,2
2335,2024-04,2
2335,2024-05,2
2335,2024-06,2
2335,2024-07,2
2335,2024-08,2
2335,2024-09,2
2335,2024-10,2
2335,2024-11,2
2335,2024-12,2
2336,2023-01,1
2336,2023-02,1
2336,2023-03,1
2336,2023-04,2
2336,2023-05,2
2336,2023-06,2
2336,2023-07,2
2336,2023-08,2
2336,2023-09,2
2336,2023-10,2
2336,2023-11,2
2336,2023-12,2
2336,2024-01,2
2336,2024-02,2
2336,2024-03,2
2336,2024-04,2
2336,2024-05,2
2336,2024-06,2
2336,2024-07,2
2336,2024-08,2
2336,2024-09,2
2336,2024-10,2
2336,2024-11,2
2336,2024-12,2
2337,2023-01,2
2337,2023-02,2
2337,2023-03,2
2337,2023-04,2
2337,2023-05,2
2337,2023-06,2
2337,2023-07,2
2337,2023-08,2
2337,2023-09,2
2337,2023-10,2
2337,2023-11,2
2337,2023-12,2
2337,2024-01,2
2337,2024-02,2
2337,2024-03,2
2337,2024-04,4
2337,2024-05,4
2337,2024-06,4
2337,2024-07,4
2337,2024-08,2
2337,2024-09,2
2337,2024-10,2
2337,2024-11,2
2337,2024-12,2
2338,2023-01,3
2338,2023-02,3
2338,2023-03,3
2338,2023-04,3
2338,2023-05,3
2338,2023-06,3
2338,2023-07,3
2338,2023-08,3
2338,2023-09,3
2338,2023-10,3
2338,2023-11,3
2338,2023-12,3
2338,2024-01,3
2338,2024-02,3
2338,2024-03,3
2338,2024-04,3
2338,2024-05,3
2338,2024-06,3
2338,2024-07,3
2338,2024-08,3
2338,2024-09,3
2338,2024-10,3
2338,2024-11,3
2338,2024-12,3
2339,2023-01,3
2339,2023-02,3
2339,2023-03,3
2339,2023-04,3
2339,2023-05,3
2339,2023-06,3
2339,2023-07,3
2339,2023-08,3
2339,2023-09,3
2339,2023-10,3
2339,2023-11,3
2339,2023-12,3
2339,2024-01,3
2339,2024-02,3
2339,2024-03,3
2339,2024-04,3
2339,2024-05,3
2339,2024-06,3
2339,2024-07,3
2339,2024-08,3
2339,2024-09,3
2339,2024-10,3
2339,2024-11,3
2339,2024-12,3
2340,2023-01,3
2340,2023-02,3
2340,2023-03,3
2340,2023-04,3
2340,2023-05,3
2340,2023-06,3
2340,2023-07,3
2340,2023-08,3
2340,2023-09,3
2340,2023-10,3
2340,2023-11,3
2340,2023-12,3
2340,2024-01,3
2340,2024-02,3
2340,2024-03,3
2340,2024-04,3
2340,2024-05,3
2340,2024-06,3
2340,2024-07,3
2340,2024-08,3
2340,2024-09,3
2340,2024-10,3
2340,2024-11,3
2340,2024-12,3
2341,2023-01,3
2341,2023-02,3
2341,2023-03,3
2341,2023-04,3
2341,2023-05,3
2341,2023-06,3
2341,2023-07,3
2341,2023-08,3
2341,2023-09,3
2341,2023-10,3
2341,2023-11,3
2341,2023-12,3
2341,2024-01,3
2341,2024-02,3
2341,2024-03,3
2341,2024-04,3
2341,2024-05,3
2341,2024-06,3
2341,2024-07,3
2341,2024-08,3
2341,2024-09,3
2341,2024-10,3
2341,2024-11,3
2341,2024-12,3
2342,2023-01,3
2342,2023-02,3
2342,2023-03,3
2342,2023-04,3
2342,2023-05,3
2342,2023-06,3
2342,2023-07,3
2342,2023-08,3
2342,2023-09,3
2342,2023-10,3
2342,2023-11,3
2342,2023-12,3
2342,2024-01,3
2342,2024-02,3
2342,2024-03,3
2342,2024-04,3
2342,2024-05,3
2342,2024-06,3
2342,2024-07,3
2342,2024-08,3
2342,2024-09,3
2342,2024-10,3
2342,2024-11,3
2342,2024-12,3
2343,2023-01,3
2343,2023-02,3
2343,2023-03,3
2343,2023-04,3
2343,2023-05,3
2343,2023-06,3
2343,2023-07,3
2343,2023-08,3
2343,2023-09,3
2343,2023-10,3
2343,2023-11,3
2343,2023-12,3
2343,2024-01,3
2343,2024-02,3
2343,2024-03,3
2343,2024-04,3
2343,2024-05,3
2343,2024-06,3
2343,2024-07,3
2343,2024-08,3
2343,2024-09,3
2343,2024-10,3
2343,2024-11,3
2343,2024-12,3
2344,2023-01,2
2344,2023-02,2
2344,2023-03,2
2344,2023-04,2
2344,2023-05,4
2344,2023-06,4
2344,2023-07,4
2344,2023-08,4
2344,2023-09,4
2344,2023-10,4
2344,2023-11,4
2344,2023-12,4
2344,2024-01,4
2344,2024-02,4
2344,2024-03,4
2344,2024-04,4
2344,2024-05,4
2344,2024-06,4
2344,2024-07,4
2344,2024-08,4
2344,2024-09,4
2344,2024-10,4
2344,2024-11,4
2344,2024-12,4
2345,2023-01,3
2345,2023-02,3
2345,2023-03,3
2345,2023-04,3
2345,2023-05,3
2345,2023-06,3
2345,2023-07,3
2345,2023-08,3
2345,2023-09,3
2345,2023-10,3
2345,2023-11,3
2345,2023-12,3
2345,2024-01,3
2345,2024-02,3
2345,2024-03,3
2345,2024-04,3
2345,2024-05,3
2345,2024-06,3
2345,2024-07,3
2345,2024-08,3
2345,2024-09,3
2345,2024-10,3
2345,2024-11,3
2345,2024-12,3
2348,2023-01,3
2348,2023-02,3
2348,2023-03,3
2348,2023-04,3
2348,2023-05,3
2348,2023-06,2
2348,2023-07,2
2348,2023-08,2
2348,2023-09,3
2348,2023-10,3
2348,2023-11,3
2348,2023-12,3
2348,2024-01,3
2348,2024-02,3
2348,2024-03,3
2348,2024-04,3
2348,2024-05,3
2348,2024-06,4
2348,2024-07,4
2348,2024-08,4
2348,2024-09,3
2348,2024-10,3
2348,2024-11,3
2348,2024-12,3
2349,2023-01,3
2349,2023-02,3
2349,2023-03,3
2349,2023-04,3
2349,2023-05,3
2349,2023-06,3
2349,2023-07,3
2349,2023-08,3
2349,2023-09,3
2349,2023-10,3
2349,2023-11,3
2349,2023-12,3
2349,2024-01,3
2349,2024-02,3
2349,2024-03,3
2349,2024-04,3
2349,2024-05,3
2349,2024-06,3
2349,2024-07,3
2349,2024-08,3
2349,2024-09,3
2349,2024-10,3
2349,2024-11,3
2349,2024-12,3
2351,2023-01,4
2351,2023-02,4
2351,2023-03,4
2351,2023-04,4
2351,2023-05,4
2351,2023-06,4
2351,2023-07,4
2351,2023-08,4
2351,2023-09,4
2351,2023-10,4
2351,2023-11,4
2351,2023-12,4
2351,2024-01,4
2351,2024-02,4
2351,2024-03,4
2351,2024-04,4
2351,2024-05,4
2351,2024-06,4
2351,2024-07,4
2351,2024-08,4
2351,2024-09,4
2351,2024-10,4
2351,2024-11,4
2351,2024-12,4
2352,2023-01,4
2352,2023-02,4
2352,2023-03,4
2352,2023-04,4
2352,2023-05,4
2352,2023-06,4
2352,2023-07,4
2352,2023-08,4
2352,2023-09,4
2352,2023-10,4
2352,2023-11,4
2352,2023-12,4
2352,2024-01,4
2352,2024-02,4
2352,2024-03,4
2352,2024-04,4
2352,2024-05,4
2352,2024-06,4
2352,2024-07,4
2352,2024-08,4
2352,2024-09,4
2352,2024-10,4
2352,2024-11,4
2352,2024-12,4
2353,2023-01,4
2353,2023-02,4
2353,2023-03,4
2353,2023-04,4
2353,2023-05,4
2353,2023-06,4
2353,2023-07,4
2353,2023-08,4
2353,2023-09,4
2353,2023-10,4
2353,2023-11,4
2353,2023-12,4
2353,2024-01,4
2353,2024-02,4
2353,2024-03,4
2353,2024-04,4
2353,2024-05,4
2353,2024-06,4
2353,2024-07,4
2353,2024-08,4
2353,2024-09,4
2353,2024-10,4
2353,2024-11,4
2353,2024-12,4
2354,2023-01,4
2354,2023-02,4
2354,2023-03,4
2354,2023-04,4
2354,2023-05,4
2354,2023-06,4
2354,2023-07,4
2354,2023-08,4
2354,2023-09,4
2354,2023-10,4
2354,2023-11,4
2354,2023-12,4
2354,2024-01,4
2354,2024-02,4
2354,2024-03,4
2354,2024-04,4
2354,2024-05,4
2354,2024-06,4
2354,2024-07,4
2354,2024-08,4
2354,2024-09,4
2354,2024-10,4
2354,2024-11,4
2354,2024-12,4
2355,2023-01,4
2355,2023-02,4
2355,2023-03,4
2355,2023-04,4
2355,2023-05,4
2355,2023-06,4
2355,2023-07,4
2355,2023-08,4
2355,2023-09,4
2355,2023-10,4
2355,2023-11,4
2355,2023-12,4
2355,2024-01,4
2355,2024-02,4
2355,2024-03,4
2355,2024-04,4
2355,2024-05,4
2355,2024-06,4
2355,2024-07,4
2355,2024-08,4
2355,2024-09,4
2355,2024-10,4
2355,2024-11,4
2355,2024-12,4
2356,2023-01,4
2356,2023-02,4
2356,2023-03,4
2356,2023-04,4
2356,2023-05,4
2356,2023-06,4
2356,2023-07,4
2356,2023-08,4
2356,2023-09,4
2356,2023-10,4
2356,2023-11,4
2356,2023-12,4
2356,2024-01,4
2356,2024-02,4
2356,2024-03,4
2356,2024-04,4
2356,2024-05,4
2356,2024-06,4
2356,2024-07,4
2356,2024-08,4
2356,2024-09,4
2356,2024-10,4
2356,2024-11,4
2356,2024-12,4
2357,2023-01,4
2357,2023-02,4
2357,2023-03,4
2357,2023-04,4
2357,2023-05,4
2357,2023-06,4
2357,2023-07,4
2357,2023-08,4
2357,2023-09,4
2357,2023-10,4
2357,2023-11,4
2357,2023-12,4
2357,2024-01,4
2357,2024-02,4
2357,2024-03,4
2357,2024-04,4
2357,2024-05,4
2357,2024-06,4
2357,2024-07,4
2357,2024-08,4
2357,2024-09,4
2357,2024-10,4
2357,2024-11,4
2357,2024-12,4
2358,2023-01,4
2358,2023-02,4
2358,2023-03,4
2358,2023-04,4
2358,2023-05,4
2358,2023-06,4
2358,2023-07,4
2358,2023-08,4
2358,2023-09,4
2358,2023-10,4
2358,2023-11,4
2358,2023-12,4
2358,2024-01,4
2358,2024-02,4
2358,2024-03,4
2358,2024-04,4
2358,2024-05,4
2358,2024-06,4
2358,2024-07,4
2358,2024-08,4
2358,2024-09,4
2358,2024-10,4
2358,2024-11,4
2358,2024-12,4
2359,2023-01,4
2359,2023-02,4
2359,2023-03,4
2359,2023-04,4
2359,2023-05,4
2359,2023-06,4
2359,2023-07,4
2359,2023-08,4
2359,2023-09,4
2359,2023-10,4
2359,2023-11,4
2359,2023-12,4
2359,2024-01,4
2359,2024-02,4
2359,2024-03,4
2359,2024-04,4
2359,2024-05,4
2359,2024-06,4
2359,2024-07,4
2359,2024-08,4
2359,2024-09,4
2359,2024-10,4
2359,2024-11,4
2359,2024-12,4
2360,2023-01,4
2360,2023-02,4
2360,2023-03,4
2360,2023-04,4
2360,2023-05,4
2360,2023-06,4
2360,2023-07,4
2360,2023-08,4
2360,2023-09,4
2360,2023-10,4
2360,2023-11,4
2360,2023-12,4
2360,2024-01,4
2360,2024-02,4
2360,2024-03,4
2360,2024-04,4
2360,2024-05,4
2360,2024-06,4
2360,2024-07,4
2360,2024-08,4
2360,2024-09,4
2360,2024-10,4
2360,2024-11,4
2360,2024-12,4
2361,2023-01,4
2361,2023-02,4
2361,2023-03,4
2361,2023-04,4
2361,2023-05,4
2361,2023-06,4
2361,2023-07,4
2361,2023-08,4
2361,2023-09,4
2361,2023-10,4
2361,2023-11,4
2361,2023-12,4
2361,2024-01,4
2361,2024-02,4
2361,2024-03,4
2361,2024-04,4
2361,2024-05,4
2361,2024-06,4
2361,2024-07,4
2361,2024-08,4
2361,2024-09,4
2361,2024-10,4
2361,2024-11,4
2361,2024-12,4
2362,2023-01,2
2362,2023-02,2
2362,2023-03,2
2362,2023-04,4
2362,2023-05,4
2362,2023-06,4
2362,2023-07,4
2362,2023-08,4
2362,2023-09,4
2362,2023-10,4
2362,2023-11,4
2362,2023-12,4
2362,2024-01,4
2362,2024-02,4
2362,2024-03,4
2362,2024-04,4
2362,2024-05,4
2362,2024-06,4
2362,2024-07,4
2362,2024-08,4
2362,2024-09,4
2362,2024-10,4
2362,2024-11,4
2362,2024-12,4
2363,2023-01,4
2363,2023-02,4
2363,2023-03,4
2363,2023-04,4
2363,2023-05,4
2363,2023-06,4
2363,2023-07,4
2363,2023-08,4
2363,2023-09,4
2363,2023-10,4
2363,2023-11,4
2363,2023-12,4
2363,2024-01,4
2363,2024-02,4
2363,2024-03,4
2363,2024-04,4
2363,2024-05,4
2363,2024-06,4
2363,2024-07,4
2363,2024-08,4
2363,2024-09,4
2363,2024-10,4
2363,2024-11,4
2363,2024-12,4
2364,2023-01,4
2364,2023-02,4
2364,2023-03,4
2364,2023-04,4
2364,2023-05,4
2364,2023-06,4
2364,2023-07,4
2364,2023-08,4
2364,2023-09,4
2364,2023-10,4
2364,2023-11,4
2364,2023-12,4
2364,2024-01,4
2364,2024-02,4
2364,2024-03,4
2364,2024-04,4
2364,2024-05,4
2364,2024-06,4
2364,2024-07,4
2364,2024-08,4
2364,2024-09,4
2364,2024-10,4
2364,2024-11,4
2364,2024-12,4
2365,2023-01,4
2365,2023-02,4
2365,2023-03,4
2365,2023-04,4
2365,2023-05,4
2365,2023-06,4
2365,2023-07,4
2365,2023-08,4
2365,2023-09,4
2365,2023-10,4
2365,2023-11,4
2365,2023-12,4
2365,2024-01,4
2365,2024-02,4
2365,2024-03,4
2365,2024-04,4
2365,2024-05,4
2365,2024-06,4
2365,2024-07,4
2365,2024-08,4
2365,2024-09,4
2365,2024-10,4
2365,2024-11,4
2365,2024-12,4
2366,2023-01,4
2366,2023-02,4
2366,2023-03,4
2366,2023-04,4
2366,2023-05,4
2366,2023-06,4
2366,2023-07,4
2366,2023-08,4
2366,2023-09,4
2366,2023-10,4
2366,2023-11,4
2366,2023-12,4
2366,2024-01,4
2366,2024-02,4
2366,2024-03,4
2366,2024-04,4
2366,2024-05,4
2366,2024-06,4
2366,2024-07,4
2366,2024-08,4
2366,2024-09,4
2366,2024-10,4
2366,2024-11,4
2366,2024-12,4
2367,2023-01,4
2367,2023-02,4
2367,2023-03,4
2367,2023-04,4
2367,2023-05,4
2367,2023-06,4
2367,2023-07,4
2367,2023-08,4
2367,2023-09,4
2367,2023-10,4
2367,2023-11,4
2367,2023-12,4
2367,2024-01,4
2367,2024-02,4
2367,2024-03,4
2367,2024-04,4
2367,2024-05,4
2367,2024-06,4
2367,2024-07,4
2367,2024-08,4
2367,2024-09,4
2367,2024-10,4
2367,2024-11,4
2367,2024-12,4
2368,2023-01,4
2368,2023-02,4
2368,2023-03,4
2368,2023-04,4
2368,2023-05,4
2368,2023-06,4
2368,2023-07,4
2368,2023-08,4
2368,2023-09,4
2368,2023-10,4
2368,2023-11,4
2368,2023-12,4
2368,2024-01,4
2368,2024-02,4
2368,2024-03,4
2368,2024-04,4
2368,2024-05,4
2368,2024-06,4
2368,2024-07,4
2368,2024-08,4
2368,2024-09,4
2368,2024-10,4
2368,2024-11,4
2368,2024-12,4
2369,2023-01,4
2369,2023-02,4
2369,2023-03,4
2369,2023-04,4
2369,2023-05,4
2369,2023-06,4
2369,2023-07,4
2369,2023-08,4
2369,2023-09,4
2369,2023-10,4
2369,2023-11,4
2369,2023-12,4
2369,2024-01,4
2369,2024-02,4
2369,2024-03,4
2369,2024-04,4
2369,2024-05,4
2369,2024-06,4
2369,2024-07,4
2369,2024-08,4
2369,2024-09,4
2369,2024-10,4
2369,2024-11,4
2369,2024-12,4
2370,2023-01,4
2370,2023-02,4
2370,2023-03,4
2370,2023-04,4
2370,2023-05,4
2370,2023-06,4
2370,2023-07,4
2370,2023-08,4
2370,2023-09,4
2370,2023-10,4
2370,2023-11,4
2370,2023-12,4
2370,2024-01,4
2370,2024-02,4
2370,2024-03,4
2370,2024-04,4
2370,2024-05,4
2370,2024-06,4
2370,2024-07,4
2370,2024-08,4
2370,2024-09,4
2370,2024-10,4
2370,2024-11,4
2370,2024-12,4
2371,2023-01,4
2371,2023-02,4
2371,2023-03,4
2371,2023-04,4
2371,2023-05,4
2371,2023-06,4
2371,2023-07,4
2371,2023-08,4
2371,2023-09,4
2371,2023-10,4
2371,2023-11,4
2371,2023-12,4
2371,2024-01,4
2371,2024-02,4
2371,2024-03,4
2371,2024-04,4
2371,2024-05,4
2371,2024-06,4
2371,2024-07,4
2371,2024-08,4
2371,2024-09,4
2371,2024-10,4
2371,2024-11,4
2371,2024-12,4
2372,2023-01,4
2372,2023-02,4
2372,2023-03,4
2372,2023-04,4
2372,2023-05,4
2372,2023-06,4
2372,2023-07,4
2372,2023-08,4
2372,2023-09,4
2372,2023-10,4
2372,2023-11,4
2372,2023-12,4
2372,2024-01,4
2372,2024-02,4
2372,2024-03,4
2372,2024-04,4
2372,2024-05,4
2372,2024-06,4
2372,2024-07,4
2372,2024-08,4
2372,2024-09,4
2372,2024-10,4
2372,2024-11,4
2372,2024-12,4
2373,2023-01,4
2373,2023-02,4
2373,2023-03,4
2373,2023-04,4
2373,2023-05,4
2373,2023-06,4
2373,2023-07,4
2373,2023-08,4
2373,2023-09,4
2373,2023-10,4
2373,2023-11,4
2373,2023-12,4
2373,2024-01,4
2373,2024-02,4
2373,2024-03,4
2373,2024-04,4
2373,2024-05,4
2373,2024-06,4
2373,2024-07,4
2373,2024-08,4
2373,2024-09,4
2373,2024-10,4
2373,2024-11,4
2373,2024-12,4
2374,2023-01,4
2374,2023-02,4
2374,2023-03,4
2374,2023-04,4
2374,2023-05,4
2374,2023-06,4
2374,2023-07,4
2374,2023-08,4
2374,2023-09,4
2374,2023-10,4
2374,2023-11,4
2374,2023-12,4
2374,2024-01,4
2374,2024-02,4
2374,2024-03,4
2374,2024-04,4
2374,2024-05,4
2374,2024-06,4
2374,2024-07,4
2374,2024-08,4
2374,2024-09,4
2374,2024-10,4
2374,2024-11,4
2374,2024-12,4
2375,2023-01,4
2375,2023-02,4
2375,2023-03,4
2375,2023-04,4
2375,2023-05,4
2375,2023-06,4
2375,2023-07,4
2375,2023-08,4
2375,2023-09,4
2375,2023-10,4
2375,2023-11,4
2375,2023-12,4
2375,2024-01,4
2375,2024-02,4
2375,2024-03,4
2375,2024-04,4
2375,2024-05,4
2375,2024-06,4
2375,2024-07,4
2375,2024-08,4
2375,2024-09,4
2375,2024-10,4
2375,2024-11,4
2375,2024-12,4
2376,2023-01,4
2376,2023-02,4
2376,2023-03,4
2376,2023-04,4
2376,2023-05,4
2376,2023-06,4
2376,2023-07,4
2376,2023-08,4
2376,2023-09,4
2376,2023-10,4
2376,2023-11,4
2376,2023-12,4
2376,2024-01,4
2376,2024-02,4
2376,2024-03,4
2376,2024-04,4
2376,2024-05,4
2376,2024-06,4
2376,2024-07,4
2376,2024-08,4
2376,2024-09,4
2376,2024-10,4
2376,2024-11,4
2376,2024-12,4
2377,2023-01,4
2377,2023-02,4
2377,2023-03,4
2377,2023-04,4
2377,2023-05,4
2377,2023-06,4
2377,2023-07,4
2377,2023-08,4
2377,2023-09,4
2377,2023-10,4
2377,2023-11,4
2377,2023-12,4
2377,2024-01,4
2377,2024-02,4
2377,2024-03,4
2377,2024-04,4
2377,2024-05,4
2377,2024-06,4
2377,2024-07,4
2377,2024-08,4
2377,2024-09,4
2377,2024-10,4
2377,2024-11,4
2377,2024-12,4
2378,2023-01,4
2378,2023-02,4
2378,2023-03,4
2378,2023-04,4
2378,2023-05,4
2378,2023-06,4
2378,2023-07,4
2378,2023-08,4
2378,2023-09,4
2378,2023-10,4
2378,2023-11,4
2378,2023-12,4
2378,2024-01,4
2378,2024-02,4
2378,2024-03,4
2378,2024-04,4
2378,2024-05,4
2378,2024-06,4
2378,2024-07,4
2378,2024-08,4
2378,2024-09,4
2378,2024-10,4
2378,2024-11,4
2378,2024-12,4
2379,2023-01,4
2379,2023-02,4
2379,2023-03,4
2379,2023-04,4
2379,2023-05,4
2379,2023-06,4
2379,2023-07,4
2379,2023-08,4
2379,2023-09,4
2379,2023-10,4
2379,2023-11,4
2379,2023-12,4
2379,2024-01,4
2379,2024-02,4
2379,2024-03,4
2379,2024-04,4
2379,2024-05,4
2379,2024-06,4
2379,2024-07,4
2379,2024-08,4
2379,2024-09,4
2379,2024-10,4
2379,2024-11,4
2379,2024-12,4
2380,2023-01,4
2380,2023-02,4
2380,2023-03,4
2380,2023-04,4
2380,2023-05,4
2380,2023-06,4
2380,2023-07,4
2380,2023-08,4
2380,2023-09,4
2380,2023-10,4
2380,2023-11,4
2380,2023-12,4
2380,2024-01,4
2380,2024-02,4
2380,2024-03,4
2380,2024-04,4
2380,2024-05,4
2380,2024-06,4
2380,2024-07,4
2380,2024-08,4
2380,2024-09,4
2380,2024-10,4
2380,2024-11,4
2380,2024-12,4
2381,2023-01,4
2381,2023-02,4
2381,2023-03,4
2381,2023-04,4
2381,2023-05,4
2381,2023-06,4
2381,2023-07,4
2381,2023-08,4
2381,2023-09,4
2381,2023-10,4
2381,2023-11,4
2381,2023-12,4
2381,2024-01,4
2381,2024-02,4
2381,2024-03,4
2381,2024-04,4
2381,2024-05,4
2381,2024-06,4
2381,2024-07,4
2381,2024-08,4
2381,2024-09,4
2381,2024-10,4
2381,2024-11,4
2381,2024-12,4
2382,2023-01,4
2382,2023-02,4
2382,2023-03,4
2382,2023-04,4
2382,2023-05,4
2382,2023-06,4
2382,2023-07,4
2382,2023-08,4
2382,2023-09,4
2382,2023-10,4
2382,2023-11,4
2382,2023-12,4
2382,2024-01,4
2382,2024-02,4
2382,2024-03,4
2382,2024-04,4
2382,2024-05,4
2382,2024-06,4
2382,2024-07,4
2382,2024-08,4
2382,2024-09,4
2382,2024-10,4
2382,2024-11,4
2382,2024-12,4
2383,2023-01,4
2383,2023-02,4
2383,2023-03,4
2383,2023-04,4
2383,2023-05,4
2383,2023-06,4
2383,2023-07,4
2383,2023-08,4
2383,2023-09,4
2383,2023-10,4
2383,2023-11,4
2383,2023-12,4
2383,2024-01,4
2383,2024-02,4
2383,2024-03,4
2383,2024-04,4
2383,2024-05,4
2383,2024-06,4
2383,2024-07,4
2383,2024-08,4
2383,2024-09,4
2383,2024-10,4
2383,2024-11,4
2383,2024-12,4
2384,2023-01,4
2384,2023-02,4
2384,2023-03,4
2384,2023-04,4
2384,2023-05,4
2384,2023-06,4
2384,2023-07,4
2384,2023-08,4
2384,2023-09,4
2384,2023-10,4
2384,2023-11,4
2384,2023-12,4
2384,2024-01,4
2384,2024-02,4
2384,2024-03,4
2384,2024-04,4
2384,2024-05,4
2384,2024-06,4
2384,2024-07,4
2384,2024-08,4
2384,2024-09,4
2384,2024-10,4
2384,2024-11,4
2384,2024-12,4
2385,2023-01,4
2385,2023-02,4
2385,2023-03,4
2385,2023-04,4
2385,2023-05,4
2385,2023-06,4
2385,2023-07,4
2385,2023-08,4
2385,2023-09,4
2385,2023-10,4
2385,2023-11,4
2385,2023-12,4
2385,2024-01,4
2385,2024-02,4
2385,2024-03,4
2385,2024-04,4
2385,2024-05,4
2385,2024-06,4
2385,2024-07,4
2385,2024-08,4
2385,2024-09,4
2385,2024-10,4
2385,2024-11,4
2385,2024-12,4
2386,2023-01,4
2386,2023-02,4
2386,2023-03,4
2386,2023-04,4
2386,2023-05,4
2386,2023-06,4
2386,2023-07,4
2386,2023-08,4
2386,2023-09,4
2386,2023-10,4
2386,2023-11,4
2386,2023-12,4
2386,2024-01,4
2386,2024-02,4
2386,2024-03,4
2386,2024-04,4
2386,2024-05,4
2386,2024-06,4
2386,2024-07,4
2386,2024-08,4
2386,2024-09,4
2386,2024-10,4
2386,2024-11,4
2386,2024-12,4
2387,2023-01,4
2387,2023-02,4
2387,2023-03,4
2387,2023-04,4
2387,2023-05,4
2387,2023-06,4
2387,2023-07,4
2387,2023-08,4
2387,2023-09,4
2387,2023-10,4
2387,2023-11,4
2387,2023-12,4
2387,2024-01,4
2387,2024-02,4
2387,2024-03,4
2387,2024-04,4
2387,2024-05,4
2387,2024-06,4
2387,2024-07,4
2387,2024-08,4
2387,2024-09,4
2387,2024-10,4
2387,2024-11,4
2387,2024-12,4
2388,2023-01,4
2388,2023-02,4
2388,2023-03,4
2388,2023-04,4
2388,2023-05,4
2388,2023-06,4
2388,2023-07,4
2388,2023-08,4
2388,2023-09,4
2388,2023-10,4
2388,2023-11,4
2388,2023-12,4
2388,2024-01,4
2388,2024-02,4
2388,2024-03,4
2388,2024-04,4
2388,2024-05,4
2388,2024-06,4
2388,2024-07,4
2388,2024-08,4
2388,2024-09,4
2388,2024-10,4
2388,2024-11,4
2388,2024-12,4
2389,2023-01,4
2389,2023-02,4
2389,2023-03,4
2389,2023-04,4
2389,2023-05,4
2389,2023-06,4
2389,2023-07,4
2389,2023-08,4
2389,2023-09,4
2389,2023-10,4
2389,2023-11,4
2389,2023-12,4
2389,2024-01,4
2389,2024-02,4
2389,2024-03,4
2389,2024-04,4
2389,2024-05,4
2389,2024-06,4
2389,2024-07,4
2389,2024-08,4
2389,2024-09,4
2389,2024-10,4
2389,2024-11,4
2389,2024-12,4
2390,2023-01,4
2390,2023-02,4
2390,2023-03,4
2390,2023-04,4
2390,2023-05,4
2390,2023-06,4
2390,2023-07,4
2390,2023-08,4
2390,2023-09,4
2390,2023-10,4
2390,2023-11,4
2390,2023-12,4
2390,2024-01,4
2390,2024-02,4
2390,2024-03,4
2390,2024-04,4
2390,2024-05,4
2390,2024-06,4
2390,2024-07,4
2390,2024-08,4
2390,2024-09,4
2390,2024-10,4
2390,2024-11,4
2390,2024-12,4
2391,2023-01,4
2391,2023-02,4
2391,2023-03,4
2391,2023-04,4
2391,2023-05,4
2391,2023-06,4
2391,2023-07,4
2391,2023-08,4
2391,2023-09,4
2391,2023-10,4
2391,2023-11,4
2391,2023-12,4
2391,2024-01,4
2391,2024-02,4
2391,2024-03,4
2391,2024-04,4
2391,2024-05,4
2391,2024-06,4
2391,2024-07,4
2391,2024-08,4
2391,2024-09,4
2391,2024-10,4
2391,2024-11,4
2391,2024-12,4
2392,2023-01,2
2392,2023-02,2
2392,2023-03,4
2392,2023-04,4
2392,2023-05,4
2392,2023-06,4
2392,2023-07,4
2392,2023-08,4
2392,2023-09,4
2392,2023-10,4
2392,2023-11,4
2392,2023-12,4
2392,2024-01,4
2392,2024-02,4
2392,2024-03,4
2392,2024-04,4
2392,2024-05,4
2392,2024-06,4
2392,2024-07,4
2392,2024-08,4
2392,2024-09,4
2392,2024-10,4
2392,2024-11,4
2392,2024-12,4
2393,2023-01,2
2393,2023-02,2
2393,2023-03,2
2393,2023-04,4
2393,2023-05,4
2393,2023-06,4
2393,2023-07,4
2393,2023-08,4
2393,2023-09,4
2393,2023-10,4
2393,2023-11,4
2393,2023-12,4
2393,2024-01,4
2393,2024-02,4
2393,2024-03,4
2393,2024-04,4
2393,2024-05,4
2393,2024-06,4
2393,2024-07,4
2393,2024-08,4
2393,2024-09,4
2393,2024-10,4
2393,2024-11,4
2393,2024-12,4
2395,2023-01,2
2395,2023-02,2
2395,2023-03,2
2395,2023-04,2
2395,2023-05,2
2395,2023-06,2
2395,2023-07,2
2395,2023-08,2
2395,2023-09,2
2395,2023-10,2
2395,2023-11,2
2395,2023-12,2
2395,2024-01,2
2395,2024-02,2
2395,2024-03,2
2395,2024-04,4
2395,2024-05,4
2395,2024-06,2
2395,2024-07,2
2395,2024-08,2
2395,2024-09,2
2395,2024-10,2
2395,2024-11,2
2395,2024-12,2
2398,2023-01,4
2398,2023-02,4
2398,2023-03,4
2398,2023-04,4
2398,2023-05,4
2398,2023-06,4
2398,2023-07,4
2398,2023-08,4
2398,2023-09,4
2398,2023-10,4
2398,2023-11,4
2398,2023-12,4
2398,2024-01,4
2398,2024-02,4
2398,2024-03,4
2398,2024-04,4
2398,2024-05,4
2398,2024-06,4
2398,2024-07,4
2398,2024-08,4
2398,2024-09,4
2398,2024-10,4
2398,2024-11,4
2398,2024-12,4
2399,2023-01,4
2399,2023-02,4
2399,2023-03,4
2399,2023-04,4
2399,2023-05,4
2399,2023-06,4
2399,2023-07,4
2399,2023-08,4
2399,2023-09,4
2399,2023-10,4
2399,2023-11,4
2399,2023-12,4
2399,2024-01,4
2399,2024-02,4
2399,2024-03,4
2399,2024-04,4
2399,2024-05,4
2399,2024-06,4
2399,2024-07,4
2399,2024-08,4
2399,2024-09,4
2399,2024-10,4
2399,2024-11,4
2399,2024-12,4
2400,2023-01,4
2400,2023-02,4
2400,2023-03,4
2400,2023-04,4
2400,2023-05,4
2400,2023-06,4
2400,2023-07,4
2400,2023-08,4
2400,2023-09,4
2400,2023-10,4
2400,2023-11,4
2400,2023-12,4
2400,2024-01,4
2400,2024-02,4
2400,2024-03,4
2400,2024-04,4
2400,2024-05,4
2400,2024-06,4
2400,2024-07,4
2400,2024-08,4
2400,2024-09,4
2400,2024-10,4
2400,2024-11,4
2400,2024-12,4
2401,2023-01,4
2401,2023-02,4
2401,2023-03,4
2401,2023-04,4
2401,2023-05,4
2401,2023-06,4
2401,2023-07,4
2401,2023-08,4
2401,2023-09,4
2401,2023-10,4
2401,2023-11,4
2401,2023-12,4
2401,2024-01,4
2401,2024-02,4
2401,2024-03,4
2401,2024-04,4
2401,2024-05,4
2401,2024-06,4
2401,2024-07,4
2401,2024-08,4
2401,2024-09,4
2401,2024-10,4
2401,2024-11,4
2401,2024-12,4
2402,2023-01,4
2402,2023-02,4
2402,2023-03,4
2402,2023-04,4
2402,2023-05,4
2402,2023-06,4
2402,2023-07,4
2402,2023-08,4
2402,2023-09,4
2402,2023-10,4
2402,2023-11,4
2402,2023-12,4
2402,2024-01,4
2402,2024-02,4
2402,2024-03,4
2402,2024-04,4
2402,2024-05,4
2402,2024-06,4
2402,2024-07,4
2402,2024-08,4
2402,2024-09,4
2402,2024-10,4
2402,2024-11,4
2402,2024-12,4
2403,2023-01,2
2403,2023-02,2
2403,2023-03,4
2403,2023-04,4
2403,2023-05,4
2403,2023-06,4
2403,2023-07,4
2403,2023-08,4
2403,2023-09,4
2403,2023-10,4
2403,2023-11,4
2403,2023-12,4
2403,2024-01,4
2403,2024-02,4
2403,2024-03,4
2403,2024-04,4
2403,2024-05,4
2403,2024-06,4
2403,2024-07,4
2403,2024-08,4
2403,2024-09,4
2403,2024-10,4
2403,2024-11,4
2403,2024-12,4
2404,2023-01,4
2404,2023-02,4
2404,2023-03,4
2404,2023-04,4
2404,2023-05,4
2404,2023-06,4
2404,2023-07,4
2404,2023-08,4
2404,2023-09,4
2404,2023-10,4
2404,2023-11,4
2404,2023-12,4
2404,2024-01,4
2404,2024-02,4
2404,2024-03,4
2404,2024-04,4
2404,2024-05,4
2404,2024-06,4
2404,2024-07,4
2404,2024-08,4
2404,2024-09,4
2404,2024-10,4
2404,2024-11,4
2404,2024-12,4
2405,2023-01,4
2405,2023-02,4
2405,2023-03,4
2405,2023-04,4
2405,2023-05,4
2405,2023-06,4
2405,2023-07,4
2405,2023-08,4
2405,2023-09,4
2405,2023-10,4
2405,2023-11,4
2405,2023-12,4
2405,2024-01,4
2405,2024-02,4
2405,2024-03,4
2405,2024-04,4
2405,2024-05,4
2405,2024-06,4
2405,2024-07,4
2405,2024-08,4
2405,2024-09,4
2405,2024-10,4
2405,2024-11,4
2405,2024-12,4
2406,2023-01,4
2406,2023-02,4
2406,2023-03,4
2406,2023-04,4
2406,2023-05,4
2406,2023-06,4
2406,2023-07,4
2406,2023-08,4
2406,2023-09,4
2406,2023-10,4
2406,2023-11,4
2406,2023-12,4
2406,2024-01,4
2406,2024-02,4
2406,2024-03,4
2406,2024-04,4
2406,2024-05,4
2406,2024-06,4
2406,2024-07,4
2406,2024-08,4
2406,2024-09,4
2406,2024-10,4
2406,2024-11,4
2406,2024-12,4
2407,2023-01,4
2407,2023-02,4
2407,2023-03,4
2407,2023-04,4
2407,2023-05,4
2407,2023-06,4
2407,2023-07,4
2407,2023-08,4
2407,2023-09,4
2407,2023-10,4
2407,2023-11,4
2407,2023-12,4
2407,2024-01,4
2407,2024-02,4
2407,2024-03,4
2407,2024-04,4
2407,2024-05,4
2407,2024-06,4
2407,2024-07,4
2407,2024-08,4
2407,2024-09,4
2407,2024-10,4
2407,2024-11,4
2407,2024-12,4
2408,2023-01,4
2408,2023-02,4
2408,2023-03,4
2408,2023-04,4
2408,2023-05,4
2408,2023-06,4
2408,2023-07,4
2408,2023-08,4
2408,2023-09,4
2408,2023-10,4
2408,2023-11,4
2408,2023-12,4
2408,2024-01,4
2408,2024-02,4
2408,2024-03,4
2408,2024-04,4
2408,2024-05,4
2408,2024-06,4
2408,2024-07,4
2408,2024-08,4
2408,2024-09,4
2408,2024-10,4
2408,2024-11,4
2408,2024-12,4
2409,2023-01,4
2409,2023-02,4
2409,2023-03,4
2409,2023-04,4
2409,2023-05,4
2409,2023-06,4
2409,2023-07,4
2409,2023-08,4
2409,2023-09,4
2409,2023-10,4
2409,2023-11,4
2409,2023-12,4
2409,2024-01,4
2409,2024-02,4
2409,2024-03,4
2409,2024-04,4
2409,2024-05,4
2409,2024-06,4
2409,2024-07,4
2409,2024-08,4
2409,2024-09,4
2409,2024-10,4
2409,2024-11,4
2409,2024-12,4
2410,2023-01,2
2410,2023-02,2
2410,2023-03,2
2410,2023-04,4
2410,2023-05,4
2410,2023-06,4
2410,2023-07,4
2410,2023-08,4
2410,2023-09,4
2410,2023-10,4
2410,2023-11,4
2410,2023-12,4
2410,2024-01,4
2410,2024-02,4
2410,2024-03,4
2410,2024-04,4
2410,2024-05,4
2410,2024-06,4
2410,2024-07,4
2410,2024-08,4
2410,2024-09,4
2410,2024-10,4
2410,2024-11,4
2410,2024-12,4
2411,2023-01,4
2411,2023-02,4
2411,2023-03,4
2411,2023-04,4
2411,2023-05,4
2411,2023-06,4
2411,2023-07,4
2411,2023-08,4
2411,2023-09,4
2411,2023-10,4
2411,2023-11,4
2411,2023-12,4
2411,2024-01,4
2411,2024-02,4
2411,2024-03,4
2411,2024-04,4
2411,2024-05,4
2411,2024-06,4
2411,2024-07,4
2411,2024-08,4
2411,2024-09,4
2411,2024-10,4
2411,2024-11,4
2411,2024-12,4
2412,2023-01,4
2412,2023-02,4
2412,2023-03,4
2412,2023-04,4
2412,2023-05,4
2412,2023-06,4
2412,2023-07,4
2412,2023-08,4
2412,2023-09,4
2412,2023-10,4
2412,2023-11,4
2412,2023-12,4
2412,2024-01,4
2412,2024-02,4
2412,2024-03,4
2412,2024-04,4
2412,2024-05,4
2412,2024-06,4
2412,2024-07,4
2412,2024-08,4
2412,2024-09,4
2412,2024-10,4
2412,2024-11,4
2412,2024-12,4
2416,2023-01,4
2416,2023-02,4
2416,2023-03,4
2416,2023-04,4
2416,2023-05,4
2416,2023-06,4
2416,2023-07,4
2416,2023-08,4
2416,2023-09,4
2416,2023-10,4
2416,2023-11,4
2416,2023-12,4
2416,2024-01,4
2416,2024-02,4
2416,2024-03,4
2416,2024-04,4
2416,2024-05,4
2416,2024-06,4
2416,2024-07,4
2416,2024-08,4
2416,2024-09,4
2416,2024-10,4
2416,2024-11,4
2416,2024-12,4
2422,2023-01,2
2422,2023-02,2
2422,2023-03,4
2422,2023-04,4
2422,2023-05,4
2422,2023-06,4
2422,2023-07,4
2422,2023-08,4
2422,2023-09,4
2422,2023-10,4
2422,2023-11,4
2422,2023-12,4
2422,2024-01,4
2422,2024-02,4
2422,2024-03,4
2422,2024-04,4
2422,2024-05,4
2422,2024-06,4
2422,2024-07,4
2422,2024-08,4
2422,2024-09,4
2422,2024-10,4
2422,2024-11,4
2422,2024-12,4
2423,2023-01,4
2423,2023-02,4
2423,2023-03,4
2423,2023-04,4
2423,2023-05,4
2423,2023-06,4
2423,2023-07,4
2423,2023-08,4
2423,2023-09,4
2423,2023-10,4
2423,2023-11,4
2423,2023-12,4
2423,2024-01,4
2423,2024-02,4
2423,2024-03,4
2423,2024-04,4
2423,2024-05,4
2423,2024-06,4
2423,2024-07,4
2423,2024-08,4
2423,2024-09,4
2423,2024-10,4
2423,2024-11,4
2423,2024-12,4
2424,2023-01,4
2424,2023-02,4
2424,2023-03,4
2424,2023-04,4
2424,2023-05,4
2424,2023-06,4
2424,2023-07,4
2424,2023-08,4
2424,2023-09,4
2424,2023-10,4
2424,2023-11,4
2424,2023-12,4
2424,2024-01,4
2424,2024-02,4
2424,2024-03,4
2424,2024-04,4
2424,2024-05,4
2424,2024-06,4
2424,2024-07,4
2424,2024-08,4
2424,2024-09,4
2424,2024-10,4
2424,2024-11,4
2424,2024-12,4
2425,2023-01,4
2425,2023-02,4
2425,2023-03,4
2425,2023-04,4
2425,2023-05,4
2425,2023-06,4
2425,2023-07,4
2425,2023-08,4
2425,2023-09,4
2425,2023-10,4
2425,2023-11,4
2425,2023-12,4
2425,2024-01,4
2425,2024-02,4
2425,2024-03,4
2425,2024-04,4
2425,2024-05,4
2425,2024-06,4
2425,2024-07,4
2425,2024-08,4
2425,2024-09,4
2425,2024-10,4
2425,2024-11,4
2425,2024-12,4
2426,2023-01,4
2426,2023-02,4
2426,2023-03,4
2426,2023-04,4
2426,2023-05,4
2426,2023-06,4
2426,2023-07,4
2426,2023-08,4
2426,2023-09,4
2426,2023-10,4
2426,2023-11,4
2426,2023-12,4
2426,2024-01,4
2426,2024-02,4
2426,2024-03,4
2426,2024-04,4
2426,2024-05,4
2426,2024-06,4
2426,2024-07,4
2426,2024-08,4
2426,2024-09,4
2426,2024-10,4
2426,2024-11,4
2426,2024-12,4
2427,2023-01,4
2427,2023-02,4
2427,2023-03,4
2427,2023-04,4
2427,2023-05,4
2427,2023-06,4
2427,2023-07,4
2427,2023-08,4
2427,2023-09,4
2427,2023-10,4
2427,2023-11,4
2427,2023-12,4
2427,2024-01,4
2427,2024-02,4
2427,2024-03,4
2427,2024-04,4
2427,2024-05,4
2427,2024-06,4
2427,2024-07,4
2427,2024-08,4
2427,2024-09,4
2427,2024-10,4
2427,2024-11,4
2427,2024-12,4
2428,2023-01,4
2428,2023-02,4
2428,2023-03,4
2428,2023-04,4
2428,2023-05,4
2428,2023-06,4
2428,2023-07,4
2428,2023-08,4
2428,2023-09,4
2428,2023-10,4
2428,2023-11,4
2428,2023-12,4
2428,2024-01,4
2428,2024-02,4
2428,2024-03,4
2428,2024-04,4
2428,2024-05,4
2428,2024-06,4
2428,2024-07,4
2428,2024-08,4
2428,2024-09,4
2428,2024-10,4
2428,2024-11,4
2428,2024-12,4
2429,2023-01,4
2429,2023-02,4
2429,2023-03,4
2429,2023-04,4
2429,2023-05,4
2429,2023-06,4
2429,2023-07,4
2429,2023-08,4
2429,2023-09,4
2429,2023-10,4
2429,2023-11,4
2429,2023-12,4
2429,2024-01,4
2429,2024-02,4
2429,2024-03,4
2429,2024-04,4
2429,2024-05,4
2429,2024-06,4
2429,2024-07,4
2429,2024-08,4
2429,2024-09,4
2429,2024-10,4
2429,2024-11,4
2429,2024-12,4
2430,2023-01,4
2430,2023-02,4
2430,2023-03,4
2430,2023-04,4
2430,2023-05,4
2430,2023-06,4
2430,2023-07,4
2430,2023-08,4
2430,2023-09,4
2430,2023-10,4
2430,2023-11,4
2430,2023-12,4
2430,2024-01,4
2430,2024-02,4
2430,2024-03,4
2430,2024-04,4
2430,2024-05,4
2430,2024-06,4
2430,2024-07,4
2430,2024-08,4
2430,2024-09,4
2430,2024-10,4
2430,2024-11,4
2430,2024-12,4
2431,2023-01,4
2431,2023-02,4
2431,2023-03,4
2431,2023-04,4
2431,2023-05,4
2431,2023-06,4
2431,2023-07,4
2431,2023-08,4
2431,2023-09,4
2431,2023-10,4
2431,2023-11,4
2431,2023-12,4
2431,2024-01,4
2431,2024-02,4
2431,2024-03,4
2431,2024-04,4
2431,2024-05,4
2431,2024-06,4
2431,2024-07,4
2431,2024-08,4
2431,2024-09,4
2431,2024-10,4
2431,2024-11,4
2431,2024-12,4
2432,2023-01,4
2432,2023-02,4
2432,2023-03,4
2432,2023-04,4
2432,2023-05,4
2432,2023-06,4
2432,2023-07,4
2432,2023-08,4
2432,2023-09,4
2432,2023-10,4
2432,2023-11,4
2432,2023-12,4
2432,2024-01,4
2432,2024-02,4
2432,2024-03,4
2432,2024-04,4
2432,2024-05,4
2432,2024-06,4
2432,2024-07,4
2432,2024-08,4
2432,2024-09,4
2432,2024-10,4
2432,2024-11,4
2432,2024-12,4
2433,2023-01,4
2433,2023-02,4
2433,2023-03,4
2433,2023-04,4
2433,2023-05,4
2433,2023-06,4
2433,2023-07,4
2433,2023-08,4
2433,2023-09,4
2433,2023-10,4
2433,2023-11,4
2433,2023-12,4
2433,2024-01,4
2433,2024-02,4
2433,2024-03,4
2433,2024-04,4
2433,2024-05,4
2433,2024-06,4
2433,2024-07,4
2433,2024-08,4
2433,2024-09,4
2433,2024-10,4
2433,2024-11,4
2433,2024-12,4
2434,2023-01,4
2434,2023-02,4
2434,2023-03,4
2434,2023-04,4
2434,2023-05,4
2434,2023-06,4
2434,2023-07,4
2434,2023-08,4
2434,2023-09,4
2434,2023-10,4
2434,2023-11,4
2434,2023-12,4
2434,2024-01,4
2434,2024-02,4
2434,2024-03,4
2434,2024-04,4
2434,2024-05,4
2434,2024-06,4
2434,2024-07,4
2434,2024-08,4
2434,2024-09,4
2434,2024-10,4
2434,2024-11,4
2434,2024-12,4
2435,2023-01,4
2435,2023-02,4
2435,2023-03,4
2435,2023-04,4
2435,2023-05,4
2435,2023-06,4
2435,2023-07,4
2435,2023-08,4
2435,2023-09,4
2435,2023-10,4
2435,2023-11,4
2435,2023-12,4
2435,2024-01,4
2435,2024-02,4
2435,2024-03,4
2435,2024-04,4
2435,2024-05,4
2435,2024-06,4
2435,2024-07,4
2435,2024-08,4
2435,2024-09,4
2435,2024-10,4
2435,2024-11,4
2435,2024-12,4
2436,2023-01,4
2436,2023-02,4
2436,2023-03,4
2436,2023-04,4
2436,2023-05,4
2436,2023-06,4
2436,2023-07,4
2436,2023-08,4
2436,2023-09,4
2436,2023-10,4
2436,2023-11,4
2436,2023-12,4
2436,2024-01,4
2436,2024-02,4
2436,2024-03,4
2436,2024-04,4
2436,2024-05,4
2436,2024-06,4
2436,2024-07,4
2436,2024-08,4
2436,2024-09,4
2436,2024-10,4
2436,2024-11,4
2436,2024-12,4
2437,2023-01,4
2437,2023-02,4
2437,2023-03,4
2437,2023-04,4
2437,2023-05,4
2437,2023-06,4
2437,2023-07,4
2437,2023-08,4
2437,2023-09,4
2437,2023-10,4
2437,2023-11,4
2437,2023-12,4
2437,2024-01,4
2437,2024-02,4
2437,2024-03,4
2437,2024-04,4
2437,2024-05,4
2437,2024-06,4
2437,2024-07,4
2437,2024-08,4
2437,2024-09,4
2437,2024-10,4
2437,2024-11,4
2437,2024-12,4
2439,2023-01,4
2439,2023-02,4
2439,2023-03,4
2439,2023-04,4
2439,2023-05,4
2439,2023-06,4
2439,2023-07,4
2439,2023-08,4
2439,2023-09,4
2439,2023-10,4
2439,2023-11,4
2439,2023-12,4
2439,2024-01,4
2439,2024-02,4
2439,2024-03,4
2439,2024-04,4
2439,2024-05,4
2439,2024-06,4
2439,2024-07,4
2439,2024-08,4
2439,2024-09,4
2439,2024-10,4
2439,2024-11,4
2439,2024-12,4
2440,2023-01,4
2440,2023-02,4
2440,2023-03,4
2440,2023-04,4
2440,2023-05,4
2440,2023-06,4
2440,2023-07,4
2440,2023-08,4
2440,2023-09,4
2440,2023-10,4
2440,2023-11,4
2440,2023-12,4
2440,2024-01,4
2440,2024-02,4
2440,2024-03,4
2440,2024-04,4
2440,2024-05,4
2440,2024-06,4
2440,2024-07,4
2440,2024-08,4
2440,2024-09,4
2440,2024-10,4
2440,2024-11,4
2440,2024-12,4
2441,2023-01,4
2441,2023-02,4
2441,2023-03,4
2441,2023-04,4
2441,2023-05,4
2441,2023-06,4
2441,2023-07,4
2441,2023-08,4
2441,2023-09,4
2441,2023-10,4
2441,2023-11,4
2441,2023-12,4
2441,2024-01,4
2441,2024-02,4
2441,2024-03,4
2441,2024-04,4
2441,2024-05,4
2441,2024-06,4
2441,2024-07,4
2441,2024-08,4
2441,2024-09,4
2441,2024-10,4
2441,2024-11,4
2441,2024-12,4
2442,2023-01,4
2442,2023-02,4
2442,2023-03,4
2442,2023-04,4
2442,2023-05,4
2442,2023-06,4
2442,2023-07,4
2442,2023-08,4
2442,2023-09,4
2442,2023-10,4
2442,2023-11,4
2442,2023-12,4
2442,2024-01,4
2442,2024-02,4
2442,2024-03,4
2442,2024-04,4
2442,2024-05,4
2442,2024-06,4
2442,2024-07,4
2442,2024-08,4
2442,2024-09,4
2442,2024-10,4
2442,2024-11,4
2442,2024-12,4
2443,2023-01,4
2443,2023-02,4
2443,2023-03,4
2443,2023-04,4
2443,2023-05,4
2443,2023-06,4
2443,2023-07,4
2443,2023-08,4
2443,2023-09,4
2443,2023-10,4
2443,2023-11,4
2443,2023-12,4
2443,2024-01,4
2443,2024-02,4
2443,2024-03,4
2443,2024-04,4
2443,2024-05,4
2443,2024-06,4
2443,2024-07,4
2443,2024-08,4
2443,2024-09,4
2443,2024-10,4
2443,2024-11,4
2443,2024-12,4
2444,2023-01,4
2444,2023-02,4
2444,2023-03,4
2444,2023-04,4
2444,2023-05,4
2444,2023-06,4
2444,2023-07,4
2444,2023-08,4
2444,2023-09,4
2444,2023-10,4
2444,2023-11,4
2444,2023-12,4
2444,2024-01,4
2444,2024-02,4
2444,2024-03,4
2444,2024-04,4
2444,2024-05,4
2444,2024-06,4
2444,2024-07,4
2444,2024-08,4
2444,2024-09,4
2444,2024-10,4
2444,2024-11,4
2444,2024-12,4
2445,2023-01,4
2445,2023-02,4
2445,2023-03,4
2445,2023-04,4
2445,2023-05,4
2445,2023-06,4
2445,2023-07,4
2445,2023-08,4
2445,2023-09,4
2445,2023-10,4
2445,2023-11,4
2445,2023-12,4
2445,2024-01,4
2445,2024-02,4
2445,2024-03,4
2445,2024-04,4
2445,2024-05,4
2445,2024-06,4
2445,2024-07,4
2445,2024-08,4
2445,2024-09,4
2445,2024-10,4
2445,2024-11,4
2445,2024-12,4
2446,2023-01,4
2446,2023-02,4
2446,2023-03,4
2446,2023-04,4
2446,2023-05,4
2446,2023-06,4
2446,2023-07,4
2446,2023-08,4
2446,2023-09,4
2446,2023-10,4
2446,2023-11,4
2446,2023-12,4
2446,2024-01,4
2446,2024-02,4
2446,2024-03,4
2446,2024-04,4
2446,2024-05,4
2446,2024-06,4
2446,2024-07,4
2446,2024-08,4
2446,2024-09,4
2446,2024-10,4
2446,2024-11,4
2446,2024-12,4
2447,2023-01,4
2447,2023-02,4
2447,2023-03,4
2447,2023-04,4
2447,2023-05,4
2447,2023-06,4
2447,2023-07,4
2447,2023-08,4
2447,2023-09,4
2447,2023-10,4
2447,2023-11,4
2447,2023-12,4
2447,2024-01,4
2447,2024-02,4
2447,2024-03,4
2447,2024-04,4
2447,2024-05,4
2447,2024-06,4
2447,2024-07,4
2447,2024-08,4
2447,2024-09,4
2447,2024-10,4
2447,2024-11,4
2447,2024-12,4
2449,2023-01,4
2449,2023-02,4
2449,2023-03,4
2449,2023-04,4
2449,2023-05,4
2449,2023-06,4
2449,2023-07,4
2449,2023-08,4
2449,2023-09,4
2449,2023-10,4
2449,2023-11,4
2449,2023-12,4
2449,2024-01,4
2449,2024-02,4
2449,2024-03,4
2449,2024-04,4
2449,2024-05,4
2449,2024-06,4
2449,2024-07,4
2449,2024-08,4
2449,2024-09,4
2449,2024-10,4
2449,2024-11,4
2449,2024-12,4
2450,2023-01,4
2450,2023-02,4
2450,2023-03,4
2450,2023-04,4
2450,2023-05,4
2450,2023-06,4
2450,2023-07,4
2450,2023-08,4
2450,2023-09,4
2450,2023-10,4
2450,2023-11,4
2450,2023-12,4
2450,2024-01,4
2450,2024-02,4
2450,2024-03,4
2450,2024-04,4
2450,2024-05,4
2450,2024-06,4
2450,2024-07,4
2450,2024-08,4
2450,2024-09,4
2450,2024-10,4
2450,2024-11,4
2450,2024-12,4
2451,2023-01,4
2451,2023-02,4
2451,2023-03,4
2451,2023-04,4
2451,2023-05,4
2451,2023-06,4
2451,2023-07,4
2451,2023-08,4
2451,2023-09,4
2451,2023-10,4
2451,2023-11,4
2451,2023-12,4
2451,2024-01,4
2451,2024-02,4
2451,2024-03,4
2451,2024-04,4
2451,2024-05,4
2451,2024-06,4
2451,2024-07,4
2451,2024-08,4
2451,2024-09,4
2451,2024-10,4
2451,2024-11,4
2451,2024-12,4
2452,2023-01,4
2452,2023-02,4
2452,2023-03,4
2452,2023-04,4
2452,2023-05,4
2452,2023-06,4
2452,2023-07,4
2452,2023-08,4
2452,2023-09,4
2452,2023-10,4
2452,2023-11,4
2452,2023-12,4
2452,2024-01,4
2452,2024-02,4
2452,2024-03,4
2452,2024-04,4
2452,2024-05,4
2452,2024-06,4
2452,2024-07,4
2452,2024-08,4
2452,2024-09,4
2452,2024-10,4
2452,2024-11,4
2452,2024-12,4
2453,2023-01,4
2453,2023-02,4
2453,2023-03,4
2453,2023-04,4
2453,2023-05,4
2453,2023-06,4
2453,2023-07,4
2453,2023-08,4
2453,2023-09,4
2453,2023-10,4
2453,2023-11,4
2453,2023-12,4
2453,2024-01,4
2453,2024-02,4
2453,2024-03,4
2453,2024-04,4
2453,2024-05,4
2453,2024-06,4
2453,2024-07,4
2453,2024-08,4
2453,2024-09,4
2453,2024-10,4
2453,2024-11,4
2453,2024-12,4
2454,2023-01,4
2454,2023-02,4
2454,2023-03,4
2454,2023-04,4
2454,2023-05,4
2454,2023-06,4
2454,2023-07,4
2454,2023-08,4
2454,2023-09,4
2454,2023-10,4
2454,2023-11,4
2454,2023-12,4
2454,2024-01,4
2454,2024-02,4
2454,2024-03,4
2454,2024-04,4
2454,2024-05,4
2454,2024-06,4
2454,2024-07,4
2454,2024-08,4
2454,2024-09,4
2454,2024-10,4
2454,2024-11,4
2454,2024-12,4
2455,2023-01,4
2455,2023-02,4
2455,2023-03,4
2455,2023-04,4
2455,2023-05,4
2455,2023-06,4
2455,2023-07,4
2455,2023-08,4
2455,2023-09,4
2455,2023-10,4
2455,2023-11,4
2455,2023-12,4
2455,2024-01,4
2455,2024-02,4
2455,2024-03,4
2455,2024-04,4
2455,2024-05,4
2455,2024-06,4
2455,2024-07,4
2455,2024-08,4
2455,2024-09,4
2455,2024-10,4
2455,2024-11,4
2455,2024-12,4
2456,2023-01,4
2456,2023-02,4
2456,2023-03,4
2456,2023-04,4
2456,2023-05,4
2456,2023-06,4
2456,2023-07,4
2456,2023-08,4
2456,2023-09,4
2456,2023-10,4
2456,2023-11,4
2456,2023-12,4
2456,2024-01,4
2456,2024-02,4
2456,2024-03,4
2456,2024-04,4
2456,2024-05,4
2456,2024-06,4
2456,2024-07,4
2456,2024-08,4
2456,2024-09,4
2456,2024-10,4
2456,2024-11,4
2456,2024-12,4
2457,2023-01,4
2457,2023-02,4
2457,2023-03,4
2457,2023-04,4
2457,2023-05,4
2457,2023-06,4
2457,2023-07,4
2457,2023-08,4
2457,2023-09,4
2457,2023-10,4
2457,2023-11,4
2457,2023-12,4
2457,2024-01,4
2457,2024-02,4
2457,2024-03,4
2457,2024-04,4
2457,2024-05,4
2457,2024-06,4
2457,2024-07,4
2457,2024-08,4
2457,2024-09,4
2457,2024-10,4
2457,2024-11,4
2457,2024-12,4
2458,2023-01,4
2458,2023-02,4
2458,2023-03,4
2458,2023-04,4
2458,2023-05,4
2458,2023-06,4
2458,2023-07,4
2458,2023-08,4
2458,2023-09,4
2458,2023-10,4
2458,2023-11,4
2458,2023-12,4
2458,2024-01,4
2458,2024-02,4
2458,2024-03,4
2458,2024-04,4
2458,2024-05,4
2458,2024-06,4
2458,2024-07,4
2458,2024-08,4
2458,2024-09,4
2458,2024-10,4
2458,2024-11,4
2458,2024-12,4
2459,2023-01,4
2459,2023-02,4
2459,2023-03,4
2459,2023-04,4
2459,2023-05,4
2459,2023-06,4
2459,2023-07,4
2459,2023-08,4
2459,2023-09,4
2459,2023-10,4
2459,2023-11,4
2459,2023-12,4
2459,2024-01,4
2459,2024-02,4
2459,2024-03,4
2459,2024-04,4
2459,2024-05,4
2459,2024-06,4
2459,2024-07,4
2459,2024-08,4
2459,2024-09,4
2459,2024-10,4
2459,2024-11,4
2459,2024-12,4
2460,2023-01,4
2460,2023-02,4
2460,2023-03,4
2460,2023-04,4
2460,2023-05,4
2460,2023-06,4
2460,2023-07,4
2460,2023-08,4
2460,2023-09,4
2460,2023-10,4
2460,2023-11,4
2460,2023-12,4
2460,2024-01,4
2460,2024-02,4
2460,2024-03,4
2460,2024-04,4
2460,2024-05,4
2460,2024-06,4
2460,2024-07,4
2460,2024-08,4
2460,2024-09,4
2460,2024-10,4
2460,2024-11,4
2460,2024-12,4
2461,2023-01,4
2461,2023-02,4
2461,2023-03,4
2461,2023-04,4
2461,2023-05,4
2461,2023-06,4
2461,2023-07,4
2461,2023-08,4
2461,2023-09,4
2461,2023-10,4
2461,2023-11,4
2461,2023-12,4
2461,2024-01,4
2461,2024-02,4
2461,2024-03,4
2461,2024-04,4
2461,2024-05,4
2461,2024-06,4
2461,2024-07,4
2461,2024-08,4
2461,2024-09,4
2461,2024-10,4
2461,2024-11,4
2461,2024-12,4
2462,2023-01,4
2462,2023-02,4
2462,2023-03,4
2462,2023-04,4
2462,2023-05,4
2462,2023-06,4
2462,2023-07,4
2462,2023-08,4
2462,2023-09,4
2462,2023-10,4
2462,2023-11,4
2462,2023-12,4
2462,2024-01,4
2462,2024-02,4
2462,2024-03,4
2462,2024-04,4
2462,2024-05,4
2462,2024-06,4
2462,2024-07,4
2462,2024-08,4
2462,2024-09,4
2462,2024-10,4
2462,2024-11,4
2462,2024-12,4
2463,2023-01,4
2463,2023-02,4
2463,2023-03,4
2463,2023-04,4
2463,2023-05,4
2463,2023-06,4
2463,2023-07,4
2463,2023-08,4
2463,2023-09,4
2463,2023-10,4
2463,2023-11,4
2463,2023-12,4
2463,2024-01,4
2463,2024-02,4
2463,2024-03,4
2463,2024-04,4
2463,2024-05,4
2463,2024-06,4
2463,2024-07,4
2463,2024-08,4
2463,2024-09,4
2463,2024-10,4
2463,2024-11,4
2463,2024-12,4
2464,2023-01,4
2464,2023-02,4
2464,2023-03,4
2464,2023-04,4
2464,2023-05,4
2464,2023-06,4
2464,2023-07,4
2464,2023-08,4
2464,2023-09,4
2464,2023-10,4
2464,2023-11,4
2464,2023-12,4
2464,2024-01,4
2464,2024-02,4
2464,2024-03,4
2464,2024-04,4
2464,2024-05,4
2464,2024-06,4
2464,2024-07,4
2464,2024-08,4
2464,2024-09,4
2464,2024-10,4
2464,2024-11,4
2464,2024-12,4
2465,2023-01,4
2465,2023-02,4
2465,2023-03,4
2465,2023-04,4
2465,2023-05,4
2465,2023-06,4
2465,2023-07,4
2465,2023-08,4
2465,2023-09,4
2465,2023-10,4
2465,2023-11,4
2465,2023-12,4
2465,2024-01,4
2465,2024-02,4
2465,2024-03,4
2465,2024-04,4
2465,2024-05,4
2465,2024-06,4
2465,2024-07,4
2465,2024-08,4
2465,2024-09,4
2465,2024-10,4
2465,2024-11,4
2465,2024-12,4
2466,2023-01,4
2466,2023-02,4
2466,2023-03,4
2466,2023-04,4
2466,2023-05,4
2466,2023-06,4
2466,2023-07,4
2466,2023-08,4
2466,2023-09,4
2466,2023-10,4
2466,2023-11,4
2466,2023-12,4
2466,2024-01,4
2466,2024-02,4
2466,2024-03,4
2466,2024-04,4
2466,2024-05,4
2466,2024-06,4
2466,2024-07,4
2466,2024-08,4
2466,2024-09,4
2466,2024-10,4
2466,2024-11,4
2466,2024-12,4
2467,2023-01,4
2467,2023-02,4
2467,2023-03,4
2467,2023-04,4
2467,2023-05,4
2467,2023-06,4
2467,2023-07,4
2467,2023-08,4
2467,2023-09,4
2467,2023-10,4
2467,2023-11,4
2467,2023-12,4
2467,2024-01,4
2467,2024-02,4
2467,2024-03,4
2467,2024-04,4
2467,2024-05,4
2467,2024-06,4
2467,2024-07,4
2467,2024-08,4
2467,2024-09,4
2467,2024-10,4
2467,2024-11,4
2467,2024-12,4
2468,2023-01,4
2468,2023-02,4
2468,2023-03,4
2468,2023-04,4
2468,2023-05,4
2468,2023-06,4
2468,2023-07,4
2468,2023-08,4
2468,2023-09,4
2468,2023-10,4
2468,2023-11,4
2468,2023-12,4
2468,2024-01,4
2468,2024-02,4
2468,2024-03,4
2468,2024-04,4
2468,2024-05,4
2468,2024-06,4
2468,2024-07,4
2468,2024-08,4
2468,2024-09,4
2468,2024-10,4
2468,2024-11,4
2468,2024-12,4
2469,2023-01,4
2469,2023-02,4
2469,2023-03,4
2469,2023-04,4
2469,2023-05,4
2469,2023-06,4
2469,2023-07,4
2469,2023-08,4
2469,2023-09,4
2469,2023-10,4
2469,2023-11,4
2469,2023-12,4
2469,2024-01,4
2469,2024-02,4
2469,2024-03,4
2469,2024-04,4
2469,2024-05,4
2469,2024-06,4
2469,2024-07,4
2469,2024-08,4
2469,2024-09,4
2469,2024-10,4
2469,2024-11,4
2469,2024-12,4
2470,2023-01,4
2470,2023-02,4
2470,2023-03,4
2470,2023-04,4
2470,2023-05,4
2470,2023-06,4
2470,2023-07,4
2470,2023-08,4
2470,2023-09,4
2470,2023-10,4
2470,2023-11,4
2470,2023-12,4
2470,2024-01,4
2470,2024-02,4
2470,2024-03,4
2470,2024-04,4
2470,2024-05,4
2470,2024-06,4
2470,2024-07,4
2470,2024-08,4
2470,2024-09,4
2470,2024-10,4
2470,2024-11,4
2470,2024-12,4
2471,2023-01,4
2471,2023-02,4
2471,2023-03,4
2471,2023-04,4
2471,2023-05,4
2471,2023-06,4
2471,2023-07,4
2471,2023-08,4
2471,2023-09,4
2471,2023-10,4
2471,2023-11,4
2471,2023-12,4
2471,2024-01,4
2471,2024-02,4
2471,2024-03,4
2471,2024-04,4
2471,2024-05,4
2471,2024-06,4
2471,2024-07,4
2471,2024-08,4
2471,2024-09,4
2471,2024-10,4
2471,2024-11,4
2471,2024-12,4
2472,2023-01,4
2472,2023-02,4
2472,2023-03,4
2472,2023-04,4
2472,2023-05,4
2472,2023-06,4
2472,2023-07,4
2472,2023-08,4
2472,2023-09,4
2472,2023-10,4
2472,2023-11,4
2472,2023-12,4
2472,2024-01,4
2472,2024-02,4
2472,2024-03,4
2472,2024-04,4
2472,2024-05,4
2472,2024-06,4
2472,2024-07,4
2472,2024-08,4
2472,2024-09,4
2472,2024-10,4
2472,2024-11,4
2472,2024-12,4
2473,2023-01,4
2473,2023-02,4
2473,2023-03,4
2473,2023-04,4
2473,2023-05,4
2473,2023-06,4
2473,2023-07,4
2473,2023-08,4
2473,2023-09,4
2473,2023-10,4
2473,2023-11,4
2473,2023-12,4
2473,2024-01,4
2473,2024-02,4
2473,2024-03,4
2473,2024-04,4
2473,2024-05,4
2473,2024-06,4
2473,2024-07,4
2473,2024-08,4
2473,2024-09,4
2473,2024-10,4
2473,2024-11,4
2473,2024-12,4
2474,2023-01,4
2474,2023-02,4
2474,2023-03,4
2474,2023-04,4
2474,2023-05,4
2474,2023-06,4
2474,2023-07,4
2474,2023-08,4
2474,2023-09,4
2474,2023-10,4
2474,2023-11,4
2474,2023-12,4
2474,2024-01,4
2474,2024-02,4
2474,2024-03,4
2474,2024-04,4
2474,2024-05,4
2474,2024-06,4
2474,2024-07,4
2474,2024-08,4
2474,2024-09,4
2474,2024-10,4
2474,2024-11,4
2474,2024-12,4
2475,2023-01,4
2475,2023-02,4
2475,2023-03,4
2475,2023-04,4
2475,2023-05,4
2475,2023-06,4
2475,2023-07,4
2475,2023-08,4
2475,2023-09,4
2475,2023-10,4
2475,2023-11,4
2475,2023-12,4
2475,2024-01,4
2475,2024-02,4
2475,2024-03,4
2475,2024-04,4
2475,2024-05,4
2475,2024-06,4
2475,2024-07,4
2475,2024-08,4
2475,2024-09,4
2475,2024-10,4
2475,2024-11,4
2475,2024-12,4
2476,2023-01,4
2476,2023-02,4
2476,2023-03,4
2476,2023-04,4
2476,2023-05,4
2476,2023-06,4
2476,2023-07,4
2476,2023-08,4
2476,2023-09,4
2476,2023-10,4
2476,2023-11,4
2476,2023-12,4
2476,2024-01,4
2476,2024-02,4
2476,2024-03,4
2476,2024-04,4
2476,2024-05,4
2476,2024-06,4
2476,2024-07,4
2476,2024-08,4
2476,2024-09,4
2476,2024-10,4
2476,2024-11,4
2476,2024-12,4
2477,2023-01,4
2477,2023-02,4
2477,2023-03,4
2477,2023-04,4
2477,2023-05,4
2477,2023-06,4
2477,2023-07,4
2477,2023-08,4
2477,2023-09,4
2477,2023-10,4
2477,2023-11,4
2477,2023-12,4
2477,2024-01,4
2477,2024-02,4
2477,2024-03,4
2477,2024-04,4
2477,2024-05,4
2477,2024-06,4
2477,2024-07,4
2477,2024-08,4
2477,2024-09,4
2477,2024-10,4
2477,2024-11,4
2477,2024-12,4
2478,2023-01,4
2478,2023-02,4
2478,2023-03,4
2478,2023-04,4
2478,2023-05,4
2478,2023-06,4
2478,2023-07,4
2478,2023-08,4
2478,2023-09,4
2478,2023-10,4
2478,2023-11,4
2478,2023-12,4
2478,2024-01,4
2478,2024-02,4
2478,2024-03,4
2478,2024-04,4
2478,2024-05,4
2478,2024-06,4
2478,2024-07,4
2478,2024-08,4
2478,2024-09,4
2478,2024-10,4
2478,2024-11,4
2478,2024-12,4
2479,2023-01,4
2479,2023-02,4
2479,2023-03,4
2479,2023-04,4
2479,2023-05,4
2479,2023-06,4
2479,2023-07,4
2479,2023-08,4
2479,2023-09,4
2479,2023-10,4
2479,2023-11,4
2479,2023-12,4
2479,2024-01,4
2479,2024-02,4
2479,2024-03,4
2479,2024-04,4
2479,2024-05,4
2479,2024-06,4
2479,2024-07,4
2479,2024-08,4
2479,2024-09,4
2479,2024-10,4
2479,2024-11,4
2479,2024-12,4
2480,2023-01,4
2480,2023-02,4
2480,2023-03,4
2480,2023-04,4
2480,2023-05,4
2480,2023-06,4
2480,2023-07,4
2480,2023-08,4
2480,2023-09,4
2480,2023-10,4
2480,2023-11,4
2480,2023-12,4
2480,2024-01,4
2480,2024-02,4
2480,2024-03,4
2480,2024-04,4
2480,2024-05,4
2480,2024-06,4
2480,2024-07,4
2480,2024-08,4
2480,2024-09,4
2480,2024-10,4
2480,2024-11,4
2480,2024-12,4
2481,2023-01,4
2481,2023-02,4
2481,2023-03,4
2481,2023-04,4
2481,2023-05,4
2481,2023-06,4
2481,2023-07,4
2481,2023-08,4
2481,2023-09,4
2481,2023-10,4
2481,2023-11,4
2481,2023-12,4
2481,2024-01,4
2481,2024-02,4
2481,2024-03,4
2481,2024-04,4
2481,2024-05,4
2481,2024-06,4
2481,2024-07,4
2481,2024-08,4
2481,2024-09,4
2481,2024-10,4
2481,2024-11,4
2481,2024-12,4
2482,2023-01,4
2482,2023-02,4
2482,2023-03,4
2482,2023-04,4
2482,2023-05,4
2482,2023-06,4
2482,2023-07,4
2482,2023-08,4
2482,2023-09,4
2482,2023-10,4
2482,2023-11,4
2482,2023-12,4
2482,2024-01,4
2482,2024-02,4
2482,2024-03,4
2482,2024-04,4
2482,2024-05,4
2482,2024-06,4
2482,2024-07,4
2482,2024-08,4
2482,2024-09,4
2482,2024-10,4
2482,2024-11,4
2482,2024-12,4
2483,2023-01,4
2483,2023-02,4
2483,2023-03,4
2483,2023-04,4
2483,2023-05,4
2483,2023-06,4
2483,2023-07,4
2483,2023-08,4
2483,2023-09,4
2483,2023-10,4
2483,2023-11,4
2483,2023-12,4
2483,2024-01,4
2483,2024-02,4
2483,2024-03,4
2483,2024-04,4
2483,2024-05,4
2483,2024-06,4
2483,2024-07,4
2483,2024-08,4
2483,2024-09,4
2483,2024-10,4
2483,2024-11,4
2483,2024-12,4
2484,2023-01,4
2484,2023-02,4
2484,2023-03,4
2484,2023-04,4
2484,2023-05,4
2484,2023-06,4
2484,2023-07,4
2484,2023-08,4
2484,2023-09,4
2484,2023-10,4
2484,2023-11,4
2484,2023-12,4
2484,2024-01,4
2484,2024-02,4
2484,2024-03,4
2484,2024-04,4
2484,2024-05,4
2484,2024-06,4
2484,2024-07,4
2484,2024-08,4
2484,2024-09,4
2484,2024-10,4
2484,2024-11,4
2484,2024-12,4
2485,2023-01,4
2485,2023-02,4
2485,2023-03,4
2485,2023-04,4
2485,2023-05,4
2485,2023-06,4
2485,2023-07,4
2485,2023-08,4
2485,2023-09,4
2485,2023-10,4
2485,2023-11,4
2485,2023-12,4
2485,2024-01,4
2485,2024-02,4
2485,2024-03,4
2485,2024-04,4
2485,2024-05,4
2485,2024-06,4
2485,2024-07,4
2485,2024-08,4
2485,2024-09,4
2485,2024-10,4
2485,2024-11,4
2485,2024-12,4
2486,2023-01,4
2486,2023-02,4
2486,2023-03,4
2486,2023-04,4
2486,2023-05,4
2486,2023-06,4
2486,2023-07,4
2486,2023-08,4
2486,2023-09,4
2486,2023-10,4
2486,2023-11,4
2486,2023-12,4
2486,2024-01,4
2486,2024-02,4
2486,2024-03,4
2486,2024-04,4
2486,2024-05,4
2486,2024-06,4
2486,2024-07,4
2486,2024-08,4
2486,2024-09,4
2486,2024-10,4
2486,2024-11,4
2486,2024-12,4
2487,2023-01,4
2487,2023-02,4
2487,2023-03,4
2487,2023-04,4
2487,2023-05,4
2487,2023-06,4
2487,2023-07,4
2487,2023-08,4
2487,2023-09,4
2487,2023-10,4
2487,2023-11,4
2487,2023-12,4
2487,2024-01,4
2487,2024-02,4
2487,2024-03,4
2487,2024-04,4
2487,2024-05,4
2487,2024-06,4
2487,2024-07,4
2487,2024-08,4
2487,2024-09,4
2487,2024-10,4
2487,2024-11,4
2487,2024-12,4
2488,2023-01,4
2488,2023-02,4
2488,2023-03,4
2488,2023-04,4
2488,2023-05,4
2488,2023-06,4
2488,2023-07,4
2488,2023-08,4
2488,2023-09,4
2488,2023-10,4
2488,2023-11,4
2488,2023-12,4
2488,2024-01,4
2488,2024-02,4
2488,2024-03,4
2488,2024-04,4
2488,2024-05,4
2488,2024-06,4
2488,2024-07,4
2488,2024-08,4
2488,2024-09,4
2488,2024-10,4
2488,2024-11,4
2488,2024-12,4
2489,2023-01,4
2489,2023-02,4
2489,2023-03,4
2489,2023-04,4
2489,2023-05,4
2489,2023-06,4
2489,2023-07,4
2489,2023-08,4
2489,2023-09,4
2489,2023-10,4
2489,2023-11,4
2489,2023-12,4
2489,2024-01,4
2489,2024-02,4
2489,2024-03,4
2489,2024-04,4
2489,2024-05,4
2489,2024-06,4
2489,2024-07,4
2489,2024-08,4
2489,2024-09,4
2489,2024-10,4
2489,2024-11,4
2489,2024-12,4
2490,2023-01,4
2490,2023-02,4
2490,2023-03,4
2490,2023-04,4
2490,2023-05,4
2490,2023-06,4
2490,2023-07,4
2490,2023-08,4
2490,2023-09,4
2490,2023-10,4
2490,2023-11,4
2490,2023-12,4
2490,2024-01,4
2490,2024-02,4
2490,2024-03,4
2490,2024-04,4
2490,2024-05,4
2490,2024-06,4
2490,2024-07,4
2490,2024-08,4
2490,2024-09,4
2490,2024-10,4
2490,2024-11,4
2490,2024-12,4
2491,2023-01,4
2491,2023-02,4
2491,2023-03,4
2491,2023-04,4
2491,2023-05,4
2491,2023-06,4
2491,2023-07,4
2491,2023-08,4
2491,2023-09,4
2491,2023-10,4
2491,2023-11,4
2491,2023-12,4
2491,2024-01,4
2491,2024-02,4
2491,2024-03,4
2491,2024-04,4
2491,2024-05,4
2491,2024-06,4
2491,2024-07,4
2491,2024-08,4
2491,2024-09,4
2491,2024-10,4
2491,2024-11,4
2491,2024-12,4
2492,2023-01,4
2492,2023-02,4
2492,2023-03,4
2492,2023-04,4
2492,2023-05,4
2492,2023-06,4
2492,2023-07,4
2492,2023-08,4
2492,2023-09,4
2492,2023-10,4
2492,2023-11,4
2492,2023-12,4
2492,2024-01,4
2492,2024-02,4
2492,2024-03,4
2492,2024-04,4
2492,2024-05,4
2492,2024-06,4
2492,2024-07,4
2492,2024-08,4
2492,2024-09,4
2492,2024-10,4
2492,2024-11,4
2492,2024-12,4
2493,2023-01,4
2493,2023-02,4
2493,2023-03,4
2493,2023-04,4
2493,2023-05,4
2493,2023-06,4
2493,2023-07,4
2493,2023-08,4
2493,2023-09,4
2493,2023-10,4
2493,2023-11,4
2493,2023-12,4
2493,2024-01,4
2493,2024-02,4
2493,2024-03,4
2493,2024-04,4
2493,2024-05,4
2493,2024-06,4
2493,2024-07,4
2493,2024-08,4
2493,2024-09,4
2493,2024-10,4
2493,2024-11,4
2493,2024-12,4
2494,2023-01,4
2494,2023-02,4
2494,2023-03,4
2494,2023-04,4
2494,2023-05,4
2494,2023-06,4
2494,2023-07,4
2494,2023-08,4
2494,2023-09,4
2494,2023-10,4
2494,2023-11,4
2494,2023-12,4
2494,2024-01,4
2494,2024-02,4
2494,2024-03,4
2494,2024-04,4
2494,2024-05,4
2494,2024-06,4
2494,2024-07,4
2494,2024-08,4
2494,2024-09,4
2494,2024-10,4
2494,2024-11,4
2494,2024-12,4
2495,2023-01,4
2495,2023-02,4
2495,2023-03,4
2495,2023-04,4
2495,2023-05,4
2495,2023-06,4
2495,2023-07,4
2495,2023-08,4
2495,2023-09,4
2495,2023-10,4
2495,2023-11,4
2495,2023-12,4
2495,2024-01,4
2495,2024-02,4
2495,2024-03,4
2495,2024-04,4
2495,2024-05,4
2495,2024-06,4
2495,2024-07,4
2495,2024-08,4
2495,2024-09,4
2495,2024-10,4
2495,2024-11,4
2495,2024-12,4
2496,2023-01,4
2496,2023-02,4
2496,2023-03,4
2496,2023-04,4
2496,2023-05,4
2496,2023-06,4
2496,2023-07,4
2496,2023-08,4
2496,2023-09,4
2496,2023-10,4
2496,2023-11,4
2496,2023-12,4
2496,2024-01,4
2496,2024-02,4
2496,2024-03,4
2496,2024-04,4
2496,2024-05,4
2496,2024-06,4
2496,2024-07,4
2496,2024-08,4
2496,2024-09,4
2496,2024-10,4
2496,2024-11,4
2496,2024-12,4
2497,2023-01,4
2497,2023-02,4
2497,2023-03,4
2497,2023-04,4
2497,2023-05,4
2497,2023-06,4
2497,2023-07,4
2497,2023-08,4
2497,2023-09,4
2497,2023-10,4
2497,2023-11,4
2497,2023-12,4
2497,2024-01,4
2497,2024-02,4
2497,2024-03,4
2497,2024-04,4
2497,2024-05,4
2497,2024-06,4
2497,2024-07,4
2497,2024-08,4
2497,2024-09,4
2497,2024-10,4
2497,2024-11,4
2497,2024-12,4
2498,2023-01,4
2498,2023-02,4
2498,2023-03,4
2498,2023-04,4
2498,2023-05,4
2498,2023-06,4
2498,2023-07,4
2498,2023-08,4
2498,2023-09,4
2498,2023-10,4
2498,2023-11,4
2498,2023-12,4
2498,2024-01,4
2498,2024-02,4
2498,2024-03,4
2498,2024-04,4
2498,2024-05,4
2498,2024-06,4
2498,2024-07,4
2498,2024-08,4
2498,2024-09,4
2498,2024-10,4
2498,2024-11,4
2498,2024-12,4
2499,2023-01,4
2499,2023-02,4
2499,2023-03,4
2499,2023-04,4
2499,2023-05,4
2499,2023-06,4
2499,2023-07,4
2499,2023-08,4
2499,2023-09,4
2499,2023-10,4
2499,2023-11,4
2499,2023-12,4
2499,2024-01,4
2499,2024-02,4
2499,2024-03,4
2499,2024-04,4
2499,2024-05,4
2499,2024-06,4
2499,2024-07,4
2499,2024-08,4
2499,2024-09,4
2499,2024-10,4
2499,2024-11,4
2499,2024-12,4
2500,2023-01,4
2500,2023-02,4
2500,2023-03,4
2500,2023-04,4
2500,2023-05,4
2500,2023-06,4
2500,2023-07,4
2500,2023-08,4
2500,2023-09,4
2500,2023-10,4
2500,2023-11,4
2500,2023-12,4
2500,2024-01,4
2500,2024-02,4
2500,2024-03,4
2500,2024-04,4
2500,2024-05,4
2500,2024-06,4
2500,2024-07,4
2500,2024-08,4
2500,2024-09,4
2500,2024-10,4
2500,2024-11,4
2500,2024-12,4
2501,2023-01,4
2501,2023-02,4
2501,2023-03,4
2501,2023-04,4
2501,2023-05,4
2501,2023-06,4
2501,2023-07,4
2501,2023-08,4
2501,2023-09,4
2501,2023-10,4
2501,2023-11,4
2501,2023-12,4
2501,2024-01,4
2501,2024-02,4
2501,2024-03,4
2501,2024-04,4
2501,2024-05,4
2501,2024-06,4
2501,2024-07,4
2501,2024-08,4
2501,2024-09,4
2501,2024-10,4
2501,2024-11,4
2501,2024-12,4
2502,2023-01,4
2502,2023-02,4
2502,2023-03,4
2502,2023-04,4
2502,2023-05,4
2502,2023-06,4
2502,2023-07,4
2502,2023-08,4
2502,2023-09,4
2502,2023-10,4
2502,2023-11,4
2502,2023-12,4
2502,2024-01,4
2502,2024-02,4
2502,2024-03,4
2502,2024-04,4
2502,2024-05,4
2502,2024-06,4
2502,2024-07,4
2502,2024-08,4
2502,2024-09,4
2502,2024-10,4
2502,2024-11,4
2502,2024-12,4
2503,2023-01,4
2503,2023-02,4
2503,2023-03,4
2503,2023-04,4
2503,2023-05,4
2503,2023-06,4
2503,2023-07,4
2503,2023-08,4
2503,2023-09,4
2503,2023-10,4
2503,2023-11,4
2503,2023-12,4
2503,2024-01,4
2503,2024-02,4
2503,2024-03,4
2503,2024-04,4
2503,2024-05,4
2503,2024-06,4
2503,2024-07,4
2503,2024-08,4
2503,2024-09,4
2503,2024-10,4
2503,2024-11,4
2503,2024-12,4
2504,2023-01,4
2504,2023-02,4
2504,2023-03,4
2504,2023-04,4
2504,2023-05,4
2504,2023-06,4
2504,2023-07,4
2504,2023-08,4
2504,2023-09,4
2504,2023-10,4
2504,2023-11,4
2504,2023-12,4
2504,2024-01,4
2504,2024-02,4
2504,2024-03,4
2504,2024-04,4
2504,2024-05,4
2504,2024-06,4
2504,2024-07,4
2504,2024-08,4
2504,2024-09,4
2504,2024-10,4
2504,2024-11,4
2504,2024-12,4
2505,2023-01,4
2505,2023-02,4
2505,2023-03,4
2505,2023-04,4
2505,2023-05,4
2505,2023-06,4
2505,2023-07,4
2505,2023-08,4
2505,2023-09,4
2505,2023-10,4
2505,2023-11,4
2505,2023-12,4
2505,2024-01,4
2505,2024-02,4
2505,2024-03,4
2505,2024-04,4
2505,2024-05,4
2505,2024-06,4
2505,2024-07,4
2505,2024-08,4
2505,2024-09,4
2505,2024-10,4
2505,2024-11,4
2505,2024-12,4
2506,2023-01,4
2506,2023-02,4
2506,2023-03,4
2506,2023-04,4
2506,2023-05,4
2506,2023-06,4
2506,2023-07,4
2506,2023-08,4
2506,2023-09,4
2506,2023-10,4
2506,2023-11,4
2506,2023-12,4
2506,2024-01,4
2506,2024-02,4
2506,2024-03,4
2506,2024-04,4
2506,2024-05,4
2506,2024-06,4
2506,2024-07,4
2506,2024-08,4
2506,2024-09,4
2506,2024-10,4
2506,2024-11,4
2506,2024-12,4
2507,2023-01,4
2507,2023-02,4
2507,2023-03,4
2507,2023-04,4
2507,2023-05,4
2507,2023-06,4
2507,2023-07,4
2507,2023-08,4
2507,2023-09,4
2507,2023-10,4
2507,2023-11,4
2507,2023-12,4
2507,2024-01,4
2507,2024-02,4
2507,2024-03,4
2507,2024-04,4
2507,2024-05,4
2507,2024-06,4
2507,2024-07,4
2507,2024-08,4
2507,2024-09,4
2507,2024-10,4
2507,2024-11,4
2507,2024-12,4
2508,2023-01,4
2508,2023-02,4
2508,2023-03,4
2508,2023-04,4
2508,2023-05,4
2508,2023-06,4
2508,2023-07,4
2508,2023-08,4
2508,2023-09,4
2508,2023-10,4
2508,2023-11,4
2508,2023-12,4
2508,2024-01,4
2508,2024-02,4
2508,2024-03,4
2508,2024-04,4
2508,2024-05,4
2508,2024-06,4
2508,2024-07,4
2508,2024-08,4
2508,2024-09,4
2508,2024-10,4
2508,2024-11,4
2508,2024-12,4
2509,2023-01,4
2509,2023-02,4
2509,2023-03,4
2509,2023-04,4
2509,2023-05,4
2509,2023-06,4
2509,2023-07,4
2509,2023-08,4
2509,2023-09,4
2509,2023-10,4
2509,2023-11,4
2509,2023-12,4
2509,2024-01,4
2509,2024-02,4
2509,2024-03,4
2509,2024-04,4
2509,2024-05,4
2509,2024-06,4
2509,2024-07,4
2509,2024-08,4
2509,2024-09,4
2509,2024-10,4
2509,2024-11,4
2509,2024-12,4
2510,2023-01,4
2510,2023-02,4
2510,2023-03,4
2510,2023-04,4
2510,2023-05,4
2510,2023-06,4
2510,2023-07,4
2510,2023-08,4
2510,2023-09,4
2510,2023-10,4
2510,2023-11,4
2510,2023-12,4
2510,2024-01,4
2510,2024-02,4
2510,2024-03,4
2510,2024-04,4
2510,2024-05,4
2510,2024-06,4
2510,2024-07,4
2510,2024-08,4
2510,2024-09,4
2510,2024-10,4
2510,2024-11,4
2510,2024-12,4
2511,2023-01,4
2511,2023-02,4
2511,2023-03,4
2511,2023-04,4
2511,2023-05,4
2511,2023-06,4
2511,2023-07,4
2511,2023-08,4
2511,2023-09,4
2511,2023-10,4
2511,2023-11,4
2511,2023-12,4
2511,2024-01,4
2511,2024-02,4
2511,2024-03,4
2511,2024-04,4
2511,2024-05,4
2511,2024-06,4
2511,2024-07,4
2511,2024-08,4
2511,2024-09,4
2511,2024-10,4
2511,2024-11,4
2511,2024-12,4
2512,2023-01,4
2512,2023-02,4
2512,2023-03,4
2512,2023-04,4
2512,2023-05,4
2512,2023-06,4
2512,2023-07,4
2512,2023-08,4
2512,2023-09,4
2512,2023-10,4
2512,2023-11,4
2512,2023-12,4
2512,2024-01,4
2512,2024-02,4
2512,2024-03,4
2512,2024-04,4
2512,2024-05,4
2512,2024-06,4
2512,2024-07,4
2512,2024-08,4
2512,2024-09,4
2512,2024-10,4
2512,2024-11,4
2512,2024-12,4
2513,2023-01,4
2513,2023-02,4
2513,2023-03,4
2513,2023-04,4
2513,2023-05,4
2513,2023-06,4
2513,2023-07,4
2513,2023-08,4
2513,2023-09,4
2513,2023-10,4
2513,2023-11,4
2513,2023-12,4
2513,2024-01,4
2513,2024-02,4
2513,2024-03,4
2513,2024-04,4
2513,2024-05,4
2513,2024-06,4
2513,2024-07,4
2513,2024-08,4
2513,2024-09,4
2513,2024-10,4
2513,2024-11,4
2513,2024-12,4
2514,2023-01,4
2514,2023-02,4
2514,2023-03,4
2514,2023-04,4
2514,2023-05,4
2514,2023-06,4
2514,2023-07,4
2514,2023-08,4
2514,2023-09,4
2514,2023-10,4
2514,2023-11,4
2514,2023-12,4
2514,2024-01,4
2514,2024-02,4
2514,2024-03,4
2514,2024-04,4
2514,2024-05,4
2514,2024-06,4
2514,2024-07,4
2514,2024-08,4
2514,2024-09,4
2514,2024-10,4
2514,2024-11,4
2514,2024-12,4
2515,2023-01,4
2515,2023-02,4
2515,2023-03,4
2515,2023-04,4
2515,2023-05,4
2515,2023-06,4
2515,2023-07,4
2515,2023-08,4
2515,2023-09,4
2515,2023-10,4
2515,2023-11,4
2515,2023-12,4
2515,2024-01,4
2515,2024-02,4
2515,2024-03,4
2515,2024-04,4
2515,2024-05,4
2515,2024-06,4
2515,2024-07,4
2515,2024-08,4
2515,2024-09,4
2515,2024-10,4
2515,2024-11,4
2515,2024-12,4
2516,2023-01,4
2516,2023-02,4
2516,2023-03,4
2516,2023-04,4
2516,2023-05,4
2516,2023-06,4
2516,2023-07,4
2516,2023-08,4
2516,2023-09,4
2516,2023-10,4
2516,2023-11,4
2516,2023-12,4
2516,2024-01,4
2516,2024-02,4
2516,2024-03,4
2516,2024-04,4
2516,2024-05,4
2516,2024-06,4
2516,2024-07,4
2516,2024-08,4
2516,2024-09,4
2516,2024-10,4
2516,2024-11,4
2516,2024-12,4
2517,2023-01,4
2517,2023-02,4
2517,2023-03,4
2517,2023-04,4
2517,2023-05,4
2517,2023-06,4
2517,2023-07,4
2517,2023-08,4
2517,2023-09,4
2517,2023-10,4
2517,2023-11,4
2517,2023-12,4
2517,2024-01,4
2517,2024-02,4
2517,2024-03,4
2517,2024-04,4
2517,2024-05,4
2517,2024-06,4
2517,2024-07,4
2517,2024-08,4
2517,2024-09,4
2517,2024-10,4
2517,2024-11,4
2517,2024-12,4
2518,2023-01,4
2518,2023-02,4
2518,2023-03,4
2518,2023-04,4
2518,2023-05,4
2518,2023-06,4
2518,2023-07,4
2518,2023-08,4
2518,2023-09,4
2518,2023-10,4
2518,2023-11,4
2518,2023-12,4
2518,2024-01,4
2518,2024-02,4
2518,2024-03,4
2518,2024-04,4
2518,2024-05,4
2518,2024-06,4
2518,2024-07,4
2518,2024-08,4
2518,2024-09,4
2518,2024-10,4
2518,2024-11,4
2518,2024-12,4
2519,2023-01,4
2519,2023-02,4
2519,2023-03,4
2519,2023-04,4
2519,2023-05,4
2519,2023-06,4
2519,2023-07,4
2519,2023-08,4
2519,2023-09,4
2519,2023-10,4
2519,2023-11,4
2519,2023-12,4
2519,2024-01,4
2519,2024-02,4
2519,2024-03,4
2519,2024-04,4
2519,2024-05,4
2519,2024-06,4
2519,2024-07,4
2519,2024-08,4
2519,2024-09,4
2519,2024-10,4
2519,2024-11,4
2519,2024-12,4
2520,2023-01,4
2520,2023-02,4
2520,2023-03,4
2520,2023-04,4
2520,2023-05,4
2520,2023-06,4
2520,2023-07,4
2520,2023-08,4
2520,2023-09,4
2520,2023-10,4
2520,2023-11,4
2520,2023-12,4
2520,2024-01,4
2520,2024-02,4
2520,2024-03,4
2520,2024-04,4
2520,2024-05,4
2520,2024-06,4
2520,2024-07,4
2520,2024-08,4
2520,2024-09,4
2520,2024-10,4
2520,2024-11,4
2520,2024-12,4
2521,2023-01,4
2521,2023-02,4
2521,2023-03,4
2521,2023-04,4
2521,2023-05,4
2521,2023-06,4
2521,2023-07,4
2521,2023-08,4
2521,2023-09,4
2521,2023-10,4
2521,2023-11,4
2521,2023-12,4
2521,2024-01,4
2521,2024-02,4
2521,2024-03,4
2521,2024-04,4
2521,2024-05,4
2521,2024-06,4
2521,2024-07,4
2521,2024-08,4
2521,2024-09,4
2521,2024-10,4
2521,2024-11,4
2521,2024-12,4
2522,2023-01,4
2522,2023-02,4
2522,2023-03,4
2522,2023-04,4
2522,2023-05,4
2522,2023-06,4
2522,2023-07,4
2522,2023-08,4
2522,2023-09,4
2522,2023-10,4
2522,2023-11,4
2522,2023-12,4
2522,2024-01,4
2522,2024-02,4
2522,2024-03,4
2522,2024-04,4
2522,2024-05,4
2522,2024-06,4
2522,2024-07,4
2522,2024-08,4
2522,2024-09,4
2522,2024-10,4
2522,2024-11,4
2522,2024-12,4
2525,2023-01,4
2525,2023-02,4
2525,2023-03,4
2525,2023-04,4
2525,2023-05,4
2525,2023-06,4
2525,2023-07,4
2525,2023-08,4
2525,2023-09,4
2525,2023-10,4
2525,2023-11,4
2525,2023-12,4
2525,2024-01,4
2525,2024-02,4
2525,2024-03,4
2525,2024-04,4
2525,2024-05,4
2525,2024-06,4
2525,2024-07,4
2525,2024-08,4
2525,2024-09,4
2525,2024-10,4
2525,2024-11,4
2525,2024-12,4
2526,2023-01,4
2526,2023-02,4
2526,2023-03,4
2526,2023-04,4
2526,2023-05,4
2526,2023-06,4
2526,2023-07,4
2526,2023-08,4
2526,2023-09,4
2526,2023-10,4
2526,2023-11,4
2526,2023-12,4
2526,2024-01,4
2526,2024-02,4
2526,2024-03,4
2526,2024-04,4
2526,2024-05,4
2526,2024-06,4
2526,2024-07,4
2526,2024-08,4
2526,2024-09,4
2526,2024-10,4
2526,2024-11,4
2526,2024-12,4
2527,2023-01,4
2527,2023-02,4
2527,2023-03,4
2527,2023-04,4
2527,2023-05,4
2527,2023-06,4
2527,2023-07,4
2527,2023-08,4
2527,2023-09,4
2527,2023-10,4
2527,2023-11,4
2527,2023-12,4
2527,2024-01,4
2527,2024-02,4
2527,2024-03,4
2527,2024-04,4
2527,2024-05,4
2527,2024-06,4
2527,2024-07,4
2527,2024-08,4
2527,2024-09,4
2527,2024-10,4
2527,2024-11,4
2527,2024-12,4
2528,2023-01,4
2528,2023-02,4
2528,2023-03,4
2528,2023-04,4
2528,2023-05,4
2528,2023-06,4
2528,2023-07,4
2528,2023-08,4
2528,2023-09,4
2528,2023-10,4
2528,2023-11,4
2528,2023-12,4
2528,2024-01,4
2528,2024-02,4
2528,2024-03,4
2528,2024-04,4
2528,2024-05,4
2528,2024-06,4
2528,2024-07,4
2528,2024-08,4
2528,2024-09,4
2528,2024-10,4
2528,2024-11,4
2528,2024-12,4
2529,2023-01,4
2529,2023-02,4
2529,2023-03,4
2529,2023-04,4
2529,2023-05,4
2529,2023-06,4
2529,2023-07,4
2529,2023-08,4
2529,2023-09,4
2529,2023-10,4
2529,2023-11,4
2529,2023-12,4
2529,2024-01,4
2529,2024-02,4
2529,2024-03,4
2529,2024-04,4
2529,2024-05,4
2529,2024-06,4
2529,2024-07,4
2529,2024-08,4
2529,2024-09,4
2529,2024-10,4
2529,2024-11,4
2529,2024-12,4
2530,2023-01,4
2530,2023-02,4
2530,2023-03,4
2530,2023-04,4
2530,2023-05,4
2530,2023-06,4
2530,2023-07,4
2530,2023-08,4
2530,2023-09,4
2530,2023-10,4
2530,2023-11,4
2530,2023-12,4
2530,2024-01,4
2530,2024-02,4
2530,2024-03,4
2530,2024-04,4
2530,2024-05,4
2530,2024-06,4
2530,2024-07,4
2530,2024-08,4
2530,2024-09,4
2530,2024-10,4
2530,2024-11,4
2530,2024-12,4
2531,2023-01,4
2531,2023-02,4
2531,2023-03,4
2531,2023-04,4
2531,2023-05,4
2531,2023-06,4
2531,2023-07,4
2531,2023-08,4
2531,2023-09,4
2531,2023-10,4
2531,2023-11,4
2531,2023-12,4
2531,2024-01,4
2531,2024-02,4
2531,2024-03,4
2531,2024-04,4
2531,2024-05,4
2531,2024-06,4
2531,2024-07,4
2531,2024-08,4
2531,2024-09,4
2531,2024-10,4
2531,2024-11,4
2531,2024-12,4
2532,2023-01,4
2532,2023-02,4
2532,2023-03,4
2532,2023-04,4
2532,2023-05,4
2532,2023-06,4
2532,2023-07,4
2532,2023-08,4
2532,2023-09,4
2532,2023-10,4
2532,2023-11,4
2532,2023-12,4
2532,2024-01,4
2532,2024-02,4
2532,2024-03,4
2532,2024-04,4
2532,2024-05,4
2532,2024-06,4
2532,2024-07,4
2532,2024-08,4
2532,2024-09,4
2532,2024-10,4
2532,2024-11,4
2532,2024-12,4
2533,2023-01,4
2533,2023-02,4
2533,2023-03,4
2533,2023-04,4
2533,2023-05,4
2533,2023-06,4
2533,2023-07,4
2533,2023-08,4
2533,2023-09,4
2533,2023-10,4
2533,2023-11,4
2533,2023-12,4
2533,2024-01,4
2533,2024-02,4
2533,2024-03,4
2533,2024-04,4
2533,2024-05,4
2533,2024-06,4
2533,2024-07,4
2533,2024-08,4
2533,2024-09,4
2533,2024-10,4
2533,2024-11,4
2533,2024-12,4
2534,2023-01,4
2534,2023-02,4
2534,2023-03,4
2534,2023-04,4
2534,2023-05,4
2534,2023-06,4
2534,2023-07,4
2534,2023-08,4
2534,2023-09,4
2534,2023-10,4
2534,2023-11,4
2534,2023-12,4
2534,2024-01,4
2534,2024-02,4
2534,2024-03,4
2534,2024-04,4
2534,2024-05,4
2534,2024-06,4
2534,2024-07,4
2534,2024-08,4
2534,2024-09,4
2534,2024-10,4
2534,2024-11,4
2534,2024-12,4
2535,2023-01,4
2535,2023-02,4
2535,2023-03,4
2535,2023-04,4
2535,2023-05,4
2535,2023-06,4
2535,2023-07,4
2535,2023-08,4
2535,2023-09,4
2535,2023-10,4
2535,2023-11,4
2535,2023-12,4
2535,2024-01,4
2535,2024-02,4
2535,2024-03,4
2535,2024-04,4
2535,2024-05,4
2535,2024-06,4
2535,2024-07,4
2535,2024-08,4
2535,2024-09,4
2535,2024-10,4
2535,2024-11,4
2535,2024-12,4
2536,2023-01,4
2536,2023-02,4
2536,2023-03,4
2536,2023-04,4
2536,2023-05,4
2536,2023-06,4
2536,2023-07,4
2536,2023-08,4
2536,2023-09,4
2536,2023-10,4
2536,2023-11,4
2536,2023-12,4
2536,2024-01,4
2536,2024-02,4
2536,2024-03,4
2536,2024-04,4
2536,2024-05,4
2536,2024-06,4
2536,2024-07,4
2536,2024-08,4
2536,2024-09,4
2536,2024-10,4
2536,2024-11,4
2536,2024-12,4
2537,2023-01,4
2537,2023-02,4
2537,2023-03,4
2537,2023-04,4
2537,2023-05,4
2537,2023-06,4
2537,2023-07,4
2537,2023-08,4
2537,2023-09,4
2537,2023-10,4
2537,2023-11,4
2537,2023-12,4
2537,2024-01,4
2537,2024-02,4
2537,2024-03,4
2537,2024-04,4
2537,2024-05,4
2537,2024-06,4
2537,2024-07,4
2537,2024-08,4
2537,2024-09,4
2537,2024-10,4
2537,2024-11,4
2537,2024-12,4
2538,2023-01,4
2538,2023-02,4
2538,2023-03,4
2538,2023-04,4
2538,2023-05,4
2538,2023-06,4
2538,2023-07,4
2538,2023-08,4
2538,2023-09,4
2538,2023-10,4
2538,2023-11,4
2538,2023-12,4
2538,2024-01,4
2538,2024-02,4
2538,2024-03,4
2538,2024-04,4
2538,2024-05,4
2538,2024-06,4
2538,2024-07,4
2538,2024-08,4
2538,2024-09,4
2538,2024-10,4
2538,2024-11,4
2538,2024-12,4
2539,2023-01,4
2539,2023-02,4
2539,2023-03,4
2539,2023-04,4
2539,2023-05,4
2539,2023-06,4
2539,2023-07,4
2539,2023-08,4
2539,2023-09,4
2539,2023-10,4
2539,2023-11,4
2539,2023-12,4
2539,2024-01,4
2539,2024-02,4
2539,2024-03,4
2539,2024-04,4
2539,2024-05,4
2539,2024-06,4
2539,2024-07,4
2539,2024-08,4
2539,2024-09,4
2539,2024-10,4
2539,2024-11,4
2539,2024-12,4
2540,2023-01,4
2540,2023-02,4
2540,2023-03,4
2540,2023-04,4
2540,2023-05,4
2540,2023-06,4
2540,2023-07,4
2540,2023-08,4
2540,2023-09,4
2540,2023-10,4
2540,2023-11,4
2540,2023-12,4
2540,2024-01,4
2540,2024-02,4
2540,2024-03,4
2540,2024-04,4
2540,2024-05,4
2540,2024-06,4
2540,2024-07,4
2540,2024-08,4
2540,2024-09,4
2540,2024-10,4
2540,2024-11,4
2540,2024-12,4
2541,2023-01,4
2541,2023-02,4
2541,2023-03,4
2541,2023-04,4
2541,2023-05,4
2541,2023-06,4
2541,2023-07,4
2541,2023-08,4
2541,2023-09,4
2541,2023-10,4
2541,2023-11,4
2541,2023-12,4
2541,2024-01,4
2541,2024-02,4
2541,2024-03,4
2541,2024-04,4
2541,2024-05,4
2541,2024-06,4
2541,2024-07,4
2541,2024-08,4
2541,2024-09,4
2541,2024-10,4
2541,2024-11,4
2541,2024-12,4
2542,2023-01,4
2542,2023-02,4
2542,2023-03,4
2542,2023-04,4
2542,2023-05,4
2542,2023-06,4
2542,2023-07,4
2542,2023-08,4
2542,2023-09,4
2542,2023-10,4
2542,2023-11,4
2542,2023-12,4
2542,2024-01,4
2542,2024-02,4
2542,2024-03,4
2542,2024-04,4
2542,2024-05,4
2542,2024-06,4
2542,2024-07,4
2542,2024-08,4
2542,2024-09,4
2542,2024-10,4
2542,2024-11,4
2542,2024-12,4
2543,2023-01,4
2543,2023-02,4
2543,2023-03,4
2543,2023-04,4
2543,2023-05,4
2543,2023-06,4
2543,2023-07,4
2543,2023-08,4
2543,2023-09,4
2543,2023-10,4
2543,2023-11,4
2543,2023-12,4
2543,2024-01,4
2543,2024-02,4
2543,2024-03,4
2543,2024-04,4
2543,2024-05,4
2543,2024-06,4
2543,2024-07,4
2543,2024-08,4
2543,2024-09,4
2543,2024-10,4
2543,2024-11,4
2543,2024-12,4
2544,2023-01,4
2544,2023-02,4
2544,2023-03,4
2544,2023-04,4
2544,2023-05,4
2544,2023-06,4
2544,2023-07,4
2544,2023-08,4
2544,2023-09,4
2544,2023-10,4
2544,2023-11,4
2544,2023-12,4
2544,2024-01,4
2544,2024-02,4
2544,2024-03,4
2544,2024-04,4
2544,2024-05,4
2544,2024-06,4
2544,2024-07,4
2544,2024-08,4
2544,2024-09,4
2544,2024-10,4
2544,2024-11,4
2544,2024-12,4
2545,2023-01,4
2545,2023-02,4
2545,2023-03,4
2545,2023-04,4
2545,2023-05,4
2545,2023-06,4
2545,2023-07,4
2545,2023-08,4
2545,2023-09,4
2545,2023-10,4
2545,2023-11,4
2545,2023-12,4
2545,2024-01,4
2545,2024-02,4
2545,2024-03,4
2545,2024-04,4
2545,2024-05,4
2545,2024-06,4
2545,2024-07,4
2545,2024-08,4
2545,2024-09,4
2545,2024-10,4
2545,2024-11,4
2545,2024-12,4
2546,2023-01,4
2546,2023-02,4
2546,2023-03,4
2546,2023-04,4
2546,2023-05,4
2546,2023-06,4
2546,2023-07,4
2546,2023-08,4
2546,2023-09,4
2546,2023-10,4
2546,2023-11,4
2546,2023-12,4
2546,2024-01,4
2546,2024-02,4
2546,2024-03,4
2546,2024-04,4
2546,2024-05,4
2546,2024-06,4
2546,2024-07,4
2546,2024-08,4
2546,2024-09,4
2546,2024-10,4
2546,2024-11,4
2546,2024-12,4
2547,2023-01,4
2547,2023-02,4
2547,2023-03,4
2547,2023-04,4
2547,2023-05,4
2547,2023-06,4
2547,2023-07,4
2547,2023-08,4
2547,2023-09,4
2547,2023-10,4
2547,2023-11,4
2547,2023-12,4
2547,2024-01,4
2547,2024-02,4
2547,2024-03,4
2547,2024-04,4
2547,2024-05,4
2547,2024-06,4
2547,2024-07,4
2547,2024-08,4
2547,2024-09,4
2547,2024-10,4
2547,2024-11,4
2547,2024-12,4
2548,2023-01,4
2548,2023-02,4
2548,2023-03,4
2548,2023-04,4
2548,2023-05,4
2548,2023-06,4
2548,2023-07,4
2548,2023-08,4
2548,2023-09,4
2548,2023-10,4
2548,2023-11,4
2548,2023-12,4
2548,2024-01,4
2548,2024-02,4
2548,2024-03,4
2548,2024-04,4
2548,2024-05,4
2548,2024-06,4
2548,2024-07,4
2548,2024-08,4
2548,2024-09,4
2548,2024-10,4
2548,2024-11,4
2548,2024-12,4
2549,2023-01,4
2549,2023-02,4
2549,2023-03,4
2549,2023-04,4
2549,2023-05,4
2549,2023-06,4
2549,2023-07,4
2549,2023-08,4
2549,2023-09,4
2549,2023-10,4
2549,2023-11,4
2549,2023-12,4
2549,2024-01,4
2549,2024-02,4
2549,2024-03,4
2549,2024-04,4
2549,2024-05,4
2549,2024-06,4
2549,2024-07,4
2549,2024-08,4
2549,2024-09,4
2549,2024-10,4
2549,2024-11,4
2549,2024-12,4
2550,2023-01,4
2550,2023-02,4
2550,2023-03,4
2550,2023-04,4
2550,2023-05,4
2550,2023-06,4
2550,2023-07,4
2550,2023-08,4
2550,2023-09,4
2550,2023-10,4
2550,2023-11,4
2550,2023-12,4
2550,2024-01,4
2550,2024-02,4
2550,2024-03,4
2550,2024-04,4
2550,2024-05,4
2550,2024-06,4
2550,2024-07,4
2550,2024-08,4
2550,2024-09,4
2550,2024-10,4
2550,2024-11,4
2550,2024-12,4
2551,2023-01,4
2551,2023-02,4
2551,2023-03,4
2551,2023-04,4
2551,2023-05,4
2551,2023-06,4
2551,2023-07,4
2551,2023-08,4
2551,2023-09,4
2551,2023-10,4
2551,2023-11,4
2551,2023-12,4
2551,2024-01,4
2551,2024-02,4
2551,2024-03,4
2551,2024-04,4
2551,2024-05,4
2551,2024-06,4
2551,2024-07,4
2551,2024-08,4
2551,2024-09,4
2551,2024-10,4
2551,2024-11,4
2551,2024-12,4
2552,2023-01,4
2552,2023-02,4
2552,2023-03,4
2552,2023-04,4
2552,2023-05,4
2552,2023-06,4
2552,2023-07,4
2552,2023-08,4
2552,2023-09,4
2552,2023-10,4
2552,2023-11,4
2552,2023-12,4
2552,2024-01,4
2552,2024-02,4
2552,2024-03,4
2552,2024-04,4
2552,2024-05,4
2552,2024-06,4
2552,2024-07,4
2552,2024-08,4
2552,2024-09,4
2552,2024-10,4
2552,2024-11,4
2552,2024-12,4
2553,2023-01,4
2553,2023-02,4
2553,2023-03,4
2553,2023-04,4
2553,2023-05,4
2553,2023-06,4
2553,2023-07,4
2553,2023-08,4
2553,2023-09,4
2553,2023-10,4
2553,2023-11,4
2553,2023-12,4
2553,2024-01,4
2553,2024-02,4
2553,2024-03,4
2553,2024-04,4
2553,2024-05,4
2553,2024-06,4
2553,2024-07,4
2553,2024-08,4
2553,2024-09,4
2553,2024-10,4
2553,2024-11,4
2553,2024-12,4
2554,2023-01,4
2554,2023-02,4
2554,2023-03,4
2554,2023-04,4
2554,2023-05,4
2554,2023-06,4
2554,2023-07,4
2554,2023-08,4
2554,2023-09,4
2554,2023-10,4
2554,2023-11,4
2554,2023-12,4
2554,2024-01,4
2554,2024-02,4
2554,2024-03,4
2554,2024-04,4
2554,2024-05,4
2554,2024-06,4
2554,2024-07,4
2554,2024-08,4
2554,2024-09,4
2554,2024-10,4
2554,2024-11,4
2554,2024-12,4
2555,2023-01,4
2555,2023-02,4
2555,2023-03,4
2555,2023-04,4
2555,2023-05,4
2555,2023-06,4
2555,2023-07,4
2555,2023-08,4
2555,2023-09,4
2555,2023-10,4
2555,2023-11,4
2555,2023-12,4
2555,2024-01,4
2555,2024-02,4
2555,2024-03,4
2555,2024-04,4
2555,2024-05,4
2555,2024-06,4
2555,2024-07,4
2555,2024-08,4
2555,2024-09,4
2555,2024-10,4
2555,2024-11,4
2555,2024-12,4
2556,2023-01,4
2556,2023-02,4
2556,2023-03,4
2556,2023-04,4
2556,2023-05,4
2556,2023-06,4
2556,2023-07,4
2556,2023-08,4
2556,2023-09,4
2556,2023-10,4
2556,2023-11,4
2556,2023-12,4
2556,2024-01,4
2556,2024-02,4
2556,2024-03,4
2556,2024-04,4
2556,2024-05,4
2556,2024-06,4
2556,2024-07,4
2556,2024-08,4
2556,2024-09,4
2556,2024-10,4
2556,2024-11,4
2556,2024-12,4
2557,2023-01,4
2557,2023-02,4
2557,2023-03,4
2557,2023-04,4
2557,2023-05,4
2557,2023-06,4
2557,2023-07,4
2557,2023-08,4
2557,2023-09,4
2557,2023-10,4
2557,2023-11,4
2557,2023-12,4
2557,2024-01,4
2557,2024-02,4
2557,2024-03,4
2557,2024-04,4
2557,2024-05,4
2557,2024-06,4
2557,2024-07,4
2557,2024-08,4
2557,2024-09,4
2557,2024-10,4
2557,2024-11,4
2557,2024-12,4
2558,2023-01,4
2558,2023-02,4
2558,2023-03,4
2558,2023-04,4
2558,2023-05,4
2558,2023-06,4
2558,2023-07,4
2558,2023-08,4
2558,2023-09,4
2558,2023-10,4
2558,2023-11,4
2558,2023-12,4
2558,2024-01,4
2558,2024-02,4
2558,2024-03,4
2558,2024-04,4
2558,2024-05,4
2558,2024-06,4
2558,2024-07,4
2558,2024-08,4
2558,2024-09,4
2558,2024-10,4
2558,2024-11,4
2558,2024-12,4
2559,2023-01,4
2559,2023-02,4
2559,2023-03,4
2559,2023-04,4
2559,2023-05,4
2559,2023-06,4
2559,2023-07,4
2559,2023-08,4
2559,2023-09,4
2559,2023-10,4
2559,2023-11,4
2559,2023-12,4
2559,2024-01,4
2559,2024-02,4
2559,2024-03,4
2559,2024-04,4
2559,2024-05,4
2559,2024-06,4
2559,2024-07,4
2559,2024-08,4
2559,2024-09,4
2559,2024-10,4
2559,2024-11,4
2559,2024-12,4
2560,2023-01,4
2560,2023-02,4
2560,2023-03,4
2560,2023-04,4
2560,2023-05,4
2560,2023-06,4
2560,2023-07,4
2560,2023-08,4
2560,2023-09,4
2560,2023-10,4
2560,2023-11,4
2560,2023-12,4
2560,2024-01,4
2560,2024-02,4
2560,2024-03,4
2560,2024-04,4
2560,2024-05,4
2560,2024-06,4
2560,2024-07,4
2560,2024-08,4
2560,2024-09,4
2560,2024-10,4
2560,2024-11,4
2560,2024-12,4
2561,2023-01,4
2561,2023-02,4
2561,2023-03,4
2561,2023-04,4
2561,2023-05,4
2561,2023-06,4
2561,2023-07,4
2561,2023-08,4
2561,2023-09,4
2561,2023-10,4
2561,2023-11,4
2561,2023-12,4
2561,2024-01,4
2561,2024-02,4
2561,2024-03,4
2561,2024-04,4
2561,2024-05,4
2561,2024-06,4
2561,2024-07,4
2561,2024-08,4
2561,2024-09,4
2561,2024-10,4
2561,2024-11,4
2561,2024-12,4
2562,2023-01,4
2562,2023-02,4
2562,2023-03,4
2562,2023-04,4
2562,2023-05,4
2562,2023-06,4
2562,2023-07,4
2562,2023-08,4
2562,2023-09,4
2562,2023-10,4
2562,2023-11,4
2562,2023-12,4
2562,2024-01,4
2562,2024-02,4
2562,2024-03,4
2562,2024-04,4
2562,2024-05,4
2562,2024-06,4
2562,2024-07,4
2562,2024-08,4
2562,2024-09,4
2562,2024-10,4
2562,2024-11,4
2562,2024-12,4
2563,2023-01,4
2563,2023-02,4
2563,2023-03,4
2563,2023-04,4
2563,2023-05,4
2563,2023-06,4
2563,2023-07,4
2563,2023-08,4
2563,2023-09,4
2563,2023-10,4
2563,2023-11,4
2563,2023-12,4
2563,2024-01,4
2563,2024-02,4
2563,2024-03,4
2563,2024-04,4
2563,2024-05,4
2563,2024-06,4
2563,2024-07,4
2563,2024-08,4
2563,2024-09,4
2563,2024-10,4
2563,2024-11,4
2563,2024-12,4
2564,2023-01,4
2564,2023-02,4
2564,2023-03,4
2564,2023-04,4
2564,2023-05,4
2564,2023-06,4
2564,2023-07,4
2564,2023-08,4
2564,2023-09,4
2564,2023-10,4
2564,2023-11,4
2564,2023-12,4
2564,2024-01,4
2564,2024-02,4
2564,2024-03,4
2564,2024-04,4
2564,2024-05,4
2564,2024-06,4
2564,2024-07,4
2564,2024-08,4
2564,2024-09,4
2564,2024-10,4
2564,2024-11,4
2564,2024-12,4
2565,2023-01,4
2565,2023-02,4
2565,2023-03,4
2565,2023-04,4
2565,2023-05,4
2565,2023-06,4
2565,2023-07,4
2565,2023-08,4
2565,2023-09,4
2565,2023-10,4
2565,2023-11,4
2565,2023-12,4
2565,2024-01,4
2565,2024-02,4
2565,2024-03,4
2565,2024-04,4
2565,2024-05,4
2565,2024-06,4
2565,2024-07,4
2565,2024-08,4
2565,2024-09,4
2565,2024-10,4
2565,2024-11,4
2565,2024-12,4
2566,2023-01,4
2566,2023-02,4
2566,2023-03,4
2566,2023-04,4
2566,2023-05,4
2566,2023-06,4
2566,2023-07,4
2566,2023-08,4
2566,2023-09,4
2566,2023-10,4
2566,2023-11,4
2566,2023-12,4
2566,2024-01,4
2566,2024-02,4
2566,2024-03,4
2566,2024-04,4
2566,2024-05,4
2566,2024-06,4
2566,2024-07,4
2566,2024-08,4
2566,2024-09,4
2566,2024-10,4
2566,2024-11,4
2566,2024-12,4
2567,2023-01,4
2567,2023-02,4
2567,2023-03,4
2567,2023-04,4
2567,2023-05,4
2567,2023-06,4
2567,2023-07,4
2567,2023-08,4
2567,2023-09,4
2567,2023-10,4
2567,2023-11,4
2567,2023-12,4
2567,2024-01,4
2567,2024-02,4
2567,2024-03,4
2567,2024-04,4
2567,2024-05,4
2567,2024-06,4
2567,2024-07,4
2567,2024-08,4
2567,2024-09,4
2567,2024-10,4
2567,2024-11,4
2567,2024-12,4
2568,2023-01,4
2568,2023-02,4
2568,2023-03,4
2568,2023-04,4
2568,2023-05,4
2568,2023-06,4
2568,2023-07,4
2568,2023-08,4
2568,2023-09,4
2568,2023-10,4
2568,2023-11,4
2568,2023-12,4
2568,2024-01,4
2568,2024-02,4
2568,2024-03,4
2568,2024-04,4
2568,2024-05,4
2568,2024-06,4
2568,2024-07,4
2568,2024-08,4
2568,2024-09,4
2568,2024-10,4
2568,2024-11,4
2568,2024-12,4
2569,2023-01,4
2569,2023-02,4
2569,2023-03,4
2569,2023-04,4
2569,2023-05,4
2569,2023-06,4
2569,2023-07,4
2569,2023-08,4
2569,2023-09,4
2569,2023-10,4
2569,2023-11,4
2569,2023-12,4
2569,2024-01,4
2569,2024-02,4
2569,2024-03,4
2569,2024-04,4
2569,2024-05,4
2569,2024-06,4
2569,2024-07,4
2569,2024-08,4
2569,2024-09,4
2569,2024-10,4
2569,2024-11,4
2569,2024-12,4
2570,2023-01,4
2570,2023-02,4
2570,2023-03,4
2570,2023-04,4
2570,2023-05,4
2570,2023-06,4
2570,2023-07,4
2570,2023-08,4
2570,2023-09,4
2570,2023-10,4
2570,2023-11,4
2570,2023-12,4
2570,2024-01,4
2570,2024-02,4
2570,2024-03,4
2570,2024-04,4
2570,2024-05,4
2570,2024-06,4
2570,2024-07,4
2570,2024-08,4
2570,2024-09,4
2570,2024-10,4
2570,2024-11,4
2570,2024-12,4
2571,2023-01,4
2571,2023-02,4
2571,2023-03,4
2571,2023-04,4
2571,2023-05,4
2571,2023-06,4
2571,2023-07,4
2571,2023-08,4
2571,2023-09,4
2571,2023-10,4
2571,2023-11,4
2571,2023-12,4
2571,2024-01,4
2571,2024-02,4
2571,2024-03,4
2571,2024-04,4
2571,2024-05,4
2571,2024-06,4
2571,2024-07,4
2571,2024-08,4
2571,2024-09,4
2571,2024-10,4
2571,2024-11,4
2571,2024-12,4
2572,2023-01,4
2572,2023-02,4
2572,2023-03,4
2572,2023-04,4
2572,2023-05,4
2572,2023-06,4
2572,2023-07,4
2572,2023-08,4
2572,2023-09,4
2572,2023-10,4
2572,2023-11,4
2572,2023-12,4
2572,2024-01,4
2572,2024-02,4
2572,2024-03,4
2572,2024-04,4
2572,2024-05,4
2572,2024-06,4
2572,2024-07,4
2572,2024-08,4
2572,2024-09,4
2572,2024-10,4
2572,2024-11,4
2572,2024-12,4
2573,2023-01,4
2573,2023-02,4
2573,2023-03,4
2573,2023-04,4
2573,2023-05,4
2573,2023-06,4
2573,2023-07,4
2573,2023-08,4
2573,2023-09,4
2573,2023-10,4
2573,2023-11,4
2573,2023-12,4
2573,2024-01,4
2573,2024-02,4
2573,2024-03,4
2573,2024-04,4
2573,2024-05,4
2573,2024-06,4
2573,2024-07,4
2573,2024-08,4
2573,2024-09,4
2573,2024-10,4
2573,2024-11,4
2573,2024-12,4
2574,2023-01,4
2574,2023-02,4
2574,2023-03,4
2574,2023-04,4
2574,2023-05,4
2574,2023-06,4
2574,2023-07,4
2574,2023-08,4
2574,2023-09,4
2574,2023-10,4
2574,2023-11,4
2574,2023-12,4
2574,2024-01,4
2574,2024-02,4
2574,2024-03,4
2574,2024-04,4
2574,2024-05,4
2574,2024-06,4
2574,2024-07,4
2574,2024-08,4
2574,2024-09,4
2574,2024-10,4
2574,2024-11,4
2574,2024-12,4
2575,2023-01,4
2575,2023-02,4
2575,2023-03,4
2575,2023-04,4
2575,2023-05,4
2575,2023-06,4
2575,2023-07,4
2575,2023-08,4
2575,2023-09,4
2575,2023-10,4
2575,2023-11,4
2575,2023-12,4
2575,2024-01,4
2575,2024-02,4
2575,2024-03,4
2575,2024-04,4
2575,2024-05,4
2575,2024-06,4
2575,2024-07,4
2575,2024-08,4
2575,2024-09,4
2575,2024-10,4
2575,2024-11,4
2575,2024-12,4
2576,2023-01,4
2576,2023-02,4
2576,2023-03,4
2576,2023-04,4
2576,2023-05,4
2576,2023-06,4
2576,2023-07,4
2576,2023-08,4
2576,2023-09,4
2576,2023-10,4
2576,2023-11,4
2576,2023-12,4
2576,2024-01,4
2576,2024-02,4
2576,2024-03,4
2576,2024-04,4
2576,2024-05,4
2576,2024-06,4
2576,2024-07,4
2576,2024-08,4
2576,2024-09,4
2576,2024-10,4
2576,2024-11,4
2576,2024-12,4
2577,2023-01,4
2577,2023-02,4
2577,2023-03,4
2577,2023-04,4
2577,2023-05,4
2577,2023-06,4
2577,2023-07,4
2577,2023-08,4
2577,2023-09,4
2577,2023-10,4
2577,2023-11,4
2577,2023-12,4
2577,2024-01,4
2577,2024-02,4
2577,2024-03,4
2577,2024-04,4
2577,2024-05,4
2577,2024-06,4
2577,2024-07,4
2577,2024-08,4
2577,2024-09,4
2577,2024-10,4
2577,2024-11,4
2577,2024-12,4
2578,2023-01,4
2578,2023-02,4
2578,2023-03,4
2578,2023-04,4
2578,2023-05,4
2578,2023-06,4
2578,2023-07,4
2578,2023-08,4
2578,2023-09,4
2578,2023-10,4
2578,2023-11,4
2578,2023-12,4
2578,2024-01,4
2578,2024-02,4
2578,2024-03,4
2578,2024-04,4
2578,2024-05,4
2578,2024-06,4
2578,2024-07,4
2578,2024-08,4
2578,2024-09,4
2578,2024-10,4
2578,2024-11,4
2578,2024-12,4
2579,2023-01,4
2579,2023-02,4
2579,2023-03,4
2579,2023-04,4
2579,2023-05,4
2579,2023-06,4
2579,2023-07,4
2579,2023-08,4
2579,2023-09,4
2579,2023-10,4
2579,2023-11,4
2579,2023-12,4
2579,2024-01,4
2579,2024-02,4
2579,2024-03,4
2579,2024-04,4
2579,2024-05,4
2579,2024-06,4
2579,2024-07,4
2579,2024-08,4
2579,2024-09,4
2579,2024-10,4
2579,2024-11,4
2579,2024-12,4
2580,2023-01,4
2580,2023-02,4
2580,2023-03,4
2580,2023-04,4
2580,2023-05,4
2580,2023-06,4
2580,2023-07,4
2580,2023-08,4
2580,2023-09,4
2580,2023-10,4
2580,2023-11,4
2580,2023-12,4
2580,2024-01,4
2580,2024-02,4
2580,2024-03,4
2580,2024-04,4
2580,2024-05,4
2580,2024-06,4
2580,2024-07,4
2580,2024-08,4
2580,2024-09,4
2580,2024-10,4
2580,2024-11,4
2580,2024-12,4
2581,2023-01,4
2581,2023-02,4
2581,2023-03,4
2581,2023-04,4
2581,2023-05,4
2581,2023-06,4
2581,2023-07,4
2581,2023-08,4
2581,2023-09,4
2581,2023-10,4
2581,2023-11,4
2581,2023-12,4
2581,2024-01,4
2581,2024-02,4
2581,2024-03,4
2581,2024-04,4
2581,2024-05,4
2581,2024-06,4
2581,2024-07,4
2581,2024-08,4
2581,2024-09,4
2581,2024-10,4
2581,2024-11,4
2581,2024-12,4
2582,2023-01,4
2582,2023-02,4
2582,2023-03,4
2582,2023-04,4
2582,2023-05,4
2582,2023-06,4
2582,2023-07,4
2582,2023-08,4
2582,2023-09,4
2582,2023-10,4
2582,2023-11,4
2582,2023-12,4
2582,2024-01,4
2582,2024-02,4
2582,2024-03,4
2582,2024-04,4
2582,2024-05,4
2582,2024-06,4
2582,2024-07,4
2582,2024-08,4
2582,2024-09,4
2582,2024-10,4
2582,2024-11,4
2582,2024-12,4
2583,2023-01,4
2583,2023-02,4
2583,2023-03,4
2583,2023-04,4
2583,2023-05,4
2583,2023-06,4
2583,2023-07,4
2583,2023-08,4
2583,2023-09,4
2583,2023-10,4
2583,2023-11,4
2583,2023-12,4
2583,2024-01,4
2583,2024-02,4
2583,2024-03,4
2583,2024-04,4
2583,2024-05,4
2583,2024-06,4
2583,2024-07,4
2583,2024-08,4
2583,2024-09,4
2583,2024-10,4
2583,2024-11,4
2583,2024-12,4
2584,2023-01,4
2584,2023-02,4
2584,2023-03,4
2584,2023-04,4
2584,2023-05,4
2584,2023-06,4
2584,2023-07,4
2584,2023-08,4
2584,2023-09,4
2584,2023-10,4
2584,2023-11,4
2584,2023-12,4
2584,2024-01,4
2584,2024-02,4
2584,2024-03,4
2584,2024-04,4
2584,2024-05,4
2584,2024-06,4
2584,2024-07,4
2584,2024-08,4
2584,2024-09,4
2584,2024-10,4
2584,2024-11,4
2584,2024-12,4
2585,2023-01,4
2585,2023-02,4
2585,2023-03,4
2585,2023-04,4
2585,2023-05,4
2585,2023-06,4
2585,2023-07,4
2585,2023-08,4
2585,2023-09,4
2585,2023-10,4
2585,2023-11,4
2585,2023-12,4
2585,2024-01,4
2585,2024-02,4
2585,2024-03,4
2585,2024-04,4
2585,2024-05,4
2585,2024-06,4
2585,2024-07,4
2585,2024-08,4
2585,2024-09,4
2585,2024-10,4
2585,2024-11,4
2585,2024-12,4
2586,2023-01,4
2586,2023-02,4
2586,2023-03,4
2586,2023-04,4
2586,2023-05,4
2586,2023-06,4
2586,2023-07,4
2586,2023-08,4
2586,2023-09,4
2586,2023-10,4
2586,2023-11,4
2586,2023-12,4
2586,2024-01,4
2586,2024-02,4
2586,2024-03,4
2586,2024-04,4
2586,2024-05,4
2586,2024-06,4
2586,2024-07,4
2586,2024-08,4
2586,2024-09,4
2586,2024-10,4
2586,2024-11,4
2586,2024-12,4
2587,2023-01,4
2587,2023-02,4
2587,2023-03,4
2587,2023-04,4
2587,2023-05,4
2587,2023-06,4
2587,2023-07,4
2587,2023-08,4
2587,2023-09,4
2587,2023-10,4
2587,2023-11,4
2587,2023-12,4
2587,2024-01,4
2587,2024-02,4
2587,2024-03,4
2587,2024-04,4
2587,2024-05,4
2587,2024-06,4
2587,2024-07,4
2587,2024-08,4
2587,2024-09,4
2587,2024-10,4
2587,2024-11,4
2587,2024-12,4
2588,2023-01,4
2588,2023-02,4
2588,2023-03,4
2588,2023-04,4
2588,2023-05,4
2588,2023-06,4
2588,2023-07,4
2588,2023-08,4
2588,2023-09,4
2588,2023-10,4
2588,2023-11,4
2588,2023-12,4
2588,2024-01,4
2588,2024-02,4
2588,2024-03,4
2588,2024-04,4
2588,2024-05,4
2588,2024-06,4
2588,2024-07,4
2588,2024-08,4
2588,2024-09,4
2588,2024-10,4
2588,2024-11,4
2588,2024-12,4
2589,2023-01,4
2589,2023-02,4
2589,2023-03,4
2589,2023-04,4
2589,2023-05,4
2589,2023-06,4
2589,2023-07,4
2589,2023-08,4
2589,2023-09,4
2589,2023-10,4
2589,2023-11,4
2589,2023-12,4
2589,2024-01,4
2589,2024-02,4
2589,2024-03,4
2589,2024-04,4
2589,2024-05,4
2589,2024-06,4
2589,2024-07,4
2589,2024-08,4
2589,2024-09,4
2589,2024-10,4
2589,2024-11,4
2589,2024-12,4
2590,2023-01,4
2590,2023-02,4
2590,2023-03,4
2590,2023-04,4
2590,2023-05,4
2590,2023-06,4
2590,2023-07,4
2590,2023-08,4
2590,2023-09,4
2590,2023-10,4
2590,2023-11,4
2590,2023-12,4
2590,2024-01,4
2590,2024-02,4
2590,2024-03,4
2590,2024-04,4
2590,2024-05,4
2590,2024-06,4
2590,2024-07,4
2590,2024-08,4
2590,2024-09,4
2590,2024-10,4
2590,2024-11,4
2590,2024-12,4
2591,2023-01,2
2591,2023-02,2
2591,2023-03,2
2591,2023-04,2
2591,2023-05,2
2591,2023-06,2
2591,2023-07,2
2591,2023-08,2
2591,2023-09,2
2591,2023-10,2
2591,2023-11,2
2591,2023-12,2
2591,2024-01,2
2591,2024-02,2
2591,2024-03,2
2591,2024-04,4
2591,2024-05,4
2591,2024-06,4
2591,2024-07,4
2591,2024-08,4
2591,2024-09,2
2591,2024-10,2
2591,2024-11,2
2591,2024-12,2
2592,2023-01,4
2592,2023-02,4
2592,2023-03,4
2592,2023-04,4
2592,2023-05,4
2592,2023-06,4
2592,2023-07,4
2592,2023-08,4
2592,2023-09,4
2592,2023-10,4
2592,2023-11,4
2592,2023-12,4
2592,2024-01,4
2592,2024-02,4
2592,2024-03,4
2592,2024-04,4
2592,2024-05,4
2592,2024-06,4
2592,2024-07,4
2592,2024-08,4
2592,2024-09,4
2592,2024-10,4
2592,2024-11,4
2592,2024-12,4
2593,2023-01,2
2593,2023-02,2
2593,2023-03,2
2593,2023-04,2
2593,2023-05,2
2593,2023-06,2
2593,2023-07,2
2593,2023-08,2
2593,2023-09,1
2593,2023-10,1
2593,2023-11,1
2593,2023-12,2
2593,2024-01,2
2593,2024-02,2
2593,2024-03,2
2593,2024-04,2
2593,2024-05,2
2593,2024-06,2
2593,2024-07,2
2593,2024-08,2
2593,2024-09,2
2593,2024-10,2
2593,2024-11,2
2593,2024-12,2
2595,2023-01,2
2595,2023-02,2
2595,2023-03,2
2595,2023-04,2
2595,2023-05,2
2595,2023-06,2
2595,2023-07,2
2595,2023-08,2
2595,2023-09,2
2595,2023-10,2
2595,2023-11,2
2595,2023-12,2
2595,2024-01,2
2595,2024-02,2
2595,2024-03,2
2595,2024-04,2
2595,2024-05,2
2595,2024-06,2
2595,2024-07,2
2595,2024-08,4
2595,2024-09,2
2595,2024-10,4
2595,2024-11,4
2595,2024-12,4
2596,2023-01,2
2596,2023-02,2
2596,2023-03,2
2596,2023-04,2
2596,2023-05,2
2596,2023-06,2
2596,2023-07,2
2596,2023-08,4
2596,2023-09,4
2596,2023-10,4
2596,2023-11,4
2596,2023-12,4
2596,2024-01,2
2596,2024-02,2
2596,2024-03,2
2596,2024-04,2
2596,2024-05,4
2596,2024-06,4
2596,2024-07,4
2596,2024-08,4
2596,2024-09,2
2596,2024-10,2
2596,2024-11,4
2596,2024-12,2
2597,2023-01,2
2597,2023-02,2
2597,2023-03,2
2597,2023-04,4
2597,2023-05,4
2597,2023-06,4
2597,2023-07,4
2597,2023-08,4
2597,2023-09,4
2597,2023-10,4
2597,2023-11,4
2597,2023-12,4
2597,2024-01,4
2597,2024-02,4
2597,2024-03,4
2597,2024-04,4
2597,2024-05,4
2597,2024-06,4
2597,2024-07,4
2597,2024-08,4
2597,2024-09,4
2597,2024-10,4
2597,2024-11,4
2597,2024-12,4
2598,2023-01,2
2598,2023-02,2
2598,2023-03,2
2598,2023-04,2
2598,2023-05,2
2598,2023-06,2
2598,2023-07,2
2598,2023-08,2
2598,2023-09,2
2598,2023-10,2
2598,2023-11,2
2598,2023-12,2
2598,2024-01,2
2598,2024-02,2
2598,2024-03,2
2598,2024-04,2
2598,2024-05,2
2598,2024-06,2
2598,2024-07,2
2598,2024-08,2
2598,2024-09,2
2598,2024-10,2
2598,2024-11,2
2598,2024-12,2
2599,2023-01,4
2599,2023-02,4
2599,2023-03,4
2599,2023-04,4
2599,2023-05,4
2599,2023-06,4
2599,2023-07,4
2599,2023-08,4
2599,2023-09,4
2599,2023-10,4
2599,2023-11,4
2599,2023-12,4
2599,2024-01,4
2599,2024-02,4
2599,2024-03,4
2599,2024-04,4
2599,2024-05,4
2599,2024-06,4
2599,2024-07,4
2599,2024-08,4
2599,2024-09,4
2599,2024-10,4
2599,2024-11,4
2599,2024-12,4
2600,2023-01,4
2600,2023-02,4
2600,2023-03,4
2600,2023-04,4
2600,2023-05,4
2600,2023-06,4
2600,2023-07,4
2600,2023-08,4
2600,2023-09,4
2600,2023-10,4
2600,2023-11,4
2600,2023-12,4
2600,2024-01,4
2600,2024-02,4
2600,2024-03,4
2600,2024-04,4
2600,2024-05,4
2600,2024-06,4
2600,2024-07,4
2600,2024-08,4
2600,2024-09,4
2600,2024-10,4
2600,2024-11,4
2600,2024-12,4
2601,2023-01,2
2601,2023-02,2
2601,2023-03,2
2601,2023-04,2
2601,2023-05,2
2601,2023-06,2
2601,2023-07,2
2601,2023-08,2
2601,2023-09,2
2601,2023-10,2
2601,2023-11,2
2601,2023-12,2
2601,2024-01,2
2601,2024-02,2
2601,2024-03,2
2601,2024-04,2
2601,2024-05,2
2601,2024-06,2
2601,2024-07,2
2601,2024-08,2
2601,2024-09,2
2601,2024-10,2
2601,2024-11,2
2601,2024-12,2
2602,2023-01,4
2602,2023-02,4
2602,2023-03,4
2602,2023-04,4
2602,2023-05,4
2602,2023-06,4
2602,2023-07,4
2602,2023-08,4
2602,2023-09,4
2602,2023-10,4
2602,2023-11,4
2602,2023-12,4
2602,2024-01,4
2602,2024-02,4
2602,2024-03,4
2602,2024-04,4
2602,2024-05,4
2602,2024-06,4
2602,2024-07,4
2602,2024-08,4
2602,2024-09,4
2602,2024-10,4
2602,2024-11,4
2602,2024-12,4
2604,2023-01,4
2604,2023-02,4
2604,2023-03,4
2604,2023-04,4
2604,2023-05,4
2604,2023-06,4
2604,2023-07,4
2604,2023-08,4
2604,2023-09,4
2604,2023-10,4
2604,2023-11,4
2604,2023-12,4
2604,2024-01,4
2604,2024-02,4
2604,2024-03,4
2604,2024-04,4
2604,2024-05,4
2604,2024-06,4
2604,2024-07,4
2604,2024-08,4
2604,2024-09,4
2604,2024-10,4
2604,2024-11,4
2604,2024-12,4
2605,2023-01,4
2605,2023-02,4
2605,2023-03,4
2605,2023-04,4
2605,2023-05,4
2605,2023-06,4
2605,2023-07,4
2605,2023-08,4
2605,2023-09,4
2605,2023-10,4
2605,2023-11,4
2605,2023-12,4
2605,2024-01,4
2605,2024-02,4
2605,2024-03,4
2605,2024-04,4
2605,2024-05,4
2605,2024-06,4
2605,2024-07,4
2605,2024-08,4
2605,2024-09,4
2605,2024-10,4
2605,2024-11,4
2605,2024-12,4
2606,2023-01,4
2606,2023-02,2
2606,2023-03,4
2606,2023-04,4
2606,2023-05,4
2606,2023-06,4
2606,2023-07,4
2606,2023-08,4
2606,2023-09,4
2606,2023-10,4
2606,2023-11,4
2606,2023-12,4
2606,2024-01,4
2606,2024-02,4
2606,2024-03,4
2606,2024-04,4
2606,2024-05,4
2606,2024-06,4
2606,2024-07,4
2606,2024-08,4
2606,2024-09,4
2606,2024-10,4
2606,2024-11,4
2606,2024-12,4
2607,2023-01,2
2607,2023-02,2
2607,2023-03,2
2607,2023-04,2
2607,2023-05,2
2607,2023-06,2
2607,2023-07,2
2607,2023-08,2
2607,2023-09,2
2607,2023-10,2
2607,2023-11,2
2607,2023-12,2
2607,2024-01,2
2607,2024-02,2
2607,2024-03,2
2607,2024-04,2
2607,2024-05,2
2607,2024-06,2
2607,2024-07,4
2607,2024-08,4
2607,2024-09,2
2607,2024-10,2
2607,2024-11,4
2607,2024-12,2
2618,2023-01,1
2618,2023-02,1
2618,2023-03,1
2618,2023-04,1
2618,2023-05,1
2618,2023-06,1
2618,2023-07,1
2618,2023-08,1
2618,2023-09,1
2618,2023-10,1
2618,2023-11,1
2618,2023-12,1
2618,2024-01,1
2618,2024-02,1
2618,2024-03,1
2618,2024-04,1
2618,2024-05,1
2618,2024-06,1
2618,2024-07,1
2618,2024-08,1
2618,2024-09,1
2618,2024-10,1
2618,2024-11,1
2618,2024-12,1
2619,2023-01,2
2619,2023-02,2
2619,2023-03,2
2619,2023-04,2
2619,2023-05,2
2619,2023-06,2
2619,2023-07,2
2619,2023-08,2
2619,2023-09,2
2619,2023-10,2
2619,2023-11,2
2619,2023-12,2
2619,2024-01,2
2619,2024-02,2
2619,2024-03,2
2619,2024-04,2
2619,2024-05,2
2619,2024-06,2
2619,2024-07,2
2619,2024-08,2
2619,2024-09,2
2619,2024-10,2
2619,2024-11,2
2619,2024-12,2
2620,2023-01,2
2620,2023-02,2
2620,2023-03,2
2620,2023-04,2
2620,2023-05,2
2620,2023-06,2
2620,2023-07,2
2620,2023-08,2
2620,2023-09,2
2620,2023-10,2
2620,2023-11,2
2620,2023-12,2
2620,2024-01,2
2620,2024-02,2
2620,2024-03,2
2620,2024-04,2
2620,2024-05,2
2620,2024-06,2
2620,2024-07,2
2620,2024-08,2
2620,2024-09,2
2620,2024-10,2
2620,2024-11,2
2620,2024-12,2
2621,2023-01,2
2621,2023-02,2
2621,2023-03,2
2621,2023-04,2
2621,2023-05,2
2621,2023-06,2
2621,2023-07,2
2621,2023-08,2
2621,2023-09,2
2621,2023-10,2
2621,2023-11,2
2621,2023-12,2
2621,2024-01,2
2621,2024-02,2
2621,2024-03,2
2621,2024-04,2
2621,2024-05,2
2621,2024-06,2
2621,2024-07,2
2621,2024-08,2
2621,2024-09,2
2621,2024-10,2
2621,2024-11,2
2621,2024-12,2
2644,2023-01,2
2644,2023-02,2
2644,2023-03,2
2644,2023-04,4
2644,2023-05,4
2644,2023-06,4
2644,2023-07,4
2644,2023-08,4
2644,2023-09,4
2644,2023-10,4
2644,2023-11,4
2644,2023-12,4
2644,2024-01,4
2644,2024-02,4
2644,2024-03,4
2644,2024-04,4
2644,2024-05,4
2644,2024-06,4
2644,2024-07,4
2644,2024-08,4
2644,2024-09,4
2644,2024-10,4
2644,2024-11,4
2644,2024-12,4
2646,2023-01,4
2646,2023-02,4
2646,2023-03,4
2646,2023-04,4
2646,2023-05,4
2646,2023-06,4
2646,2023-07,4
2646,2023-08,4
2646,2023-09,4
2646,2023-10,4
2646,2023-11,4
2646,2023-12,4
2646,2024-01,4
2646,2024-02,4
2646,2024-03,4
2646,2024-04,4
2646,2024-05,4
2646,2024-06,4
2646,2024-07,4
2646,2024-08,4
2646,2024-09,4
2646,2024-10,4
2646,2024-11,4
2646,2024-12,4
2648,2023-01,2
2648,2023-02,2
2648,2023-03,2
2648,2023-04,2
2648,2023-05,2
2648,2023-06,4
2648,2023-07,4
2648,2023-08,4
2648,2023-09,4
2648,2023-10,2
2648,2023-11,4
2648,2023-12,4
2648,2024-01,4
2648,2024-02,4
2648,2024-03,4
2648,2024-04,4
2648,2024-05,4
2648,2024-06,4
2648,2024-07,4
2648,2024-08,4
2648,2024-09,4
2648,2024-10,4
2648,2024-11,4
2648,2024-12,4
2649,2023-01,4
2649,2023-02,4
2649,2023-03,4
2649,2023-04,4
2649,2023-05,4
2649,2023-06,4
2649,2023-07,4
2649,2023-08,4
2649,2023-09,4
2649,2023-10,4
2649,2023-11,4
2649,2023-12,4
2649,2024-01,4
2649,2024-02,4
2649,2024-03,4
2649,2024-04,4
2649,2024-05,4
2649,2024-06,4
2649,2024-07,4
2649,2024-08,4
2649,2024-09,4
2649,2024-10,4
2649,2024-11,4
2649,2024-12,4
2651,2023-01,4
2651,2023-02,4
2651,2023-03,4
2651,2023-04,4
2651,2023-05,4
2651,2023-06,4
2651,2023-07,4
2651,2023-08,4
2651,2023-09,4
2651,2023-10,4
2651,2023-11,4
2651,2023-12,4
2651,2024-01,4
2651,2024-02,4
2651,2024-03,4
2651,2024-04,4
2651,2024-05,4
2651,2024-06,4
2651,2024-07,4
2651,2024-08,4
2651,2024-09,4
2651,2024-10,4
2651,2024-11,4
2651,2024-12,4
2652,2023-01,2
2652,2023-02,2
2652,2023-03,2
2652,2023-04,2
2652,2023-05,2
2652,2023-06,2
2652,2023-07,2
2652,2023-08,2
2652,2023-09,2
2652,2023-10,2
2652,2023-11,2
2652,2023-12,2
2652,2024-01,2
2652,2024-02,2
2652,2024-03,2
2652,2024-04,2
2652,2024-05,2
2652,2024-06,4
2652,2024-07,2
2652,2024-08,2
2652,2024-09,2
2652,2024-10,2
2652,2024-11,2
2652,2024-12,2
2710,2023-01,2
2710,2023-02,2
2710,2023-03,2
2710,2023-04,2
2710,2023-05,2
2710,2023-06,2
2710,2023-07,2
2710,2023-08,2
2710,2023-09,2
2710,2023-10,2
2710,2023-11,2
2710,2023-12,2
2710,2024-01,2
2710,2024-02,2
2710,2024-03,2
2710,2024-04,2
2710,2024-05,2
2710,2024-06,2
2710,2024-07,2
2710,2024-08,2
2710,2024-09,2
2710,2024-10,2
2710,2024-11,2
2710,2024-12,2
2808,2023-01,2
2808,2023-02,2
2808,2023-03,2
2808,2023-04,2
2808,2023-05,2
2808,2023-06,4
2808,2023-07,4
2808,2023-08,4
2808,2023-09,4
2808,2023-10,2
2808,2023-11,2
2808,2023-12,2
2808,2024-01,4
2808,2024-02,2
2808,2024-03,4
2808,2024-04,4
2808,2024-05,4
2808,2024-06,4
2808,2024-07,4
2808,2024-08,4
2808,2024-09,4
2808,2024-10,2
2808,2024-11,4
2808,2024-12,2
2809,2023-01,2
2809,2023-02,2
2809,2023-03,2
2809,2023-04,2
2809,2023-05,2
2809,2023-06,2
2809,2023-07,2
2809,2023-08,2
2809,2023-09,2
2809,2023-10,2
2809,2023-11,2
2809,2023-12,2
2809,2024-01,2
2809,2024-02,2
2809,2024-03,2
2809,2024-04,2
2809,2024-05,2
2809,2024-06,2
2809,2024-07,2
2809,2024-08,2
2809,2024-09,2
2809,2024-10,2
2809,2024-11,2
2809,2024-12,2
2813,2023-01,2
2813,2023-02,2
2813,2023-03,2
2813,2023-04,2
2813,2023-05,2
2813,2023-06,2
2813,2023-07,2
2813,2023-08,2
2813,2023-09,2
2813,2023-10,2
2813,2023-11,2
2813,2023-12,2
2813,2024-01,2
2813,2024-02,2
2813,2024-03,2
2813,2024-04,2
2813,2024-05,2
2813,2024-06,2
2813,2024-07,2
2813,2024-08,2
2813,2024-09,2
2813,2024-10,2
2813,2024-11,2
2813,2024-12,2
2814,2023-01,4
2814,2023-02,4
2814,2023-03,4
2814,2023-04,4
2814,2023-05,4
2814,2023-06,4
2814,2023-07,4
2814,2023-08,4
2814,2023-09,4
2814,2023-10,4
2814,2023-11,4
2814,2023-12,4
2814,2024-01,4
2814,2024-02,4
2814,2024-03,4
2814,2024-04,4
2814,2024-05,4
2814,2024-06,4
2814,2024-07,4
2814,2024-08,4
2814,2024-09,4
2814,2024-10,4
2814,2024-11,4
2814,2024-12,4
2872,2023-01,3
2872,2023-02,3
2872,2023-03,3
2872,2023-04,3
2872,2023-05,3
2872,2023-06,3
2872,2023-07,3
2872,2023-08,3
2872,2023-09,3
2872,2023-10,3
2872,2023-11,3
2872,2023-12,3
2872,2024-01,3
2872,2024-02,3
2872,2024-03,3
2872,2024-04,3
2872,2024-05,3
2872,2024-06,3
2872,2024-07,3
2872,2024-08,3
2872,2024-09,3
2872,2024-10,3
2872,2024-11,3
2872,2024-12,3
2876,2023-01,2
2876,2023-02,2
2876,2023-03,2
2876,2023-04,4
2876,2023-05,4
2876,2023-06,4
2876,2023-07,4
2876,2023-08,4
2876,2023-09,4
2876,2023-10,4
2876,2023-11,4
2876,2023-12,4
2876,2024-01,4
2876,2024-02,4
2876,2024-03,4
2876,2024-04,4
2876,2024-05,4
2876,2024-06,4
2876,2024-07,4
2876,2024-08,4
2876,2024-09,4
2876,2024-10,4
2876,2024-11,4
2876,2024-12,4
2879,2023-01,2
2879,2023-02,2
2879,2023-03,2
2879,2023-04,2
2879,2023-05,2
2879,2023-06,2
2879,2023-07,2
2879,2023-08,2
2879,2023-09,2
2879,2023-10,2
2879,2023-11,2
2879,2023-12,2
2879,2024-01,2
2879,2024-02,2
2879,2024-03,2
2879,2024-04,2
2879,2024-05,2
2879,2024-06,2
2879,2024-07,2
2879,2024-08,2
2879,2024-09,2
2879,2024-10,2
2879,2024-11,2
2879,2024-12,2
2880,2023-01,3
2880,2023-02,3
2880,2023-03,3
2880,2023-04,3
2880,2023-05,3
2880,2023-06,2
2880,2023-07,2
2880,2023-08,2
2880,2023-09,3
2880,2023-10,3
2880,2023-11,3
2880,2023-12,3
2880,2024-01,3
2880,2024-02,3
2880,2024-03,3
2880,2024-04,3
2880,2024-05,3
2880,2024-06,2
2880,2024-07,2
2880,2024-08,3
2880,2024-09,3
2880,2024-10,3
2880,2024-11,3
2880,2024-12,3
2881,2023-01,2
2881,2023-02,2
2881,2023-03,2
2881,2023-04,2
2881,2023-05,2
2881,2023-06,2
2881,2023-07,4
2881,2023-08,4
2881,2023-09,2
2881,2023-10,2
2881,2023-11,2
2881,2023-12,2
2881,2024-01,4
2881,2024-02,2
2881,2024-03,2
2881,2024-04,2
2881,2024-05,2
2881,2024-06,2
2881,2024-07,4
2881,2024-08,2
2881,2024-09,2
2881,2024-10,2
2881,2024-11,2
2881,2024-12,2
2882,2023-01,2
2882,2023-02,2
2882,2023-03,2
2882,2023-04,2
2882,2023-05,2
2882,2023-06,2
2882,2023-07,2
2882,2023-08,2
2882,2023-09,2
2882,2023-10,2
2882,2023-11,2
2882,2023-12,2
2882,2024-01,2
2882,2024-02,2
2882,2024-03,2
2882,2024-04,2
2882,2024-05,2
2882,2024-06,2
2882,2024-07,2
2882,2024-08,2
2882,2024-09,2
2882,2024-10,2
2882,2024-11,2
2882,2024-12,2
2883,2023-01,2
2883,2023-02,2
2883,2023-03,2
2883,2023-04,2
2883,2023-05,2
2883,2023-06,2
2883,2023-07,2
2883,2023-08,2
2883,2023-09,2
2883,2023-10,2
2883,2023-11,2
2883,2023-12,2
2883,2024-01,2
2883,2024-02,2
2883,2024-03,2
2883,2024-04,2
2883,2024-05,2
2883,2024-06,2
2883,2024-07,2
2883,2024-08,2
2883,2024-09,2
2883,2024-10,2
2883,2024-11,2
2883,2024-12,2
2884,2023-01,2
2884,2023-02,2
2884,2023-03,2
2884,2023-04,2
2884,2023-05,2
2884,2023-06,2
2884,2023-07,2
2884,2023-08,2
2884,2023-09,2
2884,2023-10,2
2884,2023-11,2
2884,2023-12,2
2884,2024-01,2
2884,2024-02,2
2884,2024-03,2
2884,2024-04,2
2884,2024-05,2
2884,2024-06,2
2884,2024-07,2
2884,2024-08,2
2884,2024-09,2
2884,2024-10,2
2884,2024-11,2
2884,2024-12,2
2885,2023-01,2
2885,2023-02,2
2885,2023-03,2
2885,2023-04,2
2885,2023-05,2
2885,2023-06,2
2885,2023-07,2
2885,2023-08,2
2885,2023-09,2
2885,2023-10,2
2885,2023-11,2
2885,2023-12,2
2885,2024-01,2
2885,2024-02,2
2885,2024-03,2
2885,2024-04,2
2885,2024-05,2
2885,2024-06,2
2885,2024-07,2
2885,2024-08,2
2885,2024-09,2
2885,2024-10,2
2885,2024-11,2
2885,2024-12,2
2886,2023-01,2
2886,2023-02,2
2886,2023-03,2
2886,2023-04,2
2886,2023-05,2
2886,2023-06,2
2886,2023-07,2
2886,2023-08,2
2886,2023-09,2
2886,2023-10,2
2886,2023-11,2
2886,2023-12,2
2886,2024-01,2
2886,2024-02,2
2886,2024-03,2
2886,2024-04,2
2886,2024-05,2
2886,2024-06,2
2886,2024-07,2
2886,2024-08,2
2886,2024-09,2
2886,2024-10,2
2886,2024-11,2
2886,2024-12,2
2887,2023-01,2
2887,2023-02,2
2887,2023-03,2
2887,2023-04,4
2887,2023-05,4
2887,2023-06,4
2887,2023-07,4
2887,2023-08,4
2887,2023-09,4
2887,2023-10,4
2887,2023-11,4
2887,2023-12,4
2887,2024-01,4
2887,2024-02,4
2887,2024-03,4
2887,2024-04,4
2887,2024-05,4
2887,2024-06,4
2887,2024-07,4
2887,2024-08,4
2887,2024-09,4
2887,2024-10,4
2887,2024-11,4
2887,2024-12,4
3005,2023-01,2
3005,2023-02,2
3005,2023-03,2
3005,2023-04,2
3005,2023-05,2
3005,2023-06,2
3005,2023-07,2
3005,2023-08,2
3005,2023-09,2
3005,2023-10,2
3005,2023-11,2
3005,2023-12,2
3005,2024-01,2
3005,2024-02,2
3005,2024-03,2
3005,2024-04,2
3005,2024-05,2
3005,2024-06,2
3005,2024-07,2
3005,2024-08,2
3005,2024-09,2
3005,2024-10,2
3005,2024-11,2
3005,2024-12,2
3007,2023-01,1
3007,2023-02,2
3007,2023-03,2
3007,2023-04,2
3007,2023-05,2
3007,2023-06,2
3007,2023-07,2
3007,2023-08,2
3007,2023-09,2
3007,2023-10,2
3007,2023-11,2
3007,2023-12,2
3007,2024-01,2
3007,2024-02,2
3007,2024-03,2
3007,2024-04,2
3007,2024-05,2
3007,2024-06,2
3007,2024-07,2
3007,2024-08,2
3007,2024-09,2
3007,2024-10,2
3007,2024-11,2
3007,2024-12,2
3009,2023-01,2
3009,2023-02,2
3009,2023-03,2
3009,2023-04,2
3009,2023-05,2
3009,2023-06,2
3009,2023-07,2
3009,2023-08,2
3009,2023-09,2
3009,2023-10,2
3009,2023-11,2
3009,2023-12,2
3009,2024-01,2
3009,2024-02,2
3009,2024-03,2
3009,2024-04,2
3009,2024-05,2
3009,2024-06,2
3009,2024-07,2
3009,2024-08,2
3009,2024-09,2
3009,2024-10,2
3009,2024-11,2
3009,2024-12,2
3011,2023-01,2
3011,2023-02,2
3011,2023-03,2
3011,2023-04,2
3011,2023-05,2
3011,2023-06,2
3011,2023-07,2
3011,2023-08,2
3011,2023-09,2
3011,2023-10,2
3011,2023-11,2
3011,2023-12,2
3011,2024-01,2
3011,2024-02,2
3011,2024-03,2
3011,2024-04,2
3011,2024-05,2
3011,2024-06,2
3011,2024-07,2
3011,2024-08,2
3011,2024-09,2
3011,2024-10,2
3011,2024-11,2
3011,2024-12,2
3012,2023-01,1
3012,2023-02,1
3012,2023-03,1
3012,2023-04,1
3012,2023-05,1
3012,2023-06,1
3012,2023-07,1
3012,2023-08,1
3012,2023-09,1
3012,2023-10,1
3012,2023-11,1
3012,2023-12,1
3012,2024-01,1
3012,2024-02,1
3012,2024-03,1
3012,2024-04,1
3012,2024-05,1
3012,2024-06,1
3012,2024-07,1
3012,2024-08,1
3012,2024-09,1
3012,2024-10,1
3012,2024-11,1
3012,2024-12,1
3013,2023-01,2
3013,2023-02,2
3013,2023-03,2
3013,2023-04,4
3013,2023-05,4
3013,2023-06,4
3013,2023-07,4
3013,2023-08,4
3013,2023-09,4
3013,2023-10,4
3013,2023-11,4
3013,2023-12,4
3013,2024-01,4
3013,2024-02,4
3013,2024-03,4
3013,2024-04,4
3013,2024-05,4
3013,2024-06,4
3013,2024-07,4
3013,2024-08,4
3013,2024-09,4
3013,2024-10,4
3013,2024-11,4
3013,2024-12,4
