territory_id,oktmo,region_name,municipal_district_name,source_rosstat
1,79701000000,Республика Адыгея,городской округ город Майкоп,data-20180110-structure-20150128.csv
2,79703000000,Республика Адыгея,городской округ город Адыгейск,data-20180110-structure-20150128.csv
3,79605000000,Республика Адыгея,Гиагинский муниципальный район,data-20180110-structure-20150128.csv
4,79615000000,Республика Адыгея,Кошехабльский муниципальный район,data-20180110-structure-20150128.csv
5,79618000000,Республика Адыгея,Красногвардейский муниципальный район,data-20180110-structure-20150128.csv
6,79622000000,Республика Адыгея,Майкопский муниципальный район,data-20180110-structure-20150128.csv
7,79630000000,Республика Адыгея,Тахтамукайский муниципальный район,data-20180110-structure-20150128.csv
8,79633000000,Республика Адыгея,Теучежский муниципальный район,data-20180110-structure-20150128.csv
9,79640000000,Республика Адыгея,Шовгеновский муниципальный район,data-20180110-structure-20150128.csv
10,84701000000,Республика Алтай,городской округ город Горно-Алтайск,data-20180110-structure-20150128.csv
11,84610000000,Республика Алтай,Кош-Агачский муниципальный район,data-20180110-structure-20150128.csv
12,84615000000,Республика Алтай,Майминский муниципальный район,data-20180110-structure-20150128.csv
13,84620000000,Республика Алтай,Онгудайский муниципальный район,data-20180110-structure-20150128.csv
14,84625000000,Республика Алтай,Турочакский муниципальный район,data-20180110-structure-20150128.csv
15,84630000000,Республика Алтай,Улаганский муниципальный район,data-20180110-structure-20150128.csv
16,84635000000,Республика Алтай,Усть-Канский муниципальный район,data-20180110-structure-20150128.csv
17,84640000000,Республика Алтай,Усть-Коксинский муниципальный район,data-20180110-structure-20150128.csv
18,84643000000,Республика Алтай,Чемальский муниципальный район,data-20180110-structure-20150128.csv
19,84645000000,Республика Алтай,Чойский муниципальный район,data-20180110-structure-20150128.csv
20,84650000000,Республика Алтай,Шебалинский муниципальный район,data-20180110-structure-20150128.csv
21,80701000000,Республика Башкортостан,городской округ город Уфа,data-20180110-structure-20150128.csv
22,80703000000,Республика Башкортостан,городской округ город Агидель,data-20180110-structure-20150128.csv
23,80723000000,Республика Башкортостан,городской округ город Кумертау,data-20180110-structure-20150128.csv
25,80727000000,Республика Башкортостан,городской округ город Нефтекамск,data-20180110-structure-20150128.csv
26,80735000000,Республика Башкортостан,городской округ город Октябрьский,data-20180110-structure-20150128.csv
27,80739000000,Республика Башкортостан,городской округ город Салават,data-20180110-structure-20150128.csv
28,80743000000,Республика Башкортостан,городской округ город Сибай,data-20180110-structure-20150128.csv
29,80745000000,Республика Башкортостан,городской округ город Стерлитамак,data-20180110-structure-20150128.csv
30,80601000000,Республика Башкортостан,Абзелиловский муниципальный район,data-20180110-structure-20150128.csv
31,80602000000,Республика Башкортостан,Альшеевский муниципальный район,data-20180110-structure-20150128.csv
32,80603000000,Республика Башкортостан,Архангельский муниципальный район,data-20180110-structure-20150128.csv
33,80604000000,Республика Башкортостан,Аскинский муниципальный район,data-20180110-structure-20150128.csv
34,80605000000,Республика Башкортостан,Аургазинский муниципальный район,data-20180110-structure-20150128.csv
35,80606000000,Республика Башкортостан,Баймакский муниципальный район,data-20180110-structure-20150128.csv
36,80607000000,Республика Башкортостан,Бакалинский муниципальный район,data-20180110-structure-20150128.csv
37,80608000000,Республика Башкортостан,Балтачевский муниципальный район,data-20180110-structure-20150128.csv
38,80609000000,Республика Башкортостан,Белебеевский муниципальный район,data-20180110-structure-20150128.csv
39,80610000000,Республика Башкортостан,Белокатайский муниципальный район,data-20180110-structure-20150128.csv
40,80611000000,Республика Башкортостан,Белорецкий муниципальный район,data-20180110-structure-20150128.csv
41,80612000000,Республика Башкортостан,Бижбулякский муниципальный район,data-20180110-structure-20150128.csv
42,80613000000,Республика Башкортостан,Бирский муниципальный район,data-20180110-structure-20150128.csv
43,80614000000,Республика Башкортостан,Благоварский муниципальный район,data-20180110-structure-20150128.csv
44,80615000000,Республика Башкортостан,Благовещенский муниципальный район,data-20180110-structure-20150128.csv
45,80617000000,Республика Башкортостан,Буздякский муниципальный район,data-20180110-structure-20150128.csv
46,80618000000,Республика Башкортостан,Бураевский муниципальный район,data-20180110-structure-20150128.csv
47,80619000000,Республика Башкортостан,Бурзянский муниципальный район,data-20180110-structure-20150128.csv
48,80621000000,Республика Башкортостан,Гафурийский муниципальный район,data-20180110-structure-20150128.csv
49,80622000000,Республика Башкортостан,Давлекановский муниципальный район,data-20180110-structure-20150128.csv
50,80623000000,Республика Башкортостан,Дуванский муниципальный район,data-20180110-structure-20150128.csv
51,80624000000,Республика Башкортостан,Дюртюлинский муниципальный район,data-20180110-structure-20150128.csv
52,80625000000,Республика Башкортостан,Ермекеевский муниципальный район,data-20180110-structure-20150128.csv
53,80626000000,Республика Башкортостан,Зианчуринский муниципальный район,data-20180110-structure-20150128.csv
54,80627000000,Республика Башкортостан,Зилаирский муниципальный район,data-20180110-structure-20150128.csv
55,80628000000,Республика Башкортостан,Иглинский муниципальный район,data-20180110-structure-20150128.csv
56,80630000000,Республика Башкортостан,Илишевский муниципальный район,data-20180110-structure-20150128.csv
57,80631000000,Республика Башкортостан,Ишимбайский муниципальный район,data-20180110-structure-20150128.csv
58,80633000000,Республика Башкортостан,Калтасинский муниципальный район,data-20180110-structure-20150128.csv
59,80634000000,Республика Башкортостан,Караидельский муниципальный район,data-20180110-structure-20150128.csv
60,80635000000,Республика Башкортостан,Кармаскалинский муниципальный район,data-20180110-structure-20150128.csv
61,80636000000,Республика Башкортостан,Кигинский муниципальный район,data-20180110-structure-20150128.csv
62,80637000000,Республика Башкортостан,Краснокамский муниципальный район,data-20180110-structure-20150128.csv
63,80638000000,Республика Башкортостан,Кугарчинский муниципальный район,data-20180110-structure-20150128.csv
65,80640000000,Республика Башкортостан,Кушнаренковский муниципальный район,data-20180110-structure-20150128.csv
66,80641000000,Республика Башкортостан,Мелеузовский муниципальный район,data-20180110-structure-20150128.csv
67,80642000000,Республика Башкортостан,Мечетлинский муниципальный район,data-20180110-structure-20150128.csv
68,80643000000,Республика Башкортостан,Мишкинский муниципальный район,data-20180110-structure-20150128.csv
69,80644000000,Республика Башкортостан,Миякинский муниципальный район,data-20180110-structure-20150128.csv
70,80645000000,Республика Башкортостан,Нуримановский муниципальный район,data-20180110-structure-20150128.csv
71,80647000000,Республика Башкортостан,Салаватский муниципальный район,data-20180110-structure-20150128.csv
72,80648000000,Республика Башкортостан,Стерлибашевский муниципальный район,data-20180110-structure-20150128.csv
73,80649000000,Республика Башкортостан,Стерлитамакский муниципальный район,data-20180110-structure-20150128.csv
74,80650000000,Республика Башкортостан,Татышлинский муниципальный район,data-20180110-structure-20150128.csv
75,80651000000,Республика Башкортостан,Туймазинский муниципальный район,data-20180110-structure-20150128.csv
76,80652000000,Республика Башкортостан,Уфимский муниципальный район,data-20180110-structure-20150128.csv
77,80653000000,Республика Башкортостан,Учалинский муниципальный район,data-20180110-structure-20150128.csv
78,80654000000,Республика Башкортостан,Федоровский муниципальный район,data-20180110-structure-20150128.csv
79,80655000000,Республика Башкортостан,Хайбуллинский муниципальный район,data-20180110-structure-20150128.csv
80,80656000000,Республика Башкортостан,Чекмагушевский муниципальный район,data-20180110-structure-20150128.csv
81,80657000000,Республика Башкортостан,Чишминский муниципальный район,data-20180110-structure-20150128.csv
82,80658000000,Республика Башкортостан,Шаранский муниципальный район,data-20180110-structure-20150128.csv
83,80659000000,Республика Башкортостан,Янаульский муниципальный район,data-20180110-structure-20150128.csv
167,83701000000,Кабардино-Балкарская Республика,городской округ Нальчик,data-20180110-structure-20150128.csv
168,83703000000,Кабардино-Балкарская Республика,городской округ Баксан,data-20180110-structure-20150128.csv
169,83710000000,Кабардино-Балкарская Республика,городской округ Прохладный,data-20180110-structure-20150128.csv
173,83620000000,Кабардино-Балкарская Республика,Майский муниципальный район,data-20180110-structure-20150128.csv
181,85605000000,Республика Калмыкия,Городовиковский муниципальный район,data-20180110-structure-20150128.csv
184,85615000000,Республика Калмыкия,Лаганский муниципальный район,data-20180110-structure-20150128.csv
185,85620000000,Республика Калмыкия,Малодербетовский муниципальный район,data-20180110-structure-20150128.csv
188,85632000000,Республика Калмыкия,Сарпинский муниципальный район,data-20180110-structure-20150128.csv
191,85646000000,Республика Калмыкия,Юстинский муниципальный район,data-20180110-structure-20150128.csv
194,91701000000,Карачаево-Черкесская Республика,городской округ Черкесский,data-20180110-structure-20150128.csv
195,91705000000,Карачаево-Черкесская Республика,городской округ Карачаевский,data-20180110-structure-20150128.csv
196,91601000000,Карачаево-Черкесская Республика,Абазинский муниципальный район,data-20180110-structure-20150128.csv
198,91610000000,Карачаево-Черкесская Республика,Зеленчукский муниципальный район,data-20180110-structure-20150128.csv
201,91623000000,Карачаево-Черкесская Республика,Ногайский муниципальный район,data-20180110-structure-20150128.csv
203,91630000000,Карачаево-Черкесская Республика,Урупский муниципальный район,data-20180110-structure-20150128.csv
204,91635000000,Карачаево-Черкесская Республика,Усть-Джегутинский муниципальный район,data-20180110-structure-20150128.csv
205,91640000000,Карачаево-Черкесская Республика,Хабезский муниципальный район,data-20180110-structure-20150128.csv
206,86701000000,Республика Карелия,городской округ Петрозаводский,data-20180110-structure-20150128.csv
207,86706000000,Республика Карелия,городской округ Костомукшский,data-20180110-structure-20150128.csv
208,86504000000,Республика Карелия,Беломорский муниципальный округ,data-20240101-structure-20150128.csv
209,86609000000,Республика Карелия,Калевальский муниципальный район,data-20180110-structure-20150128.csv
210,86612000000,Республика Карелия,Кемский муниципальный район,data-20180110-structure-20150128.csv
211,86615000000,Республика Карелия,Кондопожский муниципальный район,data-20180110-structure-20150128.csv
212,86618000000,Республика Карелия,Лахденпохский муниципальный район,data-20180110-structure-20150128.csv
213,86621000000,Республика Карелия,Лоухский муниципальный район,data-20180110-structure-20150128.csv
214,86624000000,Республика Карелия,Медвежьегорский муниципальный район,data-20180110-structure-20150128.csv
215,86627000000,Республика Карелия,Муезерский муниципальный район,data-20180110-structure-20150128.csv
216,86630000000,Республика Карелия,Олонецкий муниципальный район,data-20180110-structure-20150128.csv
217,86533000000,Республика Карелия,Питкярантский муниципальный округ,data-20240101-structure-20150128.csv
218,86636000000,Республика Карелия,Прионежский муниципальный район,data-20180110-structure-20150128.csv
219,86639000000,Республика Карелия,Пряжинский муниципальный район,data-20180110-structure-20150128.csv
220,86642000000,Республика Карелия,Пудожский муниципальный район,data-20180110-structure-20150128.csv
221,86545000000,Республика Карелия,Сегежский муниципальный округ,data-20240101-structure-20150128.csv
222,86610000000,Республика Карелия,Сортавальский муниципальный район,data-20180110-structure-20150128.csv
223,86550000000,Республика Карелия,Суоярвский муниципальный округ,data-20230208-structure-20150128.csv
224,87701000000,Республика Коми,городской округ Сыктывкар,data-20180110-structure-20150128.csv
225,87710000000,Республика Коми,городской округ Воркута,data-20180110-structure-20150128.csv
226,87512000000,Республика Коми,муниципальный округ Вуктыл,data-20240101-structure-20150128.csv
227,87715000000,Республика Коми,городской округ Инта,data-20180110-structure-20150128.csv
228,87523000000,Республика Коми,муниципальный округ Усинск,data-20240101-structure-20150128.csv
229,87725000000,Республика Коми,городской округ Ухта,data-20180110-structure-20150128.csv
230,87604000000,Республика Коми,Ижемский муниципальный район,data-20180110-structure-20150128.csv
231,87608000000,Республика Коми,Княжпогостский муниципальный район,data-20180110-structure-20150128.csv
232,87612000000,Республика Коми,Койгородский муниципальный район,data-20180110-structure-20150128.csv
233,87616000000,Республика Коми,Корткеросский муниципальный район,data-20180110-structure-20150128.csv
234,87620000000,Республика Коми,муниципальный район Печора,data-20180110-structure-20150128.csv
235,87624000000,Республика Коми,Прилузский муниципальный район,data-20180110-structure-20150128.csv
236,87626000000,Республика Коми,муниципальный район Сосногорск,data-20180110-structure-20150128.csv
237,87628000000,Республика Коми,Сыктывдинский муниципальный район,data-20180110-structure-20150128.csv
238,87632000000,Республика Коми,Сысольский муниципальный район,data-20180110-structure-20150128.csv
239,87636000000,Республика Коми,Троицко-Печорский муниципальный район,data-20180110-structure-20150128.csv
240,87640000000,Республика Коми,Удорский муниципальный район,data-20180110-structure-20150128.csv
241,87644000000,Республика Коми,Усть-Вымский муниципальный район,data-20180110-structure-20150128.csv
242,87648000000,Республика Коми,Усть-Куломский муниципальный район,data-20180110-structure-20150128.csv
243,87652000000,Республика Коми,Усть-Цилемский муниципальный район,data-20180110-structure-20150128.csv
269,88701000000,Республика Марий Эл,городской округ город Йошкар-Ола,data-20180110-structure-20150128.csv
270,88705000000,Республика Марий Эл,городской округ город Волжск,data-20180110-structure-20150128.csv
271,88715000000,Республика Марий Эл,городской округ город Козьмодемьянск,data-20180110-structure-20150128.csv
272,88604000000,Республика Марий Эл,Волжский муниципальный район,data-20180110-structure-20150128.csv
273,88608000000,Республика Марий Эл,Горномарийский муниципальный район,data-20180110-structure-20150128.csv
274,88612000000,Республика Марий Эл,Звениговский муниципальный район,data-20180110-structure-20150128.csv
275,88616000000,Республика Марий Эл,Килемарский муниципальный район,data-20180110-structure-20150128.csv
276,88620000000,Республика Марий Эл,Куженерский муниципальный район,data-20180110-structure-20150128.csv
277,88624000000,Республика Марий Эл,Мари-Турекский муниципальный район,data-20180110-structure-20150128.csv
278,88628000000,Республика Марий Эл,Медведевский муниципальный район,data-20180110-structure-20150128.csv
279,88632000000,Республика Марий Эл,Моркинский муниципальный район,data-20180110-structure-20150128.csv
280,88636000000,Республика Марий Эл,Новоторъяльский муниципальный район,data-20180110-structure-20150128.csv
281,88640000000,Республика Марий Эл,Оршанский муниципальный район,data-20180110-structure-20150128.csv
282,88644000000,Республика Марий Эл,Параньгинский муниципальный район,data-20180110-structure-20150128.csv
283,88648000000,Республика Марий Эл,Сернурский муниципальный район,data-20180110-structure-20150128.csv
284,88652000000,Республика Марий Эл,Советский муниципальный район,data-20180110-structure-20150128.csv
285,88656000000,Республика Марий Эл,Юринский муниципальный район,data-20180110-structure-20150128.csv
287,89603000000,Республика Мордовия,Ардатовский муниципальный район,data-20180110-structure-20150128.csv
288,89605000000,Республика Мордовия,Атюрьевский муниципальный район,data-20180110-structure-20150128.csv
289,89607000000,Республика Мордовия,Атяшевский муниципальный район,data-20180110-structure-20150128.csv
290,89610000000,Республика Мордовия,Большеберезниковский муниципальный район,data-20180110-structure-20150128.csv
292,89616000000,Республика Мордовия,Дубенский муниципальный район,data-20180110-structure-20150128.csv
293,89618000000,Республика Мордовия,Ельниковский муниципальный район,data-20180110-structure-20150128.csv
294,89621000000,Республика Мордовия,Зубово-Полянский муниципальный район,data-20180110-structure-20150128.csv
295,89624000000,Республика Мордовия,Инсарский муниципальный район,data-20180110-structure-20150128.csv
296,89626000000,Республика Мордовия,Ичалковский муниципальный район,data-20180110-structure-20150128.csv
297,89628000000,Республика Мордовия,Кадошкинский муниципальный район,data-20180110-structure-20150128.csv
298,89629000000,Республика Мордовия,Ковылкинский муниципальный район,data-20180110-structure-20150128.csv
300,89634000000,Республика Мордовия,Краснослободский муниципальный район,data-20180110-structure-20150128.csv
301,89637000000,Республика Мордовия,Лямбирский муниципальный район,data-20180110-structure-20150128.csv
302,89640000000,Республика Мордовия,Ромодановский муниципальный район,data-20180110-structure-20150128.csv
303,89643000000,Республика Мордовия,Рузаевский муниципальный район,data-20180110-structure-20150128.csv
304,89646000000,Республика Мордовия,Старошайговский муниципальный район,data-20180110-structure-20150128.csv
305,89649000000,Республика Мордовия,Темниковский муниципальный район,data-20180110-structure-20150128.csv
306,89651000000,Республика Мордовия,Теньгушевский муниципальный район,data-20180110-structure-20150128.csv
307,89654000000,Республика Мордовия,Торбеевский муниципальный район,data-20180110-structure-20150128.csv
308,89657000000,Республика Мордовия,Чамзинский муниципальный район,data-20180110-structure-20150128.csv
309,98701000000,Республика Саха (Якутия),городской округ город Якутск,data-20180110-structure-20150128.csv
312,98603000000,Республика Саха (Якутия),Алданский муниципальный район,data-20180110-structure-20150128.csv
314,98608000000,Республика Саха (Якутия),Амгинский муниципальный район,data-20180110-structure-20150128.csv
316,98612000000,Республика Саха (Якутия),Булунский муниципальный район,data-20180110-structure-20150128.csv
317,98614000000,Республика Саха (Якутия),Верхневилюйский муниципальный район,data-20180110-structure-20150128.csv
318,98615000000,Республика Саха (Якутия),Верхнеколымский муниципальный район,data-20180110-structure-20150128.csv
319,98616000000,Республика Саха (Якутия),Верхоянский муниципальный район,data-20180110-structure-20150128.csv
320,98618000000,Республика Саха (Якутия),Вилюйский муниципальный район,data-20180110-structure-20150128.csv
321,98620000000,Республика Саха (Якутия),Горный муниципальный район,data-20180110-structure-20150128.csv
323,98624000000,Республика Саха (Якутия),Кобяйский муниципальный район,data-20180110-structure-20150128.csv
324,98626000000,Республика Саха (Якутия),Нюрбинский муниципальный район,data-20180110-structure-20150128.csv
325,98627000000,Республика Саха (Якутия),Ленский муниципальный район,data-20180110-structure-20150128.csv
326,98629000000,Республика Саха (Якутия),Мегино-Кангаласский муниципальный район,data-20180110-structure-20150128.csv
327,98631000000,Республика Саха (Якутия),Мирнинский муниципальный район,data-20180110-structure-20150128.csv
329,98635000000,Республика Саха (Якутия),Намский муниципальный район,data-20180110-structure-20150128.csv
330,98660000000,Республика Саха (Якутия),Нерюнгринский муниципальный район,data-20180110-structure-20150128.csv
331,98637000000,Республика Саха (Якутия),Нижнеколымский муниципальный район,data-20180110-structure-20150128.csv
332,98639000000,Республика Саха (Якутия),Оймяконский муниципальный район,data-20180110-structure-20150128.csv
333,98641000000,Республика Саха (Якутия),Олекминский муниципальный район,data-20180110-structure-20150128.csv
334,98642000000,Республика Саха (Якутия),Оленекский эвенкийский национальный муниципальный район,data-20180426-structure-20150128.csv
335,98646000000,Республика Саха (Якутия),Среднеколымский муниципальный район,data-20180110-structure-20150128.csv
336,98648000000,Республика Саха (Якутия),Сунтарский муниципальный район,data-20180110-structure-20150128.csv
337,98604000000,Республика Саха (Якутия),Таттинский муниципальный район,data-20180110-structure-20150128.csv
338,98650000000,Республика Саха (Якутия),Томпонский муниципальный район,data-20180110-structure-20150128.csv
339,98652000000,Республика Саха (Якутия),Усть-Алданский муниципальный район,data-20180110-structure-20150128.csv
340,98654000000,Республика Саха (Якутия),Усть-Майский муниципальный район,data-20180110-structure-20150128.csv
341,98656000000,Республика Саха (Якутия),Усть-Янский муниципальный район,data-20180110-structure-20150128.csv
342,98644000000,Республика Саха (Якутия),Хангаласский муниципальный район,data-20180110-structure-20150128.csv
343,98658000000,Республика Саха (Якутия),Чурапчинский муниципальный район,data-20180110-structure-20150128.csv
345,90701000000,Республика Северная Осетия — Алания,городской округ город Владикавказ,data-20180110-structure-20150128.csv
346,90605000000,Республика Северная Осетия — Алания,Алагирский муниципальный район,data-20180110-structure-20150128.csv
347,90610000000,Республика Северная Осетия — Алания,Ардонский муниципальный район,data-20180110-structure-20150128.csv
348,90615000000,Республика Северная Осетия — Алания,Дигорский муниципальный район,data-20180110-structure-20150128.csv
349,90620000000,Республика Северная Осетия — Алания,Ирафский муниципальный район,data-20180110-structure-20150128.csv
351,90630000000,Республика Северная Осетия — Алания,Моздокский муниципальный район,data-20180110-structure-20150128.csv
352,90635000000,Республика Северная Осетия — Алания,Правобережный муниципальный район,data-20180110-structure-20150128.csv
354,92701000000,Республика Татарстан,городской округ город Казань,data-20180110-structure-20150128.csv
355,92730000000,Республика Татарстан,городской округ город Набережные Челны,data-20180110-structure-20150128.csv
356,92601000000,Республика Татарстан,Агрызский муниципальный район,data-20180110-structure-20150128.csv
357,92602000000,Республика Татарстан,Азнакаевский муниципальный район,data-20180110-structure-20150128.csv
358,92604000000,Республика Татарстан,Аксубаевский муниципальный район,data-20180110-structure-20150128.csv
359,92605000000,Республика Татарстан,Актанышский муниципальный район,data-20180110-structure-20150128.csv
360,92606000000,Республика Татарстан,Алексеевский муниципальный район,data-20180110-structure-20150128.csv
361,92607000000,Республика Татарстан,Алькеевский муниципальный район,data-20180110-structure-20150128.csv
362,92608000000,Республика Татарстан,Альметьевский муниципальный район,data-20180110-structure-20150128.csv
363,92610000000,Республика Татарстан,Апастовский муниципальный район,data-20180110-structure-20150128.csv
364,92612000000,Республика Татарстан,Арский муниципальный район,data-20180110-structure-20150128.csv
365,92613000000,Республика Татарстан,Атнинский муниципальный район,data-20180110-structure-20150128.csv
366,92614000000,Республика Татарстан,Бавлинский муниципальный район,data-20180110-structure-20150128.csv
367,92615000000,Республика Татарстан,Балтасинский муниципальный район,data-20180110-structure-20150128.csv
368,92617000000,Республика Татарстан,Бугульминский муниципальный район,data-20180110-structure-20150128.csv
369,92618000000,Республика Татарстан,Буинский муниципальный район,data-20180110-structure-20150128.csv
370,92620000000,Республика Татарстан,Верхнеуслонский муниципальный район,data-20180110-structure-20150128.csv
371,92622000000,Республика Татарстан,Высокогорский муниципальный район,data-20180110-structure-20150128.csv
372,92624000000,Республика Татарстан,Дрожжановский муниципальный район,data-20180110-structure-20150128.csv
373,92626000000,Республика Татарстан,Елабужский муниципальный район,data-20180110-structure-20150128.csv
374,92627000000,Республика Татарстан,Заинский муниципальный район,data-20180110-structure-20150128.csv
375,92628000000,Республика Татарстан,Зеленодольский муниципальный район,data-20180110-structure-20150128.csv
376,92629000000,Республика Татарстан,Кайбицкий муниципальный район,data-20180110-structure-20150128.csv
377,92630000000,Республика Татарстан,Камско-Устьинский муниципальный район,data-20180110-structure-20150128.csv
378,92633000000,Республика Татарстан,Кукморский муниципальный район,data-20180110-structure-20150128.csv
379,92634000000,Республика Татарстан,Лаишевский муниципальный район,data-20180110-structure-20150128.csv
380,92636000000,Республика Татарстан,Лениногорский муниципальный район,data-20180110-structure-20150128.csv
381,92638000000,Республика Татарстан,Мамадышский муниципальный район,data-20180110-structure-20150128.csv
382,92639000000,Республика Татарстан,Менделеевский муниципальный район,data-20180110-structure-20150128.csv
383,92640000000,Республика Татарстан,Мензелинский муниципальный район,data-20180110-structure-20150128.csv
384,92642000000,Республика Татарстан,Муслюмовский муниципальный район,data-20180110-structure-20150128.csv
385,92644000000,Республика Татарстан,Нижнекамский муниципальный район,data-20180110-structure-20150128.csv
386,92645000000,Республика Татарстан,Новошешминский муниципальный район,data-20180110-structure-20150128.csv
387,92646000000,Республика Татарстан,Нурлатский муниципальный район,data-20180110-structure-20150128.csv
388,92648000000,Республика Татарстан,Пестречинский муниципальный район,data-20180110-structure-20150128.csv
390,92652000000,Республика Татарстан,Сабинский муниципальный район,data-20180110-structure-20150128.csv
391,92653000000,Республика Татарстан,Сармановский муниципальный район,data-20180110-structure-20150128.csv
392,92632000000,Республика Татарстан,Спасский муниципальный район,data-20180110-structure-20150128.csv
393,92655000000,Республика Татарстан,Тетюшский муниципальный район,data-20180110-structure-20150128.csv
395,92656000000,Республика Татарстан,Тюлячинский муниципальный район,data-20180110-structure-20150128.csv
396,92658000000,Республика Татарстан,Черемшанский муниципальный район,data-20180110-structure-20150128.csv
397,92659000000,Республика Татарстан,Чистопольский муниципальный район,data-20180110-structure-20150128.csv
398,92654000000,Республика Татарстан,Ютазинский муниципальный район,data-20180110-structure-20150128.csv
401,93605000000,Республика Тыва,Бай-Тайгинский муниципальный район,data-20180110-structure-20150128.csv
402,93610000000,Республика Тыва,Барун-Хемчикский муниципальный район,data-20180110-structure-20150128.csv
403,93615000000,Республика Тыва,Дзун-Хемчикский муниципальный район,data-20180110-structure-20150128.csv
404,93620000000,Республика Тыва,Каа-Хемский муниципальный район,data-20180110-structure-20150128.csv
405,93622000000,Республика Тыва,Кызылский муниципальный район,data-20180110-structure-20150128.csv
408,93635000000,Республика Тыва,Пий-Хемский муниципальный район,data-20180110-structure-20150128.csv
410,93640000000,Республика Тыва,Тандинский муниципальный район,data-20180110-structure-20150128.csv
413,93650000000,Республика Тыва,Тоджинский муниципальный район,data-20180110-structure-20150128.csv
414,93654000000,Республика Тыва,Улуг-Хемский муниципальный район,data-20180110-structure-20150128.csv
416,93657000000,Республика Тыва,Чеди-Хольский муниципальный район,data-20180110-structure-20150128.csv
418,94701000000,Удмуртская Республика,городской округ город Ижевск,data-20180110-structure-20150128.csv
419,94710000000,Удмуртская Республика,городской округ город Воткинск,data-20180110-structure-20150128.csv
420,94720000000,Удмуртская Республика,городской округ город Глазов,data-20180110-structure-20150128.csv
421,94730000000,Удмуртская Республика,городской округ город Можга,data-20180110-structure-20150128.csv
422,94740000000,Удмуртская Республика,городской округ город Сарапул,data-20180110-structure-20150128.csv
423,94502000000,Удмуртская Республика,муниципальный округ Алнашский район,data-20220128-structure-20150128.csv
424,94504000000,Удмуртская Республика,муниципальный округ Балезинский район,data-20220128-structure-20150128.csv
425,94506000000,Удмуртская Республика,муниципальный округ Вавожский район,data-20220128-structure-20150128.csv
428,94512000000,Удмуртская Республика,муниципальный округ Граховский район,data-20220128-structure-20150128.csv
429,94514000000,Удмуртская Республика,муниципальный округ Дебёсский район,data-20220128-structure-20150128.csv
430,94516000000,Удмуртская Республика,муниципальный округ Завьяловский район,data-20220128-structure-20150128.csv
431,94518000000,Удмуртская Республика,муниципальный округ Игринский район,data-20220128-structure-20150128.csv
432,94520000000,Удмуртская Республика,муниципальный округ Камбарский район,data-20220128-structure-20150128.csv
433,94522000000,Удмуртская Республика,муниципальный округ Каракулинский район,data-20220128-structure-20150128.csv
434,94524000000,Удмуртская Республика,муниципальный округ Кезский район,data-20220128-structure-20150128.csv
435,94526000000,Удмуртская Республика,муниципальный округ Кизнерский район,data-20220128-structure-20150128.csv
436,94528000000,Удмуртская Республика,муниципальный округ Киясовский район,data-20220128-structure-20150128.csv
437,94530000000,Удмуртская Республика,муниципальный округ Красногорский район,data-20220128-structure-20150128.csv
438,94533000000,Удмуртская Республика,муниципальный округ Малопургинский район,data-20220128-structure-20150128.csv
440,94537000000,Удмуртская Республика,муниципальный округ Сарапульский район,data-20220128-structure-20150128.csv
441,94539000000,Удмуртская Республика,муниципальный округ Селтинский район,data-20220128-structure-20150128.csv
442,94541000000,Удмуртская Республика,муниципальный округ Сюмсинский район,data-20220128-structure-20150128.csv
443,94544000000,Удмуртская Республика,муниципальный округ Увинский район,data-20220128-structure-20150128.csv
444,94546000000,Удмуртская Республика,муниципальный округ Шарканский район,data-20220128-structure-20150128.csv
445,94548000000,Удмуртская Республика,муниципальный округ Юкаменский район,data-20220128-structure-20150128.csv
446,94550000000,Удмуртская Республика,муниципальный округ Якшур-Бодьинский район,data-20220128-structure-20150128.csv
447,94552000000,Удмуртская Республика,муниципальный округ Ярский район,data-20220128-structure-20150128.csv
448,95701000000,Республика Хакасия,городской округ город Абакан,data-20180110-structure-20150128.csv
449,95702000000,Республика Хакасия,городской округ город Абаза,data-20180110-structure-20150128.csv
450,95708000000,Республика Хакасия,городской округ город Саяногорск,data-20180110-structure-20150128.csv
451,95709000000,Республика Хакасия,городской округ город Сорск,data-20180110-structure-20150128.csv
452,95715000000,Республика Хакасия,городской округ город Черногорск,data-20180110-structure-20150128.csv
453,95605000000,Республика Хакасия,Алтайский муниципальный район,data-20180110-structure-20150128.csv
455,95612000000,Республика Хакасия,Бейский муниципальный район,data-20180110-structure-20150128.csv
456,95615000000,Республика Хакасия,Боградский муниципальный район,data-20180110-structure-20150128.csv
457,95620000000,Республика Хакасия,Орджоникидзевский муниципальный район,data-20180110-structure-20150128.csv
458,95625000000,Республика Хакасия,Таштыпский муниципальный район,data-20180110-structure-20150128.csv
459,95630000000,Республика Хакасия,Усть-Абаканский муниципальный район,data-20180110-structure-20150128.csv
460,95635000000,Республика Хакасия,Ширинский муниципальный район,data-20180110-structure-20150128.csv
478,97701000000,Чувашская Республика,городской округ город Чебоксары,data-20180110-structure-20150128.csv
479,97704000000,Чувашская Республика,городской округ город Алатырь,data-20180110-structure-20150128.csv
480,97707000000,Чувашская Республика,городской округ город Канаш,data-20180110-structure-20150128.csv
481,97710000000,Чувашская Республика,городской округ город Новочебоксарск,data-20180110-structure-20150128.csv
482,97713000000,Чувашская Республика,городской округ город Шумерля,data-20180110-structure-20150128.csv
484,97505000000,Чувашская Республика,Аликовский муниципальный округ,data-20221219-structure-20150128.csv
485,97507000000,Чувашская Республика,Батыревский муниципальный округ,data-20221219-structure-20150128.csv
486,97510000000,Чувашская Республика,Вурнарский муниципальный округ,data-20221219-structure-20150128.csv
487,97513000000,Чувашская Республика,Ибресинский муниципальный округ,data-20221219-structure-20150128.csv
489,97519000000,Чувашская Республика,Козловский муниципальный округ,data-20221219-structure-20150128.csv
490,97521000000,Чувашская Республика,Комсомольский муниципальный округ,data-20221219-structure-20150128.csv
491,97524000000,Чувашская Республика,Красноармейский муниципальный округ,data-20220128-structure-20150128.csv
492,97526000000,Чувашская Республика,Красночетайский муниципальный округ,data-20221219-structure-20150128.csv
493,97529000000,Чувашская Республика,Мариинско-Посадский муниципальный округ,data-20221219-structure-20150128.csv
494,97532000000,Чувашская Республика,Моргаушский муниципальный округ,data-20221219-structure-20150128.csv
495,97535000000,Чувашская Республика,Порецкий муниципальный округ,data-20221219-structure-20150128.csv
496,97538000000,Чувашская Республика,Урмарский муниципальный округ,data-20221219-structure-20150128.csv
497,97541000000,Чувашская Республика,Цивильский муниципальный округ,data-20221219-structure-20150128.csv
498,97544000000,Чувашская Республика,Чебоксарский муниципальный округ,data-20221219-structure-20150128.csv
499,97547000000,Чувашская Республика,Шемуршинский муниципальный округ,data-20221219-structure-20150128.csv
501,97553000000,Чувашская Республика,Ядринский муниципальный округ,data-20221219-structure-20150128.csv
502,97555000000,Чувашская Республика,Яльчикский муниципальный округ,data-20221219-structure-20150128.csv
503,97558000000,Чувашская Республика,Янтиковский муниципальный округ,data-20221219-structure-20150128.csv
504,01701000000,Алтайский край,городской округ город Барнаул,data-20180110-structure-20150128.csv
505,01703000000,Алтайский край,городской округ город Алейск,data-20180110-structure-20150128.csv
506,01704000000,Алтайский край,городской округ город Белокуриха,data-20180110-structure-20150128.csv
507,01705000000,Алтайский край,городской округ город Бийск,data-20180110-structure-20150128.csv
508,01706000000,Алтайский край,городской округ город Заринск,data-20180110-structure-20150128.csv
509,01713000000,Алтайский край,городской округ город Новоалтайск,data-20180110-structure-20150128.csv
510,01716000000,Алтайский край,городской округ город Рубцовск,data-20180110-structure-20150128.csv
511,01539000000,Алтайский край,муниципальный округ город Славгород,data-20221219-structure-20150128.csv
512,01730000000,Алтайский край,городской округ город Яровое,data-20180110-structure-20150128.csv
515,01602000000,Алтайский край,Алтайский муниципальный район,data-20180110-structure-20150128.csv
516,01603000000,Алтайский край,Баевский муниципальный район,data-20180110-structure-20150128.csv
517,01604000000,Алтайский край,Бийский муниципальный район,data-20180110-structure-20150128.csv
518,01605000000,Алтайский край,Благовещенский муниципальный район,data-20180110-structure-20150128.csv
519,01606000000,Алтайский край,Бурлинский муниципальный район,data-20180110-structure-20150128.csv
520,01607000000,Алтайский край,Быстроистокский муниципальный район,data-20180110-structure-20150128.csv
521,01608000000,Алтайский край,Волчихинский муниципальный район,data-20180110-structure-20150128.csv
522,01609000000,Алтайский край,Егорьевский муниципальный район,data-20180110-structure-20150128.csv
523,01610000000,Алтайский край,Ельцовский муниципальный район,data-20180110-structure-20150128.csv
524,01611000000,Алтайский край,Завьяловский муниципальный район,data-20180110-structure-20150128.csv
525,01512000000,Алтайский край,Залесовский муниципальный округ,data-20220128-structure-20150128.csv
527,01614000000,Алтайский край,Змеиногорский муниципальный район,data-20180110-structure-20150128.csv
528,01615000000,Алтайский край,Калманский муниципальный район,data-20180110-structure-20150128.csv
529,01616000000,Алтайский край,Каменский муниципальный район,data-20180110-structure-20150128.csv
530,01617000000,Алтайский край,Ключевский муниципальный район,data-20180110-structure-20150128.csv
531,01618000000,Алтайский край,Косихинский муниципальный район,data-20180110-structure-20150128.csv
532,01619000000,Алтайский край,Красногорский муниципальный район,data-20180110-structure-20150128.csv
533,01620000000,Алтайский край,Краснощёковский муниципальный район,data-20180110-structure-20150128.csv
534,01621000000,Алтайский край,Крутихинский муниципальный район,data-20180110-structure-20150128.csv
535,01622000000,Алтайский край,Кулундинский муниципальный район,data-20180110-structure-20150128.csv
536,01623000000,Алтайский край,Курьинский муниципальный район,data-20180110-structure-20150128.csv
537,01624000000,Алтайский край,Кытмановский муниципальный район,data-20180110-structure-20150128.csv
538,01625000000,Алтайский край,Локтевский муниципальный район,data-20180110-structure-20150128.csv
539,01626000000,Алтайский край,Мамонтовский муниципальный район,data-20180110-structure-20150128.csv
540,01627000000,Алтайский край,Михайловский муниципальный район,data-20180110-structure-20150128.csv
541,01628000000,Алтайский край,Новичихинский муниципальный район,data-20180110-structure-20150128.csv
542,01629000000,Алтайский край,Зональный муниципальный район,data-20180110-structure-20150128.csv
543,01630000000,Алтайский край,Павловский муниципальный район,data-20180110-structure-20150128.csv
544,01631000000,Алтайский край,Панкрушихинский муниципальный район,data-20180110-structure-20150128.csv
545,01632000000,Алтайский край,Первомайский муниципальный район,data-20180110-structure-20150128.csv
546,01633000000,Алтайский край,Петропавловский муниципальный район,data-20180110-structure-20150128.csv
547,01634000000,Алтайский край,Поспелихинский муниципальный район,data-20180110-structure-20150128.csv
548,01635000000,Алтайский край,Ребрихинский муниципальный район,data-20180110-structure-20150128.csv
549,01636000000,Алтайский край,Родинский муниципальный район,data-20180110-structure-20150128.csv
550,01637000000,Алтайский край,Романовский муниципальный район,data-20180110-structure-20150128.csv
552,01640000000,Алтайский край,Смоленский муниципальный район,data-20180110-structure-20150128.csv
553,01541000000,Алтайский край,муниципальный округ Суетский район,data-20221219-structure-20150128.csv
554,01642000000,Алтайский край,Советский муниципальный район,data-20180110-structure-20150128.csv
555,01643000000,Алтайский край,Солонешенский муниципальный район,data-20180110-structure-20150128.csv
556,01644000000,Алтайский край,Солтонский муниципальный район,data-20180110-structure-20150128.csv
557,01645000000,Алтайский край,Шелаболихинский муниципальный район,data-20180110-structure-20150128.csv
558,01646000000,Алтайский край,Табунский муниципальный район,data-20180110-structure-20150128.csv
559,01647000000,Алтайский край,Тальменский муниципальный район,data-20180110-structure-20150128.csv
560,01648000000,Алтайский край,Тогульский муниципальный район,data-20180110-structure-20150128.csv
561,01649000000,Алтайский край,Топчихинский муниципальный район,data-20180110-structure-20150128.csv
562,01650000000,Алтайский край,Третьяковский муниципальный район,data-20180110-structure-20150128.csv
563,01651000000,Алтайский край,Троицкий муниципальный район,data-20180110-structure-20150128.csv
564,01652000000,Алтайский край,Тюменцевский муниципальный район,data-20180110-structure-20150128.csv
565,01653000000,Алтайский край,Угловский муниципальный район,data-20180110-structure-20150128.csv
566,01654000000,Алтайский край,Усть-Калманский муниципальный район,data-20180110-structure-20150128.csv
567,01655000000,Алтайский край,Усть-Пристанский муниципальный район,data-20180110-structure-20150128.csv
568,01656000000,Алтайский край,Хабарский муниципальный район,data-20180110-structure-20150128.csv
569,01657000000,Алтайский край,Целинный муниципальный район,data-20180110-structure-20150128.csv
570,01558000000,Алтайский край,муниципальный округ Чарышский район,data-20221219-structure-20150128.csv
571,01659000000,Алтайский край,Шипуновский муниципальный район,data-20180110-structure-20150128.csv
572,01660000000,Алтайский край,Немецкий национальный муниципальный район,data-20180110-structure-20150128.csv
574,76715000000,Забайкальский край,городской округ город Петровск-Забайкальский,data-20180110-structure-20150128.csv
578,76606000000,Забайкальский край,Балейский муниципальный район,data-20180110-structure-20150128.csv
579,76609000000,Забайкальский край,Борзинский муниципальный район,data-20180110-structure-20150128.csv
580,76510000000,Забайкальский край,Газимуро-Заводский муниципальный округ,data-20240101-structure-20150128.csv
581,76612000000,Забайкальский край,Забайкальский муниципальный район,data-20180110-structure-20150128.csv
582,76515000000,Забайкальский край,Каларский муниципальный округ,data-20210401-structure-20150128.csv
583,76518000000,Забайкальский край,Калганский муниципальный округ,data-20240101-structure-20150128.csv
584,76620000000,Забайкальский край,Карымский муниципальный район,data-20180110-structure-20150128.csv
585,76621000000,Забайкальский край,муниципальный район Город Краснокаменск и Краснокаменский район,data-20180110-structure-20150128.csv
586,76622000000,Забайкальский край,Красночикойский муниципальный район,data-20180110-structure-20150128.csv
587,76624000000,Забайкальский край,Кыринский муниципальный район,data-20180110-structure-20150128.csv
588,76526000000,Забайкальский край,Могочинский муниципальный округ,data-20240101-structure-20150128.csv
589,76628000000,Забайкальский край,Нерчинский муниципальный район,data-20180110-structure-20150128.csv
591,76632000000,Забайкальский край,Оловяннинский муниципальный район,data-20180110-structure-20150128.csv
592,76534000000,Забайкальский край,Ононский муниципальный округ,data-20240101-structure-20150128.csv
593,76636000000,Забайкальский край,Петровск-Забайкальский муниципальный район,data-20180110-structure-20150128.csv
594,76538000000,Забайкальский край,Приаргунский муниципальный округ,data-20210401-structure-20150128.csv
595,76640000000,Забайкальский край,Сретенский муниципальный район,data-20180110-structure-20150128.csv
598,76646000000,Забайкальский край,Улётовский муниципальный район,data-20180110-structure-20150128.csv
599,76647000000,Забайкальский край,Хилокский муниципальный район,data-20180110-structure-20150128.csv
600,76648000000,Забайкальский край,Чернышевский муниципальный район,data-20180110-structure-20150128.csv
601,76650000000,Забайкальский край,Читинский муниципальный район,data-20180110-structure-20150128.csv
602,76652000000,Забайкальский край,Шелопугинский муниципальный район,data-20180110-structure-20150128.csv
603,76654000000,Забайкальский край,Шилкинский муниципальный район,data-20180110-structure-20150128.csv
604,76702000000,Забайкальский край,городской округ поселок Агинское,data-20180110-structure-20150128.csv
605,76602000000,Забайкальский край,Агинский муниципальный район,data-20180110-structure-20150128.csv
606,76611000000,Забайкальский край,Дульдургинский муниципальный район,data-20180110-structure-20150128.csv
607,76625000000,Забайкальский край,Могойтуйский муниципальный район,data-20180110-structure-20150128.csv
608,30701000000,Камчатский край,городской округ Петропавловск-Камчатский,data-20180110-structure-20150128.csv
612,30607000000,Камчатский край,Елизовский муниципальный район,data-20180110-structure-20150128.csv
613,30510000000,Камчатский край,Мильковский муниципальный округ,data-20240101-structure-20150128.csv
614,30613000000,Камчатский край,Соболевский муниципальный район,data-20180110-structure-20150128.csv
615,30616000000,Камчатский край,Усть-Большерецкий муниципальный район,data-20180110-structure-20150128.csv
616,30619000000,Камчатский край,Усть-Камчатский муниципальный район,data-20180110-structure-20150128.csv
618,30824000000,Камчатский край,Карагинский муниципальный район,data-20180110-structure-20150128.csv
619,30827000000,Камчатский край,Олюторский муниципальный район,data-20180110-structure-20150128.csv
621,30832000000,Камчатский край,Тигильский муниципальный район,data-20180110-structure-20150128.csv
666,04701000000,Красноярский край,городской округ город Красноярск,data-20180110-structure-20150128.csv
667,04703000000,Красноярский край,городской округ город Ачинск,data-20180110-structure-20150128.csv
668,04706000000,Красноярский край,городской округ город Боготол,data-20180110-structure-20150128.csv
669,04707000000,Красноярский край,городской округ город Бородино,data-20180110-structure-20150128.csv
670,04709000000,Красноярский край,городской округ город Дивногорск,data-20180110-structure-20150128.csv
671,04712000000,Красноярский край,городской округ город Енисейск,data-20180110-structure-20150128.csv
674,04720000000,Красноярский край,городской округ город Канск,data-20180110-structure-20150128.csv
675,04722000000,Красноярский край,городской округ город Лесосибирск,data-20180110-structure-20150128.csv
676,04723000000,Красноярский край,городской округ город Минусинск,data-20180110-structure-20150128.csv
677,04726000000,Красноярский край,городской округ город Назарово,data-20180110-structure-20150128.csv
678,04729000000,Красноярский край,городской округ город Норильск,data-20180110-structure-20150128.csv
679,04733000000,Красноярский край,городской округ город Сосновоборск,data-20180110-structure-20150128.csv
680,04740000000,Красноярский край,городской округ город Шарыпово,data-20180110-structure-20150128.csv
683,04601000000,Красноярский край,Абанский муниципальный район,data-20180110-structure-20150128.csv
685,04604000000,Красноярский край,Балахтинский муниципальный район,data-20180110-structure-20150128.csv
686,04605000000,Красноярский край,Березовский муниципальный район,data-20180110-structure-20150128.csv
687,04606000000,Красноярский край,Бирилюсский муниципальный район,data-20180110-structure-20150128.csv
689,04609000000,Красноярский край,Богучанский муниципальный район,data-20180110-structure-20150128.csv
690,04610000000,Красноярский край,Большемуртинский муниципальный район,data-20180110-structure-20150128.csv
691,04611000000,Красноярский край,Большеулуйский муниципальный район,data-20180110-structure-20150128.csv
692,04613000000,Красноярский край,Дзержинский муниципальный район,data-20180110-structure-20150128.csv
693,04614000000,Красноярский край,Емельяновский муниципальный район,data-20180110-structure-20150128.csv
694,04615000000,Красноярский край,Енисейский муниципальный район,data-20180110-structure-20150128.csv
695,04616000000,Красноярский край,Ермаковский муниципальный район,data-20180110-structure-20150128.csv
696,04617000000,Красноярский край,Идринский муниципальный район,data-20180110-structure-20150128.csv
697,04618000000,Красноярский край,Иланский муниципальный район,data-20180110-structure-20150128.csv
698,04619000000,Красноярский край,Ирбейский муниципальный район,data-20180110-structure-20150128.csv
699,04620000000,Красноярский край,Казачинский муниципальный район,data-20180110-structure-20150128.csv
701,04622000000,Красноярский край,Каратузский муниципальный район,data-20180110-structure-20150128.csv
702,04624000000,Красноярский край,Кежемский муниципальный район,data-20180110-structure-20150128.csv
703,04626000000,Красноярский край,Козульский муниципальный район,data-20180110-structure-20150128.csv
704,04628000000,Красноярский край,Краснотуранский муниципальный район,data-20180110-structure-20150128.csv
705,04630000000,Красноярский край,Курагинский муниципальный район,data-20180110-structure-20150128.csv
706,04631000000,Красноярский край,Манский муниципальный район,data-20180110-structure-20150128.csv
708,04635000000,Красноярский край,Мотыгинский муниципальный район,data-20180110-structure-20150128.csv
710,04639000000,Красноярский край,Нижнеингашский муниципальный район,data-20180110-structure-20150128.csv
711,04641000000,Красноярский край,Новоселовский муниципальный район,data-20180110-structure-20150128.csv
712,04643000000,Красноярский край,Партизанский муниципальный район,data-20180110-structure-20150128.csv
713,04545000000,Красноярский край,Пировский муниципальный округ,data-20210118-structure-20150128.csv
714,04647000000,Красноярский край,Рыбинский муниципальный район,data-20180110-structure-20150128.csv
715,04648000000,Красноярский край,Саянский муниципальный район,data-20180110-structure-20150128.csv
716,04649000000,Красноярский край,Северо-Енисейский муниципальный район,data-20180110-structure-20150128.csv
717,04651000000,Красноярский край,Сухобузимский муниципальный район,data-20180110-structure-20150128.csv
718,04653000000,Красноярский край,Таймырский Долгано-Ненецкий муниципальный район,data-20180110-structure-20150128.csv
719,04652000000,Красноярский край,Тасеевский муниципальный район,data-20180110-structure-20150128.csv
720,04654000000,Красноярский край,Туруханский муниципальный район,data-20180110-structure-20150128.csv
721,04555000000,Красноярский край,Тюхтетский муниципальный округ,data-20210118-structure-20150128.csv
722,04656000000,Красноярский край,Ужурский муниципальный район,data-20180110-structure-20150128.csv
723,04657000000,Красноярский край,Уярский муниципальный район,data-20180110-structure-20150128.csv
725,04659000000,Красноярский край,Шушенский муниципальный район,data-20180110-structure-20150128.csv
726,04650000000,Красноярский край,Эвенкийский муниципальный район,data-20180110-structure-20150128.csv
727,57701000000,Пермский край,городской округ Пермский,data-20180110-structure-20150128.csv
731,57726000000,Пермский край,городской округ Лысьвенский,data-20180110-structure-20150128.csv
734,57502000000,Пермский край,муниципальный округ Александровский,data-20200401-structure-20150128.csv
735,57503000000,Пермский край,муниципальный округ Бардымский,data-20210118-structure-20150128.csv
736,57506000000,Пермский край,муниципальный округ Березовский,data-20200401-structure-20150128.csv
737,57508000000,Пермский край,муниципальный округ Большесосновский,data-20220128-structure-20150128.csv
738,57712000000,Пермский край,городской округ Верещагинский,data-20191224-structure-20150128.csv
739,57714000000,Пермский край,городской округ Горнозаводский,data-20190319-structure-20150128.csv
741,57718000000,Пермский край,городской округ Добрянский,data-20191224-structure-20150128.csv
742,57518000000,Пермский край,муниципальный округ Еловский,data-20210118-structure-20150128.csv
743,57759000000,Пермский край,городской округ Ильинский,data-20191224-structure-20150128.csv
744,57522000000,Пермский край,муниципальный округ Карагайский,data-20210225-structure-20150128.csv
745,57719000000,Пермский край,городской округ город Кизел,data-20190319-structure-20150128.csv
746,57524000000,Пермский край,муниципальный округ Кишертский,data-20210225-structure-20150128.csv
747,57760000000,Пермский край,городской округ Красновишерский,data-20191224-structure-20150128.csv
748,57720000000,Пермский край,городской округ Краснокамский,data-20190319-structure-20150128.csv
749,57529000000,Пермский край,муниципальный округ Куединский,data-20210201-structure-20150128.csv
751,57727000000,Пермский край,городской округ Нытвенский,data-20191224-structure-20150128.csv
752,57761000000,Пермский край,городской округ Октябрьский,data-20191224-structure-20150128.csv
753,57538000000,Пермский край,муниципальный округ Ординский,data-20200401-structure-20150128.csv
754,57728000000,Пермский край,городской округ Осинский,data-20191224-structure-20150128.csv
755,57729000000,Пермский край,городской округ Оханский,data-20190319-structure-20150128.csv
756,57762000000,Пермский край,городской округ Очерский,data-20191224-structure-20150128.csv
757,57546000000,Пермский край,муниципальный округ Пермский,data-20221219-structure-20150128.csv
758,57548000000,Пермский край,муниципальный округ Сивинский,data-20210118-structure-20150128.csv
760,57731000000,Пермский край,городской округ Суксунский,data-20191224-structure-20150128.csv
761,57552000000,Пермский край,муниципальный округ Уинский,data-20200401-structure-20150128.csv
763,57735000000,Пермский край,городской округ Чайковский,data-20190319-structure-20150128.csv
764,57555000000,Пермский край,муниципальный округ Частинский,data-20210118-structure-20150128.csv
765,57756000000,Пермский край,городской округ Чердынский,data-20191224-structure-20150128.csv
766,57757000000,Пермский край,городской округ Чернушинский,data-20191224-structure-20150128.csv
767,57758000000,Пермский край,городской округ Чусовской,data-20191224-structure-20150128.csv
769,57513000000,Пермский край,муниципальный округ Гайнский,data-20200401-structure-20150128.csv
770,57525000000,Пермский край,муниципальный округ Косинский,data-20200401-structure-20150128.csv
771,57526000000,Пермский край,муниципальный округ Кочевский,data-20200401-structure-20150128.csv
773,57559000000,Пермский край,муниципальный округ Юрлинский,data-20200401-structure-20150128.csv
774,57560000000,Пермский край,муниципальный округ Юсьвинский,data-20200401-structure-20150128.csv
775,05701000000,Приморский край,городской округ Владивостокский,data-20180110-structure-20150128.csv
776,05703000000,Приморский край,городской округ Арсеньевский,data-20180110-structure-20150128.csv
777,05705000000,Приморский край,городской округ Артемовский,data-20180110-structure-20150128.csv
778,05706000000,Приморский край,городской округ Большой Камень,data-20180110-structure-20150128.csv
779,05707000000,Приморский край,городской округ Дальнегорский,data-20180110-structure-20150128.csv
780,05708000000,Приморский край,городской округ Дальнереченский,data-20180110-structure-20150128.csv
781,05711000000,Приморский край,городской округ Лесозаводский,data-20180110-structure-20150128.csv
782,05714000000,Приморский край,городской округ Находкинский,data-20180110-structure-20150128.csv
783,05717000000,Приморский край,городской округ Партизанский,data-20180110-structure-20150128.csv
784,05720000000,Приморский край,городской округ Спасск-Дальний,data-20180110-structure-20150128.csv
785,05723000000,Приморский край,городской округ Уссурийский,data-20180110-structure-20150128.csv
787,05502000000,Приморский край,Анучинский муниципальный округ,data-20200301-structure-20150128.csv
788,05607000000,Приморский край,Дальнереченский муниципальный район,data-20180110-structure-20150128.csv
789,05510000000,Приморский край,Кавалеровский муниципальный округ,data-20221219-structure-20150128.csv
790,05612000000,Приморский край,Кировский муниципальный район,data-20180110-structure-20150128.csv
791,05514000000,Приморский край,Красноармейский муниципальный округ,data-20240101-structure-20150128.csv
792,05517000000,Приморский край,Лазовский муниципальный округ,data-20210118-structure-20150128.csv
793,05620000000,Приморский край,Михайловский муниципальный район,data-20180110-structure-20150128.csv
794,05623000000,Приморский край,Надеждинский муниципальный район,data-20180110-structure-20150128.csv
795,05526000000,Приморский край,Октябрьский муниципальный округ,data-20210118-structure-20150128.csv
796,05528000000,Приморский край,Ольгинский муниципальный округ,data-20221219-structure-20150128.csv
797,05530000000,Приморский край,Партизанский муниципальный округ,data-20240101-structure-20150128.csv
798,05532000000,Приморский край,Пограничный муниципальный округ,data-20200301-structure-20150128.csv
799,05534000000,Приморский край,Пожарский муниципальный округ,data-20221219-structure-20150128.csv
800,05637000000,Приморский край,Спасский муниципальный район,data-20180110-structure-20150128.csv
801,05540000000,Приморский край,Тернейский муниципальный округ,data-20210118-structure-20150128.csv
802,05546000000,Приморский край,Ханкайский муниципальный округ,data-20210118-structure-20150128.csv
803,05548000000,Приморский край,Хасанский муниципальный округ,data-20221219-structure-20150128.csv
804,05550000000,Приморский край,Хорольский муниципальный округ,data-20210118-structure-20150128.csv
805,05553000000,Приморский край,Черниговский муниципальный округ,data-20240101-structure-20150128.csv
806,05555000000,Приморский край,Чугуевский муниципальный округ,data-20200301-structure-20150128.csv
807,05557000000,Приморский край,Шкотовский муниципальный округ,data-20240101-structure-20150128.csv
808,05559000000,Приморский край,Яковлевский муниципальный округ,data-20240101-structure-20150128.csv
809,07701000000,Ставропольский край,городской округ город Ставрополь,data-20180110-structure-20150128.csv
810,07510000000,Ставропольский край,Благодарненский муниципальный округ,data-20240101-structure-20150128.csv
811,07515000000,Ставропольский край,Георгиевский муниципальный округ,data-20240101-structure-20150128.csv
812,07710000000,Ставропольский край,городской округ город-курорт Ессентуки,data-20180110-structure-20150128.csv
813,07712000000,Ставропольский край,городской округ город-курорт Железноводск,data-20180110-structure-20150128.csv
814,07520000000,Ставропольский край,Изобильненский муниципальный округ,data-20240101-structure-20150128.csv
815,07522000000,Ставропольский край,Ипатовский муниципальный округ,data-20240101-structure-20150128.csv
817,07525000000,Ставропольский край,Кировский муниципальный округ,data-20240101-structure-20150128.csv
818,07718000000,Ставропольский край,городской округ город Лермонтов,data-20180110-structure-20150128.csv
819,07539000000,Ставропольский край,Минераловодский муниципальный округ,data-20240101-structure-20150128.csv
820,07724000000,Ставропольский край,городской округ город Невинномысск,data-20180110-structure-20150128.csv
821,07541000000,Ставропольский край,Нефтекумский муниципальный округ,data-20240101-structure-20150128.csv
822,07543000000,Ставропольский край,Новоалександровский муниципальный округ,data-20240101-structure-20150128.csv
823,07546000000,Ставропольский край,Петровский муниципальный округ,data-20240101-structure-20150128.csv
824,07727000000,Ставропольский край,городской округ город-курорт Пятигорск,data-20180110-structure-20150128.csv
825,07550000000,Ставропольский край,Советский муниципальный округ,data-20240101-structure-20150128.csv
826,07502000000,Ставропольский край,Александровский муниципальный округ,data-20210118-structure-20150128.csv
827,07503000000,Ставропольский край,Андроповский муниципальный округ,data-20210118-structure-20150128.csv
828,07505000000,Ставропольский край,Апанасенковский муниципальный округ,data-20210118-structure-20150128.csv
829,07507000000,Ставропольский край,Арзгирский муниципальный округ,data-20210118-structure-20150128.csv
830,07512000000,Ставропольский край,Будённовский муниципальный округ,data-20210118-structure-20150128.csv
831,07517000000,Ставропольский край,Грачёвский муниципальный округ,data-20210118-structure-20150128.csv
832,07528000000,Ставропольский край,Кочубеевский муниципальный округ,data-20210118-structure-20150128.csv
833,07530000000,Ставропольский край,Красногвардейский муниципальный округ,data-20210118-structure-20150128.csv
834,07533000000,Ставропольский край,Курский муниципальный округ,data-20210118-structure-20150128.csv
835,07536000000,Ставропольский край,Левокумский муниципальный округ,data-20210118-structure-20150128.csv
836,07544000000,Ставропольский край,Новоселицкий муниципальный округ,data-20210118-structure-20150128.csv
838,07552000000,Ставропольский край,Степновский муниципальный округ,data-20210118-structure-20150128.csv
839,07554000000,Ставропольский край,Труновский муниципальный округ,data-20210118-structure-20150128.csv
840,07556000000,Ставропольский край,Туркменский муниципальный округ,data-20210118-structure-20150128.csv
841,07558000000,Ставропольский край,Шпаковский муниципальный округ,data-20210118-structure-20150128.csv
842,08701000000,Хабаровский край,городской округ город Хабаровск,data-20180110-structure-20150128.csv
843,08709000000,Хабаровский край,городской округ город Комсомольск-на-Амуре,data-20180110-structure-20150128.csv
844,08603000000,Хабаровский край,Амурский муниципальный район,data-20180110-structure-20150128.csv
846,08609000000,Хабаровский край,Бикинский муниципальный район,data-20180110-structure-20150128.csv
847,08612000000,Хабаровский край,Ванинский муниципальный район,data-20180110-structure-20150128.csv
848,08614000000,Хабаровский край,Верхнебуреинский муниципальный район,data-20180110-structure-20150128.csv
849,08617000000,Хабаровский край,Вяземский муниципальный район,data-20180110-structure-20150128.csv
851,08624000000,Хабаровский край,муниципальный район имени Лазо,data-20180110-structure-20150128.csv
852,08628000000,Хабаровский край,Нанайский муниципальный район,data-20180110-structure-20150128.csv
853,08631000000,Хабаровский край,Николаевский муниципальный район,data-20180110-structure-20150128.csv
854,08534000000,Хабаровский край,Охотский муниципальный округ,data-20240101-structure-20150128.csv
855,08637000000,Хабаровский край,муниципальный район имени Полины Осипенко,data-20180110-structure-20150128.csv
856,08642000000,Хабаровский край,Советско-Гаванский муниципальный район,data-20180110-structure-20150128.csv
857,08644000000,Хабаровский край,Солнечный муниципальный район,data-20180110-structure-20150128.csv
859,08650000000,Хабаровский край,Ульчский муниципальный район,data-20180110-structure-20150128.csv
860,08655000000,Хабаровский край,Хабаровский муниципальный район,data-20180110-structure-20150128.csv
870,10505000000,Амурская область,Архаринский муниципальный округ,data-20221219-structure-20150128.csv
871,10508000000,Амурская область,Белогорский муниципальный округ,data-20210118-structure-20150128.csv
872,10511000000,Амурская область,Благовещенский муниципальный округ,data-20221219-structure-20150128.csv
873,10515000000,Амурская область,Бурейский муниципальный округ,data-20220128-structure-20150128.csv
874,10521000000,Амурская область,Завитинский муниципальный округ,data-20220128-structure-20150128.csv
875,10525000000,Амурская область,Зейский муниципальный округ,data-20240101-structure-20150128.csv
876,10528000000,Амурская область,Ивановский муниципальный округ,data-20220128-structure-20150128.csv
877,10630000000,Амурская область,Константиновский муниципальный район,data-20180110-structure-20150128.csv
878,10631000000,Амурская область,Магдагачинский муниципальный район,data-20180110-structure-20150128.csv
879,10632000000,Амурская область,Мазановский муниципальный район,data-20180110-structure-20150128.csv
880,10635000000,Амурская область,Михайловский муниципальный район,data-20180110-structure-20150128.csv
881,10638000000,Амурская область,Октябрьский муниципальный район,data-20180110-structure-20150128.csv
882,10540000000,Амурская область,Ромненский муниципальный округ,data-20210118-structure-20150128.csv
883,10642000000,Амурская область,Свободненский муниципальный район,data-20180110-structure-20150128.csv
884,10645000000,Амурская область,Селемджинский муниципальный район,data-20180110-structure-20150128.csv
885,10547000000,Амурская область,Серышевский муниципальный округ,data-20221219-structure-20150128.csv
886,10549000000,Амурская область,Сковородинский муниципальный округ,data-20221219-structure-20150128.csv
888,10554000000,Амурская область,Тындинский муниципальный округ,data-20220128-structure-20150128.csv
889,10555000000,Амурская область,Шимановский муниципальный округ,data-20221219-structure-20150128.csv
890,11701000000,Архангельская область,городской округ город Архангельск,data-20180110-structure-20150128.csv
891,11708000000,Архангельская область,городской округ город Коряжма,data-20180110-structure-20150128.csv
892,11710000000,Архангельская область,городской округ Котлас,data-20180110-structure-20150128.csv
895,11715000000,Архангельская область,городской округ город Новодвинск,data-20180110-structure-20150128.csv
896,11730000000,Архангельская область,городской округ Северодвинск,data-20180110-structure-20150128.csv
897,11605000000,Архангельская область,Вельский муниципальный район,data-20180110-structure-20150128.csv
898,11508000000,Архангельская область,Верхнетоемский муниципальный округ,data-20220128-structure-20150128.csv
899,11511000000,Архангельская область,муниципальный округ Вилегодский,data-20210225-structure-20150128.csv
900,11514000000,Архангельская область,Виноградовский муниципальный округ,data-20220128-structure-20150128.csv
901,11518000000,Архангельская область,муниципальный округ Каргопольский,data-20210118-structure-20150128.csv
902,11622000000,Архангельская область,Коношский муниципальный район,data-20180110-structure-20150128.csv
903,11527000000,Архангельская область,Котласский муниципальный округ,data-20221219-structure-20150128.csv
904,11530000000,Архангельская область,Красноборский муниципальный округ,data-20240101-structure-20150128.csv
905,11635000000,Архангельская область,Ленский муниципальный район,data-20180110-structure-20150128.csv
907,11542000000,Архангельская область,Мезенский муниципальный округ,data-20221219-structure-20150128.csv
908,11544000000,Архангельская область,Няндомский муниципальный округ,data-20221219-structure-20150128.csv
909,11646000000,Архангельская область,Онежский муниципальный район,data-20180110-structure-20150128.csv
911,11550000000,Архангельская область,Плесецкий муниципальный округ,data-20220128-structure-20150128.csv
912,11552000000,Архангельская область,Приморский муниципальный округ,data-20240101-structure-20150128.csv
913,11554000000,Архангельская область,Устьянский муниципальный округ,data-20230126-structure-20150128.csv
914,11556000000,Архангельская область,Холмогорский муниципальный округ,data-20221219-structure-20150128.csv
915,11558000000,Архангельская область,Шенкурский муниципальный округ,data-20221219-structure-20150128.csv
916,11851000000,Ненецкий автономный округ,городской округ город Нарьян-Мар,data-20180110-structure-20150128.csv
917,11811000000,Ненецкий автономный округ,муниципальный район Заполярный район,data-20180110-structure-20150128.csv
918,12701000000,Астраханская область,городской округ город Астрахань,data-20180110-structure-20150128.csv
920,12605000000,Астраханская область,Ахтубинский муниципальный район,data-20180110-structure-20150128.csv
922,12615000000,Астраханская область,Енотаевский муниципальный район,data-20180110-structure-20150128.csv
923,12620000000,Астраханская область,Икрянинский муниципальный район,data-20180110-structure-20150128.csv
924,12625000000,Астраханская область,Камызякский муниципальный район,data-20180110-structure-20150128.csv
925,12630000000,Астраханская область,Красноярский муниципальный район,data-20180110-structure-20150128.csv
926,12635000000,Астраханская область,Лиманский муниципальный район,data-20180110-structure-20150128.csv
927,12640000000,Астраханская область,Наримановский муниципальный район,data-20180110-structure-20150128.csv
928,12642000000,Астраханская область,Приволжский муниципальный район,data-20180110-structure-20150128.csv
929,12645000000,Астраханская область,Харабалинский муниципальный район,data-20180110-structure-20150128.csv
930,12650000000,Астраханская область,Черноярский муниципальный район,data-20180110-structure-20150128.csv
986,17701000000,Владимирская область,городской округ город Владимир,data-20180110-structure-20150128.csv
987,17720000000,Владимирская область,городской округ город Гусь-Хрустальный,data-20180110-structure-20150128.csv
988,17725000000,Владимирская область,городской округ город Ковров,data-20180110-structure-20150128.csv
989,17735000000,Владимирская область,городской округ округ Муром,data-20180110-structure-20150128.csv
991,17605000000,Владимирская область,Александровский муниципальный район,data-20180110-structure-20150128.csv
992,17610000000,Владимирская область,Вязниковский муниципальный район,data-20180110-structure-20150128.csv
993,17615000000,Владимирская область,Гороховецкий муниципальный район,data-20180110-structure-20150128.csv
994,17620000000,Владимирская область,Гусь-Хрустальный муниципальный район,data-20180110-structure-20150128.csv
995,17625000000,Владимирская область,Камешковский муниципальный район,data-20180110-structure-20150128.csv
996,17630000000,Владимирская область,Киржачский муниципальный район,data-20180110-structure-20150128.csv
998,17640000000,Владимирская область,Кольчугинский муниципальный район,data-20180110-structure-20150128.csv
999,17642000000,Владимирская область,Меленковский муниципальный район,data-20180110-structure-20150128.csv
1001,17646000000,Владимирская область,Петушинский муниципальный район,data-20180110-structure-20150128.csv
1002,17648000000,Владимирская область,Селивановский муниципальный район,data-20180110-structure-20150128.csv
1003,17650000000,Владимирская область,Собинский муниципальный район,data-20180110-structure-20150128.csv
1004,17652000000,Владимирская область,Судогодский муниципальный район,data-20180110-structure-20150128.csv
1005,17654000000,Владимирская область,Суздальский муниципальный район,data-20180110-structure-20150128.csv
1006,17656000000,Владимирская область,Юрьев-Польский муниципальный район,data-20180110-structure-20150128.csv
1007,18701000000,Волгоградская область,городской округ город-герой Волгоград,data-20180110-structure-20150128.csv
1008,18710000000,Волгоградская область,городской округ город Волжский,data-20180110-structure-20150128.csv
1009,18715000000,Волгоградская область,городской округ город Камышин,data-20180110-structure-20150128.csv
1010,18720000000,Волгоградская область,городской округ город Михайловка,data-20180110-structure-20150128.csv
1011,18725000000,Волгоградская область,городской округ город Урюпинск,data-20180110-structure-20150128.csv
1012,18728000000,Волгоградская область,городской округ город Фролово,data-20180110-structure-20150128.csv
1013,18602000000,Волгоградская область,Алексеевский муниципальный район,data-20180110-structure-20150128.csv
1014,18604000000,Волгоградская область,Быковский муниципальный район,data-20180110-structure-20150128.csv
1015,18605000000,Волгоградская область,Городищенский муниципальный район,data-20180110-structure-20150128.csv
1016,18606000000,Волгоградская область,Даниловский муниципальный район,data-20180110-structure-20150128.csv
1017,18608000000,Волгоградская область,Дубовский муниципальный район,data-20180110-structure-20150128.csv
1018,18610000000,Волгоградская область,Еланский муниципальный район,data-20180110-structure-20150128.csv
1019,18612000000,Волгоградская область,Жирновский муниципальный район,data-20180110-structure-20150128.csv
1020,18614000000,Волгоградская область,Иловлинский муниципальный район,data-20180110-structure-20150128.csv
1021,18616000000,Волгоградская область,Калачевский муниципальный район,data-20180110-structure-20150128.csv
1023,18620000000,Волгоградская область,Киквидзенский муниципальный район,data-20180110-structure-20150128.csv
1024,18622000000,Волгоградская область,Клетский муниципальный район,data-20180110-structure-20150128.csv
1025,18624000000,Волгоградская область,Котельниковский муниципальный район,data-20180110-structure-20150128.csv
1026,18626000000,Волгоградская область,Котовский муниципальный район,data-20180110-structure-20150128.csv
1027,18646000000,Волгоградская область,Кумылженский муниципальный район,data-20180110-structure-20150128.csv
1028,18630000000,Волгоградская область,Ленинский муниципальный район,data-20180110-structure-20150128.csv
1029,18634000000,Волгоградская область,Нехаевский муниципальный район,data-20180110-structure-20150128.csv
1030,18636000000,Волгоградская область,Николаевский муниципальный район,data-20180110-structure-20150128.csv
1031,18638000000,Волгоградская область,Новоаннинский муниципальный район,data-20180110-structure-20150128.csv
1032,18640000000,Волгоградская область,Новониколаевский муниципальный район,data-20180110-structure-20150128.csv
1033,18642000000,Волгоградская область,Октябрьский муниципальный район,data-20180110-structure-20150128.csv
1034,18643000000,Волгоградская область,Ольховский муниципальный район,data-20180110-structure-20150128.csv
1035,18645000000,Волгоградская область,Палласовский муниципальный район,data-20180110-structure-20150128.csv
1036,18647000000,Волгоградская область,Руднянский муниципальный район,data-20180110-structure-20150128.csv
1037,18649000000,Волгоградская область,Светлоярский муниципальный район,data-20180110-structure-20150128.csv
1038,18650000000,Волгоградская область,Серафимовичский муниципальный район,data-20180110-structure-20150128.csv
1039,18651000000,Волгоградская область,Среднеахтубинский муниципальный район,data-20180110-structure-20150128.csv
1040,18652000000,Волгоградская область,Старополтавский муниципальный район,data-20180110-structure-20150128.csv
1041,18653000000,Волгоградская область,Суровикинский муниципальный район,data-20180110-structure-20150128.csv
1044,18658000000,Волгоградская область,Чернышковский муниципальный район,data-20180110-structure-20150128.csv
1047,19505000000,Вологодская область,Бабаевский муниципальный округ,data-20221219-structure-20150128.csv
1048,19508000000,Вологодская область,Бабушкинский муниципальный округ,data-20221219-structure-20150128.csv
1049,19510000000,Вологодская область,Белозерский муниципальный округ,data-20221219-structure-20150128.csv
1051,19514000000,Вологодская область,Великоустюгский муниципальный округ,data-20230112-structure-20150128.csv
1052,19516000000,Вологодская область,Верховажский муниципальный округ,data-20221219-structure-20150128.csv
1053,19518000000,Вологодская область,Вожегодский муниципальный округ,data-20221219-structure-20150128.csv
1054,19520000000,Вологодская область,Вологодский муниципальный округ,data-20230126-structure-20150128.csv
1055,19622000000,Вологодская область,Вытегорский муниципальный район,data-20180110-structure-20150128.csv
1056,19524000000,Вологодская область,Грязовецкий муниципальный округ,data-20221219-structure-20150128.csv
1057,19526000000,Вологодская область,Кадуйский муниципальный округ,data-20221219-structure-20150128.csv
1058,19528000000,Вологодская область,Кирилловский муниципальный округ,data-20240101-structure-20150128.csv
1059,19530000000,Вологодская область,Кичменгско-Городецкий муниципальный округ,data-20221219-structure-20150128.csv
1060,19532000000,Вологодская область,Междуреченский муниципальный округ,data-20221219-structure-20150128.csv
1061,19534000000,Вологодская область,Никольский муниципальный округ,data-20240101-structure-20150128.csv
1062,19536000000,Вологодская область,Нюксенский муниципальный округ,data-20221219-structure-20150128.csv
1063,19538000000,Вологодская область,Сокольский муниципальный округ,data-20221219-structure-20150128.csv
1064,19540000000,Вологодская область,Сямженский муниципальный округ,data-20221219-structure-20150128.csv
1065,19542000000,Вологодская область,Тарногский муниципальный округ,data-20221219-structure-20150128.csv
1066,19546000000,Вологодская область,Тотемский муниципальный округ,data-20221219-structure-20150128.csv
1067,19548000000,Вологодская область,Усть-Кубинский муниципальный округ,data-20221219-structure-20150128.csv
1068,19550000000,Вологодская область,Устюженский муниципальный округ,data-20230208-structure-20150128.csv
1069,19552000000,Вологодская область,Харовский муниципальный округ,data-20221219-structure-20150128.csv
1070,19554000000,Вологодская область,Чагодощенский муниципальный округ,data-20221219-structure-20150128.csv
1071,19656000000,Вологодская область,Череповецкий муниципальный район,data-20180110-structure-20150128.csv
1072,19658000000,Вологодская область,Шекснинский муниципальный район,data-20180110-structure-20150128.csv
1107,24701000000,Ивановская область,городской округ Иваново,data-20180110-structure-20150128.csv
1108,24703000000,Ивановская область,городской округ Вичуга,data-20180110-structure-20150128.csv
1109,24705000000,Ивановская область,городской округ Кинешма,data-20180110-structure-20150128.csv
1110,24706000000,Ивановская область,городской округ Кохма,data-20180110-structure-20150128.csv
1111,24707000000,Ивановская область,городской округ Тейково,data-20180110-structure-20150128.csv
1112,24711000000,Ивановская область,городской округ Шуя,data-20180110-structure-20150128.csv
1113,24601000000,Ивановская область,Вичугский муниципальный район,data-20180110-structure-20150128.csv
1115,24603000000,Ивановская область,Гаврилово-Посадский муниципальный район,data-20180110-structure-20150128.csv
1116,24605000000,Ивановская область,Заволжский муниципальный район,data-20180110-structure-20150128.csv
1117,24607000000,Ивановская область,Ивановский муниципальный район,data-20180110-structure-20150128.csv
1118,24609000000,Ивановская область,Ильинский муниципальный район,data-20180110-structure-20150128.csv
1119,24611000000,Ивановская область,Кинешемский муниципальный район,data-20180110-structure-20150128.csv
1120,24613000000,Ивановская область,Комсомольский муниципальный район,data-20180110-structure-20150128.csv
1121,24614000000,Ивановская область,Лежневский муниципальный район,data-20180110-structure-20150128.csv
1122,24615000000,Ивановская область,Лухский муниципальный район,data-20180110-structure-20150128.csv
1123,24617000000,Ивановская область,Палехский муниципальный район,data-20180110-structure-20150128.csv
1124,24619000000,Ивановская область,Пестяковский муниципальный район,data-20180110-structure-20150128.csv
1125,24620000000,Ивановская область,Приволжский муниципальный район,data-20180110-structure-20150128.csv
1126,24621000000,Ивановская область,Пучежский муниципальный район,data-20180110-structure-20150128.csv
1127,24623000000,Ивановская область,Родниковский муниципальный район,data-20180110-structure-20150128.csv
1128,24625000000,Ивановская область,Савинский муниципальный район,data-20180110-structure-20150128.csv
1129,24629000000,Ивановская область,Тейковский муниципальный район,data-20180110-structure-20150128.csv
1130,24631000000,Ивановская область,Фурмановский муниципальный район,data-20180110-structure-20150128.csv
1131,24633000000,Ивановская область,Шуйский муниципальный район,data-20180110-structure-20150128.csv
1132,24635000000,Ивановская область,Южский муниципальный район,data-20180110-structure-20150128.csv
1133,24637000000,Ивановская область,Юрьевецкий муниципальный район,data-20180110-structure-20150128.csv
1134,25701000000,Иркутская область,городской округ город Иркутск,data-20180110-structure-20150128.csv
1135,25703000000,Иркутская область,городской округ Ангарский,data-20220425-structure-20150128.csv
1136,25714000000,Иркутская область,городской округ город Братск,data-20180110-structure-20150128.csv
1137,25720000000,Иркутская область,городской округ Зима,data-20180110-structure-20150128.csv
1138,25726000000,Иркутская область,городской округ город Саянск,data-20180110-structure-20150128.csv
1139,25732000000,Иркутская область,городской округ город Тулун,data-20180110-structure-20150128.csv
1140,25736000000,Иркутская область,городской округ город Усолье-Сибирское,data-20180110-structure-20150128.csv
1141,25738000000,Иркутская область,городской округ город Усть-Илимск,data-20180110-structure-20150128.csv
1142,25745000000,Иркутская область,городской округ город Черемхово,data-20221219-structure-20150128.csv
1143,25746000000,Иркутская область,городской округ город Свирск,data-20220425-structure-20150128.csv
1144,25601000000,Иркутская область,Балаганский муниципальный район,data-20180110-structure-20150128.csv
1146,25604000000,Иркутская область,Братский муниципальный район,data-20180110-structure-20150128.csv
1147,25606000000,Иркутская область,Жигаловский муниципальный район,data-20180110-structure-20150128.csv
1148,25608000000,Иркутская область,Заларинский муниципальный район,data-20180110-structure-20150128.csv
1149,25610000000,Иркутская область,Зиминский муниципальный район,data-20180110-structure-20150128.csv
1150,25612000000,Иркутская область,Иркутский муниципальный район,data-20180110-structure-20150128.csv
1151,25614000000,Иркутская область,Казачинско-Ленский муниципальный район,data-20180110-structure-20150128.csv
1152,25616000000,Иркутская область,Катангский муниципальный район,data-20180110-structure-20150128.csv
1153,25618000000,Иркутская область,Качугский муниципальный район,data-20180110-structure-20150128.csv
1154,25620000000,Иркутская область,Киренский муниципальный район,data-20180110-structure-20150128.csv
1155,25622000000,Иркутская область,Куйтунский муниципальный район,data-20180110-structure-20150128.csv
1157,25626000000,Иркутская область,Нижнеилимский муниципальный район,data-20180110-structure-20150128.csv
1158,25628000000,Иркутская область,Нижнеудинский муниципальный район,data-20180110-structure-20150128.csv
1159,25630000000,Иркутская область,Ольхонский муниципальный район,data-20180110-structure-20150128.csv
1160,25634000000,Иркутская область,Слюдянский муниципальный район,data-20180110-structure-20150128.csv
1161,25636000000,Иркутская область,Тайшетский муниципальный район,data-20180110-structure-20150128.csv
1163,25640000000,Иркутская область,Усольский муниципальный район,data-20180110-structure-20150128.csv
1164,25642000000,Иркутская область,Усть-Илимский муниципальный район,data-20180110-structure-20150128.csv
1165,25644000000,Иркутская область,Усть-Кутский муниципальный район,data-20180110-structure-20150128.csv
1166,25646000000,Иркутская область,Усть-Удинский муниципальный район,data-20180110-structure-20150128.csv
1167,25648000000,Иркутская область,Черемховский муниципальный район,data-20180110-structure-20150128.csv
1168,25650000000,Иркутская область,Чунский муниципальный район,data-20180110-structure-20150128.csv
1169,25655000000,Иркутская область,Шелеховский муниципальный район,data-20180110-structure-20150128.csv
1170,25605000000,Иркутская область,Аларский муниципальный район,data-20180110-structure-20150128.csv
1171,25607000000,Иркутская область,Баяндаевский муниципальный район,data-20180110-structure-20150128.csv
1172,25609000000,Иркутская область,Боханский муниципальный район,data-20180110-structure-20150128.csv
1173,25629000000,Иркутская область,Нукутский муниципальный район,data-20180110-structure-20150128.csv
1174,25631000000,Иркутская область,Осинский муниципальный район,data-20180110-structure-20150128.csv
1175,25657000000,Иркутская область,Эхирит-Булагатский муниципальный район,data-20180110-structure-20150128.csv
1176,27701000000,Калининградская область,городской округ город Калининград,data-20180110-structure-20150128.csv
1178,27712000000,Калининградская область,городской округ Мамоновский,data-20180110-structure-20150128.csv
1179,27717000000,Калининградская область,городской округ Пионерский,data-20180110-structure-20150128.csv
1180,27725000000,Калининградская область,городской округ Светловский,data-20180110-structure-20150128.csv
1181,27730000000,Калининградская область,городской округ Советский,data-20180110-structure-20150128.csv
1184,27705000000,Калининградская область,городской округ Балтийский,data-20190319-structure-20150128.csv
1185,27506000000,Калининградская область,муниципальный округ Гвардейский,data-20220128-structure-20150128.csv
1186,27507000000,Калининградская область,муниципальный округ Гурьевский,data-20220128-structure-20150128.csv
1187,27709000000,Калининградская область,городской округ Гусевский,data-20180110-structure-20150128.csv
1188,27510000000,Калининградская область,муниципальный округ Зеленоградский,data-20220128-structure-20150128.csv
1189,27513000000,Калининградская область,муниципальный округ Краснознаменский,data-20220128-structure-20150128.csv
1190,27734000000,Калининградская область,городской округ Светлогорский,data-20190419-structure-20150128.csv
1191,27514000000,Калининградская область,муниципальный округ Неманский,data-20220128-structure-20150128.csv
1192,27515000000,Калининградская область,муниципальный округ Нестеровский,data-20220128-structure-20150128.csv
1193,27516000000,Калининградская область,муниципальный округ Озерский,data-20220128-structure-20150128.csv
1194,27518000000,Калининградская область,муниципальный округ Полесский,data-20220128-structure-20150128.csv
1195,27519000000,Калининградская область,муниципальный округ Правдинский,data-20220128-structure-20150128.csv
1196,27527000000,Калининградская область,муниципальный округ Славский,data-20220128-structure-20150128.csv
1197,27539000000,Калининградская область,муниципальный округ Черняховский,data-20220128-structure-20150128.csv
1198,29701000000,Калужская область,городской округ город Калуга,data-20180110-structure-20150128.csv
1200,29602000000,Калужская область,Бабынинский муниципальный район,data-20180110-structure-20150128.csv
1201,29604000000,Калужская область,Барятинский муниципальный район,data-20180110-structure-20150128.csv
1203,29608000000,Калужская область,Дзержинский муниципальный район,data-20180110-structure-20150128.csv
1204,29610000000,Калужская область,Думиничский муниципальный район,data-20180110-structure-20150128.csv
1205,29612000000,Калужская область,Жиздринский муниципальный район,data-20180110-structure-20150128.csv
1206,29613000000,Калужская область,Жуковский муниципальный район,data-20180110-structure-20150128.csv
1207,29614000000,Калужская область,Кировский муниципальный район,data-20180110-structure-20150128.csv
1208,29615000000,Калужская область,Износковский муниципальный район,data-20180110-structure-20150128.csv
1209,29616000000,Калужская область,Козельский муниципальный район,data-20180110-structure-20150128.csv
1210,29618000000,Калужская область,Куйбышевский муниципальный район,data-20180110-structure-20150128.csv
1211,29620000000,Калужская область,Людиновский муниципальный район,data-20180110-structure-20150128.csv
1212,29623000000,Калужская область,Малоярославецкий муниципальный район,data-20180110-structure-20150128.csv
1213,29625000000,Калужская область,Медынский муниципальный район,data-20180110-structure-20150128.csv
1214,29627000000,Калужская область,Мещовский муниципальный район,data-20180110-structure-20150128.csv
1215,29629000000,Калужская область,Мосальский муниципальный район,data-20180110-structure-20150128.csv
1217,29634000000,Калужская область,Спас-Деменский муниципальный район,data-20180110-structure-20150128.csv
1218,29636000000,Калужская область,Сухиничский муниципальный район,data-20180110-structure-20150128.csv
1219,29638000000,Калужская область,Тарусский муниципальный район,data-20180110-structure-20150128.csv
1220,29642000000,Калужская область,Ульяновский муниципальный район,data-20180110-structure-20150128.csv
1221,29644000000,Калужская область,Ферзиковский муниципальный район,data-20180110-structure-20150128.csv
1222,29646000000,Калужская область,Хвастовичский муниципальный район,data-20180110-structure-20150128.csv
1223,29650000000,Калужская область,Юхновский муниципальный район,data-20180110-structure-20150128.csv
1224,32701000000,Кемеровская область,городской округ Кемеровский,data-20180110-structure-20150128.csv
1225,32704000000,Кемеровская область,городской округ Анжеро-Судженский,data-20180110-structure-20150128.csv
1226,32707000000,Кемеровская область,городской округ Беловский,data-20180110-structure-20150128.csv
1227,32710000000,Кемеровская область,городской округ Березовский,data-20180110-structure-20150128.csv
1228,32715000000,Кемеровская область,городской округ Калтанский,data-20180110-structure-20150128.csv
1229,32716000000,Кемеровская область,городской округ Киселевский,data-20180110-structure-20150128.csv
1230,32719000000,Кемеровская область,городской округ Ленинск-Кузнецкий,data-20180110-structure-20150128.csv
1231,32725000000,Кемеровская область,городской округ Междуреченский,data-20180110-structure-20150128.csv
1232,32728000000,Кемеровская область,городской округ Мысковский,data-20180110-structure-20150128.csv
1233,32731000000,Кемеровская область,городской округ Новокузнецкий,data-20180110-structure-20150128.csv
1234,32734000000,Кемеровская область,городской округ Осинниковский,data-20180110-structure-20150128.csv
1235,32732000000,Кемеровская область,городской округ Полысаевский,data-20180110-structure-20150128.csv
1236,32737000000,Кемеровская область,городской округ Прокопьевский,data-20180110-structure-20150128.csv
1237,32740000000,Кемеровская область,городской округ Тайгинский,data-20180110-structure-20150128.csv
1238,32749000000,Кемеровская область,городской округ Юргинский,data-20180110-structure-20150128.csv
1240,32501000000,Кемеровская область,Беловский муниципальный округ,data-20220128-structure-20150128.csv
1241,32502000000,Кемеровская область,Гурьевский муниципальный округ,data-20200301-structure-20150128.csv
1242,32504000000,Кемеровская область,Ижморский муниципальный округ,data-20200301-structure-20150128.csv
1243,32507000000,Кемеровская область,Кемеровский муниципальный округ,data-20200301-structure-20150128.csv
1244,32510000000,Кемеровская область,Крапивинский муниципальный округ,data-20200301-structure-20150128.csv
1246,32516000000,Кемеровская область,Мариинский муниципальный округ,data-20220128-structure-20150128.csv
1249,32525000000,Кемеровская область,Промышленновский муниципальный округ,data-20200301-structure-20150128.csv
1250,32627000000,Кемеровская область,Таштагольский муниципальный район,data-20180110-structure-20150128.csv
1251,32528000000,Кемеровская область,Тисульский муниципальный округ,data-20210225-structure-20150128.csv
1252,32531000000,Кемеровская область,Топкинский муниципальный округ,data-20200301-structure-20150128.csv
1253,32534000000,Кемеровская область,Тяжинский муниципальный округ,data-20200301-structure-20150128.csv
1254,32537000000,Кемеровская область,Чебулинский муниципальный округ,data-20200301-structure-20150128.csv
1256,32543000000,Кемеровская область,Яйский муниципальный округ,data-20200301-structure-20150128.csv
1257,32546000000,Кемеровская область,Яшкинский муниципальный округ,data-20200301-structure-20150128.csv
1258,33701000000,Кировская область,городской округ город Киров,data-20180110-structure-20150128.csv
1259,33704000000,Кировская область,городской округ город Вятские Поляны,data-20180110-structure-20150128.csv
1260,33707000000,Кировская область,городской округ город Кирово-Чепецк,data-20180110-structure-20150128.csv
1261,33710000000,Кировская область,городской округ город Котельнич,data-20180110-structure-20150128.csv
1262,33713000000,Кировская область,городской округ город Слободской,data-20180110-structure-20150128.csv
1264,33502000000,Кировская область,муниципальный округ Арбажский,data-20210118-structure-20150128.csv
1265,33503000000,Кировская область,муниципальный округ Афанасьевский,data-20221219-structure-20150128.csv
1266,33605000000,Кировская область,Белохолуницкий муниципальный район,data-20180110-structure-20150128.csv
1267,33506000000,Кировская область,муниципальный округ Богородский,data-20210118-structure-20150128.csv
1268,33507000000,Кировская область,муниципальный округ Верхнекамский,data-20220128-structure-20150128.csv
1269,33608000000,Кировская область,Верхошижемский муниципальный район,data-20180110-structure-20150128.csv
1270,33610000000,Кировская область,Вятскополянский муниципальный район,data-20180110-structure-20150128.csv
1271,33612000000,Кировская область,Даровской муниципальный район,data-20180110-structure-20150128.csv
1272,33614000000,Кировская область,Зуевский муниципальный район,data-20180110-structure-20150128.csv
1273,33516000000,Кировская область,муниципальный округ Кикнурский,data-20210118-structure-20150128.csv
1274,33617000000,Кировская область,Кильмезский муниципальный район,data-20180110-structure-20150128.csv
1275,33618000000,Кировская область,Кирово-Чепецкий муниципальный район,data-20180110-structure-20150128.csv
1276,33619000000,Кировская область,Котельничский муниципальный район,data-20180110-structure-20150128.csv
1277,33620000000,Кировская область,Куменский муниципальный район,data-20180110-structure-20150128.csv
1278,33521000000,Кировская область,муниципальный округ Лебяжский,data-20220128-structure-20150128.csv
1279,33522000000,Кировская область,муниципальный округ Лузский,data-20220128-structure-20150128.csv
1280,33623000000,Кировская область,Малмыжский муниципальный район,data-20180110-structure-20150128.csv
1281,33524000000,Кировская область,муниципальный округ Мурашинский,data-20220128-structure-20150128.csv
1282,33625000000,Кировская область,Нагорский муниципальный район,data-20180110-structure-20150128.csv
1284,33627000000,Кировская область,Нолинский муниципальный район,data-20180110-structure-20150128.csv
1285,33628000000,Кировская область,Омутнинский муниципальный район,data-20180110-structure-20150128.csv
1286,33529000000,Кировская область,муниципальный округ Опаринский,data-20220128-structure-20150128.csv
1287,33630000000,Кировская область,Оричевский муниципальный район,data-20180110-structure-20150128.csv
1288,33645000000,Кировская область,Орловский муниципальный район,data-20180110-structure-20150128.csv
1289,33531000000,Кировская область,муниципальный округ Пижанский,data-20220128-structure-20150128.csv
1290,33632000000,Кировская область,Подосиновский муниципальный район,data-20180110-structure-20150128.csv
1291,33533000000,Кировская область,муниципальный округ Санчурский,data-20210118-structure-20150128.csv
1292,33534000000,Кировская область,муниципальный округ Свечинский,data-20210118-structure-20150128.csv
1293,33635000000,Кировская область,Слободской муниципальный район,data-20180110-structure-20150128.csv
1294,33636000000,Кировская область,Советский муниципальный район,data-20180110-structure-20150128.csv
1295,33637000000,Кировская область,Сунский муниципальный район,data-20180110-structure-20150128.csv
1296,33638000000,Кировская область,Тужинский муниципальный район,data-20180110-structure-20150128.csv
1297,33540000000,Кировская область,муниципальный округ Унинский,data-20220128-structure-20150128.csv
1298,33641000000,Кировская область,Уржумский муниципальный район,data-20180110-structure-20150128.csv
1299,33543000000,Кировская область,муниципальный округ Фаленский,data-20210118-structure-20150128.csv
1300,33647000000,Кировская область,Шабалинский муниципальный район,data-20180110-structure-20150128.csv
1301,33649000000,Кировская область,Юрьянский муниципальный район,data-20180110-structure-20150128.csv
1302,33650000000,Кировская область,Яранский муниципальный район,data-20180110-structure-20150128.csv
1303,34701000000,Костромская область,городской округ город Кострома,data-20180110-structure-20150128.csv
1304,34705000000,Костромская область,городской округ город Буй,data-20180110-structure-20150128.csv
1305,34706000000,Костромская область,городской округ город Волгореченск,data-20180110-structure-20150128.csv
1306,34708000000,Костромская область,городской округ город Галич,data-20180110-structure-20150128.csv
1308,34730000000,Костромская область,городской округ город Шарья,data-20180110-structure-20150128.csv
1309,34602000000,Костромская область,Антроповский муниципальный район,data-20180110-structure-20150128.csv
1310,34604000000,Костромская область,Буйский муниципальный район,data-20180110-structure-20150128.csv
1311,34606000000,Костромская область,Вохомский муниципальный район,data-20180110-structure-20150128.csv
1312,34608000000,Костромская область,Галичский муниципальный район,data-20180110-structure-20150128.csv
1313,34610000000,Костромская область,Кадыйский муниципальный район,data-20180110-structure-20150128.csv
1314,34512000000,Костромская область,Кологривский муниципальный округ,data-20220128-structure-20150128.csv
1315,34614000000,Костромская область,Костромской муниципальный район,data-20180110-structure-20150128.csv
1316,34616000000,Костромская область,Красносельский муниципальный район,data-20180110-structure-20150128.csv
1317,34618000000,Костромская область,Макарьевский муниципальный район,data-20180110-structure-20150128.csv
1319,34522000000,Костромская область,Межевской муниципальный округ,data-20220128-structure-20150128.csv
1320,34524000000,Костромская область,Нейский муниципальный округ,data-20220128-structure-20150128.csv
1321,34626000000,Костромская область,муниципальный район город Нерехта и Нерехтский район,data-20180110-structure-20150128.csv
1322,34628000000,Костромская область,Октябрьский муниципальный район,data-20180110-structure-20150128.csv
1323,34530000000,Костромская область,Островский муниципальный округ,data-20240101-structure-20150128.csv
1324,34532000000,Костромская область,Павинский муниципальный округ,data-20240101-structure-20150128.csv
1325,34534000000,Костромская область,Парфеньевский муниципальный округ,data-20220128-structure-20150128.csv
1326,34536000000,Костромская область,Поназыревский муниципальный округ,data-20221219-structure-20150128.csv
1327,34538000000,Костромская область,Пыщугский муниципальный округ,data-20221219-structure-20150128.csv
1328,34540000000,Костромская область,Солигаличский муниципальный округ,data-20240101-structure-20150128.csv
1329,34642000000,Костромская область,Судиславский муниципальный район,data-20180110-structure-20150128.csv
1330,34644000000,Костромская область,Сусанинский муниципальный район,data-20180110-structure-20150128.csv
1331,34646000000,Костромская область,Чухломский муниципальный район,data-20180110-structure-20150128.csv
1333,37701000000,Курганская область,городской округ город Курган,data-20180110-structure-20150128.csv
1334,37705000000,Курганская область,городской округ город Шадринск,data-20180110-structure-20150128.csv
1335,37502000000,Курганская область,Альменевский муниципальный округ,data-20220128-structure-20150128.csv
1336,37504000000,Курганская область,Белозерский муниципальный округ,data-20221219-structure-20150128.csv
1337,37506000000,Курганская область,Варгашинский муниципальный округ,data-20240101-structure-20150128.csv
1338,37508000000,Курганская область,Далматовский муниципальный округ,data-20240101-structure-20150128.csv
1339,37509000000,Курганская область,Звериноголовский муниципальный округ,data-20221219-structure-20150128.csv
1340,37510000000,Курганская область,Каргапольский муниципальный округ,data-20221219-structure-20150128.csv
1341,37512000000,Курганская область,Катайский муниципальный округ,data-20240101-structure-20150128.csv
1343,37516000000,Курганская область,Куртамышский муниципальный округ,data-20220128-structure-20150128.csv
1344,37518000000,Курганская область,Лебяжьевский муниципальный округ,data-20220128-structure-20150128.csv
1345,37520000000,Курганская область,муниципальный округ Макушинский,data-20210225-structure-20150128.csv
1346,37522000000,Курганская область,Мишкинский муниципальный округ,data-20221219-structure-20150128.csv
1347,37524000000,Курганская область,Мокроусовский муниципальный округ,data-20221219-structure-20150128.csv
1348,37526000000,Курганская область,Петуховский муниципальный округ,data-20220128-structure-20150128.csv
1349,37528000000,Курганская область,Половинский муниципальный округ,data-20221219-structure-20150128.csv
1350,37530000000,Курганская область,Притобольный муниципальный округ,data-20240101-structure-20150128.csv
1351,37532000000,Курганская область,Сафакулевский муниципальный округ,data-20221219-structure-20150128.csv
1352,37534000000,Курганская область,Целинный муниципальный округ,data-20220128-structure-20150128.csv
1353,37536000000,Курганская область,Частоозерский муниципальный округ,data-20221219-structure-20150128.csv
1355,37540000000,Курганская область,Шатровский муниципальный округ,data-20220128-structure-20150128.csv
1356,37542000000,Курганская область,муниципальный округ Шумихинский,data-20210225-structure-20150128.csv
1357,37544000000,Курганская область,Щучанский муниципальный округ,data-20221219-structure-20150128.csv
1358,37546000000,Курганская область,Юргамышский муниципальный округ,data-20221219-structure-20150128.csv
1392,41603000000,Ленинградская область,Бокситогорский муниципальный район,data-20180110-structure-20150128.csv
1393,41606000000,Ленинградская область,Волосовский муниципальный район,data-20180110-structure-20150128.csv
1394,41609000000,Ленинградская область,Волховский муниципальный район,data-20180110-structure-20150128.csv
1395,41612000000,Ленинградская область,Всеволожский муниципальный район,data-20180110-structure-20150128.csv
1396,41615000000,Ленинградская область,Выборгский муниципальный район,data-20180110-structure-20150128.csv
1397,41618000000,Ленинградская область,Гатчинский муниципальный район,data-20180110-structure-20150128.csv
1398,41621000000,Ленинградская область,Кингисеппский муниципальный район,data-20180110-structure-20150128.csv
1399,41624000000,Ленинградская область,Киришский муниципальный район,data-20180110-structure-20150128.csv
1400,41625000000,Ленинградская область,Кировский муниципальный район,data-20180110-structure-20150128.csv
1401,41627000000,Ленинградская область,Лодейнопольский муниципальный район,data-20180110-structure-20150128.csv
1402,41630000000,Ленинградская область,Ломоносовский муниципальный район,data-20180110-structure-20150128.csv
1403,41633000000,Ленинградская область,Лужский муниципальный район,data-20180110-structure-20150128.csv
1404,41636000000,Ленинградская область,Подпорожский муниципальный район,data-20180110-structure-20150128.csv
1405,41639000000,Ленинградская область,Приозерский муниципальный район,data-20180110-structure-20150128.csv
1406,41642000000,Ленинградская область,Сланцевский муниципальный район,data-20180110-structure-20150128.csv
1407,41645000000,Ленинградская область,Тихвинский муниципальный район,data-20180110-structure-20150128.csv
1408,41648000000,Ленинградская область,Тосненский муниципальный район,data-20180110-structure-20150128.csv
1409,41754000000,Ленинградская область,городской округ Сосновоборский,data-20180110-structure-20150128.csv
1410,42701000000,Липецкая область,городской округ город Липецк,data-20180110-structure-20150128.csv
1411,42715000000,Липецкая область,городской округ город Елец,data-20180110-structure-20150128.csv
1412,42603000000,Липецкая область,Воловский муниципальный район,data-20180110-structure-20150128.csv
1413,42606000000,Липецкая область,Грязинский муниципальный район,data-20180110-structure-20150128.csv
1414,42609000000,Липецкая область,Данковский муниципальный район,data-20180110-structure-20150128.csv
1415,42612000000,Липецкая область,Добринский муниципальный район,data-20180110-structure-20150128.csv
1416,42615000000,Липецкая область,Добровский муниципальный район,data-20180110-structure-20150128.csv
1417,42618000000,Липецкая область,Долгоруковский муниципальный район,data-20180110-structure-20150128.csv
1419,42624000000,Липецкая область,Задонский муниципальный район,data-20180110-structure-20150128.csv
1420,42627000000,Липецкая область,Измалковский муниципальный район,data-20180110-structure-20150128.csv
1421,42630000000,Липецкая область,Краснинский муниципальный район,data-20180110-structure-20150128.csv
1422,42633000000,Липецкая область,Лебедянский муниципальный район,data-20180110-structure-20150128.csv
1423,42636000000,Липецкая область,Лев-Толстовский муниципальный район,data-20180110-structure-20150128.csv
1425,42642000000,Липецкая область,Становлянский муниципальный район,data-20180110-structure-20150128.csv
1426,42645000000,Липецкая область,Тербунский муниципальный район,data-20180110-structure-20150128.csv
1427,42648000000,Липецкая область,Усманский муниципальный район,data-20180110-structure-20150128.csv
1428,42652000000,Липецкая область,Хлевенский муниципальный район,data-20180110-structure-20150128.csv
1429,42656000000,Липецкая область,Чаплыгинский муниципальный район,data-20180110-structure-20150128.csv
1430,44701000000,Магаданская область,городской округ город Магадан,data-20180110-structure-20150128.csv
1431,44502000000,Магаданская область,муниципальный округ Ольский,data-20230126-structure-20150128.csv
1438,44522000000,Магаданская область,муниципальный округ Ягоднинский,data-20230126-structure-20150128.csv
1439,46704000000,Московская область,городской округ Балашиха,data-20180110-structure-20150128.csv
1440,46705000000,Московская область,городской округ Бронницы,data-20180110-structure-20150128.csv
1443,46711000000,Московская область,городской округ Дзержинский,data-20180110-structure-20150128.csv
1444,46716000000,Московская область,городской округ Долгопрудный,data-20180110-structure-20150128.csv
1445,46709000000,Московская область,городской округ Домодедово,data-20180110-structure-20150128.csv
1446,46718000000,Московская область,городской округ Дубна,data-20180110-structure-20150128.csv
1447,46722000000,Московская область,городской округ Егорьевск,data-20180110-structure-20150128.csv
1448,46725000000,Московская область,городской округ Жуковский,data-20180110-structure-20150128.csv
1449,46729000000,Московская область,городской округ Зарайск,data-20180110-structure-20150128.csv
1453,46733000000,Московская область,городской округ Истра,data-20180129-structure-20150128.csv
1454,46735000000,Московская область,городской округ Кашира,data-20180110-structure-20150128.csv
1456,46734000000,Московская область,городской округ Королёв,data-20180110-structure-20150128.csv
1457,46739000000,Московская область,городской округ Котельники,data-20180110-structure-20150128.csv
1459,46744000000,Московская область,городской округ Красногорск,data-20180110-structure-20150128.csv
1461,46740000000,Московская область,городской округ Лобня,data-20180110-structure-20150128.csv
1463,46747000000,Московская область,городской округ Луховицы,data-20180110-structure-20150128.csv
1464,46741000000,Московская область,городской округ Лыткарино,data-20180110-structure-20150128.csv
1465,46748000000,Московская область,городской округ Люберцы,data-20180110-structure-20150128.csv
1467,46746000000,Московская область,городской округ Мытищи,data-20180110-structure-20150128.csv
1468,46750000000,Московская область,городской округ Наро-Фоминский,data-20180129-structure-20150128.csv
1472,46760000000,Московская область,городской округ Подольск,data-20180110-structure-20150128.csv
1473,46767000000,Московская область,городской округ Протвино,data-20180110-structure-20150128.csv
1474,46762000000,Московская область,городской округ Пущино,data-20180110-structure-20150128.csv
1475,46764000000,Московская область,городской округ Реутов,data-20180110-structure-20150128.csv
1477,46766000000,Московская область,городской округ Рузский,data-20180110-structure-20150128.csv
1478,46772000000,Московская область,городской округ Серебряные Пруды,data-20180110-structure-20150128.csv
1480,46776000000,Московская область,городской округ Ступино,data-20180129-structure-20150128.csv
1481,46780000000,Московская область,городской округ Фрязино,data-20180110-structure-20150128.csv
1483,46781000000,Московская область,городской округ Черноголовка,data-20180110-structure-20150128.csv
1484,46784000000,Московская область,городской округ Чехов,data-20180129-structure-20150128.csv
1486,46787000000,Московская область,городской округ Шаховская,data-20180110-structure-20150128.csv
1488,46790000000,Московская область,городской округ Электросталь,data-20180110-structure-20150128.csv
1489,46708000000,Московская область,городской округ Волоколамский,data-20200401-structure-20150128.csv
1490,46710000000,Московская область,городской округ Воскресенск,data-20200401-structure-20150128.csv
1491,46715000000,Московская область,городской округ Дмитровский,data-20190319-structure-20150128.csv
1492,46737000000,Московская область,городской округ Клин,data-20180824-structure-20150128.csv
1493,46707000000,Московская область,городской округ Ленинский,data-20210118-structure-20150128.csv
1494,46752000000,Московская область,городской округ Лотошино,data-20200401-structure-20150128.csv
1495,46745000000,Московская область,городской округ Можайский,data-20190319-structure-20150128.csv
1496,46751000000,Московская область,городской округ Богородский,data-20190319-structure-20150128.csv
1500,46768000000,Московская область,городской округ Раменский,data-20200401-structure-20150128.csv
1501,46728000000,Московская область,городской округ Сергиево-Посадский,data-20200401-structure-20150128.csv
1504,46778000000,Московская область,городской округ Талдомский,data-20190319-structure-20150128.csv
1506,47701000000,Мурманская область,городской округ город Мурманск,data-20180110-structure-20150128.csv
1507,47519000000,Мурманская область,муниципальный округ город Апатиты,data-20220128-structure-20150128.csv
1508,47522000000,Мурманская область,муниципальный округ город Кировск,data-20220128-structure-20150128.csv
1509,47524000000,Мурманская область,муниципальный округ город Мончегорск,data-20220128-structure-20150128.csv
1510,47526000000,Мурманская область,муниципальный округ город Оленегорск,data-20220128-structure-20150128.csv
1511,47528000000,Мурманская область,муниципальный округ город Полярные Зори,data-20220128-structure-20150128.csv
1512,47517000000,Мурманская область,Ковдорский муниципальный округ,data-20220128-structure-20150128.csv
1518,47608000000,Мурманская область,Кандалакшский муниципальный район,data-20180110-structure-20150128.csv
1519,47605000000,Мурманская область,Кольский муниципальный район,data-20180110-structure-20150128.csv
1520,47610000000,Мурманская область,Ловозерский муниципальный район,data-20180110-structure-20150128.csv
1521,47515000000,Мурманская область,Печенгский муниципальный округ,data-20210118-structure-20150128.csv
1522,47620000000,Мурманская область,Терский муниципальный район,data-20180110-structure-20150128.csv
1523,22701000000,Нижегородская область,городской округ город Нижний Новгород,data-20180110-structure-20150128.csv
1525,22712000000,Нижегородская область,городской округ город Бор,data-20180110-structure-20150128.csv
1526,22715000000,Нижегородская область,городской округ город Выкса,data-20180110-structure-20150128.csv
1527,22721000000,Нижегородская область,городской округ город Дзержинск,data-20180110-structure-20150128.csv
1528,22727000000,Нижегородская область,городской округ город Кулебаки,data-20180110-structure-20150128.csv
1529,22730000000,Нижегородская область,городской округ Навашинский,data-20180110-structure-20150128.csv
1530,22739000000,Нижегородская область,городской округ Перевозский,data-20180110-structure-20150128.csv
1532,22737000000,Нижегородская область,городской округ Семеновский,data-20180110-structure-20150128.csv
1533,22758000000,Нижегородская область,городской округ город Шахунья,data-20180110-structure-20150128.csv
1534,22734000000,Нижегородская область,городской округ город Первомайск,data-20180110-structure-20150128.csv
1535,22749000000,Нижегородская область,городской округ Сокольский,data-20180110-structure-20150128.csv
1536,22755000000,Нижегородская область,городской округ город Чкаловск,data-20180110-structure-20150128.csv
1537,22502000000,Нижегородская область,Ардатовский муниципальный округ,data-20221219-structure-20150128.csv
1539,22505000000,Нижегородская область,Балахнинский муниципальный округ,data-20210201-structure-20150128.csv
1540,22507000000,Нижегородская область,Богородский муниципальный округ,data-20210201-structure-20150128.csv
1541,22509000000,Нижегородская область,Большеболдинский муниципальный округ,data-20221219-structure-20150128.csv
1542,22510000000,Нижегородская область,Большемурашкинский муниципальный округ,data-20221219-structure-20150128.csv
1543,22512000000,Нижегородская область,Бутурлинский муниципальный округ,data-20210201-structure-20150128.csv
1544,22514000000,Нижегородская область,Вадский муниципальный округ,data-20210201-structure-20150128.csv
1545,22515000000,Нижегородская область,Варнавинский муниципальный округ,data-20221219-structure-20150128.csv
1546,22517000000,Нижегородская область,Вачский муниципальный округ,data-20221219-structure-20150128.csv
1547,22518000000,Нижегородская область,Ветлужский муниципальный округ,data-20221219-structure-20150128.csv
1548,22519000000,Нижегородская область,Вознесенский муниципальный округ,data-20221219-structure-20150128.csv
1549,22520000000,Нижегородская область,Володарский муниципальный округ,data-20221219-structure-20150128.csv
1550,22719000000,Нижегородская область,городской округ Воротынский,data-20200110-structure-20150128.csv
1551,22522000000,Нижегородская область,Воскресенский муниципальный округ,data-20221219-structure-20150128.csv
1552,22526000000,Нижегородская область,Гагинский муниципальный округ,data-20221219-structure-20150128.csv
1553,22528000000,Нижегородская область,Городецкий муниципальный округ,data-20221219-structure-20150128.csv
1554,22530000000,Нижегородская область,Дальнеконстантиновский муниципальный округ,data-20221219-structure-20150128.csv
1555,22532000000,Нижегородская область,Дивеевский муниципальный округ,data-20210201-structure-20150128.csv
1556,22533000000,Нижегородская область,Княгининский муниципальный округ,data-20221219-structure-20150128.csv
1557,22534000000,Нижегородская область,Ковернинский муниципальный округ,data-20210201-structure-20150128.csv
1558,22535000000,Нижегородская область,Краснобаковский муниципальный округ,data-20221219-structure-20150128.csv
1559,22536000000,Нижегородская область,Краснооктябрьский муниципальный округ,data-20221219-structure-20150128.csv
1560,22537000000,Нижегородская область,Кстовский муниципальный округ,data-20221219-structure-20150128.csv
1561,22539000000,Нижегородская область,Лукояновский муниципальный округ,data-20221219-structure-20150128.csv
1562,22540000000,Нижегородская область,Лысковский муниципальный округ,data-20210201-structure-20150128.csv
1563,22542000000,Нижегородская область,Павловский муниципальный округ,data-20210201-structure-20150128.csv
1564,22545000000,Нижегородская область,Пильнинский муниципальный округ,data-20221219-structure-20150128.csv
1565,22546000000,Нижегородская область,Починковский муниципальный округ,data-20210201-structure-20150128.csv
1566,22548000000,Нижегородская область,Сергачский муниципальный округ,data-20221219-structure-20150128.csv
1567,22549000000,Нижегородская область,Сеченовский муниципальный округ,data-20221219-structure-20150128.csv
1568,22550000000,Нижегородская область,Сосновский муниципальный округ,data-20221219-structure-20150128.csv
1569,22551000000,Нижегородская область,Спасский муниципальный округ,data-20221219-structure-20150128.csv
1570,22552000000,Нижегородская область,Тонкинский муниципальный округ,data-20221219-structure-20150128.csv
1571,22553000000,Нижегородская область,Тоншаевский муниципальный округ,data-20210201-structure-20150128.csv
1572,22554000000,Нижегородская область,Уренский муниципальный округ,data-20210201-structure-20150128.csv
1573,22556000000,Нижегородская область,Шарангский муниципальный округ,data-20221219-structure-20150128.csv
1574,22557000000,Нижегородская область,Шатковский муниципальный округ,data-20221219-structure-20150128.csv
1575,49701000000,Новгородская область,городской округ Великий Новгород,data-20180110-structure-20150128.csv
1577,49606000000,Новгородская область,Боровичский муниципальный район,data-20180110-structure-20150128.csv
1578,49608000000,Новгородская область,Валдайский муниципальный район,data-20180110-structure-20150128.csv
1579,49510000000,Новгородская область,муниципальный округ Волотовский,data-20210118-structure-20150128.csv
1580,49512000000,Новгородская область,муниципальный округ Демянский,data-20240101-structure-20150128.csv
1581,49514000000,Новгородская область,муниципальный округ Крестецкий,data-20240101-structure-20150128.csv
1582,49616000000,Новгородская область,Любытинский муниципальный район,data-20180110-structure-20150128.csv
1583,49620000000,Новгородская область,Маловишерский муниципальный район,data-20180110-structure-20150128.csv
1584,49523000000,Новгородская область,муниципальный округ Марёвский,data-20210118-structure-20150128.csv
1585,49524000000,Новгородская область,муниципальный округ Мошенской,data-20240101-structure-20150128.csv
1586,49625000000,Новгородская область,Новгородский муниципальный район,data-20180110-structure-20150128.csv
1587,49628000000,Новгородская область,Окуловский муниципальный район,data-20180110-structure-20150128.csv
1588,49630000000,Новгородская область,Парфинский муниципальный район,data-20180110-structure-20150128.csv
1589,49532000000,Новгородская область,муниципальный округ Пестовский,data-20240101-structure-20150128.csv
1590,49634000000,Новгородская область,Поддорский муниципальный район,data-20180110-structure-20150128.csv
1591,49538000000,Новгородская область,муниципальный округ Солецкий,data-20210118-structure-20150128.csv
1592,49639000000,Новгородская область,Старорусский муниципальный район,data-20180110-structure-20150128.csv
1593,49545000000,Новгородская область,муниципальный округ Хвойнинский,data-20210201-structure-20150128.csv
1594,49647000000,Новгородская область,Холмский муниципальный район,data-20180110-structure-20150128.csv
1595,49650000000,Новгородская область,Чудовский муниципальный район,data-20180110-structure-20150128.csv
1596,49655000000,Новгородская область,Шимский муниципальный район,data-20180110-structure-20150128.csv
1597,50701000000,Новосибирская область,городской округ город Новосибирск,data-20180110-structure-20150128.csv
1598,50708000000,Новосибирская область,городской округ город Бердск,data-20180110-structure-20150128.csv
1599,50712000000,Новосибирская область,городской округ город Искитим,data-20180110-structure-20150128.csv
1600,50717000000,Новосибирская область,городской округ город Обь,data-20180110-structure-20150128.csv
1601,50740000000,Новосибирская область,городской округ рабочий поселок Кольцово,data-20180110-structure-20150128.csv
1602,50603000000,Новосибирская область,Баганский муниципальный район,data-20180110-structure-20150128.csv
1603,50604000000,Новосибирская область,Барабинский муниципальный район,data-20180110-structure-20150128.csv
1604,50606000000,Новосибирская область,Болотнинский муниципальный район,data-20180110-structure-20150128.csv
1605,50608000000,Новосибирская область,Венгеровский муниципальный район,data-20180110-structure-20150128.csv
1606,50610000000,Новосибирская область,Доволенский муниципальный район,data-20180110-structure-20150128.csv
1607,50613000000,Новосибирская область,Здвинский муниципальный район,data-20180110-structure-20150128.csv
1608,50615000000,Новосибирская область,Искитимский муниципальный район,data-20180110-structure-20150128.csv
1609,50617000000,Новосибирская область,Карасукский муниципальный район,data-20180110-structure-20150128.csv
1610,50619000000,Новосибирская область,Каргатский муниципальный район,data-20180110-structure-20150128.csv
1611,50621000000,Новосибирская область,Колыванский муниципальный район,data-20180110-structure-20150128.csv
1612,50623000000,Новосибирская область,Коченевский муниципальный район,data-20180110-structure-20150128.csv
1613,50625000000,Новосибирская область,Кочковский муниципальный район,data-20180110-structure-20150128.csv
1614,50627000000,Новосибирская область,Краснозерский муниципальный район,data-20180110-structure-20150128.csv
1615,50630000000,Новосибирская область,Куйбышевский муниципальный район,data-20180110-structure-20150128.csv
1616,50632000000,Новосибирская область,Купинский муниципальный район,data-20180110-structure-20150128.csv
1617,50634000000,Новосибирская область,Кыштовский муниципальный район,data-20180110-structure-20150128.csv
1618,50636000000,Новосибирская область,Маслянинский муниципальный район,data-20180110-structure-20150128.csv
1619,50638000000,Новосибирская область,Мошковский муниципальный район,data-20180110-structure-20150128.csv
1620,50640000000,Новосибирская область,Новосибирский муниципальный район,data-20180110-structure-20150128.csv
1621,50642000000,Новосибирская область,Ордынский муниципальный район,data-20180110-structure-20150128.csv
1622,50644000000,Новосибирская область,Северный муниципальный район,data-20180110-structure-20150128.csv
1623,50648000000,Новосибирская область,Сузунский муниципальный район,data-20180110-structure-20150128.csv
1624,50650000000,Новосибирская область,Татарский муниципальный район,data-20180110-structure-20150128.csv
1625,50652000000,Новосибирская область,Тогучинский муниципальный район,data-20180110-structure-20150128.csv
1626,50654000000,Новосибирская область,Убинский муниципальный район,data-20180110-structure-20150128.csv
1627,50655000000,Новосибирская область,Усть-Таркский муниципальный район,data-20180110-structure-20150128.csv
1628,50656000000,Новосибирская область,Чановский муниципальный район,data-20180110-structure-20150128.csv
1629,50657000000,Новосибирская область,Черепановский муниципальный район,data-20180110-structure-20150128.csv
1630,50658000000,Новосибирская область,Чистоозерный муниципальный район,data-20180110-structure-20150128.csv
1631,50659000000,Новосибирская область,Чулымский муниципальный район,data-20180110-structure-20150128.csv
1632,52701000000,Омская область,городской округ город Омск,data-20180110-structure-20150128.csv
1633,52601000000,Омская область,Азовский немецкий национальный муниципальный район,data-20180110-structure-20150128.csv
1634,52603000000,Омская область,Большереченский муниципальный район,data-20180110-structure-20150128.csv
1635,52606000000,Омская область,Большеуковский муниципальный район,data-20180110-structure-20150128.csv
1636,52609000000,Омская область,Горьковский муниципальный район,data-20180110-structure-20150128.csv
1637,52612000000,Омская область,Знаменский муниципальный район,data-20180110-structure-20150128.csv
1638,52615000000,Омская область,Исилькульский муниципальный район,data-20180110-structure-20150128.csv
1639,52618000000,Омская область,Калачинский муниципальный район,data-20180110-structure-20150128.csv
1640,52621000000,Омская область,Колосовский муниципальный район,data-20180110-structure-20150128.csv
1641,52623000000,Омская область,Кормиловский муниципальный район,data-20180110-structure-20150128.csv
1642,52626000000,Омская область,Крутинский муниципальный район,data-20180110-structure-20150128.csv
1643,52629000000,Омская область,Любинский муниципальный район,data-20180110-structure-20150128.csv
1644,52630000000,Омская область,Марьяновский муниципальный район,data-20180110-structure-20150128.csv
1645,52632000000,Омская область,Москаленский муниципальный район,data-20180110-structure-20150128.csv
1646,52634000000,Омская область,Муромцевский муниципальный район,data-20180110-structure-20150128.csv
1647,52636000000,Омская область,Называевский муниципальный район,data-20180110-structure-20150128.csv
1648,52639000000,Омская область,Нижнеомский муниципальный район,data-20180110-structure-20150128.csv
1649,52641000000,Омская область,Нововаршавский муниципальный район,data-20180110-structure-20150128.csv
1650,52642000000,Омская область,Одесский муниципальный район,data-20180110-structure-20150128.csv
1651,52643000000,Омская область,Оконешниковский муниципальный район,data-20180110-structure-20150128.csv
1652,52644000000,Омская область,Омский муниципальный район,data-20180110-structure-20150128.csv
1653,52646000000,Омская область,Павлоградский муниципальный район,data-20180110-structure-20150128.csv
1654,52648000000,Омская область,Полтавский муниципальный район,data-20180110-structure-20150128.csv
1655,52650000000,Омская область,Русско-Полянский муниципальный район,data-20180110-structure-20150128.csv
1656,52651000000,Омская область,Саргатский муниципальный район,data-20180110-structure-20150128.csv
1657,52652000000,Омская область,Седельниковский муниципальный район,data-20180110-structure-20150128.csv
1658,52653000000,Омская область,Таврический муниципальный район,data-20180110-structure-20150128.csv
1659,52654000000,Омская область,Тарский муниципальный район,data-20180110-structure-20150128.csv
1660,52655000000,Омская область,Тевризский муниципальный район,data-20180110-structure-20150128.csv
1661,52656000000,Омская область,Тюкалинский муниципальный район,data-20180110-structure-20150128.csv
1662,52657000000,Омская область,Усть-Ишимский муниципальный район,data-20180110-structure-20150128.csv
1663,52658000000,Омская область,Черлакский муниципальный район,data-20180110-structure-20150128.csv
1664,52659000000,Омская область,Шербакульский муниципальный район,data-20180110-structure-20150128.csv
1665,53701000000,Оренбургская область,городской округ город Оренбург,data-20180110-structure-20150128.csv
1666,53704000000,Оренбургская область,городской округ Абдулинский,data-20180110-structure-20150128.csv
1667,53708000000,Оренбургская область,городской округ город Бугуруслан,data-20230228-structure-20150128.csv
1668,53712000000,Оренбургская область,городской округ город Бузулук,data-20230228-structure-20150128.csv
1669,53713000000,Оренбургская область,городской округ Гайский,data-20180110-structure-20150128.csv
1670,53714000000,Оренбургская область,городской округ Кувандыкский,data-20180110-structure-20150128.csv
1671,53715000000,Оренбургская область,городской округ город Медногорск,data-20180110-structure-20150128.csv
1672,53720000000,Оренбургская область,городской округ город Новотроицк,data-20180110-structure-20150128.csv
1673,53723000000,Оренбургская область,городской округ город Орск,data-20180110-structure-20150128.csv
1674,53725000000,Оренбургская область,городской округ Соль-Илецкий,data-20180110-structure-20150128.csv
1675,53727000000,Оренбургская область,городской округ Сорочинский,data-20180110-structure-20150128.csv
1676,53732000000,Оренбургская область,городской округ Ясненский,data-20180110-structure-20150128.csv
1678,53604000000,Оренбургская область,Адамовский муниципальный район,data-20180110-structure-20150128.csv
1679,53605000000,Оренбургская область,Акбулакский муниципальный район,data-20180110-structure-20150128.csv
1680,53606000000,Оренбургская область,Александровский муниципальный район,data-20180110-structure-20150128.csv
1681,53607000000,Оренбургская область,Асекеевский муниципальный район,data-20180110-structure-20150128.csv
1682,53610000000,Оренбургская область,Беляевский муниципальный район,data-20180110-structure-20150128.csv
1683,53611000000,Оренбургская область,Бугурусланский муниципальный район,data-20230228-structure-20150128.csv
1685,53615000000,Оренбургская область,Грачёвский муниципальный район,data-20180110-structure-20150128.csv
1686,53617000000,Оренбургская область,Домбаровский муниципальный район,data-20180110-structure-20150128.csv
1687,53619000000,Оренбургская область,Илекский муниципальный район,data-20180110-structure-20150128.csv
1688,53622000000,Оренбургская область,Кваркенский муниципальный район,data-20180110-structure-20150128.csv
1689,53623000000,Оренбургская область,Красногвардейский муниципальный район,data-20180110-structure-20150128.csv
1690,53625000000,Оренбургская область,Курманаевский муниципальный район,data-20180110-structure-20150128.csv
1691,53627000000,Оренбургская область,Матвеевский муниципальный район,data-20180110-structure-20150128.csv
1692,53630000000,Оренбургская область,Новоорский муниципальный район,data-20180110-structure-20150128.csv
1693,53631000000,Оренбургская область,Новосергиевский муниципальный район,data-20180110-structure-20150128.csv
1694,53633000000,Оренбургская область,Октябрьский муниципальный район,data-20180110-structure-20150128.csv
1696,53636000000,Оренбургская область,Первомайский муниципальный район,data-20180110-structure-20150128.csv
1697,53637000000,Оренбургская область,Переволоцкий муниципальный район,data-20180110-structure-20150128.csv
1698,53638000000,Оренбургская область,Пономарёвский муниципальный район,data-20180110-structure-20150128.csv
1699,53640000000,Оренбургская область,Сакмарский муниципальный район,data-20180110-structure-20150128.csv
1700,53641000000,Оренбургская область,Саракташский муниципальный район,data-20180110-structure-20150128.csv
1701,53642000000,Оренбургская область,Светлинский муниципальный район,data-20180110-structure-20150128.csv
1702,53643000000,Оренбургская область,Северный муниципальный район,data-20180110-structure-20150128.csv
1703,53651000000,Оренбургская область,Ташлинский муниципальный район,data-20180110-structure-20150128.csv
1704,53652000000,Оренбургская область,Тоцкий муниципальный район,data-20180110-structure-20150128.csv
1705,53653000000,Оренбургская область,Тюльганский муниципальный район,data-20180110-structure-20150128.csv
1706,53656000000,Оренбургская область,Шарлыкский муниципальный район,data-20180110-structure-20150128.csv
1707,54701000000,Орловская область,городской округ город Орёл,data-20180110-structure-20150128.csv
1708,54705000000,Орловская область,городской округ город Ливны,data-20180110-structure-20150128.csv
1709,54710000000,Орловская область,городской округ город Мценск,data-20180110-structure-20150128.csv
1710,54604000000,Орловская область,Болховский муниципальный район,data-20180110-structure-20150128.csv
1711,54608000000,Орловская область,Верховский муниципальный район,data-20180110-structure-20150128.csv
1712,54610000000,Орловская область,Глазуновский муниципальный район,data-20180110-structure-20150128.csv
1714,54615000000,Орловская область,Должанский муниципальный район,data-20180110-structure-20150128.csv
1715,54618000000,Орловская область,Залегощенский муниципальный район,data-20180110-structure-20150128.csv
1717,54623000000,Орловская область,Колпнянский муниципальный район,data-20180110-structure-20150128.csv
1718,54624000000,Орловская область,Краснозоренский муниципальный район,data-20180110-structure-20150128.csv
1719,54625000000,Орловская область,Кромской муниципальный район,data-20180110-structure-20150128.csv
1722,54632000000,Орловская область,Малоархангельский муниципальный район,data-20180110-structure-20150128.csv
1724,54639000000,Орловская область,Новодеревеньковский муниципальный район,data-20180110-structure-20150128.csv
1725,54643000000,Орловская область,Новосильский муниципальный район,data-20180110-structure-20150128.csv
1726,54501000000,Орловская область,муниципальный округ Орловский,data-20220328-structure-20150128.csv
1727,54650000000,Орловская область,Покровский муниципальный район,data-20180110-structure-20150128.csv
1728,54652000000,Орловская область,Свердловский муниципальный район,data-20180110-structure-20150128.csv
1730,54654000000,Орловская область,Троснянский муниципальный район,data-20180110-structure-20150128.csv
1731,54655000000,Орловская область,Урицкий муниципальный район,data-20180110-structure-20150128.csv
1732,54657000000,Орловская область,Хотынецкий муниципальный район,data-20180110-structure-20150128.csv
1733,54659000000,Орловская область,Шаблыкинский муниципальный район,data-20180110-structure-20150128.csv
1737,56603000000,Пензенская область,Башмаковский муниципальный район,data-20180110-structure-20150128.csv
1738,56609000000,Пензенская область,Бековский муниципальный район,data-20180110-structure-20150128.csv
1739,56612000000,Пензенская область,Белинский муниципальный район,data-20180110-structure-20150128.csv
1740,56613000000,Пензенская область,Бессоновский муниципальный район,data-20180110-structure-20150128.csv
1741,56615000000,Пензенская область,Вадинский муниципальный район,data-20180110-structure-20150128.csv
1742,56618000000,Пензенская область,Городищенский муниципальный район,data-20180110-structure-20150128.csv
1743,56623000000,Пензенская область,Земетчинский муниципальный район,data-20180110-structure-20150128.csv
1744,56626000000,Пензенская область,Иссинский муниципальный район,data-20180110-structure-20150128.csv
1745,56629000000,Пензенская область,Каменский муниципальный район,data-20180110-structure-20150128.csv
1746,56631000000,Пензенская область,Камешкирский муниципальный район,data-20180110-structure-20150128.csv
1747,56633000000,Пензенская область,Колышлейский муниципальный район,data-20180110-structure-20150128.csv
1749,56642000000,Пензенская область,Лопатинский муниципальный район,data-20180110-structure-20150128.csv
1750,56643000000,Пензенская область,Лунинский муниципальный район,data-20180110-structure-20150128.csv
1751,56644000000,Пензенская область,Малосердобинский муниципальный район,data-20180110-structure-20150128.csv
1752,56645000000,Пензенская область,Мокшанский муниципальный район,data-20180110-structure-20150128.csv
1753,56647000000,Пензенская область,Наровчатский муниципальный район,data-20180110-structure-20150128.csv
1754,56649000000,Пензенская область,Неверкинский муниципальный район,data-20180110-structure-20150128.csv
1755,56651000000,Пензенская область,Нижнеломовский муниципальный район,data-20180110-structure-20150128.csv
1756,56653000000,Пензенская область,Никольский муниципальный район,data-20180110-structure-20150128.csv
1757,56654000000,Пензенская область,Пачелмский муниципальный район,data-20180110-structure-20150128.csv
1758,56655000000,Пензенская область,Пензенский муниципальный район,data-20180110-structure-20150128.csv
1759,56656000000,Пензенская область,Сердобский муниципальный район,data-20180110-structure-20150128.csv
1760,56657000000,Пензенская область,Сосновоборский муниципальный район,data-20180110-structure-20150128.csv
1761,56606000000,Пензенская область,Спасский муниципальный район,data-20180110-structure-20150128.csv
1762,56658000000,Пензенская область,Тамалинский муниципальный район,data-20180110-structure-20150128.csv
1764,58701000000,Псковская область,городской округ город Псков,data-20180110-structure-20150128.csv
1765,58710000000,Псковская область,городской округ город Великие Луки,data-20180110-structure-20150128.csv
1766,58604000000,Псковская область,Бежаницкий муниципальный район,data-20180110-structure-20150128.csv
1768,58608000000,Псковская область,Гдовский муниципальный район,data-20180110-structure-20150128.csv
1769,58610000000,Псковская область,Дедовичский муниципальный район,data-20180110-structure-20150128.csv
1770,58612000000,Псковская область,Дновский муниципальный район,data-20180110-structure-20150128.csv
1771,58514000000,Псковская область,муниципальный округ Красногородский,data-20240101-structure-20150128.csv
1773,58518000000,Псковская область,муниципальный округ Локнянский,data-20240101-structure-20150128.csv
1774,58520000000,Псковская область,муниципальный округ Невельский,data-20240101-structure-20150128.csv
1775,58523000000,Псковская область,муниципальный округ Новоржевский,data-20240101-structure-20150128.csv
1776,58626000000,Псковская область,Новосокольнический муниципальный район,data-20180110-structure-20150128.csv
1777,58529000000,Псковская область,муниципальный округ Опочецкий,data-20240101-structure-20150128.csv
1778,58633000000,Псковская область,Островский муниципальный район,data-20180110-structure-20150128.csv
1780,58540000000,Псковская область,муниципальный округ Печорский,data-20240101-structure-20150128.csv
1781,58643000000,Псковская область,Плюсский муниципальный район,data-20180110-structure-20150128.csv
1782,58647000000,Псковская область,Порховский муниципальный район,data-20180110-structure-20150128.csv
1783,58649000000,Псковская область,Псковский муниципальный район,data-20180110-structure-20150128.csv
1784,58650000000,Псковская область,Пустошкинский муниципальный район,data-20180110-structure-20150128.csv
1785,58651000000,Псковская область,Пушкиногорский муниципальный район,data-20180110-structure-20150128.csv
1786,58553000000,Псковская область,муниципальный округ Пыталовский,data-20240101-structure-20150128.csv
1787,58654000000,Псковская область,Себежский муниципальный район,data-20180110-structure-20150128.csv
1788,58556000000,Псковская область,муниципальный округ Струго-Красненский,data-20240101-structure-20150128.csv
1845,61701000000,Рязанская область,городской округ город Рязань,data-20180110-structure-20150128.csv
1846,61705000000,Рязанская область,городской округ город Касимов,data-20180110-structure-20150128.csv
1848,61715000000,Рязанская область,городской округ город Скопин,data-20180110-structure-20150128.csv
1849,61602000000,Рязанская область,Ермишинский муниципальный район,data-20180110-structure-20150128.csv
1850,61604000000,Рязанская область,Захаровский муниципальный район,data-20180110-structure-20150128.csv
1851,61606000000,Рязанская область,Кадомский муниципальный район,data-20180110-structure-20150128.csv
1852,61608000000,Рязанская область,Касимовский муниципальный район,data-20180110-structure-20150128.csv
1853,61610000000,Рязанская область,Клепиковский муниципальный район,data-20180110-structure-20150128.csv
1854,61612000000,Рязанская область,Кораблинский муниципальный район,data-20180110-structure-20150128.csv
1855,61615000000,Рязанская область,Милославский муниципальный район,data-20180110-structure-20150128.csv
1856,61617000000,Рязанская область,Михайловский муниципальный район,data-20180110-structure-20150128.csv
1857,61620000000,Рязанская область,Александро-Невский муниципальный район,data-20180110-structure-20150128.csv
1858,61623000000,Рязанская область,Пителинский муниципальный район,data-20180110-structure-20150128.csv
1859,61625000000,Рязанская область,Пронский муниципальный район,data-20180110-structure-20150128.csv
1860,61526000000,Рязанская область,Путятинский муниципальный округ,data-20240101-structure-20150128.csv
1861,61627000000,Рязанская область,Рыбновский муниципальный район,data-20180110-structure-20150128.csv
1862,61530000000,Рязанская область,Ряжский муниципальный округ,data-20240101-structure-20150128.csv
1863,61634000000,Рязанская область,Рязанский муниципальный район,data-20180110-structure-20150128.csv
1864,61637000000,Рязанская область,Сапожковский муниципальный район,data-20180110-structure-20150128.csv
1865,61640000000,Рязанская область,Сараевский муниципальный район,data-20180110-structure-20150128.csv
1868,61646000000,Рязанская область,Спасский муниципальный район,data-20180110-structure-20150128.csv
1869,61648000000,Рязанская область,Старожиловский муниципальный район,data-20180110-structure-20150128.csv
1870,61650000000,Рязанская область,Ухоловский муниципальный район,data-20180110-structure-20150128.csv
1871,61653000000,Рязанская область,Чучковский муниципальный район,data-20180110-structure-20150128.csv
1872,61656000000,Рязанская область,Шацкий муниципальный район,data-20180110-structure-20150128.csv
1873,61658000000,Рязанская область,Шиловский муниципальный район,data-20180110-structure-20150128.csv
1874,36701000000,Самарская область,городской округ Самара,data-20180110-structure-20150128.csv
1875,36704000000,Самарская область,городской округ Жигулевск,data-20180110-structure-20150128.csv
1876,36708000000,Самарская область,городской округ Кинель,data-20180110-structure-20150128.csv
1877,36713000000,Самарская область,городской округ Новокуйбышевск,data-20180110-structure-20150128.csv
1878,36718000000,Самарская область,городской округ Октябрьск,data-20180110-structure-20150128.csv
1879,36724000000,Самарская область,городской округ Отрадный,data-20180110-structure-20150128.csv
1880,36727000000,Самарская область,городской округ Похвистнево,data-20180110-structure-20150128.csv
1881,36735000000,Самарская область,городской округ Сызрань,data-20180110-structure-20150128.csv
1883,36750000000,Самарская область,городской округ Чапаевск,data-20180110-structure-20150128.csv
1884,36602000000,Самарская область,Алексеевский муниципальный район,data-20180110-structure-20150128.csv
1885,36604000000,Самарская область,Безенчукский муниципальный район,data-20180110-structure-20150128.csv
1886,36606000000,Самарская область,Богатовский муниципальный район,data-20180110-structure-20150128.csv
1887,36608000000,Самарская область,Большеглушицкий муниципальный район,data-20180110-structure-20150128.csv
1888,36610000000,Самарская область,Большечерниговский муниципальный район,data-20180110-structure-20150128.csv
1889,36612000000,Самарская область,Борский муниципальный район,data-20180110-structure-20150128.csv
1890,36614000000,Самарская область,Волжский муниципальный район,data-20180110-structure-20150128.csv
1891,36615000000,Самарская область,Елховский муниципальный район,data-20180110-structure-20150128.csv
1892,36616000000,Самарская область,Исаклинский муниципальный район,data-20180110-structure-20150128.csv
1893,36617000000,Самарская область,Камышлинский муниципальный район,data-20180110-structure-20150128.csv
1894,36618000000,Самарская область,Кинельский муниципальный район,data-20180110-structure-20150128.csv
1895,36620000000,Самарская область,Кинель-Черкасский муниципальный район,data-20180110-structure-20150128.csv
1896,36622000000,Самарская область,Клявлинский муниципальный район,data-20180110-structure-20150128.csv
1897,36624000000,Самарская область,Кошкинский муниципальный район,data-20180110-structure-20150128.csv
1898,36626000000,Самарская область,Красноармейский муниципальный район,data-20180110-structure-20150128.csv
1899,36628000000,Самарская область,Красноярский муниципальный район,data-20180110-structure-20150128.csv
1900,36630000000,Самарская область,Нефтегорский муниципальный район,data-20180110-structure-20150128.csv
1901,36632000000,Самарская область,Пестравский муниципальный район,data-20180110-structure-20150128.csv
1902,36634000000,Самарская область,Похвистневский муниципальный район,data-20180110-structure-20150128.csv
1903,36636000000,Самарская область,Приволжский муниципальный район,data-20180110-structure-20150128.csv
1904,36638000000,Самарская область,Сергиевский муниципальный район,data-20180110-structure-20150128.csv
1905,36640000000,Самарская область,Ставропольский муниципальный район,data-20180110-structure-20150128.csv
1906,36642000000,Самарская область,Сызранский муниципальный район,data-20180110-structure-20150128.csv
1907,36644000000,Самарская область,Хворостянский муниципальный район,data-20180110-structure-20150128.csv
1908,36646000000,Самарская область,Челно-Вершинский муниципальный район,data-20180110-structure-20150128.csv
1909,36648000000,Самарская область,Шенталинский муниципальный район,data-20180110-structure-20150128.csv
1910,36650000000,Самарская область,Шигонский муниципальный район,data-20180110-structure-20150128.csv
1912,63746000000,Саратовская область,городской округ город Шиханы,data-20191206-structure-20150128.csv
1915,63602000000,Саратовская область,Александрово-Гайский муниципальный район,data-20180110-structure-20150128.csv
1916,63603000000,Саратовская область,Аркадакский муниципальный район,data-20180110-structure-20150128.csv
1917,63604000000,Саратовская область,Аткарский муниципальный район,data-20180110-structure-20150128.csv
1918,63606000000,Саратовская область,Базарно-Карабулакский муниципальный район,data-20180110-structure-20150128.csv
1919,63607000000,Саратовская область,Балаковский муниципальный район,data-20180110-structure-20150128.csv
1920,63608000000,Саратовская область,Балашовский муниципальный район,data-20180110-structure-20150128.csv
1921,63609000000,Саратовская область,Балтайский муниципальный район,data-20180110-structure-20150128.csv
1922,63611000000,Саратовская область,Вольский муниципальный район,data-20180110-structure-20150128.csv
1923,63612000000,Саратовская область,Воскресенский муниципальный район,data-20180110-structure-20150128.csv
1924,63613000000,Саратовская область,Дергачевский муниципальный район,data-20180110-structure-20150128.csv
1925,63614000000,Саратовская область,Духовницкий муниципальный район,data-20180110-structure-20150128.csv
1926,63616000000,Саратовская область,Екатериновский муниципальный район,data-20180110-structure-20150128.csv
1927,63617000000,Саратовская область,Ершовский муниципальный район,data-20180110-structure-20150128.csv
1928,63619000000,Саратовская область,Ивантеевский муниципальный район,data-20180110-structure-20150128.csv
1929,63621000000,Саратовская область,Калининский муниципальный район,data-20180110-structure-20150128.csv
1930,63622000000,Саратовская область,Красноармейский муниципальный район,data-20180110-structure-20150128.csv
1931,63623000000,Саратовская область,Краснокутский муниципальный район,data-20180110-structure-20150128.csv
1932,63624000000,Саратовская область,Краснопартизанский муниципальный район,data-20180110-structure-20150128.csv
1933,63625000000,Саратовская область,Лысогорский муниципальный район,data-20180110-structure-20150128.csv
1934,63626000000,Саратовская область,Марксовский муниципальный район,data-20180110-structure-20150128.csv
1935,63629000000,Саратовская область,Новобурасский муниципальный район,data-20180110-structure-20150128.csv
1936,63630000000,Саратовская область,Новоузенский муниципальный район,data-20180110-structure-20150128.csv
1937,63632000000,Саратовская область,Озинский муниципальный район,data-20180110-structure-20150128.csv
1938,63634000000,Саратовская область,Перелюбский муниципальный район,data-20180110-structure-20150128.csv
1939,63635000000,Саратовская область,Петровский муниципальный район,data-20180110-structure-20150128.csv
1940,63636000000,Саратовская область,Питерский муниципальный район,data-20180110-structure-20150128.csv
1941,63637000000,Саратовская область,Пугачевский муниципальный район,data-20180110-structure-20150128.csv
1942,63639000000,Саратовская область,Ровенский муниципальный район,data-20180110-structure-20150128.csv
1943,63640000000,Саратовская область,Романовский муниципальный район,data-20180110-structure-20150128.csv
1944,63641000000,Саратовская область,Ртищевский муниципальный район,data-20180110-structure-20150128.csv
1945,63642000000,Саратовская область,Самойловский муниципальный район,data-20180110-structure-20150128.csv
1947,63644000000,Саратовская область,Советский муниципальный район,data-20180110-structure-20150128.csv
1948,63646000000,Саратовская область,Татищевский муниципальный район,data-20180110-structure-20150128.csv
1949,63647000000,Саратовская область,Турковский муниципальный район,data-20180110-structure-20150128.csv
1950,63648000000,Саратовская область,Федоровский муниципальный район,data-20180110-structure-20150128.csv
1951,63649000000,Саратовская область,Хвалынский муниципальный район,data-20180110-structure-20150128.csv
1952,63650000000,Саратовская область,Энгельсский муниципальный район,data-20180110-structure-20150128.csv
1954,64704000000,Сахалинская область,городской округ Александровск-Сахалинский район,data-20180110-structure-20150128.csv
1955,64708000000,Сахалинская область,городской округ Анивский,data-20180110-structure-20150128.csv
1956,64712000000,Сахалинская область,городской округ Долинский,data-20180110-structure-20150128.csv
1957,64716000000,Сахалинская область,городской округ Корсаковский,data-20180110-structure-20150128.csv
1958,64720000000,Сахалинская область,городской округ Курильский,data-20180110-structure-20150128.csv
1959,64724000000,Сахалинская область,городской округ Макаровский,data-20180110-structure-20150128.csv
1960,64728000000,Сахалинская область,городской округ Невельский,data-20180110-structure-20150128.csv
1961,64732000000,Сахалинская область,городской округ Ногликский,data-20180110-structure-20150128.csv
1962,64736000000,Сахалинская область,городской округ Охинский,data-20180110-structure-20150128.csv
1963,64740000000,Сахалинская область,городской округ Поронайский,data-20180110-structure-20150128.csv
1965,64746000000,Сахалинская область,городской округ Смирныховский,data-20180110-structure-20150128.csv
1966,64748000000,Сахалинская область,городской округ Томаринский,data-20180110-structure-20150128.csv
1967,64750000000,Сахалинская область,городской округ Тымовский,data-20180110-structure-20150128.csv
1968,64752000000,Сахалинская область,городской округ Углегорский,data-20180129-structure-20150128.csv
1969,64754000000,Сахалинская область,городской округ Холмский,data-20180110-structure-20150128.csv
1970,64756000000,Сахалинская область,городской округ Южно-Курильский,data-20180110-structure-20150128.csv
1971,65701000000,Свердловская область,городской округ город Екатеринбург,data-20180110-structure-20150128.csv
1972,65728000000,Свердловская область,городской округ город Алапаевск,data-20200110-structure-20150128.csv
1973,65703000000,Свердловская область,городской округ Артемовский,data-20180110-structure-20150128.csv
1974,65730000000,Свердловская область,городской округ Асбестовский,data-20180110-structure-20150128.csv
1975,65762000000,Свердловская область,городской округ Малышевский,data-20180110-structure-20150128.csv
1976,65763000000,Свердловская область,городской округ Рефтинский,data-20180110-structure-20150128.csv
1977,65731000000,Свердловская область,городской округ Березовский,data-20180110-structure-20150128.csv
1978,65707000000,Свердловская область,городской округ Богданович,data-20180110-structure-20150128.csv
1979,65732000000,Свердловская область,городской округ Верхняя Пышма,data-20180110-structure-20150128.csv
1980,65757000000,Свердловская область,городской округ Среднеуральск,data-20180110-structure-20150128.csv
1981,65708000000,Свердловская область,городской округ Верхнесалдинский,data-20180110-structure-20150128.csv
1982,65737000000,Свердловская область,городской округ Заречный,data-20180110-structure-20150128.csv
1983,65738000000,Свердловская область,городской округ Ивдельский,data-20180110-structure-20150128.csv
1984,65764000000,Свердловская область,городской округ Пелым,data-20180110-structure-20150128.csv
1985,65739000000,Свердловская область,городской округ город Ирбит,data-20200110-structure-20150128.csv
1986,65740000000,Свердловская область,городской округ город Каменск-Уральский,data-20200110-structure-20150128.csv
1987,65741000000,Свердловская область,городской округ Камышловский,data-20180110-structure-20150128.csv
1988,65742000000,Свердловская область,городской округ Карпинск,data-20180110-structure-20150128.csv
1989,65735000000,Свердловская область,городской округ Волчанский,data-20180110-structure-20150128.csv
1990,65743000000,Свердловская область,городской округ Качканарский,data-20180110-structure-20150128.csv
1991,65744000000,Свердловская область,городской округ Кировградский,data-20180110-structure-20150128.csv
1992,65733000000,Свердловская область,городской округ Верхний Тагил,data-20180110-structure-20150128.csv
1993,65745000000,Свердловская область,городской округ Краснотурьинск,data-20180110-structure-20150128.csv
1994,65746000000,Свердловская область,городской округ Красноуральск,data-20180110-structure-20150128.csv
1995,65747000000,Свердловская область,городской округ Красноуфимск,data-20200110-structure-20150128.csv
1996,65748000000,Свердловская область,городской округ Кушвинский,data-20180110-structure-20150128.csv
1997,65734000000,Свердловская область,городской округ Верхняя Тура,data-20180110-structure-20150128.csv
1999,65714000000,Свердловская область,городской округ Невьянский,data-20180110-structure-20150128.csv
2000,65751000000,Свердловская область,городской округ город Нижний Тагил,data-20200110-structure-20150128.csv
2001,65750000000,Свердловская область,городской округ Нижняя Салда,data-20180110-structure-20150128.csv
2002,65715000000,Свердловская область,городской округ Нижнетуринский,data-20180110-structure-20150128.csv
2004,65753000000,Свердловская область,городской округ Первоуральск,data-20180110-structure-20150128.csv
2005,65754000000,Свердловская область,городской округ Полевской,data-20180110-structure-20150128.csv
2006,65719000000,Свердловская область,городской округ Ревда,data-20180110-structure-20150128.csv
2007,65736000000,Свердловская область,городской округ Дегтярск,data-20180110-structure-20150128.csv
2008,65720000000,Свердловская область,городской округ Режевской,data-20180110-structure-20150128.csv
2009,65755000000,Свердловская область,городской округ Североуральский,data-20180110-structure-20150128.csv
2010,65756000000,Свердловская область,городской округ Серовский,data-20180110-structure-20150128.csv
2011,65758000000,Свердловская область,городской округ Сухой Лог,data-20180110-structure-20150128.csv
2012,65723000000,Свердловская область,городской округ Тавдинский,data-20180110-structure-20150128.csv
2015,65771000000,Свердловская область,городской округ Алапаевское,data-20200110-structure-20150128.csv
2017,65704000000,Свердловская область,городской округ Артинский,data-20180110-structure-20150128.csv
2018,65705000000,Свердловская область,городской округ Ачитский,data-20180110-structure-20150128.csv
2019,65706000000,Свердловская область,городской округ Белоярский,data-20180110-structure-20150128.csv
2021,65709000000,Свердловская область,городской округ Верхотурский,data-20180110-structure-20150128.csv
2022,65710000000,Свердловская область,городской округ Гаринский,data-20180110-structure-20150128.csv
2023,65711000000,Свердловская область,городской округ Ирбитское,data-20200110-structure-20150128.csv
2024,65712000000,Свердловская область,городской округ Каменский,data-20200110-structure-20150128.csv
2025,65713000000,Свердловская область,городской округ Красноуфимский округ,data-20200110-structure-20150128.csv
2027,65759000000,Свердловская область,городской округ Бисертский,data-20180110-structure-20150128.csv
2028,65716000000,Свердловская область,городской округ Новолялинский,data-20180110-structure-20150128.csv
2030,65718000000,Свердловская область,городской округ Пышминский,data-20180110-structure-20150128.csv
2031,65721000000,Свердловская область,городской округ Сосьвинский,data-20180110-structure-20150128.csv
2032,65722000000,Свердловская область,городской округ Сысертский,data-20180110-structure-20150128.csv
2033,65729000000,Свердловская область,городской округ Арамильский,data-20180110-structure-20150128.csv
2034,65724000000,Свердловская область,городской округ Талицкий,data-20180110-structure-20150128.csv
2035,65725000000,Свердловская область,городской округ Тугулымский,data-20180110-structure-20150128.csv
2036,65726000000,Свердловская область,городской округ Туринский,data-20180110-structure-20150128.csv
2037,65727000000,Свердловская область,городской округ Шалинский,data-20180110-structure-20150128.csv
2039,65608000000,Свердловская область,Байкаловский муниципальный район,data-20180110-structure-20150128.csv
2040,65623000000,Свердловская область,Камышловский муниципальный район,data-20180110-structure-20150128.csv
2041,65639000000,Свердловская область,Слободо-Туринский муниципальный район,data-20180110-structure-20150128.csv
2042,65628000000,Свердловская область,Нижнесергинский муниципальный район,data-20180110-structure-20150128.csv
2043,65645000000,Свердловская область,Таборинский муниципальный район,data-20180110-structure-20150128.csv
2044,66701000000,Смоленская область,городской округ город Смоленск,data-20180110-structure-20150128.csv
2045,66710000000,Смоленская область,городской округ город Десногорск,data-20180110-structure-20150128.csv
2046,66603000000,Смоленская область,Велижский муниципальный район,data-20180110-structure-20150128.csv
2047,66605000000,Смоленская область,Вяземский муниципальный район,data-20180110-structure-20150128.csv
2048,66608000000,Смоленская область,Гагаринский муниципальный район,data-20180110-structure-20150128.csv
2049,66609000000,Смоленская область,Глинковский муниципальный район,data-20180110-structure-20150128.csv
2050,66611000000,Смоленская область,Демидовский муниципальный район,data-20180110-structure-20150128.csv
2051,66614000000,Смоленская область,Дорогобужский муниципальный район,data-20180110-structure-20150128.csv
2052,66616000000,Смоленская область,Духовщинский муниципальный район,data-20180110-structure-20150128.csv
2053,66619000000,Смоленская область,Ельнинский муниципальный район,data-20180110-structure-20150128.csv
2054,66621000000,Смоленская область,Ершичский муниципальный район,data-20180110-structure-20150128.csv
2055,66623000000,Смоленская область,Кардымовский муниципальный район,data-20180110-structure-20150128.csv
2056,66624000000,Смоленская область,Краснинский муниципальный район,data-20180110-structure-20150128.csv
2057,66627000000,Смоленская область,Монастырщинский муниципальный район,data-20180110-structure-20150128.csv
2058,66630000000,Смоленская область,Новодугинский муниципальный район,data-20180110-structure-20150128.csv
2059,66633000000,Смоленская область,Починковский муниципальный район,data-20180110-structure-20150128.csv
2060,66636000000,Смоленская область,Рославльский муниципальный район,data-20180110-structure-20150128.csv
2061,66638000000,Смоленская область,Руднянский муниципальный район,data-20180110-structure-20150128.csv
2062,66641000000,Смоленская область,Сафоновский муниципальный район,data-20180110-structure-20150128.csv
2063,66644000000,Смоленская область,Смоленский муниципальный район,data-20180110-structure-20150128.csv
2064,66646000000,Смоленская область,Сычевский муниципальный район,data-20180110-structure-20150128.csv
2065,66648000000,Смоленская область,Темкинский муниципальный район,data-20180110-structure-20150128.csv
2066,66650000000,Смоленская область,Угранский муниципальный район,data-20180110-structure-20150128.csv
2067,66652000000,Смоленская область,Хиславичский муниципальный район,data-20180110-structure-20150128.csv
2068,66654000000,Смоленская область,Холм-Жирковский муниципальный район,data-20180110-structure-20150128.csv
2069,66656000000,Смоленская область,Шумячский муниципальный район,data-20180110-structure-20150128.csv
2070,66658000000,Смоленская область,Ярцевский муниципальный район,data-20180110-structure-20150128.csv
2072,68705000000,Тамбовская область,городской округ город Кирсанов,data-20180110-structure-20150128.csv
2073,68710000000,Тамбовская область,городской округ город Котовск,data-20180110-structure-20150128.csv
2074,68715000000,Тамбовская область,городской округ город Мичуринск,data-20180110-structure-20150128.csv
2075,68720000000,Тамбовская область,городской округ город Моршанск,data-20180110-structure-20150128.csv
2076,68725000000,Тамбовская область,городской округ город Рассказово,data-20180110-structure-20150128.csv
2077,68730000000,Тамбовская область,городской округ город Уварово,data-20180110-structure-20150128.csv
2078,68502000000,Тамбовская область,Бондарский муниципальный округ,data-20240101-structure-20150128.csv
2079,68503000000,Тамбовская область,Гавриловский муниципальный округ,data-20240101-structure-20150128.csv
2080,68504000000,Тамбовская область,Жердевский муниципальный округ,data-20240101-structure-20150128.csv
2081,68506000000,Тамбовская область,Знаменский муниципальный округ,data-20240101-structure-20150128.csv
2082,68508000000,Тамбовская область,Инжавинский муниципальный округ,data-20240101-structure-20150128.csv
2085,68514000000,Тамбовская область,Мордовский муниципальный округ,data-20240101-structure-20150128.csv
2087,68518000000,Тамбовская область,Мучкапский муниципальный округ,data-20240101-structure-20150128.csv
2088,68520000000,Тамбовская область,Никифоровский муниципальный округ,data-20240101-structure-20150128.csv
2089,68522000000,Тамбовская область,Первомайский муниципальный округ,data-20240101-structure-20150128.csv
2090,68524000000,Тамбовская область,Петровский муниципальный округ,data-20240101-structure-20150128.csv
2091,68526000000,Тамбовская область,Пичаевский муниципальный округ,data-20240101-structure-20150128.csv
2093,68530000000,Тамбовская область,Ржаксинский муниципальный округ,data-20240101-structure-20150128.csv
2094,68532000000,Тамбовская область,Сампурский муниципальный округ,data-20240101-structure-20150128.csv
2095,68534000000,Тамбовская область,Сосновский муниципальный округ,data-20240101-structure-20150128.csv
2096,68536000000,Тамбовская область,Староюрьевский муниципальный округ,data-20240101-structure-20150128.csv
2098,68542000000,Тамбовская область,Токарёвский муниципальный округ,data-20240101-structure-20150128.csv
2100,68546000000,Тамбовская область,Умётский муниципальный округ,data-20240101-structure-20150128.csv
2101,28701000000,Тверская область,городской округ город Тверь,data-20180110-structure-20150128.csv
2105,28752000000,Тверская область,городской округ Осташковский,data-20180110-structure-20150128.csv
2108,28750000000,Тверская область,городской округ город Торжок,data-20180110-structure-20150128.csv
2109,28751000000,Тверская область,городской округ Удомельский,data-20180110-structure-20150128.csv
2110,28502000000,Тверская область,муниципальный округ Андреапольский,data-20200301-structure-20150128.csv
2111,28504000000,Тверская область,муниципальный округ Бежецкий,data-20240101-structure-20150128.csv
2112,28506000000,Тверская область,муниципальный округ Бельский,data-20221219-structure-20150128.csv
2113,28508000000,Тверская область,муниципальный округ Бологовский,data-20240101-structure-20150128.csv
2114,28510000000,Тверская область,муниципальный округ Весьегонский,data-20200301-structure-20150128.csv
2116,28514000000,Тверская область,муниципальный округ Жарковский,data-20221219-structure-20150128.csv
2117,28516000000,Тверская область,муниципальный округ Западнодвинский,data-20210118-structure-20150128.csv
2118,28518000000,Тверская область,муниципальный округ Зубцовский,data-20221219-structure-20150128.csv
2119,28520000000,Тверская область,муниципальный округ Калининский,data-20240101-structure-20150128.csv
2120,28522000000,Тверская область,муниципальный округ Калязинский,data-20240101-structure-20150128.csv
2121,28758000000,Тверская область,городской округ Кашинский,data-20190319-structure-20150128.csv
2122,28526000000,Тверская область,муниципальный округ Кесовогорский,data-20221219-structure-20150128.csv
2124,28530000000,Тверская область,муниципальный округ Конаковский,data-20240101-structure-20150128.csv
2125,28532000000,Тверская область,муниципальный округ Краснохолмский,data-20210118-structure-20150128.csv
2126,28534000000,Тверская область,муниципальный округ Кувшиновский,data-20240101-structure-20150128.csv
2127,28536000000,Тверская область,муниципальный округ Лесной,data-20210118-structure-20150128.csv
2128,28538000000,Тверская область,муниципальный округ Лихославльский,data-20220128-structure-20150128.csv
2129,28540000000,Тверская область,муниципальный округ Максатихинский,data-20221219-structure-20150128.csv
2130,28542000000,Тверская область,муниципальный округ Молоковский,data-20220128-structure-20150128.csv
2131,28759000000,Тверская область,городской округ Нелидовский,data-20190319-structure-20150128.csv
2132,28544000000,Тверская область,муниципальный округ Оленинский,data-20210118-structure-20150128.csv
2133,28546000000,Тверская область,муниципальный округ Пеновский,data-20210118-structure-20150128.csv
2134,28547000000,Тверская область,муниципальный округ Рамешковский,data-20220128-structure-20150128.csv
2136,28549000000,Тверская область,муниципальный округ Сандовский,data-20210118-structure-20150128.csv
2137,28550000000,Тверская область,муниципальный округ Селижаровский,data-20210118-structure-20150128.csv
2138,28551000000,Тверская область,муниципальный округ Сонковский,data-20221219-structure-20150128.csv
2139,28552000000,Тверская область,муниципальный округ Спировский,data-20220128-structure-20150128.csv
2140,28553000000,Тверская область,муниципальный округ Старицкий,data-20221219-structure-20150128.csv
2142,28555000000,Тверская область,муниципальный округ Торопецкий,data-20240101-structure-20150128.csv
2143,28557000000,Тверская область,муниципальный округ Фировский,data-20240101-structure-20150128.csv
2144,69701000000,Томская область,городской округ город Томск,data-20180110-structure-20150128.csv
2145,69707000000,Томская область,городской округ город Кедровый,data-20180110-structure-20150128.csv
2146,69710000000,Томская область,городской округ город Стрежевой,data-20180110-structure-20150128.csv
2148,69604000000,Томская область,Александровский муниципальный район,data-20180110-structure-20150128.csv
2149,69608000000,Томская область,Асиновский муниципальный район,data-20180110-structure-20150128.csv
2150,69612000000,Томская область,Бакчарский муниципальный район,data-20180110-structure-20150128.csv
2151,69616000000,Томская область,Верхнекетский муниципальный район,data-20180110-structure-20150128.csv
2152,69620000000,Томская область,Зырянский муниципальный район,data-20180110-structure-20150128.csv
2153,69624000000,Томская область,Каргасокский муниципальный район,data-20180110-structure-20150128.csv
2154,69628000000,Томская область,Кожевниковский муниципальный район,data-20180110-structure-20150128.csv
2155,69632000000,Томская область,Колпашевский муниципальный район,data-20180110-structure-20150128.csv
2156,69636000000,Томская область,Кривошеинский муниципальный район,data-20180110-structure-20150128.csv
2157,69640000000,Томская область,Молчановский муниципальный район,data-20180110-structure-20150128.csv
2158,69644000000,Томская область,Парабельский муниципальный район,data-20180110-structure-20150128.csv
2159,69648000000,Томская область,Первомайский муниципальный район,data-20180110-structure-20150128.csv
2160,69652000000,Томская область,Тегульдетский муниципальный район,data-20180110-structure-20150128.csv
2161,69654000000,Томская область,Томский муниципальный район,data-20180110-structure-20150128.csv
2162,69656000000,Томская область,Чаинский муниципальный район,data-20180110-structure-20150128.csv
2163,69658000000,Томская область,Шегарский муниципальный район,data-20180110-structure-20150128.csv
2164,70701000000,Тульская область,городской округ город Тула,data-20180110-structure-20150128.csv
2165,70706000000,Тульская область,городской округ город Алексин,data-20180110-structure-20150128.csv
2167,70712000000,Тульская область,городской округ город Донской,data-20180110-structure-20150128.csv
2168,70714000000,Тульская область,городской округ город Ефремов,data-20180110-structure-20150128.csv
2169,70724000000,Тульская область,городской округ город Новомосковск,data-20180110-structure-20150128.csv
2171,70604000000,Тульская область,Арсеньевский муниципальный район,data-20180110-structure-20150128.csv
2172,70606000000,Тульская область,Белевский муниципальный район,data-20180110-structure-20150128.csv
2173,70608000000,Тульская область,Богородицкий муниципальный район,data-20180110-structure-20150128.csv
2174,70612000000,Тульская область,Веневский муниципальный район,data-20180110-structure-20150128.csv
2175,70616000000,Тульская область,Воловский муниципальный район,data-20180110-structure-20150128.csv
2176,70618000000,Тульская область,Дубенский муниципальный район,data-20180110-structure-20150128.csv
2177,70622000000,Тульская область,Заокский муниципальный район,data-20180110-structure-20150128.csv
2178,70624000000,Тульская область,Каменский муниципальный район,data-20180110-structure-20150128.csv
2179,70626000000,Тульская область,Кимовский муниципальный район,data-20180110-structure-20150128.csv
2180,70628000000,Тульская область,Киреевский муниципальный район,data-20180110-structure-20150128.csv
2181,70630000000,Тульская область,Куркинский муниципальный район,data-20180110-structure-20150128.csv
2182,70636000000,Тульская область,Одоевский муниципальный район,data-20180110-structure-20150128.csv
2183,70638000000,Тульская область,Плавский муниципальный район,data-20180110-structure-20150128.csv
2184,70640000000,Тульская область,Суворовский муниципальный район,data-20180110-structure-20150128.csv
2185,70642000000,Тульская область,Тепло-Огаревский муниципальный район,data-20180110-structure-20150128.csv
2186,70644000000,Тульская область,Узловский муниципальный район,data-20180110-structure-20150128.csv
2187,70646000000,Тульская область,Чернский муниципальный район,data-20180110-structure-20150128.csv
2188,70648000000,Тульская область,Щекинский муниципальный район,data-20180110-structure-20150128.csv
2189,70650000000,Тульская область,Ясногорский муниципальный район,data-20180110-structure-20150128.csv
2190,71701000000,Тюменская область,городской округ город Тюмень,data-20180110-structure-20150128.csv
2191,71703000000,Тюменская область,городской округ Заводоуковский,data-20180110-structure-20150128.csv
2192,71705000000,Тюменская область,городской округ город Ишим,data-20180110-structure-20150128.csv
2193,71710000000,Тюменская область,городской округ город Тобольск,data-20180110-structure-20150128.csv
2194,71715000000,Тюменская область,городской округ город Ялуторовск,data-20180110-structure-20150128.csv
2195,71603000000,Тюменская область,Абатский муниципальный район,data-20180110-structure-20150128.csv
2196,71605000000,Тюменская область,Армизонский муниципальный район,data-20180110-structure-20150128.csv
2197,71607000000,Тюменская область,Аромашевский муниципальный район,data-20180110-structure-20150128.csv
2198,71610000000,Тюменская область,Бердюжский муниципальный район,data-20180110-structure-20150128.csv
2199,71613000000,Тюменская область,Вагайский муниципальный район,data-20180110-structure-20150128.csv
2200,71615000000,Тюменская область,Викуловский муниципальный район,data-20180110-structure-20150128.csv
2201,71702000000,Тюменская область,городской округ Голышмановский,data-20190419-structure-20150128.csv
2202,71624000000,Тюменская область,Исетский муниципальный район,data-20180110-structure-20150128.csv
2203,71626000000,Тюменская область,Ишимский муниципальный район,data-20180110-structure-20150128.csv
2204,71630000000,Тюменская область,Казанский муниципальный район,data-20180110-structure-20150128.csv
2205,71632000000,Тюменская область,Нижнетавдинский муниципальный район,data-20180110-structure-20150128.csv
2206,71634000000,Тюменская область,Омутинский муниципальный район,data-20180110-structure-20150128.csv
2207,71636000000,Тюменская область,Сладковский муниципальный район,data-20180110-structure-20150128.csv
2208,71638000000,Тюменская область,Сорокинский муниципальный район,data-20180110-structure-20150128.csv
2210,71644000000,Тюменская область,Тюменский муниципальный район,data-20180110-structure-20150128.csv
2211,71648000000,Тюменская область,Уватский муниципальный район,data-20180110-structure-20150128.csv
2212,71650000000,Тюменская область,Упоровский муниципальный район,data-20180110-structure-20150128.csv
2213,71653000000,Тюменская область,Юргинский муниципальный район,data-20180110-structure-20150128.csv
2215,71658000000,Тюменская область,Ярковский муниципальный район,data-20180110-structure-20150128.csv
2216,71871000000,Ханты-Мансийский автономный округ — Югра,городской округ город Ханты-Мансийск,data-20180110-structure-20150128.csv
2217,71883000000,Ханты-Мансийский автономный округ — Югра,городской округ город Когалым,data-20180110-structure-20150128.csv
2218,71872000000,Ханты-Мансийский автономный округ — Югра,городской округ город Лангепас,data-20180110-structure-20150128.csv
2219,71873000000,Ханты-Мансийский автономный округ — Югра,городской округ город Мегион,data-20180110-structure-20150128.csv
2220,71874000000,Ханты-Мансийский автономный округ — Югра,городской округ город Нефтеюганск,data-20180110-structure-20150128.csv
2221,71875000000,Ханты-Мансийский автономный округ — Югра,городской округ город Нижневартовск,data-20180110-structure-20150128.csv
2222,71879000000,Ханты-Мансийский автономный округ — Югра,городской округ город Нягань,data-20180110-structure-20150128.csv
2223,71884000000,Ханты-Мансийский автономный округ — Югра,городской округ город Покачи,data-20180110-structure-20150128.csv
2224,71885000000,Ханты-Мансийский автономный округ — Югра,городской округ город Пыть-Ях,data-20180110-structure-20150128.csv
2225,71877000000,Ханты-Мансийский автономный округ — Югра,городской округ город Радужный,data-20180110-structure-20150128.csv
2226,71876000000,Ханты-Мансийский автономный округ — Югра,городской округ город Сургут,data-20180110-structure-20150128.csv
2227,71878000000,Ханты-Мансийский автономный округ — Югра,городской округ город Урай,data-20180110-structure-20150128.csv
2228,71887000000,Ханты-Мансийский автономный округ — Югра,городской округ город Югорск,data-20180110-structure-20150128.csv
2229,71811000000,Ханты-Мансийский автономный округ — Югра,Белоярский муниципальный район,data-20180110-structure-20150128.csv
2230,71812000000,Ханты-Мансийский автономный округ — Югра,Березовский муниципальный район,data-20180110-structure-20150128.csv
2231,71816000000,Ханты-Мансийский автономный округ — Югра,Кондинский муниципальный район,data-20180110-structure-20150128.csv
2232,71818000000,Ханты-Мансийский автономный округ — Югра,Нефтеюганский муниципальный район,data-20180110-structure-20150128.csv
2233,71819000000,Ханты-Мансийский автономный округ — Югра,Нижневартовский муниципальный район,data-20180110-structure-20150128.csv
2234,71821000000,Ханты-Мансийский автономный округ — Югра,Октябрьский муниципальный район,data-20180110-structure-20150128.csv
2235,71824000000,Ханты-Мансийский автономный округ — Югра,Советский муниципальный район,data-20180110-structure-20150128.csv
2236,71826000000,Ханты-Мансийский автономный округ — Югра,Сургутский муниципальный район,data-20180110-structure-20150128.csv
2237,71829000000,Ханты-Мансийский автономный округ — Югра,Ханты-Мансийский муниципальный район,data-20180110-structure-20150128.csv
2238,71951000000,Ямало-Ненецкий автономный округ,городской округ город Салехард,data-20180110-structure-20150128.csv
2241,71955000000,Ямало-Ненецкий автономный округ,городской округ город Муравленко,data-20180110-structure-20150128.csv
2242,71956000000,Ямало-Ненецкий автономный округ,городской округ город Новый Уренгой,data-20180110-structure-20150128.csv
2243,71958000000,Ямало-Ненецкий автономный округ,городской округ город Ноябрьск,data-20180110-structure-20150128.csv
2244,71933000000,Ямало-Ненецкий автономный округ,муниципальный округ Красноселькупский район,data-20220128-structure-20150128.csv
2245,71936000000,Ямало-Ненецкий автономный округ,муниципальный округ Надымский район,data-20210118-structure-20150128.csv
2248,71943000000,Ямало-Ненецкий автономный округ,муниципальный округ Тазовский район,data-20210118-structure-20150128.csv
2249,71946000000,Ямало-Ненецкий автономный округ,муниципальный округ Шурышкарский район,data-20221219-structure-20150128.csv
2250,71948000000,Ямало-Ненецкий автономный округ,муниципальный округ Ямальский район,data-20220128-structure-20150128.csv
2251,73701000000,Ульяновская область,городской округ город Ульяновск,data-20180110-structure-20150128.csv
2252,73705000000,Ульяновская область,городской округ город Димитровград,data-20180110-structure-20150128.csv
2253,73715000000,Ульяновская область,городской округ город Новоульяновск,data-20180110-structure-20150128.csv
2254,73602000000,Ульяновская область,Базарносызганский муниципальный район,data-20180110-structure-20150128.csv
2255,73604000000,Ульяновская область,Барышский муниципальный район,data-20180110-structure-20150128.csv
2256,73607000000,Ульяновская область,Вешкаймский муниципальный район,data-20180110-structure-20150128.csv
2257,73610000000,Ульяновская область,Инзенский муниципальный район,data-20180110-structure-20150128.csv
2258,73614000000,Ульяновская область,Карсунский муниципальный район,data-20180110-structure-20150128.csv
2259,73616000000,Ульяновская область,Кузоватовский муниципальный район,data-20180110-structure-20150128.csv
2260,73620000000,Ульяновская область,Майнский муниципальный район,data-20180110-structure-20150128.csv
2262,73625000000,Ульяновская область,Николаевский муниципальный район,data-20180110-structure-20150128.csv
2264,73629000000,Ульяновская область,Новоспасский муниципальный район,data-20180110-structure-20150128.csv
2265,73632000000,Ульяновская область,Павловский муниципальный район,data-20180110-structure-20150128.csv
2266,73634000000,Ульяновская область,Радищевский муниципальный район,data-20180110-structure-20150128.csv
2267,73636000000,Ульяновская область,Сенгилеевский муниципальный район,data-20180110-structure-20150128.csv
2268,73639000000,Ульяновская область,Старокулаткинский муниципальный район,data-20180110-structure-20150128.csv
2269,73642000000,Ульяновская область,Старомайнский муниципальный район,data-20180110-structure-20150128.csv
2270,73644000000,Ульяновская область,Сурский муниципальный район,data-20180110-structure-20150128.csv
2271,73648000000,Ульяновская область,Тереньгульский муниципальный район,data-20180110-structure-20150128.csv
2272,73652000000,Ульяновская область,Ульяновский муниципальный район,data-20180110-structure-20150128.csv
2274,73656000000,Ульяновская область,Чердаклинский муниципальный район,data-20180110-structure-20150128.csv
2275,75701000000,Челябинская область,городской округ Челябинский,data-20180110-structure-20150128.csv
2276,75706000000,Челябинская область,городской округ Верхнеуфалейский,data-20180110-structure-20150128.csv
2278,75715000000,Челябинская область,городской округ Карабашский,data-20180110-structure-20150128.csv
2279,75728000000,Челябинская область,городской округ Копейский,data-20180110-structure-20150128.csv
2280,75734000000,Челябинская область,городской округ Кыштымский,data-20180110-structure-20150128.csv
2281,75738000000,Челябинская область,городской округ Магнитогорский,data-20180110-structure-20150128.csv
2282,75742000000,Челябинская область,городской округ Миасский,data-20180110-structure-20150128.csv
2286,75752000000,Челябинская область,городской округ Троицкий,data-20180110-structure-20150128.csv
2287,75755000000,Челябинская область,городской округ Усть-Катавский,data-20180110-structure-20150128.csv
2288,75758000000,Челябинская область,городской округ Чебаркульский,data-20180110-structure-20150128.csv
2289,75764000000,Челябинская область,городской округ Южноуральский,data-20180110-structure-20150128.csv
2292,75606000000,Челябинская область,Аргаяшский муниципальный район,data-20180110-structure-20150128.csv
2293,75609000000,Челябинская область,Ашинский муниципальный район,data-20180110-structure-20150128.csv
2294,75612000000,Челябинская область,Брединский муниципальный район,data-20180110-structure-20150128.csv
2295,75614000000,Челябинская область,Варненский муниципальный район,data-20180110-structure-20150128.csv
2296,75617000000,Челябинская область,Верхнеуральский муниципальный район,data-20180110-structure-20150128.csv
2297,75619000000,Челябинская область,Еманжелинский муниципальный район,data-20180110-structure-20150128.csv
2298,75620000000,Челябинская область,Еткульский муниципальный район,data-20180110-structure-20150128.csv
2299,75623000000,Челябинская область,Карталинский муниципальный район,data-20180110-structure-20150128.csv
2300,75626000000,Челябинская область,Каслинский муниципальный район,data-20180110-structure-20150128.csv
2301,75629000000,Челябинская область,Катав-Ивановский муниципальный район,data-20180110-structure-20150128.csv
2302,75632000000,Челябинская область,Кизильский муниципальный район,data-20180110-structure-20150128.csv
2303,75533000000,Челябинская область,Коркинский муниципальный округ,data-20221219-structure-20150128.csv
2304,75634000000,Челябинская область,Красноармейский муниципальный район,data-20180110-structure-20150128.csv
2305,75636000000,Челябинская область,Кунашакский муниципальный район,data-20180110-structure-20150128.csv
2307,75642000000,Челябинская область,Нагайбакский муниципальный район,data-20180110-structure-20150128.csv
2308,75644000000,Челябинская область,Нязепетровский муниципальный район,data-20180110-structure-20150128.csv
2309,75647000000,Челябинская область,Октябрьский муниципальный район,data-20180110-structure-20150128.csv
2310,75648000000,Челябинская область,Пластовский муниципальный район,data-20180110-structure-20150128.csv
2311,75649000000,Челябинская область,Саткинский муниципальный район,data-20180110-structure-20150128.csv
2312,75652000000,Челябинская область,Сосновский муниципальный район,data-20180110-structure-20150128.csv
2314,75655000000,Челябинская область,Увельский муниципальный район,data-20180110-structure-20150128.csv
2315,75656000000,Челябинская область,Уйский муниципальный район,data-20180110-structure-20150128.csv
2316,75657000000,Челябинская область,Чебаркульский муниципальный район,data-20180110-structure-20150128.csv
2317,75659000000,Челябинская область,Чесменский муниципальный район,data-20180110-structure-20150128.csv
2318,78701000000,Ярославская область,городской округ город Ярославль,data-20180110-structure-20150128.csv
2320,78715000000,Ярославская область,городской округ город Рыбинск,data-20180110-structure-20150128.csv
2321,78603000000,Ярославская область,Большесельский муниципальный район,data-20180110-structure-20150128.csv
2322,78606000000,Ярославская область,Борисоглебский муниципальный район,data-20180110-structure-20150128.csv
2323,78609000000,Ярославская область,Брейтовский муниципальный район,data-20180110-structure-20150128.csv
2324,78612000000,Ярославская область,Гаврилов-Ямский муниципальный район,data-20180110-structure-20150128.csv
2325,78615000000,Ярославская область,Даниловский муниципальный район,data-20180110-structure-20150128.csv
2326,78618000000,Ярославская область,Любимский муниципальный район,data-20180110-structure-20150128.csv
2327,78621000000,Ярославская область,Мышкинский муниципальный район,data-20180110-structure-20150128.csv
2328,78623000000,Ярославская область,Некоузский муниципальный район,data-20180110-structure-20150128.csv
2329,78626000000,Ярославская область,Некрасовский муниципальный район,data-20180110-structure-20150128.csv
2330,78629000000,Ярославская область,Первомайский муниципальный район,data-20180110-structure-20150128.csv
2332,78634000000,Ярославская область,Пошехонский муниципальный район,data-20180110-structure-20150128.csv
2333,78637000000,Ярославская область,Ростовский муниципальный район,data-20180110-structure-20150128.csv
2334,78640000000,Ярославская область,Рыбинский муниципальный район,data-20180110-structure-20150128.csv
2335,78643000000,Ярославская область,Тутаевский муниципальный район,data-20180110-structure-20150128.csv
2336,78646000000,Ярославская область,Угличский муниципальный район,data-20180110-structure-20150128.csv
2337,78650000000,Ярославская область,Ярославский муниципальный район,data-20180110-structure-20150128.csv
2338,99701000000,Еврейская автономная область,городской округ город Биробиджан,data-20180110-structure-20150128.csv
2339,99605000000,Еврейская автономная область,Биробиджанский муниципальный район,data-20180110-structure-20150128.csv
2340,99610000000,Еврейская автономная область,Ленинский муниципальный район,data-20180110-structure-20150128.csv
2341,99620000000,Еврейская автономная область,Облученский муниципальный район,data-20180110-structure-20150128.csv
2342,99625000000,Еврейская автономная область,Октябрьский муниципальный район,data-20180110-structure-20150128.csv
2343,99630000000,Еврейская автономная область,Смидовичский муниципальный район,data-20180110-structure-20150128.csv
2344,77701000000,Чукотский автономный округ,городской округ Анадырь,data-20180110-structure-20150128.csv
2345,77715000000,Чукотский автономный округ,городской округ Эгвекинот,data-20180110-structure-20150128.csv
2348,77603000000,Чукотский автономный округ,Анадырский муниципальный район,data-20180110-structure-20150128.csv
2349,77609000000,Чукотский автономный округ,Билибинский муниципальный район,data-20180110-structure-20150128.csv
2351,40301000000,Санкт-Петербург,внутригородская территория города федерального значения муниципальный округ Коломна,data-20180110-structure-20150128.csv
2352,40302000000,Санкт-Петербург,внутригородская территория города федерального значения муниципальный округ Сенной округ,data-20180110-structure-20150128.csv
2353,40303000000,Санкт-Петербург,внутригородская территория города федерального значения муниципальный округ Адмиралтейский округ,data-20180110-structure-20150128.csv
2354,40304000000,Санкт-Петербург,внутригородская территория города федерального значения муниципальный округ Семеновский,data-20180110-structure-20150128.csv
2355,40305000000,Санкт-Петербург,внутригородская территория города федерального значения муниципальный округ Измайловское,data-20180110-structure-20150128.csv
2356,40306000000,Санкт-Петербург,внутригородская территория города федерального значения муниципальный округ Екатерингофский,data-20180110-structure-20150128.csv
2357,40307000000,Санкт-Петербург,внутригородская территория города федерального значения муниципальный округ № 7,data-20180110-structure-20150128.csv
2358,40308000000,Санкт-Петербург,внутригородская территория города федерального значения муниципальный округ Васильевский,data-20180110-structure-20150128.csv
2359,40309000000,Санкт-Петербург,внутригородская территория города федерального значения муниципальный округ Гавань,data-20180110-structure-20150128.csv
2360,40310000000,Санкт-Петербург,внутригородская территория города федерального значения муниципальный округ Морской,data-20180110-structure-20150128.csv
2361,40311000000,Санкт-Петербург,внутригородская территория города федерального значения муниципальный округ Остров Декабристов,data-20180110-structure-20150128.csv
2362,40312000000,Санкт-Петербург,внутригородская территория города федерального значения поселок Левашово,data-20180110-structure-20150128.csv
2363,40313000000,Санкт-Петербург,внутригородская территория города федерального значения поселок Парголово,data-20180110-structure-20150128.csv
2364,40314000000,Санкт-Петербург,внутригородская территория города федерального значения муниципальный округ Сампсониевское,data-20180110-structure-20150128.csv
2365,40315000000,Санкт-Петербург,внутригородская территория города федерального значения муниципальный округ Светлановское,data-20180110-structure-20150128.csv
2366,40316000000,Санкт-Петербург,внутригородская территория города федерального значения муниципальный округ Сосновское,data-20180110-structure-20150128.csv
2367,40317000000,Санкт-Петербург,внутригородская территория города федерального значения муниципальный округ № 15,data-20180110-structure-20150128.csv
2368,40318000000,Санкт-Петербург,внутригородская территория города федерального значения муниципальный округ Сергиевское,data-20180110-structure-20150128.csv
2369,40319000000,Санкт-Петербург,внутригородская территория города федерального значения муниципальный округ Шувалово-Озерки,data-20180110-structure-20150128.csv
2370,40320000000,Санкт-Петербург,внутригородская территория города федерального значения поселок Лисий Нос,data-20180110-structure-20150128.csv
2371,40321000000,Санкт-Петербург,внутригородская территория города федерального значения муниципальный округ Лахта-Ольгино,data-20180110-structure-20150128.csv
2372,40322000000,Санкт-Петербург,внутригородская территория города федерального значения муниципальный округ № 65,data-20180110-structure-20150128.csv
2373,40323000000,Санкт-Петербург,внутригородская территория города федерального значения муниципальный округ Ланское,data-20210118-structure-20150128.csv
2374,40324000000,Санкт-Петербург,внутригородская территория города федерального значения муниципальный округ Комендантский аэродром,data-20180110-structure-20150128.csv
2375,40325000000,Санкт-Петербург,внутригородская территория города федерального значения муниципальный округ Озеро Долгое,data-20180110-structure-20150128.csv
2376,40326000000,Санкт-Петербург,внутригородская территория города федерального значения муниципальный округ Юнтолово,data-20180110-structure-20150128.csv
2377,40327000000,Санкт-Петербург,внутригородская территория города федерального значения муниципальный округ Коломяги,data-20180110-structure-20150128.csv
2378,40328000000,Санкт-Петербург,внутригородская территория города федерального значения муниципальный округ Гражданка,data-20180110-structure-20150128.csv
2379,40329000000,Санкт-Петербург,внутригородская территория города федерального значения муниципальный округ Академическое,data-20180110-structure-20150128.csv
2380,40330000000,Санкт-Петербург,внутригородская территория города федерального значения муниципальный округ Финляндский округ,data-20180110-structure-20150128.csv
2381,40331000000,Санкт-Петербург,внутригородская территория города федерального значения муниципальный округ № 21,data-20180110-structure-20150128.csv
2382,40332000000,Санкт-Петербург,внутригородская территория города федерального значения муниципальный округ Пискаревка,data-20180110-structure-20150128.csv
2383,40333000000,Санкт-Петербург,внутригородская территория города федерального значения муниципальный округ Северный,data-20180110-structure-20150128.csv
2384,40334000000,Санкт-Петербург,внутригородская территория города федерального значения муниципальный округ Прометей,data-20180110-structure-20150128.csv
2385,40335000000,Санкт-Петербург,внутригородская территория города федерального значения муниципальный округ Княжево,data-20180110-structure-20150128.csv
2386,40336000000,Санкт-Петербург,внутригородская территория города федерального значения муниципальный округ Ульянка,data-20180110-structure-20150128.csv
2387,40337000000,Санкт-Петербург,внутригородская территория города федерального значения муниципальный округ Дачное,data-20180110-structure-20150128.csv
2388,40338000000,Санкт-Петербург,внутригородская территория города федерального значения муниципальный округ Автово,data-20180110-structure-20150128.csv
2389,40339000000,Санкт-Петербург,внутригородская территория города федерального значения муниципальный округ Нарвский округ,data-20180110-structure-20150128.csv
2390,40340000000,Санкт-Петербург,внутригородская территория города федерального значения муниципальный округ Красненькая речка,data-20180110-structure-20150128.csv
2391,40341000000,Санкт-Петербург,внутригородская территория города федерального значения муниципальный округ Морские ворота,data-20180110-structure-20150128.csv
2392,40342000000,Санкт-Петербург,внутригородская территория города федерального значения город Колпино,data-20180110-structure-20150128.csv
2393,40343000000,Санкт-Петербург,внутригородская территория города федерального значения поселок Металлострой,data-20180110-structure-20150128.csv
2395,40345000000,Санкт-Петербург,внутригородская территория города федерального значения поселок Понтонный,data-20180110-structure-20150128.csv
2398,40348000000,Санкт-Петербург,внутригородская территория города федерального значения муниципальный округ Полюстрово,data-20180110-structure-20150128.csv
2399,40349000000,Санкт-Петербург,внутригородская территория города федерального значения муниципальный округ Большая Охта,data-20180110-structure-20150128.csv
2400,40350000000,Санкт-Петербург,внутригородская территория города федерального значения муниципальный округ Малая Охта,data-20180110-structure-20150128.csv
2401,40351000000,Санкт-Петербург,внутригородская территория города федерального значения муниципальный округ Пороховые,data-20180110-structure-20150128.csv
2402,40352000000,Санкт-Петербург,внутригородская территория города федерального значения муниципальный округ Ржевка,data-20180110-structure-20150128.csv
2403,40353000000,Санкт-Петербург,внутригородская территория города федерального значения город Красное Село,data-20180110-structure-20150128.csv
2404,40354000000,Санкт-Петербург,внутригородская территория города федерального значения муниципальный округ Юго-Запад,data-20180110-structure-20150128.csv
2405,40355000000,Санкт-Петербург,внутригородская территория города федерального значения муниципальный округ Южно-Приморский,data-20180110-structure-20150128.csv
2406,40356000000,Санкт-Петербург,внутригородская территория города федерального значения муниципальный округ Сосновая поляна,data-20180110-structure-20150128.csv
2407,40357000000,Санкт-Петербург,внутригородская территория города федерального значения муниципальный округ Урицк,data-20180110-structure-20150128.csv
2408,40358000000,Санкт-Петербург,внутригородская территория города федерального значения муниципальный округ Константиновское,data-20180110-structure-20150128.csv
2409,40359000000,Санкт-Петербург,внутригородская территория города федерального значения муниципальный округ Горелово,data-20180110-structure-20150128.csv
2410,40360000000,Санкт-Петербург,внутригородская территория города федерального значения город Кронштадт,data-20180110-structure-20150128.csv
2411,40361000000,Санкт-Петербург,внутригородская территория города федерального значения город Зеленогорск,data-20180110-structure-20150128.csv
2412,40362000000,Санкт-Петербург,внутригородская территория города федерального значения город Сестрорецк,data-20180110-structure-20150128.csv
2416,40366000000,Санкт-Петербург,внутригородская территория города федерального значения поселок Песочный,data-20180110-structure-20150128.csv
2422,40372000000,Санкт-Петербург,внутригородская территория города федерального значения город Ломоносов,data-20180110-structure-20150128.csv
2423,40373000000,Санкт-Петербург,внутригородская территория города федерального значения муниципальный округ Московская застава,data-20180110-structure-20150128.csv
2424,40374000000,Санкт-Петербург,внутригородская территория города федерального значения муниципальный округ Гагаринское,data-20180110-structure-20150128.csv
2425,40375000000,Санкт-Петербург,внутригородская территория города федерального значения муниципальный округ Новоизмайловское,data-20180110-structure-20150128.csv
2426,40376000000,Санкт-Петербург,внутригородская территория города федерального значения муниципальный округ Пулковский меридиан,data-20180110-structure-20150128.csv
2427,40377000000,Санкт-Петербург,внутригородская территория города федерального значения муниципальный округ Звездное,data-20180110-structure-20150128.csv
2428,40378000000,Санкт-Петербург,внутригородская территория города федерального значения муниципальный округ Невская застава,data-20180110-structure-20150128.csv
2429,40379000000,Санкт-Петербург,внутригородская территория города федерального значения муниципальный округ Ивановский,data-20180110-structure-20150128.csv
2430,40380000000,Санкт-Петербург,внутригородская территория города федерального значения муниципальный округ Обуховский,data-20180110-structure-20150128.csv
2431,40381000000,Санкт-Петербург,внутригородская территория города федерального значения муниципальный округ Рыбацкое,data-20180110-structure-20150128.csv
2432,40382000000,Санкт-Петербург,внутригородская территория города федерального значения муниципальный округ Народный,data-20180110-structure-20150128.csv
2433,40383000000,Санкт-Петербург,внутригородская территория города федерального значения муниципальный округ № 54,data-20180110-structure-20150128.csv
2434,40384000000,Санкт-Петербург,внутригородская территория города федерального значения муниципальный округ Невский округ,data-20180110-structure-20150128.csv
2435,40385000000,Санкт-Петербург,внутригородская территория города федерального значения муниципальный округ Оккервиль,data-20180110-structure-20150128.csv
2436,40386000000,Санкт-Петербург,внутригородская территория города федерального значения муниципальный округ Правобережный,data-20180110-structure-20150128.csv
2437,40387000000,Санкт-Петербург,внутригородская территория города федерального значения город Павловск,data-20180110-structure-20150128.csv
2439,40389000000,Санкт-Петербург,внутригородская территория города федерального значения муниципальный округ Введенский,data-20180110-structure-20150128.csv
2440,40390000000,Санкт-Петербург,внутригородская территория города федерального значения муниципальный округ Кронверкское,data-20180110-structure-20150128.csv
2441,40391000000,Санкт-Петербург,внутригородская территория города федерального значения муниципальный округ Посадский,data-20180110-structure-20150128.csv
2442,40392000000,Санкт-Петербург,внутригородская территория города федерального значения муниципальный округ Аптекарский остров,data-20180110-structure-20150128.csv
2443,40393000000,Санкт-Петербург,внутригородская территория города федерального значения муниципальный округ округ Петровский,data-20180110-structure-20150128.csv
2444,40394000000,Санкт-Петербург,внутригородская территория города федерального значения муниципальный округ Чкаловское,data-20180110-structure-20150128.csv
2445,40395000000,Санкт-Петербург,внутригородская территория города федерального значения город Петергоф,data-20180110-structure-20150128.csv
2446,40396000000,Санкт-Петербург,внутригородская территория города федерального значения поселок Стрельна,data-20180110-structure-20150128.csv
2447,40397000000,Санкт-Петербург,внутригородская территория города федерального значения город Пушкин,data-20180110-structure-20150128.csv
2449,40901000000,Санкт-Петербург,внутригородская территория города федерального значения поселок Шушары,data-20180110-structure-20150128.csv
2450,40902000000,Санкт-Петербург,внутригородская территория города федерального значения муниципальный округ Волковское,data-20180110-structure-20150128.csv
2451,40903000000,Санкт-Петербург,внутригородская территория города федерального значения муниципальный округ № 72,data-20180110-structure-20150128.csv
2452,40904000000,Санкт-Петербург,внутригородская территория города федерального значения муниципальный округ Купчино,data-20180110-structure-20150128.csv
2453,40905000000,Санкт-Петербург,внутригородская территория города федерального значения муниципальный округ Георгиевский,data-20180110-structure-20150128.csv
2454,40906000000,Санкт-Петербург,внутригородская территория города федерального значения муниципальный округ № 75,data-20180110-structure-20150128.csv
2455,40907000000,Санкт-Петербург,внутригородская территория города федерального значения муниципальный округ Балканский,data-20180110-structure-20150128.csv
2456,40908000000,Санкт-Петербург,внутригородская территория города федерального значения муниципальный округ Дворцовый округ,data-20180110-structure-20150128.csv
2457,40909000000,Санкт-Петербург,внутригородская территория города федерального значения муниципальный округ № 78,data-20180110-structure-20150128.csv
2458,40910000000,Санкт-Петербург,внутригородская территория города федерального значения муниципальный округ Литейный округ,data-20180110-structure-20150128.csv
2459,40911000000,Санкт-Петербург,внутригородская территория города федерального значения муниципальный округ Смольнинское,data-20180110-structure-20150128.csv
2460,40912000000,Санкт-Петербург,внутригородская территория города федерального значения муниципальный округ Лиговка-Ямская,data-20180110-structure-20150128.csv
2461,40913000000,Санкт-Петербург,внутригородская территория города федерального значения муниципальный округ Владимирский округ,data-20180110-structure-20150128.csv
2462,45301000000,Москва,внутригородская территория города федерального значения муниципальный округ Богородское,data-20180110-structure-20150128.csv
2463,45302000000,Москва,внутригородская территория города федерального значения муниципальный округ Вешняки,data-20180110-structure-20150128.csv
2464,45303000000,Москва,внутригородская территория города федерального значения муниципальный округ Восточное Измайлово,data-20180110-structure-20150128.csv
2465,45304000000,Москва,внутригородская территория города федерального значения муниципальный округ Восточный,data-20180110-structure-20150128.csv
2466,45305000000,Москва,внутригородская территория города федерального значения муниципальный округ Гольяново,data-20180110-structure-20150128.csv
2467,45306000000,Москва,внутригородская территория города федерального значения муниципальный округ Ивановское,data-20180110-structure-20150128.csv
2468,45307000000,Москва,внутригородская территория города федерального значения муниципальный округ Измайлово,data-20180110-structure-20150128.csv
2469,45308000000,Москва,внутригородская территория города федерального значения муниципальный округ Косино-Ухтомский,data-20180110-structure-20150128.csv
2470,45309000000,Москва,внутригородская территория города федерального значения муниципальный округ Новогиреево,data-20180110-structure-20150128.csv
2471,45310000000,Москва,внутригородская территория города федерального значения муниципальный округ Новокосино,data-20180110-structure-20150128.csv
2472,45311000000,Москва,внутригородская территория города федерального значения муниципальный округ Метрогородок,data-20180110-structure-20150128.csv
2473,45312000000,Москва,внутригородская территория города федерального значения муниципальный округ Перово,data-20180110-structure-20150128.csv
2474,45313000000,Москва,внутригородская территория города федерального значения муниципальный округ Северное Измайлово,data-20180110-structure-20150128.csv
2475,45314000000,Москва,внутригородская территория города федерального значения муниципальный округ Соколиная гора,data-20180110-structure-20150128.csv
2476,45315000000,Москва,внутригородская территория города федерального значения муниципальный округ Сокольники,data-20180110-structure-20150128.csv
2477,45316000000,Москва,внутригородская территория города федерального значения муниципальный округ Преображенское,data-20180110-structure-20150128.csv
2478,45317000000,Москва,внутригородская территория города федерального значения муниципальный округ Внуково,data-20180110-structure-20150128.csv
2479,45318000000,Москва,внутригородская территория города федерального значения муниципальный округ Дорогомилово,data-20180110-structure-20150128.csv
2480,45319000000,Москва,внутригородская территория города федерального значения муниципальный округ Крылатское,data-20180110-structure-20150128.csv
2481,45320000000,Москва,внутригородская территория города федерального значения муниципальный округ Кунцево,data-20180110-structure-20150128.csv
2482,45321000000,Москва,внутригородская территория города федерального значения муниципальный округ Можайский,data-20180110-structure-20150128.csv
2483,45322000000,Москва,внутригородская территория города федерального значения муниципальный округ Ново-Переделкино,data-20180110-structure-20150128.csv
2484,45323000000,Москва,внутригородская территория города федерального значения муниципальный округ Очаково-Матвеевское,data-20180110-structure-20150128.csv
2485,45324000000,Москва,внутригородская территория города федерального значения муниципальный округ Проспект Вернадского,data-20180110-structure-20150128.csv
2486,45325000000,Москва,внутригородская территория города федерального значения муниципальный округ Раменки,data-20180110-structure-20150128.csv
2487,45326000000,Москва,внутригородская территория города федерального значения муниципальный округ Солнцево,data-20180110-structure-20150128.csv
2488,45327000000,Москва,внутригородская территория города федерального значения муниципальный округ Тропарево-Никулино,data-20180110-structure-20150128.csv
2489,45328000000,Москва,внутригородская территория города федерального значения муниципальный округ Филевский парк,data-20180110-structure-20150128.csv
2490,45329000000,Москва,внутригородская территория города федерального значения муниципальный округ Фили-Давыдково,data-20180110-structure-20150128.csv
2491,45330000000,Москва,внутригородская территория города федерального значения муниципальный округ Крюково,data-20180110-structure-20150128.csv
2492,45331000000,Москва,внутригородская территория города федерального значения муниципальный округ Матушкино,data-20180110-structure-20150128.csv
2493,45332000000,Москва,внутригородская территория города федерального значения муниципальный округ Силино,data-20180110-structure-20150128.csv
2494,45333000000,Москва,внутригородская территория города федерального значения муниципальный округ Аэропорт,data-20180110-structure-20150128.csv
2495,45334000000,Москва,внутригородская территория города федерального значения муниципальный округ Беговой,data-20180110-structure-20150128.csv
2496,45335000000,Москва,внутригородская территория города федерального значения муниципальный округ Бескудниковский,data-20180110-structure-20150128.csv
2497,45336000000,Москва,внутригородская территория города федерального значения муниципальный округ Войковский,data-20180110-structure-20150128.csv
2498,45337000000,Москва,внутригородская территория города федерального значения муниципальный округ Восточное Дегунино,data-20180110-structure-20150128.csv
2499,45338000000,Москва,внутригородская территория города федерального значения муниципальный округ Головинский,data-20180110-structure-20150128.csv
2500,45339000000,Москва,внутригородская территория города федерального значения муниципальный округ Дмитровский,data-20180110-structure-20150128.csv
2501,45340000000,Москва,внутригородская территория города федерального значения муниципальный округ Западное Дегунино,data-20180110-structure-20150128.csv
2502,45341000000,Москва,внутригородская территория города федерального значения муниципальный округ Коптево,data-20180110-structure-20150128.csv
2503,45342000000,Москва,внутригородская территория города федерального значения муниципальный округ Левобережный,data-20180110-structure-20150128.csv
2504,45343000000,Москва,внутригородская территория города федерального значения муниципальный округ Молжаниновский,data-20180110-structure-20150128.csv
2505,45344000000,Москва,внутригородская территория города федерального значения муниципальный округ Савеловский,data-20180110-structure-20150128.csv
2506,45345000000,Москва,внутригородская территория города федерального значения муниципальный округ Сокол,data-20180110-structure-20150128.csv
2507,45346000000,Москва,внутригородская территория города федерального значения муниципальный округ Тимирязевский,data-20180110-structure-20150128.csv
2508,45347000000,Москва,внутригородская территория города федерального значения муниципальный округ Ховрино,data-20180110-structure-20150128.csv
2509,45348000000,Москва,внутригородская территория города федерального значения муниципальный округ Хорошевский,data-20180110-structure-20150128.csv
2510,45349000000,Москва,внутригородская территория города федерального значения муниципальный округ Алексеевский,data-20180110-structure-20150128.csv
2511,45350000000,Москва,внутригородская территория города федерального значения муниципальный округ Алтуфьевский,data-20180110-structure-20150128.csv
2512,45351000000,Москва,внутригородская территория города федерального значения муниципальный округ Бабушкинский,data-20180110-structure-20150128.csv
2513,45352000000,Москва,внутригородская территория города федерального значения муниципальный округ Бибирево,data-20180110-structure-20150128.csv
2514,45353000000,Москва,внутригородская территория города федерального значения муниципальный округ Бутырский,data-20180110-structure-20150128.csv
2515,45354000000,Москва,внутригородская территория города федерального значения муниципальный округ Лианозово,data-20180110-structure-20150128.csv
2516,45355000000,Москва,внутригородская территория города федерального значения муниципальный округ Лосиноостровский,data-20180110-structure-20150128.csv
2517,45356000000,Москва,внутригородская территория города федерального значения муниципальный округ Марфино,data-20180110-structure-20150128.csv
2518,45357000000,Москва,внутригородская территория города федерального значения муниципальный округ Марьина роща,data-20180110-structure-20150128.csv
2519,45358000000,Москва,внутригородская территория города федерального значения муниципальный округ Останкинский,data-20180110-structure-20150128.csv
2520,45359000000,Москва,внутригородская территория города федерального значения муниципальный округ Отрадное,data-20180110-structure-20150128.csv
2521,45360000000,Москва,внутригородская территория города федерального значения муниципальный округ Ростокино,data-20180110-structure-20150128.csv
2522,45361000000,Москва,внутригородская территория города федерального значения муниципальный округ Свиблово,data-20180110-structure-20150128.csv
2523,45362000000,Москва,внутригородская территория города федерального значения муниципальный округ Северное Медведково,data-20180110-structure-20150128.csv
2524,45363000000,Москва,внутригородская территория города федерального значения муниципальный округ Северный,data-20180110-structure-20150128.csv
2525,45364000000,Москва,внутригородская территория города федерального значения муниципальный округ Южное Медведково,data-20180110-structure-20150128.csv
2526,45365000000,Москва,внутригородская территория города федерального значения муниципальный округ Ярославский,data-20180110-structure-20150128.csv
2527,45366000000,Москва,внутригородская территория города федерального значения муниципальный округ Куркино,data-20180110-structure-20150128.csv
2528,45367000000,Москва,внутригородская территория города федерального значения муниципальный округ Митино,data-20180110-structure-20150128.csv
2529,45368000000,Москва,внутригородская территория города федерального значения муниципальный округ Покровское-Стрешнево,data-20180110-structure-20150128.csv
2530,45369000000,Москва,внутригородская территория города федерального значения муниципальный округ Северное Тушино,data-20180110-structure-20150128.csv
2531,45370000000,Москва,внутригородская территория города федерального значения муниципальный округ Строгино,data-20180110-structure-20150128.csv
2532,45371000000,Москва,внутригородская территория города федерального значения муниципальный округ Хорошево-Мневники,data-20180110-structure-20150128.csv
2533,45372000000,Москва,внутригородская территория города федерального значения муниципальный округ Щукино,data-20180110-structure-20150128.csv
2534,45373000000,Москва,внутригородская территория города федерального значения муниципальный округ Южное Тушино,data-20180110-structure-20150128.csv
2535,45374000000,Москва,внутригородская территория города федерального значения муниципальный округ Арбат,data-20180110-structure-20150128.csv
2536,45375000000,Москва,внутригородская территория города федерального значения муниципальный округ Басманный,data-20180110-structure-20150128.csv
2537,45376000000,Москва,внутригородская территория города федерального значения муниципальный округ Замоскворечье,data-20180110-structure-20150128.csv
2538,45377000000,Москва,внутригородская территория города федерального значения муниципальное образование Савелки,data-20180110-structure-20150128.csv
2539,45378000000,Москва,внутригородская территория города федерального значения муниципальный округ Красносельский,data-20180110-structure-20150128.csv
2540,45379000000,Москва,внутригородская территория города федерального значения муниципальный округ Мещанский,data-20180110-structure-20150128.csv
2541,45380000000,Москва,внутригородская территория города федерального значения муниципальный округ Пресненский,data-20180110-structure-20150128.csv
2542,45381000000,Москва,внутригородская территория города федерального значения муниципальный округ Таганский,data-20180110-structure-20150128.csv
2543,45382000000,Москва,внутригородская территория города федерального значения муниципальный округ Тверской,data-20180110-structure-20150128.csv
2544,45383000000,Москва,внутригородская территория города федерального значения муниципальный округ Хамовники,data-20180110-structure-20150128.csv
2545,45384000000,Москва,внутригородская территория города федерального значения муниципальный округ Якиманка,data-20180110-structure-20150128.csv
2546,45385000000,Москва,внутригородская территория города федерального значения муниципальный округ Выхино-Жулебино,data-20180110-structure-20150128.csv
2547,45386000000,Москва,внутригородская территория города федерального значения муниципальный округ Капотня,data-20180110-structure-20150128.csv
2548,45387000000,Москва,внутригородская территория города федерального значения муниципальный округ Кузьминки,data-20180110-structure-20150128.csv
2549,45388000000,Москва,внутригородская территория города федерального значения муниципальный округ Лефортово,data-20180110-structure-20150128.csv
2550,45389000000,Москва,внутригородская территория города федерального значения муниципальный округ Люблино,data-20180110-structure-20150128.csv
2551,45390000000,Москва,внутригородская территория города федерального значения муниципальный округ Марьино,data-20180110-structure-20150128.csv
2552,45391000000,Москва,внутригородская территория города федерального значения муниципальный округ Некрасовка,data-20180110-structure-20150128.csv
2553,45392000000,Москва,внутригородская территория города федерального значения муниципальный округ Нижегородский,data-20180110-structure-20150128.csv
2554,45393000000,Москва,внутригородская территория города федерального значения муниципальный округ Печатники,data-20180110-structure-20150128.csv
2555,45394000000,Москва,внутригородская территория города федерального значения муниципальный округ Рязанский,data-20180110-structure-20150128.csv
2556,45395000000,Москва,внутригородская территория города федерального значения муниципальный округ Текстильщики,data-20180110-structure-20150128.csv
2557,45396000000,Москва,внутригородская территория города федерального значения муниципальный округ Южнопортовый,data-20180110-structure-20150128.csv
2558,45397000000,Москва,внутригородская территория города федерального значения муниципальный округ Академический,data-20180110-structure-20150128.csv
2559,45398000000,Москва,внутригородская территория города федерального значения муниципальный округ Гагаринский,data-20180110-structure-20150128.csv
2560,45901000000,Москва,внутригородская территория города федерального значения муниципальный округ Зюзино,data-20180110-structure-20150128.csv
2561,45902000000,Москва,внутригородская территория города федерального значения муниципальный округ Коньково,data-20180110-structure-20150128.csv
2562,45903000000,Москва,внутригородская территория города федерального значения муниципальный округ Котловка,data-20180110-structure-20150128.csv
2563,45904000000,Москва,внутригородская территория города федерального значения муниципальный округ Ломоносовский,data-20180110-structure-20150128.csv
2564,45905000000,Москва,внутригородская территория города федерального значения муниципальный округ Обручевский,data-20180110-structure-20150128.csv
2565,45906000000,Москва,внутригородская территория города федерального значения муниципальный округ Северное Бутово,data-20180110-structure-20150128.csv
2566,45907000000,Москва,внутригородская территория города федерального значения муниципальный округ Теплый Стан,data-20180110-structure-20150128.csv
2567,45908000000,Москва,внутригородская территория города федерального значения муниципальный округ Черемушки,data-20180110-structure-20150128.csv
2568,45909000000,Москва,внутригородская территория города федерального значения муниципальный округ Южное Бутово,data-20180110-structure-20150128.csv
2569,45910000000,Москва,внутригородская территория города федерального значения муниципальный округ Ясенево,data-20180110-structure-20150128.csv
2570,45911000000,Москва,внутригородская территория города федерального значения муниципальный округ Бирюлево Восточное,data-20180110-structure-20150128.csv
2571,45912000000,Москва,внутригородская территория города федерального значения муниципальный округ Бирюлево Западное,data-20180110-structure-20150128.csv
2572,45913000000,Москва,внутригородская территория города федерального значения муниципальный округ Братеево,data-20180110-structure-20150128.csv
2573,45914000000,Москва,внутригородская территория города федерального значения муниципальный округ Даниловский,data-20180110-structure-20150128.csv
2574,45915000000,Москва,внутригородская территория города федерального значения муниципальный округ Донской,data-20180110-structure-20150128.csv
2575,45916000000,Москва,внутригородская территория города федерального значения муниципальный округ Зябликово,data-20180110-structure-20150128.csv
2576,45917000000,Москва,внутригородская территория города федерального значения муниципальный округ Москворечье-Сабурово,data-20180110-structure-20150128.csv
2577,45918000000,Москва,внутригородская территория города федерального значения муниципальный округ Нагатино-Садовники,data-20180110-structure-20150128.csv
2578,45919000000,Москва,внутригородская территория города федерального значения муниципальный округ Нагатинский затон,data-20180110-structure-20150128.csv
2579,45920000000,Москва,внутригородская территория города федерального значения муниципальный округ Нагорный,data-20180110-structure-20150128.csv
2580,45921000000,Москва,внутригородская территория города федерального значения муниципальный округ Орехово-Борисово Северное,data-20180110-structure-20150128.csv
2581,45922000000,Москва,внутригородская территория города федерального значения муниципальный округ Орехово-Борисово Южное,data-20180110-structure-20150128.csv
2582,45923000000,Москва,внутригородская территория города федерального значения муниципальный округ Царицыно,data-20180110-structure-20150128.csv
2583,45924000000,Москва,внутригородская территория города федерального значения муниципальный округ Чертаново Северное,data-20180110-structure-20150128.csv
2584,45925000000,Москва,внутригородская территория города федерального значения муниципальный округ Чертаново Центральное,data-20180110-structure-20150128.csv
2585,45926000000,Москва,внутригородская территория города федерального значения муниципальный округ Чертаново Южное,data-20180110-structure-20150128.csv
2586,45927000000,Москва,внутригородская территория города федерального значения муниципальный округ Старое Крюково,data-20180110-structure-20150128.csv
2587,45931000000,Москва,внутригородская территория города федерального значения городской округ Троицк,data-20180110-structure-20150128.csv
2588,45932000000,Москва,внутригородская территория города федерального значения городской округ Щербинка,data-20180110-structure-20150128.csv
2589,45941000000,Москва,внутригородская территория города федерального значения поселение Внуковское,data-20180110-structure-20150128.csv
2590,45942000000,Москва,внутригородская территория города федерального значения поселение Воскресенское,data-20180110-structure-20150128.csv
2591,45943000000,Москва,внутригородская территория города федерального значения поселение Вороновское,data-20180110-structure-20150128.csv
2592,45944000000,Москва,внутригородская территория города федерального значения поселение Десеновское,data-20180110-structure-20150128.csv
2593,45945000000,Москва,внутригородская территория города федерального значения поселение Киевский,data-20180110-structure-20150128.csv
2595,45947000000,Москва,внутригородская территория города федерального значения поселение Кокошкино,data-20180110-structure-20150128.csv
2596,45948000000,Москва,внутригородская территория города федерального значения поселение Краснопахорское,data-20180110-structure-20150128.csv
2597,45949000000,Москва,внутригородская территория города федерального значения поселение Марушкинское,data-20180110-structure-20150128.csv
2598,45951000000,Москва,внутригородская территория города федерального значения поселение Михайлово-Ярцевское,data-20180110-structure-20150128.csv
2599,45952000000,Москва,внутригородская территория города федерального значения поселение Московский,data-20180110-structure-20150128.csv
2600,45953000000,Москва,"внутригородская территория города федерального значения поселение Мосрентген""""",data-20180110-structure-20150128.csv
2601,45954000000,Москва,внутригородская территория города федерального значения поселение Новофедоровское,data-20180110-structure-20150128.csv
2602,45955000000,Москва,внутригородская территория города федерального значения поселение Первомайское,data-20180110-structure-20150128.csv
2604,45957000000,Москва,внутригородская территория города федерального значения поселение Рязановское,data-20180110-structure-20150128.csv
2605,45958000000,Москва,внутригородская территория города федерального значения поселение Сосенское,data-20180110-structure-20150128.csv
2606,45959000000,Москва,внутригородская территория города федерального значения поселение Филимонковское,data-20180110-structure-20150128.csv
2607,45961000000,Москва,внутригородская территория города федерального значения поселение Щаповское,data-20180110-structure-20150128.csv
2618,34520000000,Костромская область,Мантуровский муниципальный округ,data-20240101-structure-20150128.csv
2619,78705000000,Ярославская область,городской округ город Переславль-Залесский,data-20190619-structure-20150128.csv
2620,57730000000,Пермский край,городской округ Соликамский,data-20190319-structure-20150128.csv
2621,57708000000,Пермский край,городской округ город Березники,data-20190319-structure-20150128.csv
2644,46770000000,Московская область,городской округ Серпухов,data-20200110-structure-20150128.csv
2646,29715000000,Калужская область,городской округ город Обнинск,data-20180110-structure-20150128.csv
2647,29606000000,Калужская область,Боровский муниципальный район,data-20180110-structure-20150128.csv
2648,46742000000,Московская область,городской округ Лосино-Петровский,data-20180110-structure-20150128.csv
2649,46788000000,Московская область,городской округ Щёлково,data-20200110-structure-20150128.csv
2651,46755000000,Московская область,городской округ Одинцовский,data-20200110-structure-20150128.csv
2652,46757000000,Московская область,городской округ Орехово-Зуевский,data-20200110-structure-20150128.csv
2710,28714000000,Тверская область,городской округ Вышневолоцкий,data-20200301-structure-20150128.csv
2808,46738000000,Московская область,городской округ Коломна,data-20220128-structure-20150128.csv
2809,57530000000,Пермский край,муниципальный округ Кунгурский,data-20220128-structure-20150128.csv
2813,46786000000,Московская область,городской округ Шатура,data-20180129-structure-20150128.csv
2814,46758000000,Московская область,городской округ Пушкинский,data-20200401-structure-20150128.csv
2872,71938000000,Ямало-Ненецкий автономный округ,муниципальный округ Приуральский район,data-20220128-structure-20150128.csv
2876,07715000000,Ставропольский край,городской округ город-курорт Кисловодск,data-20180110-structure-20150128.csv
2879,71952000000,Ямало-Ненецкий автономный округ,городской округ город Губкинский,data-20180110-structure-20150128.csv
2880,71953000000,Ямало-Ненецкий автономный округ,городской округ город Лабытнанги,data-20180110-structure-20150128.csv
2881,07548000000,Ставропольский край,Предгорный муниципальный округ,data-20210118-structure-20150128.csv
2882,71940000000,Ямало-Ненецкий автономный округ,муниципальный округ Пуровский район,data-20210118-structure-20150128.csv
2883,28528000000,Тверская область,муниципальный округ Кимрский,data-20221219-structure-20150128.csv
2884,28548000000,Тверская область,муниципальный округ Ржевский,data-20221219-structure-20150128.csv
2885,57528000000,Пермский край,муниципальный округ Кудымкарский,data-20221219-structure-20150128.csv
2886,57516000000,Пермский край,муниципальный округ Губахинский,data-20221219-structure-20150128.csv
2887,63701000000,Саратовская область,городской округ город Саратов,data-20220627-structure-20150128.csv
3005,22703000000,Нижегородская область,городской округ город Арзамас,data-20221219-structure-20150128.csv
3007,32522000000,Кемеровская область,Прокопьевский муниципальный округ,data-20200301-structure-20150128.csv
3009,68701000000,Тамбовская область,городской округ город Тамбов,data-20180110-structure-20150128.csv
3011,75712000000,Челябинская область,городской округ Златоустовский,data-20180110-structure-20150128.csv
3012,75638000000,Челябинская область,Кусинский муниципальный район,data-20180110-structure-20150128.csv
3013,46771000000,Московская область,городской округ Солнечногорск,data-20200110-structure-20150128.csv
