territory_id,region_name,municipal_district_name,year_2023,year_2024
1,Республика Адыгея,городской округ город Майкоп,matched,matched
2,Республика Адыгея,городской округ город Адыгейск,matched,matched
3,Республика Адыгея,Гиагинский муниципальный район,matched,matched
4,Республика Адыгея,Кошехабльский муниципальный район,matched,matched
5,Республика Адыгея,Красногвардейский муниципальный район,matched,matched
6,Республика Адыгея,Майкопский муниципальный район,matched,matched
7,Республика Адыгея,Тахтамукайский муниципальный район,matched,matched
8,Республика Адыгея,Теучежский муниципальный район,matched,matched
9,Республика Адыгея,Шовгеновский муниципальный район,matched,matched
10,Республика Алтай,городской округ город Горно-Алтайск,matched,matched
11,Республика Алтай,Кош-Агачский муниципальный район,matched,matched
12,Республика Алтай,Майминский муниципальный район,matched,matched
13,Республика Алтай,Онгудайский муниципальный район,matched,matched
14,Республика Алтай,Турочакский муниципальный район,matched,matched
15,Республика Алтай,Улаганский муниципальный район,matched,matched
16,Республика Алтай,Усть-Канский муниципальный район,matched,matched
17,Республика Алтай,Усть-Коксинский муниципальный район,matched,matched
18,Республика Алтай,Чемальский муниципальный район,matched,matched
19,Республика Алтай,Чойский муниципальный район,matched,matched
20,Республика Алтай,Шебалинский муниципальный район,matched,matched
21,Республика Башкортостан,городской округ город Уфа,matched,matched
22,Республика Башкортостан,городской округ город Агидель,matched,matched
23,Республика Башкортостан,городской округ город Кумертау,matched,matched
25,Республика Башкортостан,городской округ город Нефтекамск,matched,matched
26,Республика Башкортостан,городской округ город Октябрьский,matched,matched
27,Республика Башкортостан,городской округ город Салават,matched,matched
28,Республика Башкортостан,городской округ город Сибай,matched,matched
29,Республика Башкортостан,городской округ город Стерлитамак,matched,matched
30,Республика Башкортостан,Абзелиловский муниципальный район,matched,matched
31,Республика Башкортостан,Альшеевский муниципальный район,matched,matched
32,Республика Башкортостан,Архангельский муниципальный район,matched,matched
33,Республика Башкортостан,Аскинский муниципальный район,matched,matched
34,Республика Башкортостан,Аургазинский муниципальный район,matched,matched
35,Республика Башкортостан,Баймакский муниципальный район,matched,matched
36,Республика Башкортостан,Бакалинский муниципальный район,matched,matched
37,Республика Башкортостан,Балтачевский муниципальный район,matched,matched
38,Республика Башкортостан,Белебеевский муниципальный район,matched,matched
39,Республика Башкортостан,Белокатайский муниципальный район,matched,matched
40,Республика Башкортостан,Белорецкий муниципальный район,matched,matched
41,Республика Башкортостан,Бижбулякский муниципальный район,matched,matched
42,Республика Башкортостан,Бирский муниципальный район,matched,matched
43,Республика Башкортостан,Благоварский муниципальный район,matched,matched
44,Республика Башкортостан,Благовещенский муниципальный район,matched,matched
45,Республика Башкортостан,Буздякский муниципальный район,matched,matched
46,Республика Башкортостан,Бураевский муниципальный район,matched,matched
47,Республика Башкортостан,Бурзянский муниципальный район,matched,matched
48,Республика Башкортостан,Гафурийский муниципальный район,matched,matched
49,Республика Башкортостан,Давлекановский муниципальный район,matched,matched
50,Республика Башкортостан,Дуванский муниципальный район,matched,matched
51,Республика Башкортостан,Дюртюлинский муниципальный район,matched,matched
52,Республика Башкортостан,Ермекеевский муниципальный район,matched,matched
53,Республика Башкортостан,Зианчуринский муниципальный район,matched,matched
54,Республика Башкортостан,Зилаирский муниципальный район,matched,matched
55,Республика Башкортостан,Иглинский муниципальный район,matched,matched
56,Республика Башкортостан,Илишевский муниципальный район,matched,matched
57,Республика Башкортостан,Ишимбайский муниципальный район,matched,matched
58,Республика Башкортостан,Калтасинский муниципальный район,matched,matched
59,Республика Башкортостан,Караидельский муниципальный район,matched,matched
60,Республика Башкортостан,Кармаскалинский муниципальный район,matched,matched
61,Республика Башкортостан,Кигинский муниципальный район,matched,matched
62,Республика Башкортостан,Краснокамский муниципальный район,matched,matched
63,Республика Башкортостан,Кугарчинский муниципальный район,matched,matched
65,Республика Башкортостан,Кушнаренковский муниципальный район,matched,matched
66,Республика Башкортостан,Мелеузовский муниципальный район,matched,matched
67,Республика Башкортостан,Мечетлинский муниципальный район,matched,matched
68,Республика Башкортостан,Мишкинский муниципальный район,matched,matched
69,Республика Башкортостан,Миякинский муниципальный район,matched,matched
70,Республика Башкортостан,Нуримановский муниципальный район,matched,matched
71,Республика Башкортостан,Салаватский муниципальный район,matched,matched
72,Республика Башкортостан,Стерлибашевский муниципальный район,matched,matched
73,Республика Башкортостан,Стерлитамакский муниципальный район,matched,matched
74,Республика Башкортостан,Татышлинский муниципальный район,matched,matched
75,Республика Башкортостан,Туймазинский муниципальный район,matched,matched
76,Республика Башкортостан,Уфимский муниципальный район,matched,matched
77,Республика Башкортостан,Учалинский муниципальный район,matched,matched
78,Республика Башкортостан,Федоровский муниципальный район,matched,matched
79,Республика Башкортостан,Хайбуллинский муниципальный район,matched,matched
80,Республика Башкортостан,Чекмагушевский муниципальный район,matched,matched
81,Республика Башкортостан,Чишминский муниципальный район,matched,matched
82,Республика Башкортостан,Шаранский муниципальный район,matched,matched
83,Республика Башкортостан,Янаульский муниципальный район,matched,matched
167,Кабардино-Балкарская Республика,городской округ Нальчик,matched,matched
168,Кабардино-Балкарская Республика,городской округ Баксан,matched,matched
169,Кабардино-Балкарская Республика,городской округ Прохладный,matched,matched
173,Кабардино-Балкарская Республика,Майский муниципальный район,matched,matched
181,Республика Калмыкия,Городовиковский муниципальный район,matched,matched
184,Республика Калмыкия,Лаганский муниципальный район,matched,matched
185,Республика Калмыкия,Малодербетовский муниципальный район,matched,matched
188,Республика Калмыкия,Сарпинский муниципальный район,matched,matched
191,Республика Калмыкия,Юстинский муниципальный район,matched,matched
194,Карачаево-Черкесская Республика,городской округ Черкесский,matched,matched
195,Карачаево-Черкесская Республика,городской округ Карачаевский,matched,matched
196,Карачаево-Черкесская Республика,Абазинский муниципальный район,matched,matched
198,Карачаево-Черкесская Республика,Зеленчукский муниципальный район,matched,matched
201,Карачаево-Черкесская Республика,Ногайский муниципальный район,matched,matched
203,Карачаево-Черкесская Республика,Урупский муниципальный район,matched,matched
204,Карачаево-Черкесская Республика,Усть-Джегутинский муниципальный район,matched,matched
205,Карачаево-Черкесская Республика,Хабезский муниципальный район,matched,matched
206,Республика Карелия,городской округ Петрозаводский,matched,matched
207,Республика Карелия,городской округ Костомукшский,matched,matched
208,Республика Карелия,Беломорский муниципальный округ,matched,matched
209,Республика Карелия,Калевальский муниципальный район,matched,matched
210,Республика Карелия,Кемский муниципальный район,matched,matched
211,Республика Карелия,Кондопожский муниципальный район,matched,matched
212,Республика Карелия,Лахденпохский муниципальный район,matched,matched
213,Республика Карелия,Лоухский муниципальный район,matched,matched
214,Республика Карелия,Медвежьегорский муниципальный район,matched,matched
215,Республика Карелия,Муезерский муниципальный район,matched,matched
216,Республика Карелия,Олонецкий муниципальный район,matched,matched
217,Республика Карелия,Питкярантский муниципальный округ,matched,matched
218,Республика Карелия,Прионежский муниципальный район,matched,matched
219,Республика Карелия,Пряжинский муниципальный район,matched,matched
220,Республика Карелия,Пудожский муниципальный район,matched,matched
221,Республика Карелия,Сегежский муниципальный округ,matched,matched
222,Республика Карелия,Сортавальский муниципальный район,matched,matched
223,Республика Карелия,Суоярвский муниципальный округ,matched,matched
224,Республика Коми,городской округ Сыктывкар,matched,matched
225,Республика Коми,городской округ Воркута,matched,matched
226,Республика Коми,муниципальный округ Вуктыл,matched,matched
227,Республика Коми,городской округ Инта,matched,matched
228,Республика Коми,муниципальный округ Усинск,matched,matched
229,Республика Коми,городской округ Ухта,matched,matched
230,Республика Коми,Ижемский муниципальный район,matched,matched
231,Республика Коми,Княжпогостский муниципальный район,matched,matched
232,Республика Коми,Койгородский муниципальный район,matched,matched
233,Республика Коми,Корткеросский муниципальный район,matched,matched
234,Республика Коми,муниципальный район Печора,matched,matched
235,Республика Коми,Прилузский муниципальный район,matched,matched
236,Республика Коми,муниципальный район Сосногорск,matched,matched
237,Республика Коми,Сыктывдинский муниципальный район,matched,matched
238,Республика Коми,Сысольский муниципальный район,matched,matched
239,Республика Коми,Троицко-Печорский муниципальный район,matched,matched
240,Республика Коми,Удорский муниципальный район,matched,matched
241,Республика Коми,Усть-Вымский муниципальный район,matched,matched
242,Республика Коми,Усть-Куломский муниципальный район,matched,matched
243,Республика Коми,Усть-Цилемский муниципальный район,matched,matched
269,Республика Марий Эл,городской округ город Йошкар-Ола,matched,matched
270,Республика Марий Эл,городской округ город Волжск,matched,matched
271,Республика Марий Эл,городской округ город Козьмодемьянск,matched,matched
272,Республика Марий Эл,Волжский муниципальный район,matched,matched
273,Республика Марий Эл,Горномарийский муниципальный район,matched,matched
274,Республика Марий Эл,Звениговский муниципальный район,matched,matched
275,Республика Марий Эл,Килемарский муниципальный район,matched,matched
276,Республика Марий Эл,Куженерский муниципальный район,matched,matched
277,Республика Марий Эл,Мари-Турекский муниципальный район,matched,matched
278,Республика Марий Эл,Медведевский муниципальный район,matched,matched
279,Республика Марий Эл,Моркинский муниципальный район,matched,matched
280,Республика Марий Эл,Новоторъяльский муниципальный район,matched,matched
281,Республика Марий Эл,Оршанский муниципальный район,matched,matched
282,Республика Марий Эл,Параньгинский муниципальный район,matched,matched
283,Республика Марий Эл,Сернурский муниципальный район,matched,matched
284,Республика Марий Эл,Советский муниципальный район,matched,matched
285,Республика Марий Эл,Юринский муниципальный район,matched,matched
287,Республика Мордовия,Ардатовский муниципальный район,matched,matched
288,Республика Мордовия,Атюрьевский муниципальный район,matched,matched
289,Республика Мордовия,Атяшевский муниципальный район,matched,matched
290,Республика Мордовия,Большеберезниковский муниципальный район,matched,matched
292,Республика Мордовия,Дубенский муниципальный район,matched,matched
293,Республика Мордовия,Ельниковский муниципальный район,matched,matched
294,Республика Мордовия,Зубово-Полянский муниципальный район,matched,matched
295,Республика Мордовия,Инсарский муниципальный район,matched,matched
296,Республика Мордовия,Ичалковский муниципальный район,matched,matched
297,Республика Мордовия,Кадошкинский муниципальный район,matched,matched
298,Республика Мордовия,Ковылкинский муниципальный район,matched,matched
300,Республика Мордовия,Краснослободский муниципальный район,matched,matched
301,Республика Мордовия,Лямбирский муниципальный район,matched,matched
302,Республика Мордовия,Ромодановский муниципальный район,matched,matched
303,Республика Мордовия,Рузаевский муниципальный район,matched,matched
304,Республика Мордовия,Старошайговский муниципальный район,matched,matched
305,Республика Мордовия,Темниковский муниципальный район,matched,matched
306,Республика Мордовия,Теньгушевский муниципальный район,matched,matched
307,Республика Мордовия,Торбеевский муниципальный район,matched,matched
308,Республика Мордовия,Чамзинский муниципальный район,matched,matched
309,Республика Саха (Якутия),городской округ город Якутск,matched,matched
312,Республика Саха (Якутия),Алданский муниципальный район,matched,matched
314,Республика Саха (Якутия),Амгинский муниципальный район,matched,matched
316,Республика Саха (Якутия),Булунский муниципальный район,matched,matched
317,Республика Саха (Якутия),Верхневилюйский муниципальный район,matched,matched
318,Республика Саха (Якутия),Верхнеколымский муниципальный район,matched,matched
319,Республика Саха (Якутия),Верхоянский муниципальный район,matched,matched
320,Республика Саха (Якутия),Вилюйский муниципальный район,matched,matched
321,Республика Саха (Якутия),Горный муниципальный район,matched,matched
323,Республика Саха (Якутия),Кобяйский муниципальный район,matched,matched
324,Республика Саха (Якутия),Нюрбинский муниципальный район,matched,matched
325,Республика Саха (Якутия),Ленский муниципальный район,matched,matched
326,Республика Саха (Якутия),Мегино-Кангаласский муниципальный район,matched,matched
327,Республика Саха (Якутия),Мирнинский муниципальный район,matched,matched
329,Республика Саха (Якутия),Намский муниципальный район,matched,matched
330,Республика Саха (Якутия),Нерюнгринский муниципальный район,matched,matched
331,Республика Саха (Якутия),Нижнеколымский муниципальный район,matched,matched
332,Республика Саха (Якутия),Оймяконский муниципальный район,matched,matched
333,Республика Саха (Якутия),Олекминский муниципальный район,matched,matched
334,Республика Саха (Якутия),Оленекский эвенкийский национальный муниципальный район,matched,matched
335,Республика Саха (Якутия),Среднеколымский муниципальный район,matched,matched
336,Республика Саха (Якутия),Сунтарский муниципальный район,matched,matched
337,Республика Саха (Якутия),Таттинский муниципальный район,matched,matched
338,Республика Саха (Якутия),Томпонский муниципальный район,matched,matched
339,Республика Саха (Якутия),Усть-Алданский муниципальный район,matched,matched
340,Республика Саха (Якутия),Усть-Майский муниципальный район,matched,matched
341,Республика Саха (Якутия),Усть-Янский муниципальный район,matched,matched
342,Республика Саха (Якутия),Хангаласский муниципальный район,matched,matched
343,Республика Саха (Якутия),Чурапчинский муниципальный район,matched,matched
345,Республика Северная Осетия — Алания,городской округ город Владикавказ,matched,matched
346,Республика Северная Осетия — Алания,Алагирский муниципальный район,matched,matched
347,Республика Северная Осетия — Алания,Ардонский муниципальный район,matched,matched
348,Республика Северная Осетия — Алания,Дигорский муниципальный район,matched,matched
349,Республика Северная Осетия — Алания,Ирафский муниципальный район,matched,matched
351,Республика Северная Осетия — Алания,Моздокский муниципальный район,matched,matched
352,Республика Северная Осетия — Алания,Правобережный муниципальный район,matched,matched
354,Республика Татарстан,городской округ город Казань,matched,matched
355,Республика Татарстан,городской округ город Набережные Челны,matched,matched
356,Республика Татарстан,Агрызский муниципальный район,matched,matched
357,Республика Татарстан,Азнакаевский муниципальный район,matched,matched
358,Республика Татарстан,Аксубаевский муниципальный район,matched,matched
359,Республика Татарстан,Актанышский муниципальный район,matched,matched
360,Республика Татарстан,Алексеевский муниципальный район,matched,matched
361,Республика Татарстан,Алькеевский муниципальный район,matched,matched
362,Республика Татарстан,Альметьевский муниципальный район,matched,matched
363,Республика Татарстан,Апастовский муниципальный район,matched,matched
364,Республика Татарстан,Арский муниципальный район,matched,matched
365,Республика Татарстан,Атнинский муниципальный район,matched,matched
366,Республика Татарстан,Бавлинский муниципальный район,matched,matched
367,Республика Татарстан,Балтасинский муниципальный район,matched,matched
368,Республика Татарстан,Бугульминский муниципальный район,matched,matched
369,Республика Татарстан,Буинский муниципальный район,matched,matched
370,Республика Татарстан,Верхнеуслонский муниципальный район,matched,matched
371,Республика Татарстан,Высокогорский муниципальный район,matched,matched
372,Республика Татарстан,Дрожжановский муниципальный район,matched,matched
373,Республика Татарстан,Елабужский муниципальный район,matched,matched
374,Республика Татарстан,Заинский муниципальный район,matched,matched
375,Республика Татарстан,Зеленодольский муниципальный район,matched,matched
376,Республика Татарстан,Кайбицкий муниципальный район,matched,matched
377,Республика Татарстан,Камско-Устьинский муниципальный район,matched,matched
378,Республика Татарстан,Кукморский муниципальный район,matched,matched
379,Республика Татарстан,Лаишевский муниципальный район,matched,matched
380,Республика Татарстан,Лениногорский муниципальный район,matched,matched
381,Республика Татарстан,Мамадышский муниципальный район,matched,matched
382,Республика Татарстан,Менделеевский муниципальный район,matched,matched
383,Республика Татарстан,Мензелинский муниципальный район,matched,matched
384,Республика Татарстан,Муслюмовский муниципальный район,matched,matched
385,Республика Татарстан,Нижнекамский муниципальный район,matched,matched
386,Республика Татарстан,Новошешминский муниципальный район,matched,matched
387,Республика Татарстан,Нурлатский муниципальный район,matched,matched
388,Республика Татарстан,Пестречинский муниципальный район,matched,matched
390,Республика Татарстан,Сабинский муниципальный район,matched,matched
391,Республика Татарстан,Сармановский муниципальный район,matched,matched
392,Республика Татарстан,Спасский муниципальный район,matched,matched
393,Республика Татарстан,Тетюшский муниципальный район,matched,matched
395,Республика Татарстан,Тюлячинский муниципальный район,matched,matched
396,Республика Татарстан,Черемшанский муниципальный район,matched,matched
397,Республика Татарстан,Чистопольский муниципальный район,matched,matched
398,Республика Татарстан,Ютазинский муниципальный район,matched,matched
401,Республика Тыва,Бай-Тайгинский муниципальный район,matched,matched
402,Республика Тыва,Барун-Хемчикский муниципальный район,matched,matched
403,Республика Тыва,Дзун-Хемчикский муниципальный район,matched,matched
404,Республика Тыва,Каа-Хемский муниципальный район,matched,matched
405,Республика Тыва,Кызылский муниципальный район,matched,matched
408,Республика Тыва,Пий-Хемский муниципальный район,matched,matched
410,Республика Тыва,Тандинский муниципальный район,matched,matched
413,Республика Тыва,Тоджинский муниципальный район,matched,matched
414,Республика Тыва,Улуг-Хемский муниципальный район,matched,matched
416,Республика Тыва,Чеди-Хольский муниципальный район,matched,matched
418,Удмуртская Республика,городской округ город Ижевск,matched,matched
419,Удмуртская Республика,городской округ город Воткинск,matched,matched
420,Удмуртская Республика,городской округ город Глазов,matched,matched
421,Удмуртская Республика,городской округ город Можга,matched,matched
422,Удмуртская Республика,городской округ город Сарапул,matched,matched
423,Удмуртская Республика,муниципальный округ Алнашский район,matched,matched
424,Удмуртская Республика,муниципальный округ Балезинский район,matched,matched
425,Удмуртская Республика,муниципальный округ Вавожский район,matched,matched
428,Удмуртская Республика,муниципальный округ Граховский район,matched,matched
429,Удмуртская Республика,муниципальный округ Дебёсский район,matched,matched
430,Удмуртская Республика,муниципальный округ Завьяловский район,matched,matched
431,Удмуртская Республика,муниципальный округ Игринский район,matched,matched
432,Удмуртская Республика,муниципальный округ Камбарский район,matched,matched
433,Удмуртская Республика,муниципальный округ Каракулинский район,matched,matched
434,Удмуртская Республика,муниципальный округ Кезский район,matched,matched
435,Удмуртская Республика,муниципальный округ Кизнерский район,matched,matched
436,Удмуртская Республика,муниципальный округ Киясовский район,matched,matched
437,Удмуртская Республика,муниципальный округ Красногорский район,matched,matched
438,Удмуртская Республика,муниципальный округ Малопургинский район,matched,matched
440,Удмуртская Республика,муниципальный округ Сарапульский район,matched,matched
441,Удмуртская Республика,муниципальный округ Селтинский район,matched,matched
442,Удмуртская Республика,муниципальный округ Сюмсинский район,matched,matched
443,Удмуртская Республика,муниципальный округ Увинский район,matched,matched
444,Удмуртская Республика,муниципальный округ Шарканский район,matched,matched
445,Удмуртская Республика,муниципальный округ Юкаменский район,matched,matched
446,Удмуртская Республика,муниципальный округ Якшур-Бодьинский район,matched,matched
447,Удмуртская Республика,муниципальный округ Ярский район,matched,matched
448,Республика Хакасия,городской округ город Абакан,matched,matched
449,Республика Хакасия,городской округ город Абаза,matched,matched
450,Республика Хакасия,городской округ город Саяногорск,matched,matched
451,Республика Хакасия,городской округ город Сорск,matched,matched
452,Республика Хакасия,городской округ город Черногорск,matched,matched
453,Республика Хакасия,Алтайский муниципальный район,matched,matched
455,Республика Хакасия,Бейский муниципальный район,matched,matched
456,Республика Хакасия,Боградский муниципальный район,matched,matched
457,Республика Хакасия,Орджоникидзевский муниципальный район,matched,matched
458,Республика Хакасия,Таштыпский муниципальный район,matched,matched
459,Республика Хакасия,Усть-Абаканский муниципальный район,matched,matched
460,Республика Хакасия,Ширинский муниципальный район,matched,matched
478,Чувашская Республика,городской округ город Чебоксары,matched,matched
479,Чувашская Республика,городской округ город Алатырь,matched,matched
480,Чувашская Республика,городской округ город Канаш,matched,matched
481,Чувашская Республика,городской округ город Новочебоксарск,matched,matched
482,Чувашская Республика,городской округ город Шумерля,matched,matched
484,Чувашская Республика,Аликовский муниципальный округ,matched,matched
485,Чувашская Республика,Батыревский муниципальный округ,matched,matched
486,Чувашская Республика,Вурнарский муниципальный округ,matched,matched
487,Чувашская Республика,Ибресинский муниципальный округ,matched,matched
489,Чувашская Республика,Козловский муниципальный округ,matched,matched
490,Чувашская Республика,Комсомольский муниципальный округ,matched,matched
491,Чувашская Республика,Красноармейский муниципальный округ,matched,matched
492,Чувашская Республика,Красночетайский муниципальный округ,matched,matched
493,Чувашская Республика,Мариинско-Посадский муниципальный округ,matched,matched
494,Чувашская Республика,Моргаушский муниципальный округ,matched,matched
495,Чувашская Республика,Порецкий муниципальный округ,matched,matched
496,Чувашская Республика,Урмарский муниципальный округ,matched,matched
497,Чувашская Республика,Цивильский муниципальный округ,matched,matched
498,Чувашская Республика,Чебоксарский муниципальный округ,matched,matched
499,Чувашская Республика,Шемуршинский муниципальный округ,matched,matched
501,Чувашская Республика,Ядринский муниципальный округ,matched,matched
502,Чувашская Республика,Яльчикский муниципальный округ,matched,matched
503,Чувашская Республика,Янтиковский муниципальный округ,matched,matched
504,Алтайский край,городской округ город Барнаул,matched,matched
505,Алтайский край,городской округ город Алейск,matched,matched
506,Алтайский край,городской округ город Белокуриха,matched,matched
507,Алтайский край,городской округ город Бийск,matched,matched
508,Алтайский край,городской округ город Заринск,matched,matched
509,Алтайский край,городской округ город Новоалтайск,matched,matched
510,Алтайский край,городской округ город Рубцовск,matched,matched
511,Алтайский край,муниципальный округ город Славгород,matched,matched
512,Алтайский край,городской округ город Яровое,matched,matched
515,Алтайский край,Алтайский муниципальный район,matched,matched
516,Алтайский край,Баевский муниципальный район,matched,matched
517,Алтайский край,Бийский муниципальный район,matched,matched
518,Алтайский край,Благовещенский муниципальный район,matched,matched
519,Алтайский край,Бурлинский муниципальный район,matched,matched
520,Алтайский край,Быстроистокский муниципальный район,matched,matched
521,Алтайский край,Волчихинский муниципальный район,matched,matched
522,Алтайский край,Егорьевский муниципальный район,matched,matched
523,Алтайский край,Ельцовский муниципальный район,matched,matched
524,Алтайский край,Завьяловский муниципальный район,matched,matched
525,Алтайский край,Залесовский муниципальный округ,matched,matched
527,Алтайский край,Змеиногорский муниципальный район,matched,matched
528,Алтайский край,Калманский муниципальный район,matched,matched
529,Алтайский край,Каменский муниципальный район,matched,matched
530,Алтайский край,Ключевский муниципальный район,matched,matched
531,Алтайский край,Косихинский муниципальный район,matched,matched
532,Алтайский край,Красногорский муниципальный район,matched,matched
533,Алтайский край,Краснощёковский муниципальный район,matched,matched
534,Алтайский край,Крутихинский муниципальный район,matched,matched
535,Алтайский край,Кулундинский муниципальный район,matched,matched
536,Алтайский край,Курьинский муниципальный район,matched,matched
537,Алтайский край,Кытмановский муниципальный район,matched,matched
538,Алтайский край,Локтевский муниципальный район,matched,matched
539,Алтайский край,Мамонтовский муниципальный район,matched,matched
540,Алтайский край,Михайловский муниципальный район,matched,matched
541,Алтайский край,Новичихинский муниципальный район,matched,matched
542,Алтайский край,Зональный муниципальный район,matched,matched
543,Алтайский край,Павловский муниципальный район,matched,matched
544,Алтайский край,Панкрушихинский муниципальный район,matched,matched
545,Алтайский край,Первомайский муниципальный район,matched,matched
546,Алтайский край,Петропавловский муниципальный район,matched,matched
547,Алтайский край,Поспелихинский муниципальный район,matched,matched
548,Алтайский край,Ребрихинский муниципальный район,matched,matched
549,Алтайский край,Родинский муниципальный район,matched,matched
550,Алтайский край,Романовский муниципальный район,matched,matched
552,Алтайский край,Смоленский муниципальный район,matched,matched
553,Алтайский край,муниципальный округ Суетский район,matched,matched
554,Алтайский край,Советский муниципальный район,matched,matched
555,Алтайский край,Солонешенский муниципальный район,matched,matched
556,Алтайский край,Солтонский муниципальный район,matched,matched
557,Алтайский край,Шелаболихинский муниципальный район,matched,matched
558,Алтайский край,Табунский муниципальный район,matched,matched
559,Алтайский край,Тальменский муниципальный район,matched,matched
560,Алтайский край,Тогульский муниципальный район,matched,matched
561,Алтайский край,Топчихинский муниципальный район,matched,matched
562,Алтайский край,Третьяковский муниципальный район,matched,matched
563,Алтайский край,Троицкий муниципальный район,matched,matched
564,Алтайский край,Тюменцевский муниципальный район,matched,matched
565,Алтайский край,Угловский муниципальный район,matched,matched
566,Алтайский край,Усть-Калманский муниципальный район,matched,matched
567,Алтайский край,Усть-Пристанский муниципальный район,matched,matched
568,Алтайский край,Хабарский муниципальный район,matched,matched
569,Алтайский край,Целинный муниципальный район,matched,matched
570,Алтайский край,муниципальный округ Чарышский район,matched,matched
571,Алтайский край,Шипуновский муниципальный район,matched,matched
572,Алтайский край,Немецкий национальный муниципальный район,matched,matched
574,Забайкальский край,городской округ город Петровск-Забайкальский,matched,matched
578,Забайкальский край,Балейский муниципальный район,matched,matched
579,Забайкальский край,Борзинский муниципальный район,matched,matched
580,Забайкальский край,Газимуро-Заводский муниципальный округ,missing,matched
581,Забайкальский край,Забайкальский муниципальный район,matched,matched
582,Забайкальский край,Каларский муниципальный округ,matched,matched
583,Забайкальский край,Калганский муниципальный округ,missing,matched
584,Забайкальский край,Карымский муниципальный район,matched,matched
585,Забайкальский край,муниципальный район Город Краснокаменск и Краснокаменский район,matched,matched
586,Забайкальский край,Красночикойский муниципальный район,matched,matched
587,Забайкальский край,Кыринский муниципальный район,matched,matched
588,Забайкальский край,Могочинский муниципальный округ,missing,matched
589,Забайкальский край,Нерчинский муниципальный район,matched,matched
591,Забайкальский край,Оловяннинский муниципальный район,matched,matched
592,Забайкальский край,Ононский муниципальный округ,missing,matched
593,Забайкальский край,Петровск-Забайкальский муниципальный район,matched,matched
594,Забайкальский край,Приаргунский муниципальный округ,matched,matched
595,Забайкальский край,Сретенский муниципальный район,matched,matched
598,Забайкальский край,Улётовский муниципальный район,matched,matched
599,Забайкальский край,Хилокский муниципальный район,matched,matched
600,Забайкальский край,Чернышевский муниципальный район,matched,matched
601,Забайкальский край,Читинский муниципальный район,matched,matched
602,Забайкальский край,Шелопугинский муниципальный район,matched,matched
603,Забайкальский край,Шилкинский муниципальный район,matched,matched
604,Забайкальский край,городской округ поселок Агинское,missing,missing
605,Забайкальский край,Агинский муниципальный район,missing,missing
606,Забайкальский край,Дульдургинский муниципальный район,missing,missing
607,Забайкальский край,Могойтуйский муниципальный район,missing,missing
608,Камчатский край,городской округ Петропавловск-Камчатский,matched,matched
612,Камчатский край,Елизовский муниципальный район,matched,matched
613,Камчатский край,Мильковский муниципальный округ,matched,matched
614,Камчатский край,Соболевский муниципальный район,matched,matched
615,Камчатский край,Усть-Большерецкий муниципальный район,matched,matched
616,Камчатский край,Усть-Камчатский муниципальный район,matched,matched
618,Камчатский край,Карагинский муниципальный район,matched,matched
619,Камчатский край,Олюторский муниципальный район,matched,matched
621,Камчатский край,Тигильский муниципальный район,matched,matched
666,Красноярский край,городской округ город Красноярск,matched,matched
667,Красноярский край,городской округ город Ачинск,matched,matched
668,Красноярский край,городской округ город Боготол,matched,matched
669,Красноярский край,городской округ город Бородино,matched,matched
670,Красноярский край,городской округ город Дивногорск,matched,matched
671,Красноярский край,городской округ город Енисейск,matched,matched
674,Красноярский край,городской округ город Канск,matched,matched
675,Красноярский край,городской округ город Лесосибирск,matched,matched
676,Красноярский край,городской округ город Минусинск,matched,matched
677,Красноярский край,городской округ город Назарово,matched,matched
678,Красноярский край,городской округ город Норильск,matched,matched
679,Красноярский край,городской округ город Сосновоборск,matched,matched
680,Красноярский край,городской округ город Шарыпово,matched,matched
683,Красноярский край,Абанский муниципальный район,matched,matched
685,Красноярский край,Балахтинский муниципальный район,matched,matched
686,Красноярский край,Березовский муниципальный район,matched,matched
687,Красноярский край,Бирилюсский муниципальный район,matched,matched
689,Красноярский край,Богучанский муниципальный район,matched,matched
690,Красноярский край,Большемуртинский муниципальный район,matched,matched
691,Красноярский край,Большеулуйский муниципальный район,matched,matched
692,Красноярский край,Дзержинский муниципальный район,matched,matched
693,Красноярский край,Емельяновский муниципальный район,matched,matched
694,Красноярский край,Енисейский муниципальный район,matched,matched
695,Красноярский край,Ермаковский муниципальный район,matched,matched
696,Красноярский край,Идринский муниципальный район,matched,matched
697,Красноярский край,Иланский муниципальный район,matched,matched
698,Красноярский край,Ирбейский муниципальный район,matched,matched
699,Красноярский край,Казачинский муниципальный район,matched,matched
701,Красноярский край,Каратузский муниципальный район,matched,matched
702,Красноярский край,Кежемский муниципальный район,matched,matched
703,Красноярский край,Козульский муниципальный район,matched,matched
704,Красноярский край,Краснотуранский муниципальный район,matched,matched
705,Красноярский край,Курагинский муниципальный район,matched,matched
706,Красноярский край,Манский муниципальный район,matched,matched
708,Красноярский край,Мотыгинский муниципальный район,matched,matched
710,Красноярский край,Нижнеингашский муниципальный район,matched,matched
711,Красноярский край,Новоселовский муниципальный район,matched,matched
712,Красноярский край,Партизанский муниципальный район,matched,matched
713,Красноярский край,Пировский муниципальный округ,matched,matched
714,Красноярский край,Рыбинский муниципальный район,matched,matched
715,Красноярский край,Саянский муниципальный район,matched,matched
716,Красноярский край,Северо-Енисейский муниципальный район,matched,matched
717,Красноярский край,Сухобузимский муниципальный район,matched,matched
718,Красноярский край,Таймырский Долгано-Ненецкий муниципальный район,matched,matched
719,Красноярский край,Тасеевский муниципальный район,matched,matched
720,Красноярский край,Туруханский муниципальный район,matched,matched
721,Красноярский край,Тюхтетский муниципальный округ,matched,matched
722,Красноярский край,Ужурский муниципальный район,matched,matched
723,Красноярский край,Уярский муниципальный район,matched,matched
725,Красноярский край,Шушенский муниципальный район,matched,matched
726,Красноярский край,Эвенкийский муниципальный район,matched,matched
727,Пермский край,городской округ Пермский,matched,matched
731,Пермский край,городской округ Лысьвенский,matched,matched
734,Пермский край,муниципальный округ Александровский,matched,matched
735,Пермский край,муниципальный округ Бардымский,matched,matched
736,Пермский край,муниципальный округ Березовский,matched,matched
737,Пермский край,муниципальный округ Большесосновский,matched,matched
738,Пермский край,городской округ Верещагинский,matched,matched
739,Пермский край,городской округ Горнозаводский,matched,matched
741,Пермский край,городской округ Добрянский,matched,matched
742,Пермский край,муниципальный округ Еловский,matched,matched
743,Пермский край,городской округ Ильинский,matched,matched
744,Пермский край,муниципальный округ Карагайский,matched,matched
745,Пермский край,городской округ город Кизел,matched,matched
746,Пермский край,муниципальный округ Кишертский,matched,matched
747,Пермский край,городской округ Красновишерский,matched,matched
748,Пермский край,городской округ Краснокамский,matched,matched
749,Пермский край,муниципальный округ Куединский,matched,matched
751,Пермский край,городской округ Нытвенский,matched,matched
752,Пермский край,городской округ Октябрьский,matched,matched
753,Пермский край,муниципальный округ Ординский,matched,matched
754,Пермский край,городской округ Осинский,matched,matched
755,Пермский край,городской округ Оханский,matched,matched
756,Пермский край,городской округ Очерский,matched,matched
757,Пермский край,муниципальный округ Пермский,matched,matched
758,Пермский край,муниципальный округ Сивинский,matched,matched
760,Пермский край,городской округ Суксунский,matched,matched
761,Пермский край,муниципальный округ Уинский,matched,matched
763,Пермский край,городской округ Чайковский,matched,matched
764,Пермский край,муниципальный округ Частинский,matched,matched
765,Пермский край,городской округ Чердынский,matched,matched
766,Пермский край,городской округ Чернушинский,matched,matched
767,Пермский край,городской округ Чусовской,matched,matched
769,Пермский край,муниципальный округ Гайнский,matched,matched
770,Пермский край,муниципальный округ Косинский,matched,matched
771,Пермский край,муниципальный округ Кочевский,matched,matched
773,Пермский край,муниципальный округ Юрлинский,matched,matched
774,Пермский край,муниципальный округ Юсьвинский,matched,matched
775,Приморский край,городской округ Владивостокский,matched,matched
776,Приморский край,городской округ Арсеньевский,matched,matched
777,Приморский край,городской округ Артемовский,matched,matched
778,Приморский край,городской округ Большой Камень,matched,matched
779,Приморский край,городской округ Дальнегорский,matched,matched
780,Приморский край,городской округ Дальнереченский,matched,matched
781,Приморский край,городской округ Лесозаводский,matched,matched
782,Приморский край,городской округ Находкинский,matched,matched
783,Приморский край,городской округ Партизанский,matched,matched
784,Приморский край,городской округ Спасск-Дальний,matched,matched
785,Приморский край,городской округ Уссурийский,matched,matched
787,Приморский край,Анучинский муниципальный округ,matched,matched
788,Приморский край,Дальнереченский муниципальный район,matched,matched
789,Приморский край,Кавалеровский муниципальный округ,matched,matched
790,Приморский край,Кировский муниципальный район,matched,matched
791,Приморский край,Красноармейский муниципальный округ,matched,matched
792,Приморский край,Лазовский муниципальный округ,matched,matched
793,Приморский край,Михайловский муниципальный район,matched,matched
794,Приморский край,Надеждинский муниципальный район,matched,matched
795,Приморский край,Октябрьский муниципальный округ,matched,matched
796,Приморский край,Ольгинский муниципальный округ,matched,matched
797,Приморский край,Партизанский муниципальный округ,matched,matched
798,Приморский край,Пограничный муниципальный округ,matched,matched
799,Приморский край,Пожарский муниципальный округ,matched,matched
800,Приморский край,Спасский муниципальный район,matched,matched
801,Приморский край,Тернейский муниципальный округ,matched,matched
802,Приморский край,Ханкайский муниципальный округ,matched,matched
803,Приморский край,Хасанский муниципальный округ,matched,matched
804,Приморский край,Хорольский муниципальный округ,matched,matched
805,Приморский край,Черниговский муниципальный округ,matched,matched
806,Приморский край,Чугуевский муниципальный округ,matched,matched
807,Приморский край,Шкотовский муниципальный округ,matched,matched
808,Приморский край,Яковлевский муниципальный округ,matched,matched
809,Ставропольский край,городской округ город Ставрополь,matched,matched
810,Ставропольский край,Благодарненский муниципальный округ,missing,matched
811,Ставропольский край,Георгиевский муниципальный округ,missing,matched
812,Ставропольский край,городской округ город-курорт Ессентуки,matched,matched
813,Ставропольский край,городской округ город-курорт Железноводск,matched,matched
814,Ставропольский край,Изобильненский муниципальный округ,missing,matched
815,Ставропольский край,Ипатовский муниципальный округ,missing,matched
817,Ставропольский край,Кировский муниципальный округ,missing,matched
818,Ставропольский край,городской округ город Лермонтов,matched,matched
819,Ставропольский край,Минераловодский муниципальный округ,missing,matched
820,Ставропольский край,городской округ город Невинномысск,matched,matched
821,Ставропольский край,Нефтекумский муниципальный округ,missing,matched
822,Ставропольский край,Новоалександровский муниципальный округ,missing,matched
823,Ставропольский край,Петровский муниципальный округ,missing,matched
824,Ставропольский край,городской округ город-курорт Пятигорск,matched,matched
825,Ставропольский край,Советский муниципальный округ,missing,matched
826,Ставропольский край,Александровский муниципальный округ,matched,matched
827,Ставропольский край,Андроповский муниципальный округ,matched,matched
828,Ставропольский край,Апанасенковский муниципальный округ,matched,matched
829,Ставропольский край,Арзгирский муниципальный округ,matched,matched
830,Ставропольский край,Будённовский муниципальный округ,matched,matched
831,Ставропольский край,Грачёвский муниципальный округ,matched,matched
832,Ставропольский край,Кочубеевский муниципальный округ,matched,matched
833,Ставропольский край,Красногвардейский муниципальный округ,matched,matched
834,Ставропольский край,Курский муниципальный округ,matched,matched
835,Ставропольский край,Левокумский муниципальный округ,matched,matched
836,Ставропольский край,Новоселицкий муниципальный округ,matched,matched
838,Ставропольский край,Степновский муниципальный округ,matched,matched
839,Ставропольский край,Труновский муниципальный округ,matched,matched
840,Ставропольский край,Туркменский муниципальный округ,matched,matched
841,Ставропольский край,Шпаковский муниципальный округ,matched,matched
842,Хабаровский край,городской округ город Хабаровск,matched,matched
843,Хабаровский край,городской округ город Комсомольск-на-Амуре,matched,matched
844,Хабаровский край,Амурский муниципальный район,matched,matched
846,Хабаровский край,Бикинский муниципальный район,matched,matched
847,Хабаровский край,Ванинский муниципальный район,matched,matched
848,Хабаровский край,Верхнебуреинский муниципальный район,matched,matched
849,Хабаровский край,Вяземский муниципальный район,matched,matched
851,Хабаровский край,муниципальный район имени Лазо,matched,matched
852,Хабаровский край,Нанайский муниципальный район,matched,matched
853,Хабаровский край,Николаевский муниципальный район,matched,matched
854,Хабаровский край,Охотский муниципальный округ,matched,matched
855,Хабаровский край,муниципальный район имени Полины Осипенко,matched,matched
856,Хабаровский край,Советско-Гаванский муниципальный район,matched,matched
857,Хабаровский край,Солнечный муниципальный район,matched,matched
859,Хабаровский край,Ульчский муниципальный район,matched,matched
860,Хабаровский край,Хабаровский муниципальный район,matched,matched
870,Амурская область,Архаринский муниципальный округ,matched,matched
871,Амурская область,Белогорский муниципальный округ,matched,matched
872,Амурская область,Благовещенский муниципальный округ,matched,matched
873,Амурская область,Бурейский муниципальный округ,matched,matched
874,Амурская область,Завитинский муниципальный округ,matched,matched
875,Амурская область,Зейский муниципальный округ,matched,matched
876,Амурская область,Ивановский муниципальный округ,matched,matched
877,Амурская область,Константиновский муниципальный район,matched,matched
878,Амурская область,Магдагачинский муниципальный район,matched,matched
879,Амурская область,Мазановский муниципальный район,matched,matched
880,Амурская область,Михайловский муниципальный район,matched,matched
881,Амурская область,Октябрьский муниципальный район,matched,matched
882,Амурская область,Ромненский муниципальный округ,matched,matched
883,Амурская область,Свободненский муниципальный район,matched,matched
884,Амурская область,Селемджинский муниципальный район,matched,missing
885,Амурская область,Серышевский муниципальный округ,matched,matched
886,Амурская область,Сковородинский муниципальный округ,matched,matched
888,Амурская область,Тындинский муниципальный округ,matched,matched
889,Амурская область,Шимановский муниципальный округ,matched,matched
890,Архангельская область,городской округ город Архангельск,matched,matched
891,Архангельская область,городской округ город Коряжма,matched,matched
892,Архангельская область,городской округ Котлас,matched,matched
895,Архангельская область,городской округ город Новодвинск,matched,matched
896,Архангельская область,городской округ Северодвинск,matched,matched
897,Архангельская область,Вельский муниципальный район,matched,matched
898,Архангельская область,Верхнетоемский муниципальный округ,matched,matched
899,Архангельская область,муниципальный округ Вилегодский,matched,matched
900,Архангельская область,Виноградовский муниципальный округ,matched,matched
901,Архангельская область,муниципальный округ Каргопольский,matched,matched
902,Архангельская область,Коношский муниципальный район,matched,matched
903,Архангельская область,Котласский муниципальный округ,matched,matched
904,Архангельская область,Красноборский муниципальный округ,matched,matched
905,Архангельская область,Ленский муниципальный район,matched,matched
907,Архангельская область,Мезенский муниципальный округ,matched,matched
908,Архангельская область,Няндомский муниципальный округ,matched,matched
909,Архангельская область,Онежский муниципальный район,matched,matched
911,Архангельская область,Плесецкий муниципальный округ,matched,matched
912,Архангельская область,Приморский муниципальный округ,matched,matched
913,Архангельская область,Устьянский муниципальный округ,matched,matched
914,Архангельская область,Холмогорский муниципальный округ,matched,matched
915,Архангельская область,Шенкурский муниципальный округ,matched,matched
916,Ненецкий автономный округ,городской округ город Нарьян-Мар,ambiguous,matched
917,Ненецкий автономный округ,муниципальный район Заполярный район,ambiguous,matched
918,Астраханская область,городской округ город Астрахань,matched,matched
920,Астраханская область,Ахтубинский муниципальный район,matched,matched
922,Астраханская область,Енотаевский муниципальный район,matched,matched
923,Астраханская область,Икрянинский муниципальный район,matched,matched
924,Астраханская область,Камызякский муниципальный район,matched,matched
925,Астраханская область,Красноярский муниципальный район,matched,matched
926,Астраханская область,Лиманский муниципальный район,matched,matched
927,Астраханская область,Наримановский муниципальный район,matched,matched
928,Астраханская область,Приволжский муниципальный район,matched,matched
929,Астраханская область,Харабалинский муниципальный район,matched,matched
930,Астраханская область,Черноярский муниципальный район,matched,matched
986,Владимирская область,городской округ город Владимир,matched,matched
987,Владимирская область,городской округ город Гусь-Хрустальный,matched,matched
988,Владимирская область,городской округ город Ковров,matched,matched
989,Владимирская область,городской округ округ Муром,matched,matched
991,Владимирская область,Александровский муниципальный район,matched,matched
992,Владимирская область,Вязниковский муниципальный район,matched,matched
993,Владимирская область,Гороховецкий муниципальный район,matched,matched
994,Владимирская область,Гусь-Хрустальный муниципальный район,matched,matched
995,Владимирская область,Камешковский муниципальный район,matched,matched
996,Владимирская область,Киржачский муниципальный район,matched,matched
998,Владимирская область,Кольчугинский муниципальный район,matched,matched
999,Владимирская область,Меленковский муниципальный район,matched,matched
1001,Владимирская область,Петушинский муниципальный район,matched,matched
1002,Владимирская область,Селивановский муниципальный район,matched,matched
1003,Владимирская область,Собинский муниципальный район,matched,matched
1004,Владимирская область,Судогодский муниципальный район,matched,matched
1005,Владимирская область,Суздальский муниципальный район,matched,matched
1006,Владимирская область,Юрьев-Польский муниципальный район,matched,matched
1007,Волгоградская область,городской округ город-герой Волгоград,matched,matched
1008,Волгоградская область,городской округ город Волжский,matched,matched
1009,Волгоградская область,городской округ город Камышин,matched,matched
1010,Волгоградская область,городской округ город Михайловка,matched,matched
1011,Волгоградская область,городской округ город Урюпинск,matched,matched
1012,Волгоградская область,городской округ город Фролово,matched,matched
1013,Волгоградская область,Алексеевский муниципальный район,matched,matched
1014,Волгоградская область,Быковский муниципальный район,matched,matched
1015,Волгоградская область,Городищенский муниципальный район,matched,matched
1016,Волгоградская область,Даниловский муниципальный район,matched,matched
1017,Волгоградская область,Дубовский муниципальный район,matched,matched
1018,Волгоградская область,Еланский муниципальный район,matched,matched
1019,Волгоградская область,Жирновский муниципальный район,matched,matched
1020,Волгоградская область,Иловлинский муниципальный район,matched,matched
1021,Волгоградская область,Калачевский муниципальный район,matched,matched
1023,Волгоградская область,Киквидзенский муниципальный район,matched,matched
1024,Волгоградская область,Клетский муниципальный район,matched,matched
1025,Волгоградская область,Котельниковский муниципальный район,matched,matched
1026,Волгоградская область,Котовский муниципальный район,matched,matched
1027,Волгоградская область,Кумылженский муниципальный район,matched,matched
1028,Волгоградская область,Ленинский муниципальный район,matched,matched
1029,Волгоградская область,Нехаевский муниципальный район,matched,matched
1030,Волгоградская область,Николаевский муниципальный район,matched,matched
1031,Волгоградская область,Новоаннинский муниципальный район,matched,matched
1032,Волгоградская область,Новониколаевский муниципальный район,matched,matched
1033,Волгоградская область,Октябрьский муниципальный район,matched,matched
1034,Волгоградская область,Ольховский муниципальный район,matched,matched
1035,Волгоградская область,Палласовский муниципальный район,matched,matched
1036,Волгоградская область,Руднянский муниципальный район,matched,matched
1037,Волгоградская область,Светлоярский муниципальный район,matched,matched
1038,Волгоградская область,Серафимовичский муниципальный район,matched,matched
1039,Волгоградская область,Среднеахтубинский муниципальный район,matched,matched
1040,Волгоградская область,Старополтавский муниципальный район,matched,matched
1041,Волгоградская область,Суровикинский муниципальный район,matched,matched
1044,Волгоградская область,Чернышковский муниципальный район,matched,matched
1047,Вологодская область,Бабаевский муниципальный округ,matched,matched
1048,Вологодская область,Бабушкинский муниципальный округ,matched,matched
1049,Вологодская область,Белозерский муниципальный округ,matched,matched
1051,Вологодская область,Великоустюгский муниципальный округ,matched,matched
1052,Вологодская область,Верховажский муниципальный округ,matched,matched
1053,Вологодская область,Вожегодский муниципальный округ,matched,matched
1054,Вологодская область,Вологодский муниципальный округ,matched,matched
1055,Вологодская область,Вытегорский муниципальный район,matched,matched
1056,Вологодская область,Грязовецкий муниципальный округ,matched,matched
1057,Вологодская область,Кадуйский муниципальный округ,matched,matched
1058,Вологодская область,Кирилловский муниципальный округ,matched,matched
1059,Вологодская область,Кичменгско-Городецкий муниципальный округ,matched,matched
1060,Вологодская область,Междуреченский муниципальный округ,matched,matched
1061,Вологодская область,Никольский муниципальный округ,matched,matched
1062,Вологодская область,Нюксенский муниципальный округ,matched,matched
1063,Вологодская область,Сокольский муниципальный округ,matched,matched
1064,Вологодская область,Сямженский муниципальный округ,matched,matched
1065,Вологодская область,Тарногский муниципальный округ,matched,matched
1066,Вологодская область,Тотемский муниципальный округ,matched,matched
1067,Вологодская область,Усть-Кубинский муниципальный округ,matched,matched
1068,Вологодская область,Устюженский муниципальный округ,matched,matched
1069,Вологодская область,Харовский муниципальный округ,matched,matched
1070,Вологодская область,Чагодощенский муниципальный округ,matched,matched
1071,Вологодская область,Череповецкий муниципальный район,matched,matched
1072,Вологодская область,Шекснинский муниципальный район,matched,matched
1107,Ивановская область,городской округ Иваново,matched,matched
1108,Ивановская область,городской округ Вичуга,matched,matched
1109,Ивановская область,городской округ Кинешма,matched,matched
1110,Ивановская область,городской округ Кохма,matched,matched
1111,Ивановская область,городской округ Тейково,matched,matched
1112,Ивановская область,городской округ Шуя,matched,matched
1113,Ивановская область,Вичугский муниципальный район,matched,matched
1115,Ивановская область,Гаврилово-Посадский муниципальный район,matched,matched
1116,Ивановская область,Заволжский муниципальный район,matched,matched
1117,Ивановская область,Ивановский муниципальный район,matched,matched
1118,Ивановская область,Ильинский муниципальный район,matched,matched
1119,Ивановская область,Кинешемский муниципальный район,matched,matched
1120,Ивановская область,Комсомольский муниципальный район,matched,matched
1121,Ивановская область,Лежневский муниципальный район,matched,matched
1122,Ивановская область,Лухский муниципальный район,matched,matched
1123,Ивановская область,Палехский муниципальный район,matched,matched
1124,Ивановская область,Пестяковский муниципальный район,matched,matched
1125,Ивановская область,Приволжский муниципальный район,matched,matched
1126,Ивановская область,Пучежский муниципальный район,matched,matched
1127,Ивановская область,Родниковский муниципальный район,matched,matched
1128,Ивановская область,Савинский муниципальный район,matched,matched
1129,Ивановская область,Тейковский муниципальный район,matched,matched
1130,Ивановская область,Фурмановский муниципальный район,matched,matched
1131,Ивановская область,Шуйский муниципальный район,matched,matched
1132,Ивановская область,Южский муниципальный район,matched,matched
1133,Ивановская область,Юрьевецкий муниципальный район,matched,matched
1134,Иркутская область,городской округ город Иркутск,missing,missing
1135,Иркутская область,городской округ Ангарский,matched,matched
1136,Иркутская область,городской округ город Братск,matched,matched
1137,Иркутская область,городской округ Зима,matched,matched
1138,Иркутская область,городской округ город Саянск,matched,matched
1139,Иркутская область,городской округ город Тулун,matched,matched
1140,Иркутская область,городской округ город Усолье-Сибирское,matched,matched
1141,Иркутская область,городской округ город Усть-Илимск,matched,matched
1142,Иркутская область,городской округ город Черемхово,matched,matched
1143,Иркутская область,городской округ город Свирск,matched,matched
1144,Иркутская область,Балаганский муниципальный район,matched,matched
1146,Иркутская область,Братский муниципальный район,matched,matched
1147,Иркутская область,Жигаловский муниципальный район,matched,matched
1148,Иркутская область,Заларинский муниципальный район,matched,matched
1149,Иркутская область,Зиминский муниципальный район,missing,matched
1150,Иркутская область,Иркутский муниципальный район,missing,matched
1151,Иркутская область,Казачинско-Ленский муниципальный район,matched,matched
1152,Иркутская область,Катангский муниципальный район,matched,matched
1153,Иркутская область,Качугский муниципальный район,matched,matched
1154,Иркутская область,Киренский муниципальный район,matched,matched
1155,Иркутская область,Куйтунский муниципальный район,matched,matched
1157,Иркутская область,Нижнеилимский муниципальный район,matched,matched
1158,Иркутская область,Нижнеудинский муниципальный район,matched,matched
1159,Иркутская область,Ольхонский муниципальный район,missing,matched
1160,Иркутская область,Слюдянский муниципальный район,matched,matched
1161,Иркутская область,Тайшетский муниципальный район,matched,matched
1163,Иркутская область,Усольский муниципальный район,missing,matched
1164,Иркутская область,Усть-Илимский муниципальный район,matched,matched
1165,Иркутская область,Усть-Кутский муниципальный район,matched,matched
1166,Иркутская область,Усть-Удинский муниципальный район,matched,matched
1167,Иркутская область,Черемховский муниципальный район,missing,matched
1168,Иркутская область,Чунский муниципальный район,missing,matched
1169,Иркутская область,Шелеховский муниципальный район,missing,matched
1170,Иркутская область,Аларский муниципальный район,matched,matched
1171,Иркутская область,Баяндаевский муниципальный район,matched,matched
1172,Иркутская область,Боханский муниципальный район,matched,matched
1173,Иркутская область,Нукутский муниципальный район,matched,matched
1174,Иркутская область,Осинский муниципальный район,matched,matched
1175,Иркутская область,Эхирит-Булагатский муниципальный район,matched,matched
1176,Калининградская область,городской округ город Калининград,matched,matched
1178,Калининградская область,городской округ Мамоновский,matched,matched
1179,Калининградская область,городской округ Пионерский,matched,matched
1180,Калининградская область,городской округ Светловский,matched,matched
1181,Калининградская область,городской округ Советский,matched,matched
1184,Калининградская область,городской округ Балтийский,matched,matched
1185,Калининградская область,муниципальный округ Гвардейский,matched,matched
1186,Калининградская область,муниципальный округ Гурьевский,matched,matched
1187,Калининградская область,городской округ Гусевский,matched,matched
1188,Калининградская область,муниципальный округ Зеленоградский,matched,matched
1189,Калининградская область,муниципальный округ Краснознаменский,matched,matched
1190,Калининградская область,городской округ Светлогорский,matched,matched
1191,Калининградская область,муниципальный округ Неманский,matched,matched
1192,Калининградская область,муниципальный округ Нестеровский,matched,matched
1193,Калининградская область,муниципальный округ Озерский,matched,matched
1194,Калининградская область,муниципальный округ Полесский,matched,matched
1195,Калининградская область,муниципальный округ Правдинский,matched,matched
1196,Калининградская область,муниципальный округ Славский,matched,matched
1197,Калининградская область,муниципальный округ Черняховский,matched,matched
1198,Калужская область,городской округ город Калуга,matched,matched
1200,Калужская область,Бабынинский муниципальный район,missing,matched
1201,Калужская область,Барятинский муниципальный район,missing,matched
1203,Калужская область,Дзержинский муниципальный район,missing,matched
1204,Калужская область,Думиничский муниципальный район,missing,matched
1205,Калужская область,Жиздринский муниципальный район,missing,matched
1206,Калужская область,Жуковский муниципальный район,missing,matched
1207,Калужская область,Кировский муниципальный район,missing,matched
1208,Калужская область,Износковский муниципальный район,missing,matched
1209,Калужская область,Козельский муниципальный район,missing,matched
1210,Калужская область,Куйбышевский муниципальный район,missing,matched
1211,Калужская область,Людиновский муниципальный район,missing,matched
1212,Калужская область,Малоярославецкий муниципальный район,missing,matched
1213,Калужская область,Медынский муниципальный район,missing,matched
1214,Калужская область,Мещовский муниципальный район,missing,matched
1215,Калужская область,Мосальский муниципальный район,missing,matched
1217,Калужская область,Спас-Деменский муниципальный район,missing,matched
1218,Калужская область,Сухиничский муниципальный район,missing,matched
1219,Калужская область,Тарусский муниципальный район,missing,matched
1220,Калужская область,Ульяновский муниципальный район,missing,matched
1221,Калужская область,Ферзиковский муниципальный район,missing,matched
1222,Калужская область,Хвастовичский муниципальный район,missing,matched
1223,Калужская область,Юхновский муниципальный район,missing,matched
1224,Кемеровская область,городской округ Кемеровский,matched,matched
1225,Кемеровская область,городской округ Анжеро-Судженский,matched,matched
1226,Кемеровская область,городской округ Беловский,matched,matched
1227,Кемеровская область,городской округ Березовский,matched,matched
1228,Кемеровская область,городской округ Калтанский,matched,matched
1229,Кемеровская область,городской округ Киселевский,matched,matched
1230,Кемеровская область,городской округ Ленинск-Кузнецкий,matched,matched
1231,Кемеровская область,городской округ Междуреченский,matched,matched
1232,Кемеровская область,городской округ Мысковский,matched,matched
1233,Кемеровская область,городской округ Новокузнецкий,matched,matched
1234,Кемеровская область,городской округ Осинниковский,matched,matched
1235,Кемеровская область,городской округ Полысаевский,matched,matched
1236,Кемеровская область,городской округ Прокопьевский,matched,matched
1237,Кемеровская область,городской округ Тайгинский,matched,matched
1238,Кемеровская область,городской округ Юргинский,matched,matched
1240,Кемеровская область,Беловский муниципальный округ,matched,matched
1241,Кемеровская область,Гурьевский муниципальный округ,matched,matched
1242,Кемеровская область,Ижморский муниципальный округ,matched,matched
1243,Кемеровская область,Кемеровский муниципальный округ,matched,matched
1244,Кемеровская область,Крапивинский муниципальный округ,matched,matched
1246,Кемеровская область,Мариинский муниципальный округ,matched,matched
1249,Кемеровская область,Промышленновский муниципальный округ,matched,matched
1250,Кемеровская область,Таштагольский муниципальный район,matched,matched
1251,Кемеровская область,Тисульский муниципальный округ,matched,matched
1252,Кемеровская область,Топкинский муниципальный округ,matched,matched
1253,Кемеровская область,Тяжинский муниципальный округ,matched,matched
1254,Кемеровская область,Чебулинский муниципальный округ,matched,matched
1256,Кемеровская область,Яйский муниципальный округ,matched,matched
1257,Кемеровская область,Яшкинский муниципальный округ,matched,matched
1258,Кировская область,городской округ город Киров,matched,matched
1259,Кировская область,городской округ город Вятские Поляны,matched,matched
1260,Кировская область,городской округ город Кирово-Чепецк,matched,matched
1261,Кировская область,городской округ город Котельнич,matched,matched
1262,Кировская область,городской округ город Слободской,matched,matched
1264,Кировская область,муниципальный округ Арбажский,matched,matched
1265,Кировская область,муниципальный округ Афанасьевский,matched,matched
1266,Кировская область,Белохолуницкий муниципальный район,matched,matched
1267,Кировская область,муниципальный округ Богородский,matched,matched
1268,Кировская область,муниципальный округ Верхнекамский,matched,matched
1269,Кировская область,Верхошижемский муниципальный район,matched,matched
1270,Кировская область,Вятскополянский муниципальный район,matched,matched
1271,Кировская область,Даровской муниципальный район,matched,matched
1272,Кировская область,Зуевский муниципальный район,matched,matched
1273,Кировская область,муниципальный округ Кикнурский,matched,matched
1274,Кировская область,Кильмезский муниципальный район,matched,matched
1275,Кировская область,Кирово-Чепецкий муниципальный район,matched,matched
1276,Кировская область,Котельничский муниципальный район,matched,matched
1277,Кировская область,Куменский муниципальный район,matched,matched
1278,Кировская область,муниципальный округ Лебяжский,matched,matched
1279,Кировская область,муниципальный округ Лузский,matched,matched
1280,Кировская область,Малмыжский муниципальный район,matched,matched
1281,Кировская область,муниципальный округ Мурашинский,matched,matched
1282,Кировская область,Нагорский муниципальный район,matched,matched
1284,Кировская область,Нолинский муниципальный район,matched,matched
1285,Кировская область,Омутнинский муниципальный район,matched,matched
1286,Кировская область,муниципальный округ Опаринский,matched,matched
1287,Кировская область,Оричевский муниципальный район,matched,matched
1288,Кировская область,Орловский муниципальный район,matched,matched
1289,Кировская область,муниципальный округ Пижанский,matched,matched
1290,Кировская область,Подосиновский муниципальный район,matched,matched
1291,Кировская область,муниципальный округ Санчурский,matched,matched
1292,Кировская область,муниципальный округ Свечинский,matched,matched
1293,Кировская область,Слободской муниципальный район,matched,matched
1294,Кировская область,Советский муниципальный район,matched,matched
1295,Кировская область,Сунский муниципальный район,matched,matched
1296,Кировская область,Тужинский муниципальный район,matched,matched
1297,Кировская область,муниципальный округ Унинский,missing,missing
1298,Кировская область,Уржумский муниципальный район,matched,matched
1299,Кировская область,муниципальный округ Фаленский,matched,matched
1300,Кировская область,Шабалинский муниципальный район,matched,matched
1301,Кировская область,Юрьянский муниципальный район,matched,matched
1302,Кировская область,Яранский муниципальный район,matched,matched
1303,Костромская область,городской округ город Кострома,matched,matched
1304,Костромская область,городской округ город Буй,matched,matched
1305,Костромская область,городской округ город Волгореченск,matched,matched
1306,Костромская область,городской округ город Галич,matched,matched
1308,Костромская область,городской округ город Шарья,matched,matched
1309,Костромская область,Антроповский муниципальный район,matched,matched
1310,Костромская область,Буйский муниципальный район,matched,matched
1311,Костромская область,Вохомский муниципальный район,matched,matched
1312,Костромская область,Галичский муниципальный район,matched,matched
1313,Костромская область,Кадыйский муниципальный район,matched,matched
1314,Костромская область,Кологривский муниципальный округ,matched,matched
1315,Костромская область,Костромской муниципальный район,matched,matched
1316,Костромская область,Красносельский муниципальный район,matched,matched
1317,Костромская область,Макарьевский муниципальный район,matched,matched
1319,Костромская область,Межевской муниципальный округ,matched,matched
1320,Костромская область,Нейский муниципальный округ,matched,matched
1321,Костромская область,муниципальный район город Нерехта и Нерехтский район,matched,matched
1322,Костромская область,Октябрьский муниципальный район,matched,matched
1323,Костромская область,Островский муниципальный округ,matched,matched
1324,Костромская область,Павинский муниципальный округ,matched,matched
1325,Костромская область,Парфеньевский муниципальный округ,matched,matched
1326,Костромская область,Поназыревский муниципальный округ,matched,matched
1327,Костромская область,Пыщугский муниципальный округ,matched,matched
1328,Костромская область,Солигаличский муниципальный округ,matched,matched
1329,Костромская область,Судиславский муниципальный район,matched,matched
1330,Костромская область,Сусанинский муниципальный район,matched,matched
1331,Костромская область,Чухломский муниципальный район,matched,matched
1333,Курганская область,городской округ город Курган,matched,matched
1334,Курганская область,городской округ город Шадринск,matched,matched
1335,Курганская область,Альменевский муниципальный округ,matched,matched
1336,Курганская область,Белозерский муниципальный округ,matched,matched
1337,Курганская область,Варгашинский муниципальный округ,missing,matched
1338,Курганская область,Далматовский муниципальный округ,missing,matched
1339,Курганская область,Звериноголовский муниципальный округ,matched,matched
1340,Курганская область,Каргапольский муниципальный округ,matched,matched
1341,Курганская область,Катайский муниципальный округ,missing,matched
1343,Курганская область,Куртамышский муниципальный округ,matched,matched
1344,Курганская область,Лебяжьевский муниципальный округ,matched,matched
1345,Курганская область,муниципальный округ Макушинский,matched,matched
1346,Курганская область,Мишкинский муниципальный округ,matched,matched
1347,Курганская область,Мокроусовский муниципальный округ,matched,matched
1348,Курганская область,Петуховский муниципальный округ,matched,matched
1349,Курганская область,Половинский муниципальный округ,matched,matched
1350,Курганская область,Притобольный муниципальный округ,missing,matched
1351,Курганская область,Сафакулевский муниципальный округ,matched,matched
1352,Курганская область,Целинный муниципальный округ,matched,matched
1353,Курганская область,Частоозерский муниципальный округ,matched,matched
1355,Курганская область,Шатровский муниципальный округ,matched,matched
1356,Курганская область,муниципальный округ Шумихинский,matched,matched
1357,Курганская область,Щучанский муниципальный округ,matched,matched
1358,Курганская область,Юргамышский муниципальный округ,matched,matched
1392,Ленинградская область,Бокситогорский муниципальный район,matched,matched
1393,Ленинградская область,Волосовский муниципальный район,matched,matched
1394,Ленинградская область,Волховский муниципальный район,matched,matched
1395,Ленинградская область,Всеволожский муниципальный район,matched,matched
1396,Ленинградская область,Выборгский муниципальный район,matched,matched
1397,Ленинградская область,Гатчинский муниципальный район,matched,matched
1398,Ленинградская область,Кингисеппский муниципальный район,matched,matched
1399,Ленинградская область,Киришский муниципальный район,matched,matched
1400,Ленинградская область,Кировский муниципальный район,matched,matched
1401,Ленинградская область,Лодейнопольский муниципальный район,matched,matched
1402,Ленинградская область,Ломоносовский муниципальный район,matched,matched
1403,Ленинградская область,Лужский муниципальный район,matched,matched
1404,Ленинградская область,Подпорожский муниципальный район,matched,matched
1405,Ленинградская область,Приозерский муниципальный район,matched,matched
1406,Ленинградская область,Сланцевский муниципальный район,matched,matched
1407,Ленинградская область,Тихвинский муниципальный район,matched,matched
1408,Ленинградская область,Тосненский муниципальный район,matched,matched
1409,Ленинградская область,городской округ Сосновоборский,missing,matched
1410,Липецкая область,городской округ город Липецк,matched,matched
1411,Липецкая область,городской округ город Елец,matched,matched
1412,Липецкая область,Воловский муниципальный район,matched,matched
1413,Липецкая область,Грязинский муниципальный район,matched,matched
1414,Липецкая область,Данковский муниципальный район,matched,matched
1415,Липецкая область,Добринский муниципальный район,matched,matched
1416,Липецкая область,Добровский муниципальный район,matched,matched
1417,Липецкая область,Долгоруковский муниципальный район,matched,matched
1419,Липецкая область,Задонский муниципальный район,matched,matched
1420,Липецкая область,Измалковский муниципальный район,matched,matched
1421,Липецкая область,Краснинский муниципальный район,matched,matched
1422,Липецкая область,Лебедянский муниципальный район,matched,matched
1423,Липецкая область,Лев-Толстовский муниципальный район,matched,matched
1425,Липецкая область,Становлянский муниципальный район,matched,matched
1426,Липецкая область,Тербунский муниципальный район,matched,matched
1427,Липецкая область,Усманский муниципальный район,matched,matched
1428,Липецкая область,Хлевенский муниципальный район,matched,matched
1429,Липецкая область,Чаплыгинский муниципальный район,matched,matched
1430,Магаданская область,городской округ город Магадан,matched,matched
1431,Магаданская область,муниципальный округ Ольский,matched,matched
1438,Магаданская область,муниципальный округ Ягоднинский,matched,matched
1439,Московская область,городской округ Балашиха,matched,matched
1440,Московская область,городской округ Бронницы,matched,matched
1443,Московская область,городской округ Дзержинский,matched,matched
1444,Московская область,городской округ Долгопрудный,matched,matched
1445,Московская область,городской округ Домодедово,matched,matched
1446,Московская область,городской округ Дубна,matched,matched
1447,Московская область,городской округ Егорьевск,matched,matched
1448,Московская область,городской округ Жуковский,matched,matched
1449,Московская область,городской округ Зарайск,matched,matched
1453,Московская область,городской округ Истра,matched,matched
1454,Московская область,городской округ Кашира,matched,matched
1456,Московская область,городской округ Королёв,matched,matched
1457,Московская область,городской округ Котельники,matched,matched
1459,Московская область,городской округ Красногорск,matched,matched
1461,Московская область,городской округ Лобня,matched,matched
1463,Московская область,городской округ Луховицы,matched,matched
1464,Московская область,городской округ Лыткарино,matched,matched
1465,Московская область,городской округ Люберцы,matched,matched
1467,Московская область,городской округ Мытищи,matched,matched
1468,Московская область,городской округ Наро-Фоминский,matched,matched
1472,Московская область,городской округ Подольск,matched,matched
1473,Московская область,городской округ Протвино,matched,matched
1474,Московская область,городской округ Пущино,matched,matched
1475,Московская область,городской округ Реутов,matched,matched
1477,Московская область,городской округ Рузский,matched,matched
1478,Московская область,городской округ Серебряные Пруды,matched,matched
1480,Московская область,городской округ Ступино,matched,matched
1481,Московская область,городской округ Фрязино,matched,matched
1483,Московская область,городской округ Черноголовка,matched,matched
1484,Московская область,городской округ Чехов,matched,matched
1486,Московская область,городской округ Шаховская,matched,matched
1488,Московская область,городской округ Электросталь,matched,matched
1489,Московская область,городской округ Волоколамский,matched,matched
1490,Московская область,городской округ Воскресенск,matched,matched
1491,Московская область,городской округ Дмитровский,matched,matched
1492,Московская область,городской округ Клин,matched,matched
1493,Московская область,городской округ Ленинский,matched,matched
1494,Московская область,городской округ Лотошино,matched,matched
1495,Московская область,городской округ Можайский,matched,matched
1496,Московская область,городской округ Богородский,matched,matched
1500,Московская область,городской округ Раменский,matched,matched
1501,Московская область,городской округ Сергиево-Посадский,matched,matched
1504,Московская область,городской округ Талдомский,matched,matched
1506,Мурманская область,городской округ город Мурманск,matched,matched
1507,Мурманская область,муниципальный округ город Апатиты,missing,matched
1508,Мурманская область,муниципальный округ город Кировск,missing,matched
1509,Мурманская область,муниципальный округ город Мончегорск,missing,matched
1510,Мурманская область,муниципальный округ город Оленегорск,missing,matched
1511,Мурманская область,муниципальный округ город Полярные Зори,missing,matched
1512,Мурманская область,Ковдорский муниципальный округ,matched,matched
1518,Мурманская область,Кандалакшский муниципальный район,matched,matched
1519,Мурманская область,Кольский муниципальный район,matched,matched
1520,Мурманская область,Ловозерский муниципальный район,matched,matched
1521,Мурманская область,Печенгский муниципальный округ,matched,matched
1522,Мурманская область,Терский муниципальный район,matched,matched
1523,Нижегородская область,городской округ город Нижний Новгород,matched,matched
1525,Нижегородская область,городской округ город Бор,matched,matched
1526,Нижегородская область,городской округ город Выкса,matched,matched
1527,Нижегородская область,городской округ город Дзержинск,matched,matched
1528,Нижегородская область,городской округ город Кулебаки,matched,matched
1529,Нижегородская область,городской округ Навашинский,matched,matched
1530,Нижегородская область,городской округ Перевозский,matched,matched
1532,Нижегородская область,городской округ Семеновский,matched,matched
1533,Нижегородская область,городской округ город Шахунья,matched,matched
1534,Нижегородская область,городской округ город Первомайск,matched,matched
1535,Нижегородская область,городской округ Сокольский,matched,matched
1536,Нижегородская область,городской округ город Чкаловск,matched,matched
1537,Нижегородская область,Ардатовский муниципальный округ,matched,matched
1539,Нижегородская область,Балахнинский муниципальный округ,matched,matched
1540,Нижегородская область,Богородский муниципальный округ,matched,matched
1541,Нижегородская область,Большеболдинский муниципальный округ,matched,matched
1542,Нижегородская область,Большемурашкинский муниципальный округ,matched,matched
1543,Нижегородская область,Бутурлинский муниципальный округ,matched,matched
1544,Нижегородская область,Вадский муниципальный округ,matched,matched
1545,Нижегородская область,Варнавинский муниципальный округ,matched,matched
1546,Нижегородская область,Вачский муниципальный округ,matched,matched
1547,Нижегородская область,Ветлужский муниципальный округ,matched,matched
1548,Нижегородская область,Вознесенский муниципальный округ,matched,matched
1549,Нижегородская область,Володарский муниципальный округ,matched,matched
1550,Нижегородская область,городской округ Воротынский,matched,matched
1551,Нижегородская область,Воскресенский муниципальный округ,matched,matched
1552,Нижегородская область,Гагинский муниципальный округ,matched,matched
1553,Нижегородская область,Городецкий муниципальный округ,matched,matched
1554,Нижегородская область,Дальнеконстантиновский муниципальный округ,matched,matched
1555,Нижегородская область,Дивеевский муниципальный округ,matched,matched
1556,Нижегородская область,Княгининский муниципальный округ,matched,matched
1557,Нижегородская область,Ковернинский муниципальный округ,matched,matched
1558,Нижегородская область,Краснобаковский муниципальный округ,matched,matched
1559,Нижегородская область,Краснооктябрьский муниципальный округ,matched,matched
1560,Нижегородская область,Кстовский муниципальный округ,matched,matched
1561,Нижегородская область,Лукояновский муниципальный округ,matched,matched
1562,Нижегородская область,Лысковский муниципальный округ,matched,matched
1563,Нижегородская область,Павловский муниципальный округ,matched,matched
1564,Нижегородская область,Пильнинский муниципальный округ,matched,matched
1565,Нижегородская область,Починковский муниципальный округ,matched,matched
1566,Нижегородская область,Сергачский муниципальный округ,matched,matched
1567,Нижегородская область,Сеченовский муниципальный округ,matched,matched
1568,Нижегородская область,Сосновский муниципальный округ,matched,matched
1569,Нижегородская область,Спасский муниципальный округ,matched,matched
1570,Нижегородская область,Тонкинский муниципальный округ,matched,matched
1571,Нижегородская область,Тоншаевский муниципальный округ,matched,matched
1572,Нижегородская область,Уренский муниципальный округ,matched,matched
1573,Нижегородская область,Шарангский муниципальный округ,matched,matched
1574,Нижегородская область,Шатковский муниципальный округ,matched,matched
1575,Новгородская область,городской округ Великий Новгород,matched,matched
1577,Новгородская область,Боровичский муниципальный район,matched,matched
1578,Новгородская область,Валдайский муниципальный район,matched,matched
1579,Новгородская область,муниципальный округ Волотовский,matched,matched
1580,Новгородская область,муниципальный округ Демянский,matched,matched
1581,Новгородская область,муниципальный округ Крестецкий,matched,matched
1582,Новгородская область,Любытинский муниципальный район,matched,matched
1583,Новгородская область,Маловишерский муниципальный район,matched,matched
1584,Новгородская область,муниципальный округ Марёвский,matched,matched
1585,Новгородская область,муниципальный округ Мошенской,matched,matched
1586,Новгородская область,Новгородский муниципальный район,matched,matched
1587,Новгородская область,Окуловский муниципальный район,matched,matched
1588,Новгородская область,Парфинский муниципальный район,matched,matched
1589,Новгородская область,муниципальный округ Пестовский,matched,matched
1590,Новгородская область,Поддорский муниципальный район,matched,matched
1591,Новгородская область,муниципальный округ Солецкий,missing,missing
1592,Новгородская область,Старорусский муниципальный район,matched,matched
1593,Новгородская область,муниципальный округ Хвойнинский,matched,matched
1594,Новгородская область,Холмский муниципальный район,matched,matched
1595,Новгородская область,Чудовский муниципальный район,matched,matched
1596,Новгородская область,Шимский муниципальный район,matched,matched
1597,Новосибирская область,городской округ город Новосибирск,matched,matched
1598,Новосибирская область,городской округ город Бердск,matched,matched
1599,Новосибирская область,городской округ город Искитим,matched,matched
1600,Новосибирская область,городской округ город Обь,matched,matched
1601,Новосибирская область,городской округ рабочий поселок Кольцово,matched,matched
1602,Новосибирская область,Баганский муниципальный район,matched,matched
1603,Новосибирская область,Барабинский муниципальный район,matched,matched
1604,Новосибирская область,Болотнинский муниципальный район,matched,matched
1605,Новосибирская область,Венгеровский муниципальный район,matched,matched
1606,Новосибирская область,Доволенский муниципальный район,matched,matched
1607,Новосибирская область,Здвинский муниципальный район,matched,matched
1608,Новосибирская область,Искитимский муниципальный район,matched,matched
1609,Новосибирская область,Карасукский муниципальный район,matched,matched
1610,Новосибирская область,Каргатский муниципальный район,matched,matched
1611,Новосибирская область,Колыванский муниципальный район,matched,matched
1612,Новосибирская область,Коченевский муниципальный район,matched,matched
1613,Новосибирская область,Кочковский муниципальный район,matched,matched
1614,Новосибирская область,Краснозерский муниципальный район,matched,matched
1615,Новосибирская область,Куйбышевский муниципальный район,matched,matched
1616,Новосибирская область,Купинский муниципальный район,matched,matched
1617,Новосибирская область,Кыштовский муниципальный район,matched,matched
1618,Новосибирская область,Маслянинский муниципальный район,matched,matched
1619,Новосибирская область,Мошковский муниципальный район,matched,matched
1620,Новосибирская область,Новосибирский муниципальный район,matched,matched
1621,Новосибирская область,Ордынский муниципальный район,matched,matched
1622,Новосибирская область,Северный муниципальный район,matched,matched
1623,Новосибирская область,Сузунский муниципальный район,matched,matched
1624,Новосибирская область,Татарский муниципальный район,matched,matched
1625,Новосибирская область,Тогучинский муниципальный район,matched,matched
1626,Новосибирская область,Убинский муниципальный район,matched,matched
1627,Новосибирская область,Усть-Таркский муниципальный район,matched,matched
1628,Новосибирская область,Чановский муниципальный район,matched,matched
1629,Новосибирская область,Черепановский муниципальный район,matched,matched
1630,Новосибирская область,Чистоозерный муниципальный район,matched,matched
1631,Новосибирская область,Чулымский муниципальный район,matched,matched
1632,Омская область,городской округ город Омск,matched,matched
1633,Омская область,Азовский немецкий национальный муниципальный район,matched,matched
1634,Омская область,Большереченский муниципальный район,matched,matched
1635,Омская область,Большеуковский муниципальный район,matched,matched
1636,Омская область,Горьковский муниципальный район,matched,matched
1637,Омская область,Знаменский муниципальный район,matched,matched
1638,Омская область,Исилькульский муниципальный район,matched,matched
1639,Омская область,Калачинский муниципальный район,matched,matched
1640,Омская область,Колосовский муниципальный район,matched,matched
1641,Омская область,Кормиловский муниципальный район,matched,matched
1642,Омская область,Крутинский муниципальный район,matched,matched
1643,Омская область,Любинский муниципальный район,matched,matched
1644,Омская область,Марьяновский муниципальный район,matched,matched
1645,Омская область,Москаленский муниципальный район,matched,matched
1646,Омская область,Муромцевский муниципальный район,matched,matched
1647,Омская область,Называевский муниципальный район,matched,matched
1648,Омская область,Нижнеомский муниципальный район,matched,matched
1649,Омская область,Нововаршавский муниципальный район,matched,matched
1650,Омская область,Одесский муниципальный район,matched,matched
1651,Омская область,Оконешниковский муниципальный район,matched,matched
1652,Омская область,Омский муниципальный район,matched,matched
1653,Омская область,Павлоградский муниципальный район,matched,matched
1654,Омская область,Полтавский муниципальный район,matched,matched
1655,Омская область,Русско-Полянский муниципальный район,matched,matched
1656,Омская область,Саргатский муниципальный район,matched,matched
1657,Омская область,Седельниковский муниципальный район,matched,matched
1658,Омская область,Таврический муниципальный район,matched,matched
1659,Омская область,Тарский муниципальный район,matched,matched
1660,Омская область,Тевризский муниципальный район,matched,matched
1661,Омская область,Тюкалинский муниципальный район,matched,matched
1662,Омская область,Усть-Ишимский муниципальный район,matched,matched
1663,Омская область,Черлакский муниципальный район,matched,matched
1664,Омская область,Шербакульский муниципальный район,matched,matched
1665,Оренбургская область,городской округ город Оренбург,matched,matched
1666,Оренбургская область,городской округ Абдулинский,matched,matched
1667,Оренбургская область,городской округ город Бугуруслан,matched,matched
1668,Оренбургская область,городской округ город Бузулук,matched,matched
1669,Оренбургская область,городской округ Гайский,matched,matched
1670,Оренбургская область,городской округ Кувандыкский,matched,matched
1671,Оренбургская область,городской округ город Медногорск,matched,matched
1672,Оренбургская область,городской округ город Новотроицк,matched,matched
1673,Оренбургская область,городской округ город Орск,matched,matched
1674,Оренбургская область,городской округ Соль-Илецкий,matched,matched
1675,Оренбургская область,городской округ Сорочинский,matched,matched
1676,Оренбургская область,городской округ Ясненский,matched,matched
1678,Оренбургская область,Адамовский муниципальный район,matched,matched
1679,Оренбургская область,Акбулакский муниципальный район,matched,matched
1680,Оренбургская область,Александровский муниципальный район,matched,matched
1681,Оренбургская область,Асекеевский муниципальный район,matched,matched
1682,Оренбургская область,Беляевский муниципальный район,matched,matched
1683,Оренбургская область,Бугурусланский муниципальный район,matched,matched
1685,Оренбургская область,Грачёвский муниципальный район,matched,matched
1686,Оренбургская область,Домбаровский муниципальный район,matched,matched
1687,Оренбургская область,Илекский муниципальный район,matched,matched
1688,Оренбургская область,Кваркенский муниципальный район,matched,matched
1689,Оренбургская область,Красногвардейский муниципальный район,matched,matched
1690,Оренбургская область,Курманаевский муниципальный район,matched,matched
1691,Оренбургская область,Матвеевский муниципальный район,matched,matched
1692,Оренбургская область,Новоорский муниципальный район,matched,matched
1693,Оренбургская область,Новосергиевский муниципальный район,matched,matched
1694,Оренбургская область,Октябрьский муниципальный район,matched,matched
1696,Оренбургская область,Первомайский муниципальный район,matched,matched
1697,Оренбургская область,Переволоцкий муниципальный район,matched,matched
1698,Оренбургская область,Пономарёвский муниципальный район,matched,matched
1699,Оренбургская область,Сакмарский муниципальный район,matched,matched
1700,Оренбургская область,Саракташский муниципальный район,matched,matched
1701,Оренбургская область,Светлинский муниципальный район,matched,matched
1702,Оренбургская область,Северный муниципальный район,matched,matched
1703,Оренбургская область,Ташлинский муниципальный район,matched,matched
1704,Оренбургская область,Тоцкий муниципальный район,matched,matched
1705,Оренбургская область,Тюльганский муниципальный район,matched,matched
1706,Оренбургская область,Шарлыкский муниципальный район,matched,matched
1707,Орловская область,городской округ город Орёл,matched,matched
1708,Орловская область,городской округ город Ливны,matched,matched
1709,Орловская область,городской округ город Мценск,matched,matched
1710,Орловская область,Болховский муниципальный район,matched,matched
1711,Орловская область,Верховский муниципальный район,matched,matched
1712,Орловская область,Глазуновский муниципальный район,matched,matched
1714,Орловская область,Должанский муниципальный район,matched,matched
1715,Орловская область,Залегощенский муниципальный район,matched,matched
1717,Орловская область,Колпнянский муниципальный район,matched,matched
1718,Орловская область,Краснозоренский муниципальный район,matched,matched
1719,Орловская область,Кромской муниципальный район,matched,matched
1722,Орловская область,Малоархангельский муниципальный район,matched,matched
1724,Орловская область,Новодеревеньковский муниципальный район,matched,matched
1725,Орловская область,Новосильский муниципальный район,matched,matched
1726,Орловская область,муниципальный округ Орловский,matched,matched
1727,Орловская область,Покровский муниципальный район,matched,matched
1728,Орловская область,Свердловский муниципальный район,matched,matched
1730,Орловская область,Троснянский муниципальный район,matched,matched
1731,Орловская область,Урицкий муниципальный район,matched,matched
1732,Орловская область,Хотынецкий муниципальный район,matched,matched
1733,Орловская область,Шаблыкинский муниципальный район,matched,matched
1737,Пензенская область,Башмаковский муниципальный район,matched,matched
1738,Пензенская область,Бековский муниципальный район,matched,matched
1739,Пензенская область,Белинский муниципальный район,matched,matched
1740,Пензенская область,Бессоновский муниципальный район,matched,matched
1741,Пензенская область,Вадинский муниципальный район,matched,matched
1742,Пензенская область,Городищенский муниципальный район,matched,matched
1743,Пензенская область,Земетчинский муниципальный район,matched,matched
1744,Пензенская область,Иссинский муниципальный район,matched,matched
1745,Пензенская область,Каменский муниципальный район,matched,matched
1746,Пензенская область,Камешкирский муниципальный район,matched,matched
1747,Пензенская область,Колышлейский муниципальный район,matched,matched
1749,Пензенская область,Лопатинский муниципальный район,matched,matched
1750,Пензенская область,Лунинский муниципальный район,matched,matched
1751,Пензенская область,Малосердобинский муниципальный район,matched,matched
1752,Пензенская область,Мокшанский муниципальный район,matched,matched
1753,Пензенская область,Наровчатский муниципальный район,matched,matched
1754,Пензенская область,Неверкинский муниципальный район,matched,matched
1755,Пензенская область,Нижнеломовский муниципальный район,matched,matched
1756,Пензенская область,Никольский муниципальный район,matched,matched
1757,Пензенская область,Пачелмский муниципальный район,matched,matched
1758,Пензенская область,Пензенский муниципальный район,matched,matched
1759,Пензенская область,Сердобский муниципальный район,matched,matched
1760,Пензенская область,Сосновоборский муниципальный район,matched,matched
1761,Пензенская область,Спасский муниципальный район,matched,matched
1762,Пензенская область,Тамалинский муниципальный район,matched,matched
1764,Псковская область,городской округ город Псков,matched,matched
1765,Псковская область,городской округ город Великие Луки,matched,matched
1766,Псковская область,Бежаницкий муниципальный район,missing,matched
1768,Псковская область,Гдовский муниципальный район,missing,matched
1769,Псковская область,Дедовичский муниципальный район,missing,matched
1770,Псковская область,Дновский муниципальный район,missing,matched
1771,Псковская область,муниципальный округ Красногородский,missing,matched
1773,Псковская область,муниципальный округ Локнянский,missing,matched
1774,Псковская область,муниципальный округ Невельский,missing,matched
1775,Псковская область,муниципальный округ Новоржевский,missing,matched
1776,Псковская область,Новосокольнический муниципальный район,missing,matched
1777,Псковская область,муниципальный округ Опочецкий,missing,matched
1778,Псковская область,Островский муниципальный район,missing,matched
1780,Псковская область,муниципальный округ Печорский,missing,matched
1781,Псковская область,Плюсский муниципальный район,missing,matched
1782,Псковская область,Порховский муниципальный район,missing,matched
1783,Псковская область,Псковский муниципальный район,missing,matched
1784,Псковская область,Пустошкинский муниципальный район,missing,matched
1785,Псковская область,Пушкиногорский муниципальный район,missing,matched
1786,Псковская область,муниципальный округ Пыталовский,missing,matched
1787,Псковская область,Себежский муниципальный район,missing,matched
1788,Псковская область,муниципальный округ Струго-Красненский,missing,matched
1845,Рязанская область,городской округ город Рязань,matched,matched
1846,Рязанская область,городской округ город Касимов,matched,matched
1848,Рязанская область,городской округ город Скопин,matched,matched
1849,Рязанская область,Ермишинский муниципальный район,matched,matched
1850,Рязанская область,Захаровский муниципальный район,matched,matched
1851,Рязанская область,Кадомский муниципальный район,matched,matched
1852,Рязанская область,Касимовский муниципальный район,matched,matched
1853,Рязанская область,Клепиковский муниципальный район,matched,matched
1854,Рязанская область,Кораблинский муниципальный район,matched,matched
1855,Рязанская область,Милославский муниципальный район,matched,matched
1856,Рязанская область,Михайловский муниципальный район,matched,matched
1857,Рязанская область,Александро-Невский муниципальный район,matched,matched
1858,Рязанская область,Пителинский муниципальный район,matched,matched
1859,Рязанская область,Пронский муниципальный район,matched,matched
1860,Рязанская область,Путятинский муниципальный округ,missing,missing
1861,Рязанская область,Рыбновский муниципальный район,matched,matched
1862,Рязанская область,Ряжский муниципальный округ,matched,matched
1863,Рязанская область,Рязанский муниципальный район,matched,matched
1864,Рязанская область,Сапожковский муниципальный район,matched,matched
1865,Рязанская область,Сараевский муниципальный район,matched,matched
1868,Рязанская область,Спасский муниципальный район,matched,matched
1869,Рязанская область,Старожиловский муниципальный район,matched,matched
1870,Рязанская область,Ухоловский муниципальный район,matched,matched
1871,Рязанская область,Чучковский муниципальный район,matched,matched
1872,Рязанская область,Шацкий муниципальный район,matched,matched
1873,Рязанская область,Шиловский муниципальный район,matched,matched
1874,Самарская область,городской округ Самара,matched,matched
1875,Самарская область,городской округ Жигулевск,matched,matched
1876,Самарская область,городской округ Кинель,matched,matched
1877,Самарская область,городской округ Новокуйбышевск,matched,matched
1878,Самарская область,городской округ Октябрьск,matched,matched
1879,Самарская область,городской округ Отрадный,matched,matched
1880,Самарская область,городской округ Похвистнево,matched,matched
1881,Самарская область,городской округ Сызрань,matched,matched
1883,Самарская область,городской округ Чапаевск,matched,matched
1884,Самарская область,Алексеевский муниципальный район,matched,matched
1885,Самарская область,Безенчукский муниципальный район,matched,matched
1886,Самарская область,Богатовский муниципальный район,matched,matched
1887,Самарская область,Большеглушицкий муниципальный район,matched,matched
1888,Самарская область,Большечерниговский муниципальный район,matched,matched
1889,Самарская область,Борский муниципальный район,matched,matched
1890,Самарская область,Волжский муниципальный район,matched,matched
1891,Самарская область,Елховский муниципальный район,matched,matched
1892,Самарская область,Исаклинский муниципальный район,matched,matched
1893,Самарская область,Камышлинский муниципальный район,matched,matched
1894,Самарская область,Кинельский муниципальный район,matched,matched
1895,Самарская область,Кинель-Черкасский муниципальный район,matched,matched
1896,Самарская область,Клявлинский муниципальный район,matched,matched
1897,Самарская область,Кошкинский муниципальный район,matched,matched
1898,Самарская область,Красноармейский муниципальный район,matched,matched
1899,Самарская область,Красноярский муниципальный район,matched,matched
1900,Самарская область,Нефтегорский муниципальный район,matched,matched
1901,Самарская область,Пестравский муниципальный район,matched,matched
1902,Самарская область,Похвистневский муниципальный район,matched,matched
1903,Самарская область,Приволжский муниципальный район,matched,matched
1904,Самарская область,Сергиевский муниципальный район,matched,matched
1905,Самарская область,Ставропольский муниципальный район,matched,matched
1906,Самарская область,Сызранский муниципальный район,matched,matched
1907,Самарская область,Хворостянский муниципальный район,matched,matched
1908,Самарская область,Челно-Вершинский муниципальный район,matched,matched
1909,Самарская область,Шенталинский муниципальный район,matched,matched
1910,Самарская область,Шигонский муниципальный район,matched,matched
1912,Саратовская область,городской округ город Шиханы,matched,matched
1915,Саратовская область,Александрово-Гайский муниципальный район,matched,matched
1916,Саратовская область,Аркадакский муниципальный район,matched,matched
1917,Саратовская область,Аткарский муниципальный район,matched,matched
1918,Саратовская область,Базарно-Карабулакский муниципальный район,matched,matched
1919,Саратовская область,Балаковский муниципальный район,matched,matched
1920,Саратовская область,Балашовский муниципальный район,matched,matched
1921,Саратовская область,Балтайский муниципальный район,matched,matched
1922,Саратовская область,Вольский муниципальный район,matched,matched
1923,Саратовская область,Воскресенский муниципальный район,matched,matched
1924,Саратовская область,Дергачевский муниципальный район,matched,matched
1925,Саратовская область,Духовницкий муниципальный район,matched,matched
1926,Саратовская область,Екатериновский муниципальный район,matched,matched
1927,Саратовская область,Ершовский муниципальный район,matched,matched
1928,Саратовская область,Ивантеевский муниципальный район,matched,matched
1929,Саратовская область,Калининский муниципальный район,matched,matched
1930,Саратовская область,Красноармейский муниципальный район,matched,matched
1931,Саратовская область,Краснокутский муниципальный район,matched,matched
1932,Саратовская область,Краснопартизанский муниципальный район,matched,matched
1933,Саратовская область,Лысогорский муниципальный район,matched,matched
1934,Саратовская область,Марксовский муниципальный район,matched,matched
1935,Саратовская область,Новобурасский муниципальный район,matched,matched
1936,Саратовская область,Новоузенский муниципальный район,matched,matched
1937,Саратовская область,Озинский муниципальный район,matched,matched
1938,Саратовская область,Перелюбский муниципальный район,matched,matched
1939,Саратовская область,Петровский муниципальный район,matched,matched
1940,Саратовская область,Питерский муниципальный район,matched,matched
1941,Саратовская область,Пугачевский муниципальный район,matched,matched
1942,Саратовская область,Ровенский муниципальный район,matched,matched
1943,Саратовская область,Романовский муниципальный район,matched,matched
1944,Саратовская область,Ртищевский муниципальный район,matched,matched
1945,Саратовская область,Самойловский муниципальный район,matched,matched
1947,Саратовская область,Советский муниципальный район,matched,matched
1948,Саратовская область,Татищевский муниципальный район,matched,matched
1949,Саратовская область,Турковский муниципальный район,matched,matched
1950,Саратовская область,Федоровский муниципальный район,matched,matched
1951,Саратовская область,Хвалынский муниципальный район,matched,matched
1952,Саратовская область,Энгельсский муниципальный район,matched,matched
1954,Сахалинская область,городской округ Александровск-Сахалинский район,matched,matched
1955,Сахалинская область,городской округ Анивский,matched,matched
1956,Сахалинская область,городской округ Долинский,matched,matched
1957,Сахалинская область,городской округ Корсаковский,matched,matched
1958,Сахалинская область,городской округ Курильский,matched,matched
1959,Сахалинская область,городской округ Макаровский,matched,matched
1960,Сахалинская область,городской округ Невельский,matched,matched
1961,Сахалинская область,городской округ Ногликский,matched,matched
1962,Сахалинская область,городской округ Охинский,matched,matched
1963,Сахалинская область,городской округ Поронайский,matched,matched
1965,Сахалинская область,городской округ Смирныховский,matched,matched
1966,Сахалинская область,городской округ Томаринский,matched,matched
1967,Сахалинская область,городской округ Тымовский,matched,matched
1968,Сахалинская область,городской округ Углегорский,matched,matched
1969,Сахалинская область,городской округ Холмский,matched,matched
1970,Сахалинская область,городской округ Южно-Курильский,matched,matched
1971,Свердловская область,городской округ город Екатеринбург,missing,matched
1972,Свердловская область,городской округ город Алапаевск,missing,matched
1973,Свердловская область,городской округ Артемовский,matched,matched
1974,Свердловская область,городской округ Асбестовский,matched,matched
1975,Свердловская область,городской округ Малышевский,matched,matched
1976,Свердловская область,городской округ Рефтинский,matched,matched
1977,Свердловская область,городской округ Березовский,matched,matched
1978,Свердловская область,городской округ Богданович,matched,matched
1979,Свердловская область,городской округ Верхняя Пышма,matched,matched
1980,Свердловская область,городской округ Среднеуральск,matched,matched
1981,Свердловская область,городской округ Верхнесалдинский,matched,matched
1982,Свердловская область,городской округ Заречный,matched,matched
1983,Свердловская область,городской округ Ивдельский,matched,matched
1984,Свердловская область,городской округ Пелым,matched,matched
1985,Свердловская область,городской округ город Ирбит,missing,matched
1986,Свердловская область,городской округ город Каменск-Уральский,matched,matched
1987,Свердловская область,городской округ Камышловский,matched,matched
1988,Свердловская область,городской округ Карпинск,matched,matched
1989,Свердловская область,городской округ Волчанский,matched,matched
1990,Свердловская область,городской округ Качканарский,matched,matched
1991,Свердловская область,городской округ Кировградский,matched,matched
1992,Свердловская область,городской округ Верхний Тагил,matched,matched
1993,Свердловская область,городской округ Краснотурьинск,matched,matched
1994,Свердловская область,городской округ Красноуральск,matched,matched
1995,Свердловская область,городской округ Красноуфимск,matched,matched
1996,Свердловская область,городской округ Кушвинский,matched,matched
1997,Свердловская область,городской округ Верхняя Тура,matched,matched
1999,Свердловская область,городской округ Невьянский,matched,matched
2000,Свердловская область,городской округ город Нижний Тагил,matched,matched
2001,Свердловская область,городской округ Нижняя Салда,matched,matched
2002,Свердловская область,городской округ Нижнетуринский,matched,matched
2004,Свердловская область,городской округ Первоуральск,matched,matched
2005,Свердловская область,городской округ Полевской,matched,matched
2006,Свердловская область,городской округ Ревда,matched,matched
2007,Свердловская область,городской округ Дегтярск,matched,matched
2008,Свердловская область,городской округ Режевской,matched,matched
2009,Свердловская область,городской округ Североуральский,matched,matched
2010,Свердловская область,городской округ Серовский,matched,matched
2011,Свердловская область,городской округ Сухой Лог,matched,matched
2012,Свердловская область,городской округ Тавдинский,matched,matched
2015,Свердловская область,городской округ Алапаевское,missing,matched
2017,Свердловская область,городской округ Артинский,matched,matched
2018,Свердловская область,городской округ Ачитский,matched,matched
2019,Свердловская область,городской округ Белоярский,matched,matched
2021,Свердловская область,городской округ Верхотурский,matched,matched
2022,Свердловская область,городской округ Гаринский,matched,matched
2023,Свердловская область,городской округ Ирбитское,missing,matched
2024,Свердловская область,городской округ Каменский,matched,matched
2025,Свердловская область,городской округ Красноуфимский округ,missing,matched
2027,Свердловская область,городской округ Бисертский,matched,matched
2028,Свердловская область,городской округ Новолялинский,matched,matched
2030,Свердловская область,городской округ Пышминский,matched,matched
2031,Свердловская область,городской округ Сосьвинский,matched,matched
2032,Свердловская область,городской округ Сысертский,matched,matched
2033,Свердловская область,городской округ Арамильский,matched,matched
2034,Свердловская область,городской округ Талицкий,matched,matched
2035,Свердловская область,городской округ Тугулымский,matched,matched
2036,Свердловская область,городской округ Туринский,matched,matched
2037,Свердловская область,городской округ Шалинский,matched,matched
2039,Свердловская область,Байкаловский муниципальный район,matched,matched
2040,Свердловская область,Камышловский муниципальный район,matched,matched
2041,Свердловская область,Слободо-Туринский муниципальный район,matched,matched
2042,Свердловская область,Нижнесергинский муниципальный район,matched,matched
2043,Свердловская область,Таборинский муниципальный район,matched,matched
2044,Смоленская область,городской округ город Смоленск,matched,matched
2045,Смоленская область,городской округ город Десногорск,matched,matched
2046,Смоленская область,Велижский муниципальный район,matched,matched
2047,Смоленская область,Вяземский муниципальный район,matched,matched
2048,Смоленская область,Гагаринский муниципальный район,matched,matched
2049,Смоленская область,Глинковский муниципальный район,matched,matched
2050,Смоленская область,Демидовский муниципальный район,matched,matched
2051,Смоленская область,Дорогобужский муниципальный район,matched,matched
2052,Смоленская область,Духовщинский муниципальный район,matched,matched
2053,Смоленская область,Ельнинский муниципальный район,matched,matched
2054,Смоленская область,Ершичский муниципальный район,matched,matched
2055,Смоленская область,Кардымовский муниципальный район,matched,matched
2056,Смоленская область,Краснинский муниципальный район,matched,matched
2057,Смоленская область,Монастырщинский муниципальный район,matched,matched
2058,Смоленская область,Новодугинский муниципальный район,matched,matched
2059,Смоленская область,Починковский муниципальный район,matched,matched
2060,Смоленская область,Рославльский муниципальный район,matched,matched
2061,Смоленская область,Руднянский муниципальный район,matched,matched
2062,Смоленская область,Сафоновский муниципальный район,matched,matched
2063,Смоленская область,Смоленский муниципальный район,matched,matched
2064,Смоленская область,Сычевский муниципальный район,matched,matched
2065,Смоленская область,Темкинский муниципальный район,matched,matched
2066,Смоленская область,Угранский муниципальный район,matched,matched
2067,Смоленская область,Хиславичский муниципальный район,matched,matched
2068,Смоленская область,Холм-Жирковский муниципальный район,matched,matched
2069,Смоленская область,Шумячский муниципальный район,matched,matched
2070,Смоленская область,Ярцевский муниципальный район,matched,matched
2072,Тамбовская область,городской округ город Кирсанов,matched,matched
2073,Тамбовская область,городской округ город Котовск,matched,matched
2074,Тамбовская область,городской округ город Мичуринск,matched,matched
2075,Тамбовская область,городской округ город Моршанск,matched,matched
2076,Тамбовская область,городской округ город Рассказово,matched,matched
2077,Тамбовская область,городской округ город Уварово,matched,matched
2078,Тамбовская область,Бондарский муниципальный округ,matched,matched
2079,Тамбовская область,Гавриловский муниципальный округ,matched,matched
2080,Тамбовская область,Жердевский муниципальный округ,matched,matched
2081,Тамбовская область,Знаменский муниципальный округ,matched,matched
2082,Тамбовская область,Инжавинский муниципальный округ,matched,matched
2085,Тамбовская область,Мордовский муниципальный округ,matched,matched
2087,Тамбовская область,Мучкапский муниципальный округ,matched,matched
2088,Тамбовская область,Никифоровский муниципальный округ,matched,matched
2089,Тамбовская область,Первомайский муниципальный округ,matched,matched
2090,Тамбовская область,Петровский муниципальный округ,matched,matched
2091,Тамбовская область,Пичаевский муниципальный округ,matched,matched
2093,Тамбовская область,Ржаксинский муниципальный округ,matched,matched
2094,Тамбовская область,Сампурский муниципальный округ,matched,matched
2095,Тамбовская область,Сосновский муниципальный округ,matched,matched
2096,Тамбовская область,Староюрьевский муниципальный округ,matched,matched
2098,Тамбовская область,Токарёвский муниципальный округ,matched,matched
2100,Тамбовская область,Умётский муниципальный округ,matched,matched
2101,Тверская область,городской округ город Тверь,matched,matched
2105,Тверская область,городской округ Осташковский,matched,matched
2108,Тверская область,городской округ город Торжок,matched,matched
2109,Тверская область,городской округ Удомельский,matched,matched
2110,Тверская область,муниципальный округ Андреапольский,matched,matched
2111,Тверская область,муниципальный округ Бежецкий,matched,matched
2112,Тверская область,муниципальный округ Бельский,matched,matched
2113,Тверская область,муниципальный округ Бологовский,matched,matched
2114,Тверская область,муниципальный округ Весьегонский,matched,matched
2116,Тверская область,муниципальный округ Жарковский,matched,matched
2117,Тверская область,муниципальный округ Западнодвинский,matched,matched
2118,Тверская область,муниципальный округ Зубцовский,matched,matched
2119,Тверская область,муниципальный округ Калининский,matched,matched
2120,Тверская область,муниципальный округ Калязинский,matched,matched
2121,Тверская область,городской округ Кашинский,matched,matched
2122,Тверская область,муниципальный округ Кесовогорский,matched,matched
2124,Тверская область,муниципальный округ Конаковский,matched,matched
2125,Тверская область,муниципальный округ Краснохолмский,matched,matched
2126,Тверская область,муниципальный округ Кувшиновский,matched,matched
2127,Тверская область,муниципальный округ Лесной,matched,matched
2128,Тверская область,муниципальный округ Лихославльский,matched,matched
2129,Тверская область,муниципальный округ Максатихинский,matched,matched
2130,Тверская область,муниципальный округ Молоковский,matched,matched
2131,Тверская область,городской округ Нелидовский,matched,matched
2132,Тверская область,муниципальный округ Оленинский,matched,matched
2133,Тверская область,муниципальный округ Пеновский,matched,matched
2134,Тверская область,муниципальный округ Рамешковский,matched,matched
2136,Тверская область,муниципальный округ Сандовский,matched,matched
2137,Тверская область,муниципальный округ Селижаровский,matched,matched
2138,Тверская область,муниципальный округ Сонковский,matched,matched
2139,Тверская область,муниципальный округ Спировский,matched,matched
2140,Тверская область,муниципальный округ Старицкий,matched,matched
2142,Тверская область,муниципальный округ Торопецкий,matched,matched
2143,Тверская область,муниципальный округ Фировский,matched,matched
2144,Томская область,городской округ город Томск,matched,matched
2145,Томская область,городской округ город Кедровый,matched,matched
2146,Томская область,городской округ город Стрежевой,matched,matched
2148,Томская область,Александровский муниципальный район,matched,matched
2149,Томская область,Асиновский муниципальный район,matched,matched
2150,Томская область,Бакчарский муниципальный район,matched,matched
2151,Томская область,Верхнекетский муниципальный район,matched,matched
2152,Томская область,Зырянский муниципальный район,matched,matched
2153,Томская область,Каргасокский муниципальный район,matched,matched
2154,Томская область,Кожевниковский муниципальный район,matched,matched
2155,Томская область,Колпашевский муниципальный район,matched,matched
2156,Томская область,Кривошеинский муниципальный район,matched,matched
2157,Томская область,Молчановский муниципальный район,matched,matched
2158,Томская область,Парабельский муниципальный район,matched,matched
2159,Томская область,Первомайский муниципальный район,matched,matched
2160,Томская область,Тегульдетский муниципальный район,matched,matched
2161,Томская область,Томский муниципальный район,matched,matched
2162,Томская область,Чаинский муниципальный район,matched,matched
2163,Томская область,Шегарский муниципальный район,matched,matched
2164,Тульская область,городской округ город Тула,matched,matched
2165,Тульская область,городской округ город Алексин,matched,matched
2167,Тульская область,городской округ город Донской,matched,matched
2168,Тульская область,городской округ город Ефремов,matched,matched
2169,Тульская область,городской округ город Новомосковск,matched,matched
2171,Тульская область,Арсеньевский муниципальный район,matched,matched
2172,Тульская область,Белевский муниципальный район,matched,matched
2173,Тульская область,Богородицкий муниципальный район,matched,matched
2174,Тульская область,Веневский муниципальный район,matched,matched
2175,Тульская область,Воловский муниципальный район,matched,matched
2176,Тульская область,Дубенский муниципальный район,matched,matched
2177,Тульская область,Заокский муниципальный район,matched,matched
2178,Тульская область,Каменский муниципальный район,matched,matched
2179,Тульская область,Кимовский муниципальный район,matched,matched
2180,Тульская область,Киреевский муниципальный район,matched,matched
2181,Тульская область,Куркинский муниципальный район,matched,matched
2182,Тульская область,Одоевский муниципальный район,matched,matched
2183,Тульская область,Плавский муниципальный район,matched,matched
2184,Тульская область,Суворовский муниципальный район,matched,matched
2185,Тульская область,Тепло-Огаревский муниципальный район,matched,matched
2186,Тульская область,Узловский муниципальный район,matched,matched
2187,Тульская область,Чернский муниципальный район,matched,matched
2188,Тульская область,Щекинский муниципальный район,matched,matched
2189,Тульская область,Ясногорский муниципальный район,matched,matched
2190,Тюменская область,городской округ город Тюмень,matched,matched
2191,Тюменская область,городской округ Заводоуковский,matched,matched
2192,Тюменская область,городской округ город Ишим,matched,matched
2193,Тюменская область,городской округ город Тобольск,matched,matched
2194,Тюменская область,городской округ город Ялуторовск,matched,matched
2195,Тюменская область,Абатский муниципальный район,matched,matched
2196,Тюменская область,Армизонский муниципальный район,matched,matched
2197,Тюменская область,Аромашевский муниципальный район,matched,matched
2198,Тюменская область,Бердюжский муниципальный район,matched,matched
2199,Тюменская область,Вагайский муниципальный район,matched,matched
2200,Тюменская область,Викуловский муниципальный район,matched,matched
2201,Тюменская область,городской округ Голышмановский,matched,matched
2202,Тюменская область,Исетский муниципальный район,matched,matched
2203,Тюменская область,Ишимский муниципальный район,matched,matched
2204,Тюменская область,Казанский муниципальный район,matched,matched
2205,Тюменская область,Нижнетавдинский муниципальный район,matched,matched
2206,Тюменская область,Омутинский муниципальный район,matched,matched
2207,Тюменская область,Сладковский муниципальный район,matched,matched
2208,Тюменская область,Сорокинский муниципальный район,matched,matched
2210,Тюменская область,Тюменский муниципальный район,matched,matched
2211,Тюменская область,Уватский муниципальный район,matched,matched
2212,Тюменская область,Упоровский муниципальный район,matched,matched
2213,Тюменская область,Юргинский муниципальный район,matched,matched
2215,Тюменская область,Ярковский муниципальный район,matched,matched
2216,Ханты-Мансийский автономный округ — Югра,городской округ город Ханты-Мансийск,matched,matched
2217,Ханты-Мансийский автономный округ — Югра,городской округ город Когалым,matched,matched
2218,Ханты-Мансийский автономный округ — Югра,городской округ город Лангепас,matched,matched
2219,Ханты-Мансийский автономный округ — Югра,городской округ город Мегион,matched,matched
2220,Ханты-Мансийский автономный округ — Югра,городской округ город Нефтеюганск,matched,matched
2221,Ханты-Мансийский автономный округ — Югра,городской округ город Нижневартовск,matched,matched
2222,Ханты-Мансийский автономный округ — Югра,городской округ город Нягань,matched,matched
2223,Ханты-Мансийский автономный округ — Югра,городской округ город Покачи,matched,matched
2224,Ханты-Мансийский автономный округ — Югра,городской округ город Пыть-Ях,matched,matched
2225,Ханты-Мансийский автономный округ — Югра,городской округ город Радужный,matched,matched
2226,Ханты-Мансийский автономный округ — Югра,городской округ город Сургут,matched,matched
2227,Ханты-Мансийский автономный округ — Югра,городской округ город Урай,matched,matched
2228,Ханты-Мансийский автономный округ — Югра,городской округ город Югорск,matched,matched
2229,Ханты-Мансийский автономный округ — Югра,Белоярский муниципальный район,matched,matched
2230,Ханты-Мансийский автономный округ — Югра,Березовский муниципальный район,matched,matched
2231,Ханты-Мансийский автономный округ — Югра,Кондинский муниципальный район,matched,matched
2232,Ханты-Мансийский автономный округ — Югра,Нефтеюганский муниципальный район,matched,matched
2233,Ханты-Мансийский автономный округ — Югра,Нижневартовский муниципальный район,matched,matched
2234,Ханты-Мансийский автономный округ — Югра,Октябрьский муниципальный район,matched,matched
2235,Ханты-Мансийский автономный округ — Югра,Советский муниципальный район,matched,matched
2236,Ханты-Мансийский автономный округ — Югра,Сургутский муниципальный район,matched,matched
2237,Ханты-Мансийский автономный округ — Югра,Ханты-Мансийский муниципальный район,matched,matched
2238,Ямало-Ненецкий автономный округ,городской округ город Салехард,matched,matched
2241,Ямало-Ненецкий автономный округ,городской округ город Муравленко,matched,matched
2242,Ямало-Ненецкий автономный округ,городской округ город Новый Уренгой,matched,matched
2243,Ямало-Ненецкий автономный округ,городской округ город Ноябрьск,matched,matched
2244,Ямало-Ненецкий автономный округ,муниципальный округ Красноселькупский район,matched,matched
2245,Ямало-Ненецкий автономный округ,муниципальный округ Надымский район,matched,matched
2248,Ямало-Ненецкий автономный округ,муниципальный округ Тазовский район,matched,matched
2249,Ямало-Ненецкий автономный округ,муниципальный округ Шурышкарский район,matched,matched
2250,Ямало-Ненецкий автономный округ,муниципальный округ Ямальский район,matched,matched
2251,Ульяновская область,городской округ город Ульяновск,matched,matched
2252,Ульяновская область,городской округ город Димитровград,matched,matched
2253,Ульяновская область,городской округ город Новоульяновск,matched,matched
2254,Ульяновская область,Базарносызганский муниципальный район,matched,matched
2255,Ульяновская область,Барышский муниципальный район,matched,matched
2256,Ульяновская область,Вешкаймский муниципальный район,matched,matched
2257,Ульяновская область,Инзенский муниципальный район,matched,matched
2258,Ульяновская область,Карсунский муниципальный район,matched,matched
2259,Ульяновская область,Кузоватовский муниципальный район,matched,matched
2260,Ульяновская область,Майнский муниципальный район,matched,matched
2262,Ульяновская область,Николаевский муниципальный район,matched,matched
2264,Ульяновская область,Новоспасский муниципальный район,matched,matched
2265,Ульяновская область,Павловский муниципальный район,matched,matched
2266,Ульяновская область,Радищевский муниципальный район,matched,matched
2267,Ульяновская область,Сенгилеевский муниципальный район,matched,matched
2268,Ульяновская область,Старокулаткинский муниципальный район,matched,matched
2269,Ульяновская область,Старомайнский муниципальный район,matched,matched
2270,Ульяновская область,Сурский муниципальный район,matched,matched
2271,Ульяновская область,Тереньгульский муниципальный район,matched,matched
2272,Ульяновская область,Ульяновский муниципальный район,matched,matched
2274,Ульяновская область,Чердаклинский муниципальный район,matched,matched
2275,Челябинская область,городской округ Челябинский,matched,matched
2276,Челябинская область,городской округ Верхнеуфалейский,matched,matched
2278,Челябинская область,городской округ Карабашский,matched,matched
2279,Челябинская область,городской округ Копейский,matched,matched
2280,Челябинская область,городской округ Кыштымский,matched,matched
2281,Челябинская область,городской округ Магнитогорский,matched,matched
2282,Челябинская область,городской округ Миасский,matched,matched
2286,Челябинская область,городской округ Троицкий,matched,matched
2287,Челябинская область,городской округ Усть-Катавский,matched,matched
2288,Челябинская область,городской округ Чебаркульский,matched,matched
2289,Челябинская область,городской округ Южноуральский,matched,matched
2292,Челябинская область,Аргаяшский муниципальный район,matched,matched
2293,Челябинская область,Ашинский муниципальный район,matched,matched
2294,Челябинская область,Брединский муниципальный район,matched,matched
2295,Челябинская область,Варненский муниципальный район,matched,matched
2296,Челябинская область,Верхнеуральский муниципальный район,matched,matched
2297,Челябинская область,Еманжелинский муниципальный район,matched,matched
2298,Челябинская область,Еткульский муниципальный район,matched,matched
2299,Челябинская область,Карталинский муниципальный район,matched,matched
2300,Челябинская область,Каслинский муниципальный район,matched,matched
2301,Челябинская область,Катав-Ивановский муниципальный район,matched,matched
2302,Челябинская область,Кизильский муниципальный район,matched,matched
2303,Челябинская область,Коркинский муниципальный округ,matched,matched
2304,Челябинская область,Красноармейский муниципальный район,matched,matched
2305,Челябинская область,Кунашакский муниципальный район,matched,matched
2307,Челябинская область,Нагайбакский муниципальный район,matched,matched
2308,Челябинская область,Нязепетровский муниципальный район,matched,matched
2309,Челябинская область,Октябрьский муниципальный район,matched,matched
2310,Челябинская область,Пластовский муниципальный район,matched,matched
2311,Челябинская область,Саткинский муниципальный район,matched,matched
2312,Челябинская область,Сосновский муниципальный район,matched,matched
2314,Челябинская область,Увельский муниципальный район,matched,matched
2315,Челябинская область,Уйский муниципальный район,matched,matched
2316,Челябинская область,Чебаркульский муниципальный район,matched,matched
2317,Челябинская область,Чесменский муниципальный район,matched,matched
2318,Ярославская область,городской округ город Ярославль,matched,matched
2320,Ярославская область,городской округ город Рыбинск,matched,matched
2321,Ярославская область,Большесельский муниципальный район,matched,matched
2322,Ярославская область,Борисоглебский муниципальный район,matched,matched
2323,Ярославская область,Брейтовский муниципальный район,matched,matched
2324,Ярославская область,Гаврилов-Ямский муниципальный район,matched,matched
2325,Ярославская область,Даниловский муниципальный район,matched,matched
2326,Ярославская область,Любимский муниципальный район,matched,matched
2327,Ярославская область,Мышкинский муниципальный район,matched,matched
2328,Ярославская область,Некоузский муниципальный район,matched,matched
2329,Ярославская область,Некрасовский муниципальный район,matched,matched
2330,Ярославская область,Первомайский муниципальный район,matched,matched
2332,Ярославская область,Пошехонский муниципальный район,matched,matched
2333,Ярославская область,Ростовский муниципальный район,matched,matched
2334,Ярославская область,Рыбинский муниципальный район,matched,matched
2335,Ярославская область,Тутаевский муниципальный район,matched,matched
2336,Ярославская область,Угличский муниципальный район,matched,matched
2337,Ярославская область,Ярославский муниципальный район,matched,matched
2338,Еврейская автономная область,городской округ город Биробиджан,matched,matched
2339,Еврейская автономная область,Биробиджанский муниципальный район,matched,matched
2340,Еврейская автономная область,Ленинский муниципальный район,matched,matched
2341,Еврейская автономная область,Облученский муниципальный район,matched,matched
2342,Еврейская автономная область,Октябрьский муниципальный район,matched,matched
2343,Еврейская автономная область,Смидовичский муниципальный район,matched,matched
2344,Чукотский автономный округ,городской округ Анадырь,matched,matched
2345,Чукотский автономный округ,городской округ Эгвекинот,matched,matched
2348,Чукотский автономный округ,Анадырский муниципальный район,matched,matched
2349,Чукотский автономный округ,Билибинский муниципальный район,matched,matched
2351,Санкт-Петербург,внутригородская территория города федерального значения муниципальный округ Коломна,matched,matched
2352,Санкт-Петербург,внутригородская территория города федерального значения муниципальный округ Сенной округ,matched,matched
2353,Санкт-Петербург,внутригородская территория города федерального значения муниципальный округ Адмиралтейский округ,matched,matched
2354,Санкт-Петербург,внутригородская территория города федерального значения муниципальный округ Семеновский,matched,matched
2355,Санкт-Петербург,внутригородская территория города федерального значения муниципальный округ Измайловское,matched,matched
2356,Санкт-Петербург,внутригородская территория города федерального значения муниципальный округ Екатерингофский,matched,matched
2357,Санкт-Петербург,внутригородская территория города федерального значения муниципальный округ № 7,matched,matched
2358,Санкт-Петербург,внутригородская территория города федерального значения муниципальный округ Васильевский,matched,matched
2359,Санкт-Петербург,внутригородская территория города федерального значения муниципальный округ Гавань,matched,matched
2360,Санкт-Петербург,внутригородская территория города федерального значения муниципальный округ Морской,matched,matched
2361,Санкт-Петербург,внутригородская территория города федерального значения муниципальный округ Остров Декабристов,matched,matched
2362,Санкт-Петербург,внутригородская территория города федерального значения поселок Левашово,matched,matched
2363,Санкт-Петербург,внутригородская территория города федерального значения поселок Парголово,matched,matched
2364,Санкт-Петербург,внутригородская территория города федерального значения муниципальный округ Сампсониевское,matched,matched
2365,Санкт-Петербург,внутригородская территория города федерального значения муниципальный округ Светлановское,matched,matched
2366,Санкт-Петербург,внутригородская территория города федерального значения муниципальный округ Сосновское,matched,matched
2367,Санкт-Петербург,внутригородская территория города федерального значения муниципальный округ № 15,matched,matched
2368,Санкт-Петербург,внутригородская территория города федерального значения муниципальный округ Сергиевское,matched,matched
2369,Санкт-Петербург,внутригородская территория города федерального значения муниципальный округ Шувалово-Озерки,matched,matched
2370,Санкт-Петербург,внутригородская территория города федерального значения поселок Лисий Нос,matched,matched
2371,Санкт-Петербург,внутригородская территория города федерального значения муниципальный округ Лахта-Ольгино,matched,matched
2372,Санкт-Петербург,внутригородская территория города федерального значения муниципальный округ № 65,matched,matched
2373,Санкт-Петербург,внутригородская территория города федерального значения муниципальный округ Ланское,matched,matched
2374,Санкт-Петербург,внутригородская территория города федерального значения муниципальный округ Комендантский аэродром,matched,matched
2375,Санкт-Петербург,внутригородская территория города федерального значения муниципальный округ Озеро Долгое,matched,matched
2376,Санкт-Петербург,внутригородская территория города федерального значения муниципальный округ Юнтолово,matched,matched
2377,Санкт-Петербург,внутригородская территория города федерального значения муниципальный округ Коломяги,matched,matched
2378,Санкт-Петербург,внутригородская территория города федерального значения муниципальный округ Гражданка,matched,matched
2379,Санкт-Петербург,внутригородская территория города федерального значения муниципальный округ Академическое,matched,matched
2380,Санкт-Петербург,внутригородская территория города федерального значения муниципальный округ Финляндский округ,matched,matched
2381,Санкт-Петербург,внутригородская территория города федерального значения муниципальный округ № 21,matched,matched
2382,Санкт-Петербург,внутригородская территория города федерального значения муниципальный округ Пискаревка,matched,matched
2383,Санкт-Петербург,внутригородская территория города федерального значения муниципальный округ Северный,matched,matched
2384,Санкт-Петербург,внутригородская территория города федерального значения муниципальный округ Прометей,matched,matched
2385,Санкт-Петербург,внутригородская территория города федерального значения муниципальный округ Княжево,matched,matched
2386,Санкт-Петербург,внутригородская территория города федерального значения муниципальный округ Ульянка,matched,matched
2387,Санкт-Петербург,внутригородская территория города федерального значения муниципальный округ Дачное,matched,matched
2388,Санкт-Петербург,внутригородская территория города федерального значения муниципальный округ Автово,matched,matched
2389,Санкт-Петербург,внутригородская территория города федерального значения муниципальный округ Нарвский округ,matched,matched
2390,Санкт-Петербург,внутригородская территория города федерального значения муниципальный округ Красненькая речка,matched,matched
2391,Санкт-Петербург,внутригородская территория города федерального значения муниципальный округ Морские ворота,matched,matched
2392,Санкт-Петербург,внутригородская территория города федерального значения город Колпино,matched,matched
2393,Санкт-Петербург,внутригородская территория города федерального значения поселок Металлострой,matched,matched
2395,Санкт-Петербург,внутригородская территория города федерального значения поселок Понтонный,matched,matched
2398,Санкт-Петербург,внутригородская территория города федерального значения муниципальный округ Полюстрово,matched,matched
2399,Санкт-Петербург,внутригородская территория города федерального значения муниципальный округ Большая Охта,matched,matched
2400,Санкт-Петербург,внутригородская территория города федерального значения муниципальный округ Малая Охта,matched,matched
2401,Санкт-Петербург,внутригородская территория города федерального значения муниципальный округ Пороховые,matched,matched
2402,Санкт-Петербург,внутригородская территория города федерального значения муниципальный округ Ржевка,matched,matched
2403,Санкт-Петербург,внутригородская территория города федерального значения город Красное Село,matched,matched
2404,Санкт-Петербург,внутригородская территория города федерального значения муниципальный округ Юго-Запад,matched,matched
2405,Санкт-Петербург,внутригородская территория города федерального значения муниципальный округ Южно-Приморский,matched,matched
2406,Санкт-Петербург,внутригородская территория города федерального значения муниципальный округ Сосновая поляна,matched,matched
2407,Санкт-Петербург,внутригородская территория города федерального значения муниципальный округ Урицк,matched,matched
2408,Санкт-Петербург,внутригородская территория города федерального значения муниципальный округ Константиновское,matched,matched
2409,Санкт-Петербург,внутригородская территория города федерального значения муниципальный округ Горелово,matched,matched
2410,Санкт-Петербург,внутригородская территория города федерального значения город Кронштадт,matched,matched
2411,Санкт-Петербург,внутригородская территория города федерального значения город Зеленогорск,matched,matched
2412,Санкт-Петербург,внутригородская территория города федерального значения город Сестрорецк,matched,matched
2416,Санкт-Петербург,внутригородская территория города федерального значения поселок Песочный,matched,matched
2422,Санкт-Петербург,внутригородская территория города федерального значения город Ломоносов,matched,matched
2423,Санкт-Петербург,внутригородская территория города федерального значения муниципальный округ Московская застава,matched,matched
2424,Санкт-Петербург,внутригородская территория города федерального значения муниципальный округ Гагаринское,matched,matched
2425,Санкт-Петербург,внутригородская территория города федерального значения муниципальный округ Новоизмайловское,matched,matched
2426,Санкт-Петербург,внутригородская территория города федерального значения муниципальный округ Пулковский меридиан,matched,matched
2427,Санкт-Петербург,внутригородская территория города федерального значения муниципальный округ Звездное,matched,matched
2428,Санкт-Петербург,внутригородская территория города федерального значения муниципальный округ Невская застава,matched,matched
2429,Санкт-Петербург,внутригородская территория города федерального значения муниципальный округ Ивановский,matched,matched
2430,Санкт-Петербург,внутригородская территория города федерального значения муниципальный округ Обуховский,matched,matched
2431,Санкт-Петербург,внутригородская территория города федерального значения муниципальный округ Рыбацкое,matched,matched
2432,Санкт-Петербург,внутригородская территория города федерального значения муниципальный округ Народный,matched,matched
2433,Санкт-Петербург,внутригородская территория города федерального значения муниципальный округ № 54,matched,matched
2434,Санкт-Петербург,внутригородская территория города федерального значения муниципальный округ Невский округ,matched,matched
2435,Санкт-Петербург,внутригородская территория города федерального значения муниципальный округ Оккервиль,matched,matched
2436,Санкт-Петербург,внутригородская территория города федерального значения муниципальный округ Правобережный,matched,matched
2437,Санкт-Петербург,внутригородская территория города федерального значения город Павловск,matched,matched
2439,Санкт-Петербург,внутригородская территория города федерального значения муниципальный округ Введенский,matched,matched
2440,Санкт-Петербург,внутригородская территория города федерального значения муниципальный округ Кронверкское,matched,matched
2441,Санкт-Петербург,внутригородская территория города федерального значения муниципальный округ Посадский,matched,matched
2442,Санкт-Петербург,внутригородская территория города федерального значения муниципальный округ Аптекарский остров,matched,matched
2443,Санкт-Петербург,внутригородская территория города федерального значения муниципальный округ округ Петровский,matched,matched
2444,Санкт-Петербург,внутригородская территория города федерального значения муниципальный округ Чкаловское,matched,matched
2445,Санкт-Петербург,внутригородская территория города федерального значения город Петергоф,matched,matched
2446,Санкт-Петербург,внутригородская территория города федерального значения поселок Стрельна,matched,matched
2447,Санкт-Петербург,внутригородская территория города федерального значения город Пушкин,matched,matched
2449,Санкт-Петербург,внутригородская территория города федерального значения поселок Шушары,matched,matched
2450,Санкт-Петербург,внутригородская территория города федерального значения муниципальный округ Волковское,matched,matched
2451,Санкт-Петербург,внутригородская территория города федерального значения муниципальный округ № 72,matched,matched
2452,Санкт-Петербург,внутригородская территория города федерального значения муниципальный округ Купчино,matched,matched
2453,Санкт-Петербург,внутригородская территория города федерального значения муниципальный округ Георгиевский,matched,matched
2454,Санкт-Петербург,внутригородская территория города федерального значения муниципальный округ № 75,matched,matched
2455,Санкт-Петербург,внутригородская территория города федерального значения муниципальный округ Балканский,matched,matched
2456,Санкт-Петербург,внутригородская территория города федерального значения муниципальный округ Дворцовый округ,matched,matched
2457,Санкт-Петербург,внутригородская территория города федерального значения муниципальный округ № 78,matched,matched
2458,Санкт-Петербург,внутригородская территория города федерального значения муниципальный округ Литейный округ,matched,matched
2459,Санкт-Петербург,внутригородская территория города федерального значения муниципальный округ Смольнинское,matched,matched
2460,Санкт-Петербург,внутригородская территория города федерального значения муниципальный округ Лиговка-Ямская,matched,matched
2461,Санкт-Петербург,внутригородская территория города федерального значения муниципальный округ Владимирский округ,matched,matched
2462,Москва,внутригородская территория города федерального значения муниципальный округ Богородское,matched,matched
2463,Москва,внутригородская территория города федерального значения муниципальный округ Вешняки,matched,matched
2464,Москва,внутригородская территория города федерального значения муниципальный округ Восточное Измайлово,matched,matched
2465,Москва,внутригородская территория города федерального значения муниципальный округ Восточный,matched,matched
2466,Москва,внутригородская территория города федерального значения муниципальный округ Гольяново,matched,matched
2467,Москва,внутригородская территория города федерального значения муниципальный округ Ивановское,matched,matched
2468,Москва,внутригородская территория города федерального значения муниципальный округ Измайлово,matched,matched
2469,Москва,внутригородская территория города федерального значения муниципальный округ Косино-Ухтомский,matched,matched
2470,Москва,внутригородская территория города федерального значения муниципальный округ Новогиреево,matched,matched
2471,Москва,внутригородская территория города федерального значения муниципальный округ Новокосино,matched,matched
2472,Москва,внутригородская территория города федерального значения муниципальный округ Метрогородок,matched,matched
2473,Москва,внутригородская территория города федерального значения муниципальный округ Перово,matched,matched
2474,Москва,внутригородская территория города федерального значения муниципальный округ Северное Измайлово,matched,matched
2475,Москва,внутригородская территория города федерального значения муниципальный округ Соколиная гора,matched,matched
2476,Москва,внутригородская территория города федерального значения муниципальный округ Сокольники,matched,matched
2477,Москва,внутригородская территория города федерального значения муниципальный округ Преображенское,matched,matched
2478,Москва,внутригородская территория города федерального значения муниципальный округ Внуково,matched,matched
2479,Москва,внутригородская территория города федерального значения муниципальный округ Дорогомилово,matched,matched
2480,Москва,внутригородская территория города федерального значения муниципальный округ Крылатское,matched,matched
2481,Москва,внутригородская территория города федерального значения муниципальный округ Кунцево,matched,matched
2482,Москва,внутригородская территория города федерального значения муниципальный округ Можайский,matched,matched
2483,Москва,внутригородская территория города федерального значения муниципальный округ Ново-Переделкино,matched,matched
2484,Москва,внутригородская территория города федерального значения муниципальный округ Очаково-Матвеевское,matched,matched
2485,Москва,внутригородская территория города федерального значения муниципальный округ Проспект Вернадского,matched,matched
2486,Москва,внутригородская территория города федерального значения муниципальный округ Раменки,matched,matched
2487,Москва,внутригородская территория города федерального значения муниципальный округ Солнцево,matched,matched
2488,Москва,внутригородская территория города федерального значения муниципальный округ Тропарево-Никулино,matched,matched
2489,Москва,внутригородская территория города федерального значения муниципальный округ Филевский парк,matched,matched
2490,Москва,внутригородская территория города федерального значения муниципальный округ Фили-Давыдково,matched,matched
2491,Москва,внутригородская территория города федерального значения муниципальный округ Крюково,matched,matched
2492,Москва,внутригородская территория города федерального значения муниципальный округ Матушкино,matched,matched
2493,Москва,внутригородская территория города федерального значения муниципальный округ Силино,matched,matched
2494,Москва,внутригородская территория города федерального значения муниципальный округ Аэропорт,matched,matched
2495,Москва,внутригородская территория города федерального значения муниципальный округ Беговой,matched,matched
2496,Москва,внутригородская территория города федерального значения муниципальный округ Бескудниковский,matched,matched
2497,Москва,внутригородская территория города федерального значения муниципальный округ Войковский,matched,matched
2498,Москва,внутригородская территория города федерального значения муниципальный округ Восточное Дегунино,matched,matched
2499,Москва,внутригородская территория города федерального значения муниципальный округ Головинский,matched,matched
2500,Москва,внутригородская территория города федерального значения муниципальный округ Дмитровский,matched,matched
2501,Москва,внутригородская территория города федерального значения муниципальный округ Западное Дегунино,matched,matched
2502,Москва,внутригородская территория города федерального значения муниципальный округ Коптево,matched,matched
2503,Москва,внутригородская территория города федерального значения муниципальный округ Левобережный,matched,matched
2504,Москва,внутригородская территория города федерального значения муниципальный округ Молжаниновский,matched,matched
2505,Москва,внутригородская территория города федерального значения муниципальный округ Савеловский,matched,matched
2506,Москва,внутригородская территория города федерального значения муниципальный округ Сокол,matched,matched
2507,Москва,внутригородская территория города федерального значения муниципальный округ Тимирязевский,matched,matched
2508,Москва,внутригородская территория города федерального значения муниципальный округ Ховрино,matched,matched
2509,Москва,внутригородская территория города федерального значения муниципальный округ Хорошевский,matched,matched
2510,Москва,внутригородская территория города федерального значения муниципальный округ Алексеевский,matched,matched
2511,Москва,внутригородская территория города федерального значения муниципальный округ Алтуфьевский,matched,matched
2512,Москва,внутригородская территория города федерального значения муниципальный округ Бабушкинский,matched,matched
2513,Москва,внутригородская территория города федерального значения муниципальный округ Бибирево,matched,matched
2514,Москва,внутригородская территория города федерального значения муниципальный округ Бутырский,matched,matched
2515,Москва,внутригородская территория города федерального значения муниципальный округ Лианозово,matched,matched
2516,Москва,внутригородская территория города федерального значения муниципальный округ Лосиноостровский,matched,matched
2517,Москва,внутригородская территория города федерального значения муниципальный округ Марфино,matched,matched
2518,Москва,внутригородская территория города федерального значения муниципальный округ Марьина роща,matched,matched
2519,Москва,внутригородская территория города федерального значения муниципальный округ Останкинский,matched,matched
2520,Москва,внутригородская территория города федерального значения муниципальный округ Отрадное,matched,matched
2521,Москва,внутригородская территория города федерального значения муниципальный округ Ростокино,matched,matched
2522,Москва,внутригородская территория города федерального значения муниципальный округ Свиблово,matched,matched
2523,Москва,внутригородская территория города федерального значения муниципальный округ Северное Медведково,missing,matched
2524,Москва,внутригородская территория города федерального значения муниципальный округ Северный,missing,matched
2525,Москва,внутригородская территория города федерального значения муниципальный округ Южное Медведково,matched,matched
2526,Москва,внутригородская территория города федерального значения муниципальный округ Ярославский,matched,matched
2527,Москва,внутригородская территория города федерального значения муниципальный округ Куркино,matched,matched
2528,Москва,внутригородская территория города федерального значения муниципальный округ Митино,matched,matched
2529,Москва,внутригородская территория города федерального значения муниципальный округ Покровское-Стрешнево,matched,matched
2530,Москва,внутригородская территория города федерального значения муниципальный округ Северное Тушино,matched,matched
2531,Москва,внутригородская территория города федерального значения муниципальный округ Строгино,matched,matched
2532,Москва,внутригородская территория города федерального значения муниципальный округ Хорошево-Мневники,matched,matched
2533,Москва,внутригородская территория города федерального значения муниципальный округ Щукино,matched,matched
2534,Москва,внутригородская территория города федерального значения муниципальный округ Южное Тушино,matched,matched
2535,Москва,внутригородская территория города федерального значения муниципальный округ Арбат,matched,matched
2536,Москва,внутригородская территория города федерального значения муниципальный округ Басманный,matched,matched
2537,Москва,внутригородская территория города федерального значения муниципальный округ Замоскворечье,matched,matched
2538,Москва,внутригородская территория города федерального значения муниципальное образование Савелки,matched,matched
2539,Москва,внутригородская территория города федерального значения муниципальный округ Красносельский,matched,matched
2540,Москва,внутригородская территория города федерального значения муниципальный округ Мещанский,matched,matched
2541,Москва,внутригородская территория города федерального значения муниципальный округ Пресненский,matched,matched
2542,Москва,внутригородская территория города федерального значения муниципальный округ Таганский,matched,matched
2543,Москва,внутригородская территория города федерального значения муниципальный округ Тверской,matched,matched
2544,Москва,внутригородская территория города федерального значения муниципальный округ Хамовники,matched,matched
2545,Москва,внутригородская территория города федерального значения муниципальный округ Якиманка,matched,matched
2546,Москва,внутригородская территория города федерального значения муниципальный округ Выхино-Жулебино,matched,matched
2547,Москва,внутригородская территория города федерального значения муниципальный округ Капотня,matched,matched
2548,Москва,внутригородская территория города федерального значения муниципальный округ Кузьминки,matched,matched
2549,Москва,внутригородская территория города федерального значения муниципальный округ Лефортово,matched,matched
2550,Москва,внутригородская территория города федерального значения муниципальный округ Люблино,matched,matched
2551,Москва,внутригородская территория города федерального значения муниципальный округ Марьино,matched,matched
2552,Москва,внутригородская территория города федерального значения муниципальный округ Некрасовка,matched,matched
2553,Москва,внутригородская территория города федерального значения муниципальный округ Нижегородский,matched,matched
2554,Москва,внутригородская территория города федерального значения муниципальный округ Печатники,matched,matched
2555,Москва,внутригородская территория города федерального значения муниципальный округ Рязанский,matched,matched
2556,Москва,внутригородская территория города федерального значения муниципальный округ Текстильщики,matched,matched
2557,Москва,внутригородская территория города федерального значения муниципальный округ Южнопортовый,matched,matched
2558,Москва,внутригородская территория города федерального значения муниципальный округ Академический,matched,matched
2559,Москва,внутригородская территория города федерального значения муниципальный округ Гагаринский,matched,matched
2560,Москва,внутригородская территория города федерального значения муниципальный округ Зюзино,matched,matched
2561,Москва,внутригородская территория города федерального значения муниципальный округ Коньково,matched,matched
2562,Москва,внутригородская территория города федерального значения муниципальный округ Котловка,matched,matched
2563,Москва,внутригородская территория города федерального значения муниципальный округ Ломоносовский,matched,matched
2564,Москва,внутригородская территория города федерального значения муниципальный округ Обручевский,matched,matched
2565,Москва,внутригородская территория города федерального значения муниципальный округ Северное Бутово,matched,matched
2566,Москва,внутригородская территория города федерального значения муниципальный округ Теплый Стан,matched,matched
2567,Москва,внутригородская территория города федерального значения муниципальный округ Черемушки,matched,matched
2568,Москва,внутригородская территория города федерального значения муниципальный округ Южное Бутово,matched,matched
2569,Москва,внутригородская территория города федерального значения муниципальный округ Ясенево,matched,matched
2570,Москва,внутригородская территория города федерального значения муниципальный округ Бирюлево Восточное,matched,matched
2571,Москва,внутригородская территория города федерального значения муниципальный округ Бирюлево Западное,matched,matched
2572,Москва,внутригородская территория города федерального значения муниципальный округ Братеево,matched,matched
2573,Москва,внутригородская территория города федерального значения муниципальный округ Даниловский,matched,matched
2574,Москва,внутригородская территория города федерального значения муниципальный округ Донской,matched,matched
2575,Москва,внутригородская территория города федерального значения муниципальный округ Зябликово,matched,matched
2576,Москва,внутригородская территория города федерального значения муниципальный округ Москворечье-Сабурово,matched,matched
2577,Москва,внутригородская территория города федерального значения муниципальный округ Нагатино-Садовники,matched,matched
2578,Москва,внутригородская территория города федерального значения муниципальный округ Нагатинский затон,matched,matched
2579,Москва,внутригородская территория города федерального значения муниципальный округ Нагорный,matched,matched
2580,Москва,внутригородская территория города федерального значения муниципальный округ Орехово-Борисово Северное,matched,matched
2581,Москва,внутригородская территория города федерального значения муниципальный округ Орехово-Борисово Южное,matched,matched
2582,Москва,внутригородская территория города федерального значения муниципальный округ Царицыно,matched,matched
2583,Москва,внутригородская территория города федерального значения муниципальный округ Чертаново Северное,matched,matched
2584,Москва,внутригородская территория города федерального значения муниципальный округ Чертаново Центральное,matched,matched
2585,Москва,внутригородская территория города федерального значения муниципальный округ Чертаново Южное,matched,matched
2586,Москва,внутригородская территория города федерального значения муниципальный округ Старое Крюково,matched,matched
2587,Москва,внутригородская территория города федерального значения городской округ Троицк,matched,matched
2588,Москва,внутригородская территория города федерального значения городской округ Щербинка,matched,matched
2589,Москва,внутригородская территория города федерального значения поселение Внуковское,matched,matched
2590,Москва,внутригородская территория города федерального значения поселение Воскресенское,matched,matched
2591,Москва,внутригородская территория города федерального значения поселение Вороновское,matched,matched
2592,Москва,внутригородская территория города федерального значения поселение Десеновское,matched,matched
2593,Москва,внутригородская территория города федерального значения поселение Киевский,matched,matched
2595,Москва,внутригородская территория города федерального значения поселение Кокошкино,matched,matched
2596,Москва,внутригородская территория города федерального значения поселение Краснопахорское,matched,matched
2597,Москва,внутригородская территория города федерального значения поселение Марушкинское,matched,matched
2598,Москва,внутригородская территория города федерального значения поселение Михайлово-Ярцевское,matched,matched
2599,Москва,внутригородская территория города федерального значения поселение Московский,matched,matched
2600,Москва,"внутригородская территория города федерального значения поселение Мосрентген""""",matched,matched
2601,Москва,внутригородская территория города федерального значения поселение Новофедоровское,matched,matched
2602,Москва,внутригородская территория города федерального значения поселение Первомайское,matched,matched
2604,Москва,внутригородская территория города федерального значения поселение Рязановское,matched,matched
2605,Москва,внутригородская территория города федерального значения поселение Сосенское,matched,matched
2606,Москва,внутригородская территория города федерального значения поселение Филимонковское,matched,matched
2607,Москва,внутригородская территория города федерального значения поселение Щаповское,matched,matched
2618,Костромская область,Мантуровский муниципальный округ,matched,matched
2619,Ярославская область,городской округ город Переславль-Залесский,matched,matched
2620,Пермский край,городской округ Соликамский,matched,matched
2621,Пермский край,городской округ город Березники,matched,matched
2644,Московская область,городской округ Серпухов,matched,matched
2646,Калужская область,городской округ город Обнинск,matched,matched
2647,Калужская область,Боровский муниципальный район,missing,matched
2648,Московская область,городской округ Лосино-Петровский,matched,matched
2649,Московская область,городской округ Щёлково,matched,matched
2651,Московская область,городской округ Одинцовский,matched,matched
2652,Московская область,городской округ Орехово-Зуевский,matched,matched
2710,Тверская область,городской округ Вышневолоцкий,matched,matched
2808,Московская область,городской округ Коломна,matched,matched
2809,Пермский край,муниципальный округ Кунгурский,matched,matched
2813,Московская область,городской округ Шатура,matched,matched
2814,Московская область,городской округ Пушкинский,matched,matched
2872,Ямало-Ненецкий автономный округ,муниципальный округ Приуральский район,matched,matched
2876,Ставропольский край,городской округ город-курорт Кисловодск,matched,matched
2879,Ямало-Ненецкий автономный округ,городской округ город Губкинский,matched,matched
2880,Ямало-Ненецкий автономный округ,городской округ город Лабытнанги,matched,matched
2881,Ставропольский край,Предгорный муниципальный округ,matched,matched
2882,Ямало-Ненецкий автономный округ,муниципальный округ Пуровский район,matched,matched
2883,Тверская область,муниципальный округ Кимрский,matched,matched
2884,Тверская область,муниципальный округ Ржевский,matched,matched
2885,Пермский край,муниципальный округ Кудымкарский,matched,matched
2886,Пермский край,муниципальный округ Губахинский,matched,matched
2887,Саратовская область,городской округ город Саратов,matched,matched
3005,Нижегородская область,городской округ город Арзамас,matched,matched
3007,Кемеровская область,Прокопьевский муниципальный округ,matched,matched
3009,Тамбовская область,городской округ город Тамбов,matched,matched
3011,Челябинская область,городской округ Златоустовский,matched,matched
3012,Челябинская область,Кусинский муниципальный район,matched,matched
3013,Московская область,городской округ Солнечногорск,matched,matched
