territory_id,year,oktmo,metric,source_values,population,status
1,2023,79701000,income,71873302.0,163766.0,ok
1,2024,79701000,income,79963645.0,161898.0,ok
2,2023,79703000,income,4677712.0,15614.0,ok
2,2024,79703000,income,4942096.0,15661.0,ok
3,2023,79605000,income,9824452.0,31933.0,ok
3,2024,79605000,income,9926621.0,31872.0,ok
4,2023,79615000,income,7039347.0,30153.0,ok
4,2024,79615000,income,6180129.0,30319.0,ok
5,2023,79618000,income,9344915.0,31977.0,ok
5,2024,79618000,income,8033329.0,32095.0,ok
6,2023,79622000,income,13097587.0,58793.0,ok
6,2024,79622000,income,14188239.0,59156.0,ok
7,2023,79630000,income,42211995.0,127291.0,ok
7,2024,79630000,income,54580822.0,131043.0,ok
8,2023,79633000,income,8212685.0,22196.0,ok
8,2024,79633000,income,9698043.0,22260.0,ok
9,2023,79640000,income,4523463.0,16262.0,ok
9,2024,79640000,income,4044937.0,16287.0,ok
10,2023,84701000,income,34877600.0,64957.0,ok
10,2024,84701000,income,45734467.0,64508.0,ok
11,2023,84610000,income,5876616.0,18512.0,ok
11,2024,84610000,income,6885164.0,18620.0,ok
12,2023,84615000,income,16506869.0,30665.0,ok
12,2024,84615000,income,21486022.0,30941.0,ok
13,2023,84620000,income,3763640.0,14049.0,ok
13,2024,84620000,income,4230148.0,14025.0,ok
14,2023,84625000,income,4434026.0,10960.0,ok
14,2024,84625000,income,5281913.0,10794.0,ok
15,2023,84630000,income,3378323.0,11798.0,ok
15,2024,84630000,income,4106854.0,11926.0,ok
16,2023,84635000,income,3677683.0,14297.0,ok
16,2024,84635000,income,4236320.0,14207.0,ok
17,2023,84640000,income,4540108.0,15691.0,ok
17,2024,84640000,income,5137372.0,15634.0,ok
18,2023,84643000,income,4945343.0,10394.0,ok
18,2024,84643000,income,8050344.0,10557.0,ok
19,2023,84645000,income,2396624.0,7471.0,ok
19,2024,84645000,income,2582620.0,7439.0,ok
20,2023,84650000,income,3301559.0,11975.0,ok
20,2024,84650000,income,3487447.0,12114.0,ok
21,2023,80701000,income,678584913.0,1180979.0,ok
21,2024,80701000,income,884670767.0,1186715.0,ok
22,2023,80703000,income,3469479.0,14002.0,ok
22,2024,80703000,income,4398317.0,13728.0,ok
23,2023,80723000,income,18133226.0,61699.0,ok
23,2024,80723000,income,22059565.0,61143.0,ok
25,2023,80727000,income,49938473.0,144006.0,ok
25,2024,80727000,income,58567395.0,144598.0,ok
26,2023,80735000,income,44952744.0,116282.0,ok
26,2024,80735000,income,53032291.0,116427.0,ok
27,2023,80739000,income,51167885.0,147296.0,ok
27,2024,80739000,income,62390505.0,146633.0,ok
28,2023,80743000,income,14759742.0,56930.0,ok
28,2024,80743000,income,17567437.0,56470.0,ok
29,2023,80745000,income,93157094.0,279174.0,ok
29,2024,80745000,income,115286167.0,280497.0,ok
30,2023,80601000,income,10944801.0,44334.0,ok
30,2024,80601000,income,12729643.0,43983.0,ok
31,2023,80602000,income,12819896.0,36055.0,ok
31,2024,80602000,income,11378681.0,35536.0,ok
32,2023,80603000,income,3910435.0,16847.0,ok
32,2024,80603000,income,4876791.0,16616.0,ok
33,2023,80604000,income,4305253.0,17773.0,ok
33,2024,80604000,income,5227110.0,17418.0,ok
34,2023,80605000,income,6912435.0,30429.0,ok
34,2024,80605000,income,8511344.0,29757.0,ok
35,2023,80606000,income,12359193.0,54122.0,ok
35,2024,80606000,income,13904956.0,53399.0,ok
36,2023,80607000,income,5708082.0,25010.0,ok
36,2024,80607000,income,7816848.0,24813.0,ok
37,2023,80608000,income,3960657.0,18156.0,ok
37,2024,80608000,income,5210167.0,17837.0,ok
38,2023,80609000,income,25778024.0,95852.0,ok
38,2024,80609000,income,27051632.0,94978.0,ok
39,2023,80610000,income,3880761.0,17583.0,ok
39,2024,80610000,income,4484545.0,17369.0,ok
40,2023,80611000,income,31421796.0,97873.0,ok
40,2024,80611000,income,35780998.0,96915.0,ok
41,2023,80612000,income,5686183.0,21362.0,ok
41,2024,80612000,income,6776521.0,20951.0,ok
42,2023,80613000,income,12961664.0,61865.0,ok
42,2024,80613000,income,13753684.0,61478.0,ok
43,2023,80614000,income,6034741.0,24138.0,ok
43,2024,80614000,income,6874407.0,23850.0,ok
44,2023,80615000,income,18626756.0,49148.0,ok
44,2024,80615000,income,20643658.0,48718.0,ok
45,2023,80617000,income,7989208.0,25725.0,ok
45,2024,80617000,income,8669275.0,25432.0,ok
46,2023,80618000,income,5822400.0,21217.0,ok
46,2024,80618000,income,11408713.0,20840.0,ok
47,2023,80619000,income,3610338.0,17298.0,ok
47,2024,80619000,income,4021943.0,17061.0,ok
48,2023,80621000,income,6801360.0,30022.0,ok
48,2024,80621000,income,7795950.0,29525.0,ok
49,2023,80622000,income,9858849.0,36195.0,ok
49,2024,80622000,income,9869984.0,35565.0,ok
50,2023,80623000,income,7016444.0,30827.0,ok
50,2024,80623000,income,7920490.0,30750.0,ok
51,2023,80624000,income,15261287.0,59679.0,ok
51,2024,80624000,income,18853475.0,59179.0,ok
52,2023,80625000,income,3460090.0,14689.0,ok
52,2024,80625000,income,3753028.0,14369.0,ok
53,2023,80626000,income,4894202.0,23890.0,ok
53,2024,80626000,income,5771137.0,23381.0,ok
54,2023,80627000,income,2994665.0,14560.0,ok
54,2024,80627000,income,3720509.0,14231.0,ok
55,2023,80628000,income,17754224.0,70277.0,ok
55,2024,80628000,income,23449335.0,71099.0,ok
56,2023,80630000,income,8195672.0,30701.0,ok
56,2024,80630000,income,10211984.0,30405.0,ok
57,2023,80631000,income,23662530.0,83847.0,ok
57,2024,80631000,income,27306740.0,82948.0,ok
58,2023,80633000,income,5548898.0,21551.0,ok
58,2024,80633000,income,6942809.0,21101.0,ok
59,2023,80634000,income,5582551.0,23589.0,ok
59,2024,80634000,income,5886066.0,23105.0,ok
60,2023,80635000,income,11164497.0,51986.0,ok
60,2024,80635000,income,13706960.0,51575.0,ok
61,2023,80636000,income,3541423.0,16478.0,ok
61,2024,80636000,income,3929776.0,16339.0,ok
62,2023,80637000,income,7734218.0,25683.0,ok
62,2024,80637000,income,9583296.0,25332.0,ok
63,2023,80638000,income,6250529.0,26845.0,ok
63,2024,80638000,income,6953945.0,26359.0,ok
65,2023,80640000,income,6020630.0,26704.0,ok
65,2024,80640000,income,7151787.0,26370.0,ok
66,2023,80641000,income,22693146.0,80565.0,ok
66,2024,80641000,income,24417619.0,79609.0,ok
67,2023,80642000,income,4595230.0,22158.0,ok
67,2024,80642000,income,5046986.0,21838.0,ok
68,2023,80643000,income,4037732.0,21188.0,ok
68,2024,80643000,income,5248110.0,20716.0,ok
69,2023,80644000,income,5842695.0,23590.0,ok
69,2024,80644000,income,7349069.0,23086.0,ok
70,2023,80645000,income,4623479.0,20228.0,ok
70,2024,80645000,income,6439635.0,19945.0,ok
71,2023,80647000,income,5779032.0,23700.0,ok
71,2024,80647000,income,6850144.0,23304.0,ok
72,2023,80648000,income,4004341.0,16744.0,ok
72,2024,80648000,income,4693893.0,16360.0,ok
73,2023,80649000,income,12769924.0,47644.0,ok
73,2024,80649000,income,16750063.0,47531.0,ok
74,2023,80650000,income,5175168.0,21097.0,ok
74,2024,80650000,income,7879876.0,20679.0,ok
75,2023,80651000,income,39858501.0,131554.0,ok
75,2024,80651000,income,43950763.0,130733.0,ok
76,2023,80652000,income,45932613.0,114453.0,ok
76,2024,80652000,income,58035762.0,117125.0,ok
77,2023,80653000,income,23429849.0,69195.0,ok
77,2024,80653000,income,32499578.0,68451.0,ok
78,2023,80654000,income,3271023.0,15783.0,ok
78,2024,80654000,income,3705609.0,15491.0,ok
79,2023,80655000,income,9940884.0,29895.0,ok
79,2024,80655000,income,11706134.0,29249.0,ok
80,2023,80656000,income,6914655.0,27968.0,ok
80,2024,80656000,income,8550039.0,27671.0,ok
81,2023,80657000,income,13095803.0,50859.0,ok
81,2024,80657000,income,15737849.0,50536.0,ok
82,2023,80658000,income,4631041.0,19000.0,ok
82,2024,80658000,income,5129723.0,18637.0,ok
83,2023,80659000,income,11115050.0,42880.0,ok
83,2024,80659000,income,12734535.0,42391.0,ok
167,2023,83701000,income,103436509.0,271656.0,ok
167,2024,83701000,income,83450585.0,271464.0,ok
168,2023,83703000,income,12655382.0,60724.0,ok
168,2024,83703000,income,12571534.0,61043.0,ok
169,2023,83710000,income,14133054.0,59778.0,ok
169,2024,83710000,income,14868480.0,60023.0,ok
173,2023,83620000,income,9096109.0,37828.0,ok
173,2024,83620000,income,7994572.0,37609.0,ok
181,2023,85605000,income,,13530.0,missing
181,2024,85605000,income,54374619.0,13573.0,ok
184,2023,85615000,income,,18310.0,missing
184,2024,85615000,income,70728604.0,18650.0,ok
185,2023,85620000,income,,9207.0,missing
185,2024,85620000,income,32843671.0,9256.0,ok
188,2023,85632000,income,,11043.0,missing
188,2024,85632000,income,81909818.0,11466.0,value_review
191,2023,85646000,income,,8828.0,missing
191,2024,85646000,income,31756546.0,8903.0,ok
194,2023,91701000,income,52933770.379716836,112789.0,ok
194,2024,91701000,income,61823366.0,112782.0,ok
195,2023,91705000,income,7114904.958532319,41060.0,ok
195,2024,91705000,income,7826650.0,41150.0,ok
196,2023,91601000,income,3258058.7602192527,17867.0,ok
196,2024,91601000,income,3933069.0,18121.0,ok
198,2023,91610000,income,9066978.129703736,53819.0,ok
198,2024,91610000,income,10538073.0,53555.0,ok
201,2023,91623000,income,2795692.8458436592,16443.0,ok
201,2024,91623000,income,2654750.0,16400.0,ok
203,2023,91630000,income,5823810.834460091,24282.0,ok
203,2024,91630000,income,6855476.0,24072.0,ok
204,2023,91635000,income,12967590.263608051,50777.0,ok
204,2024,91635000,income,8904067.0,50870.0,ok
205,2023,91640000,income,4901673.104804462,30929.0,ok
205,2024,91640000,income,4732006.0,31020.0,ok
206,2023,86701000,income,152240394.0,235793.0,ok
206,2024,86701000,income,181213557.0,235694.0,ok
207,2023,86706000,income,20137766.0,26531.0,ok
207,2024,86706000,income,25159578.0,26470.0,ok
208,2023,86604000,income,7702867.0,12546.0,ok
209,2023,86609000,income,2917048.0,5939.0,ok
209,2024,86609000,income,3025159.0,5888.0,ok
210,2023,86612000,income,8077206.0,12715.0,ok
210,2024,86612000,income,8749377.0,12493.0,ok
211,2023,86615000,income,18268231.0,31671.0,ok
211,2024,86615000,income,19429503.0,31368.0,ok
212,2023,86618000,income,5639136.0,10709.0,ok
212,2024,86618000,income,7099388.0,10502.0,ok
213,2023,86621000,income,5572766.0,10289.0,ok
213,2024,86621000,income,6328012.0,10092.0,ok
214,2023,86624000,income,11037432.0,23931.0,ok
214,2024,86624000,income,13302051.0,23603.0,ok
215,2023,86627000,income,3567489.0,7903.0,ok
215,2024,86627000,income,3852614.0,7695.0,ok
216,2023,86630000,income,7230530.0,18662.0,ok
216,2024,86630000,income,8371131.0,18460.0,ok
217,2023,86633000,income,7963278.0,14735.0,ok
218,2023,86636000,income,12547608.0,21994.0,ok
218,2024,86636000,income,14843435.0,21969.0,ok
219,2023,86639000,income,5569397.0,12259.0,ok
219,2024,86639000,income,6589494.0,12023.0,ok
220,2023,86642000,income,5340506.0,14351.0,ok
220,2024,86642000,income,6519204.0,13907.0,ok
221,2023,86645000,income,14514276.0,31609.0,ok
222,2023,86610000,income,13282710.0,23825.0,ok
222,2024,86610000,income,18484659.0,23603.0,ok
224,2023,87701000,income,148729549.0,233105.0,ok
224,2024,87701000,income,181921919.0,232811.0,ok
225,2023,87710000,income,46233635.0,67702.0,ok
225,2024,87710000,income,51766341.0,67547.0,ok
226,2023,87712000,income,8031011.0,10365.0,ok
227,2023,87715000,income,12975671.0,21092.0,ok
227,2024,87715000,income,15090019.0,20870.0,ok
228,2023,87723000,income,49864496.0,36025.0,ok
229,2023,87725000,income,69931057.0,94168.0,ok
229,2024,87725000,income,,93096.0,missing
230,2023,87604000,income,7386034.0,16294.0,ok
230,2024,87604000,income,8615402.0,16187.0,ok
231,2023,87608000,income,9081871.0,15250.0,ok
231,2024,87608000,income,10501469.0,14981.0,ok
232,2023,87612000,income,3093107.0,7571.0,ok
232,2024,87612000,income,3371099.0,7470.0,ok
233,2023,87616000,income,6445489.0,18538.0,ok
233,2024,87616000,income,7919846.0,18232.0,ok
234,2023,87620000,income,28461057.0,42796.0,ok
234,2024,87620000,income,34117675.0,42164.0,ok
235,2023,87624000,income,7948725.0,17418.0,ok
235,2024,87624000,income,8727216.0,17018.0,ok
236,2023,87626000,income,18740678.0,34217.0,ok
236,2024,87626000,income,20348135.0,33872.0,ok
237,2023,87628000,income,10403512.0,21432.0,ok
237,2024,87628000,income,12501806.0,21442.0,ok
238,2023,87632000,income,5107356.0,11753.0,ok
238,2024,87632000,income,6054060.0,11592.0,ok
239,2023,87636000,income,2951547.0,9676.0,ok
239,2024,87636000,income,5075183.0,9461.0,ok
240,2023,87640000,income,5551144.0,12529.0,ok
240,2024,87640000,income,6382884.0,12261.0,ok
241,2023,87644000,income,12908489.0,23861.0,ok
241,2024,87644000,income,13370134.0,23548.0,ok
242,2023,87648000,income,8546023.0,22164.0,ok
242,2024,87648000,income,10280653.0,21766.0,ok
243,2023,87652000,income,4553996.0,10478.0,ok
243,2024,87652000,income,5203437.0,10360.0,ok
269,2023,88701000,income,125012307.0,294128.0,ok
269,2024,88701000,income,158118167.0,295711.0,ok
270,2023,88705000,income,21469432.0,52164.0,ok
270,2024,88705000,income,25779351.0,51634.0,ok
271,2023,88715000,income,7559673.0,19355.0,ok
271,2024,88715000,income,9388739.0,19054.0,ok
272,2023,88604000,income,4634274.0,20633.0,ok
272,2024,88604000,income,5490099.0,20454.0,ok
273,2023,88608000,income,4694417.0,19891.0,ok
273,2024,88608000,income,4933217.0,19578.0,ok
274,2023,88612000,income,12694059.0,38830.0,ok
274,2024,88612000,income,15190951.0,38471.0,ok
275,2023,88616000,income,2716937.0,11211.0,ok
275,2024,88616000,income,2941065.0,11082.0,ok
276,2023,88620000,income,2940010.0,11637.0,ok
276,2024,88620000,income,3073472.0,11382.0,ok
277,2023,88624000,income,3950831.0,17406.0,ok
277,2024,88624000,income,4536234.0,17046.0,ok
278,2023,88628000,income,22436755.0,67681.0,ok
278,2024,88628000,income,28581762.0,67769.0,ok
279,2023,88632000,income,6138857.0,26138.0,ok
279,2024,88632000,income,6746571.0,25758.0,ok
280,2023,88636000,income,3207623.0,13597.0,ok
280,2024,88636000,income,3550001.0,13402.0,ok
281,2023,88640000,income,3500291.0,12379.0,ok
281,2024,88640000,income,3920714.0,12182.0,ok
282,2023,88644000,income,3087864.0,13181.0,ok
282,2024,88644000,income,3792000.0,13008.0,ok
283,2023,88648000,income,4812631.0,21572.0,ok
283,2024,88648000,income,5572020.0,21264.0,ok
284,2023,88652000,income,6713717.0,26377.0,ok
284,2024,88652000,income,7836695.0,26112.0,ok
285,2023,88656000,income,1870770.0,6141.0,ok
285,2024,88656000,income,1995772.0,5947.0,ok
287,2023,89603000,income,,23935.0,missing
287,2024,89603000,income,17696516.0,23694.0,ok
288,2023,89605000,income,,9088.0,missing
288,2024,89605000,income,3273241.0,9012.0,ok
289,2023,89607000,income,,17467.0,missing
289,2024,89607000,income,16334194.0,17246.0,ok
290,2023,89610000,income,,11743.0,missing
290,2024,89610000,income,6552151.0,11711.0,ok
292,2023,89616000,income,,11268.0,missing
292,2024,89616000,income,9063242.0,11280.0,ok
293,2023,89618000,income,,9271.0,missing
293,2024,89618000,income,5711040.0,9068.0,ok
294,2023,89621000,income,,45860.0,missing
294,2024,89621000,income,21014639.0,45470.0,ok
295,2023,89624000,income,,11686.0,missing
295,2024,89624000,income,10191833.0,11516.0,ok
296,2023,89626000,income,,17147.0,missing
296,2024,89626000,income,11761743.0,16897.0,ok
297,2023,89628000,income,,6680.0,missing
297,2024,89628000,income,7486559.0,6593.0,ok
298,2023,89629000,income,,36267.0,missing
298,2024,89629000,income,23586135.0,35879.0,ok
300,2023,89634000,income,,21734.0,missing
300,2024,89634000,income,12981283.0,21456.0,ok
301,2023,89637000,income,,33732.0,missing
301,2024,89637000,income,23037575.0,33537.0,ok
302,2023,89640000,income,,19042.0,missing
302,2024,89640000,income,13717674.0,18857.0,ok
303,2023,89643000,income,,59259.0,missing
303,2024,89643000,income,39658497.0,58820.0,ok
304,2023,89646000,income,,11515.0,missing
304,2024,89646000,income,7465530.0,11300.0,ok
305,2023,89649000,income,,12876.0,missing
305,2024,89649000,income,10102623.0,12696.0,ok
306,2023,89651000,income,,9175.0,missing
306,2024,89651000,income,8683939.0,8971.0,ok
307,2023,89654000,income,,18328.0,missing
307,2024,89654000,income,12229514.0,18231.0,ok
308,2023,89657000,income,,28600.0,missing
308,2024,89657000,income,19389086.0,28433.0,ok
309,2023,98701000,income,275892203.0,378549.0,ok
309,2024,98701000,income,296463000.0,384979.0,ok
312,2023,98603000,income,52886765.0,39279.0,ok
312,2024,98603000,income,54849355.0,38998.0,ok
314,2023,98608000,income,7879565.0,16894.0,ok
314,2024,98608000,income,8730123.0,16705.0,ok
316,2023,98612000,income,6815054.0,7997.0,ok
316,2024,98612000,income,7240900.0,8126.0,ok
317,2023,98614000,income,8832112.0,20889.0,ok
317,2024,98614000,income,9878924.0,20721.0,ok
318,2023,98615000,income,3152328.0,3748.0,ok
318,2024,98615000,income,3788499.0,3687.0,ok
319,2023,98616000,income,9890368.0,10009.0,ok
319,2024,98616000,income,11774307.0,9998.0,ok
320,2023,98618000,income,13007568.0,25121.0,ok
320,2024,98618000,income,14272422.0,25157.0,ok
321,2023,98620000,income,5689185.0,12004.0,ok
321,2024,98620000,income,6264021.0,11936.0,ok
323,2023,98624000,income,6493915.0,11188.0,ok
323,2024,98624000,income,7528316.0,11053.0,ok
324,2023,98626000,income,15569713.0,22997.0,ok
324,2024,98626000,income,18158303.0,22761.0,ok
325,2023,98627000,income,70239804.0,32106.0,ok
325,2024,98627000,income,74304950.0,31833.0,ok
326,2023,98629000,income,18766091.0,33110.0,ok
326,2024,98629000,income,18869423.0,32932.0,ok
327,2023,98631000,income,93486218.0,71308.0,ok
327,2024,98631000,income,113884594.0,71704.0,ok
329,2023,98635000,income,9992276.0,24860.0,ok
329,2024,98635000,income,11690215.0,25069.0,ok
330,2023,98660000,income,88864043.0,69032.0,ok
330,2024,98660000,income,114885715.0,68431.0,ok
331,2023,98637000,income,3323381.0,4211.0,ok
331,2024,98637000,income,3623594.0,4175.0,ok
332,2023,98639000,income,15356540.0,7600.0,ok
332,2024,98639000,income,19511208.0,7566.0,ok
333,2023,98641000,income,24799957.0,20691.0,ok
333,2024,98641000,income,28633529.0,20525.0,ok
334,2023,98642000,income,5397214.0,4361.0,ok
334,2024,98642000,income,6115031.0,4364.0,ok
335,2023,98646000,income,4154768.0,6741.0,ok
335,2024,98646000,income,4845649.0,6714.0,ok
336,2023,98648000,income,12404116.0,22352.0,ok
336,2024,98648000,income,13846364.0,22228.0,ok
337,2023,98604000,income,8386447.0,16858.0,ok
337,2024,98604000,income,9033256.0,16750.0,ok
338,2023,98650000,income,10318505.0,11064.0,ok
338,2024,98650000,income,12939790.0,10897.0,ok
339,2023,98652000,income,8478017.0,22249.0,ok
339,2024,98652000,income,10016399.0,22012.0,ok
340,2023,98654000,income,7827658.0,7159.0,ok
340,2024,98654000,income,8977851.0,7343.0,ok
341,2023,98656000,income,6692971.0,6809.0,ok
341,2024,98656000,income,8494072.0,6725.0,ok
342,2023,98644000,income,14526383.0,34435.0,ok
342,2024,98644000,income,16735076.0,34331.0,ok
343,2023,98658000,income,9658241.0,21955.0,ok
343,2024,98658000,income,10472262.0,21807.0,ok
345,2023,90701000,income,93267786.0,309619.0,ok
345,2024,90701000,income,97542667.0,309358.0,ok
346,2023,90605000,income,8495871.0,38381.0,ok
346,2024,90605000,income,8876068.0,38229.0,ok
347,2023,90610000,income,6829246.0,31288.0,ok
347,2024,90610000,income,7026414.0,31304.0,ok
348,2023,90615000,income,3763983.0,18504.0,ok
348,2024,90615000,income,4074232.0,18606.0,ok
349,2023,90620000,income,3609779.0,15607.0,ok
349,2024,90620000,income,3663279.0,15554.0,ok
351,2023,90630000,income,17992724.0,82698.0,ok
351,2024,90630000,income,18937816.0,81941.0,ok
352,2023,90635000,income,10920402.0,55510.0,ok
352,2024,90635000,income,12668442.0,55643.0,ok
354,2023,92701000,income,986351076.0,1314685.0,ok
354,2024,92701000,income,1182986000.0,1318604.0,ok
355,2023,92730000,income,310886367.0,545750.0,ok
355,2024,92730000,income,377073545.0,544383.0,ok
356,2023,92601000,income,8948738.0,34692.0,ok
356,2024,92601000,income,10318283.0,34401.0,ok
357,2023,92602000,income,20095710.0,57623.0,ok
357,2024,92602000,income,25852035.0,57093.0,ok
358,2023,92604000,income,5974906.0,26484.0,ok
358,2024,92604000,income,7190961.0,26162.0,ok
359,2023,92605000,income,9419335.0,27710.0,ok
359,2024,92605000,income,9586856.0,27287.0,ok
360,2023,92606000,income,10339917.0,24739.0,ok
360,2024,92606000,income,11540160.0,24626.0,ok
361,2023,92607000,income,4945482.0,18228.0,ok
361,2024,92607000,income,5619296.0,18063.0,ok
362,2023,92608000,income,136457541.0,213275.0,ok
362,2024,92608000,income,174267362.0,212359.0,ok
363,2023,92610000,income,5317084.0,18786.0,ok
363,2024,92610000,income,6470014.0,18676.0,ok
364,2023,92612000,income,13977536.0,50166.0,ok
364,2024,92612000,income,16150177.0,49659.0,ok
365,2023,92613000,income,4165984.0,12371.0,ok
365,2024,92613000,income,4388813.0,12245.0,ok
366,2023,92614000,income,12248579.0,32711.0,ok
366,2024,92614000,income,14566885.0,32239.0,ok
367,2023,92615000,income,9416907.0,32861.0,ok
367,2024,92615000,income,10455396.0,32840.0,ok
368,2023,92617000,income,37356026.0,100110.0,ok
368,2024,92617000,income,41041104.0,99177.0,ok
369,2023,92618000,income,12761072.0,39524.0,ok
369,2024,92618000,income,14329846.0,39135.0,ok
370,2023,92620000,income,23234629.0,17493.0,ok
370,2024,92620000,income,25933985.0,17641.0,ok
371,2023,92622000,income,20846680.0,58283.0,ok
371,2024,92622000,income,27420276.0,60647.0,ok
372,2023,92624000,income,5686664.0,20429.0,ok
372,2024,92624000,income,5761310.0,20085.0,ok
373,2023,92626000,income,52529961.0,85667.0,ok
373,2024,92626000,income,85089360.0,85471.0,ok
374,2023,92627000,income,15911966.0,52812.0,ok
374,2024,92627000,income,20457751.0,52217.0,ok
375,2023,92628000,income,73006303.0,169710.0,ok
375,2024,92628000,income,93132462.0,169798.0,ok
376,2023,92629000,income,3998148.0,12622.0,ok
376,2024,92629000,income,4254148.0,12423.0,ok
377,2023,92630000,income,4050568.0,14305.0,ok
377,2024,92630000,income,4678655.0,14157.0,ok
378,2023,92633000,income,17277704.0,51290.0,ok
378,2024,92633000,income,19996366.0,51202.0,ok
379,2023,92634000,income,36942321.0,67057.0,ok
379,2024,92634000,income,44400694.0,71646.0,ok
380,2023,92636000,income,28434802.0,78468.0,ok
380,2024,92636000,income,35281463.0,77755.0,ok
381,2023,92638000,income,12671984.0,39955.0,ok
381,2024,92638000,income,13880666.0,39698.0,ok
382,2023,92639000,income,9935460.0,30523.0,ok
382,2024,92639000,income,12315839.0,30286.0,ok
383,2023,92640000,income,6917126.0,26732.0,ok
383,2024,92640000,income,8495458.0,26385.0,ok
384,2023,92642000,income,6572809.0,18828.0,ok
384,2024,92642000,income,6780678.0,18692.0,ok
385,2023,92644000,income,142168462.0,277053.0,ok
385,2024,92644000,income,179063446.0,276414.0,ok
386,2023,92645000,income,7391295.0,12798.0,ok
386,2024,92645000,income,7927226.0,12574.0,ok
387,2023,92646000,income,16100353.0,52133.0,ok
387,2024,92646000,income,19245805.0,51661.0,ok
388,2023,92648000,income,16994783.0,64944.0,ok
388,2024,92648000,income,20828383.0,66372.0,ok
390,2023,92652000,income,15420936.0,30407.0,ok
390,2024,92652000,income,19895737.0,30381.0,ok
391,2023,92653000,income,9090187.0,34003.0,ok
391,2024,92653000,income,11211542.0,33666.0,ok
392,2023,92632000,income,5832461.0,18209.0,ok
392,2024,92632000,income,6039521.0,18014.0,ok
393,2023,92655000,income,6446854.0,20066.0,ok
393,2024,92655000,income,6762606.0,19798.0,ok
395,2023,92656000,income,4888016.0,13562.0,ok
395,2024,92656000,income,5326508.0,13489.0,ok
396,2023,92658000,income,5558244.0,17962.0,ok
396,2024,92658000,income,6811587.0,17877.0,ok
397,2023,92659000,income,24398733.0,73850.0,ok
397,2024,92659000,income,29980509.0,73234.0,ok
398,2023,92654000,income,6167890.0,19712.0,ok
398,2024,92654000,income,7085611.0,19452.0,ok
401,2023,93605000,income,2439536.0,10548.0,ok
401,2024,93605000,income,2601817.0,10431.0,ok
402,2023,93610000,income,2765101.0,11881.0,ok
402,2024,93610000,income,2905443.0,11626.0,ok
403,2023,93615000,income,4835700.0,19185.0,ok
403,2024,93615000,income,5149178.0,18916.0,ok
404,2023,93620000,income,3757121.0,12100.0,ok
404,2024,93620000,income,4012862.0,11974.0,ok
405,2023,93622000,income,8061340.0,36061.0,ok
405,2024,93622000,income,8906480.0,36340.0,ok
408,2023,93635000,income,2999700.0,10501.0,ok
408,2024,93635000,income,3483958.0,10364.0,ok
410,2023,93640000,income,3973845.0,15234.0,ok
410,2024,93640000,income,4379553.0,15098.0,ok
413,2023,93650000,income,3748048.0,6681.0,ok
413,2024,93650000,income,4177494.0,6694.0,ok
414,2023,93654000,income,4751769.0,20131.0,ok
414,2024,93654000,income,5334972.0,19940.0,ok
416,2023,93657000,income,1813404.0,7670.0,ok
416,2024,93657000,income,1943669.0,7592.0,ok
418,2023,94701000,income,,620591.0,missing
418,2024,94701000,income,810192900.0,618776.0,ok
419,2023,94710000,income,,96646.0,missing
419,2024,94710000,income,80835647.0,96037.0,ok
420,2023,94720000,income,,86996.0,missing
420,2024,94720000,income,67107776.0,85870.0,ok
421,2023,94730000,income,,44038.0,missing
421,2024,94730000,income,30224641.0,43557.0,ok
422,2023,94740000,income,,90260.0,missing
422,2024,94740000,income,67193878.0,89442.0,ok
448,2023,95701000,income,130077693.0,185348.0,ok
448,2024,95701000,income,120317449.0,185804.0,ok
449,2023,95702000,income,4422762.0,12055.0,ok
449,2024,95702000,income,5061432.0,11962.0,ok
450,2023,95708000,income,27187902.0,55899.0,ok
450,2024,95708000,income,33817171.0,55712.0,ok
451,2023,95709000,income,3308354.0,10820.0,ok
451,2024,95709000,income,4254419.0,10843.0,ok
452,2023,95715000,income,22371839.0,77875.0,ok
452,2024,95715000,income,25734268.0,77948.0,ok
453,2023,95605000,income,12161058.0,23993.0,ok
453,2024,95605000,income,10088349.0,24152.0,ok
455,2023,95612000,income,5295615.0,17492.0,ok
455,2024,95612000,income,5597494.0,17067.0,ok
456,2023,95615000,income,3339542.0,11181.0,ok
456,2024,95615000,income,3618203.0,11030.0,ok
457,2023,95620000,income,3241895.0,9758.0,ok
457,2024,95620000,income,3596301.0,9604.0,ok
458,2023,95625000,income,3772329.0,15416.0,ok
458,2024,95625000,income,4063298.0,15165.0,ok
459,2023,95630000,income,14268850.0,47052.0,ok
459,2024,95630000,income,17412933.0,46354.0,ok
460,2023,95635000,income,8141570.0,24494.0,ok
460,2024,95635000,income,9373089.0,24253.0,ok
478,2023,97701000,income,283689562.0,506351.0,ok
478,2024,97701000,income,358400895.0,506480.0,ok
479,2023,97704000,income,9475128.0,31550.0,boundary_review
479,2024,97704000,income,11138043.0,31304.0,boundary_review
480,2023,97707000,income,15209681.0,44257.0,boundary_review
480,2024,97707000,income,18368116.0,43508.0,boundary_review
481,2023,97710000,income,38418804.0,120425.0,ok
481,2024,97710000,income,47544022.0,120767.0,ok
482,2023,97713000,income,9390334.0,26321.0,boundary_review
482,2024,97713000,income,9997245.0,26008.0,boundary_review
504,2023,01701000,income,389385834.0,690128.0,ok
504,2024,01701000,income,455566442.0,687601.0,ok
505,2023,01703000,income,7919711.0,24804.0,ok
505,2024,01703000,income,9037924.0,24604.0,ok
506,2023,01704000,income,8157500.0,14791.0,ok
506,2024,01704000,income,10406679.0,14879.0,ok
507,2023,01705000,income,76828760.0,189639.0,ok
507,2024,01705000,income,93479878.0,188780.0,ok
508,2023,01706000,income,14673138.0,40626.0,ok
508,2024,01706000,income,18065066.0,40255.0,ok
509,2023,01713000,income,27393062.0,73122.0,ok
509,2024,01713000,income,33713192.0,73511.0,ok
510,2023,01716000,income,35826642.0,124687.0,ok
510,2024,01716000,income,43561661.0,123379.0,ok
512,2023,01730000,income,4757764.0,16447.0,ok
512,2024,01730000,income,6148254.0,16528.0,ok
515,2023,01602000,income,6092158.0,26306.0,ok
515,2024,01602000,income,8451993.0,26284.0,ok
516,2023,01603000,income,2987682.0,7994.0,ok
516,2024,01603000,income,2445455.0,7821.0,ok
517,2023,01604000,income,8455406.0,31796.0,ok
517,2024,01604000,income,8687801.0,31583.0,ok
518,2023,01605000,income,8128656.0,25706.0,ok
518,2024,01605000,income,8313390.0,25464.0,ok
519,2023,01606000,income,2082896.0,7728.0,ok
519,2024,01606000,income,2078252.0,7601.0,ok
520,2023,01607000,income,1995753.0,7216.0,ok
520,2024,01607000,income,2292717.0,7120.0,ok
521,2023,01608000,income,5154074.0,14900.0,ok
521,2024,01608000,income,4651866.0,14744.0,ok
522,2023,01609000,income,3038085.0,10811.0,ok
522,2024,01609000,income,3105245.0,10678.0,ok
523,2023,01610000,income,1342332.0,4762.0,ok
523,2024,01610000,income,1222265.0,4672.0,ok
524,2023,01611000,income,4696826.0,15697.0,ok
524,2024,01611000,income,4697783.0,15469.0,ok
527,2023,01614000,income,6515625.0,16142.0,ok
527,2024,01614000,income,7001080.0,15905.0,ok
528,2023,01615000,income,3247138.0,11723.0,ok
528,2024,01615000,income,3383305.0,11641.0,ok
529,2023,01616000,income,11895852.0,40373.0,boundary_review
529,2024,01616000,income,12755856.0,39949.0,boundary_review
530,2023,01617000,income,4965648.0,12620.0,ok
530,2024,01617000,income,4003643.0,12366.0,ok
531,2023,01618000,income,4432328.0,13533.0,ok
531,2024,01618000,income,4146881.0,13314.0,ok
532,2023,01619000,income,3374069.0,12865.0,ok
532,2024,01619000,income,3376308.0,12685.0,ok
533,2023,01620000,income,3612047.0,13804.0,ok
533,2024,01620000,income,3850562.0,13623.0,ok
534,2023,01621000,income,2465752.0,8062.0,ok
534,2024,01621000,income,2204168.0,7856.0,ok
535,2023,01622000,income,5656432.0,20480.0,ok
535,2024,01622000,income,5938898.0,20371.0,ok
536,2023,01623000,income,2155619.0,8155.0,ok
536,2024,01623000,income,2392035.0,8051.0,ok
537,2023,01624000,income,3104143.0,9765.0,ok
537,2024,01624000,income,3153941.0,9548.0,ok
538,2023,01625000,income,6217124.0,19707.0,ok
538,2024,01625000,income,6064681.0,19183.0,ok
539,2023,01626000,income,5655153.0,17803.0,ok
539,2024,01626000,income,6175010.0,17582.0,ok
540,2023,01627000,income,4980205.0,16483.0,ok
540,2024,01627000,income,4950427.0,16349.0,ok
541,2023,01628000,income,2316476.0,7533.0,ok
541,2024,01628000,income,2497077.0,7406.0,ok
542,2023,01629000,income,4781231.0,16392.0,ok
542,2024,01629000,income,5550086.0,16341.0,ok
543,2023,01630000,income,12072879.0,38931.0,ok
543,2024,01630000,income,15108686.0,38447.0,ok
544,2023,01631000,income,2745970.0,9268.0,ok
544,2024,01631000,income,2720480.0,9099.0,ok
545,2023,01632000,income,15262025.0,52558.0,ok
545,2024,01632000,income,16941917.0,53359.0,ok
546,2023,01633000,income,2984054.0,10396.0,ok
546,2024,01633000,income,3144445.0,10214.0,ok
547,2023,01634000,income,6084446.0,19641.0,ok
547,2024,01634000,income,6578142.0,19439.0,ok
548,2023,01635000,income,5872569.0,18967.0,ok
548,2024,01635000,income,5555306.0,18726.0,ok
549,2023,01636000,income,5057406.0,14551.0,ok
549,2024,01636000,income,4286279.0,14369.0,ok
550,2023,01637000,income,3346721.0,10697.0,ok
550,2024,01637000,income,3460888.0,10594.0,ok
552,2023,01640000,income,5791325.0,20472.0,ok
552,2024,01640000,income,6216175.0,20153.0,ok
554,2023,01642000,income,4318575.0,13757.0,ok
554,2024,01642000,income,4551327.0,13572.0,ok
555,2023,01643000,income,1836924.0,7292.0,ok
555,2024,01643000,income,1890330.0,7152.0,ok
556,2023,01644000,income,1686374.0,6150.0,ok
556,2024,01644000,income,1608985.0,6045.0,ok
557,2023,01645000,income,3215402.0,10349.0,ok
557,2024,01645000,income,3434725.0,10246.0,ok
558,2023,01646000,income,2523771.0,7082.0,ok
558,2024,01646000,income,2292104.0,7060.0,ok
559,2023,01647000,income,10207805.0,42586.0,ok
559,2024,01647000,income,11463322.0,42346.0,ok
560,2023,01648000,income,1972936.0,6346.0,ok
560,2024,01648000,income,2031334.0,6187.0,ok
561,2023,01649000,income,5444602.0,18383.0,ok
561,2024,01649000,income,5647040.0,18142.0,ok
562,2023,01650000,income,3926004.0,10228.0,ok
562,2024,01650000,income,3177077.0,10094.0,ok
563,2023,01651000,income,5907515.0,18242.0,ok
563,2024,01651000,income,5756845.0,17787.0,ok
564,2023,01652000,income,3155191.0,11012.0,ok
564,2024,01652000,income,3363481.0,10801.0,ok
565,2023,01653000,income,2790040.0,8920.0,ok
565,2024,01653000,income,2706468.0,8700.0,ok
566,2023,01654000,income,3360966.0,10944.0,ok
566,2024,01654000,income,3602311.0,10802.0,ok
567,2023,01655000,income,3009835.0,9282.0,ok
567,2024,01655000,income,2782067.0,9078.0,ok
568,2023,01656000,income,4064419.0,12392.0,ok
568,2024,01656000,income,3861487.0,12199.0,ok
569,2023,01657000,income,5501165.0,13147.0,ok
569,2024,01657000,income,5169941.0,12857.0,ok
571,2023,01659000,income,8692707.0,24524.0,ok
571,2024,01659000,income,7843067.0,24128.0,ok
572,2023,01660000,income,3794374.0,14938.0,ok
572,2024,01660000,income,3932430.0,14809.0,ok
574,2023,76715000,income,5979960.0,14683.0,boundary_review
574,2024,76715000,income,6843808.0,14473.0,boundary_review
578,2023,76606000,income,5825753.0,15537.0,boundary_review
578,2024,76606000,income,6521657.0,15274.0,boundary_review
579,2023,76609000,income,12386212.0,44344.0,ok
579,2024,76609000,income,13880767.0,43803.0,ok
580,2023,76610000,income,10562740.0,,no_population
581,2023,76612000,income,8857297.0,19646.0,ok
581,2024,76612000,income,9774823.0,19300.0,ok
583,2023,76618000,income,2864500.0,,no_population
584,2023,76620000,income,12088277.0,33677.0,ok
584,2024,76620000,income,13196400.0,33483.0,ok
585,2023,76621000,income,24392469.0,55713.0,ok
585,2024,76621000,income,27421443.0,55782.0,ok
586,2023,76622000,income,6530573.0,16105.0,ok
586,2024,76622000,income,7350223.0,15817.0,ok
587,2023,76624000,income,4482847.0,10238.0,ok
587,2024,76624000,income,5081503.0,9949.0,ok
588,2023,76626000,income,16424128.0,,no_population
589,2023,76628000,income,7693267.0,26642.0,ok
589,2024,76628000,income,8615479.0,26450.0,ok
591,2023,76632000,income,8396385.0,30332.0,ok
591,2024,76632000,income,9553212.0,29773.0,ok
592,2023,76634000,income,2335209.0,,no_population
593,2023,76636000,income,4906370.0,14792.0,boundary_review
593,2024,76636000,income,5290486.0,14576.0,boundary_review
595,2023,76640000,income,6339762.0,18184.0,ok
595,2024,76640000,income,7341487.0,17869.0,ok
598,2023,76646000,income,4983721.0,16960.0,ok
598,2024,76646000,income,5541644.0,16787.0,ok
599,2023,76647000,income,9835038.0,25060.0,ok
599,2024,76647000,income,10725972.0,24713.0,ok
600,2023,76648000,income,12675211.0,29424.0,ok
600,2024,76648000,income,14625336.0,29154.0,ok
601,2023,76650000,income,19964178.0,71269.0,ok
601,2024,76650000,income,22936661.0,71661.0,ok
602,2023,76652000,income,1935991.0,5711.0,ok
602,2024,76652000,income,2142302.0,5546.0,ok
603,2023,76654000,income,12895639.0,35585.0,ok
603,2024,76654000,income,13944891.0,35034.0,ok
604,2023,76702000,income,5795385.0,,no_population
604,2024,76702000,income,6598339.0,,no_population
605,2023,76602000,income,8750014.0,,no_population
605,2024,76602000,income,9915338.0,,no_population
606,2023,76611000,income,3499493.0,,no_population
606,2024,76611000,income,3790821.0,,no_population
607,2023,76625000,income,5762578.0,,no_population
607,2024,76625000,income,6321706.0,,no_population
608,2023,30701000,income,194789735.87826067,162992.0,ok
608,2024,30701000,income,201414049.0,163152.0,ok
612,2023,30607000,income,49005420.38804762,59658.0,ok
612,2024,30607000,income,51235848.0,59889.0,ok
613,2023,30610000,income,5802557.286396024,8890.0,ok
614,2023,30613000,income,5917961.853249638,1988.0,ok
614,2024,30613000,income,6041656.0,1979.0,ok
615,2023,30616000,income,11752511.17962113,6185.0,ok
615,2024,30616000,income,12091819.0,6069.0,ok
616,2023,30619000,income,8525206.703219453,8744.0,ok
616,2024,30619000,income,9185788.0,8450.0,ok
618,2023,30824000,income,12108289.408151459,3403.0,ok
618,2024,30824000,income,12901606.0,3457.0,ok
619,2023,30827000,income,5013214.053874124,3569.0,ok
619,2024,30827000,income,5118008.0,3523.0,ok
621,2023,30832000,income,2844841.321337301,3668.0,ok
621,2024,30832000,income,2954388.0,3662.0,ok
666,2023,04701000,income,777318293.0,1197659.0,ok
666,2024,04701000,income,895547140.0,1206237.0,ok
667,2023,04703000,income,43788656.0,101384.0,boundary_review
667,2024,04703000,income,50086018.0,101043.0,boundary_review
668,2023,04706000,income,7132803.0,17841.0,boundary_review
668,2024,04706000,income,8056763.0,17509.0,boundary_review
669,2023,04707000,income,6676803.0,14985.0,boundary_review
669,2024,04707000,income,7596709.0,14967.0,boundary_review
670,2023,04709000,income,12748199.0,31719.0,ok
670,2024,04709000,income,14378873.0,31561.0,ok
671,2023,04712000,income,7999795.0,17655.0,boundary_review
671,2024,04712000,income,9020154.0,17843.0,boundary_review
674,2023,04720000,income,29013780.0,86034.0,boundary_review
674,2024,04720000,income,33014961.0,85587.0,boundary_review
675,2023,04722000,income,27172295.0,59207.0,boundary_review
675,2024,04722000,income,30890436.0,58714.0,boundary_review
676,2023,04723000,income,26504747.0,71792.0,boundary_review
676,2024,04723000,income,29899386.0,71318.0,boundary_review
677,2023,04726000,income,16198274.0,44761.0,boundary_review
677,2024,04726000,income,18282307.0,44261.0,boundary_review
678,2023,04729000,income,281247697.0,175466.0,ok
678,2024,04729000,income,311561325.0,177427.0,ok
679,2023,04733000,income,12437406.0,40619.0,boundary_review
679,2024,04733000,income,14119107.0,40913.0,boundary_review
680,2023,04740000,income,20012988.0,41024.0,boundary_review
680,2024,04740000,income,22624776.0,40739.0,boundary_review
683,2023,04601000,income,5758967.0,18068.0,ok
683,2024,04601000,income,6560656.0,17763.0,ok
685,2023,04604000,income,7175173.0,18078.0,boundary_review
685,2024,04604000,income,8162492.0,17854.0,boundary_review
686,2023,04605000,income,16667580.0,39806.0,boundary_review
686,2024,04605000,income,19077964.0,40429.0,boundary_review
687,2023,04606000,income,2999796.0,8136.0,ok
687,2024,04606000,income,3420642.0,7924.0,ok
689,2023,04609000,income,21007897.0,42460.0,ok
689,2024,04609000,income,24051383.0,42225.0,ok
690,2023,04610000,income,5724334.0,13706.0,boundary_review
690,2024,04610000,income,6554200.0,13529.0,boundary_review
691,2023,04611000,income,7244481.0,6846.0,boundary_review
691,2024,04611000,income,8189780.0,6681.0,boundary_review
692,2023,04613000,income,4347755.0,11589.0,boundary_review
692,2024,04613000,income,4958777.0,11389.0,boundary_review
693,2023,04614000,income,26616679.0,54015.0,boundary_review
693,2024,04614000,income,30400403.0,55572.0,boundary_review
694,2023,04615000,income,8659543.0,21466.0,boundary_review
694,2024,04615000,income,10134010.0,21238.0,boundary_review
695,2023,04616000,income,5299847.0,17583.0,ok
695,2024,04616000,income,6094800.0,17423.0,ok
696,2023,04617000,income,3160778.0,10498.0,boundary_review
696,2024,04617000,income,3658185.0,10295.0,boundary_review
697,2023,04618000,income,7733564.0,22954.0,boundary_review
697,2024,04618000,income,8808829.0,22528.0,boundary_review
698,2023,04619000,income,4783189.0,12871.0,boundary_review
698,2024,04619000,income,5423410.0,12610.0,boundary_review
699,2023,04620000,income,2868168.0,8657.0,boundary_review
699,2024,04620000,income,3234423.0,8558.0,boundary_review
701,2023,04622000,income,4113150.0,13367.0,ok
701,2024,04622000,income,4621419.0,13157.0,ok
702,2023,04624000,income,14191188.0,16917.0,ok
702,2024,04624000,income,15873278.0,16559.0,ok
703,2023,04626000,income,4252335.0,12001.0,ok
703,2024,04626000,income,4772923.0,11808.0,ok
704,2023,04628000,income,4655373.0,12990.0,boundary_review
704,2024,04628000,income,5237377.0,12848.0,boundary_review
705,2023,04630000,income,14023048.0,39701.0,ok
705,2024,04630000,income,16245353.0,39269.0,ok
706,2023,04631000,income,4302477.0,13588.0,boundary_review
706,2024,04631000,income,4901535.0,13436.0,boundary_review
708,2023,04635000,income,12394895.0,12208.0,ok
708,2024,04635000,income,14308163.0,12009.0,ok
710,2023,04639000,income,7726511.0,23928.0,boundary_review
710,2024,04639000,income,8888680.0,23480.0,boundary_review
711,2023,04641000,income,3982337.0,10848.0,boundary_review
711,2024,04641000,income,4665079.0,10619.0,boundary_review
712,2023,04643000,income,3550660.0,8111.0,boundary_review
712,2024,04643000,income,4062526.0,7989.0,boundary_review
714,2023,04647000,income,11429426.0,29892.0,boundary_review
714,2024,04647000,income,12651661.0,29400.0,boundary_review
715,2023,04648000,income,3456717.0,9177.0,boundary_review
715,2024,04648000,income,3911358.0,9056.0,boundary_review
716,2023,04649000,income,26602567.0,8492.0,ok
716,2024,04649000,income,30220409.0,8308.0,ok
717,2023,04651000,income,6261024.0,19135.0,boundary_review
717,2024,04651000,income,7378406.0,18911.0,boundary_review
718,2023,04653000,income,61205227.0,29889.0,ok
718,2024,04653000,income,69585503.0,29609.0,ok
719,2023,04652000,income,3363419.0,10129.0,boundary_review
719,2024,04652000,income,3881239.0,9952.0,boundary_review
720,2023,04654000,income,30399136.0,12491.0,ok
720,2024,04654000,income,34859090.0,12684.0,ok
722,2023,04656000,income,10774470.0,27593.0,ok
722,2024,04656000,income,12213348.0,27453.0,ok
723,2023,04657000,income,7861676.0,18047.0,boundary_review
723,2024,04657000,income,8929374.0,17912.0,boundary_review
725,2023,04659000,income,10602943.0,30328.0,ok
725,2024,04659000,income,12784890.0,30274.0,ok
726,2023,04650000,income,24441563.0,13311.0,ok
726,2024,04650000,income,28222461.0,13258.0,ok
727,2023,57701000,income,756748563.0,1027157.0,ok
727,2024,57701000,income,918151644.0,1026912.0,ok
731,2023,57726000,income,23994201.0,61656.0,boundary_review
731,2024,57726000,income,29389568.0,61124.0,boundary_review
775,2023,05701000,income,601948755.0,628385.0,ok
775,2024,05701000,income,688472336.0,622782.0,ok
776,2023,05703000,income,26504351.0,47306.0,ok
776,2024,05703000,income,31604396.0,47015.0,ok
777,2023,05705000,income,61237695.0,117858.0,ok
777,2024,05705000,income,73071385.0,117762.0,ok
778,2023,05706000,income,31068534.0,42271.0,ok
778,2024,05706000,income,34779322.0,42502.0,ok
779,2023,05707000,income,18791206.0,38999.0,ok
779,2024,05707000,income,20540669.0,38543.0,ok
780,2023,05708000,income,10913282.0,24891.0,ok
780,2024,05708000,income,11582306.0,24564.0,ok
781,2023,05711000,income,17567264.0,40210.0,ok
781,2024,05711000,income,18350365.0,39685.0,ok
782,2023,05714000,income,90695493.0,137136.0,ok
782,2024,05714000,income,110583438.0,135345.0,ok
783,2023,05717000,income,14228395.0,39517.0,ok
783,2024,05717000,income,17700781.0,39132.0,ok
784,2023,05720000,income,15768732.0,35096.0,boundary_review
784,2024,05720000,income,16127436.0,34822.0,boundary_review
785,2023,05723000,income,100137737.0,205343.0,ok
785,2024,05723000,income,112828576.0,205435.0,ok
788,2023,05607000,income,2869681.0,8026.0,ok
788,2024,05607000,income,3274107.0,7793.0,ok
790,2023,05612000,income,7215043.0,17605.0,ok
790,2024,05612000,income,6374503.0,17312.0,ok
791,2023,05614000,income,7521870.0,14116.0,ok
793,2023,05620000,income,,28755.0,missing
793,2024,05620000,income,13140475.0,28474.0,ok
794,2023,05623000,income,16685557.0,40669.0,ok
794,2024,05623000,income,22911436.0,41960.0,ok
797,2023,05630000,income,9714555.0,29869.0,ok
800,2023,05637000,income,9302347.0,20204.0,boundary_review
800,2024,05637000,income,10246289.0,19870.0,boundary_review
805,2023,05653000,income,11001510.0,26306.0,ok
807,2023,05657000,income,12685155.0,21135.0,ok
808,2023,05659000,income,3316426.0,12144.0,ok
809,2023,07701000,income,248763213.0,550260.0,ok
809,2024,07701000,income,291673623.0,557402.0,ok
810,2023,07705000,income,16921853.0,,no_population
811,2023,07707000,income,34988101.0,,boundary_review
812,2023,07710000,income,46535210.0,121534.0,ok
812,2024,07710000,income,47843175.0,123138.0,ok
813,2023,07712000,income,19633526.0,50136.0,ok
813,2024,07712000,income,25974439.0,50082.0,ok
814,2023,07713000,income,28133419.0,,no_population
815,2023,07714000,income,18264306.0,,no_population
817,2023,07716000,income,15468967.0,,no_population
818,2023,07718000,income,14037744.0,24405.0,ok
818,2024,07718000,income,15013939.0,24717.0,ok
819,2023,07721000,income,47080837.0,,no_population
820,2023,07724000,income,46229006.0,115826.0,ok
820,2024,07724000,income,63013219.0,114556.0,ok
821,2023,07725000,income,14839607.0,,no_population
822,2023,07726000,income,26454613.0,,no_population
823,2023,07731000,income,22374717.0,,no_population
824,2023,07727000,income,96057153.0,213377.0,ok
824,2024,07727000,income,102834540.0,211692.0,ok
825,2023,07735000,income,18101264.0,,no_population
842,2023,08701000,income,481739035.0,617168.0,ok
842,2024,08701000,income,559128843.0,615570.0,ok
843,2023,08709000,income,158254223.0,236158.0,ok
843,2024,08709000,income,173645899.0,235488.0,ok
844,2023,08603000,income,28728096.0,56707.0,ok
844,2024,08603000,income,31211764.0,55970.0,ok
846,2023,08609000,income,7051902.0,21445.0,ok
846,2024,08609000,income,7765258.0,21147.0,ok
847,2023,08612000,income,23973147.0,34071.0,ok
847,2024,08612000,income,29606323.0,33535.0,ok
848,2023,08614000,income,20078490.0,24861.0,ok
848,2024,08614000,income,28369465.0,24441.0,ok
849,2023,08617000,income,6463575.0,19440.0,ok
849,2024,08617000,income,7616889.0,19202.0,ok
851,2023,08624000,income,15033901.0,38232.0,ok
851,2024,08624000,income,15839195.0,37861.0,ok
852,2023,08628000,income,6649527.0,14430.0,ok
852,2024,08628000,income,10568113.0,13922.0,ok
853,2023,08631000,income,18345628.0,23830.0,ok
853,2024,08631000,income,20472754.0,23555.0,ok
854,2023,08634000,income,7804733.0,6083.0,ok
855,2023,08637000,income,5283073.0,3657.0,ok
855,2024,08637000,income,5754047.0,3532.0,ok
856,2023,08642000,income,19033580.0,36866.0,ok
856,2024,08642000,income,20172459.0,36352.0,ok
857,2023,08644000,income,13593961.0,27089.0,ok
857,2024,08644000,income,17792651.0,26843.0,ok
859,2023,08650000,income,7091557.0,14304.0,ok
859,2024,08650000,income,8087190.0,13977.0,ok
860,2023,08655000,income,27652731.0,82008.0,ok
860,2024,08655000,income,37834086.0,82380.0,ok
875,2023,10625000,income,10194743.0,11572.0,ok
877,2023,10630000,income,4671859.0,10829.0,ok
877,2024,10630000,income,4368706.0,10666.0,ok
878,2023,10631000,income,13836069.0,16847.0,ok
878,2024,10631000,income,15142224.0,16478.0,ok
879,2023,10632000,income,3154496.0,9373.0,ok
879,2024,10632000,income,3406537.0,9173.0,ok
880,2023,10635000,income,4335803.0,12478.0,ok
880,2024,10635000,income,4625762.0,12248.0,ok
881,2023,10638000,income,7052264.0,18720.0,ok
881,2024,10638000,income,6345531.0,18390.0,ok
883,2023,10642000,income,10025377.0,11506.0,ok
883,2024,10642000,income,15921350.0,11318.0,ok
884,2023,10645000,income,12476632.0,,no_population
884,2024,10645000,income,15857203.0,,no_population
890,2023,11701000,income,229979512.0,303357.0,ok
890,2024,11701000,income,247864568.0,301376.0,ok
891,2023,11708000,income,19054645.0,34002.0,ok
891,2024,11708000,income,20103380.0,33663.0,ok
892,2023,11710000,income,33997851.0,67023.0,ok
892,2024,11710000,income,39154027.0,66838.0,ok
895,2023,11715000,income,16516039.0,32826.0,ok
895,2024,11715000,income,17965601.0,32639.0,ok
896,2023,11730000,income,135823544.0,156731.0,ok
896,2024,11730000,income,142014337.0,156310.0,ok
897,2023,11605000,income,21060972.0,45261.0,ok
897,2024,11605000,income,25764226.0,44862.0,ok
902,2023,11622000,income,8177889.0,18209.0,ok
902,2024,11622000,income,9914363.0,17807.0,ok
904,2023,11630000,income,4196963.0,10234.0,ok
905,2023,11635000,income,5750549.0,9879.0,ok
905,2024,11635000,income,7485868.0,9646.0,ok
909,2023,11646000,income,10235358.0,24068.0,ok
909,2024,11646000,income,11759775.0,23456.0,ok
912,2023,11652000,income,14557616.0,28793.0,ok
916,2023,11851000,income,38427158.0,,no_population
916,2024,11851000,income,48182200.0,,no_population
917,2023,11811000,income,40614887.0,,no_population
917,2024,11811000,income,43711708.0,,no_population
918,2023,12701000,income,206734519.0,468842.0,ok
918,2024,12701000,income,254810801.0,465524.0,ok
920,2023,12605000,income,18143861.0,57400.0,ok
920,2024,12605000,income,20600308.0,57030.0,ok
922,2023,12615000,income,7266281.0,25035.0,ok
922,2024,12615000,income,7494399.0,25039.0,ok
923,2023,12620000,income,9089055.0,48058.0,ok
923,2024,12620000,income,13009874.0,47744.0,ok
924,2023,12625000,income,8936450.0,47368.0,ok
924,2024,12625000,income,10457034.0,46892.0,ok
925,2023,12630000,income,27032656.0,36117.0,ok
925,2024,12630000,income,29694935.0,35860.0,ok
926,2023,12635000,income,7189755.0,27946.0,ok
926,2024,12635000,income,10153044.0,27717.0,ok
927,2023,12640000,income,16790997.0,47916.0,ok
927,2024,12640000,income,16681798.0,47528.0,ok
928,2023,12642000,income,14206591.0,64629.0,ok
928,2024,12642000,income,17172865.0,66669.0,ok
929,2023,12645000,income,8903203.0,39706.0,ok
929,2024,12645000,income,9574380.0,39434.0,ok
930,2023,12650000,income,6109131.0,19408.0,ok
930,2024,12650000,income,6646096.0,19298.0,ok
986,2023,17701000,income,213565521.0,349315.0,ok
986,2024,17701000,income,263105898.0,346685.0,ok
987,2023,17720000,income,20819636.0,52002.0,ok
987,2024,17720000,income,26150633.0,51182.0,ok
988,2023,17725000,income,71513708.0,130327.0,ok
988,2024,17725000,income,82645544.0,128879.0,ok
989,2023,17735000,income,48234131.0,113330.0,boundary_review
989,2024,17735000,income,60958884.0,112091.0,boundary_review
991,2023,17605000,income,36064331.0,104158.0,ok
991,2024,17605000,income,43054986.0,102657.0,ok
992,2023,17610000,income,19980960.0,68662.0,ok
992,2024,17610000,income,23413395.0,66875.0,ok
993,2023,17615000,income,6671030.0,20260.0,ok
993,2024,17615000,income,8368751.0,19901.0,ok
994,2023,17620000,income,11122792.0,39472.0,ok
994,2024,17620000,income,14854703.0,38749.0,ok
995,2023,17625000,income,7942060.0,30510.0,ok
995,2024,17625000,income,10100289.0,30466.0,ok
996,2023,17630000,income,17499042.0,38094.0,ok
996,2024,17630000,income,23043204.0,37950.0,ok
998,2023,17640000,income,17184283.0,48256.0,ok
998,2024,17640000,income,20861161.0,47188.0,ok
999,2023,17642000,income,8194359.0,31820.0,ok
999,2024,17642000,income,10012208.0,31240.0,ok
1001,2023,17646000,income,24905062.0,58851.0,boundary_review
1001,2024,17646000,income,30235849.0,58074.0,boundary_review
1002,2023,17648000,income,5545727.0,16791.0,ok
1002,2024,17648000,income,6551432.0,16758.0,ok
1003,2023,17650000,income,20536724.0,49313.0,ok
1003,2024,17650000,income,26099270.0,48500.0,ok
1004,2023,17652000,income,12756254.0,34595.0,ok
1004,2024,17652000,income,15316749.0,34005.0,ok
1005,2023,17654000,income,16299116.0,46468.0,ok
1005,2024,17654000,income,21960809.0,46532.0,ok
1006,2023,17656000,income,9185483.0,31345.0,ok
1006,2024,17656000,income,11440510.0,30784.0,ok
1007,2023,18701000,income,459241833.0,1025662.0,ok
1007,2024,18701000,income,539541403.0,1018898.0,ok
1008,2023,18710000,income,114012855.0,316544.0,ok
1008,2024,18710000,income,135115074.0,315220.0,ok
1009,2023,18715000,income,29344279.0,105471.0,ok
1009,2024,18715000,income,31915753.0,105187.0,ok
1010,2023,18720000,income,24898116.0,82970.0,ok
1010,2024,18720000,income,25692175.0,82402.0,ok
1011,2023,18725000,income,15151406.0,35449.0,ok
1011,2024,18725000,income,12099721.0,35085.0,ok
1012,2023,18728000,income,10687454.0,34494.0,ok
1012,2024,18728000,income,10025328.0,34173.0,ok
1013,2023,18602000,income,4492880.0,14873.0,ok
1013,2024,18602000,income,4907303.0,14771.0,ok
1014,2023,18604000,income,5247433.0,24781.0,ok
1014,2024,18604000,income,5363816.0,24854.0,ok
1015,2023,18605000,income,22155389.0,59337.0,ok
1015,2024,18605000,income,25475794.0,59927.0,ok
1016,2023,18606000,income,4345748.0,12515.0,ok
1016,2024,18606000,income,3746202.0,12175.0,ok
1017,2023,18608000,income,6774230.0,28817.0,ok
1017,2024,18608000,income,7043490.0,28637.0,ok
1018,2023,18610000,income,11077561.0,28360.0,ok
1018,2024,18610000,income,11005588.0,27976.0,ok
1019,2023,18612000,income,11157952.0,36278.0,ok
1019,2024,18612000,income,11390727.0,35986.0,ok
1020,2023,18614000,income,7760423.0,31190.0,ok
1020,2024,18614000,income,8862285.0,30650.0,ok
1021,2023,18616000,income,13657458.0,51061.0,ok
1021,2024,18616000,income,14017129.0,50507.0,ok
1023,2023,18620000,income,5566865.0,14639.0,ok
1023,2024,18620000,income,5146898.0,14536.0,ok
1024,2023,18622000,income,4421185.0,16093.0,ok
1024,2024,18622000,income,4250746.0,15893.0,ok
1025,2023,18624000,income,15048901.0,36949.0,ok
1025,2024,18624000,income,15101850.0,36842.0,ok
1026,2023,18626000,income,9123025.0,29296.0,ok
1026,2024,18626000,income,9884044.0,28608.0,ok
1027,2023,18646000,income,5209222.0,17758.0,ok
1027,2024,18646000,income,4487803.0,17511.0,ok
1028,2023,18630000,income,5755860.0,27375.0,ok
1028,2024,18630000,income,6452687.0,27111.0,ok
1029,2023,18634000,income,4069326.0,13014.0,ok
1029,2024,18634000,income,4413745.0,12813.0,ok
1030,2023,18636000,income,6553229.0,28467.0,ok
1030,2024,18636000,income,6766223.0,28193.0,ok
1031,2023,18638000,income,10096355.0,31911.0,ok
1031,2024,18638000,income,10468858.0,31431.0,ok
1032,2023,18640000,income,7715258.0,19675.0,ok
1032,2024,18640000,income,6885028.0,19463.0,ok
1033,2023,18642000,income,8242148.0,20105.0,ok
1033,2024,18642000,income,6437477.0,20005.0,ok
1034,2023,18643000,income,4985753.0,15994.0,ok
1034,2024,18643000,income,4644224.0,15780.0,ok
1035,2023,18645000,income,7880741.0,38309.0,ok
1035,2024,18645000,income,8050445.0,37911.0,ok
1036,2023,18647000,income,5459100.0,14298.0,ok
1036,2024,18647000,income,4337358.0,14070.0,ok
1037,2023,18649000,income,9363646.0,33712.0,ok
1037,2024,18649000,income,10959269.0,33189.0,ok
1038,2023,18650000,income,6862108.0,22132.0,ok
1038,2024,18650000,income,5745269.0,21811.0,ok
1039,2023,18651000,income,17274740.0,61206.0,ok
1039,2024,18651000,income,18754165.0,61526.0,ok
1040,2023,18652000,income,5667111.0,16794.0,ok
1040,2024,18652000,income,4617960.0,16630.0,ok
1041,2023,18653000,income,8547254.0,32730.0,ok
1041,2024,18653000,income,8618478.0,33010.0,ok
1044,2023,18658000,income,4954259.0,13146.0,ok
1044,2024,18658000,income,4088712.0,12986.0,ok
1055,2023,19622000,income,8258980.0,22200.0,ok
1055,2024,19622000,income,9578767.0,21919.0,ok
1058,2023,19628000,income,4431748.0,14088.0,ok
1061,2023,19634000,income,5166698.0,18845.0,ok
1071,2023,19656000,income,12731988.0,39222.0,ok
1071,2024,19656000,income,14877764.0,39202.0,ok
1072,2023,19658000,income,15191943.0,29037.0,ok
1072,2024,19658000,income,15371057.0,28758.0,ok
1107,2023,24701000,income,196716486.0,360687.0,ok
1107,2024,24701000,income,230932418.0,358437.0,ok
1108,2023,24703000,income,9477833.0,30010.0,ok
1108,2024,24703000,income,9845619.0,29623.0,ok
1109,2023,24705000,income,20561118.0,75823.0,ok
1109,2024,24705000,income,24432707.0,74804.0,ok
1110,2023,24706000,income,9879793.0,30592.0,ok
1110,2024,24706000,income,12406540.0,30181.0,ok
1111,2023,24707000,income,10610639.0,30763.0,ok
1111,2024,24707000,income,10684897.0,30506.0,ok
1112,2023,24711000,income,18000333.0,53910.0,ok
1112,2024,24711000,income,18437146.0,53312.0,ok
1113,2023,24601000,income,3125658.0,15953.0,ok
1113,2024,24601000,income,3672222.0,15732.0,ok
1115,2023,24603000,income,3578493.0,12202.0,ok
1115,2024,24603000,income,4120821.0,11865.0,ok
1116,2023,24605000,income,3833850.0,12422.0,ok
1116,2024,24605000,income,4488845.0,12153.0,ok
1117,2023,24607000,income,20981237.0,40427.0,ok
1117,2024,24607000,income,24681472.0,40478.0,ok
1118,2023,24609000,income,1905267.0,7306.0,ok
1118,2024,24609000,income,2310333.0,7336.0,ok
1119,2023,24611000,income,5263778.0,17748.0,ok
1119,2024,24611000,income,6090620.0,17408.0,ok
1120,2023,24613000,income,4007947.0,19486.0,ok
1120,2024,24613000,income,5060956.0,19537.0,ok
1121,2023,24614000,income,5481478.0,15124.0,ok
1121,2024,24614000,income,6273399.0,14905.0,ok
1122,2023,24615000,income,1620193.0,7523.0,ok
1122,2024,24615000,income,1683203.0,7399.0,ok
1123,2023,24617000,income,2670751.0,8663.0,ok
1123,2024,24617000,income,3136259.0,8518.0,ok
1124,2023,24619000,income,1587528.0,4854.0,ok
1124,2024,24619000,income,1663122.0,4744.0,ok
1125,2023,24620000,income,7061834.0,21783.0,ok
1125,2024,24620000,income,6821313.0,21589.0,ok
1126,2023,24621000,income,3249142.0,10712.0,ok
1126,2024,24621000,income,3089485.0,10538.0,ok
1127,2023,24623000,income,8139011.0,30074.0,ok
1127,2024,24623000,income,9563619.0,29807.0,ok
1128,2023,24625000,income,2899114.0,9969.0,ok
1128,2024,24625000,income,2952977.0,9719.0,ok
1129,2023,24629000,income,2210801.0,10198.0,ok
1129,2024,24629000,income,2674148.0,9988.0,ok
1130,2023,24631000,income,10904224.0,33904.0,ok
1130,2024,24631000,income,12449663.0,33630.0,ok
1131,2023,24633000,income,4352033.0,19596.0,ok
1131,2024,24633000,income,4696988.0,19184.0,ok
1132,2023,24635000,income,4495859.0,19284.0,ok
1132,2024,24635000,income,5038432.0,19100.0,ok
1133,2023,24637000,income,2797454.0,11727.0,ok
1133,2024,24637000,income,3057902.0,11464.0,ok
1134,2023,25701000,income,468365898.0,,no_population
1134,2024,25701000,income,551703632.0,,no_population
1135,2023,25703000,income,114510186.0,230058.0,ok
1135,2024,25703000,income,237694577.0,229085.0,ok
1136,2023,25714000,income,111095249.0,221244.0,ok
1136,2024,25714000,income,129488680.0,220097.0,ok
1137,2023,25720000,income,10784443.0,30181.0,ok
1137,2024,25720000,income,12722012.0,29877.0,ok
1138,2023,25726000,income,25909223.0,35593.0,ok
1138,2024,25726000,income,18230839.0,35724.0,ok
1139,2023,25732000,income,13928569.0,37847.0,ok
1139,2024,25732000,income,17109888.0,37583.0,ok
1140,2023,25736000,income,24904165.0,73507.0,ok
1140,2024,25736000,income,29327006.0,72594.0,ok
1141,2023,25738000,income,40515611.0,78445.0,ok
1141,2024,25738000,income,44606375.0,77762.0,ok
1142,2023,25745000,income,19239998.0,53415.0,ok
1142,2024,25745000,income,20782097.0,53160.0,ok
1143,2023,25746000,income,4090240.0,15333.0,ok
1143,2024,25746000,income,4851099.0,15270.0,ok
1144,2023,25601000,income,2392353.0,8643.0,ok
1144,2024,25601000,income,2532677.0,8577.0,ok
1146,2023,25604000,income,18838201.0,47876.0,ok
1146,2024,25604000,income,22263883.0,47236.0,ok
1147,2023,25606000,income,30181412.0,8975.0,ok
1147,2024,25606000,income,31973862.0,9747.0,ok
1148,2023,25608000,income,8002205.0,26414.0,ok
1148,2024,25608000,income,8750991.0,26236.0,ok
1149,2023,25610000,income,3525368.0,,no_population
1149,2024,25610000,income,4168426.0,,no_population
1150,2023,25612000,income,69962578.0,,no_population
1150,2024,25612000,income,77046641.0,,no_population
1151,2023,25614000,income,18038212.0,15129.0,ok
1151,2024,25614000,income,20348518.0,14910.0,ok
1152,2023,25616000,income,10897487.0,3025.0,ok
1152,2024,25616000,income,14676252.0,3016.0,ok
1153,2023,25618000,income,4763577.0,15159.0,ok
1153,2024,25618000,income,5353249.0,15044.0,ok
1154,2023,25620000,income,14808941.0,15876.0,ok
1154,2024,25620000,income,16589068.0,15936.0,ok
1155,2023,25622000,income,8705405.0,27222.0,ok
1155,2024,25622000,income,9022560.0,26931.0,ok
1157,2023,25626000,income,23027191.0,42534.0,ok
1157,2024,25626000,income,26340894.0,41873.0,ok
1158,2023,25628000,income,22258582.0,52307.0,ok
1158,2024,25628000,income,23675434.0,51698.0,ok
1159,2023,25630000,income,2753954.0,,no_population
1159,2024,25630000,income,3244250.0,,no_population
1160,2023,25634000,income,13699544.0,38631.0,ok
1160,2024,25634000,income,16854830.0,38424.0,ok
1161,2023,25636000,income,27322063.0,70728.0,ok
1161,2024,25636000,income,33050505.0,69773.0,ok
1163,2023,25640000,income,15934511.0,,no_population
1163,2024,25640000,income,19592543.0,,no_population
1164,2023,25642000,income,9045509.0,13031.0,ok
1164,2024,25642000,income,9961506.0,12734.0,ok
1165,2023,25644000,income,58462390.0,42502.0,ok
1165,2024,25644000,income,74767327.0,41633.0,ok
1166,2023,25646000,income,3738073.0,13343.0,ok
1166,2024,25646000,income,4186466.0,13291.0,ok
1167,2023,25648000,income,7616765.0,,no_population
1167,2024,25648000,income,8528994.0,,no_population
1168,2023,25650000,income,9496137.0,,no_population
1168,2024,25650000,income,10842129.0,,no_population
1169,2023,25655000,income,25586486.0,,no_population
1169,2024,25655000,income,32329855.0,,no_population
1170,2023,25605000,income,7548076.0,22197.0,ok
1170,2024,25605000,income,8143838.0,22320.0,ok
1171,2023,25607000,income,3016872.0,11607.0,ok
1171,2024,25607000,income,3106333.0,11534.0,ok
1172,2023,25609000,income,6332494.0,25072.0,ok
1172,2024,25609000,income,6223872.0,25159.0,ok
1173,2023,25629000,income,4139687.0,15036.0,ok
1173,2024,25629000,income,4502604.0,14902.0,ok
1174,2023,25631000,income,5064764.0,20829.0,ok
1174,2024,25631000,income,5579380.0,20704.0,ok
1175,2023,25657000,income,8031101.0,29498.0,ok
1175,2024,25657000,income,9487615.0,29626.0,ok
1176,2023,27701000,income,565064262.0,489735.0,ok
1176,2024,27701000,income,597613820.0,489584.0,ok
1178,2023,27712000,income,2580323.0,8508.0,ok
1178,2024,27712000,income,2871416.0,8458.0,ok
1179,2023,27717000,income,4858995.0,12873.0,ok
1179,2024,27717000,income,5454485.0,12928.0,ok
1180,2023,27725000,income,14389687.0,27592.0,ok
1180,2024,27725000,income,16133067.0,27486.0,ok
1181,2023,27730000,income,13408157.0,38614.0,ok
1181,2024,27730000,income,14872307.0,38474.0,ok
1187,2023,27709000,income,9952979.0,37533.0,ok
1187,2024,27709000,income,11160757.0,37472.0,ok
1198,2023,29701000,income,226828836.0,355488.0,ok
1198,2024,29701000,income,276953775.0,351103.0,ok
1200,2023,29602000,income,7363326.0,,no_population
1200,2024,29602000,income,7509801.0,,no_population
1201,2023,29604000,income,1212254.0,,no_population
1201,2024,29604000,income,1442252.0,,no_population
1203,2023,29608000,income,20003123.0,,no_population
1203,2024,29608000,income,22734899.0,,no_population
1204,2023,29610000,income,3074189.0,,no_population
1204,2024,29610000,income,3735597.0,,no_population
1205,2023,29612000,income,2845180.0,,no_population
1205,2024,29612000,income,3284659.0,,no_population
1206,2023,29613000,income,20143495.0,,no_population
1206,2024,29613000,income,23922379.0,,no_population
1207,2023,29614000,income,14877806.0,,no_population
1207,2024,29614000,income,17569420.0,,no_population
1208,2023,29615000,income,1501423.0,,no_population
1208,2024,29615000,income,2058402.0,,no_population
1209,2023,29616000,income,14153939.0,,no_population
1209,2024,29616000,income,18154613.0,,no_population
1210,2023,29618000,income,1902889.0,,no_population
1210,2024,29618000,income,2374568.0,,no_population
1211,2023,29620000,income,15936769.0,,no_population
1211,2024,29620000,income,20729622.0,,no_population
1212,2023,29623000,income,22602226.0,,no_population
1212,2024,29623000,income,26474767.0,,no_population
1213,2023,29625000,income,4129719.0,,no_population
1213,2024,29625000,income,4463339.0,,no_population
1214,2023,29627000,income,2473906.0,,no_population
1214,2024,29627000,income,3421912.0,,no_population
1215,2023,29629000,income,2797777.0,,no_population
1215,2024,29629000,income,3180374.0,,no_population
1217,2023,29634000,income,2095756.0,,no_population
1217,2024,29634000,income,2642567.0,,no_population
1218,2023,29636000,income,6245663.0,,no_population
1218,2024,29636000,income,7521626.0,,no_population
1219,2023,29638000,income,4712825.0,,no_population
1219,2024,29638000,income,5322799.0,,no_population
1220,2023,29642000,income,1808068.0,,no_population
1220,2024,29642000,income,2132374.0,,no_population
1221,2023,29644000,income,4418037.0,,no_population
1221,2024,29644000,income,5277215.0,,no_population
1222,2023,29646000,income,3581938.0,,no_population
1222,2024,29646000,income,4152998.0,,no_population
1223,2023,29650000,income,2882310.0,,no_population
1223,2024,29650000,income,3602876.0,,no_population
1224,2023,32701000,income,340680202.0,549362.0,ok
1224,2024,32701000,income,402025874.0,544600.0,ok
1225,2023,32704000,income,22943389.0,70178.0,ok
1225,2024,32704000,income,26783521.0,69293.0,ok
1226,2023,32707000,income,52270929.0,120094.0,ok
1226,2024,32707000,income,63783802.0,119175.0,ok
1227,2023,32710000,income,14301386.0,45941.0,ok
1227,2024,32710000,income,16140110.0,45757.0,ok
1228,2023,32715000,income,10686353.0,29370.0,ok
1228,2024,32715000,income,13130967.0,29026.0,ok
1229,2023,32716000,income,32811310.0,86185.0,ok
1229,2024,32716000,income,38492769.0,85300.0,ok
1230,2023,32719000,income,41301667.0,91711.0,boundary_review
1230,2024,32719000,income,48729779.0,90570.0,boundary_review
1231,2023,32725000,income,46406232.0,96559.0,ok
1231,2024,32725000,income,56501643.0,96216.0,ok
1232,2023,32728000,income,16698352.0,41743.0,ok
1232,2024,32728000,income,18874974.0,41229.0,ok
1233,2023,32731000,income,260014407.0,533565.0,ok
1233,2024,32731000,income,333664535.0,531186.0,ok
1234,2023,32734000,income,16615129.0,44002.0,ok
1234,2024,32734000,income,17610354.0,43655.0,ok
1235,2023,32732000,income,11024590.0,28061.0,boundary_review
1235,2024,32732000,income,13227060.0,27901.0,boundary_review
1236,2023,32737000,income,56305706.0,174859.0,ok
1236,2024,32737000,income,66796775.0,172618.0,ok
1237,2023,32740000,income,7066961.0,23240.0,ok
1237,2024,32740000,income,8452883.0,23065.0,ok
1238,2023,32749000,income,21673054.0,78494.0,ok
1238,2024,32749000,income,26239312.0,78009.0,ok
1250,2023,32627000,income,18408667.0,49596.0,ok
1250,2024,32627000,income,22238026.0,48876.0,ok
1258,2023,33701000,income,295064394.0,496941.0,ok
1258,2024,33701000,income,340085191.0,500457.0,ok
1259,2023,33704000,income,11594359.0,29227.0,ok
1259,2024,33704000,income,13103320.0,28922.0,ok
1260,2023,33707000,income,33606761.0,65262.0,ok
1260,2024,33707000,income,38085811.0,64571.0,ok
1261,2023,33710000,income,7450127.0,19631.0,ok
1261,2024,33710000,income,8462355.0,19454.0,ok
1262,2023,33713000,income,10854541.0,28908.0,ok
1262,2024,33713000,income,12320759.0,28479.0,ok
1266,2023,33605000,income,4791810.0,15331.0,ok
1266,2024,33605000,income,5364463.0,15062.0,ok
1269,2023,33608000,income,2674174.0,6931.0,ok
1269,2024,33608000,income,3025324.0,6778.0,ok
1270,2023,33610000,income,6216724.0,22790.0,ok
1270,2024,33610000,income,6981243.0,22503.0,ok
1271,2023,33612000,income,3263946.0,8318.0,ok
1271,2024,33612000,income,3672670.0,8117.0,ok
1272,2023,33614000,income,6035995.0,16810.0,ok
1272,2024,33614000,income,6751203.0,16435.0,ok
1274,2023,33617000,income,2924417.0,9726.0,ok
1274,2024,33617000,income,3288205.0,9573.0,ok
1275,2023,33618000,income,6655624.0,19871.0,ok
1275,2024,33618000,income,7533784.0,19898.0,ok
1276,2023,33619000,income,3490592.0,10408.0,ok
1276,2024,33619000,income,3912294.0,9945.0,ok
1277,2023,33620000,income,5600315.0,14363.0,ok
1277,2024,33620000,income,6353670.0,14038.0,ok
1280,2023,33623000,income,6195442.0,20133.0,ok
1280,2024,33623000,income,6898811.0,19801.0,ok
1282,2023,33625000,income,2718930.0,6480.0,ok
1282,2024,33625000,income,3044099.0,6225.0,ok
1284,2023,33627000,income,4677370.0,15594.0,ok
1284,2024,33627000,income,5253299.0,15213.0,ok
1285,2023,33628000,income,13495377.0,33878.0,ok
1285,2024,33628000,income,15257911.0,33193.0,ok
1287,2023,33630000,income,8031274.0,24751.0,ok
1287,2024,33630000,income,9027957.0,24539.0,ok
1288,2023,33645000,income,3079372.0,9442.0,ok
1288,2024,33645000,income,3472973.0,9136.0,ok
1290,2023,33632000,income,4451517.0,11490.0,ok
1290,2024,33632000,income,4948090.0,11195.0,ok
1293,2023,33635000,income,8604872.0,31977.0,ok
1293,2024,33635000,income,9731145.0,32057.0,ok
1294,2023,33636000,income,7303689.0,21799.0,ok
1294,2024,33636000,income,8256173.0,21424.0,ok
1295,2023,33637000,income,2139704.0,5002.0,ok
1295,2024,33637000,income,2421043.0,4826.0,ok
1296,2023,33638000,income,1852567.0,5621.0,ok
1296,2024,33638000,income,2065205.0,5475.0,ok
1298,2023,33641000,income,6452051.0,19810.0,ok
1298,2024,33641000,income,7229188.0,19396.0,ok
1300,2023,33647000,income,2589158.0,7388.0,ok
1300,2024,33647000,income,2930910.0,7140.0,ok
1301,2023,33649000,income,6783780.0,16154.0,ok
1301,2024,33649000,income,7619913.0,15836.0,ok
1302,2023,33650000,income,6068129.0,19684.0,ok
1302,2024,33650000,income,6767377.0,19268.0,ok
1303,2023,34701000,income,,265965.0,missing
1303,2024,34701000,income,248019054.0,265761.0,ok
1304,2023,34705000,income,,20211.0,missing
1304,2024,34705000,income,7722233.0,19938.0,ok
1305,2023,34706000,income,,14079.0,missing
1305,2024,34706000,income,9617699.0,14030.0,ok
1306,2023,34708000,income,,12600.0,missing
1306,2024,34708000,income,5885962.0,12488.0,ok
1308,2023,34730000,income,,30369.0,missing
1308,2024,34730000,income,12626752.0,30008.0,ok
1309,2023,34602000,income,,5105.0,missing
1309,2024,34602000,income,2004057.0,4987.0,ok
1310,2023,34604000,income,,8754.0,missing
1310,2024,34604000,income,4511396.0,8634.0,ok
1311,2023,34606000,income,,6698.0,missing
1311,2024,34606000,income,2328028.0,6543.0,ok
1312,2023,34608000,income,,6412.0,missing
1312,2024,34608000,income,3661277.0,6258.0,ok
1313,2023,34610000,income,,5895.0,missing
1313,2024,34610000,income,2312739.0,5744.0,ok
1315,2023,34614000,income,,41653.0,missing
1315,2024,34614000,income,17793950.0,40577.0,ok
1316,2023,34616000,income,,16115.0,missing
1316,2024,34616000,income,13628995.0,16012.0,ok
1317,2023,34618000,income,,10096.0,missing
1317,2024,34618000,income,3524704.0,9933.0,ok
1321,2023,34626000,income,,28471.0,missing
1321,2024,34626000,income,11767815.0,27921.0,ok
1322,2023,34628000,income,,3343.0,missing
1322,2024,34628000,income,1428037.0,3257.0,ok
1323,2023,34630000,income,,8904.0,missing
1324,2023,34632000,income,,3003.0,missing
1328,2023,34640000,income,,7721.0,missing
1329,2023,34642000,income,,10893.0,missing
1329,2024,34642000,income,4643910.0,10748.0,ok
1330,2023,34644000,income,,5670.0,missing
1330,2024,34644000,income,2933731.0,5566.0,ok
1331,2023,34646000,income,,7779.0,missing
1331,2024,34646000,income,2734182.0,7653.0,ok
1333,2023,37701000,income,,305505.0,missing
1333,2024,37701000,income,258597779.0,302354.0,ok
1334,2023,37705000,income,,68102.0,missing
1334,2024,37705000,income,30687592.0,67884.0,ok
1337,2023,37606000,income,,,missing
1338,2023,37608000,income,,,missing
1341,2023,37612000,income,,,missing
1350,2023,37630000,income,,,missing
1392,2023,41603000,income,18261907.0,50977.0,ok
1392,2024,41603000,income,25470234.0,50855.0,ok
1393,2023,41606000,income,15106000.0,50211.0,ok
1393,2024,41606000,income,20967118.0,50257.0,ok
1394,2023,41609000,income,35021478.0,79417.0,ok
1394,2024,41609000,income,44812104.0,78679.0,ok
1395,2023,41612000,income,254289490.0,554288.0,ok
1395,2024,41612000,income,355897934.0,571142.0,ok
1396,2023,41615000,income,90912965.0,195374.0,ok
1396,2024,41615000,income,112788729.0,194689.0,ok
1397,2023,41618000,income,130892054.0,261898.0,ok
1397,2024,41618000,income,193021044.0,261522.0,ok
1398,2023,41621000,income,68866297.0,83838.0,ok
1398,2024,41621000,income,115729288.0,83361.0,ok
1399,2023,41624000,income,33750715.0,59877.0,ok
1399,2024,41624000,income,41738055.0,58942.0,ok
1400,2023,41625000,income,46974363.0,108460.0,ok
1400,2024,41625000,income,67418100.0,108186.0,ok
1401,2023,41627000,income,9373111.0,27548.0,ok
1401,2024,41627000,income,12644132.0,27168.0,ok
1402,2023,41630000,income,60113663.0,85329.0,ok
1402,2024,41630000,income,79035610.0,90576.0,ok
1403,2023,41633000,income,23884947.0,75307.0,ok
1403,2024,41633000,income,32685644.0,74392.0,ok
1404,2023,41636000,income,17118988.0,25508.0,ok
1404,2024,41636000,income,12066082.0,25067.0,ok
1405,2023,41639000,income,23015420.0,57047.0,ok
1405,2024,41639000,income,30793257.0,56730.0,ok
1406,2023,41642000,income,14015277.0,45192.0,ok
1406,2024,41642000,income,18696676.0,44406.0,ok
1407,2023,41645000,income,29245857.0,66266.0,ok
1407,2024,41645000,income,41198867.0,65782.0,ok
1408,2023,41648000,income,53328834.0,133109.0,ok
1408,2024,41648000,income,72400326.0,130546.0,ok
1409,2023,41754000,income,48507259.0,,no_population
1409,2024,41754000,income,60886998.0,,no_population
1410,2023,42701000,income,267684367.0,490428.0,ok
1410,2024,42701000,income,347636504.0,485260.0,ok
1411,2023,42715000,income,33907022.0,96918.0,ok
1411,2024,42715000,income,39795209.0,94902.0,ok
1412,2023,42603000,income,4392028.0,12561.0,ok
1412,2024,42603000,income,,12286.0,missing
1413,2023,42606000,income,33024370.0,77162.0,ok
1413,2024,42606000,income,35637395.0,77383.0,ok
1414,2023,42609000,income,10833377.0,31727.0,ok
1414,2024,42609000,income,11580174.0,31514.0,ok
1415,2023,42612000,income,9876140.0,32556.0,ok
1415,2024,42612000,income,9672314.0,32283.0,ok
1416,2023,42615000,income,8148698.0,26851.0,ok
1416,2024,42615000,income,,26993.0,missing
1417,2023,42618000,income,4763636.0,16041.0,ok
1417,2024,42618000,income,4845073.0,15713.0,ok
1419,2023,42624000,income,9232518.0,33711.0,ok
1419,2024,42624000,income,11013920.0,33205.0,ok
1420,2023,42627000,income,3972987.0,14930.0,ok
1420,2024,42627000,income,,14799.0,missing
1421,2023,42630000,income,3916893.0,13303.0,ok
1421,2024,42630000,income,4388773.0,13181.0,ok
1422,2023,42633000,income,15432773.0,39264.0,ok
1422,2024,42633000,income,16661869.0,38865.0,ok
1423,2023,42636000,income,4857836.0,16391.0,ok
1423,2024,42636000,income,5145355.0,16181.0,ok
1425,2023,42642000,income,4874360.0,16432.0,ok
1425,2024,42642000,income,,16521.0,missing
1426,2023,42645000,income,7166866.0,20572.0,ok
1426,2024,42645000,income,7686933.0,20466.0,ok
1427,2023,42648000,income,12475868.0,49307.0,ok
1427,2024,42648000,income,14393617.0,49178.0,ok
1428,2023,42652000,income,5542582.0,18518.0,ok
1428,2024,42652000,income,6037544.0,18262.0,ok
1429,2023,42656000,income,8630365.0,30120.0,ok
1429,2024,42656000,income,9986768.0,29850.0,ok
1430,2023,44701000,income,114810933.0,95408.0,ok
1430,2024,44701000,income,137198772.0,94768.0,ok
1439,2023,46704000,income,272602725.0,549846.0,boundary_review
1439,2024,46704000,income,348692032.0,554248.0,boundary_review
1440,2023,46705000,income,17252501.0,21294.0,ok
1440,2024,46705000,income,17771927.0,20981.0,ok
1443,2023,46711000,income,40199996.0,57700.0,boundary_review
1443,2024,46711000,income,49844929.0,57434.0,boundary_review
1444,2023,46716000,income,94332759.0,119957.0,ok
1444,2024,46716000,income,115340150.0,119089.0,ok
1445,2023,46709000,income,180979738.0,222807.0,ok
1445,2024,46709000,income,286951360.0,226573.0,ok
1446,2023,46718000,income,68653259.0,74193.0,ok
1446,2024,46718000,income,85420630.0,74032.0,ok
1447,2023,46722000,income,52525185.0,111398.0,ok
1447,2024,46722000,income,54871865.0,111759.0,ok
1448,2023,46725000,income,84496341.0,110507.0,ok
1448,2024,46725000,income,99144148.0,110083.0,ok
1449,2023,46729000,income,14967737.0,36534.0,ok
1449,2024,46729000,income,18429489.0,36618.0,ok
1453,2023,46733000,income,147574045.0,172848.0,ok
1453,2024,46733000,income,173510237.0,171213.0,ok
1454,2023,46735000,income,34740037.0,66371.0,ok
1454,2024,46735000,income,37937650.0,65747.0,ok
1456,2023,46734000,income,181738349.0,226936.0,boundary_review
1456,2024,46734000,income,210035703.0,226007.0,boundary_review
1457,2023,46739000,income,48755412.0,68758.0,ok
1457,2024,46739000,income,68815130.0,72311.0,ok
1459,2023,46744000,income,418001750.0,324754.0,ok
1459,2024,46744000,income,655090364.0,335991.0,ok
1461,2023,46740000,income,67341415.0,81968.0,ok
1461,2024,46740000,income,84229537.0,81143.0,ok
1463,2023,46747000,income,37431806.0,60722.0,ok
1463,2024,46747000,income,34010110.0,61079.0,ok
1464,2023,46741000,income,34890725.0,66079.0,ok
1464,2024,46741000,income,46696820.0,66526.0,ok
1465,2023,46748000,income,235437289.0,356489.0,boundary_review
1465,2024,46748000,income,300763598.0,364888.0,boundary_review
1467,2023,46746000,income,261607448.0,299964.0,ok
1467,2024,46746000,income,341155414.0,309564.0,ok
1468,2023,46750000,income,88923323.0,194589.0,boundary_review
1468,2024,46750000,income,196471171.0,198501.0,boundary_review
1472,2023,46760000,income,334849878.0,350268.0,boundary_review
1472,2024,46760000,income,439805595.0,350634.0,boundary_review
1473,2023,46767000,income,17823141.0,36985.0,boundary_review
1473,2024,46767000,income,35753749.0,37221.0,boundary_review
1474,2023,46762000,income,13951165.0,19392.0,boundary_review
1474,2024,46762000,income,18521505.0,19342.0,boundary_review
1475,2023,46764000,income,72743234.0,113140.0,ok
1475,2024,46764000,income,88509229.0,112070.0,ok
1477,2023,46766000,income,38317727.0,79513.0,ok
1477,2024,46766000,income,51703293.0,79874.0,ok
1478,2023,46772000,income,12312392.0,23475.0,ok
1478,2024,46772000,income,9572622.0,23278.0,ok
1480,2023,46776000,income,73250592.0,118268.0,ok
1480,2024,46776000,income,87541896.0,118129.0,ok
1481,2023,46780000,income,47366902.0,59622.0,ok
1481,2024,46780000,income,55996403.0,58677.0,ok
1483,2023,46781000,income,28482978.0,21789.0,ok
1483,2024,46781000,income,34829002.0,21254.0,ok
1484,2023,46784000,income,76394144.0,146908.0,ok
1484,2024,46784000,income,90229417.0,146643.0,ok
1486,2023,46787000,income,19483686.0,29700.0,ok
1486,2024,46787000,income,12729082.0,29743.0,ok
1488,2023,46790000,income,95970256.0,152190.0,ok
1488,2024,46790000,income,119394584.0,150729.0,ok
1506,2023,47701000,income,309733255.0,267422.0,ok
1506,2024,47701000,income,342759177.0,266681.0,ok
1518,2023,47608000,income,31379200.0,39935.0,ok
1518,2024,47608000,income,35406446.0,39330.0,ok
1519,2023,47605000,income,81194145.0,33510.0,ok
1519,2024,47605000,income,66560350.0,33201.0,ok
1520,2023,47610000,income,15272752.0,8695.0,ok
1520,2024,47610000,income,12471656.0,8770.0,ok
1522,2023,47620000,income,3092300.0,4619.0,ok
1522,2024,47620000,income,3030197.0,4698.0,ok
1523,2023,22701000,income,930977922.0,1237128.0,boundary_review
1523,2024,22701000,income,1098781649.0,1228702.0,boundary_review
1525,2023,22712000,income,61284562.0,117831.0,ok
1525,2024,22712000,income,63707918.0,117552.0,ok
1526,2023,22715000,income,54282501.0,72979.0,ok
1526,2024,22715000,income,57625483.0,72393.0,ok
1527,2023,22721000,income,112917620.0,226691.0,ok
1527,2024,22721000,income,139864806.0,225251.0,ok
1528,2023,22727000,income,15084992.0,45413.0,ok
1528,2024,22727000,income,18608619.0,45056.0,ok
1529,2023,22730000,income,8842910.0,20982.0,ok
1529,2024,22730000,income,9061928.0,20671.0,ok
1530,2023,22739000,income,4301214.0,16141.0,ok
1530,2024,22739000,income,4823677.0,16026.0,ok
1532,2023,22737000,income,13391972.0,45539.0,ok
1532,2024,22737000,income,16120659.0,45405.0,ok
1533,2023,22758000,income,10870036.0,29014.0,ok
1533,2024,22758000,income,12526901.0,28511.0,ok
1534,2023,22734000,income,6166694.0,17309.0,ok
1534,2024,22734000,income,7675760.0,17117.0,ok
1535,2023,22749000,income,3743562.0,10897.0,ok
1535,2024,22749000,income,4547256.0,10807.0,ok
1536,2023,22755000,income,5684029.0,19249.0,ok
1536,2024,22755000,income,6777126.0,19063.0,ok
1575,2023,49701000,income,133472365.0,223191.0,ok
1575,2024,49701000,income,154646461.0,222340.0,ok
1577,2023,49606000,income,24518235.0,60848.0,ok
1577,2024,49606000,income,28396744.0,60283.0,ok
1578,2023,49608000,income,9442080.0,21976.0,ok
1578,2024,49608000,income,10086812.0,21712.0,ok
1580,2023,49612000,income,2755445.0,9662.0,ok
1581,2023,49614000,income,4156752.0,11386.0,ok
1582,2023,49616000,income,2358020.0,7179.0,ok
1582,2024,49616000,income,2777771.0,7088.0,ok
1583,2023,49620000,income,4454737.0,13275.0,ok
1583,2024,49620000,income,4955351.0,13111.0,ok
1585,2023,49624000,income,1345951.0,5682.0,ok
1586,2023,49625000,income,19426779.0,64063.0,ok
1586,2024,49625000,income,23507319.0,64120.0,ok
1587,2023,49628000,income,8996871.0,18528.0,ok
1587,2024,49628000,income,9399608.0,18071.0,ok
1588,2023,49630000,income,3303334.0,11684.0,ok
1588,2024,49630000,income,3587483.0,11516.0,ok
1589,2023,49632000,income,6417899.0,18377.0,ok
1590,2023,49634000,income,923252.0,3266.0,ok
1590,2024,49634000,income,887540.0,3220.0,ok
1592,2023,49639000,income,13133677.0,37988.0,ok
1592,2024,49639000,income,14714657.0,37508.0,ok
1594,2023,49647000,income,1535749.0,4724.0,ok
1594,2024,49647000,income,1489476.0,4643.0,ok
1595,2023,49650000,income,5849496.0,18546.0,ok
1595,2024,49650000,income,6513150.0,18345.0,ok
1596,2023,49655000,income,3057703.0,9125.0,ok
1596,2024,49655000,income,3125659.0,9113.0,ok
1597,2023,50701000,income,1434120812.0,1635338.0,ok
1597,2024,50701000,income,1669701867.0,1633851.0,ok
1598,2023,50708000,income,50321957.0,102965.0,ok
1598,2024,50708000,income,53795183.0,102760.0,ok
1599,2023,50712000,income,21260819.0,56781.0,ok
1599,2024,50712000,income,24898376.0,56654.0,ok
1600,2023,50717000,income,10763514.0,30762.0,ok
1600,2024,50717000,income,12799234.0,31050.0,ok
1601,2023,50740000,income,22162408.0,20873.0,ok
1601,2024,50740000,income,24161700.0,20883.0,ok
1602,2023,50603000,income,4095652.0,14189.0,ok
1602,2024,50603000,income,4498767.0,13948.0,ok
1603,2023,50604000,income,12193597.0,38921.0,ok
1603,2024,50604000,income,14414603.0,38628.0,ok
1604,2023,50606000,income,7176494.0,25450.0,ok
1604,2024,50606000,income,8510462.0,25205.0,ok
1605,2023,50608000,income,4501691.0,14978.0,ok
1605,2024,50608000,income,4996719.0,14721.0,ok
1606,2023,50610000,income,4377476.0,12894.0,ok
1606,2024,50610000,income,4671013.0,12663.0,ok
1607,2023,50613000,income,3873229.0,11954.0,ok
1607,2024,50613000,income,4409036.0,11725.0,ok
1608,2023,50615000,income,23324643.0,58772.0,ok
1608,2024,50615000,income,26799960.0,58382.0,ok
1609,2023,50617000,income,12761469.0,38488.0,ok
1609,2024,50617000,income,14200266.0,38279.0,ok
1610,2023,50619000,income,4416096.0,14171.0,ok
1610,2024,50619000,income,5016465.0,14001.0,ok
1611,2023,50621000,income,7423859.0,24523.0,ok
1611,2024,50621000,income,8501717.0,24293.0,ok
1612,2023,50623000,income,12264831.0,45134.0,ok
1612,2024,50623000,income,13964828.0,45219.0,ok
1613,2023,50625000,income,4009308.0,11625.0,ok
1613,2024,50625000,income,4189384.0,11493.0,ok
1614,2023,50627000,income,9290087.0,27773.0,ok
1614,2024,50627000,income,9811652.0,27453.0,ok
1615,2023,50630000,income,15779748.0,54201.0,ok
1615,2024,50630000,income,18423049.0,53654.0,ok
1616,2023,50632000,income,8457882.0,25707.0,ok
1616,2024,50632000,income,9368495.0,25382.0,ok
1617,2023,50634000,income,2832262.0,9149.0,ok
1617,2024,50634000,income,3200575.0,8984.0,ok
1618,2023,50636000,income,7133173.0,23583.0,ok
1618,2024,50636000,income,8383579.0,23528.0,ok
1619,2023,50638000,income,12491983.0,40629.0,ok
1619,2024,50638000,income,14918227.0,40479.0,ok
1620,2023,50640000,income,89768099.0,166514.0,ok
1620,2024,50640000,income,98147585.0,170131.0,ok
1621,2023,50642000,income,10531717.0,33811.0,ok
1621,2024,50642000,income,12463067.0,33623.0,ok
1622,2023,50644000,income,2180696.0,7477.0,ok
1622,2024,50644000,income,2487888.0,7319.0,ok
1623,2023,50648000,income,7678673.0,31331.0,ok
1623,2024,50648000,income,8991294.0,31042.0,ok
1624,2023,50650000,income,11101343.0,36987.0,ok
1624,2024,50650000,income,12980684.0,36645.0,ok
1625,2023,50652000,income,15483558.0,53998.0,ok
1625,2024,50652000,income,17708324.0,53463.0,ok
1626,2023,50654000,income,3443125.0,11475.0,ok
1626,2024,50654000,income,3862450.0,11277.0,ok
1627,2023,50655000,income,2980008.0,10803.0,ok
1627,2024,50655000,income,3197315.0,10681.0,ok
1628,2023,50656000,income,6576844.0,20576.0,ok
1628,2024,50656000,income,7682874.0,20323.0,ok
1629,2023,50657000,income,11802489.0,49264.0,ok
1629,2024,50657000,income,13837660.0,49025.0,ok
1630,2023,50658000,income,4544234.0,13966.0,ok
1630,2024,50658000,income,5102208.0,13809.0,ok
1631,2023,50659000,income,5658345.0,19204.0,ok
1631,2024,50659000,income,6644046.0,18959.0,ok
1632,2023,52701000,income,706315596.0,1110836.0,ok
1632,2024,52701000,income,779884199.0,1104485.0,ok
1633,2023,52601000,income,6859274.0,25205.0,ok
1633,2024,52601000,income,7554683.0,25339.0,ok
1634,2023,52603000,income,6948479.0,21790.0,ok
1634,2024,52603000,income,7445546.0,21499.0,ok
1635,2023,52606000,income,1827719.0,5942.0,ok
1635,2024,52606000,income,2080177.0,5838.0,ok
1636,2023,52609000,income,4981120.0,18361.0,ok
1636,2024,52609000,income,5067402.0,18069.0,ok
1637,2023,52612000,income,2725088.0,9906.0,ok
1637,2024,52612000,income,3077815.0,9777.0,ok
1638,2023,52615000,income,11218943.0,35753.0,ok
1638,2024,52615000,income,12476722.0,35262.0,ok
1639,2023,52618000,income,15004256.0,36093.0,ok
1639,2024,52618000,income,15172295.0,35486.0,ok
1640,2023,52621000,income,2388683.0,8999.0,ok
1640,2024,52621000,income,2645461.0,8763.0,ok
1641,2023,52623000,income,7233071.0,23330.0,ok
1641,2024,52623000,income,7992664.0,23179.0,ok
1642,2023,52626000,income,4195435.0,12896.0,ok
1642,2024,52626000,income,4518343.0,12735.0,ok
1643,2023,52629000,income,9688524.0,38401.0,ok
1643,2024,52629000,income,10820043.0,38168.0,ok
1644,2023,52630000,income,6878705.0,25346.0,ok
1644,2024,52630000,income,7760469.0,25313.0,ok
1645,2023,52632000,income,7236849.0,26599.0,ok
1645,2024,52632000,income,7828411.0,26392.0,ok
1646,2023,52634000,income,5300511.0,17328.0,ok
1646,2024,52634000,income,5400729.0,16992.0,ok
1647,2023,52636000,income,4555246.0,18133.0,ok
1647,2024,52636000,income,4896940.0,17786.0,ok
1648,2023,52639000,income,5090654.0,12382.0,ok
1648,2024,52639000,income,4354985.0,12230.0,ok
1649,2023,52641000,income,6739540.0,20645.0,ok
1649,2024,52641000,income,6943560.0,20369.0,ok
1650,2023,52642000,income,5415943.0,16029.0,ok
1650,2024,52642000,income,5078924.0,15856.0,ok
1651,2023,52643000,income,5332812.0,11914.0,ok
1651,2024,52643000,income,3697830.0,11776.0,ok
1652,2023,52644000,income,39080816.0,100896.0,ok
1652,2024,52644000,income,45616994.0,100576.0,ok
1653,2023,52646000,income,4302591.0,17572.0,ok
1653,2024,52646000,income,4938777.0,17473.0,ok
1654,2023,52648000,income,6037397.0,18394.0,ok
1654,2024,52648000,income,6319181.0,18147.0,ok
1655,2023,52650000,income,4830600.0,15831.0,ok
1655,2024,52650000,income,4882445.0,15619.0,ok
1656,2023,52651000,income,4351112.0,16047.0,ok
1656,2024,52651000,income,4343815.0,15815.0,ok
1657,2023,52652000,income,2225423.0,8285.0,ok
1657,2024,52652000,income,2436968.0,8137.0,ok
1658,2023,52653000,income,11107638.0,33534.0,ok
1658,2024,52653000,income,11418762.0,33312.0,ok
1659,2023,52654000,income,11050268.0,40239.0,ok
1659,2024,52654000,income,12293552.0,39838.0,ok
1660,2023,52655000,income,3187141.0,12174.0,ok
1660,2024,52655000,income,3546241.0,11958.0,ok
1661,2023,52656000,income,5244815.0,19472.0,ok
1661,2024,52656000,income,5879284.0,19114.0,ok
1662,2023,52657000,income,2651312.0,9400.0,ok
1662,2024,52657000,income,2871153.0,9157.0,ok
1663,2023,52658000,income,9121491.0,25357.0,ok
1663,2024,52658000,income,8058195.0,24866.0,ok
1664,2023,52659000,income,6771851.0,18975.0,ok
1664,2024,52659000,income,6792667.0,18767.0,ok
1665,2023,53701000,income,263350690.0,552831.0,ok
1665,2024,53701000,income,309663260.0,550344.0,ok
1666,2023,53704000,income,7885355.0,23702.0,ok
1666,2024,53704000,income,8014052.0,23381.0,ok
1667,2023,53708000,income,14214863.0,43072.0,ok
1667,2024,53708000,income,14990826.0,42519.0,ok
1668,2023,53712000,income,36904315.0,88419.0,ok
1668,2024,53712000,income,41429673.0,88339.0,ok
1669,2023,53713000,income,24650271.0,39585.0,ok
1669,2024,53713000,income,28827534.0,39040.0,ok
1670,2023,53714000,income,9213985.0,40777.0,ok
1670,2024,53714000,income,10312891.0,40357.0,ok
1671,2023,53715000,income,7432750.0,24531.0,ok
1671,2024,53715000,income,8543692.0,24149.0,ok
1672,2023,53720000,income,38856581.0,79946.0,ok
1672,2024,53720000,income,43102743.0,79410.0,ok
1673,2023,53723000,income,77959958.0,190980.0,ok
1673,2024,53723000,income,94900809.0,190318.0,ok
1674,2023,53725000,income,26935572.0,45870.0,ok
1674,2024,53725000,income,29788170.0,45181.0,ok
1675,2023,53727000,income,12548639.0,40343.0,ok
1675,2024,53727000,income,13332823.0,39845.0,ok
1676,2023,53732000,income,6204333.0,17951.0,ok
1676,2024,53732000,income,10296952.0,17793.0,ok
1678,2023,53604000,income,4591203.0,19557.0,ok
1678,2024,53604000,income,4611012.0,18976.0,ok
1679,2023,53605000,income,4760640.0,19217.0,ok
1679,2024,53605000,income,4725126.0,19016.0,ok
1680,2023,53606000,income,3912936.0,12956.0,ok
1680,2024,53606000,income,3492715.0,12753.0,ok
1681,2023,53607000,income,5684938.0,16050.0,ok
1681,2024,53607000,income,4564556.0,15753.0,ok
1682,2023,53610000,income,3244061.0,13393.0,ok
1682,2024,53610000,income,3386826.0,13156.0,ok
1683,2023,53611000,income,4867482.0,16658.0,ok
1683,2024,53611000,income,4402631.0,16252.0,ok
1685,2023,53615000,income,5419602.0,10778.0,ok
1685,2024,53615000,income,5247288.0,10558.0,ok
1686,2023,53617000,income,3306027.0,11377.0,ok
1686,2024,53617000,income,3446334.0,11105.0,ok
1687,2023,53619000,income,5711939.0,25508.0,ok
1687,2024,53619000,income,5671712.0,25229.0,ok
1688,2023,53622000,income,4663980.0,14901.0,ok
1688,2024,53622000,income,4358815.0,14438.0,ok
1689,2023,53623000,income,5092694.0,17170.0,ok
1689,2024,53623000,income,5053214.0,16960.0,ok
1690,2023,53625000,income,6613565.0,14428.0,ok
1690,2024,53625000,income,5850624.0,14152.0,ok
1691,2023,53627000,income,3709791.0,9034.0,ok
1691,2024,53627000,income,3367226.0,8826.0,ok
1692,2023,53630000,income,9086294.0,23850.0,ok
1692,2024,53630000,income,10220452.0,23447.0,ok
1693,2023,53631000,income,10523431.0,29332.0,ok
1693,2024,53631000,income,10876177.0,28827.0,ok
1694,2023,53633000,income,5370204.0,17286.0,ok
1694,2024,53633000,income,5658950.0,17079.0,ok
1696,2023,53636000,income,7003514.0,21087.0,ok
1696,2024,53636000,income,7731236.0,20575.0,ok
1697,2023,53637000,income,6369513.0,20555.0,ok
1697,2024,53637000,income,6826983.0,20288.0,ok
1698,2023,53638000,income,4272065.0,13036.0,ok
1698,2024,53638000,income,3615478.0,12885.0,ok
1699,2023,53640000,income,6563840.0,29265.0,ok
1699,2024,53640000,income,7408736.0,29252.0,ok
1700,2023,53641000,income,9618956.0,40080.0,ok
1700,2024,53641000,income,10405626.0,39786.0,ok
1701,2023,53642000,income,2687244.0,9948.0,ok
1701,2024,53642000,income,2656480.0,9689.0,ok
1702,2023,53643000,income,3315221.0,10948.0,ok
1702,2024,53643000,income,3402353.0,10754.0,ok
1703,2023,53651000,income,7052942.0,20103.0,ok
1703,2024,53651000,income,7371852.0,19856.0,ok
1704,2023,53652000,income,6745597.0,31220.0,ok
1704,2024,53652000,income,6718731.0,30816.0,ok
1705,2023,53653000,income,4166502.0,17316.0,ok
1705,2024,53653000,income,4217044.0,17089.0,ok
1706,2023,53656000,income,4134714.0,14948.0,ok
1706,2024,53656000,income,4109000.0,14855.0,ok
1707,2023,54701000,income,148512120.0,296633.0,ok
1707,2024,54701000,income,171805683.0,292406.0,ok
1708,2023,54705000,income,16927301.0,42928.0,ok
1708,2024,54705000,income,20563326.0,42694.0,ok
1709,2023,54710000,income,13518412.0,36070.0,ok
1709,2024,54710000,income,17607138.0,35554.0,ok
1710,2023,54604000,income,5858670.0,15224.0,ok
1710,2024,54604000,income,5749504.0,14977.0,ok
1711,2023,54608000,income,6261356.0,14730.0,ok
1711,2024,54608000,income,6229993.0,14493.0,ok
1712,2023,54610000,income,3289526.0,10245.0,ok
1712,2024,54610000,income,3431853.0,10168.0,ok
1714,2023,54615000,income,3318547.0,8684.0,ok
1714,2024,54615000,income,3193805.0,8587.0,ok
1715,2023,54618000,income,3482387.0,11725.0,ok
1715,2024,54618000,income,3914971.0,11724.0,ok
1717,2023,54623000,income,4329199.0,12459.0,ok
1717,2024,54623000,income,4058360.0,12286.0,ok
1718,2023,54624000,income,2163552.0,5146.0,ok
1718,2024,54624000,income,2069336.0,5084.0,ok
1719,2023,54625000,income,6403183.0,20502.0,ok
1719,2024,54625000,income,7735939.0,20537.0,ok
1722,2023,54632000,income,2961897.0,9363.0,ok
1722,2024,54632000,income,3299943.0,9312.0,ok
1724,2023,54639000,income,2771760.0,9076.0,ok
1724,2024,54639000,income,3031800.0,9028.0,ok
1725,2023,54643000,income,2323301.0,6700.0,ok
1725,2024,54643000,income,2303137.0,6534.0,ok
1727,2023,54650000,income,3684885.0,11950.0,ok
1727,2024,54650000,income,3922319.0,11873.0,ok
1728,2023,54652000,income,4344875.0,13382.0,ok
1728,2024,54652000,income,4873635.0,13337.0,ok
1730,2023,54654000,income,2125899.0,7739.0,ok
1730,2024,54654000,income,2524902.0,7678.0,ok
1731,2023,54655000,income,4766307.0,17312.0,ok
1731,2024,54655000,income,5225308.0,17284.0,ok
1732,2023,54657000,income,2264295.0,7911.0,ok
1732,2024,54657000,income,2673418.0,7819.0,ok
1733,2023,54659000,income,1819808.0,5916.0,ok
1733,2024,54659000,income,2226243.0,5835.0,ok
1737,2023,56603000,income,5133254.0,19237.0,ok
1737,2024,56603000,income,5862580.0,19102.0,ok
1738,2023,56609000,income,3397199.0,13678.0,ok
1738,2024,56609000,income,3640522.0,13474.0,ok
1739,2023,56612000,income,6141606.0,24016.0,ok
1739,2024,56612000,income,7046504.0,23699.0,ok
1740,2023,56613000,income,11977316.0,45314.0,ok
1740,2024,56613000,income,13336185.0,44901.0,ok
1741,2023,56615000,income,1711254.0,7239.0,ok
1741,2024,56615000,income,1987993.0,7153.0,ok
1742,2023,56618000,income,10480133.0,45423.0,ok
1742,2024,56618000,income,11935435.0,45419.0,ok
1743,2023,56623000,income,4989065.0,18759.0,ok
1743,2024,56623000,income,5540105.0,18592.0,ok
1744,2023,56626000,income,2177183.0,8420.0,ok
1744,2024,56626000,income,2508853.0,8268.0,ok
1745,2023,56629000,income,15393356.0,48988.0,ok
1745,2024,56629000,income,16758613.0,48394.0,ok
1746,2023,56631000,income,2378493.0,10012.0,ok
1746,2024,56631000,income,2676770.0,9895.0,ok
1747,2023,56633000,income,5423718.0,20763.0,ok
1747,2024,56633000,income,6253329.0,20513.0,ok
1749,2023,56642000,income,4582397.0,11418.0,ok
1749,2024,56642000,income,5003388.0,11327.0,ok
1750,2023,56643000,income,3872332.0,15887.0,ok
1750,2024,56643000,income,4361502.0,15623.0,ok
1751,2023,56644000,income,2034113.0,8054.0,ok
1751,2024,56644000,income,2318703.0,7959.0,ok
1752,2023,56645000,income,6835133.0,23972.0,ok
1752,2024,56645000,income,7602285.0,23532.0,ok
1753,2023,56647000,income,2163340.0,9855.0,ok
1753,2024,56647000,income,2378146.0,9756.0,ok
1754,2023,56649000,income,2715358.0,13276.0,ok
1754,2024,56649000,income,3000057.0,13081.0,ok
1755,2023,56651000,income,12797644.0,35895.0,ok
1755,2024,56651000,income,14421050.0,35595.0,ok
1756,2023,56653000,income,8375073.0,27852.0,ok
1756,2024,56653000,income,9056359.0,27530.0,ok
1757,2023,56654000,income,3318677.0,13098.0,ok
1757,2024,56654000,income,3752719.0,12972.0,ok
1758,2023,56655000,income,23007353.0,66046.0,ok
1758,2024,56655000,income,27427227.0,66409.0,ok
1759,2023,56656000,income,12779162.0,44853.0,ok
1759,2024,56656000,income,14690538.0,44283.0,ok
1760,2023,56657000,income,2820004.0,13770.0,ok
1760,2024,56657000,income,3113337.0,13512.0,ok
1761,2023,56606000,income,2812444.0,11004.0,ok
1761,2024,56606000,income,3238170.0,10833.0,ok
1762,2023,56658000,income,3609737.0,12852.0,ok
1762,2024,56658000,income,3948054.0,12659.0,ok
1764,2023,58701000,income,90687428.0,189315.0,ok
1764,2024,58701000,income,107580530.0,187129.0,ok
1765,2023,58710000,income,44341410.0,85989.0,ok
1765,2024,58710000,income,52235518.0,85442.0,ok
1766,2023,58604000,income,2828302.0,,no_population
1766,2024,58604000,income,3230963.0,,no_population
1768,2023,58608000,income,2449040.0,,no_population
1768,2024,58608000,income,2845506.0,,no_population
1769,2023,58610000,income,3680265.0,,no_population
1769,2024,58610000,income,4184780.0,,no_population
1770,2023,58612000,income,3862670.0,,no_population
1770,2024,58612000,income,4449884.0,,no_population
1771,2023,58614000,income,1521603.0,,no_population
1773,2023,58618000,income,1748514.0,,no_population
1774,2023,58620000,income,6123556.0,,no_population
1775,2023,58623000,income,1682006.0,,no_population
1776,2023,58626000,income,3705910.0,,no_population
1776,2024,58626000,income,4239339.0,,no_population
1777,2023,58629000,income,4632400.0,,no_population
1778,2023,58633000,income,6904915.0,,no_population
1778,2024,58633000,income,7904071.0,,no_population
1780,2023,58640000,income,5289813.0,,no_population
1781,2023,58643000,income,1926830.0,,no_population
1781,2024,58643000,income,2200638.0,,no_population
1782,2023,58647000,income,5206858.0,,no_population
1782,2024,58647000,income,5881468.0,,no_population
1783,2023,58649000,income,11835378.0,,no_population
1783,2024,58649000,income,14270803.0,,no_population
1784,2023,58650000,income,2133907.0,,no_population
1784,2024,58650000,income,2425654.0,,no_population
1785,2023,58651000,income,2527717.0,,no_population
1785,2024,58651000,income,2945071.0,,no_population
1786,2023,58653000,income,2533757.0,,no_population
1787,2023,58654000,income,4980277.0,,no_population
1787,2024,58654000,income,5755040.0,,no_population
1788,2023,58656000,income,3124980.0,,no_population
1845,2023,61701000,income,318273171.0,523203.0,ok
1845,2024,61701000,income,367066837.0,520509.0,ok
1846,2023,61705000,income,12132860.0,27821.0,boundary_review
1846,2024,61705000,income,13151668.0,27537.0,boundary_review
1848,2023,61715000,income,8444294.0,25708.0,boundary_review
1848,2024,61715000,income,8664110.0,25424.0,boundary_review
1849,2023,61602000,income,2602472.0,6511.0,ok
1849,2024,61602000,income,2727535.0,6377.0,ok
1850,2023,61604000,income,2556631.0,7831.0,ok
1850,2024,61604000,income,2788481.0,7676.0,ok
1851,2023,61606000,income,1595724.0,7386.0,ok
1851,2024,61606000,income,1844292.0,7264.0,ok
1852,2023,61608000,income,9859467.0,27244.0,boundary_review
1852,2024,61608000,income,10300795.0,26914.0,boundary_review
1853,2023,61610000,income,6575977.0,20955.0,ok
1853,2024,61610000,income,7718227.0,20755.0,ok
1854,2023,61612000,income,5087441.0,21903.0,ok
1854,2024,61612000,income,6408526.0,21723.0,ok
1855,2023,61615000,income,3485746.0,10730.0,ok
1855,2024,61615000,income,3743744.0,10602.0,ok
1856,2023,61617000,income,8385670.0,31518.0,ok
1856,2024,61617000,income,9976804.0,31192.0,ok
1857,2023,61620000,income,3511597.0,10529.0,ok
1857,2024,61620000,income,3598712.0,10428.0,ok
1858,2023,61623000,income,1751644.0,4629.0,ok
1858,2024,61623000,income,1854901.0,4600.0,ok
1859,2023,61625000,income,8624129.0,30144.0,ok
1859,2024,61625000,income,10471900.0,29852.0,ok
1860,2023,61626000,income,2184440.0,,no_population
1861,2023,61627000,income,15198810.0,38973.0,ok
1861,2024,61627000,income,17326085.0,38941.0,ok
1862,2023,61630000,income,8720131.0,27032.0,ok
1863,2023,61634000,income,22476596.0,62396.0,ok
1863,2024,61634000,income,29146464.0,63439.0,ok
1864,2023,61637000,income,3827980.0,9059.0,ok
1864,2024,61637000,income,2847810.0,8943.0,ok
1865,2023,61640000,income,6067237.0,14601.0,ok
1865,2024,61640000,income,5823216.0,14373.0,ok
1868,2023,61646000,income,7638279.0,24474.0,ok
1868,2024,61646000,income,8197171.0,24415.0,ok
1869,2023,61648000,income,4474890.0,15692.0,ok
1869,2024,61648000,income,5806681.0,15533.0,ok
1870,2023,61650000,income,2872903.0,8264.0,ok
1870,2024,61650000,income,2924855.0,8122.0,ok
1871,2023,61653000,income,1764541.0,6742.0,ok
1871,2024,61653000,income,1976346.0,6634.0,ok
1872,2023,61656000,income,5555356.0,20503.0,ok
1872,2024,61656000,income,6438623.0,20266.0,ok
1873,2023,61658000,income,10340406.0,34695.0,ok
1873,2024,61658000,income,12017045.0,34446.0,ok
1874,2023,36701000,income,767372828.0,1163724.0,ok
1874,2024,36701000,income,929903908.0,1159044.0,ok
1875,2023,36704000,income,19303644.0,52957.0,ok
1875,2024,36704000,income,23526314.0,52171.0,ok
1876,2023,36708000,income,20638259.0,57729.0,ok
1876,2024,36708000,income,24844902.0,57721.0,ok
1877,2023,36713000,income,44069586.0,99247.0,ok
1877,2024,36713000,income,53125334.0,98550.0,ok
1878,2023,36718000,income,6104915.0,20190.0,ok
1878,2024,36718000,income,7043212.0,19887.0,ok
1879,2023,36724000,income,18801648.0,46755.0,ok
1879,2024,36724000,income,22735630.0,46480.0,ok
1880,2023,36727000,income,8357666.0,27913.0,ok
1880,2024,36727000,income,9740112.0,27685.0,ok
1881,2023,36735000,income,64974238.0,164066.0,ok
1881,2024,36735000,income,74652099.0,162372.0,ok
1883,2023,36750000,income,22535557.0,69177.0,ok
1883,2024,36750000,income,28569122.0,68824.0,ok
1884,2023,36602000,income,3216692.0,10649.0,ok
1884,2024,36602000,income,3801274.0,10499.0,ok
1885,2023,36604000,income,12149442.0,36495.0,ok
1885,2024,36604000,income,13278900.0,35844.0,ok
1886,2023,36606000,income,4243645.0,13077.0,ok
1886,2024,36606000,income,4713518.0,13052.0,ok
1887,2023,36608000,income,6680475.0,18041.0,ok
1887,2024,36608000,income,6754845.0,17856.0,ok
1888,2023,36610000,income,6144362.0,17336.0,ok
1888,2024,36610000,income,7149683.0,17085.0,ok
1889,2023,36612000,income,5698339.0,22484.0,ok
1889,2024,36612000,income,6265976.0,22166.0,ok
1890,2023,36614000,income,44056287.0,127070.0,ok
1890,2024,36614000,income,53668646.0,130495.0,ok
1891,2023,36615000,income,2340649.0,9309.0,ok
1891,2024,36615000,income,2477200.0,9128.0,ok
1892,2023,36616000,income,4326977.0,12390.0,ok
1892,2024,36616000,income,4478599.0,12310.0,ok
1893,2023,36617000,income,2604874.0,10541.0,ok
1893,2024,36617000,income,2725166.0,10431.0,ok
1894,2023,36618000,income,9747970.0,30535.0,ok
1894,2024,36618000,income,11608170.0,30309.0,ok
1895,2023,36620000,income,13807799.0,41008.0,ok
1895,2024,36620000,income,15017932.0,40596.0,ok
1896,2023,36622000,income,3773848.0,14206.0,ok
1896,2024,36622000,income,4291114.0,13967.0,ok
1897,2023,36624000,income,5986511.0,21056.0,ok
1897,2024,36624000,income,6796643.0,20672.0,ok
1898,2023,36626000,income,5745191.0,16013.0,ok
1898,2024,36626000,income,5985820.0,15788.0,ok
1899,2023,36628000,income,21180238.0,56520.0,ok
1899,2024,36628000,income,24589921.0,56124.0,ok
1900,2023,36630000,income,10175717.0,32051.0,ok
1900,2024,36630000,income,11889745.0,31958.0,ok
1901,2023,36632000,income,7374265.0,14590.0,ok
1901,2024,36632000,income,7603565.0,14513.0,ok
1902,2023,36634000,income,5834836.0,25962.0,ok
1902,2024,36634000,income,6104101.0,25635.0,ok
1903,2023,36636000,income,7314517.0,21741.0,ok
1903,2024,36636000,income,7447973.0,21590.0,ok
1904,2023,36638000,income,15229282.0,44027.0,ok
1904,2024,36638000,income,19651390.0,43600.0,ok
1905,2023,36640000,income,31058673.0,84781.0,ok
1905,2024,36640000,income,35231212.0,88162.0,ok
1906,2023,36642000,income,6617869.0,23643.0,ok
1906,2024,36642000,income,7085577.0,23295.0,ok
1907,2023,36644000,income,4397185.0,15910.0,ok
1907,2024,36644000,income,4582097.0,15789.0,ok
1908,2023,36646000,income,3832316.0,14672.0,ok
1908,2024,36646000,income,4149963.0,14451.0,ok
1909,2023,36648000,income,3559838.0,12745.0,ok
1909,2024,36648000,income,4111692.0,12565.0,ok
1910,2023,36650000,income,5596712.0,19443.0,ok
1910,2024,36650000,income,5837199.0,19272.0,ok
1915,2023,63602000,income,3314889.0,14481.0,ok
1915,2024,63602000,income,3576075.0,14280.0,ok
1916,2023,63603000,income,6966574.0,19480.0,ok
1916,2024,63603000,income,5969879.0,19018.0,ok
1917,2023,63604000,income,9672697.0,33991.0,ok
1917,2024,63604000,income,9981137.0,33425.0,ok
1918,2023,63606000,income,10276859.0,25590.0,ok
1918,2024,63606000,income,7661449.0,24991.0,ok
1919,2023,63607000,income,76145453.0,201570.0,ok
1919,2024,63607000,income,87850081.0,200241.0,ok
1920,2023,63608000,income,26729643.0,100539.0,ok
1920,2024,63608000,income,28448516.0,99921.0,ok
1921,2023,63609000,income,3052532.0,9964.0,ok
1921,2024,63609000,income,3009468.0,9850.0,ok
1922,2023,63611000,income,24520184.0,81103.0,ok
1922,2024,63611000,income,25985520.0,80407.0,ok
1923,2023,63612000,income,3029813.0,10951.0,ok
1923,2024,63612000,income,2908625.0,10854.0,ok
1924,2023,63613000,income,3769135.0,16058.0,ok
1924,2024,63613000,income,4079389.0,15660.0,ok
1925,2023,63614000,income,6403039.0,10078.0,ok
1925,2024,63614000,income,4660628.0,9856.0,ok
1926,2023,63616000,income,6922176.0,16522.0,ok
1926,2024,63616000,income,5645996.0,16296.0,ok
1927,2023,63617000,income,11536229.0,31635.0,ok
1927,2024,63617000,income,11045390.0,30920.0,ok
1928,2023,63619000,income,5314895.0,12481.0,ok
1928,2024,63619000,income,4247124.0,12313.0,ok
1929,2023,63621000,income,9944085.0,27229.0,ok
1929,2024,63621000,income,10358459.0,26679.0,ok
1930,2023,63622000,income,9098248.0,40824.0,ok
1930,2024,63622000,income,9535004.0,40536.0,ok
1931,2023,63623000,income,7399946.0,30757.0,ok
1931,2024,63623000,income,7964528.0,30318.0,ok
1932,2023,63624000,income,4012486.0,9070.0,ok
1932,2024,63624000,income,3163551.0,8776.0,ok
1933,2023,63625000,income,5767283.0,17441.0,ok
1933,2024,63625000,income,4965029.0,17228.0,ok
1934,2023,63626000,income,15567175.0,57899.0,ok
1934,2024,63626000,income,18062582.0,57354.0,ok
1935,2023,63629000,income,4228407.0,14983.0,ok
1935,2024,63629000,income,3913520.0,14824.0,ok
1936,2023,63630000,income,5522456.0,26669.0,ok
1936,2024,63630000,income,5811742.0,26367.0,ok
1937,2023,63632000,income,3623309.0,14637.0,ok
1937,2024,63632000,income,3896609.0,14262.0,ok
1938,2023,63634000,income,4344513.0,11193.0,ok
1938,2024,63634000,income,4271661.0,10960.0,ok
1939,2023,63635000,income,9865889.0,36538.0,ok
1939,2024,63635000,income,9940033.0,36094.0,ok
1940,2023,63636000,income,3796701.0,14646.0,ok
1940,2024,63636000,income,3317912.0,14503.0,ok
1941,2023,63637000,income,17152836.0,54901.0,ok
1941,2024,63637000,income,15420889.0,54377.0,ok
1942,2023,63639000,income,3171316.0,16490.0,ok
1942,2024,63639000,income,3150816.0,16346.0,ok
1943,2023,63640000,income,4644422.0,12252.0,ok
1943,2024,63640000,income,3444072.0,12117.0,ok
1944,2023,63641000,income,13495289.0,50716.0,ok
1944,2024,63641000,income,13764281.0,50179.0,ok
1945,2023,63642000,income,7005574.0,16177.0,ok
1945,2024,63642000,income,5649752.0,15904.0,ok
1947,2023,63644000,income,6966875.0,24242.0,ok
1947,2024,63644000,income,7123651.0,23861.0,ok
1948,2023,63646000,income,8249014.0,27921.0,ok
1948,2024,63646000,income,7556528.0,27609.0,ok
1949,2023,63647000,income,3365338.0,9644.0,ok
1949,2024,63647000,income,3061337.0,9477.0,ok
1950,2023,63648000,income,4934485.0,16781.0,ok
1950,2024,63648000,income,4392846.0,16427.0,ok
1951,2023,63649000,income,7170644.0,20954.0,ok
1951,2024,63649000,income,6419757.0,20628.0,ok
1952,2023,63650000,income,90154719.0,306051.0,ok
1952,2024,63650000,income,117089931.0,304713.0,ok
1954,2023,64704000,income,5626725.0,10043.0,ok
1954,2024,64704000,income,6273184.0,9868.0,ok
1955,2023,64708000,income,9164098.0,20946.0,ok
1955,2024,64708000,income,11872985.0,20975.0,ok
1956,2023,64712000,income,12704435.0,22155.0,ok
1956,2024,64712000,income,16013949.0,22145.0,ok
1957,2023,64716000,income,23297613.0,39913.0,ok
1957,2024,64716000,income,33745426.0,39675.0,ok
1958,2023,64720000,income,7328578.0,6916.0,ok
1958,2024,64720000,income,9799036.0,6956.0,ok
1959,2023,64724000,income,4005714.0,6939.0,ok
1959,2024,64724000,income,5528247.0,6778.0,ok
1960,2023,64728000,income,10195520.0,15122.0,ok
1960,2024,64728000,income,11828904.0,15099.0,ok
1961,2023,64732000,income,22707919.0,11513.0,ok
1961,2024,64732000,income,26708965.0,11222.0,ok
1962,2023,64736000,income,17944343.0,21456.0,ok
1962,2024,64736000,income,21133074.0,21086.0,ok
1963,2023,64740000,income,11667697.0,20472.0,ok
1963,2024,64740000,income,14113784.0,20376.0,ok
1965,2023,64746000,income,6583098.0,11348.0,ok
1965,2024,64746000,income,8064516.0,11238.0,ok
1966,2023,64748000,income,5578620.0,8300.0,ok
1966,2024,64748000,income,6510458.0,8177.0,ok
1967,2023,64750000,income,8047001.0,14437.0,ok
1967,2024,64750000,income,9301936.0,14336.0,ok
1968,2023,64752000,income,19467506.0,16542.0,ok
1968,2024,64752000,income,23829184.0,16020.0,ok
1969,2023,64754000,income,21197594.0,33148.0,ok
1969,2024,64754000,income,25631433.0,32754.0,ok
1970,2023,64756000,income,10295683.0,11487.0,ok
1970,2024,64756000,income,12538855.0,11480.0,ok
1971,2023,65701000,income,1645407048.0,,no_population
1971,2024,65701000,income,1713237515.0,,no_population
1972,2023,65728000,income,13847592.0,,no_population
1972,2024,65728000,income,17218185.0,,no_population
1973,2023,65703000,income,16837539.0,52575.0,ok
1973,2024,65703000,income,20693367.0,52119.0,ok
1974,2023,65730000,income,23443824.0,58683.0,ok
1974,2024,65730000,income,30447557.0,58293.0,ok
1975,2023,65762000,income,2923972.0,9539.0,ok
1975,2024,65762000,income,3809798.0,9499.0,ok
1976,2023,65763000,income,6963157.0,15084.0,ok
1976,2024,65763000,income,9066644.0,15137.0,ok
1977,2023,65731000,income,39241410.0,76947.0,ok
1977,2024,65731000,income,51597692.0,76770.0,ok
1978,2023,65707000,income,16895223.0,43705.0,ok
1978,2024,65707000,income,20149343.0,43489.0,ok
1979,2023,65732000,income,64955118.0,88206.0,ok
1979,2024,65732000,income,113874467.0,90810.0,ok
1980,2023,65757000,income,10194558.0,24894.0,ok
1980,2024,65757000,income,13706262.0,25139.0,ok
1981,2023,65708000,income,22545071.0,42304.0,ok
1981,2024,65708000,income,28151317.0,41952.0,ok
1982,2023,65737000,income,17608295.0,31833.0,ok
1982,2024,65737000,income,22445677.0,31897.0,ok
1983,2023,65738000,income,5956377.0,17422.0,ok
1983,2024,65738000,income,7344152.0,17176.0,ok
1984,2023,65764000,income,1794042.0,3450.0,ok
1984,2024,65764000,income,2007572.0,3418.0,ok
1985,2023,65739000,income,14484550.0,,no_population
1985,2024,65739000,income,16322772.0,,no_population
1986,2023,65740000,income,76776316.0,164614.0,ok
1986,2024,65740000,income,96681099.0,163501.0,ok
1987,2023,65741000,income,9589052.0,26933.0,ok
1987,2024,65741000,income,11819801.0,26765.0,ok
1988,2023,65742000,income,8914383.0,27146.0,ok
1988,2024,65742000,income,10668999.0,26968.0,ok
1989,2023,65735000,income,2736012.0,8587.0,ok
1989,2024,65735000,income,3262173.0,8570.0,ok
1990,2023,65743000,income,17905328.0,38810.0,ok
1990,2024,65743000,income,25135089.0,38418.0,ok
1991,2023,65744000,income,11363891.0,23954.0,ok
1991,2024,65744000,income,17684024.0,23721.0,ok
1992,2023,65733000,income,3779279.0,11037.0,ok
1992,2024,65733000,income,5005309.0,10991.0,ok
1993,2023,65745000,income,27505840.0,59269.0,ok
1993,2024,65745000,income,33515025.0,58850.0,ok
1994,2023,65746000,income,8910083.0,22027.0,ok
1994,2024,65746000,income,11757006.0,21994.0,ok
1995,2023,65747000,income,14289183.0,37806.0,ok
1995,2024,65747000,income,18836795.0,37866.0,ok
1996,2023,65748000,income,12589968.0,36288.0,ok
1996,2024,65748000,income,16770824.0,35844.0,ok
1997,2023,65734000,income,4561600.0,8465.0,ok
1997,2024,65734000,income,6001594.0,8418.0,ok
1999,2023,65714000,income,14292122.0,37238.0,ok
1999,2024,65714000,income,18445381.0,37190.0,ok
2000,2023,65751000,income,152321722.0,336919.0,ok
2000,2024,65751000,income,193649664.0,333179.0,ok
2001,2023,65750000,income,4783507.0,16403.0,ok
2001,2024,65750000,income,5867745.0,16275.0,ok
2002,2023,65715000,income,8894340.0,22272.0,ok
2002,2024,65715000,income,10261723.0,21907.0,ok
2004,2023,65753000,income,71408361.0,131408.0,ok
2004,2024,65753000,income,82040847.0,130039.0,ok
2005,2023,65754000,income,30377656.0,60688.0,ok
2005,2024,65754000,income,37913067.0,59979.0,ok
2006,2023,65719000,income,25900561.0,60758.0,ok
2006,2024,65719000,income,33742306.0,60262.0,ok
2007,2023,65736000,income,3701997.0,15134.0,ok
2007,2024,65736000,income,4633670.0,14941.0,ok
2008,2023,65720000,income,15224559.0,45362.0,ok
2008,2024,65720000,income,18801226.0,45338.0,ok
2009,2023,65755000,income,15849338.0,35375.0,ok
2009,2024,65755000,income,18996388.0,35125.0,ok
2010,2023,65756000,income,32053622.0,99332.0,ok
2010,2024,65756000,income,41988745.0,98415.0,ok
2011,2023,65758000,income,18444160.0,46570.0,ok
2011,2024,65758000,income,22978710.0,46498.0,ok
2012,2023,65723000,income,9383011.0,35940.0,ok
2012,2024,65723000,income,11330323.0,35602.0,ok
2015,2023,65771000,income,7493927.0,,no_population
2015,2024,65771000,income,8944383.0,,no_population
2017,2023,65704000,income,8338934.0,25240.0,ok
2017,2024,65704000,income,10258254.0,24973.0,ok
2018,2023,65705000,income,4632275.0,13837.0,ok
2018,2024,65705000,income,6152872.0,13693.0,ok
2019,2023,65706000,income,13488908.0,33553.0,ok
2019,2024,65706000,income,18766719.0,33349.0,ok
2021,2023,65709000,income,4068260.0,13569.0,ok
2021,2024,65709000,income,5016236.0,13374.0,ok
2022,2023,65710000,income,1295648.0,2501.0,ok
2022,2024,65710000,income,1396143.0,2442.0,ok
2023,2023,65711000,income,8211688.0,,no_population
2023,2024,65711000,income,9507630.0,,no_population
2024,2023,65712000,income,6703171.0,26455.0,ok
2024,2024,65712000,income,8883369.0,26362.0,ok
2025,2023,65713000,income,5856530.0,,no_population
2025,2024,65713000,income,7380155.0,,no_population
2027,2023,65759000,income,2732157.0,9586.0,ok
2027,2024,65759000,income,3052983.0,9456.0,ok
2028,2023,65716000,income,5766283.0,18753.0,ok
2028,2024,65716000,income,6681441.0,18687.0,ok
2030,2023,65718000,income,5102544.0,18624.0,ok
2030,2024,65718000,income,7049333.0,18498.0,ok
2031,2023,65721000,income,3026404.0,12648.0,ok
2031,2024,65721000,income,3602633.0,12459.0,ok
2032,2023,65722000,income,30206073.0,64140.0,ok
2032,2024,65722000,income,40069972.0,65368.0,ok
2033,2023,65729000,income,12420584.0,23157.0,ok
2033,2024,65729000,income,14510164.0,23609.0,ok
2034,2023,65724000,income,13167018.0,40050.0,ok
2034,2024,65724000,income,15148349.0,39733.0,ok
2035,2023,65725000,income,4944350.0,17402.0,ok
2035,2024,65725000,income,5904715.0,17096.0,ok
2036,2023,65726000,income,7152102.0,23877.0,ok
2036,2024,65726000,income,8805269.0,23655.0,ok
2037,2023,65727000,income,4646504.0,16287.0,ok
2037,2024,65727000,income,5714793.0,16263.0,ok
2039,2023,65608000,income,4469589.0,14502.0,ok
2039,2024,65608000,income,5245836.0,14422.0,ok
2040,2023,65623000,income,5232274.0,20495.0,ok
2040,2024,65623000,income,6634255.0,20537.0,ok
2041,2023,65639000,income,3401463.0,11755.0,ok
2041,2024,65639000,income,4150633.0,11664.0,ok
2042,2023,65628000,income,13050424.0,37577.0,ok
2042,2024,65628000,income,16423052.0,37356.0,ok
2043,2023,65645000,income,982574.0,2756.0,ok
2043,2024,65645000,income,1275583.0,2677.0,ok
2044,2023,66701000,income,193008988.0,312896.0,ok
2044,2024,66701000,income,216877019.0,310645.0,ok
2045,2023,66710000,income,16026233.0,24956.0,ok
2045,2024,66710000,income,20135684.0,24684.0,ok
2046,2023,66603000,income,2704911.0,8985.0,ok
2046,2024,66603000,income,3216719.0,8848.0,ok
2047,2023,66605000,income,29514162.0,70668.0,ok
2047,2024,66605000,income,33098297.0,69941.0,ok
2048,2023,66608000,income,17347794.0,40165.0,ok
2048,2024,66608000,income,29162973.0,39257.0,ok
2049,2023,66609000,income,1190882.0,3446.0,ok
2049,2024,66609000,income,1811725.0,3397.0,ok
2050,2023,66611000,income,2982478.0,10837.0,ok
2050,2024,66611000,income,3543439.0,10717.0,ok
2051,2023,66614000,income,8627765.0,23997.0,ok
2051,2024,66614000,income,11746233.0,23563.0,ok
2052,2023,66616000,income,3664390.0,13909.0,ok
2052,2024,66616000,income,6498200.0,13641.0,ok
2053,2023,66619000,income,2795178.0,11170.0,ok
2053,2024,66619000,income,3320613.0,10930.0,ok
2054,2023,66621000,income,1586433.0,5172.0,ok
2054,2024,66621000,income,1769626.0,5052.0,ok
2055,2023,66623000,income,3022712.0,10709.0,ok
2055,2024,66623000,income,4430255.0,10664.0,ok
2056,2023,66624000,income,3384213.0,10449.0,ok
2056,2024,66624000,income,3965204.0,10187.0,ok
2057,2023,66627000,income,1923625.0,7915.0,ok
2057,2024,66627000,income,2468043.0,7769.0,ok
2058,2023,66630000,income,2134839.0,7264.0,ok
2058,2024,66630000,income,3353890.0,7059.0,ok
2059,2023,66633000,income,7171015.0,24591.0,ok
2059,2024,66633000,income,10648836.0,24335.0,ok
2060,2023,66636000,income,17738299.0,60842.0,ok
2060,2024,66636000,income,20451234.0,59934.0,ok
2061,2023,66638000,income,6359247.0,20861.0,ok
2061,2024,66638000,income,7273584.0,20478.0,ok
2062,2023,66641000,income,17504470.0,50411.0,ok
2062,2024,66641000,income,18144136.0,49887.0,ok
2063,2023,66644000,income,21341481.0,60785.0,ok
2063,2024,66644000,income,23072447.0,61413.0,ok
2064,2023,66646000,income,3725004.0,12064.0,ok
2064,2024,66646000,income,4029915.0,11980.0,ok
2065,2023,66648000,income,1001909.0,4250.0,ok
2065,2024,66648000,income,1376702.0,4146.0,ok
2066,2023,66650000,income,2165942.0,6699.0,ok
2066,2024,66650000,income,2240785.0,6524.0,ok
2067,2023,66652000,income,2172774.0,6535.0,ok
2067,2024,66652000,income,2765254.0,6419.0,ok
2068,2023,66654000,income,3566437.0,7916.0,ok
2068,2024,66654000,income,3579684.0,7716.0,ok
2069,2023,66656000,income,2121169.0,8196.0,ok
2069,2024,66656000,income,2502030.0,7974.0,ok
2070,2023,66658000,income,15967512.0,47353.0,ok
2070,2024,66658000,income,18224435.0,46827.0,ok
2072,2023,68705000,income,4921313.0,15982.0,ok
2072,2024,68705000,income,5465115.0,15827.0,ok
2073,2023,68710000,income,9666868.0,26309.0,ok
2073,2024,68710000,income,13458627.0,26128.0,ok
2074,2023,68715000,income,28001429.0,89262.0,ok
2074,2024,68715000,income,31078736.0,88785.0,ok
2075,2023,68720000,income,10914746.0,38541.0,ok
2075,2024,68720000,income,10941345.0,38294.0,ok
2076,2023,68725000,income,11557186.0,46961.0,ok
2076,2024,68725000,income,11750753.0,46633.0,ok
2077,2023,68730000,income,6757732.0,23162.0,ok
2077,2024,68730000,income,7178059.0,22986.0,ok
2078,2023,68602000,income,2788816.0,8332.0,ok
2079,2023,68603000,income,2730393.0,9362.0,ok
2080,2023,68604000,income,8844008.0,25142.0,ok
2081,2023,68606000,income,5786873.0,13969.0,ok
2082,2023,68608000,income,5918950.0,17225.0,ok
2085,2023,68614000,income,4836634.0,13553.0,ok
2087,2023,68618000,income,3584234.0,10953.0,ok
2088,2023,68620000,income,5771203.0,15725.0,ok
2089,2023,68622000,income,7408904.0,23980.0,ok
2090,2023,68624000,income,6019990.0,13775.0,ok
2091,2023,68626000,income,2735520.0,10795.0,ok
2093,2023,68630000,income,4725142.0,14175.0,ok
2094,2023,68632000,income,4126946.0,11783.0,ok
2095,2023,68634000,income,6442355.0,24728.0,ok
2096,2023,68636000,income,3398234.0,11234.0,ok
2098,2023,68642000,income,6856863.0,15179.0,ok
2100,2023,68646000,income,2302914.0,9537.0,ok
2101,2023,28701000,income,259455045.0,414756.0,ok
2101,2024,28701000,income,296521369.0,412994.0,ok
2105,2023,28752000,income,8431855.0,21354.0,ok
2105,2024,28752000,income,10155061.0,20992.0,ok
2108,2023,28750000,income,15269935.0,40172.0,ok
2108,2024,28750000,income,18921074.0,39503.0,ok
2109,2023,28751000,income,16451082.0,30006.0,ok
2109,2024,28751000,income,18543585.0,29515.0,ok
2111,2023,28604000,income,9901462.0,31059.0,ok
2113,2023,28608000,income,11747689.0,30649.0,ok
2119,2023,28620000,income,31093152.0,57724.0,ok
2120,2023,28622000,income,5175815.0,19344.0,ok
2124,2023,28630000,income,31280429.0,68978.0,ok
2126,2023,28634000,income,3982702.0,12747.0,ok
2142,2023,28655000,income,5697330.0,16439.0,ok
2143,2023,28657000,income,1670471.0,8010.0,ok
2144,2023,69701000,income,334670779.0,571983.0,ok
2144,2024,69701000,income,394284080.0,565753.0,ok
2145,2023,69707000,income,1070112.0,2634.0,ok
2145,2024,69707000,income,1411017.0,2626.0,ok
2146,2023,69710000,income,19956455.0,38061.0,ok
2146,2024,69710000,income,24828858.0,37478.0,ok
2148,2023,69604000,income,6255141.0,7392.0,ok
2148,2024,69604000,income,7370439.0,7233.0,ok
2149,2023,69608000,income,9001114.0,33514.0,ok
2149,2024,69608000,income,10865426.0,33342.0,ok
2150,2023,69612000,income,3040888.0,11228.0,ok
2150,2024,69612000,income,3602658.0,11191.0,ok
2151,2023,69616000,income,4478326.0,14588.0,ok
2151,2024,69616000,income,5359283.0,14438.0,ok
2152,2023,69620000,income,3216531.0,11065.0,ok
2152,2024,69620000,income,3694920.0,11051.0,ok
2153,2023,69624000,income,13625731.0,17507.0,ok
2153,2024,69624000,income,16125043.0,17438.0,ok
2154,2023,69628000,income,4633078.0,20307.0,ok
2154,2024,69628000,income,6218868.0,20183.0,ok
2155,2023,69632000,income,13056049.0,32570.0,ok
2155,2024,69632000,income,16093005.0,32143.0,ok
2156,2023,69636000,income,3614735.0,12088.0,ok
2156,2024,69636000,income,4552933.0,12022.0,ok
2157,2023,69640000,income,3622564.0,12177.0,ok
2157,2024,69640000,income,4493435.0,12103.0,ok
2158,2023,69644000,income,10022213.0,11443.0,ok
2158,2024,69644000,income,11751576.0,11379.0,ok
2159,2023,69648000,income,4028072.0,16732.0,ok
2159,2024,69648000,income,5118070.0,16471.0,ok
2160,2023,69652000,income,2270764.0,6436.0,ok
2160,2024,69652000,income,2359200.0,6463.0,ok
2161,2023,69654000,income,28247157.0,88838.0,ok
2161,2024,69654000,income,37849568.0,89298.0,ok
2162,2023,69656000,income,3192611.0,11674.0,ok
2162,2024,69656000,income,3755158.0,11633.0,ok
2163,2023,69658000,income,4485919.0,19895.0,ok
2163,2024,69658000,income,5518341.0,19646.0,ok
2164,2023,70701000,income,385768022.9064996,542516.0,boundary_review
2164,2024,70701000,income,484391363.0,538297.0,boundary_review
2165,2023,70706000,income,32318623.079482988,70069.0,ok
2165,2024,70706000,income,42338091.0,69514.0,ok
2167,2023,70712000,income,17697493.34893734,63038.0,ok
2167,2024,70712000,income,20778098.0,62255.0,ok
2168,2023,70714000,income,22339558.224985845,56838.0,ok
2168,2024,70714000,income,25863002.0,56354.0,ok
2169,2023,70724000,income,70011329.76601623,130673.0,ok
2169,2024,70724000,income,78939694.0,129639.0,ok
2171,2023,70604000,income,4442620.409428992,9214.0,ok
2171,2024,70604000,income,3339580.0,9159.0,ok
2172,2023,70606000,income,6237113.003304159,18707.0,ok
2172,2024,70606000,income,7282882.0,18494.0,ok
2173,2023,70608000,income,18931061.76574922,49571.0,ok
2173,2024,70608000,income,20200586.0,49454.0,ok
2174,2023,70612000,income,10467647.030327337,34066.0,ok
2174,2024,70612000,income,13141766.0,33948.0,ok
2175,2023,70616000,income,5551772.626345436,13824.0,ok
2175,2024,70616000,income,6507710.0,13746.0,ok
2176,2023,70618000,income,5929251.247654568,14859.0,ok
2176,2024,70618000,income,6480314.0,14743.0,ok
2177,2023,70622000,income,6951169.4639308145,26703.0,ok
2177,2024,70622000,income,11516041.0,26774.0,ok
2178,2023,70624000,income,2007121.9051169257,8249.0,ok
2178,2024,70624000,income,2309828.0,8141.0,ok
2179,2023,70626000,income,13233208.222165741,38612.0,ok
2179,2024,70626000,income,14577502.0,38587.0,ok
2180,2023,70628000,income,21973027.11186533,73476.0,ok
2180,2024,70628000,income,25219793.0,73376.0,ok
2181,2023,70630000,income,3455596.7320711697,10690.0,ok
2181,2024,70630000,income,4043715.0,10641.0,ok
2182,2023,70636000,income,3570082.1099988744,11780.0,ok
2182,2024,70636000,income,4281761.0,11804.0,ok
2183,2023,70638000,income,8410704.932063531,29516.0,ok
2183,2024,70638000,income,10966886.0,29592.0,ok
2184,2023,70640000,income,10016226.87310034,35043.0,ok
2184,2024,70640000,income,12273640.0,34424.0,ok
2185,2023,70642000,income,4111434.8240009854,11154.0,ok
2185,2024,70642000,income,4113164.0,11101.0,ok
2186,2023,70644000,income,37424548.39944794,75528.0,ok
2186,2024,70644000,income,39152547.0,75414.0,ok
2187,2023,70646000,income,5178895.240472254,18375.0,ok
2187,2024,70646000,income,6186737.0,18218.0,ok
2188,2023,70648000,income,44527979.99503077,103032.0,ok
2188,2024,70648000,income,48812872.0,101699.0,ok
2189,2023,70650000,income,11270728.205815278,30491.0,ok
2189,2024,70650000,income,13349913.0,30348.0,ok
2190,2023,71701000,income,607504473.0,855618.0,ok
2190,2024,71701000,income,773519333.0,861098.0,ok
2191,2023,71703000,income,17260809.0,47461.0,ok
2191,2024,71703000,income,20199954.0,47394.0,ok
2192,2023,71705000,income,23658700.0,67317.0,ok
2192,2024,71705000,income,29120731.0,67329.0,ok
2193,2023,71710000,income,55985978.0,103175.0,ok
2193,2024,71710000,income,85037552.0,102733.0,ok
2194,2023,71715000,income,13923791.0,38882.0,ok
2194,2024,71715000,income,16717456.0,38970.0,ok
2195,2023,71603000,income,4505153.0,18783.0,ok
2195,2024,71603000,income,5701202.0,18641.0,ok
2196,2023,71605000,income,2401068.0,9353.0,ok
2196,2024,71605000,income,2759166.0,9306.0,ok
2197,2023,71607000,income,2604462.0,10350.0,ok
2197,2024,71607000,income,3266018.0,10235.0,ok
2198,2023,71610000,income,3082610.0,10877.0,ok
2198,2024,71610000,income,3551001.0,10693.0,ok
2199,2023,71613000,income,5321581.0,17943.0,ok
2199,2024,71613000,income,6629570.0,17835.0,ok
2200,2023,71615000,income,3596345.0,14843.0,ok
2200,2024,71615000,income,4361824.0,14670.0,ok
2202,2023,71624000,income,7300764.0,26041.0,ok
2202,2024,71624000,income,8769438.0,25979.0,ok
2203,2023,71626000,income,8454341.0,28364.0,ok
2203,2024,71626000,income,9710095.0,28178.0,ok
2204,2023,71630000,income,5419951.0,20047.0,ok
2204,2024,71630000,income,6886776.0,19959.0,ok
2205,2023,71632000,income,7574865.0,27046.0,ok
2205,2024,71632000,income,8904860.0,27122.0,ok
2206,2023,71634000,income,6146079.0,18444.0,ok
2206,2024,71634000,income,7013458.0,18399.0,ok
2207,2023,71636000,income,2784746.0,10860.0,ok
2207,2024,71636000,income,3582750.0,10763.0,ok
2208,2023,71638000,income,2468613.0,9391.0,ok
2208,2024,71638000,income,3050004.0,9230.0,ok
2210,2023,71644000,income,65880675.0,140102.0,ok
2210,2024,71644000,income,84550054.0,143580.0,ok
2211,2023,71648000,income,20465415.0,18622.0,ok
2211,2024,71648000,income,24474984.0,18683.0,ok
2212,2023,71650000,income,6137700.0,19348.0,ok
2212,2024,71650000,income,7457657.0,19403.0,ok
2213,2023,71653000,income,3531058.0,11138.0,ok
2213,2024,71653000,income,4188491.0,11096.0,ok
2215,2023,71658000,income,6421873.0,23229.0,ok
2215,2024,71658000,income,7631866.0,23139.0,ok
2216,2023,71871000,income,110076120.0,109745.0,ok
2216,2024,71871000,income,132531260.0,111772.0,ok
2217,2023,71883000,income,60398993.0,62494.0,ok
2217,2024,71883000,income,92510725.0,63963.0,ok
2218,2023,71872000,income,23468524.0,43407.0,ok
2218,2024,71872000,income,27830080.0,44157.0,ok
2219,2023,71873000,income,40807404.0,59174.0,ok
2219,2024,71873000,income,49640684.0,59715.0,ok
2220,2023,71874000,income,100127841.0,124989.0,ok
2220,2024,71874000,income,123862681.0,126690.0,ok
2221,2023,71875000,income,199948017.0,287095.0,ok
2221,2024,71875000,income,233230994.0,290535.0,ok
2222,2023,71879000,income,39291376.0,63054.0,ok
2222,2024,71879000,income,48027978.0,63466.0,ok
2223,2023,71884000,income,10978088.0,16201.0,ok
2223,2024,71884000,income,13284177.0,16556.0,ok
2224,2023,71885000,income,35830609.0,40253.0,ok
2224,2024,71885000,income,43397613.0,40530.0,ok
2225,2023,71877000,income,22211265.0,44635.0,ok
2225,2024,71877000,income,27510972.0,45574.0,ok
2226,2023,71876000,income,342337501.0,406938.0,ok
2226,2024,71876000,income,439991361.0,420347.0,ok
2227,2023,71878000,income,26379759.0,41141.0,ok
2227,2024,71878000,income,31504002.0,41356.0,ok
2228,2023,71887000,income,33295804.0,38611.0,ok
2228,2024,71887000,income,38917175.0,39233.0,ok
2229,2023,71811000,income,24463382.0,28798.0,ok
2229,2024,71811000,income,28268139.0,28479.0,ok
2230,2023,71812000,income,17324066.0,22690.0,ok
2230,2024,71812000,income,19315369.0,22821.0,ok
2231,2023,71816000,income,21241252.0,30495.0,ok
2231,2024,71816000,income,25122844.0,30387.0,ok
2232,2023,71818000,income,56984407.0,47014.0,ok
2232,2024,71818000,income,66620417.0,47486.0,ok
2233,2023,71819000,income,63103851.0,38507.0,ok
2233,2024,71819000,income,76130067.0,38693.0,ok
2234,2023,71821000,income,30991639.0,32050.0,ok
2234,2024,71821000,income,37072402.0,32120.0,ok
2235,2023,71824000,income,27827106.0,46585.0,ok
2235,2024,71824000,income,33067434.0,46492.0,ok
2236,2023,71826000,income,168409822.0,127611.0,ok
2236,2024,71826000,income,202874342.0,129992.0,ok
2237,2023,71829000,income,42155912.0,18866.0,ok
2237,2024,71829000,income,49861877.0,19022.0,ok
2238,2023,71951000,income,69017103.0,48693.0,ok
2238,2024,71951000,income,85829786.0,49236.0,ok
2241,2023,71955000,income,24942725.0,29306.0,ok
2241,2024,71955000,income,30146352.0,29581.0,ok
2242,2023,71956000,income,185348057.0,106764.0,ok
2242,2024,71956000,income,218910755.0,106890.0,ok
2243,2023,71958000,income,92665653.0,101235.0,ok
2243,2024,71958000,income,114510613.0,102938.0,ok
2251,2023,73701000,income,325481730.0,634567.0,ok
2251,2024,73701000,income,393491794.0,632771.0,ok
2252,2023,73705000,income,47570049.0,109547.0,ok
2252,2024,73705000,income,58598083.0,108804.0,ok
2253,2023,73715000,income,5666551.0,16857.0,ok
2253,2024,73715000,income,7325981.0,16791.0,ok
2254,2023,73602000,income,1605420.0,7417.0,ok
2254,2024,73602000,income,1798969.0,7275.0,ok
2255,2023,73604000,income,9290997.0,35618.0,ok
2255,2024,73604000,income,10231800.0,34969.0,ok
2256,2023,73607000,income,4203620.0,14559.0,ok
2256,2024,73607000,income,4162000.0,14314.0,ok
2257,2023,73610000,income,6860091.0,26271.0,ok
2257,2024,73610000,income,8226708.0,25875.0,ok
2258,2023,73614000,income,5078523.0,19865.0,ok
2258,2024,73614000,income,5439961.0,19556.0,ok
2259,2023,73616000,income,5968272.0,18158.0,ok
2259,2024,73616000,income,7016199.0,17939.0,ok
2260,2023,73620000,income,5984391.0,20084.0,ok
2260,2024,73620000,income,6416921.0,19862.0,ok
2262,2023,73625000,income,5716880.0,21548.0,ok
2262,2024,73625000,income,5856985.0,21200.0,ok
2264,2023,73629000,income,8673668.0,20134.0,ok
2264,2024,73629000,income,9008910.0,19921.0,ok
2265,2023,73632000,income,3269678.0,11804.0,ok
2265,2024,73632000,income,3418087.0,11582.0,ok
2266,2023,73634000,income,3226051.0,11360.0,ok
2266,2024,73634000,income,3067254.0,11246.0,ok
2267,2023,73636000,income,5661470.0,19311.0,ok
2267,2024,73636000,income,6792509.0,19008.0,ok
2268,2023,73639000,income,2549557.0,9804.0,ok
2268,2024,73639000,income,2539765.0,9545.0,ok
2269,2023,73642000,income,3551870.0,14818.0,ok
2269,2024,73642000,income,3866573.0,14556.0,ok
2270,2023,73644000,income,3490413.0,14721.0,ok
2270,2024,73644000,income,3944923.0,14437.0,ok
2271,2023,73648000,income,3165869.0,15597.0,ok
2271,2024,73648000,income,3662903.0,15507.0,ok
2272,2023,73652000,income,8972319.0,34975.0,ok
2272,2024,73652000,income,10057176.0,34931.0,ok
2274,2023,73656000,income,12881246.0,39311.0,ok
2274,2024,73656000,income,16134415.0,38945.0,ok
2275,2023,75701000,income,752131827.0,1182517.0,ok
2275,2024,75701000,income,939651745.0,1177058.0,ok
2276,2023,75706000,income,9341710.0,25532.0,ok
2276,2024,75706000,income,10412540.0,25205.0,ok
2278,2023,75715000,income,4516689.0,10588.0,ok
2278,2024,75715000,income,4756994.0,10372.0,ok
2279,2023,75728000,income,55323260.0,148292.0,ok
2279,2024,75728000,income,67096404.0,147109.0,ok
2280,2023,75734000,income,16786511.0,37271.0,ok
2280,2024,75734000,income,18369722.0,37146.0,ok
2281,2023,75738000,income,282026377.0,409255.0,ok
2281,2024,75738000,income,293507814.0,408715.0,ok
2282,2023,75742000,income,77772644.0,161093.0,ok
2282,2024,75742000,income,97455765.0,160837.0,ok
2286,2023,75752000,income,25297974.0,69983.0,ok
2286,2024,75752000,income,27234127.0,69845.0,ok
2287,2023,75755000,income,7966515.0,23566.0,ok
2287,2024,75755000,income,9197962.0,23326.0,ok
2288,2023,75758000,income,17827668.0,44671.0,ok
2288,2024,75758000,income,18760589.0,44648.0,ok
2289,2023,75764000,income,15694380.0,37414.0,ok
2289,2024,75764000,income,18962628.0,37265.0,ok
2292,2023,75606000,income,10308173.0,39396.0,ok
2292,2024,75606000,income,11540028.0,39383.0,ok
2293,2023,75609000,income,20159771.0,54979.0,ok
2293,2024,75609000,income,24335155.0,54113.0,ok
2294,2023,75612000,income,5770280.0,23586.0,ok
2294,2024,75612000,income,6401230.0,23380.0,ok
2295,2023,75614000,income,10012521.0,24152.0,ok
2295,2024,75614000,income,10991971.0,24054.0,ok
2296,2023,75617000,income,10533878.0,31736.0,ok
2296,2024,75617000,income,11643494.0,31251.0,ok
2297,2023,75619000,income,12165004.0,47327.0,ok
2297,2024,75619000,income,14435435.0,47326.0,ok
2298,2023,75620000,income,9254506.0,29706.0,ok
2298,2024,75620000,income,10649885.0,29743.0,ok
2299,2023,75623000,income,13852944.0,43633.0,ok
2299,2024,75623000,income,14436678.0,43290.0,ok
2300,2023,75626000,income,9012310.0,29604.0,ok
2300,2024,75626000,income,10530830.0,29118.0,ok
2301,2023,75629000,income,7643831.0,26591.0,ok
2301,2024,75629000,income,8600129.0,26222.0,ok
2302,2023,75632000,income,5493186.0,19751.0,ok
2302,2024,75632000,income,5875381.0,19276.0,ok
2304,2023,75634000,income,12507586.0,49158.0,ok
2304,2024,75634000,income,14374017.0,49996.0,ok
2305,2023,75636000,income,6791752.0,27737.0,ok
2305,2024,75636000,income,7652476.0,27505.0,ok
2307,2023,75642000,income,5583603.0,17105.0,ok
2307,2024,75642000,income,5889987.0,16951.0,ok
2308,2023,75644000,income,4073142.0,13873.0,ok
2308,2024,75644000,income,4249354.0,13666.0,ok
2309,2023,75647000,income,5639918.0,18437.0,ok
2309,2024,75647000,income,6041731.0,18139.0,ok
2310,2023,75648000,income,12173048.0,24387.0,ok
2310,2024,75648000,income,14842839.0,24231.0,ok
2311,2023,75649000,income,24963587.0,74658.0,ok
2311,2024,75649000,income,29899737.0,74031.0,ok
2312,2023,75652000,income,46205863.0,88372.0,ok
2312,2024,75652000,income,55823083.0,93044.0,ok
2314,2023,75655000,income,10214530.0,31033.0,ok
2314,2024,75655000,income,11655984.0,30982.0,ok
2315,2023,75656000,income,5059793.0,21213.0,ok
2315,2024,75656000,income,5715007.0,20981.0,ok
2316,2023,75657000,income,7392144.0,28704.0,ok
2316,2024,75657000,income,8928038.0,28564.0,ok
2317,2023,75659000,income,4519351.0,15412.0,ok
2317,2024,75659000,income,4803788.0,15114.0,ok
2318,2023,78701000,income,347894301.0,570824.0,ok
2318,2024,78701000,income,430674800.0,567443.0,ok
2320,2023,78715000,income,79969889.0,173910.0,ok
2320,2024,78715000,income,102228305.0,171810.0,ok
2321,2023,78603000,income,2124279.0,9264.0,ok
2321,2024,78603000,income,2625295.0,9122.0,ok
2322,2023,78606000,income,3081903.0,11911.0,ok
2322,2024,78606000,income,3420444.0,11831.0,ok
2323,2023,78609000,income,1568293.0,5367.0,ok
2323,2024,78609000,income,1865107.0,5332.0,ok
2324,2023,78612000,income,8366975.0,24165.0,ok
2324,2024,78612000,income,11060367.0,23809.0,ok
2325,2023,78615000,income,6247770.0,20514.0,ok
2325,2024,78615000,income,7049193.0,20497.0,ok
2326,2023,78618000,income,2680535.0,9827.0,ok
2326,2024,78618000,income,3233259.0,9732.0,ok
2327,2023,78621000,income,2916740.0,9153.0,ok
2327,2024,78621000,income,3260502.0,9051.0,ok
2328,2023,78623000,income,4105150.0,11617.0,ok
2328,2024,78623000,income,4184781.0,11435.0,ok
2329,2023,78626000,income,7035624.0,19651.0,ok
2329,2024,78626000,income,7694794.0,19480.0,ok
2330,2023,78629000,income,2455535.0,8484.0,ok
2330,2024,78629000,income,2965280.0,8362.0,ok
2332,2023,78634000,income,2776329.0,10386.0,ok
2332,2024,78634000,income,3613433.0,10190.0,ok
2333,2023,78637000,income,20912874.0,58436.0,ok
2333,2024,78637000,income,25586395.0,57986.0,ok
2334,2023,78640000,income,8705841.0,26515.0,ok
2334,2024,78640000,income,11305350.0,26409.0,ok
2335,2023,78643000,income,16267885.0,52624.0,ok
2335,2024,78643000,income,20131498.0,52373.0,ok
2336,2023,78646000,income,15962473.0,46689.0,ok
2336,2024,78646000,income,18405338.0,46215.0,ok
2337,2023,78650000,income,29276219.0,70406.0,ok
2337,2024,78650000,income,37494855.0,72442.0,ok
2338,2023,99701000,income,35012762.0,68536.0,ok
2338,2024,99701000,income,38439042.0,67788.0,ok
2339,2023,99605000,income,3152661.0,10103.0,ok
2339,2024,99605000,income,3651518.0,9980.0,ok
2340,2023,99610000,income,4035912.0,15482.0,ok
2340,2024,99610000,income,4466730.0,15325.0,ok
2341,2023,99620000,income,12809697.0,23573.0,ok
2341,2024,99620000,income,15066103.0,23265.0,ok
2342,2023,99625000,income,3254611.0,7610.0,ok
2342,2024,99625000,income,3362652.0,7462.0,ok
2343,2023,99630000,income,7365727.0,22154.0,ok
2343,2024,99630000,income,8640084.0,21982.0,ok
2344,2023,77701000,income,25734053.0,13368.0,ok
2344,2024,77701000,income,29928038.0,13412.0,ok
2345,2023,77715000,income,6674152.0,5033.0,ok
2345,2024,77715000,income,7645736.0,5197.0,ok
2348,2023,77603000,income,16026882.0,8605.0,ok
2348,2024,77603000,income,17218216.0,8790.0,ok
2349,2023,77609000,income,18917726.0,7267.0,ok
2349,2024,77609000,income,28247064.0,7279.0,ok
2351,2023,40301000,income,,34026.0,missing
2351,2024,40301000,income,,33530.0,missing
2352,2023,40302000,income,,20655.0,missing
2352,2024,40302000,income,,20360.0,missing
2353,2023,40303000,income,,24189.0,missing
2353,2024,40303000,income,,23945.0,missing
2354,2023,40304000,income,,22414.0,missing
2354,2024,40304000,income,,22123.0,missing
2355,2023,40305000,income,,32807.0,missing
2355,2024,40305000,income,,32593.0,missing
2356,2023,40306000,income,,21890.0,missing
2356,2024,40306000,income,,21671.0,missing
2357,2023,40307000,income,,36280.0,missing
2357,2024,40307000,income,,36091.0,missing
2358,2023,40308000,income,,31585.0,missing
2358,2024,40308000,income,,31425.0,missing
2359,2023,40309000,income,,41303.0,missing
2359,2024,40309000,income,,41047.0,missing
2360,2023,40310000,income,,36263.0,missing
2360,2024,40310000,income,,36080.0,missing
2361,2023,40311000,income,,61249.0,missing
2361,2024,40311000,income,,60755.0,missing
2362,2023,40312000,income,,6021.0,missing
2362,2024,40312000,income,,6101.0,missing
2363,2023,40313000,income,,106155.0,missing
2363,2024,40313000,income,,111145.0,missing
2364,2023,40314000,income,,39131.0,missing
2364,2024,40314000,income,,39068.0,missing
2365,2023,40315000,income,,90520.0,missing
2365,2024,40315000,income,,89796.0,missing
2366,2023,40316000,income,,60911.0,missing
2366,2024,40316000,income,,60378.0,missing
2367,2023,40317000,income,,61391.0,missing
2367,2024,40317000,income,,60902.0,missing
2368,2023,40318000,income,,60618.0,missing
2368,2024,40318000,income,,60031.0,missing
2369,2023,40319000,income,,116843.0,missing
2369,2024,40319000,income,,116146.0,missing
2370,2023,40320000,income,,6491.0,missing
2370,2024,40320000,income,,6508.0,missing
2371,2023,40321000,income,,15347.0,missing
2371,2024,40321000,income,,15567.0,missing
2372,2023,40322000,income,,190318.0,missing
2372,2024,40322000,income,,191571.0,missing
2374,2023,40324000,income,,94158.0,missing
2374,2024,40324000,income,,94400.0,missing
2375,2023,40325000,income,,91272.0,missing
2375,2024,40325000,income,,91526.0,missing
2376,2023,40326000,income,,114257.0,missing
2376,2024,40326000,income,,115111.0,missing
2377,2023,40327000,income,,117578.0,missing
2377,2024,40327000,income,,119292.0,missing
2378,2023,40328000,income,,68562.0,missing
2378,2024,40328000,income,,67654.0,missing
2379,2023,40329000,income,,109911.0,missing
2379,2024,40329000,income,,108549.0,missing
2380,2023,40330000,income,,72809.0,missing
2380,2024,40330000,income,,72078.0,missing
2381,2023,40331000,income,,77593.0,missing
2381,2024,40331000,income,,76567.0,missing
2382,2023,40332000,income,,81911.0,missing
2382,2024,40332000,income,,81396.0,missing
2383,2023,40333000,income,,48582.0,missing
2383,2024,40333000,income,,48022.0,missing
2384,2023,40334000,income,,77426.0,missing
2384,2024,40334000,income,,76479.0,missing
2385,2023,40335000,income,,60608.0,missing
2385,2024,40335000,income,,59699.0,missing
2386,2023,40336000,income,,77238.0,missing
2386,2024,40336000,income,,76019.0,missing
2387,2023,40337000,income,,71589.0,missing
2387,2024,40337000,income,,70462.0,missing
2388,2023,40338000,income,,43206.0,missing
2388,2024,40338000,income,,42639.0,missing
2389,2023,40339000,income,,33630.0,missing
2389,2024,40339000,income,,33260.0,missing
2390,2023,40340000,income,,38921.0,missing
2390,2024,40340000,income,,38302.0,missing
2391,2023,40341000,income,,10582.0,missing
2391,2024,40341000,income,,10430.0,missing
2392,2023,40342000,income,,143914.0,missing
2392,2024,40342000,income,,145875.0,missing
2393,2023,40343000,income,,27313.0,missing
2393,2024,40343000,income,,27407.0,missing
2395,2023,40345000,income,,8588.0,missing
2395,2024,40345000,income,,8552.0,missing
2398,2023,40348000,income,,75180.0,missing
2398,2024,40348000,income,,75419.0,missing
2399,2023,40349000,income,,58140.0,missing
2399,2024,40349000,income,,57831.0,missing
2400,2023,40350000,income,,43414.0,missing
2400,2024,40350000,income,,43157.0,missing
2401,2023,40351000,income,,128949.0,missing
2401,2024,40351000,income,,128099.0,missing
2402,2023,40352000,income,,61288.0,missing
2402,2024,40352000,income,,60985.0,missing
2403,2023,40353000,income,,58652.0,missing
2403,2024,40353000,income,,60306.0,missing
2404,2023,40354000,income,,59379.0,missing
2404,2024,40354000,income,,58402.0,missing
2405,2023,40355000,income,,128346.0,missing
2405,2024,40355000,income,,128489.0,missing
2406,2023,40356000,income,,70165.0,missing
2406,2024,40356000,income,,73238.0,missing
2407,2023,40357000,income,,51054.0,missing
2407,2024,40357000,income,,50257.0,missing
2408,2023,40358000,income,,36169.0,missing
2408,2024,40358000,income,,35619.0,missing
2409,2023,40359000,income,,27781.0,missing
2409,2024,40359000,income,,28519.0,missing
2410,2023,40360000,income,,44414.0,missing
2410,2024,40360000,income,,44515.0,missing
2411,2023,40361000,income,,15492.0,missing
2411,2024,40361000,income,,15462.0,missing
2412,2023,40362000,income,,45697.0,missing
2412,2024,40362000,income,,45935.0,missing
2416,2023,40366000,income,,9860.0,missing
2416,2024,40366000,income,,9869.0,missing
2422,2023,40372000,income,,39088.0,missing
2422,2024,40372000,income,,38558.0,missing
2423,2023,40373000,income,,45138.0,missing
2423,2024,40373000,income,,44916.0,missing
2424,2023,40374000,income,,66266.0,missing
2424,2024,40374000,income,,65624.0,missing
2425,2023,40375000,income,,84009.0,missing
2425,2024,40375000,income,,83316.0,missing
2426,2023,40376000,income,,45863.0,missing
2426,2024,40376000,income,,45574.0,missing
2427,2023,40377000,income,,93945.0,missing
2427,2024,40377000,income,,93726.0,missing
2428,2023,40378000,income,,27970.0,missing
2428,2024,40378000,income,,28050.0,missing
2429,2023,40379000,income,,27186.0,missing
2429,2024,40379000,income,,27157.0,missing
2430,2023,40380000,income,,56592.0,missing
2430,2024,40380000,income,,56679.0,missing
2431,2023,40381000,income,,69959.0,missing
2431,2024,40381000,income,,70132.0,missing
2432,2023,40382000,income,,79305.0,missing
2432,2024,40382000,income,,79762.0,missing
2433,2023,40383000,income,,67521.0,missing
2433,2024,40383000,income,,67469.0,missing
2434,2023,40384000,income,,69327.0,missing
2434,2024,40384000,income,,69494.0,missing
2435,2023,40385000,income,,62118.0,missing
2435,2024,40385000,income,,61924.0,missing
2436,2023,40386000,income,,87918.0,missing
2436,2024,40386000,income,,88163.0,missing
2437,2023,40387000,income,,17775.0,missing
2437,2024,40387000,income,,18097.0,missing
2439,2023,40389000,income,,15514.0,missing
2439,2024,40389000,income,,15440.0,missing
2440,2023,40390000,income,,16600.0,missing
2440,2024,40390000,income,,16497.0,missing
2441,2023,40391000,income,,15861.0,missing
2441,2024,40391000,income,,15788.0,missing
2442,2023,40392000,income,,20667.0,missing
2442,2024,40392000,income,,20583.0,missing
2443,2023,40393000,income,,17467.0,missing
2443,2024,40393000,income,,17453.0,missing
2444,2023,40394000,income,,29648.0,missing
2444,2024,40394000,income,,29553.0,missing
2445,2023,40395000,income,,80701.0,missing
2445,2024,40395000,income,,80345.0,missing
2446,2023,40396000,income,,14359.0,missing
2446,2024,40396000,income,,14268.0,missing
2447,2023,40397000,income,,108187.0,missing
2447,2024,40397000,income,,108470.0,missing
2449,2023,40901000,income,,132978.0,missing
2449,2024,40901000,income,,138847.0,missing
2450,2023,40902000,income,,61246.0,missing
2450,2024,40902000,income,,61193.0,missing
2451,2023,40903000,income,,67846.0,missing
2451,2024,40903000,income,,67637.0,missing
2452,2023,40904000,income,,56117.0,missing
2452,2024,40904000,income,,55958.0,missing
2453,2023,40905000,income,,92460.0,missing
2453,2024,40905000,income,,92071.0,missing
2454,2023,40906000,income,,62309.0,missing
2454,2024,40906000,income,,62317.0,missing
2455,2023,40907000,income,,74005.0,missing
2455,2024,40907000,income,,73743.0,missing
2456,2023,40908000,income,,7348.0,missing
2456,2024,40908000,income,,7273.0,missing
2457,2023,40909000,income,,9085.0,missing
2457,2024,40909000,income,,8978.0,missing
2458,2023,40910000,income,,40151.0,missing
2458,2024,40910000,income,,39745.0,missing
2459,2023,40911000,income,,74205.0,missing
2459,2024,40911000,income,,73451.0,missing
2460,2023,40912000,income,,19563.0,missing
2460,2024,40912000,income,,19437.0,missing
2461,2023,40913000,income,,50302.0,missing
2461,2024,40913000,income,,49727.0,missing
2462,2023,45301000,income,,108657.0,missing
2462,2024,45301000,income,,107571.0,missing
2463,2023,45302000,income,,119927.0,missing
2463,2024,45302000,income,,119585.0,missing
2464,2023,45303000,income,,73929.0,missing
2464,2024,45303000,income,,73857.0,missing
2465,2023,45304000,income,,12906.0,missing
2465,2024,45304000,income,,12454.0,missing
2466,2023,45305000,income,,165243.0,missing
2466,2024,45305000,income,,164715.0,missing
2467,2023,45306000,income,,125042.0,missing
2467,2024,45306000,income,,125062.0,missing
2468,2023,45307000,income,,107953.0,missing
2468,2024,45307000,income,,108666.0,missing
2469,2023,45308000,income,,89113.0,missing
2469,2024,45308000,income,,89438.0,missing
2470,2023,45309000,income,,99961.0,missing
2470,2024,45309000,income,,99348.0,missing
2471,2023,45310000,income,,106320.0,missing
2471,2024,45310000,income,,107461.0,missing
2472,2023,45311000,income,,39623.0,missing
2472,2024,45311000,income,,40122.0,missing
2473,2023,45312000,income,,135315.0,missing
2473,2024,45312000,income,,134308.0,missing
2474,2023,45313000,income,,84986.0,missing
2474,2024,45313000,income,,84957.0,missing
2475,2023,45314000,income,,93183.0,missing
2475,2024,45314000,income,,92805.0,missing
2476,2023,45315000,income,,59914.0,missing
2476,2024,45315000,income,,60396.0,missing
2477,2023,45316000,income,,87630.0,missing
2477,2024,45316000,income,,87933.0,missing
2478,2023,45317000,income,,26182.0,missing
2478,2024,45317000,income,,25182.0,missing
2479,2023,45318000,income,,76926.0,missing
2479,2024,45318000,income,,75669.0,missing
2480,2023,45319000,income,,82923.0,missing
2480,2024,45319000,income,,82363.0,missing
2481,2023,45320000,income,,153316.0,missing
2481,2024,45320000,income,,151447.0,missing
2482,2023,45321000,income,,147606.0,missing
2482,2024,45321000,income,,145961.0,missing
2483,2023,45322000,income,,123219.0,missing
2483,2024,45322000,income,,122058.0,missing
2484,2023,45323000,income,,127680.0,missing
2484,2024,45323000,income,,126535.0,missing
2485,2023,45324000,income,,65529.0,missing
2485,2024,45324000,income,,65316.0,missing
2486,2023,45325000,income,,152594.0,missing
2486,2024,45325000,income,,151931.0,missing
2487,2023,45326000,income,,127304.0,missing
2487,2024,45326000,income,,126309.0,missing
2488,2023,45327000,income,,128359.0,missing
2488,2024,45327000,income,,128029.0,missing
2489,2023,45328000,income,,113015.0,missing
2489,2024,45328000,income,,112388.0,missing
2490,2023,45329000,income,,112246.0,missing
2490,2024,45329000,income,,111926.0,missing
2491,2023,45330000,income,,108426.0,missing
2491,2024,45330000,income,,110660.0,missing
2492,2023,45331000,income,,41877.0,missing
2492,2024,45331000,income,,43049.0,missing
2493,2023,45332000,income,,41586.0,missing
2493,2024,45332000,income,,42047.0,missing
2494,2023,45333000,income,,81964.0,missing
2494,2024,45333000,income,,81833.0,missing
2495,2023,45334000,income,,42729.0,missing
2495,2024,45334000,income,,43190.0,missing
2496,2023,45335000,income,,78556.0,missing
2496,2024,45335000,income,,79896.0,missing
2497,2023,45336000,income,,72033.0,missing
2497,2024,45336000,income,,72173.0,missing
2498,2023,45337000,income,,101601.0,missing
2498,2024,45337000,income,,101167.0,missing
2499,2023,45338000,income,,104554.0,missing
2499,2024,45338000,income,,106612.0,missing
2500,2023,45339000,income,,103271.0,missing
2500,2024,45339000,income,,103496.0,missing
2501,2023,45340000,income,,85514.0,missing
2501,2024,45340000,income,,84743.0,missing
2502,2023,45341000,income,,102809.0,missing
2502,2024,45341000,income,,103676.0,missing
2503,2023,45342000,income,,55355.0,missing
2503,2024,45342000,income,,55420.0,missing
2504,2023,45343000,income,,12487.0,missing
2504,2024,45343000,income,,13337.0,missing
2505,2023,45344000,income,,60070.0,missing
2505,2024,45344000,income,,60149.0,missing
2506,2023,45345000,income,,58000.0,missing
2506,2024,45345000,income,,57677.0,missing
2507,2023,45346000,income,,81940.0,missing
2507,2024,45346000,income,,82774.0,missing
2508,2023,45347000,income,,93029.0,missing
2508,2024,45347000,income,,96233.0,missing
2509,2023,45348000,income,,74927.0,missing
2509,2024,45348000,income,,75533.0,missing
2510,2023,45349000,income,,78502.0,missing
2510,2024,45349000,income,,77681.0,missing
2511,2023,45350000,income,,55753.0,missing
2511,2024,45350000,income,,55741.0,missing
2512,2023,45351000,income,,68075.0,missing
2512,2024,45351000,income,,88627.0,missing
2513,2023,45352000,income,,159344.0,missing
2513,2024,45352000,income,,158797.0,missing
2514,2023,45353000,income,,72472.0,missing
2514,2024,45353000,income,,71703.0,missing
2515,2023,45354000,income,,84811.0,missing
2515,2024,45354000,income,,84105.0,missing
2516,2023,45355000,income,,82683.0,missing
2516,2024,45355000,income,,83136.0,missing
2517,2023,45356000,income,,36566.0,missing
2517,2024,45356000,income,,36742.0,missing
2518,2023,45357000,income,,63095.0,missing
2518,2024,45357000,income,,62191.0,missing
2519,2023,45358000,income,,65296.0,missing
2519,2024,45358000,income,,64840.0,missing
2520,2023,45359000,income,,187728.0,missing
2520,2024,45359000,income,,187737.0,missing
2521,2023,45360000,income,,52059.0,missing
2521,2024,45360000,income,,52115.0,missing
2522,2023,45361000,income,,60984.0,missing
2522,2024,45361000,income,,60013.0,missing
2523,2023,45362000,income,,,missing
2523,2024,45362000,income,,,missing
2524,2023,45363000,income,,,missing
2524,2024,45363000,income,,,missing
2525,2023,45364000,income,,86996.0,missing
2525,2024,45364000,income,,88150.0,missing
2526,2023,45365000,income,,99656.0,missing
2526,2024,45365000,income,,98861.0,missing
2527,2023,45366000,income,,32326.0,missing
2527,2024,45366000,income,,33298.0,missing
2528,2023,45367000,income,,197840.0,missing
2528,2024,45367000,income,,198194.0,missing
2529,2023,45368000,income,,66564.0,missing
2529,2024,45368000,income,,67364.0,missing
2530,2023,45369000,income,,171805.0,missing
2530,2024,45369000,income,,172055.0,missing
2531,2023,45370000,income,,161980.0,missing
2531,2024,45370000,income,,163074.0,missing
2532,2023,45371000,income,,181520.0,missing
2532,2024,45371000,income,,182497.0,missing
2533,2023,45372000,income,,109248.0,missing
2533,2024,45372000,income,,110486.0,missing
2534,2023,45373000,income,,111492.0,missing
2534,2024,45373000,income,,112628.0,missing
2535,2023,45374000,income,,35962.0,missing
2535,2024,45374000,income,,36246.0,missing
2536,2023,45375000,income,,109051.0,missing
2536,2024,45375000,income,,111289.0,missing
2537,2023,45376000,income,,54521.0,missing
2537,2024,45376000,income,,55293.0,missing
2538,2023,45377000,income,,36840.0,missing
2538,2024,45377000,income,,36947.0,missing
2539,2023,45378000,income,,45691.0,missing
2539,2024,45378000,income,,45851.0,missing
2540,2023,45379000,income,,56620.0,missing
2540,2024,45379000,income,,55635.0,missing
2541,2023,45380000,income,,126433.0,missing
2541,2024,45380000,income,,127506.0,missing
2542,2023,45381000,income,,135106.0,missing
2542,2024,45381000,income,,134759.0,missing
2543,2023,45382000,income,,75593.0,missing
2543,2024,45382000,income,,75735.0,missing
2544,2023,45383000,income,,105275.0,missing
2544,2024,45383000,income,,105094.0,missing
2545,2023,45384000,income,,27481.0,missing
2545,2024,45384000,income,,27022.0,missing
2546,2023,45385000,income,,241783.0,missing
2546,2024,45385000,income,,241326.0,missing
2547,2023,45386000,income,,32717.0,missing
2547,2024,45386000,income,,32161.0,missing
2548,2023,45387000,income,,140670.0,missing
2548,2024,45387000,income,,139880.0,missing
2549,2023,45388000,income,,106078.0,missing
2549,2024,45388000,income,,109711.0,missing
2550,2023,45389000,income,,181447.0,missing
2550,2024,45389000,income,,184071.0,missing
2551,2023,45390000,income,,271915.0,missing
2551,2024,45390000,income,,272278.0,missing
2552,2023,45391000,income,,108388.0,missing
2552,2024,45391000,income,,112860.0,missing
2553,2023,45392000,income,,49563.0,missing
2553,2024,45392000,income,,50637.0,missing
2554,2023,45393000,income,,90252.0,missing
2554,2024,45393000,income,,89544.0,missing
2555,2023,45394000,income,,107857.0,missing
2555,2024,45394000,income,,108657.0,missing
2556,2023,45395000,income,,102752.0,missing
2556,2024,45395000,income,,101550.0,missing
2557,2023,45396000,income,,72414.0,missing
2557,2024,45396000,income,,73112.0,missing
2558,2023,45397000,income,,113198.0,missing
2558,2024,45397000,income,,114228.0,missing
2559,2023,45398000,income,,80987.0,missing
2559,2024,45398000,income,,80493.0,missing
2560,2023,45901000,income,,124527.0,missing
2560,2024,45901000,income,,123288.0,missing
2561,2023,45902000,income,,151790.0,missing
2561,2024,45902000,income,,152544.0,missing
2562,2023,45903000,income,,64976.0,missing
2562,2024,45903000,income,,65708.0,missing
2563,2023,45904000,income,,87923.0,missing
2563,2024,45904000,income,,87044.0,missing
2564,2023,45905000,income,,87447.0,missing
2564,2024,45905000,income,,87258.0,missing
2565,2023,45906000,income,,97658.0,missing
2565,2024,45906000,income,,97516.0,missing
2566,2023,45907000,income,,132338.0,missing
2566,2024,45907000,income,,131899.0,missing
2567,2023,45908000,income,,107799.0,missing
2567,2024,45908000,income,,107951.0,missing
2568,2023,45909000,income,,208783.0,missing
2568,2024,45909000,income,,211116.0,missing
2569,2023,45910000,income,,175253.0,missing
2569,2024,45910000,income,,176505.0,missing
2570,2023,45911000,income,,157292.0,missing
2570,2024,45911000,income,,156160.0,missing
2571,2023,45912000,income,,86038.0,missing
2571,2024,45912000,income,,85308.0,missing
2572,2023,45913000,income,,102572.0,missing
2572,2024,45913000,income,,101271.0,missing
2573,2023,45914000,income,,105140.0,missing
2573,2024,45914000,income,,104272.0,missing
2574,2023,45915000,income,,51967.0,missing
2574,2024,45915000,income,,51291.0,missing
2575,2023,45916000,income,,133651.0,missing
2575,2024,45916000,income,,133658.0,missing
2576,2023,45917000,income,,88095.0,missing
2576,2024,45917000,income,,86969.0,missing
2577,2023,45918000,income,,83658.0,missing
2577,2024,45918000,income,,83390.0,missing
2578,2023,45919000,income,,120618.0,missing
2578,2024,45919000,income,,120779.0,missing
2579,2023,45920000,income,,77938.0,missing
2579,2024,45920000,income,,77073.0,missing
2580,2023,45921000,income,,126387.0,missing
2580,2024,45921000,income,,124886.0,missing
2581,2023,45922000,income,,148059.0,missing
2581,2024,45922000,income,,146959.0,missing
2582,2023,45923000,income,,120748.0,missing
2582,2024,45923000,income,,119021.0,missing
2583,2023,45924000,income,,110895.0,missing
2583,2024,45924000,income,,109640.0,missing
2584,2023,45925000,income,,113208.0,missing
2584,2024,45925000,income,,111983.0,missing
2585,2023,45926000,income,,158304.0,missing
2585,2024,45926000,income,,156092.0,missing
2586,2023,45927000,income,,33776.0,missing
2586,2024,45927000,income,,37824.0,missing
2587,2023,45931000,income,,71089.0,missing
2587,2024,45931000,income,,71615.0,missing
2588,2023,45932000,income,,64132.0,missing
2588,2024,45932000,income,,62771.0,missing
2589,2023,45941000,income,,63312.0,missing
2589,2024,45941000,income,,64390.0,missing
2590,2023,45942000,income,,20317.0,missing
2590,2024,45942000,income,,19919.0,missing
2591,2023,45943000,income,,14592.0,missing
2591,2024,45943000,income,,14565.0,missing
2592,2023,45944000,income,,45606.0,missing
2592,2024,45944000,income,,47195.0,missing
2593,2023,45945000,income,,12072.0,missing
2593,2024,45945000,income,,12040.0,missing
2595,2023,45947000,income,,21818.0,missing
2595,2024,45947000,income,,21756.0,missing
2596,2023,45948000,income,,12896.0,missing
2596,2024,45948000,income,,13029.0,missing
2597,2023,45949000,income,,15692.0,missing
2597,2024,45949000,income,,16230.0,missing
2598,2023,45951000,income,,9287.0,missing
2598,2024,45951000,income,,9107.0,missing
2599,2023,45952000,income,,111718.0,missing
2599,2024,45952000,income,,114244.0,missing
2600,2023,45953000,income,,22029.0,missing
2600,2024,45953000,income,,21590.0,missing
2601,2023,45954000,income,,21725.0,missing
2601,2024,45954000,income,,23187.0,missing
2602,2023,45955000,income,,24782.0,missing
2602,2024,45955000,income,,27069.0,missing
2604,2023,45957000,income,,32215.0,missing
2604,2024,45957000,income,,33033.0,missing
2605,2023,45958000,income,,115545.0,missing
2605,2024,45958000,income,,122303.0,missing
2606,2023,45959000,income,,16237.0,missing
2606,2024,45959000,income,,17811.0,missing
2607,2023,45961000,income,,13350.0,missing
2607,2024,45961000,income,,13360.0,missing
2618,2023,34714000,income,,15431.0,missing
2619,2023,78705000,income,23258196.0,54862.0,boundary_review
2619,2024,78705000,income,29386259.0,54039.0,boundary_review
2620,2023,57730000,income,42406758.0,100732.0,boundary_review
2620,2024,57730000,income,51415596.0,99951.0,boundary_review
2621,2023,57708000,income,76743248.0,148978.0,boundary_review
2621,2024,57708000,income,94399627.0,147365.0,boundary_review
1492,2023,46737000,income,68565574.0,148369.0,ok
1492,2024,46737000,income,75642099.0,148545.0,ok
1491,2023,46715000,income,110762476.0,164318.0,ok
1491,2024,46715000,income,129227041.0,163081.0,ok
1504,2023,46778000,income,21122142.0,64223.0,ok
1504,2024,46778000,income,23440573.0,64165.0,ok
1496,2023,46751000,income,165349805.0,218485.0,boundary_review
1496,2024,46751000,income,186956152.0,220062.0,boundary_review
2121,2023,28758000,income,6862256.0,22975.0,ok
2121,2024,28758000,income,8573789.0,22713.0,ok
2131,2023,28759000,income,8351481.0,23173.0,ok
2131,2024,28759000,income,10060394.0,22742.0,ok
1184,2023,27705000,income,11225788.0,29090.0,ok
1184,2024,27705000,income,12339078.0,29289.0,ok
1190,2023,27734000,income,10531009.0,20746.0,ok
1190,2024,27734000,income,11737644.0,21165.0,ok
745,2023,57719000,income,5825799.0,17530.0,boundary_review
745,2024,57719000,income,6096967.0,17213.0,boundary_review
748,2023,57720000,income,24615065.0,67055.0,boundary_review
748,2024,57720000,income,29025584.0,66475.0,boundary_review
755,2023,57729000,income,3655688.0,14240.0,boundary_review
755,2024,57729000,income,3916911.0,14030.0,boundary_review
739,2023,57714000,income,8530825.0,22067.0,boundary_review
739,2024,57714000,income,8929721.0,21697.0,boundary_review
763,2023,57735000,income,43332234.0,94467.0,ok
763,2024,57735000,income,49974247.0,93785.0,ok
2644,2023,46770000,income,109174542.0,181197.0,boundary_review
2644,2024,46770000,income,171422518.0,181687.0,boundary_review
1495,2023,46745000,income,31839470.0,92519.0,ok
1495,2024,46745000,income,35613313.0,92529.0,ok
2646,2023,29715000,income,86391497.0,129584.0,boundary_review
2646,2024,29715000,income,105197267.0,132477.0,boundary_review
2647,2023,29606000,income,34385894.0,,no_population
2647,2024,29606000,income,41925118.0,,no_population
2648,2023,46742000,income,27657591.0,70669.0,boundary_review
2648,2024,46742000,income,37080787.0,72040.0,boundary_review
2651,2023,46755000,income,508542338.0,480869.0,boundary_review
2651,2024,46755000,income,603116229.0,482184.0,boundary_review
2652,2023,46757000,income,110535973.0,241038.0,boundary_review
2652,2024,46757000,income,116813389.0,240323.0,boundary_review
1501,2023,46728000,income,129340516.0,209616.0,ok
1501,2024,46728000,income,164094656.0,207827.0,ok
1490,2023,46710000,income,67477927.0,160613.0,ok
1490,2024,46710000,income,73725753.0,160755.0,ok
1500,2023,46768000,income,191549193.0,334391.0,boundary_review
1500,2024,46768000,income,225602594.0,338109.0,boundary_review
1489,2023,46708000,income,26071278.0,65122.0,ok
1489,2024,46708000,income,34477655.0,64721.0,ok
1494,2023,46752000,income,6105840.0,21919.0,ok
1494,2024,46752000,income,8105063.0,21886.0,ok
2114,2023,28510000,income,2658688.0,9715.0,ok
2114,2024,28510000,income,2753710.0,9486.0,ok
2110,2023,28502000,income,2622491.0,10059.0,ok
2110,2024,28502000,income,3126265.0,9731.0,ok
747,2023,57760000,income,4811061.0,17604.0,boundary_review
747,2024,57760000,income,5344055.0,17217.0,boundary_review
738,2023,57712000,income,10164396.0,39102.0,boundary_review
738,2024,57712000,income,12229570.0,38931.0,boundary_review
754,2023,57728000,income,9055606.0,26446.0,boundary_review
754,2024,57728000,income,11204020.0,26196.0,boundary_review
766,2023,57757000,income,17548591.0,50585.0,boundary_review
766,2024,57757000,income,22806535.0,50392.0,boundary_review
760,2023,57731000,income,5289332.0,18289.0,boundary_review
760,2024,57731000,income,6228372.0,18094.0,boundary_review
741,2023,57718000,income,23564845.0,47852.0,boundary_review
741,2024,57718000,income,29459971.0,47730.0,boundary_review
743,2023,57759000,income,3931421.0,17327.0,boundary_review
743,2024,57759000,income,4509474.0,17130.0,boundary_review
752,2023,57761000,income,7544259.0,24270.0,boundary_review
752,2024,57761000,income,12468639.0,23944.0,boundary_review
756,2023,57762000,income,7693031.0,22456.0,boundary_review
756,2024,57762000,income,9233534.0,22301.0,boundary_review
765,2023,57756000,income,3900977.0,15097.0,boundary_review
765,2024,57756000,income,4247085.0,14730.0,boundary_review
767,2023,57758000,income,21291008.0,64392.0,boundary_review
767,2024,57758000,income,24759925.0,63686.0,boundary_review
751,2023,57727000,income,12567571.0,38404.0,boundary_review
751,2024,57727000,income,14003305.0,37780.0,boundary_review
734,2023,57502000,income,7420366.0,22972.0,ok
734,2024,57502000,income,8303868.0,22642.0,ok
736,2023,57506000,income,4298425.0,13692.0,ok
736,2024,57506000,income,4998681.0,13486.0,ok
753,2023,57538000,income,3438860.0,14149.0,ok
753,2024,57538000,income,3974768.0,13958.0,ok
769,2023,57513000,income,3040878.0,11876.0,ok
769,2024,57513000,income,3286079.0,11679.0,ok
771,2023,57526000,income,2731204.0,9469.0,ok
771,2024,57526000,income,3084198.0,9259.0,ok
773,2023,57559000,income,1841360.0,8631.0,ok
773,2024,57559000,income,2187242.0,8439.0,ok
774,2023,57560000,income,3582292.0,16457.0,ok
774,2024,57560000,income,3850396.0,16182.0,ok
761,2023,57552000,income,2377530.0,9885.0,ok
761,2024,57552000,income,2469685.0,9728.0,ok
770,2023,57525000,income,1764841.0,5685.0,ok
770,2024,57525000,income,1964353.0,5543.0,ok
1550,2023,22719000,income,4677245.0,13643.0,ok
1550,2024,22719000,income,5319145.0,13399.0,ok
2201,2023,71702000,income,7727906.0,23429.0,boundary_review
2201,2024,71702000,income,9391075.0,23386.0,boundary_review
713,2023,04545000,income,2078211.0,5857.0,boundary_review
713,2024,04545000,income,2362483.0,5747.0,boundary_review
1242,2023,32504000,income,2915692.0,9939.0,ok
1242,2024,32504000,income,3101798.0,9689.0,ok
1243,2023,32507000,income,26101543.0,45809.0,ok
1243,2024,32507000,income,31982748.0,45263.0,ok
1244,2023,32510000,income,5755710.0,21743.0,ok
1244,2024,32510000,income,6460223.0,21713.0,ok
1249,2023,32525000,income,11977078.0,45666.0,ok
1249,2024,32525000,income,12991917.0,45477.0,ok
1252,2023,32531000,income,12556489.0,40738.0,ok
1252,2024,32531000,income,14432722.0,40525.0,ok
1253,2023,32534000,income,6205177.0,18850.0,ok
1253,2024,32534000,income,6546730.0,18381.0,ok
1254,2023,32537000,income,3894180.0,13270.0,ok
1254,2024,32537000,income,4397489.0,12997.0,ok
1256,2023,32543000,income,4725605.0,15662.0,ok
1256,2024,32543000,income,5489792.0,15502.0,ok
1257,2023,32546000,income,7758867.0,26287.0,ok
1257,2024,32546000,income,9123266.0,26089.0,ok
1241,2023,32502000,income,15810037.0,36708.0,ok
1241,2024,32502000,income,29307725.0,36402.0,ok
787,2023,05502000,income,4100785.0,12391.0,ok
787,2024,05502000,income,4263946.0,12237.0,ok
798,2023,05532000,income,6246301.0,18359.0,ok
798,2024,05532000,income,7343145.0,18096.0,ok
806,2023,05555000,income,7559891.0,21421.0,ok
806,2024,05555000,income,7515281.0,21090.0,ok
2132,2023,28544000,income,2682112.0,11529.0,ok
2132,2024,28544000,income,3330363.0,11371.0,ok
2649,2023,46788000,income,143010079.0,217794.0,boundary_review
2649,2024,46788000,income,159283692.0,218279.0,boundary_review
2710,2023,28714000,income,19585458.0,65168.0,boundary_review
2710,2024,28714000,income,23872585.0,63833.0,boundary_review
2373,2023,40323000,income,,69822.0,missing
2373,2024,40323000,income,,70100.0,missing
1912,2023,63746000,income,1554213.0,4958.0,ok
1912,2024,63746000,income,1710984.0,4872.0,ok
1493,2023,46707000,income,193470729.0,309204.0,boundary_review
1493,2024,46707000,income,254376458.0,327211.0,boundary_review
2127,2023,28536000,income,1210333.0,3914.0,ok
2127,2024,28536000,income,1320610.0,3827.0,ok
2117,2023,28516000,income,3928905.0,12137.0,ok
2117,2024,28516000,income,5106199.0,11945.0,ok
2133,2023,28546000,income,1714223.0,5136.0,ok
2133,2024,28546000,income,2618383.0,5051.0,ok
2136,2023,28549000,income,1265515.0,4892.0,ok
2136,2024,28549000,income,1395642.0,4788.0,ok
2125,2023,28532000,income,2521153.0,8654.0,ok
2125,2024,28532000,income,2910830.0,8508.0,ok
2137,2023,28550000,income,3066058.0,10050.0,ok
2137,2024,28550000,income,3584310.0,9920.0,ok
899,2023,11511000,income,4131680.0,8759.0,ok
899,2024,11511000,income,4365054.0,8586.0,ok
901,2023,11518000,income,6613534.0,14796.0,ok
901,2024,11518000,income,7330248.0,14660.0,ok
1185,2023,27506000,income,8548292.0,29256.0,ok
1185,2024,27506000,income,9638164.0,28931.0,ok
1186,2023,27507000,income,34874185.0,107412.0,ok
1186,2024,27507000,income,39410322.0,110395.0,ok
1188,2023,27510000,income,14654427.0,39203.0,ok
1188,2024,27510000,income,16365887.0,39588.0,ok
1189,2023,27513000,income,2600110.0,11016.0,ok
1189,2024,27513000,income,2974088.0,10823.0,ok
1191,2023,27514000,income,4970803.0,15439.0,ok
1191,2024,27514000,income,5598926.0,15267.0,ok
1192,2023,27515000,income,3704409.0,11791.0,ok
1192,2024,27515000,income,4016982.0,11632.0,ok
1193,2023,27516000,income,3317603.0,12673.0,ok
1193,2024,27516000,income,3692226.0,12553.0,ok
1194,2023,27518000,income,5764232.0,17147.0,ok
1194,2024,27518000,income,6458209.0,17007.0,ok
1195,2023,27519000,income,5152876.0,18197.0,ok
1195,2024,27519000,income,5786653.0,18045.0,ok
1196,2023,27527000,income,4253972.0,15765.0,ok
1196,2024,27527000,income,4721918.0,15573.0,ok
1197,2023,27539000,income,16746546.0,45874.0,ok
1197,2024,27539000,income,18778562.0,45312.0,ok
1521,2023,47515000,income,35297599.0,30591.0,ok
1521,2024,47515000,income,32771128.0,29632.0,ok
1512,2023,47517000,income,18148605.0,16762.0,ok
1512,2024,47517000,income,19590092.0,16803.0,ok
1507,2023,47519000,income,37366130.0,,no_population
1507,2024,47519000,income,43970035.0,,no_population
1508,2023,47522000,income,42064704.0,,no_population
1508,2024,47522000,income,47372552.0,,no_population
1509,2023,47524000,income,35308943.0,,no_population
1509,2024,47524000,income,41966698.0,,no_population
1510,2023,47526000,income,16307517.0,,no_population
1510,2024,47526000,income,19800016.0,,no_population
1511,2023,47528000,income,16356141.0,,no_population
1511,2024,47528000,income,18076968.0,,no_population
1593,2023,49545000,income,3979006.0,13321.0,ok
1593,2024,49545000,income,4487798.0,13129.0,ok
1584,2023,49523000,income,1072332.0,3260.0,ok
1584,2024,49523000,income,1223718.0,3202.0,ok
1579,2023,49510000,income,1245170.0,4116.0,ok
1579,2024,49510000,income,997582.0,4071.0,ok
1591,2023,49538000,income,2939481.0,,no_population
1591,2024,49538000,income,3033674.0,,no_population
826,2023,07502000,income,13823967.0,46441.0,ok
826,2024,07502000,income,13663643.0,46217.0,ok
827,2023,07503000,income,10110874.0,33526.0,ok
827,2024,07503000,income,10159925.0,33305.0,ok
828,2023,07505000,income,10645017.0,29621.0,ok
828,2024,07505000,income,10674284.0,29279.0,ok
829,2023,07507000,income,10681162.0,22874.0,ok
829,2024,07507000,income,10969749.0,22666.0,ok
830,2023,07512000,income,26795615.0,107390.0,boundary_review
830,2024,07512000,income,30154990.0,106466.0,boundary_review
831,2023,07517000,income,12239151.0,37986.0,ok
831,2024,07517000,income,11960662.0,37958.0,ok
832,2023,07528000,income,17343746.0,78120.0,ok
832,2024,07528000,income,17105453.0,77707.0,ok
834,2023,07533000,income,12488699.0,52548.0,ok
834,2024,07533000,income,13110988.0,52260.0,ok
835,2023,07536000,income,8844756.0,34905.0,ok
835,2024,07536000,income,7772893.0,34715.0,ok
836,2023,07544000,income,9028974.0,24624.0,ok
836,2024,07544000,income,9533141.0,24490.0,ok
838,2023,07552000,income,6668715.0,20544.0,ok
838,2024,07552000,income,7217000.0,20369.0,ok
839,2023,07554000,income,13256533.0,32451.0,ok
839,2024,07554000,income,15477345.0,32211.0,ok
840,2023,07556000,income,9093211.0,22217.0,ok
840,2024,07556000,income,8204747.0,22025.0,ok
841,2023,07558000,income,45528789.0,166092.0,ok
841,2024,07558000,income,58901623.0,165229.0,ok
735,2023,57503000,income,6315723.0,26401.0,ok
735,2024,57503000,income,8450635.0,26262.0,ok
742,2023,57518000,income,2496266.0,8718.0,ok
742,2024,57518000,income,2988787.0,8527.0,ok
746,2023,57524000,income,2757963.0,11074.0,ok
746,2024,57524000,income,3014876.0,10872.0,ok
764,2023,57555000,income,3378636.0,11958.0,ok
764,2024,57555000,income,3970694.0,11783.0,ok
749,2023,57529000,income,7282447.0,23317.0,ok
749,2024,57529000,income,9266721.0,22949.0,ok
758,2023,57548000,income,3200488.0,12059.0,ok
758,2024,57548000,income,3684866.0,11869.0,ok
744,2023,57522000,income,5811222.0,20192.0,ok
744,2024,57522000,income,6443145.0,19967.0,ok
1264,2023,33502000,income,1665208.0,4416.0,ok
1264,2024,33502000,income,1853164.0,4257.0,ok
1273,2023,33516000,income,1981216.0,6535.0,ok
1273,2024,33516000,income,2214946.0,6384.0,ok
1292,2023,33534000,income,1739355.0,5890.0,ok
1292,2024,33534000,income,1959932.0,5744.0,ok
1299,2023,33543000,income,2725021.0,7380.0,ok
1299,2024,33543000,income,3041951.0,7168.0,ok
1267,2023,33506000,income,1284860.0,3274.0,ok
1267,2024,33506000,income,1450787.0,3151.0,ok
1291,2023,33533000,income,2139359.0,7035.0,ok
1291,2024,33533000,income,2377132.0,6900.0,ok
1572,2023,22554000,income,8002199.0,28080.0,ok
1572,2024,22554000,income,9777446.0,27897.0,ok
1539,2023,22505000,income,26932827.0,72780.0,ok
1539,2024,22505000,income,33300184.0,72219.0,ok
1540,2023,22507000,income,20065477.0,58362.0,ok
1540,2024,22507000,income,24857911.0,57639.0,ok
1543,2023,22512000,income,5414082.0,12996.0,ok
1543,2024,22512000,income,4615860.0,12910.0,ok
1544,2023,22514000,income,5323265.0,13408.0,ok
1544,2024,22514000,income,5033277.0,13290.0,ok
1557,2023,22534000,income,5920695.0,17245.0,ok
1557,2024,22534000,income,6501792.0,17091.0,ok
1562,2023,22540000,income,11052558.0,34467.0,ok
1562,2024,22540000,income,13170502.0,34099.0,ok
1563,2023,22542000,income,40446840.0,92555.0,ok
1563,2024,22542000,income,52207631.0,91822.0,ok
1565,2023,22546000,income,7228003.0,25730.0,ok
1565,2024,22546000,income,7812109.0,25420.0,ok
1571,2023,22553000,income,4210670.0,14521.0,ok
1571,2024,22553000,income,4589226.0,14347.0,ok
1356,2023,37542000,income,,23733.0,missing
1356,2024,37542000,income,10710170.0,23519.0,ok
1345,2023,37520000,income,,12243.0,missing
1345,2024,37520000,income,6077278.0,11993.0,ok
2245,2023,71936000,income,113062092.0,66233.0,ok
2245,2024,71936000,income,127189391.0,65345.0,ok
2248,2023,71943000,income,70665235.0,17774.0,ok
2248,2024,71943000,income,81556468.0,17876.0,ok
721,2023,04555000,income,2243719.0,7685.0,boundary_review
721,2024,04555000,income,2574236.0,7536.0,boundary_review
1251,2023,32528000,income,6777635.0,18309.0,ok
1251,2024,32528000,income,7115154.0,17957.0,ok
594,2023,76538000,income,4833232.0,15487.0,ok
594,2024,76538000,income,5335776.0,15082.0,ok
582,2023,76515000,income,13812302.0,7377.0,ok
582,2024,76515000,income,15562187.0,7207.0,ok
804,2023,05550000,income,8272838.0,24807.0,ok
804,2024,05550000,income,8542645.0,24478.0,ok
795,2023,05526000,income,10170090.0,22935.0,ok
795,2024,05526000,income,9968307.0,22743.0,ok
792,2023,05517000,income,6033393.0,12150.0,ok
792,2024,05517000,income,7143407.0,11848.0,ok
802,2023,05546000,income,6524901.0,17419.0,ok
802,2024,05546000,income,6715100.0,17049.0,ok
801,2023,05540000,income,6384969.0,9876.0,ok
801,2024,05540000,income,6301489.0,9728.0,ok
871,2023,10508000,income,5746525.0,17256.0,ok
871,2024,10508000,income,4944250.0,17004.0,ok
874,2023,10521000,income,4902387.0,11783.0,ok
874,2024,10521000,income,4903587.0,11590.0,ok
873,2023,10515000,income,7718106.0,16940.0,ok
873,2024,10515000,income,9771058.0,16566.0,ok
876,2023,10528000,income,8620062.0,21126.0,ok
876,2024,10528000,income,8437109.0,20785.0,ok
882,2023,10540000,income,3469712.0,7325.0,ok
882,2024,10540000,income,3466208.0,7209.0,ok
888,2023,10554000,income,15836703.0,13606.0,ok
888,2024,10554000,income,19847385.0,13370.0,ok
2808,2023,46738000,income,119135529.0,214925.0,boundary_review
2808,2024,46738000,income,132534706.0,213701.0,boundary_review
2809,2023,57530000,income,30868448.0,103834.0,boundary_review
2809,2024,57530000,income,36417532.0,103245.0,boundary_review
833,2023,07530000,income,14216742.0,35811.0,ok
833,2024,07530000,income,15795111.0,35678.0,ok
1555,2023,22532000,income,4408338.0,15033.0,ok
1555,2024,22532000,income,4946416.0,14998.0,ok
2813,2023,46786000,income,35837859.0,101978.0,boundary_review
2813,2024,46786000,income,36508556.0,101188.0,boundary_review
2814,2023,46758000,income,172994008.0,300650.0,boundary_review
2814,2024,46758000,income,212092824.0,300898.0,boundary_review
1320,2023,34524000,income,,10065.0,missing
1320,2024,34524000,income,3873466.0,9904.0,ok
1325,2023,34534000,income,,4385.0,missing
1325,2024,34534000,income,1623122.0,4283.0,ok
1319,2023,34522000,income,,2809.0,missing
1319,2024,34522000,income,1139400.0,2703.0,ok
1314,2023,34512000,income,,4100.0,missing
1314,2024,34512000,income,1650704.0,3925.0,ok
1726,2023,54501000,income,30130981.0,70123.0,ok
1726,2024,54501000,income,35331648.0,69588.0,ok
2128,2023,28538000,income,6967558.0,24715.0,ok
2128,2024,28538000,income,8126021.0,24344.0,ok
2134,2023,28547000,income,3099786.0,14847.0,ok
2134,2024,28547000,income,3478736.0,14777.0,ok
2139,2023,28552000,income,2404203.0,8567.0,ok
2139,2024,28552000,income,2809741.0,8413.0,ok
2130,2023,28542000,income,970830.0,3747.0,ok
2130,2024,28542000,income,1187392.0,3690.0,ok
911,2023,11550000,income,14634276.0,33589.0,ok
911,2024,11550000,income,17805477.0,33077.0,ok
898,2023,11508000,income,4643085.0,11299.0,ok
898,2024,11508000,income,5388181.0,10925.0,ok
900,2023,11514000,income,6340743.0,12647.0,ok
900,2024,11514000,income,7019247.0,12371.0,ok
423,2023,94502000,income,,20182.0,missing
423,2024,94502000,income,9637197.0,19971.0,ok
424,2023,94504000,income,,27261.0,missing
424,2024,94504000,income,14445554.0,26866.0,ok
425,2023,94506000,income,,13827.0,missing
425,2024,94506000,income,9487706.0,13809.0,ok
428,2023,94512000,income,,8699.0,missing
428,2024,94512000,income,4131508.0,8624.0,ok
429,2023,94514000,income,,10804.0,missing
429,2024,94514000,income,6192168.0,10744.0,ok
430,2023,94516000,income,,82103.0,missing
430,2024,94516000,income,48305040.0,83460.0,ok
431,2023,94518000,income,,32865.0,missing
431,2024,94518000,income,21197831.0,32538.0,ok
432,2023,94520000,income,,15789.0,missing
432,2024,94520000,income,9438965.0,15570.0,ok
433,2023,94522000,income,,10224.0,missing
433,2024,94522000,income,8884761.0,10095.0,ok
434,2023,94524000,income,,18032.0,missing
434,2024,94524000,income,10762404.0,17833.0,ok
435,2023,94526000,income,,17595.0,missing
435,2024,94526000,income,12532547.0,17496.0,ok
436,2023,94528000,income,,8666.0,missing
436,2024,94528000,income,4807725.0,8518.0,ok
437,2023,94530000,income,,7584.0,missing
437,2024,94530000,income,4251647.0,7480.0,ok
438,2023,94533000,income,,31253.0,missing
438,2024,94533000,income,15611127.0,30993.0,ok
440,2023,94537000,income,,23501.0,missing
440,2024,94537000,income,11778844.0,23267.0,ok
441,2023,94539000,income,,10457.0,missing
441,2024,94539000,income,5029845.0,10292.0,ok
442,2023,94541000,income,,10209.0,missing
442,2024,94541000,income,6835462.0,9970.0,ok
443,2023,94544000,income,,34140.0,missing
443,2024,94544000,income,24755674.0,33739.0,ok
444,2023,94546000,income,,19022.0,missing
444,2024,94546000,income,10000705.0,18886.0,ok
445,2023,94548000,income,,7343.0,missing
445,2024,94548000,income,3931197.0,7231.0,ok
446,2023,94550000,income,,19371.0,missing
446,2024,94550000,income,12707673.0,19293.0,ok
447,2023,94552000,income,,11148.0,missing
447,2024,94552000,income,7035579.0,10983.0,ok
491,2023,97524000,income,3603488.0,12585.0,ok
491,2024,97524000,income,4095001.0,12470.0,ok
737,2023,57508000,income,3258170.0,11874.0,ok
737,2024,57508000,income,3119110.0,11730.0,ok
1268,2023,33507000,income,7068900.0,20073.0,ok
1268,2024,33507000,income,8042825.0,19600.0,ok
1278,2023,33521000,income,1732798.0,5450.0,ok
1278,2024,33521000,income,1925193.0,5283.0,ok
1279,2023,33522000,income,4479234.0,12773.0,ok
1279,2024,33522000,income,5037066.0,12427.0,ok
1281,2023,33524000,income,3994630.0,9036.0,ok
1281,2024,33524000,income,4541687.0,8746.0,ok
1286,2023,33529000,income,2747861.0,6864.0,ok
1286,2024,33529000,income,3089397.0,6571.0,ok
1289,2023,33531000,income,2615077.0,8143.0,ok
1289,2024,33531000,income,2932928.0,7903.0,ok
1297,2023,33540000,income,2139820.0,,no_population
1297,2024,33540000,income,2383957.0,,no_population
1560,2023,22537000,income,63117614.0,122131.0,boundary_review
1560,2024,22537000,income,82707807.0,121424.0,boundary_review
1344,2023,37518000,income,,11131.0,missing
1344,2024,37518000,income,5854441.0,10941.0,ok
1343,2023,37516000,income,,24519.0,missing
1343,2024,37516000,income,13211398.0,24231.0,ok
1355,2023,37540000,income,,13903.0,missing
1355,2024,37540000,income,4958993.0,13663.0,ok
1348,2023,37526000,income,,13881.0,missing
1348,2024,37526000,income,5844960.0,13666.0,ok
1335,2023,37502000,income,,7642.0,missing
1335,2024,37502000,income,2189176.0,7380.0,ok
1352,2023,37534000,income,,12006.0,missing
1352,2024,37534000,income,4716336.0,11754.0,ok
2244,2023,71933000,income,11896760.0,5702.0,ok
2244,2024,71933000,income,14048965.0,5640.0,ok
2250,2023,71948000,income,73585792.0,16139.0,ok
2250,2024,71948000,income,84610504.0,16268.0,ok
2872,2023,71938000,income,11160522.0,10037.0,boundary_review
2872,2024,71938000,income,10997646.0,10095.0,boundary_review
525,2023,01512000,income,2777709.0,11444.0,ok
525,2024,01512000,income,3236142.0,11281.0,ok
1240,2023,32501000,income,15763371.0,25274.0,ok
1240,2024,32501000,income,16630868.0,24823.0,ok
1246,2023,32516000,income,14007362.0,50952.0,ok
1246,2024,32516000,income,16250206.0,50597.0,ok
2876,2023,07715000,income,38083436.0,133913.0,boundary_review
2876,2024,07715000,income,50659608.0,133451.0,boundary_review
2879,2023,71952000,income,40739897.0,33869.0,boundary_review
2879,2024,71952000,income,47958906.0,34958.0,boundary_review
2880,2023,71953000,income,30811249.0,30962.0,boundary_review
2880,2024,71953000,income,33758369.0,31295.0,boundary_review
2881,2023,07548000,income,34764893.0,110643.0,boundary_review
2881,2024,07548000,income,34336428.0,109591.0,boundary_review
2882,2023,71940000,income,176078530.0,36552.0,ok
2882,2024,71940000,income,186598905.0,36676.0,ok
2883,2023,28528000,income,19874927.0,52457.0,boundary_review
2883,2024,28528000,income,25660038.0,51679.0,boundary_review
2884,2023,28548000,income,21361446.0,64730.0,boundary_review
2884,2024,28548000,income,25952696.0,63768.0,boundary_review
2885,2023,57528000,income,14145935.0,50499.0,boundary_review
2885,2024,57528000,income,17306421.0,50562.0,boundary_review
2886,2023,57516000,income,,44174.0,missing
2886,2024,57516000,income,17601206.0,43671.0,boundary_review
2887,2023,63701000,income,494694710.0,942315.0,boundary_review
2887,2024,63701000,income,549409766.0,937364.0,boundary_review
1326,2023,34536000,income,,4760.0,missing
1326,2024,34536000,income,1495673.0,4593.0,ok
1327,2023,34538000,income,,3350.0,missing
1327,2024,34538000,income,1175205.0,3269.0,ok
2112,2023,28506000,income,1444624.0,4940.0,ok
2112,2024,28506000,income,1832065.0,4852.0,ok
2118,2023,28518000,income,3970700.0,14370.0,ok
2118,2024,28518000,income,5385406.0,14191.0,ok
2122,2023,28526000,income,2605255.0,7303.0,ok
2122,2024,28526000,income,2126021.0,7244.0,ok
2129,2023,28540000,income,3767252.0,14025.0,ok
2129,2024,28540000,income,4779858.0,13807.0,ok
2138,2023,28551000,income,2004790.0,6525.0,ok
2138,2024,28551000,income,2406286.0,6439.0,ok
2140,2023,28553000,income,6089988.0,21077.0,ok
2140,2024,28553000,income,7461602.0,20834.0,ok
2116,2023,28514000,income,995814.0,4073.0,ok
2116,2024,28514000,income,1105050.0,3931.0,ok
223,2023,86550000,income,5471839.0,12418.0,ok
223,2024,86550000,income,6190540.0,12070.0,ok
907,2023,11542000,income,6009395.0,7248.0,ok
907,2024,11542000,income,6995657.0,7098.0,ok
915,2023,11558000,income,4404081.0,10681.0,ok
915,2024,11558000,income,5698143.0,10436.0,ok
903,2023,11527000,income,10259249.0,17228.0,ok
903,2024,11527000,income,13288320.0,17119.0,ok
914,2023,11556000,income,7264325.0,18445.0,ok
914,2024,11556000,income,8842462.0,17957.0,ok
908,2023,11544000,income,11507790.0,22889.0,ok
908,2024,11544000,income,12408330.0,22613.0,ok
913,2023,11554000,income,12106308.0,23609.0,ok
913,2024,11554000,income,15302173.0,23280.0,ok
1047,2023,19505000,income,7787313.0,19014.0,ok
1047,2024,19505000,income,9041231.0,18827.0,ok
1048,2023,19508000,income,3349964.0,9641.0,ok
1048,2024,19508000,income,3964698.0,9515.0,ok
1049,2023,19510000,income,4523453.0,13492.0,ok
1049,2024,19510000,income,5303888.0,13265.0,ok
1051,2023,19514000,income,15753470.0,49825.0,ok
1051,2024,19514000,income,18630193.0,49167.0,ok
1052,2023,19516000,income,4188442.0,12561.0,ok
1052,2024,19516000,income,4497044.0,12428.0,ok
1053,2023,19518000,income,3807702.0,13814.0,ok
1053,2024,19518000,income,4400807.0,13654.0,ok
1054,2023,19520000,income,18406569.0,52745.0,ok
1054,2024,19520000,income,20944805.0,52112.0,ok
1056,2023,19524000,income,12093401.0,32078.0,ok
1056,2024,19524000,income,14451850.0,31660.0,ok
1057,2023,19526000,income,5439222.0,16512.0,ok
1057,2024,19526000,income,6144813.0,16433.0,ok
1059,2023,19530000,income,4320254.0,14475.0,ok
1059,2024,19530000,income,5105338.0,14278.0,ok
1060,2023,19532000,income,1412085.0,4918.0,ok
1060,2024,19532000,income,1683829.0,4834.0,ok
1062,2023,19536000,income,3433948.0,8521.0,ok
1062,2024,19536000,income,4111538.0,8427.0,ok
1063,2023,19538000,income,15211423.0,45129.0,ok
1063,2024,19538000,income,17969380.0,44621.0,ok
1064,2023,19540000,income,2737956.0,8049.0,ok
1064,2024,19540000,income,2949575.0,8005.0,ok
1065,2023,19542000,income,3259264.0,10460.0,ok
1065,2024,19542000,income,3902573.0,10381.0,ok
1066,2023,19546000,income,6483144.0,22064.0,ok
1066,2024,19546000,income,7639121.0,21923.0,ok
1067,2023,19548000,income,2223212.0,7373.0,ok
1067,2024,19548000,income,2586962.0,7282.0,ok
1068,2023,19550000,income,4797431.0,15333.0,ok
1068,2024,19550000,income,5156329.0,15130.0,ok
1069,2023,19552000,income,4091298.0,12976.0,ok
1069,2024,19552000,income,4887792.0,12814.0,ok
484,2023,97505000,income,3355040.0,13788.0,ok
484,2024,97505000,income,4015295.0,13550.0,ok
485,2023,97507000,income,8002119.0,31190.0,ok
485,2024,97507000,income,8732464.0,30773.0,ok
486,2023,97510000,income,7455262.0,28773.0,ok
486,2024,97510000,income,9191039.0,28415.0,ok
487,2023,97513000,income,4696970.0,20179.0,ok
487,2024,97513000,income,5273440.0,19914.0,ok
489,2023,97519000,income,4671304.0,15100.0,ok
489,2024,97519000,income,5313064.0,14831.0,ok
490,2023,97521000,income,6119949.0,20626.0,ok
490,2024,97521000,income,6041244.0,20409.0,ok
492,2023,97526000,income,2764785.0,13739.0,ok
492,2024,97526000,income,3444566.0,13525.0,ok
493,2023,97529000,income,4211981.0,18877.0,ok
493,2024,97529000,income,4661090.0,18507.0,ok
494,2023,97532000,income,7720896.0,30826.0,ok
494,2024,97532000,income,8831473.0,30685.0,ok
495,2023,97535000,income,2751083.0,10452.0,ok
495,2024,97535000,income,3027156.0,10342.0,ok
496,2023,97538000,income,4541663.0,20427.0,ok
496,2024,97538000,income,4953949.0,20067.0,ok
497,2023,97541000,income,8995076.0,31328.0,ok
497,2024,97541000,income,11539444.0,31134.0,ok
498,2023,97544000,income,16189136.0,61599.0,ok
498,2024,97544000,income,21444555.0,61487.0,ok
499,2023,97547000,income,2437704.0,11611.0,ok
499,2024,97547000,income,2737035.0,11365.0,ok
501,2023,97553000,income,8296055.0,22684.0,ok
501,2024,97553000,income,8459297.0,22282.0,ok
502,2023,97555000,income,4508304.0,15257.0,ok
502,2024,97555000,income,4843210.0,14957.0,ok
503,2023,97558000,income,3073391.0,12239.0,ok
503,2024,97558000,income,3325621.0,12065.0,ok
757,2023,57546000,income,47538609.0,128215.0,ok
757,2024,57546000,income,60844542.0,128718.0,ok
1265,2023,33503000,income,3892199.0,10804.0,ok
1265,2024,33503000,income,4401147.0,10517.0,ok
1542,2023,22510000,income,2859581.0,10307.0,ok
1542,2024,22510000,income,3223050.0,10258.0,ok
1556,2023,22533000,income,3616534.0,10869.0,ok
1556,2024,22533000,income,3999196.0,10775.0,ok
1574,2023,22557000,income,6057119.0,22759.0,ok
1574,2024,22557000,income,6783174.0,22629.0,ok
1552,2023,22526000,income,2485604.0,9817.0,ok
1552,2024,22526000,income,2929522.0,9681.0,ok
1567,2023,22549000,income,4170352.0,13644.0,ok
1567,2024,22549000,income,4509716.0,13501.0,ok
1570,2023,22552000,income,1949675.0,7107.0,ok
1570,2024,22552000,income,2136355.0,7029.0,ok
1569,2023,22551000,income,2678842.0,9479.0,ok
1569,2024,22551000,income,2854734.0,9400.0,ok
1568,2023,22550000,income,4884594.0,16339.0,ok
1568,2024,22550000,income,5994826.0,16175.0,ok
1573,2023,22556000,income,3676948.0,11401.0,ok
1573,2024,22556000,income,3989609.0,11304.0,ok
1547,2023,22518000,income,3704978.0,12663.0,ok
1547,2024,22518000,income,4038719.0,12521.0,ok
1558,2023,22535000,income,5240867.0,18758.0,ok
1558,2024,22535000,income,5885448.0,18535.0,ok
1537,2023,22502000,income,6452311.0,22414.0,ok
1537,2024,22502000,income,7035924.0,22161.0,ok
1548,2023,22519000,income,3934441.0,14537.0,ok
1548,2024,22519000,income,4415019.0,14309.0,ok
1551,2023,22522000,income,4780933.0,16216.0,ok
1551,2024,22522000,income,5682506.0,16072.0,ok
1545,2023,22515000,income,3082502.0,9755.0,ok
1545,2024,22515000,income,3484961.0,9653.0,ok
1554,2023,22530000,income,5938738.0,20408.0,ok
1554,2024,22530000,income,6870409.0,20224.0,ok
1553,2023,22528000,income,32930503.0,80699.0,ok
1553,2024,22528000,income,41308877.0,80149.0,ok
1559,2023,22536000,income,2568300.0,8726.0,ok
1559,2024,22536000,income,2538436.0,8617.0,ok
1564,2023,22545000,income,6765634.0,18304.0,ok
1564,2024,22545000,income,6075838.0,18104.0,ok
1546,2023,22517000,income,4598325.0,16832.0,ok
1546,2024,22517000,income,5219651.0,16730.0,ok
1561,2023,22539000,income,7134322.0,26082.0,ok
1561,2024,22539000,income,7032607.0,25751.0,ok
1541,2023,22509000,income,2869050.0,10295.0,ok
1541,2024,22509000,income,3248294.0,10172.0,ok
1549,2023,22520000,income,14922690.0,47967.0,ok
1549,2024,22520000,income,17203778.0,47925.0,ok
1566,2023,22548000,income,12099554.0,27151.0,ok
1566,2024,22548000,income,11290297.0,26797.0,ok
1336,2023,37504000,income,,12856.0,missing
1336,2024,37504000,income,5437660.0,12696.0,ok
1339,2023,37509000,income,,6675.0,missing
1339,2024,37509000,income,2823268.0,6573.0,ok
1340,2023,37510000,income,,25638.0,missing
1340,2024,37510000,income,14266329.0,25283.0,ok
1346,2023,37522000,income,,12737.0,missing
1346,2024,37522000,income,7811093.0,12441.0,ok
1349,2023,37528000,income,,7907.0,missing
1349,2024,37528000,income,5130946.0,7740.0,ok
1351,2023,37532000,income,,10481.0,missing
1351,2024,37532000,income,3660254.0,10385.0,ok
1353,2023,37536000,income,,4662.0,missing
1353,2024,37536000,income,2051418.0,4540.0,ok
1357,2023,37544000,income,,16168.0,missing
1357,2024,37544000,income,10846130.0,15866.0,ok
1358,2023,37546000,income,,15832.0,missing
1358,2024,37546000,income,10680324.0,15694.0,ok
1347,2023,37524000,income,,9164.0,missing
1347,2024,37524000,income,3228173.0,8983.0,ok
2249,2023,71946000,income,7320611.0,9121.0,ok
2249,2024,71946000,income,8709142.0,9162.0,ok
2303,2023,75533000,income,16553527.0,56058.0,ok
2303,2024,75533000,income,19177018.0,55417.0,ok
553,2023,01541000,income,1411567.0,3380.0,ok
553,2024,01541000,income,1220885.0,3264.0,ok
511,2023,01539000,income,15401473.0,37149.0,boundary_review
511,2024,01539000,income,11494211.0,36769.0,boundary_review
570,2023,01558000,income,2409039.0,9445.0,ok
570,2024,01558000,income,2581294.0,9268.0,ok
789,2023,05510000,income,9913591.0,21082.0,ok
789,2024,05510000,income,10624513.0,20727.0,ok
796,2023,05528000,income,3507886.0,7511.0,ok
796,2024,05528000,income,3777649.0,7209.0,ok
799,2023,05534000,income,10886916.0,24402.0,ok
799,2024,05534000,income,14130128.0,24093.0,ok
803,2023,05548000,income,12332805.0,24798.0,ok
803,2024,05548000,income,13837616.0,24400.0,ok
889,2023,10555000,income,2611577.0,5143.0,ok
889,2024,10555000,income,3182028.0,5003.0,ok
886,2023,10549000,income,17255140.0,20328.0,ok
886,2024,10549000,income,16273183.0,19790.0,ok
885,2023,10547000,income,6136506.0,21156.0,ok
885,2024,10547000,income,6080268.0,20859.0,ok
872,2023,10511000,income,12640469.0,35071.0,ok
872,2024,10511000,income,12985529.0,35810.0,ok
1431,2023,44502000,income,6393830.0,8502.0,ok
1431,2024,44502000,income,7408044.0,8658.0,ok
1438,2023,44522000,income,9769199.0,6077.0,ok
1438,2024,44522000,income,11748474.0,5934.0,ok
1070,2023,19554000,income,4024341.0,11110.0,ok
1070,2024,19554000,income,4571444.0,10919.0,ok
3005,2023,22703000,income,66557749.0,145443.0,boundary_review
3005,2024,22703000,income,72103547.0,144670.0,boundary_review
870,2023,10505000,income,4869050.0,12729.0,ok
870,2024,10505000,income,5757854.0,12372.0,ok
3007,2023,32522000,income,33859169.0,43450.0,boundary_review
3007,2024,32522000,income,36859783.0,43200.0,boundary_review
3009,2023,68701000,income,142503556.0,291454.0,boundary_review
3009,2024,68701000,income,169078284.0,288947.0,boundary_review
3011,2023,75712000,income,78328555.0,161475.0,boundary_review
3011,2024,75712000,income,81876306.0,160367.0,boundary_review
3012,2023,75638000,income,6401924.0,25198.0,boundary_review
3012,2024,75638000,income,7039096.0,24970.0,boundary_review
3013,2023,46771000,income,116886006.0,133149.0,boundary_review
3013,2024,46771000,income,128239149.0,135509.0,boundary_review
2618,2024,34520000,income,5910776.0,15147.0,boundary_review
1323,2024,34530000,income,2841498.0,8787.0,ok
1324,2024,34532000,income,1034871.0,2935.0,ok
1328,2024,34540000,income,2796463.0,7528.0,ok
1860,2024,61526000,income,2691592.0,,no_population
1862,2024,61530000,income,9984525.0,26812.0,ok
2120,2024,28522000,income,6371010.0,18994.0,ok
2143,2024,28557000,income,2030361.0,7887.0,ok
2142,2024,28555000,income,6614629.0,16137.0,ok
2111,2024,28504000,income,11842109.0,30567.0,ok
2124,2024,28530000,income,39726510.0,67829.0,ok
2126,2024,28534000,income,4832669.0,12610.0,ok
2113,2024,28508000,income,13003024.0,30273.0,ok
2119,2024,28520000,income,39506382.0,59603.0,ok
217,2024,86533000,income,9087816.0,14495.0,ok
208,2024,86504000,income,8745031.0,12305.0,ok
221,2024,86545000,income,17195526.0,31219.0,ok
912,2024,11552000,income,17091850.0,28908.0,ok
904,2024,11530000,income,5424769.0,10008.0,ok
1058,2024,19528000,income,5272922.0,14038.0,ok
1061,2024,19534000,income,5843482.0,18641.0,ok
1580,2024,49512000,income,3049794.0,9515.0,ok
1589,2024,49532000,income,7273206.0,18158.0,ok
1585,2024,49524000,income,1410483.0,5580.0,ok
1581,2024,49514000,income,4708038.0,11189.0,ok
1771,2024,58514000,income,1733243.0,,no_population
1773,2024,58518000,income,1981423.0,,no_population
1774,2024,58520000,income,7008968.0,,no_population
1775,2024,58523000,income,1922518.0,,no_population
1777,2024,58529000,income,5278118.0,,no_population
1780,2024,58540000,income,5995433.0,,no_population
1786,2024,58553000,income,2886511.0,,no_population
1788,2024,58556000,income,3654094.0,,no_population
810,2024,07510000,income,17983303.0,,no_population
811,2024,07515000,income,36311450.0,,boundary_review
814,2024,07520000,income,34968992.0,,no_population
815,2024,07522000,income,19997789.0,,no_population
817,2024,07525000,income,17325620.0,,no_population
819,2024,07539000,income,51909488.0,,no_population
821,2024,07541000,income,17411901.0,,no_population
822,2024,07543000,income,23470405.0,,no_population
823,2024,07546000,income,21267075.0,,no_population
825,2024,07550000,income,20438289.0,,no_population
1338,2024,37508000,income,10032755.0,,no_population
1341,2024,37512000,income,7566311.0,,no_population
1337,2024,37506000,income,7511063.0,,no_population
1350,2024,37530000,income,5748973.0,,no_population
592,2024,76534000,income,2558552.0,,no_population
580,2024,76510000,income,11973303.0,,no_population
583,2024,76518000,income,3276838.0,,no_population
588,2024,76526000,income,19012550.0,,no_population
613,2024,30510000,income,5911686.0,8727.0,ok
808,2024,05559000,income,3662532.0,11970.0,ok
797,2024,05530000,income,10307229.0,29888.0,ok
805,2024,05553000,income,12192198.0,25893.0,ok
807,2024,05557000,income,15684540.0,21051.0,ok
791,2024,05514000,income,7445790.0,13859.0,ok
854,2024,08534000,income,8485715.0,6326.0,ok
875,2024,10525000,income,12406033.0,11287.0,ok
2078,2024,68502000,income,2673058.0,8210.0,ok
2079,2024,68503000,income,3063739.0,9164.0,ok
2080,2024,68504000,income,9114005.0,24844.0,ok
2081,2024,68506000,income,5883218.0,13674.0,ok
2082,2024,68508000,income,6178078.0,17016.0,ok
2085,2024,68514000,income,5275548.0,13380.0,ok
2087,2024,68518000,income,3628357.0,10669.0,ok
2088,2024,68520000,income,5559867.0,15378.0,ok
2089,2024,68522000,income,8975215.0,23709.0,ok
2090,2024,68524000,income,5554752.0,13536.0,ok
2091,2024,68526000,income,3198381.0,10656.0,ok
2093,2024,68530000,income,4398937.0,14028.0,ok
2094,2024,68532000,income,3784547.0,11610.0,ok
2095,2024,68534000,income,6737890.0,24282.0,ok
2096,2024,68536000,income,3991033.0,11015.0,ok
2098,2024,68542000,income,7231185.0,15011.0,ok
2100,2024,68546000,income,2277652.0,9405.0,ok
228,2024,87523000,income,61910868.0,35807.0,ok
226,2024,87512000,income,9561783.0,10125.0,ok
1,2023,79701000,housing,112607.0,163766.0,ok
1,2024,79701000,housing,179466.0,161898.0,ok
2,2023,79703000,housing,13160.0,15614.0,ok
2,2024,79703000,housing,9959.0,15661.0,ok
3,2023,79605000,housing,10802.0,31933.0,ok
3,2024,79605000,housing,11600.0,31872.0,ok
4,2023,79615000,housing,9132.0,30153.0,ok
4,2024,79615000,housing,6241.0,30319.0,ok
5,2023,79618000,housing,9179.0,31977.0,ok
5,2024,79618000,housing,8050.0,32095.0,ok
6,2023,79622000,housing,65023.0,58793.0,ok
6,2024,79622000,housing,68298.0,59156.0,ok
7,2023,79630000,housing,327349.0,127291.0,ok
7,2024,79630000,housing,268552.0,131043.0,ok
8,2023,79633000,housing,13431.0,22196.0,ok
8,2024,79633000,housing,10868.0,22260.0,ok
9,2023,79640000,housing,3355.0,16262.0,ok
9,2024,79640000,housing,2583.0,16287.0,ok
10,2023,84701000,housing,39249.0,64957.0,ok
10,2024,84701000,housing,58146.0,64508.0,ok
11,2023,84610000,housing,16490.0,18512.0,ok
11,2024,84610000,housing,14954.0,18620.0,ok
12,2023,84615000,housing,65875.0,30665.0,ok
12,2024,84615000,housing,75080.0,30941.0,ok
13,2023,84620000,housing,6868.0,14049.0,ok
13,2024,84620000,housing,8025.0,14025.0,ok
14,2023,84625000,housing,13424.0,10960.0,ok
14,2024,84625000,housing,13192.0,10794.0,ok
15,2023,84630000,housing,4756.0,11798.0,ok
15,2024,84630000,housing,8504.0,11926.0,ok
16,2023,84635000,housing,3681.0,14297.0,ok
16,2024,84635000,housing,4048.0,14207.0,ok
17,2023,84640000,housing,10979.0,15691.0,ok
17,2024,84640000,housing,13947.0,15634.0,ok
18,2023,84643000,housing,19593.0,10394.0,ok
18,2024,84643000,housing,20463.0,10557.0,ok
19,2023,84645000,housing,3683.0,7471.0,ok
19,2024,84645000,housing,1943.0,7439.0,ok
20,2023,84650000,housing,5821.0,11975.0,ok
20,2024,84650000,housing,5528.0,12114.0,ok
21,2023,80701000,housing,1202358.0,1180979.0,ok
21,2024,80701000,housing,1131553.0,1186715.0,ok
22,2023,80703000,housing,595.0,14002.0,ok
22,2024,80703000,housing,1248.0,13728.0,ok
23,2023,80723000,housing,12014.0,61699.0,ok
23,2024,80723000,housing,10232.0,61143.0,ok
25,2023,80727000,housing,83001.0,144006.0,ok
25,2024,80727000,housing,73265.0,144598.0,ok
26,2023,80735000,housing,89016.0,116282.0,ok
26,2024,80735000,housing,111045.0,116427.0,ok
27,2023,80739000,housing,26501.0,147296.0,ok
27,2024,80739000,housing,19066.0,146633.0,ok
28,2023,80743000,housing,16322.0,56930.0,ok
28,2024,80743000,housing,21731.0,56470.0,ok
29,2023,80745000,housing,116189.0,279174.0,ok
29,2024,80745000,housing,113748.0,280497.0,ok
30,2023,80601000,housing,75682.0,44334.0,ok
30,2024,80601000,housing,80630.0,43983.0,ok
31,2023,80602000,housing,12962.0,36055.0,ok
31,2024,80602000,housing,12404.0,35536.0,ok
32,2023,80603000,housing,14740.0,16847.0,ok
32,2024,80603000,housing,12494.0,16616.0,ok
33,2023,80604000,housing,9815.0,17773.0,ok
33,2024,80604000,housing,5290.0,17418.0,ok
34,2023,80605000,housing,13063.0,30429.0,ok
34,2024,80605000,housing,11914.0,29757.0,ok
35,2023,80606000,housing,34359.0,54122.0,ok
35,2024,80606000,housing,29419.0,53399.0,ok
36,2023,80607000,housing,10529.0,25010.0,ok
36,2024,80607000,housing,12420.0,24813.0,ok
37,2023,80608000,housing,6295.0,18156.0,ok
37,2024,80608000,housing,6919.0,17837.0,ok
38,2023,80609000,housing,30993.0,95852.0,ok
38,2024,80609000,housing,28992.0,94978.0,ok
39,2023,80610000,housing,4182.0,17583.0,ok
39,2024,80610000,housing,3298.0,17369.0,ok
40,2023,80611000,housing,42326.0,97873.0,ok
40,2024,80611000,housing,51412.0,96915.0,ok
41,2023,80612000,housing,5212.0,21362.0,ok
41,2024,80612000,housing,3964.0,20951.0,ok
42,2023,80613000,housing,26452.0,61865.0,ok
42,2024,80613000,housing,26262.0,61478.0,ok
43,2023,80614000,housing,11295.0,24138.0,ok
43,2024,80614000,housing,6095.0,23850.0,ok
44,2023,80615000,housing,28439.0,49148.0,ok
44,2024,80615000,housing,32753.0,48718.0,ok
45,2023,80617000,housing,7324.0,25725.0,ok
45,2024,80617000,housing,6716.0,25432.0,ok
46,2023,80618000,housing,8226.0,21217.0,ok
46,2024,80618000,housing,9074.0,20840.0,ok
47,2023,80619000,housing,12824.0,17298.0,ok
47,2024,80619000,housing,11970.0,17061.0,ok
48,2023,80621000,housing,28151.0,30022.0,ok
48,2024,80621000,housing,27171.0,29525.0,ok
49,2023,80622000,housing,12782.0,36195.0,ok
49,2024,80622000,housing,13762.0,35565.0,ok
50,2023,80623000,housing,18507.0,30827.0,ok
50,2024,80623000,housing,18844.0,30750.0,ok
51,2023,80624000,housing,31965.0,59679.0,ok
51,2024,80624000,housing,29460.0,59179.0,ok
52,2023,80625000,housing,2384.0,14689.0,ok
52,2024,80625000,housing,2104.0,14369.0,ok
53,2023,80626000,housing,11963.0,23890.0,ok
53,2024,80626000,housing,8342.0,23381.0,ok
54,2023,80627000,housing,5431.0,14560.0,ok
54,2024,80627000,housing,5617.0,14231.0,ok
55,2023,80628000,housing,198958.0,70277.0,ok
55,2024,80628000,housing,186126.0,71099.0,ok
56,2023,80630000,housing,11240.0,30701.0,ok
56,2024,80630000,housing,16595.0,30405.0,ok
57,2023,80631000,housing,61880.0,83847.0,ok
57,2024,80631000,housing,56928.0,82948.0,ok
58,2023,80633000,housing,7811.0,21551.0,ok
58,2024,80633000,housing,8106.0,21101.0,ok
59,2023,80634000,housing,23572.0,23589.0,ok
59,2024,80634000,housing,18293.0,23105.0,ok
60,2023,80635000,housing,75903.0,51986.0,ok
60,2024,80635000,housing,84279.0,51575.0,ok
61,2023,80636000,housing,5776.0,16478.0,ok
61,2024,80636000,housing,5701.0,16339.0,ok
62,2023,80637000,housing,16874.0,25683.0,ok
62,2024,80637000,housing,24790.0,25332.0,ok
63,2023,80638000,housing,11790.0,26845.0,ok
63,2024,80638000,housing,14074.0,26359.0,ok
65,2023,80640000,housing,24857.0,26704.0,ok
65,2024,80640000,housing,35446.0,26370.0,ok
66,2023,80641000,housing,58377.0,80565.0,ok
66,2024,80641000,housing,76596.0,79609.0,ok
67,2023,80642000,housing,6382.0,22158.0,ok
67,2024,80642000,housing,6843.0,21838.0,ok
68,2023,80643000,housing,15356.0,21188.0,ok
68,2024,80643000,housing,10834.0,20716.0,ok
69,2023,80644000,housing,6865.0,23590.0,ok
69,2024,80644000,housing,9505.0,23086.0,ok
70,2023,80645000,housing,15437.0,20228.0,ok
70,2024,80645000,housing,19645.0,19945.0,ok
71,2023,80647000,housing,10200.0,23700.0,ok
71,2024,80647000,housing,9189.0,23304.0,ok
72,2023,80648000,housing,6810.0,16744.0,ok
72,2024,80648000,housing,6380.0,16360.0,ok
73,2023,80649000,housing,113484.0,47644.0,ok
73,2024,80649000,housing,109606.0,47531.0,ok
74,2023,80650000,housing,10330.0,21097.0,ok
74,2024,80650000,housing,10426.0,20679.0,ok
75,2023,80651000,housing,83081.0,131554.0,ok
75,2024,80651000,housing,97633.0,130733.0,ok
76,2023,80652000,housing,403338.0,114453.0,ok
76,2024,80652000,housing,466415.0,117125.0,ok
77,2023,80653000,housing,30665.0,69195.0,ok
77,2024,80653000,housing,31904.0,68451.0,ok
78,2023,80654000,housing,3394.0,15783.0,ok
78,2024,80654000,housing,2103.0,15491.0,ok
79,2023,80655000,housing,6742.0,29895.0,ok
79,2024,80655000,housing,10419.0,29249.0,ok
80,2023,80656000,housing,12722.0,27968.0,ok
80,2024,80656000,housing,16904.0,27671.0,ok
81,2023,80657000,housing,40071.0,50859.0,ok
81,2024,80657000,housing,38584.0,50536.0,ok
82,2023,80658000,housing,5782.0,19000.0,ok
82,2024,80658000,housing,7618.0,18637.0,ok
83,2023,80659000,housing,24641.0,42880.0,ok
83,2024,80659000,housing,19386.0,42391.0,ok
167,2023,83701000,housing,280733.0,271656.0,ok
167,2024,83701000,housing,243748.0,271464.0,ok
168,2023,83703000,housing,31179.0,60724.0,ok
168,2024,83703000,housing,41960.0,61043.0,ok
169,2023,83710000,housing,7352.0,59778.0,ok
169,2024,83710000,housing,5858.0,60023.0,ok
173,2023,83620000,housing,6469.0,37828.0,ok
173,2024,83620000,housing,8000.0,37609.0,ok
181,2023,85605000,housing,1170.0,13530.0,ok
181,2024,85605000,housing,1096.0,13573.0,ok
184,2023,85615000,housing,1384.0,18310.0,ok
184,2024,85615000,housing,2495.0,18650.0,ok
185,2023,85620000,housing,1556.0,9207.0,ok
185,2024,85620000,housing,2578.0,9256.0,ok
188,2023,85632000,housing,944.0,11043.0,ok
188,2024,85632000,housing,1090.0,11466.0,ok
191,2023,85646000,housing,747.0,8828.0,ok
191,2024,85646000,housing,3260.0,8903.0,ok
194,2023,91701000,housing,193587.0,112789.0,ok
194,2024,91701000,housing,152382.0,112782.0,ok
195,2023,91705000,housing,15598.0,41060.0,ok
195,2024,91705000,housing,18002.0,41150.0,ok
196,2023,91601000,housing,25339.0,17867.0,ok
196,2024,91601000,housing,26559.0,18121.0,ok
198,2023,91610000,housing,38052.0,53819.0,ok
198,2024,91610000,housing,29086.0,53555.0,ok
201,2023,91623000,housing,7946.0,16443.0,ok
201,2024,91623000,housing,9164.0,16400.0,ok
203,2023,91630000,housing,9174.0,24282.0,ok
203,2024,91630000,housing,5748.0,24072.0,ok
204,2023,91635000,housing,30477.0,50777.0,ok
204,2024,91635000,housing,27937.0,50870.0,ok
205,2023,91640000,housing,17206.0,30929.0,ok
205,2024,91640000,housing,19328.0,31020.0,ok
206,2023,86701000,housing,117947.0,235793.0,ok
206,2024,86701000,housing,146047.0,235694.0,ok
207,2023,86706000,housing,7066.0,26531.0,ok
207,2024,86706000,housing,6773.0,26470.0,ok
208,2023,86604000,housing,7201.0,12546.0,ok
209,2023,86609000,housing,1727.0,5939.0,ok
209,2024,86609000,housing,1653.0,5888.0,ok
210,2023,86612000,housing,1668.0,12715.0,ok
210,2024,86612000,housing,1321.0,12493.0,ok
211,2023,86615000,housing,19822.0,31671.0,ok
211,2024,86615000,housing,18150.0,31368.0,ok
212,2023,86618000,housing,15450.0,10709.0,ok
212,2024,86618000,housing,19339.0,10502.0,ok
213,2023,86621000,housing,2674.0,10289.0,ok
213,2024,86621000,housing,2119.0,10092.0,ok
214,2023,86624000,housing,10015.0,23931.0,ok
214,2024,86624000,housing,9750.0,23603.0,ok
215,2023,86627000,housing,1122.0,7903.0,ok
215,2024,86627000,housing,1232.0,7695.0,ok
216,2023,86630000,housing,10262.0,18662.0,ok
216,2024,86630000,housing,11318.0,18460.0,ok
217,2023,86633000,housing,7140.0,14735.0,ok
218,2023,86636000,housing,48909.0,21994.0,ok
218,2024,86636000,housing,55918.0,21969.0,ok
219,2023,86639000,housing,14774.0,12259.0,ok
219,2024,86639000,housing,18494.0,12023.0,ok
220,2023,86642000,housing,1703.0,14351.0,ok
220,2024,86642000,housing,3478.0,13907.0,ok
221,2023,86645000,housing,1856.0,31609.0,ok
222,2023,86610000,housing,29019.0,23825.0,ok
222,2024,86610000,housing,20499.0,23603.0,ok
224,2023,87701000,housing,111916.0,233105.0,ok
224,2024,87701000,housing,90359.0,232811.0,ok
225,2023,87710000,housing,,67702.0,missing
225,2024,87710000,housing,,67547.0,missing
226,2023,87712000,housing,30.0,10365.0,ok
227,2023,87715000,housing,,21092.0,missing
227,2024,87715000,housing,140.0,20870.0,ok
228,2023,87723000,housing,3063.0,36025.0,ok
229,2023,87725000,housing,7135.0,94168.0,ok
229,2024,87725000,housing,,93096.0,missing
230,2023,87604000,housing,4676.0,16294.0,ok
230,2024,87604000,housing,8120.0,16187.0,ok
231,2023,87608000,housing,2710.0,15250.0,ok
231,2024,87608000,housing,2224.0,14981.0,ok
232,2023,87612000,housing,1670.0,7571.0,ok
232,2024,87612000,housing,3636.0,7470.0,ok
233,2023,87616000,housing,15515.0,18538.0,ok
233,2024,87616000,housing,16392.0,18232.0,ok
234,2023,87620000,housing,911.0,42796.0,ok
234,2024,87620000,housing,664.0,42164.0,ok
235,2023,87624000,housing,5936.0,17418.0,ok
235,2024,87624000,housing,7646.0,17018.0,ok
236,2023,87626000,housing,3380.0,34217.0,ok
236,2024,87626000,housing,2262.0,33872.0,ok
237,2023,87628000,housing,40632.0,21432.0,ok
237,2024,87628000,housing,44386.0,21442.0,ok
238,2023,87632000,housing,3816.0,11753.0,ok
238,2024,87632000,housing,6154.0,11592.0,ok
239,2023,87636000,housing,1129.0,9676.0,ok
239,2024,87636000,housing,763.0,9461.0,ok
240,2023,87640000,housing,558.0,12529.0,ok
240,2024,87640000,housing,1362.0,12261.0,ok
241,2023,87644000,housing,5874.0,23861.0,ok
241,2024,87644000,housing,15055.0,23548.0,ok
242,2023,87648000,housing,6676.0,22164.0,ok
242,2024,87648000,housing,7029.0,21766.0,ok
243,2023,87652000,housing,1433.0,10478.0,ok
243,2024,87652000,housing,3709.0,10360.0,ok
269,2023,88701000,housing,209654.0,294128.0,ok
269,2024,88701000,housing,184380.0,295711.0,ok
270,2023,88705000,housing,36024.0,52164.0,ok
270,2024,88705000,housing,36628.0,51634.0,ok
271,2023,88715000,housing,9457.0,19355.0,ok
271,2024,88715000,housing,6731.0,19054.0,ok
272,2023,88604000,housing,16479.0,20633.0,ok
272,2024,88604000,housing,15906.0,20454.0,ok
273,2023,88608000,housing,8680.0,19891.0,ok
273,2024,88608000,housing,9508.0,19578.0,ok
274,2023,88612000,housing,47504.0,38830.0,ok
274,2024,88612000,housing,31617.0,38471.0,ok
275,2023,88616000,housing,2615.0,11211.0,ok
275,2024,88616000,housing,4179.0,11082.0,ok
276,2023,88620000,housing,4579.0,11637.0,ok
276,2024,88620000,housing,3515.0,11382.0,ok
277,2023,88624000,housing,5623.0,17406.0,ok
277,2024,88624000,housing,2455.0,17046.0,ok
278,2023,88628000,housing,152392.0,67681.0,ok
278,2024,88628000,housing,143692.0,67769.0,ok
279,2023,88632000,housing,10696.0,26138.0,ok
279,2024,88632000,housing,15241.0,25758.0,ok
280,2023,88636000,housing,2353.0,13597.0,ok
280,2024,88636000,housing,2467.0,13402.0,ok
281,2023,88640000,housing,8841.0,12379.0,ok
281,2024,88640000,housing,8083.0,12182.0,ok
282,2023,88644000,housing,3348.0,13181.0,ok
282,2024,88644000,housing,4265.0,13008.0,ok
283,2023,88648000,housing,6993.0,21572.0,ok
283,2024,88648000,housing,5358.0,21264.0,ok
284,2023,88652000,housing,8234.0,26377.0,ok
284,2024,88652000,housing,9052.0,26112.0,ok
285,2023,88656000,housing,3075.0,6141.0,ok
285,2024,88656000,housing,1298.0,5947.0,ok
287,2023,89603000,housing,4804.0,23935.0,ok
287,2024,89603000,housing,4223.0,23694.0,ok
288,2023,89605000,housing,1551.0,9088.0,ok
288,2024,89605000,housing,5391.0,9012.0,ok
289,2023,89607000,housing,1471.0,17467.0,ok
289,2024,89607000,housing,2940.0,17246.0,ok
290,2023,89610000,housing,2826.0,11743.0,ok
290,2024,89610000,housing,3953.0,11711.0,ok
292,2023,89616000,housing,955.0,11268.0,ok
292,2024,89616000,housing,3048.0,11280.0,ok
293,2023,89618000,housing,993.0,9271.0,ok
293,2024,89618000,housing,1834.0,9068.0,ok
294,2023,89621000,housing,14656.0,45860.0,ok
294,2024,89621000,housing,10054.0,45470.0,ok
295,2023,89624000,housing,3277.0,11686.0,ok
295,2024,89624000,housing,2667.0,11516.0,ok
296,2023,89626000,housing,3828.0,17147.0,ok
296,2024,89626000,housing,8423.0,16897.0,ok
297,2023,89628000,housing,638.0,6680.0,ok
297,2024,89628000,housing,1641.0,6593.0,ok
298,2023,89629000,housing,18852.0,36267.0,ok
298,2024,89629000,housing,8984.0,35879.0,ok
300,2023,89634000,housing,10339.0,21734.0,ok
300,2024,89634000,housing,6125.0,21456.0,ok
301,2023,89637000,housing,37260.0,33732.0,ok
301,2024,89637000,housing,44294.0,33537.0,ok
302,2023,89640000,housing,6551.0,19042.0,ok
302,2024,89640000,housing,8975.0,18857.0,ok
303,2023,89643000,housing,17182.0,59259.0,ok
303,2024,89643000,housing,21908.0,58820.0,ok
304,2023,89646000,housing,3622.0,11515.0,ok
304,2024,89646000,housing,5267.0,11300.0,ok
305,2023,89649000,housing,7289.0,12876.0,ok
305,2024,89649000,housing,6632.0,12696.0,ok
306,2023,89651000,housing,2104.0,9175.0,ok
306,2024,89651000,housing,2974.0,8971.0,ok
307,2023,89654000,housing,5368.0,18328.0,ok
307,2024,89654000,housing,5286.0,18231.0,ok
308,2023,89657000,housing,8346.0,28600.0,ok
308,2024,89657000,housing,5064.0,28433.0,ok
309,2023,98701000,housing,375033.0,378549.0,ok
309,2024,98701000,housing,401768.0,384979.0,ok
312,2023,98603000,housing,46341.0,39279.0,ok
312,2024,98603000,housing,28565.0,38998.0,ok
314,2023,98608000,housing,9465.0,16894.0,ok
314,2024,98608000,housing,7542.0,16705.0,ok
316,2023,98612000,housing,413.0,7997.0,ok
316,2024,98612000,housing,633.0,8126.0,ok
317,2023,98614000,housing,18362.0,20889.0,ok
317,2024,98614000,housing,15350.0,20721.0,ok
318,2023,98615000,housing,2801.0,3748.0,ok
318,2024,98615000,housing,2736.0,3687.0,ok
319,2023,98616000,housing,2961.0,10009.0,ok
319,2024,98616000,housing,3645.0,9998.0,ok
320,2023,98618000,housing,9911.0,25121.0,ok
320,2024,98618000,housing,9516.0,25157.0,ok
321,2023,98620000,housing,23747.0,12004.0,ok
321,2024,98620000,housing,11212.0,11936.0,ok
323,2023,98624000,housing,4070.0,11188.0,ok
323,2024,98624000,housing,9012.0,11053.0,ok
324,2023,98626000,housing,13095.0,22997.0,ok
324,2024,98626000,housing,17652.0,22761.0,ok
325,2023,98627000,housing,27847.0,32106.0,ok
325,2024,98627000,housing,17453.0,31833.0,ok
326,2023,98629000,housing,24517.0,33110.0,ok
326,2024,98629000,housing,37270.0,32932.0,ok
327,2023,98631000,housing,4470.0,71308.0,ok
327,2024,98631000,housing,7060.0,71704.0,ok
329,2023,98635000,housing,23633.0,24860.0,ok
329,2024,98635000,housing,24404.0,25069.0,ok
330,2023,98660000,housing,4819.0,69032.0,ok
330,2024,98660000,housing,14479.0,68431.0,ok
331,2023,98637000,housing,448.0,4211.0,ok
331,2024,98637000,housing,533.0,4175.0,ok
332,2023,98639000,housing,1545.0,7600.0,ok
332,2024,98639000,housing,671.0,7566.0,ok
333,2023,98641000,housing,12539.0,20691.0,ok
333,2024,98641000,housing,7430.0,20525.0,ok
334,2023,98642000,housing,3898.0,4361.0,ok
334,2024,98642000,housing,2088.0,4364.0,ok
335,2023,98646000,housing,3013.0,6741.0,ok
335,2024,98646000,housing,4664.0,6714.0,ok
336,2023,98648000,housing,9484.0,22352.0,ok
336,2024,98648000,housing,13655.0,22228.0,ok
337,2023,98604000,housing,13877.0,16858.0,ok
337,2024,98604000,housing,27930.0,16750.0,ok
338,2023,98650000,housing,6142.0,11064.0,ok
338,2024,98650000,housing,13126.0,10897.0,ok
339,2023,98652000,housing,9524.0,22249.0,ok
339,2024,98652000,housing,18502.0,22012.0,ok
340,2023,98654000,housing,6319.0,7159.0,ok
340,2024,98654000,housing,1789.0,7343.0,ok
341,2023,98656000,housing,2562.0,6809.0,ok
341,2024,98656000,housing,1099.0,6725.0,ok
342,2023,98644000,housing,15871.0,34435.0,ok
342,2024,98644000,housing,25312.0,34331.0,ok
343,2023,98658000,housing,21863.0,21955.0,ok
343,2024,98658000,housing,21020.0,21807.0,ok
345,2023,90701000,housing,293392.0,309619.0,ok
345,2024,90701000,housing,355902.0,309358.0,ok
346,2023,90605000,housing,18999.0,38381.0,ok
346,2024,90605000,housing,21514.0,38229.0,ok
347,2023,90610000,housing,14445.0,31288.0,ok
347,2024,90610000,housing,8736.0,31304.0,ok
348,2023,90615000,housing,11834.0,18504.0,ok
348,2024,90615000,housing,5747.0,18606.0,ok
349,2023,90620000,housing,8399.0,15607.0,ok
349,2024,90620000,housing,9296.0,15554.0,ok
351,2023,90630000,housing,28791.0,82698.0,ok
351,2024,90630000,housing,29514.0,81941.0,ok
352,2023,90635000,housing,13905.0,55510.0,ok
352,2024,90635000,housing,14175.0,55643.0,ok
354,2023,92701000,housing,1329743.0,1314685.0,ok
354,2024,92701000,housing,1417175.0,1318604.0,ok
355,2023,92730000,housing,318687.0,545750.0,ok
355,2024,92730000,housing,222664.0,544383.0,ok
356,2023,92601000,housing,8718.0,34692.0,ok
356,2024,92601000,housing,7031.0,34401.0,ok
357,2023,92602000,housing,11278.0,57623.0,ok
357,2024,92602000,housing,12006.0,57093.0,ok
358,2023,92604000,housing,5262.0,26484.0,ok
358,2024,92604000,housing,4002.0,26162.0,ok
359,2023,92605000,housing,10706.0,27710.0,ok
359,2024,92605000,housing,9714.0,27287.0,ok
360,2023,92606000,housing,11567.0,24739.0,ok
360,2024,92606000,housing,12334.0,24626.0,ok
361,2023,92607000,housing,4861.0,18228.0,ok
361,2024,92607000,housing,5005.0,18063.0,ok
362,2023,92608000,housing,124175.0,213275.0,ok
362,2024,92608000,housing,125252.0,212359.0,ok
363,2023,92610000,housing,5417.0,18786.0,ok
363,2024,92610000,housing,3670.0,18676.0,ok
364,2023,92612000,housing,24902.0,50166.0,ok
364,2024,92612000,housing,24610.0,49659.0,ok
365,2023,92613000,housing,4756.0,12371.0,ok
365,2024,92613000,housing,4322.0,12245.0,ok
366,2023,92614000,housing,13347.0,32711.0,ok
366,2024,92614000,housing,13057.0,32239.0,ok
367,2023,92615000,housing,17092.0,32861.0,ok
367,2024,92615000,housing,13675.0,32840.0,ok
368,2023,92617000,housing,16052.0,100110.0,ok
368,2024,92617000,housing,18381.0,99177.0,ok
369,2023,92618000,housing,9174.0,39524.0,ok
369,2024,92618000,housing,8614.0,39135.0,ok
370,2023,92620000,housing,46922.0,17493.0,ok
370,2024,92620000,housing,72644.0,17641.0,ok
371,2023,92622000,housing,239379.0,58283.0,ok
371,2024,92622000,housing,211265.0,60647.0,ok
372,2023,92624000,housing,3720.0,20429.0,ok
372,2024,92624000,housing,3175.0,20085.0,ok
373,2023,92626000,housing,75107.0,85667.0,ok
373,2024,92626000,housing,66775.0,85471.0,ok
374,2023,92627000,housing,10907.0,52812.0,ok
374,2024,92627000,housing,15210.0,52217.0,ok
375,2023,92628000,housing,130510.0,169710.0,ok
375,2024,92628000,housing,155036.0,169798.0,ok
376,2023,92629000,housing,4009.0,12622.0,ok
376,2024,92629000,housing,5050.0,12423.0,ok
377,2023,92630000,housing,6359.0,14305.0,ok
377,2024,92630000,housing,5963.0,14157.0,ok
378,2023,92633000,housing,26176.0,51290.0,ok
378,2024,92633000,housing,29001.0,51202.0,ok
379,2023,92634000,housing,321324.0,67057.0,ok
379,2024,92634000,housing,304707.0,71646.0,ok
380,2023,92636000,housing,17301.0,78468.0,ok
380,2024,92636000,housing,16005.0,77755.0,ok
381,2023,92638000,housing,14025.0,39955.0,ok
381,2024,92638000,housing,15129.0,39698.0,ok
382,2023,92639000,housing,10426.0,30523.0,ok
382,2024,92639000,housing,12005.0,30286.0,ok
383,2023,92640000,housing,13484.0,26732.0,ok
383,2024,92640000,housing,13005.0,26385.0,ok
384,2023,92642000,housing,8964.0,18828.0,ok
384,2024,92642000,housing,6152.0,18692.0,ok
385,2023,92644000,housing,61255.0,277053.0,ok
385,2024,92644000,housing,65530.0,276414.0,ok
386,2023,92645000,housing,3474.0,12798.0,ok
386,2024,92645000,housing,3544.0,12574.0,ok
387,2023,92646000,housing,12483.0,52133.0,ok
387,2024,92646000,housing,14372.0,51661.0,ok
388,2023,92648000,housing,245769.0,64944.0,ok
388,2024,92648000,housing,287267.0,66372.0,ok
390,2023,92652000,housing,25843.0,30407.0,ok
390,2024,92652000,housing,22157.0,30381.0,ok
391,2023,92653000,housing,7952.0,34003.0,ok
391,2024,92653000,housing,10043.0,33666.0,ok
392,2023,92632000,housing,3541.0,18209.0,ok
392,2024,92632000,housing,3612.0,18014.0,ok
393,2023,92655000,housing,4025.0,20066.0,ok
393,2024,92655000,housing,5153.0,19798.0,ok
395,2023,92656000,housing,5975.0,13562.0,ok
395,2024,92656000,housing,6269.0,13489.0,ok
396,2023,92658000,housing,8277.0,17962.0,ok
396,2024,92658000,housing,6972.0,17877.0,ok
397,2023,92659000,housing,17152.0,73850.0,ok
397,2024,92659000,housing,17703.0,73234.0,ok
398,2023,92654000,housing,7890.0,19712.0,ok
398,2024,92654000,housing,7479.0,19452.0,ok
401,2023,93605000,housing,1338.0,10548.0,ok
401,2024,93605000,housing,1706.0,10431.0,ok
402,2023,93610000,housing,1719.0,11881.0,ok
402,2024,93610000,housing,3038.0,11626.0,ok
403,2023,93615000,housing,3211.0,19185.0,ok
403,2024,93615000,housing,3838.0,18916.0,ok
404,2023,93620000,housing,3082.0,12100.0,ok
404,2024,93620000,housing,6709.0,11974.0,ok
405,2023,93622000,housing,14271.0,36061.0,ok
405,2024,93622000,housing,38324.0,36340.0,ok
408,2023,93635000,housing,2688.0,10501.0,ok
408,2024,93635000,housing,18277.0,10364.0,ok
410,2023,93640000,housing,1946.0,15234.0,ok
410,2024,93640000,housing,3397.0,15098.0,ok
413,2023,93650000,housing,1205.0,6681.0,ok
413,2024,93650000,housing,2449.0,6694.0,ok
414,2023,93654000,housing,5644.0,20131.0,ok
414,2024,93654000,housing,7641.0,19940.0,ok
416,2023,93657000,housing,8070.0,7670.0,ok
416,2024,93657000,housing,5549.0,7592.0,ok
418,2023,94701000,housing,553871.0,620591.0,ok
418,2024,94701000,housing,568769.0,618776.0,ok
419,2023,94710000,housing,39957.0,96646.0,ok
419,2024,94710000,housing,33062.0,96037.0,ok
420,2023,94720000,housing,8685.0,86996.0,ok
420,2024,94720000,housing,14637.0,85870.0,ok
421,2023,94730000,housing,20890.0,44038.0,ok
421,2024,94730000,housing,25009.0,43557.0,ok
422,2023,94740000,housing,24587.0,90260.0,ok
422,2024,94740000,housing,21353.0,89442.0,ok
448,2023,95701000,housing,205615.0,185348.0,ok
448,2024,95701000,housing,195766.0,185804.0,ok
449,2023,95702000,housing,1054.0,12055.0,ok
449,2024,95702000,housing,7447.0,11962.0,ok
450,2023,95708000,housing,12321.0,55899.0,ok
450,2024,95708000,housing,10466.0,55712.0,ok
451,2023,95709000,housing,583.0,10820.0,ok
451,2024,95709000,housing,336.0,10843.0,ok
452,2023,95715000,housing,18925.0,77875.0,ok
452,2024,95715000,housing,14517.0,77948.0,ok
453,2023,95605000,housing,22337.0,23993.0,ok
453,2024,95605000,housing,20070.0,24152.0,ok
455,2023,95612000,housing,4969.0,17492.0,ok
455,2024,95612000,housing,3996.0,17067.0,ok
456,2023,95615000,housing,527.0,11181.0,ok
456,2024,95615000,housing,918.0,11030.0,ok
457,2023,95620000,housing,1626.0,9758.0,ok
457,2024,95620000,housing,1665.0,9604.0,ok
458,2023,95625000,housing,4408.0,15416.0,ok
458,2024,95625000,housing,1859.0,15165.0,ok
459,2023,95630000,housing,83390.0,47052.0,ok
459,2024,95630000,housing,94210.0,46354.0,ok
460,2023,95635000,housing,6490.0,24494.0,ok
460,2024,95635000,housing,6226.0,24253.0,ok
478,2023,97701000,housing,362850.0,506351.0,ok
478,2024,97701000,housing,413163.0,506480.0,ok
479,2023,97704000,housing,7786.0,31550.0,boundary_review
479,2024,97704000,housing,6333.0,31304.0,boundary_review
480,2023,97707000,housing,17052.0,44257.0,boundary_review
480,2024,97707000,housing,20823.0,43508.0,boundary_review
481,2023,97710000,housing,64387.0,120425.0,ok
481,2024,97710000,housing,48984.0,120767.0,ok
482,2023,97713000,housing,8046.0,26321.0,boundary_review
482,2024,97713000,housing,4147.0,26008.0,boundary_review
504,2023,01701000,housing,520814.0,690128.0,ok
504,2024,01701000,housing,460749.0,687601.0,ok
505,2023,01703000,housing,2812.0,24804.0,ok
505,2024,01703000,housing,2400.0,24604.0,ok
506,2023,01704000,housing,28358.0,14791.0,ok
506,2024,01704000,housing,27105.0,14879.0,ok
507,2023,01705000,housing,56229.0,189639.0,ok
507,2024,01705000,housing,56559.0,188780.0,ok
508,2023,01706000,housing,5451.0,40626.0,ok
508,2024,01706000,housing,4027.0,40255.0,ok
509,2023,01713000,housing,47399.0,73122.0,ok
509,2024,01713000,housing,27446.0,73511.0,ok
510,2023,01716000,housing,13993.0,124687.0,ok
510,2024,01716000,housing,9254.0,123379.0,ok
512,2023,01730000,housing,2279.0,16447.0,ok
512,2024,01730000,housing,1435.0,16528.0,ok
515,2023,01602000,housing,11485.0,26306.0,ok
515,2024,01602000,housing,14917.0,26284.0,ok
516,2023,01603000,housing,308.0,7994.0,ok
516,2024,01603000,housing,166.0,7821.0,ok
517,2023,01604000,housing,10639.0,31796.0,ok
517,2024,01604000,housing,15513.0,31583.0,ok
518,2023,01605000,housing,1510.0,25706.0,ok
518,2024,01605000,housing,1278.0,25464.0,ok
519,2023,01606000,housing,73.0,7728.0,ok
519,2024,01606000,housing,355.0,7601.0,ok
520,2023,01607000,housing,95.0,7216.0,ok
520,2024,01607000,housing,241.0,7120.0,ok
521,2023,01608000,housing,874.0,14900.0,ok
521,2024,01608000,housing,1541.0,14744.0,ok
522,2023,01609000,housing,256.0,10811.0,ok
522,2024,01609000,housing,840.0,10678.0,ok
523,2023,01610000,housing,857.0,4762.0,ok
523,2024,01610000,housing,499.0,4672.0,ok
524,2023,01611000,housing,1827.0,15697.0,ok
524,2024,01611000,housing,2476.0,15469.0,ok
527,2023,01614000,housing,1977.0,16142.0,ok
527,2024,01614000,housing,2175.0,15905.0,ok
528,2023,01615000,housing,3229.0,11723.0,ok
528,2024,01615000,housing,2777.0,11641.0,ok
529,2023,01616000,housing,5818.0,40373.0,boundary_review
529,2024,01616000,housing,3859.0,39949.0,boundary_review
530,2023,01617000,housing,1306.0,12620.0,ok
530,2024,01617000,housing,455.0,12366.0,ok
531,2023,01618000,housing,1807.0,13533.0,ok
531,2024,01618000,housing,2158.0,13314.0,ok
532,2023,01619000,housing,2834.0,12865.0,ok
532,2024,01619000,housing,2151.0,12685.0,ok
533,2023,01620000,housing,638.0,13804.0,ok
533,2024,01620000,housing,166.0,13623.0,ok
534,2023,01621000,housing,1140.0,8062.0,ok
534,2024,01621000,housing,1298.0,7856.0,ok
535,2023,01622000,housing,1969.0,20480.0,ok
535,2024,01622000,housing,1091.0,20371.0,ok
536,2023,01623000,housing,885.0,8155.0,ok
536,2024,01623000,housing,1086.0,8051.0,ok
537,2023,01624000,housing,399.0,9765.0,ok
537,2024,01624000,housing,679.0,9548.0,ok
538,2023,01625000,housing,200.0,19707.0,ok
538,2024,01625000,housing,665.0,19183.0,ok
539,2023,01626000,housing,848.0,17803.0,ok
539,2024,01626000,housing,785.0,17582.0,ok
540,2023,01627000,housing,1208.0,16483.0,ok
540,2024,01627000,housing,665.0,16349.0,ok
541,2023,01628000,housing,200.0,7533.0,ok
541,2024,01628000,housing,142.0,7406.0,ok
542,2023,01629000,housing,4876.0,16392.0,ok
542,2024,01629000,housing,3082.0,16341.0,ok
543,2023,01630000,housing,20827.0,38931.0,ok
543,2024,01630000,housing,25547.0,38447.0,ok
544,2023,01631000,housing,116.0,9268.0,ok
544,2024,01631000,housing,767.0,9099.0,ok
545,2023,01632000,housing,125845.0,52558.0,ok
545,2024,01632000,housing,146257.0,53359.0,ok
546,2023,01633000,housing,662.0,10396.0,ok
546,2024,01633000,housing,210.0,10214.0,ok
547,2023,01634000,housing,1758.0,19641.0,ok
547,2024,01634000,housing,892.0,19439.0,ok
548,2023,01635000,housing,2158.0,18967.0,ok
548,2024,01635000,housing,2558.0,18726.0,ok
549,2023,01636000,housing,475.0,14551.0,ok
549,2024,01636000,housing,860.0,14369.0,ok
550,2023,01637000,housing,799.0,10697.0,ok
550,2024,01637000,housing,560.0,10594.0,ok
552,2023,01640000,housing,13132.0,20472.0,ok
552,2024,01640000,housing,8858.0,20153.0,ok
554,2023,01642000,housing,2726.0,13757.0,ok
554,2024,01642000,housing,2594.0,13572.0,ok
555,2023,01643000,housing,1224.0,7292.0,ok
555,2024,01643000,housing,488.0,7152.0,ok
556,2023,01644000,housing,487.0,6150.0,ok
556,2024,01644000,housing,947.0,6045.0,ok
557,2023,01645000,housing,366.0,10349.0,ok
557,2024,01645000,housing,384.0,10246.0,ok
558,2023,01646000,housing,604.0,7082.0,ok
558,2024,01646000,housing,569.0,7060.0,ok
559,2023,01647000,housing,11813.0,42586.0,ok
559,2024,01647000,housing,8505.0,42346.0,ok
560,2023,01648000,housing,505.0,6346.0,ok
560,2024,01648000,housing,262.0,6187.0,ok
561,2023,01649000,housing,1668.0,18383.0,ok
561,2024,01649000,housing,1479.0,18142.0,ok
562,2023,01650000,housing,1305.0,10228.0,ok
562,2024,01650000,housing,640.0,10094.0,ok
563,2023,01651000,housing,3733.0,18242.0,ok
563,2024,01651000,housing,4668.0,17787.0,ok
564,2023,01652000,housing,1543.0,11012.0,ok
564,2024,01652000,housing,425.0,10801.0,ok
565,2023,01653000,housing,770.0,8920.0,ok
565,2024,01653000,housing,272.0,8700.0,ok
566,2023,01654000,housing,842.0,10944.0,ok
566,2024,01654000,housing,1190.0,10802.0,ok
567,2023,01655000,housing,534.0,9282.0,ok
567,2024,01655000,housing,305.0,9078.0,ok
568,2023,01656000,housing,1015.0,12392.0,ok
568,2024,01656000,housing,876.0,12199.0,ok
569,2023,01657000,housing,2590.0,13147.0,ok
569,2024,01657000,housing,4598.0,12857.0,ok
571,2023,01659000,housing,1359.0,24524.0,ok
571,2024,01659000,housing,1539.0,24128.0,ok
572,2023,01660000,housing,953.0,14938.0,ok
572,2024,01660000,housing,649.0,14809.0,ok
574,2023,76715000,housing,897.0,14683.0,boundary_review
574,2024,76715000,housing,588.0,14473.0,boundary_review
578,2023,76606000,housing,459.0,15537.0,boundary_review
578,2024,76606000,housing,1503.0,15274.0,boundary_review
579,2023,76609000,housing,4943.0,44344.0,ok
579,2024,76609000,housing,4895.0,43803.0,ok
580,2023,76610000,housing,1271.0,,no_population
581,2023,76612000,housing,5380.0,19646.0,ok
581,2024,76612000,housing,5067.0,19300.0,ok
583,2023,76618000,housing,285.0,,no_population
584,2023,76620000,housing,6614.0,33677.0,ok
584,2024,76620000,housing,7228.0,33483.0,ok
585,2023,76621000,housing,3236.0,55713.0,ok
585,2024,76621000,housing,11914.0,55782.0,ok
586,2023,76622000,housing,3744.0,16105.0,ok
586,2024,76622000,housing,5612.0,15817.0,ok
587,2023,76624000,housing,1294.0,10238.0,ok
587,2024,76624000,housing,1820.0,9949.0,ok
588,2023,76626000,housing,2512.0,,no_population
589,2023,76628000,housing,2392.0,26642.0,ok
589,2024,76628000,housing,3385.0,26450.0,ok
591,2023,76632000,housing,2048.0,30332.0,ok
591,2024,76632000,housing,2402.0,29773.0,ok
592,2023,76634000,housing,917.0,,no_population
593,2023,76636000,housing,1446.0,14792.0,boundary_review
593,2024,76636000,housing,2242.0,14576.0,boundary_review
595,2023,76640000,housing,948.0,18184.0,ok
595,2024,76640000,housing,606.0,17869.0,ok
598,2023,76646000,housing,1288.0,16960.0,ok
598,2024,76646000,housing,3252.0,16787.0,ok
599,2023,76647000,housing,3043.0,25060.0,ok
599,2024,76647000,housing,3863.0,24713.0,ok
600,2023,76648000,housing,8168.0,29424.0,ok
600,2024,76648000,housing,6048.0,29154.0,ok
601,2023,76650000,housing,133731.0,71269.0,ok
601,2024,76650000,housing,146508.0,71661.0,ok
602,2023,76652000,housing,,5711.0,missing
602,2024,76652000,housing,882.0,5546.0,ok
603,2023,76654000,housing,2771.0,35585.0,ok
603,2024,76654000,housing,5065.0,35034.0,ok
604,2023,76702000,housing,6117.0,,no_population
604,2024,76702000,housing,5812.0,,no_population
605,2023,76602000,housing,1700.0,,no_population
605,2024,76602000,housing,2638.0,,no_population
606,2023,76611000,housing,1993.0,,no_population
606,2024,76611000,housing,1605.0,,no_population
607,2023,76625000,housing,2403.0,,no_population
607,2024,76625000,housing,4528.0,,no_population
608,2023,30701000,housing,15334.0,162992.0,ok
608,2024,30701000,housing,29458.0,163152.0,ok
612,2023,30607000,housing,66969.0,59658.0,ok
612,2024,30607000,housing,44951.0,59889.0,ok
613,2023,30610000,housing,363.0,8890.0,ok
614,2023,30613000,housing,265.0,1988.0,ok
614,2024,30613000,housing,50.0,1979.0,ok
615,2023,30616000,housing,1138.0,6185.0,ok
615,2024,30616000,housing,360.0,6069.0,ok
616,2023,30619000,housing,1391.0,8744.0,ok
616,2024,30619000,housing,3386.0,8450.0,ok
618,2023,30824000,housing,,3403.0,missing
618,2024,30824000,housing,246.0,3457.0,ok
619,2023,30827000,housing,60.0,3569.0,ok
619,2024,30827000,housing,58.0,3523.0,ok
621,2023,30832000,housing,,3668.0,missing
621,2024,30832000,housing,112.0,3662.0,ok
666,2023,04701000,housing,911025.0,1197659.0,ok
666,2024,04701000,housing,794686.0,1206237.0,ok
667,2023,04703000,housing,25970.0,101384.0,boundary_review
667,2024,04703000,housing,12849.0,101043.0,boundary_review
668,2023,04706000,housing,2662.0,17841.0,boundary_review
668,2024,04706000,housing,12227.0,17509.0,boundary_review
669,2023,04707000,housing,3068.0,14985.0,boundary_review
669,2024,04707000,housing,4034.0,14967.0,boundary_review
670,2023,04709000,housing,18932.0,31719.0,ok
670,2024,04709000,housing,28891.0,31561.0,ok
671,2023,04712000,housing,4335.0,17655.0,boundary_review
671,2024,04712000,housing,3023.0,17843.0,boundary_review
674,2023,04720000,housing,16513.0,86034.0,boundary_review
674,2024,04720000,housing,15223.0,85587.0,boundary_review
675,2023,04722000,housing,42060.0,59207.0,boundary_review
675,2024,04722000,housing,43898.0,58714.0,boundary_review
676,2023,04723000,housing,25820.0,71792.0,boundary_review
676,2024,04723000,housing,26759.0,71318.0,boundary_review
677,2023,04726000,housing,6229.0,44761.0,boundary_review
677,2024,04726000,housing,4554.0,44261.0,boundary_review
678,2023,04729000,housing,5753.0,175466.0,ok
678,2024,04729000,housing,6268.0,177427.0,ok
679,2023,04733000,housing,23820.0,40619.0,boundary_review
679,2024,04733000,housing,9708.0,40913.0,boundary_review
680,2023,04740000,housing,3879.0,41024.0,boundary_review
680,2024,04740000,housing,5555.0,40739.0,boundary_review
683,2023,04601000,housing,2436.0,18068.0,ok
683,2024,04601000,housing,1987.0,17763.0,ok
685,2023,04604000,housing,3623.0,18078.0,boundary_review
685,2024,04604000,housing,3681.0,17854.0,boundary_review
686,2023,04605000,housing,92486.0,39806.0,boundary_review
686,2024,04605000,housing,92121.0,40429.0,boundary_review
687,2023,04606000,housing,1127.0,8136.0,ok
687,2024,04606000,housing,7295.0,7924.0,ok
689,2023,04609000,housing,8612.0,42460.0,ok
689,2024,04609000,housing,6960.0,42225.0,ok
690,2023,04610000,housing,5224.0,13706.0,boundary_review
690,2024,04610000,housing,3223.0,13529.0,boundary_review
691,2023,04611000,housing,2659.0,6846.0,boundary_review
691,2024,04611000,housing,2115.0,6681.0,boundary_review
692,2023,04613000,housing,2534.0,11589.0,boundary_review
692,2024,04613000,housing,1616.0,11389.0,boundary_review
693,2023,04614000,housing,223192.0,54015.0,boundary_review
693,2024,04614000,housing,241438.0,55572.0,boundary_review
694,2023,04615000,housing,5108.0,21466.0,boundary_review
694,2024,04615000,housing,6411.0,21238.0,boundary_review
695,2023,04616000,housing,5937.0,17583.0,ok
695,2024,04616000,housing,4756.0,17423.0,ok
696,2023,04617000,housing,2164.0,10498.0,boundary_review
696,2024,04617000,housing,2075.0,10295.0,boundary_review
697,2023,04618000,housing,3230.0,22954.0,boundary_review
697,2024,04618000,housing,3755.0,22528.0,boundary_review
698,2023,04619000,housing,2996.0,12871.0,boundary_review
698,2024,04619000,housing,2633.0,12610.0,boundary_review
699,2023,04620000,housing,2346.0,8657.0,boundary_review
699,2024,04620000,housing,1420.0,8558.0,boundary_review
701,2023,04622000,housing,4549.0,13367.0,ok
701,2024,04622000,housing,2299.0,13157.0,ok
702,2023,04624000,housing,2035.0,16917.0,ok
702,2024,04624000,housing,2551.0,16559.0,ok
703,2023,04626000,housing,4142.0,12001.0,ok
703,2024,04626000,housing,3645.0,11808.0,ok
704,2023,04628000,housing,3622.0,12990.0,boundary_review
704,2024,04628000,housing,2344.0,12848.0,boundary_review
705,2023,04630000,housing,13817.0,39701.0,ok
705,2024,04630000,housing,11770.0,39269.0,ok
706,2023,04631000,housing,7854.0,13588.0,boundary_review
706,2024,04631000,housing,6968.0,13436.0,boundary_review
708,2023,04635000,housing,3896.0,12208.0,ok
708,2024,04635000,housing,553.0,12009.0,ok
710,2023,04639000,housing,6169.0,23928.0,boundary_review
710,2024,04639000,housing,4354.0,23480.0,boundary_review
711,2023,04641000,housing,1185.0,10848.0,boundary_review
711,2024,04641000,housing,946.0,10619.0,boundary_review
712,2023,04643000,housing,1127.0,8111.0,boundary_review
712,2024,04643000,housing,963.0,7989.0,boundary_review
714,2023,04647000,housing,2303.0,29892.0,boundary_review
714,2024,04647000,housing,1628.0,29400.0,boundary_review
715,2023,04648000,housing,747.0,9177.0,boundary_review
715,2024,04648000,housing,324.0,9056.0,boundary_review
716,2023,04649000,housing,8515.0,8492.0,ok
716,2024,04649000,housing,403.0,8308.0,ok
717,2023,04651000,housing,6551.0,19135.0,boundary_review
717,2024,04651000,housing,4873.0,18911.0,boundary_review
718,2023,04653000,housing,1766.0,29889.0,ok
718,2024,04653000,housing,440.0,29609.0,ok
719,2023,04652000,housing,1882.0,10129.0,boundary_review
719,2024,04652000,housing,1321.0,9952.0,boundary_review
720,2023,04654000,housing,2651.0,12491.0,ok
720,2024,04654000,housing,1138.0,12684.0,ok
722,2023,04656000,housing,8186.0,27593.0,ok
722,2024,04656000,housing,7571.0,27453.0,ok
723,2023,04657000,housing,5648.0,18047.0,boundary_review
723,2024,04657000,housing,8941.0,17912.0,boundary_review
725,2023,04659000,housing,5740.0,30328.0,ok
725,2024,04659000,housing,6911.0,30274.0,ok
726,2023,04650000,housing,12724.0,13311.0,ok
726,2024,04650000,housing,3849.0,13258.0,ok
727,2023,57701000,housing,724886.0,1027157.0,ok
727,2024,57701000,housing,640220.0,1026912.0,ok
731,2023,57726000,housing,39745.0,61656.0,boundary_review
731,2024,57726000,housing,31332.0,61124.0,boundary_review
775,2023,05701000,housing,522256.0,628385.0,ok
775,2024,05701000,housing,586799.0,622782.0,ok
776,2023,05703000,housing,13425.0,47306.0,ok
776,2024,05703000,housing,13706.0,47015.0,ok
777,2023,05705000,housing,118334.0,117858.0,ok
777,2024,05705000,housing,135255.0,117762.0,ok
778,2023,05706000,housing,43228.0,42271.0,ok
778,2024,05706000,housing,19778.0,42502.0,ok
779,2023,05707000,housing,3637.0,38999.0,ok
779,2024,05707000,housing,3671.0,38543.0,ok
780,2023,05708000,housing,3563.0,24891.0,ok
780,2024,05708000,housing,3705.0,24564.0,ok
781,2023,05711000,housing,5346.0,40210.0,ok
781,2024,05711000,housing,8720.0,39685.0,ok
782,2023,05714000,housing,58797.0,137136.0,ok
782,2024,05714000,housing,69092.0,135345.0,ok
783,2023,05717000,housing,5319.0,39517.0,ok
783,2024,05717000,housing,4698.0,39132.0,ok
784,2023,05720000,housing,12499.0,35096.0,boundary_review
784,2024,05720000,housing,3723.0,34822.0,boundary_review
785,2023,05723000,housing,137064.0,205343.0,ok
785,2024,05723000,housing,134982.0,205435.0,ok
788,2023,05607000,housing,422.0,8026.0,ok
788,2024,05607000,housing,747.0,7793.0,ok
790,2023,05612000,housing,2031.0,17605.0,ok
790,2024,05612000,housing,2232.0,17312.0,ok
791,2023,05614000,housing,926.0,14116.0,ok
793,2023,05620000,housing,11923.0,28755.0,ok
793,2024,05620000,housing,9484.0,28474.0,ok
794,2023,05623000,housing,175234.0,40669.0,ok
794,2024,05623000,housing,205953.0,41960.0,ok
797,2023,05630000,housing,22170.0,29869.0,ok
800,2023,05637000,housing,5358.0,20204.0,boundary_review
800,2024,05637000,housing,4771.0,19870.0,boundary_review
805,2023,05653000,housing,8130.0,26306.0,ok
807,2023,05657000,housing,10656.0,21135.0,ok
808,2023,05659000,housing,1086.0,12144.0,ok
809,2023,07701000,housing,533326.0,550260.0,ok
809,2024,07701000,housing,602270.0,557402.0,ok
810,2023,07705000,housing,9114.0,,no_population
811,2023,07707000,housing,50664.0,,boundary_review
812,2023,07710000,housing,148670.0,121534.0,ok
812,2024,07710000,housing,131919.0,123138.0,ok
813,2023,07712000,housing,50923.0,50136.0,ok
813,2024,07712000,housing,70594.0,50082.0,ok
814,2023,07713000,housing,23511.0,,no_population
815,2023,07714000,housing,4579.0,,no_population
817,2023,07716000,housing,18283.0,,no_population
818,2023,07718000,housing,21817.0,24405.0,ok
818,2024,07718000,housing,17845.0,24717.0,ok
819,2023,07721000,housing,65906.0,,no_population
820,2023,07724000,housing,42678.0,115826.0,ok
820,2024,07724000,housing,39624.0,114556.0,ok
821,2023,07725000,housing,17200.0,,no_population
822,2023,07726000,housing,9230.0,,no_population
823,2023,07731000,housing,7178.0,,no_population
824,2023,07727000,housing,166441.0,213377.0,ok
824,2024,07727000,housing,119565.0,211692.0,ok
825,2023,07735000,housing,7086.0,,no_population
842,2023,08701000,housing,399474.0,617168.0,ok
842,2024,08701000,housing,373853.0,615570.0,ok
843,2023,08709000,housing,32251.0,236158.0,ok
843,2024,08709000,housing,35568.0,235488.0,ok
844,2023,08603000,housing,1817.0,56707.0,ok
844,2024,08603000,housing,2880.0,55970.0,ok
846,2023,08609000,housing,7156.0,21445.0,ok
846,2024,08609000,housing,1329.0,21147.0,ok
847,2023,08612000,housing,4245.0,34071.0,ok
847,2024,08612000,housing,2240.0,33535.0,ok
848,2023,08614000,housing,1636.0,24861.0,ok
848,2024,08614000,housing,655.0,24441.0,ok
849,2023,08617000,housing,2668.0,19440.0,ok
849,2024,08617000,housing,3477.0,19202.0,ok
851,2023,08624000,housing,5972.0,38232.0,ok
851,2024,08624000,housing,7296.0,37861.0,ok
852,2023,08628000,housing,1758.0,14430.0,ok
852,2024,08628000,housing,2417.0,13922.0,ok
853,2023,08631000,housing,1879.0,23830.0,ok
853,2024,08631000,housing,4066.0,23555.0,ok
854,2023,08634000,housing,,6083.0,missing
855,2023,08637000,housing,145.0,3657.0,ok
855,2024,08637000,housing,246.0,3532.0,ok
856,2023,08642000,housing,2969.0,36866.0,ok
856,2024,08642000,housing,3354.0,36352.0,ok
857,2023,08644000,housing,1957.0,27089.0,ok
857,2024,08644000,housing,1875.0,26843.0,ok
859,2023,08650000,housing,511.0,14304.0,ok
859,2024,08650000,housing,874.0,13977.0,ok
860,2023,08655000,housing,109040.0,82008.0,ok
860,2024,08655000,housing,83672.0,82380.0,ok
875,2023,10625000,housing,1130.0,11572.0,ok
877,2023,10630000,housing,761.0,10829.0,ok
877,2024,10630000,housing,1743.0,10666.0,ok
878,2023,10631000,housing,1452.0,16847.0,ok
878,2024,10631000,housing,1712.0,16478.0,ok
879,2023,10632000,housing,564.0,9373.0,ok
879,2024,10632000,housing,604.0,9173.0,ok
880,2023,10635000,housing,1101.0,12478.0,ok
880,2024,10635000,housing,2268.0,12248.0,ok
881,2023,10638000,housing,2355.0,18720.0,ok
881,2024,10638000,housing,8407.0,18390.0,ok
883,2023,10642000,housing,2404.0,11506.0,ok
883,2024,10642000,housing,2348.0,11318.0,ok
884,2023,10645000,housing,4912.0,,no_population
884,2024,10645000,housing,991.0,,no_population
890,2023,11701000,housing,189930.0,303357.0,ok
890,2024,11701000,housing,118001.0,301376.0,ok
891,2023,11708000,housing,1910.0,34002.0,ok
891,2024,11708000,housing,3408.0,33663.0,ok
892,2023,11710000,housing,12262.0,67023.0,ok
892,2024,11710000,housing,16177.0,66838.0,ok
895,2023,11715000,housing,4954.0,32826.0,ok
895,2024,11715000,housing,2437.0,32639.0,ok
896,2023,11730000,housing,51268.0,156731.0,ok
896,2024,11730000,housing,127487.0,156310.0,ok
897,2023,11605000,housing,17606.0,45261.0,ok
897,2024,11605000,housing,27519.0,44862.0,ok
902,2023,11622000,housing,3161.0,18209.0,ok
902,2024,11622000,housing,8252.0,17807.0,ok
904,2023,11630000,housing,5882.0,10234.0,ok
905,2023,11635000,housing,7260.0,9879.0,ok
905,2024,11635000,housing,2235.0,9646.0,ok
909,2023,11646000,housing,3365.0,24068.0,ok
909,2024,11646000,housing,4400.0,23456.0,ok
912,2023,11652000,housing,45366.0,28793.0,ok
916,2023,11851000,housing,8391.0,,no_population
916,2024,11851000,housing,16798.0,,no_population
917,2023,11811000,housing,13317.0,,no_population
917,2024,11811000,housing,8426.0,,no_population
918,2023,12701000,housing,248504.0,468842.0,ok
918,2024,12701000,housing,250271.0,465524.0,ok
920,2023,12605000,housing,25292.0,57400.0,ok
920,2024,12605000,housing,17059.0,57030.0,ok
922,2023,12615000,housing,6879.0,25035.0,ok
922,2024,12615000,housing,6904.0,25039.0,ok
923,2023,12620000,housing,12542.0,48058.0,ok
923,2024,12620000,housing,16240.0,47744.0,ok
924,2023,12625000,housing,27557.0,47368.0,ok
924,2024,12625000,housing,25209.0,46892.0,ok
925,2023,12630000,housing,20270.0,36117.0,ok
925,2024,12630000,housing,15031.0,35860.0,ok
926,2023,12635000,housing,5068.0,27946.0,ok
926,2024,12635000,housing,5592.0,27717.0,ok
927,2023,12640000,housing,53495.0,47916.0,ok
927,2024,12640000,housing,44527.0,47528.0,ok
928,2023,12642000,housing,188796.0,64629.0,ok
928,2024,12642000,housing,181357.0,66669.0,ok
929,2023,12645000,housing,18560.0,39706.0,ok
929,2024,12645000,housing,15797.0,39434.0,ok
930,2023,12650000,housing,3060.0,19408.0,ok
930,2024,12650000,housing,4752.0,19298.0,ok
986,2023,17701000,housing,311097.0,349315.0,ok
986,2024,17701000,housing,176895.0,346685.0,ok
987,2023,17720000,housing,19015.0,52002.0,ok
987,2024,17720000,housing,19791.0,51182.0,ok
988,2023,17725000,housing,63697.0,130327.0,ok
988,2024,17725000,housing,52245.0,128879.0,ok
989,2023,17735000,housing,59331.0,113330.0,boundary_review
989,2024,17735000,housing,35190.0,112091.0,boundary_review
991,2023,17605000,housing,132755.0,104158.0,ok
991,2024,17605000,housing,156666.0,102657.0,ok
992,2023,17610000,housing,17982.0,68662.0,ok
992,2024,17610000,housing,20872.0,66875.0,ok
993,2023,17615000,housing,8752.0,20260.0,ok
993,2024,17615000,housing,9165.0,19901.0,ok
994,2023,17620000,housing,16163.0,39472.0,ok
994,2024,17620000,housing,17954.0,38749.0,ok
995,2023,17625000,housing,20880.0,30510.0,ok
995,2024,17625000,housing,24558.0,30466.0,ok
996,2023,17630000,housing,87880.0,38094.0,ok
996,2024,17630000,housing,100862.0,37950.0,ok
998,2023,17640000,housing,27951.0,48256.0,ok
998,2024,17640000,housing,24801.0,47188.0,ok
999,2023,17642000,housing,11923.0,31820.0,ok
999,2024,17642000,housing,17768.0,31240.0,ok
1001,2023,17646000,housing,68943.0,58851.0,boundary_review
1001,2024,17646000,housing,76416.0,58074.0,boundary_review
1002,2023,17648000,housing,4219.0,16791.0,ok
1002,2024,17648000,housing,4172.0,16758.0,ok
1003,2023,17650000,housing,45817.0,49313.0,ok
1003,2024,17650000,housing,45123.0,48500.0,ok
1004,2023,17652000,housing,37721.0,34595.0,ok
1004,2024,17652000,housing,31098.0,34005.0,ok
1005,2023,17654000,housing,128312.0,46468.0,ok
1005,2024,17654000,housing,118739.0,46532.0,ok
1006,2023,17656000,housing,13086.0,31345.0,ok
1006,2024,17656000,housing,13653.0,30784.0,ok
1007,2023,18701000,housing,534238.0,1025662.0,ok
1007,2024,18701000,housing,575527.0,1018898.0,ok
1008,2023,18710000,housing,94043.0,316544.0,ok
1008,2024,18710000,housing,118401.0,315220.0,ok
1009,2023,18715000,housing,13720.0,105471.0,ok
1009,2024,18715000,housing,9672.0,105187.0,ok
1010,2023,18720000,housing,12126.0,82970.0,ok
1010,2024,18720000,housing,12913.0,82402.0,ok
1011,2023,18725000,housing,5598.0,35449.0,ok
1011,2024,18725000,housing,10241.0,35085.0,ok
1012,2023,18728000,housing,3912.0,34494.0,ok
1012,2024,18728000,housing,2927.0,34173.0,ok
1013,2023,18602000,housing,1630.0,14873.0,ok
1013,2024,18602000,housing,815.0,14771.0,ok
1014,2023,18604000,housing,3139.0,24781.0,ok
1014,2024,18604000,housing,3630.0,24854.0,ok
1015,2023,18605000,housing,60324.0,59337.0,ok
1015,2024,18605000,housing,52722.0,59927.0,ok
1016,2023,18606000,housing,619.0,12515.0,ok
1016,2024,18606000,housing,2468.0,12175.0,ok
1017,2023,18608000,housing,4649.0,28817.0,ok
1017,2024,18608000,housing,8072.0,28637.0,ok
1018,2023,18610000,housing,4846.0,28360.0,ok
1018,2024,18610000,housing,4031.0,27976.0,ok
1019,2023,18612000,housing,4248.0,36278.0,ok
1019,2024,18612000,housing,4459.0,35986.0,ok
1020,2023,18614000,housing,6399.0,31190.0,ok
1020,2024,18614000,housing,6010.0,30650.0,ok
1021,2023,18616000,housing,9469.0,51061.0,ok
1021,2024,18616000,housing,12965.0,50507.0,ok
1023,2023,18620000,housing,2413.0,14639.0,ok
1023,2024,18620000,housing,1597.0,14536.0,ok
1024,2023,18622000,housing,1560.0,16093.0,ok
1024,2024,18622000,housing,1633.0,15893.0,ok
1025,2023,18624000,housing,10483.0,36949.0,ok
1025,2024,18624000,housing,16300.0,36842.0,ok
1026,2023,18626000,housing,2173.0,29296.0,ok
1026,2024,18626000,housing,3097.0,28608.0,ok
1027,2023,18646000,housing,1611.0,17758.0,ok
1027,2024,18646000,housing,1236.0,17511.0,ok
1028,2023,18630000,housing,6222.0,27375.0,ok
1028,2024,18630000,housing,5972.0,27111.0,ok
1029,2023,18634000,housing,923.0,13014.0,ok
1029,2024,18634000,housing,1799.0,12813.0,ok
1030,2023,18636000,housing,2741.0,28467.0,ok
1030,2024,18636000,housing,3247.0,28193.0,ok
1031,2023,18638000,housing,3418.0,31911.0,ok
1031,2024,18638000,housing,4907.0,31431.0,ok
1032,2023,18640000,housing,1726.0,19675.0,ok
1032,2024,18640000,housing,3010.0,19463.0,ok
1033,2023,18642000,housing,4147.0,20105.0,ok
1033,2024,18642000,housing,3528.0,20005.0,ok
1034,2023,18643000,housing,1184.0,15994.0,ok
1034,2024,18643000,housing,1499.0,15780.0,ok
1035,2023,18645000,housing,10117.0,38309.0,ok
1035,2024,18645000,housing,6202.0,37911.0,ok
1036,2023,18647000,housing,939.0,14298.0,ok
1036,2024,18647000,housing,1199.0,14070.0,ok
1037,2023,18649000,housing,22609.0,33712.0,ok
1037,2024,18649000,housing,30390.0,33189.0,ok
1038,2023,18650000,housing,1184.0,22132.0,ok
1038,2024,18650000,housing,3848.0,21811.0,ok
1039,2023,18651000,housing,102756.0,61206.0,ok
1039,2024,18651000,housing,103224.0,61526.0,ok
1040,2023,18652000,housing,2348.0,16794.0,ok
1040,2024,18652000,housing,2387.0,16630.0,ok
1041,2023,18653000,housing,4271.0,32730.0,ok
1041,2024,18653000,housing,5900.0,33010.0,ok
1044,2023,18658000,housing,1286.0,13146.0,ok
1044,2024,18658000,housing,1310.0,12986.0,ok
1055,2023,19622000,housing,8562.0,22200.0,ok
1055,2024,19622000,housing,9630.0,21919.0,ok
1058,2023,19628000,housing,9151.0,14088.0,ok
1061,2023,19634000,housing,4391.0,18845.0,ok
1071,2023,19656000,housing,87792.0,39222.0,ok
1071,2024,19656000,housing,90473.0,39202.0,ok
1072,2023,19658000,housing,19240.0,29037.0,ok
1072,2024,19658000,housing,20859.0,28758.0,ok
1107,2023,24701000,housing,208887.0,360687.0,ok
1107,2024,24701000,housing,184265.0,358437.0,ok
1108,2023,24703000,housing,3728.0,30010.0,ok
1108,2024,24703000,housing,3991.0,29623.0,ok
1109,2023,24705000,housing,9552.0,75823.0,ok
1109,2024,24705000,housing,12294.0,74804.0,ok
1110,2023,24706000,housing,23476.0,30592.0,ok
1110,2024,24706000,housing,13894.0,30181.0,ok
1111,2023,24707000,housing,10180.0,30763.0,ok
1111,2024,24707000,housing,6243.0,30506.0,ok
1112,2023,24711000,housing,14447.0,53910.0,ok
1112,2024,24711000,housing,10166.0,53312.0,ok
1113,2023,24601000,housing,2380.0,15953.0,ok
1113,2024,24601000,housing,1767.0,15732.0,ok
1115,2023,24603000,housing,4020.0,12202.0,ok
1115,2024,24603000,housing,4390.0,11865.0,ok
1116,2023,24605000,housing,5668.0,12422.0,ok
1116,2024,24605000,housing,3701.0,12153.0,ok
1117,2023,24607000,housing,148618.0,40427.0,ok
1117,2024,24607000,housing,140674.0,40478.0,ok
1118,2023,24609000,housing,1386.0,7306.0,ok
1118,2024,24609000,housing,1268.0,7336.0,ok
1119,2023,24611000,housing,3540.0,17748.0,ok
1119,2024,24611000,housing,3943.0,17408.0,ok
1120,2023,24613000,housing,2857.0,19486.0,ok
1120,2024,24613000,housing,2505.0,19537.0,ok
1121,2023,24614000,housing,20562.0,15124.0,ok
1121,2024,24614000,housing,19409.0,14905.0,ok
1122,2023,24615000,housing,1952.0,7523.0,ok
1122,2024,24615000,housing,1234.0,7399.0,ok
1123,2023,24617000,housing,2783.0,8663.0,ok
1123,2024,24617000,housing,2102.0,8518.0,ok
1124,2023,24619000,housing,1658.0,4854.0,ok
1124,2024,24619000,housing,770.0,4744.0,ok
1125,2023,24620000,housing,7636.0,21783.0,ok
1125,2024,24620000,housing,4451.0,21589.0,ok
1126,2023,24621000,housing,1899.0,10712.0,ok
1126,2024,24621000,housing,1298.0,10538.0,ok
1127,2023,24623000,housing,7623.0,30074.0,ok
1127,2024,24623000,housing,7631.0,29807.0,ok
1128,2023,24625000,housing,938.0,9969.0,ok
1128,2024,24625000,housing,2281.0,9719.0,ok
1129,2023,24629000,housing,3009.0,10198.0,ok
1129,2024,24629000,housing,1970.0,9988.0,ok
1130,2023,24631000,housing,7401.0,33904.0,ok
1130,2024,24631000,housing,9162.0,33630.0,ok
1131,2023,24633000,housing,9621.0,19596.0,ok
1131,2024,24633000,housing,8508.0,19184.0,ok
1132,2023,24635000,housing,2932.0,19284.0,ok
1132,2024,24635000,housing,3294.0,19100.0,ok
1133,2023,24637000,housing,4574.0,11727.0,ok
1133,2024,24637000,housing,7899.0,11464.0,ok
1134,2023,25701000,housing,365547.0,,no_population
1134,2024,25701000,housing,374867.0,,no_population
1135,2023,25703000,housing,57833.0,230058.0,ok
1135,2024,25703000,housing,61587.0,229085.0,ok
1136,2023,25714000,housing,20823.0,221244.0,ok
1136,2024,25714000,housing,43095.0,220097.0,ok
1137,2023,25720000,housing,5241.0,30181.0,ok
1137,2024,25720000,housing,7493.0,29877.0,ok
1138,2023,25726000,housing,8583.0,35593.0,ok
1138,2024,25726000,housing,8753.0,35724.0,ok
1139,2023,25732000,housing,6641.0,37847.0,ok
1139,2024,25732000,housing,4800.0,37583.0,ok
1140,2023,25736000,housing,12152.0,73507.0,ok
1140,2024,25736000,housing,15513.0,72594.0,ok
1141,2023,25738000,housing,6135.0,78445.0,ok
1141,2024,25738000,housing,6125.0,77762.0,ok
1142,2023,25745000,housing,11206.0,53415.0,ok
1142,2024,25745000,housing,24756.0,53160.0,ok
1143,2023,25746000,housing,8209.0,15333.0,ok
1143,2024,25746000,housing,1978.0,15270.0,ok
1144,2023,25601000,housing,726.0,8643.0,ok
1144,2024,25601000,housing,976.0,8577.0,ok
1146,2023,25604000,housing,2401.0,47876.0,ok
1146,2024,25604000,housing,4127.0,47236.0,ok
1147,2023,25606000,housing,2081.0,8975.0,ok
1147,2024,25606000,housing,1774.0,9747.0,ok
1148,2023,25608000,housing,7089.0,26414.0,ok
1148,2024,25608000,housing,7126.0,26236.0,ok
1149,2023,25610000,housing,2587.0,,no_population
1149,2024,25610000,housing,4176.0,,no_population
1150,2023,25612000,housing,754199.0,,no_population
1150,2024,25612000,housing,759984.0,,no_population
1151,2023,25614000,housing,4333.0,15129.0,ok
1151,2024,25614000,housing,2676.0,14910.0,ok
1152,2023,25616000,housing,166.0,3025.0,ok
1152,2024,25616000,housing,798.0,3016.0,ok
1153,2023,25618000,housing,2467.0,15159.0,ok
1153,2024,25618000,housing,2243.0,15044.0,ok
1154,2023,25620000,housing,1988.0,15876.0,ok
1154,2024,25620000,housing,4204.0,15936.0,ok
1155,2023,25622000,housing,3900.0,27222.0,ok
1155,2024,25622000,housing,3089.0,26931.0,ok
1157,2023,25626000,housing,1666.0,42534.0,ok
1157,2024,25626000,housing,1234.0,41873.0,ok
1158,2023,25628000,housing,14119.0,52307.0,ok
1158,2024,25628000,housing,23957.0,51698.0,ok
1159,2023,25630000,housing,12065.0,,no_population
1159,2024,25630000,housing,14766.0,,no_population
1160,2023,25634000,housing,11763.0,38631.0,ok
1160,2024,25634000,housing,17390.0,38424.0,ok
1161,2023,25636000,housing,26923.0,70728.0,ok
1161,2024,25636000,housing,29900.0,69773.0,ok
1163,2023,25640000,housing,22742.0,,no_population
1163,2024,25640000,housing,28492.0,,no_population
1164,2023,25642000,housing,1977.0,13031.0,ok
1164,2024,25642000,housing,2728.0,12734.0,ok
1165,2023,25644000,housing,6514.0,42502.0,ok
1165,2024,25644000,housing,8663.0,41633.0,ok
1166,2023,25646000,housing,1224.0,13343.0,ok
1166,2024,25646000,housing,1198.0,13291.0,ok
1167,2023,25648000,housing,2358.0,,no_population
1167,2024,25648000,housing,3177.0,,no_population
1168,2023,25650000,housing,2463.0,,no_population
1168,2024,25650000,housing,3269.0,,no_population
1169,2023,25655000,housing,61899.0,,no_population
1169,2024,25655000,housing,79343.0,,no_population
1170,2023,25605000,housing,3488.0,22197.0,ok
1170,2024,25605000,housing,6180.0,22320.0,ok
1171,2023,25607000,housing,3329.0,11607.0,ok
1171,2024,25607000,housing,3807.0,11534.0,ok
1172,2023,25609000,housing,4798.0,25072.0,ok
1172,2024,25609000,housing,7088.0,25159.0,ok
1173,2023,25629000,housing,2979.0,15036.0,ok
1173,2024,25629000,housing,6131.0,14902.0,ok
1174,2023,25631000,housing,9827.0,20829.0,ok
1174,2024,25631000,housing,7740.0,20704.0,ok
1175,2023,25657000,housing,14439.0,29498.0,ok
1175,2024,25657000,housing,16489.0,29626.0,ok
1176,2023,27701000,housing,485987.0,489735.0,ok
1176,2024,27701000,housing,482122.0,489584.0,ok
1178,2023,27712000,housing,2806.0,8508.0,ok
1178,2024,27712000,housing,2306.0,8458.0,ok
1179,2023,27717000,housing,44001.0,12873.0,ok
1179,2024,27717000,housing,49696.0,12928.0,ok
1180,2023,27725000,housing,16727.0,27592.0,ok
1180,2024,27725000,housing,10974.0,27486.0,ok
1181,2023,27730000,housing,5542.0,38614.0,ok
1181,2024,27730000,housing,3069.0,38474.0,ok
1187,2023,27709000,housing,5086.0,37533.0,ok
1187,2024,27709000,housing,4880.0,37472.0,ok
1198,2023,29701000,housing,340836.0,355488.0,ok
1198,2024,29701000,housing,248021.0,351103.0,ok
1200,2023,29602000,housing,12977.0,,no_population
1200,2024,29602000,housing,9972.0,,no_population
1201,2023,29604000,housing,1960.0,,no_population
1201,2024,29604000,housing,1551.0,,no_population
1203,2023,29608000,housing,38023.0,,no_population
1203,2024,29608000,housing,42735.0,,no_population
1204,2023,29610000,housing,3544.0,,no_population
1204,2024,29610000,housing,3048.0,,no_population
1205,2023,29612000,housing,2977.0,,no_population
1205,2024,29612000,housing,3402.0,,no_population
1206,2023,29613000,housing,130496.0,,no_population
1206,2024,29613000,housing,112237.0,,no_population
1207,2023,29614000,housing,11727.0,,no_population
1207,2024,29614000,housing,7587.0,,no_population
1208,2023,29615000,housing,6506.0,,no_population
1208,2024,29615000,housing,7469.0,,no_population
1209,2023,29616000,housing,22759.0,,no_population
1209,2024,29616000,housing,14471.0,,no_population
1210,2023,29618000,housing,713.0,,no_population
1210,2024,29618000,housing,1437.0,,no_population
1211,2023,29620000,housing,15225.0,,no_population
1211,2024,29620000,housing,13657.0,,no_population
1212,2023,29623000,housing,117120.0,,no_population
1212,2024,29623000,housing,85717.0,,no_population
1213,2023,29625000,housing,15653.0,,no_population
1213,2024,29625000,housing,14062.0,,no_population
1214,2023,29627000,housing,5870.0,,no_population
1214,2024,29627000,housing,2888.0,,no_population
1215,2023,29629000,housing,2833.0,,no_population
1215,2024,29629000,housing,1849.0,,no_population
1217,2023,29634000,housing,1955.0,,no_population
1217,2024,29634000,housing,2104.0,,no_population
1218,2023,29636000,housing,8087.0,,no_population
1218,2024,29636000,housing,7600.0,,no_population
1219,2023,29638000,housing,38946.0,,no_population
1219,2024,29638000,housing,37896.0,,no_population
1220,2023,29642000,housing,751.0,,no_population
1220,2024,29642000,housing,802.0,,no_population
1221,2023,29644000,housing,44228.0,,no_population
1221,2024,29644000,housing,45413.0,,no_population
1222,2023,29646000,housing,892.0,,no_population
1222,2024,29646000,housing,1007.0,,no_population
1223,2023,29650000,housing,8960.0,,no_population
1223,2024,29650000,housing,6544.0,,no_population
1224,2023,32701000,housing,289649.0,549362.0,ok
1224,2024,32701000,housing,312305.0,544600.0,ok
1225,2023,32704000,housing,13051.0,70178.0,ok
1225,2024,32704000,housing,7522.0,69293.0,ok
1226,2023,32707000,housing,21548.0,120094.0,ok
1226,2024,32707000,housing,15946.0,119175.0,ok
1227,2023,32710000,housing,7529.0,45941.0,ok
1227,2024,32710000,housing,9293.0,45757.0,ok
1228,2023,32715000,housing,6622.0,29370.0,ok
1228,2024,32715000,housing,10246.0,29026.0,ok
1229,2023,32716000,housing,14419.0,86185.0,ok
1229,2024,32716000,housing,13100.0,85300.0,ok
1230,2023,32719000,housing,15838.0,91711.0,boundary_review
1230,2024,32719000,housing,15450.0,90570.0,boundary_review
1231,2023,32725000,housing,14059.0,96559.0,ok
1231,2024,32725000,housing,18541.0,96216.0,ok
1232,2023,32728000,housing,20780.0,41743.0,ok
1232,2024,32728000,housing,17610.0,41229.0,ok
1233,2023,32731000,housing,82930.0,533565.0,ok
1233,2024,32731000,housing,63797.0,531186.0,ok
1234,2023,32734000,housing,7996.0,44002.0,ok
1234,2024,32734000,housing,9444.0,43655.0,ok
1235,2023,32732000,housing,4246.0,28061.0,boundary_review
1235,2024,32732000,housing,4265.0,27901.0,boundary_review
1236,2023,32737000,housing,15210.0,174859.0,ok
1236,2024,32737000,housing,11052.0,172618.0,ok
1237,2023,32740000,housing,6588.0,23240.0,ok
1237,2024,32740000,housing,1873.0,23065.0,ok
1238,2023,32749000,housing,22312.0,78494.0,ok
1238,2024,32749000,housing,26195.0,78009.0,ok
1250,2023,32627000,housing,48954.0,49596.0,ok
1250,2024,32627000,housing,61351.0,48876.0,ok
1258,2023,33701000,housing,327086.0,496941.0,ok
1258,2024,33701000,housing,288179.0,500457.0,ok
1259,2023,33704000,housing,11450.0,29227.0,ok
1259,2024,33704000,housing,6749.0,28922.0,ok
1260,2023,33707000,housing,3030.0,65262.0,ok
1260,2024,33707000,housing,3124.0,64571.0,ok
1261,2023,33710000,housing,5121.0,19631.0,ok
1261,2024,33710000,housing,2898.0,19454.0,ok
1262,2023,33713000,housing,3615.0,28908.0,ok
1262,2024,33713000,housing,1923.0,28479.0,ok
1266,2023,33605000,housing,1100.0,15331.0,ok
1266,2024,33605000,housing,2896.0,15062.0,ok
1269,2023,33608000,housing,3466.0,6931.0,ok
1269,2024,33608000,housing,2282.0,6778.0,ok
1270,2023,33610000,housing,12153.0,22790.0,ok
1270,2024,33610000,housing,11752.0,22503.0,ok
1271,2023,33612000,housing,734.0,8318.0,ok
1271,2024,33612000,housing,556.0,8117.0,ok
1272,2023,33614000,housing,3946.0,16810.0,ok
1272,2024,33614000,housing,1549.0,16435.0,ok
1274,2023,33617000,housing,2075.0,9726.0,ok
1274,2024,33617000,housing,3648.0,9573.0,ok
1275,2023,33618000,housing,44690.0,19871.0,ok
1275,2024,33618000,housing,62295.0,19898.0,ok
1276,2023,33619000,housing,1322.0,10408.0,ok
1276,2024,33619000,housing,1946.0,9945.0,ok
1277,2023,33620000,housing,4376.0,14363.0,ok
1277,2024,33620000,housing,6212.0,14038.0,ok
1280,2023,33623000,housing,4303.0,20133.0,ok
1280,2024,33623000,housing,5637.0,19801.0,ok
1282,2023,33625000,housing,274.0,6480.0,ok
1282,2024,33625000,housing,310.0,6225.0,ok
1284,2023,33627000,housing,3596.0,15594.0,ok
1284,2024,33627000,housing,4090.0,15213.0,ok
1285,2023,33628000,housing,13424.0,33878.0,ok
1285,2024,33628000,housing,7643.0,33193.0,ok
1287,2023,33630000,housing,7714.0,24751.0,ok
1287,2024,33630000,housing,12198.0,24539.0,ok
1288,2023,33645000,housing,2513.0,9442.0,ok
1288,2024,33645000,housing,2189.0,9136.0,ok
1290,2023,33632000,housing,620.0,11490.0,ok
1290,2024,33632000,housing,1273.0,11195.0,ok
1293,2023,33635000,housing,101150.0,31977.0,ok
1293,2024,33635000,housing,132960.0,32057.0,ok
1294,2023,33636000,housing,7577.0,21799.0,ok
1294,2024,33636000,housing,6252.0,21424.0,ok
1295,2023,33637000,housing,688.0,5002.0,ok
1295,2024,33637000,housing,1098.0,4826.0,ok
1296,2023,33638000,housing,717.0,5621.0,ok
1296,2024,33638000,housing,452.0,5475.0,ok
1298,2023,33641000,housing,7419.0,19810.0,ok
1298,2024,33641000,housing,5775.0,19396.0,ok
1300,2023,33647000,housing,453.0,7388.0,ok
1300,2024,33647000,housing,2377.0,7140.0,ok
1301,2023,33649000,housing,8732.0,16154.0,ok
1301,2024,33649000,housing,8758.0,15836.0,ok
1302,2023,33650000,housing,1636.0,19684.0,ok
1302,2024,33650000,housing,1995.0,19268.0,ok
1303,2023,34701000,housing,201939.0,265965.0,ok
1303,2024,34701000,housing,148909.0,265761.0,ok
1304,2023,34705000,housing,4088.0,20211.0,ok
1304,2024,34705000,housing,3560.0,19938.0,ok
1305,2023,34706000,housing,1594.0,14079.0,ok
1305,2024,34706000,housing,963.0,14030.0,ok
1306,2023,34708000,housing,7188.0,12600.0,ok
1306,2024,34708000,housing,3363.0,12488.0,ok
1308,2023,34730000,housing,10871.0,30369.0,ok
1308,2024,34730000,housing,10612.0,30008.0,ok
1309,2023,34602000,housing,697.0,5105.0,ok
1309,2024,34602000,housing,661.0,4987.0,ok
1310,2023,34604000,housing,1097.0,8754.0,ok
1310,2024,34604000,housing,558.0,8634.0,ok
1311,2023,34606000,housing,603.0,6698.0,ok
1311,2024,34606000,housing,586.0,6543.0,ok
1312,2023,34608000,housing,1530.0,6412.0,ok
1312,2024,34608000,housing,1651.0,6258.0,ok
1313,2023,34610000,housing,1662.0,5895.0,ok
1313,2024,34610000,housing,1364.0,5744.0,ok
1315,2023,34614000,housing,78209.0,41653.0,ok
1315,2024,34614000,housing,96313.0,40577.0,ok
1316,2023,34616000,housing,23438.0,16115.0,ok
1316,2024,34616000,housing,20764.0,16012.0,ok
1317,2023,34618000,housing,1857.0,10096.0,ok
1317,2024,34618000,housing,1657.0,9933.0,ok
1321,2023,34626000,housing,10201.0,28471.0,ok
1321,2024,34626000,housing,9651.0,27921.0,ok
1322,2023,34628000,housing,158.0,3343.0,ok
1322,2024,34628000,housing,445.0,3257.0,ok
1323,2023,34630000,housing,1545.0,8904.0,ok
1324,2023,34632000,housing,165.0,3003.0,ok
1328,2023,34640000,housing,2021.0,7721.0,ok
1329,2023,34642000,housing,1287.0,10893.0,ok
1329,2024,34642000,housing,2481.0,10748.0,ok
1330,2023,34644000,housing,765.0,5670.0,ok
1330,2024,34644000,housing,1054.0,5566.0,ok
1331,2023,34646000,housing,2437.0,7779.0,ok
1331,2024,34646000,housing,2104.0,7653.0,ok
1333,2023,37701000,housing,181456.0,305505.0,ok
1333,2024,37701000,housing,215159.0,302354.0,ok
1334,2023,37705000,housing,23283.0,68102.0,ok
1334,2024,37705000,housing,21037.0,67884.0,ok
1337,2023,37606000,housing,2924.0,,no_population
1338,2023,37608000,housing,7922.0,,no_population
1341,2023,37612000,housing,4941.0,,no_population
1350,2023,37630000,housing,1730.0,,no_population
1392,2023,41603000,housing,6481.0,50977.0,ok
1392,2024,41603000,housing,6418.0,50855.0,ok
1393,2023,41606000,housing,50394.0,50211.0,ok
1393,2024,41606000,housing,48074.0,50257.0,ok
1394,2023,41609000,housing,55651.0,79417.0,ok
1394,2024,41609000,housing,68951.0,78679.0,ok
1395,2023,41612000,housing,2092146.0,554288.0,ok
1395,2024,41612000,housing,1843855.0,571142.0,ok
1396,2023,41615000,housing,301189.0,195374.0,ok
1396,2024,41615000,housing,328176.0,194689.0,ok
1397,2023,41618000,housing,335228.0,261898.0,ok
1397,2024,41618000,housing,383433.0,261522.0,ok
1398,2023,41621000,housing,67452.0,83838.0,ok
1398,2024,41621000,housing,51978.0,83361.0,ok
1399,2023,41624000,housing,15818.0,59877.0,ok
1399,2024,41624000,housing,11176.0,58942.0,ok
1400,2023,41625000,housing,104634.0,108460.0,ok
1400,2024,41625000,housing,141893.0,108186.0,ok
1401,2023,41627000,housing,11267.0,27548.0,ok
1401,2024,41627000,housing,10369.0,27168.0,ok
1402,2023,41630000,housing,627669.0,85329.0,ok
1402,2024,41630000,housing,612493.0,90576.0,ok
1403,2023,41633000,housing,75266.0,75307.0,ok
1403,2024,41633000,housing,71504.0,74392.0,ok
1404,2023,41636000,housing,22138.0,25508.0,ok
1404,2024,41636000,housing,7735.0,25067.0,ok
1405,2023,41639000,housing,171680.0,57047.0,ok
1405,2024,41639000,housing,179337.0,56730.0,ok
1406,2023,41642000,housing,5296.0,45192.0,ok
1406,2024,41642000,housing,7228.0,44406.0,ok
1407,2023,41645000,housing,10589.0,66266.0,ok
1407,2024,41645000,housing,13675.0,65782.0,ok
1408,2023,41648000,housing,198272.0,133109.0,ok
1408,2024,41648000,housing,238319.0,130546.0,ok
1409,2023,41754000,housing,35234.0,,no_population
1409,2024,41754000,housing,40427.0,,no_population
1410,2023,42701000,housing,212899.0,490428.0,ok
1410,2024,42701000,housing,321697.0,485260.0,ok
1411,2023,42715000,housing,33768.0,96918.0,ok
1411,2024,42715000,housing,24157.0,94902.0,ok
1412,2023,42603000,housing,1912.0,12561.0,ok
1412,2024,42603000,housing,,12286.0,missing
1413,2023,42606000,housing,110548.0,77162.0,ok
1413,2024,42606000,housing,84291.0,77383.0,ok
1414,2023,42609000,housing,15652.0,31727.0,ok
1414,2024,42609000,housing,9619.0,31514.0,ok
1415,2023,42612000,housing,5044.0,32556.0,ok
1415,2024,42612000,housing,9048.0,32283.0,ok
1416,2023,42615000,housing,40554.0,26851.0,ok
1416,2024,42615000,housing,,26993.0,missing
1417,2023,42618000,housing,3169.0,16041.0,ok
1417,2024,42618000,housing,3151.0,15713.0,ok
1419,2023,42624000,housing,31551.0,33711.0,ok
1419,2024,42624000,housing,28704.0,33205.0,ok
1420,2023,42627000,housing,3973.0,14930.0,ok
1420,2024,42627000,housing,,14799.0,missing
1421,2023,42630000,housing,6385.0,13303.0,ok
1421,2024,42630000,housing,4224.0,13181.0,ok
1422,2023,42633000,housing,26852.0,39264.0,ok
1422,2024,42633000,housing,17765.0,38865.0,ok
1423,2023,42636000,housing,3965.0,16391.0,ok
1423,2024,42636000,housing,4951.0,16181.0,ok
1425,2023,42642000,housing,2974.0,16432.0,ok
1425,2024,42642000,housing,,16521.0,missing
1426,2023,42645000,housing,7283.0,20572.0,ok
1426,2024,42645000,housing,7911.0,20466.0,ok
1427,2023,42648000,housing,25473.0,49307.0,ok
1427,2024,42648000,housing,20849.0,49178.0,ok
1428,2023,42652000,housing,17613.0,18518.0,ok
1428,2024,42652000,housing,13919.0,18262.0,ok
1429,2023,42656000,housing,15036.0,30120.0,ok
1429,2024,42656000,housing,17071.0,29850.0,ok
1430,2023,44701000,housing,11753.0,95408.0,ok
1430,2024,44701000,housing,6460.0,94768.0,ok
1439,2023,46704000,housing,403586.0,549846.0,boundary_review
1439,2024,46704000,housing,301832.0,554248.0,boundary_review
1440,2023,46705000,housing,16087.0,21294.0,ok
1440,2024,46705000,housing,19043.0,20981.0,ok
1443,2023,46711000,housing,12486.0,57700.0,boundary_review
1443,2024,46711000,housing,2790.0,57434.0,boundary_review
1444,2023,46716000,housing,132991.0,119957.0,ok
1444,2024,46716000,housing,10392.0,119089.0,ok
1445,2023,46709000,housing,688320.0,222807.0,ok
1445,2024,46709000,housing,543417.0,226573.0,ok
1446,2023,46718000,housing,25627.0,74193.0,ok
1446,2024,46718000,housing,34822.0,74032.0,ok
1447,2023,46722000,housing,72570.0,111398.0,ok
1447,2024,46722000,housing,64964.0,111759.0,ok
1448,2023,46725000,housing,9109.0,110507.0,ok
1448,2024,46725000,housing,6395.0,110083.0,ok
1449,2023,46729000,housing,16427.0,36534.0,ok
1449,2024,46729000,housing,19523.0,36618.0,ok
1453,2023,46733000,housing,705498.0,172848.0,ok
1453,2024,46733000,housing,665585.0,171213.0,ok
1454,2023,46735000,housing,35881.0,66371.0,ok
1454,2024,46735000,housing,56929.0,65747.0,ok
1456,2023,46734000,housing,61752.0,226936.0,boundary_review
1456,2024,46734000,housing,100105.0,226007.0,boundary_review
1457,2023,46739000,housing,77078.0,68758.0,ok
1457,2024,46739000,housing,240511.0,72311.0,ok
1459,2023,46744000,housing,582521.0,324754.0,ok
1459,2024,46744000,housing,467380.0,335991.0,ok
1461,2023,46740000,housing,26915.0,81968.0,ok
1461,2024,46740000,housing,28498.0,81143.0,ok
1463,2023,46747000,housing,35868.0,60722.0,ok
1463,2024,46747000,housing,46329.0,61079.0,ok
1464,2023,46741000,housing,15245.0,66079.0,ok
1464,2024,46741000,housing,52693.0,66526.0,ok
1465,2023,46748000,housing,674984.0,356489.0,boundary_review
1465,2024,46748000,housing,277370.0,364888.0,boundary_review
1467,2023,46746000,housing,687648.0,299964.0,ok
1467,2024,46746000,housing,366043.0,309564.0,ok
1468,2023,46750000,housing,335968.0,194589.0,boundary_review
1468,2024,46750000,housing,338170.0,198501.0,boundary_review
1472,2023,46760000,housing,202040.0,350268.0,boundary_review
1472,2024,46760000,housing,160458.0,350634.0,boundary_review
1473,2023,46767000,housing,546.0,36985.0,boundary_review
1473,2024,46767000,housing,595.0,37221.0,boundary_review
1474,2023,46762000,housing,3494.0,19392.0,boundary_review
1474,2024,46762000,housing,13661.0,19342.0,boundary_review
1475,2023,46764000,housing,67558.0,113140.0,ok
1475,2024,46764000,housing,11255.0,112070.0,ok
1477,2023,46766000,housing,175983.0,79513.0,ok
1477,2024,46766000,housing,153353.0,79874.0,ok
1478,2023,46772000,housing,19424.0,23475.0,ok
1478,2024,46772000,housing,18674.0,23278.0,ok
1480,2023,46776000,housing,231949.0,118268.0,ok
1480,2024,46776000,housing,265409.0,118129.0,ok
1481,2023,46780000,housing,1053.0,59622.0,ok
1481,2024,46780000,housing,1173.0,58677.0,ok
1483,2023,46781000,housing,9173.0,21789.0,ok
1483,2024,46781000,housing,6986.0,21254.0,ok
1484,2023,46784000,housing,356947.0,146908.0,ok
1484,2024,46784000,housing,329380.0,146643.0,ok
1486,2023,46787000,housing,51193.0,29700.0,ok
1486,2024,46787000,housing,50581.0,29743.0,ok
1488,2023,46790000,housing,5371.0,152190.0,ok
1488,2024,46790000,housing,13744.0,150729.0,ok
1506,2023,47701000,housing,3087.0,267422.0,ok
1506,2024,47701000,housing,14586.0,266681.0,ok
1518,2023,47608000,housing,6394.0,39935.0,ok
1518,2024,47608000,housing,5182.0,39330.0,ok
1519,2023,47605000,housing,32530.0,33510.0,ok
1519,2024,47605000,housing,34110.0,33201.0,ok
1520,2023,47610000,housing,869.0,8695.0,ok
1520,2024,47610000,housing,543.0,8770.0,ok
1522,2023,47620000,housing,3229.0,4619.0,ok
1522,2024,47620000,housing,2545.0,4698.0,ok
1523,2023,22701000,housing,711086.0,1237128.0,boundary_review
1523,2024,22701000,housing,663051.0,1228702.0,boundary_review
1525,2023,22712000,housing,159759.0,117831.0,ok
1525,2024,22712000,housing,135282.0,117552.0,ok
1526,2023,22715000,housing,36815.0,72979.0,ok
1526,2024,22715000,housing,38364.0,72393.0,ok
1527,2023,22721000,housing,49498.0,226691.0,ok
1527,2024,22721000,housing,64723.0,225251.0,ok
1528,2023,22727000,housing,10081.0,45413.0,ok
1528,2024,22727000,housing,10504.0,45056.0,ok
1529,2023,22730000,housing,8261.0,20982.0,ok
1529,2024,22730000,housing,7796.0,20671.0,ok
1530,2023,22739000,housing,3772.0,16141.0,ok
1530,2024,22739000,housing,5746.0,16026.0,ok
1532,2023,22737000,housing,26329.0,45539.0,ok
1532,2024,22737000,housing,16357.0,45405.0,ok
1533,2023,22758000,housing,2581.0,29014.0,ok
1533,2024,22758000,housing,5704.0,28511.0,ok
1534,2023,22734000,housing,8710.0,17309.0,ok
1534,2024,22734000,housing,4624.0,17117.0,ok
1535,2023,22749000,housing,5845.0,10897.0,ok
1535,2024,22749000,housing,10304.0,10807.0,ok
1536,2023,22755000,housing,16583.0,19249.0,ok
1536,2024,22755000,housing,11231.0,19063.0,ok
1575,2023,49701000,housing,107392.0,223191.0,ok
1575,2024,49701000,housing,110072.0,222340.0,ok
1577,2023,49606000,housing,23223.0,60848.0,ok
1577,2024,49606000,housing,23712.0,60283.0,ok
1578,2023,49608000,housing,19808.0,21976.0,ok
1578,2024,49608000,housing,17947.0,21712.0,ok
1580,2023,49612000,housing,4940.0,9662.0,ok
1581,2023,49614000,housing,3668.0,11386.0,ok
1582,2023,49616000,housing,5089.0,7179.0,ok
1582,2024,49616000,housing,4196.0,7088.0,ok
1583,2023,49620000,housing,7151.0,13275.0,ok
1583,2024,49620000,housing,6579.0,13111.0,ok
1585,2023,49624000,housing,2302.0,5682.0,ok
1586,2023,49625000,housing,138379.0,64063.0,ok
1586,2024,49625000,housing,111236.0,64120.0,ok
1587,2023,49628000,housing,9831.0,18528.0,ok
1587,2024,49628000,housing,6597.0,18071.0,ok
1588,2023,49630000,housing,3503.0,11684.0,ok
1588,2024,49630000,housing,7659.0,11516.0,ok
1589,2023,49632000,housing,5313.0,18377.0,ok
1590,2023,49634000,housing,263.0,3266.0,ok
1590,2024,49634000,housing,264.0,3220.0,ok
1592,2023,49639000,housing,9987.0,37988.0,ok
1592,2024,49639000,housing,11742.0,37508.0,ok
1594,2023,49647000,housing,293.0,4724.0,ok
1594,2024,49647000,housing,292.0,4643.0,ok
1595,2023,49650000,housing,14359.0,18546.0,ok
1595,2024,49650000,housing,10034.0,18345.0,ok
1596,2023,49655000,housing,5623.0,9125.0,ok
1596,2024,49655000,housing,4523.0,9113.0,ok
1597,2023,50701000,housing,1880070.0,1635338.0,ok
1597,2024,50701000,housing,1528190.0,1633851.0,ok
1598,2023,50708000,housing,84879.0,102965.0,ok
1598,2024,50708000,housing,64911.0,102760.0,ok
1599,2023,50712000,housing,34510.0,56781.0,ok
1599,2024,50712000,housing,21637.0,56654.0,ok
1600,2023,50717000,housing,41974.0,30762.0,ok
1600,2024,50717000,housing,15049.0,31050.0,ok
1601,2023,50740000,housing,35875.0,20873.0,ok
1601,2024,50740000,housing,41743.0,20883.0,ok
1602,2023,50603000,housing,521.0,14189.0,ok
1602,2024,50603000,housing,454.0,13948.0,ok
1603,2023,50604000,housing,6019.0,38921.0,ok
1603,2024,50604000,housing,7080.0,38628.0,ok
1604,2023,50606000,housing,2019.0,25450.0,ok
1604,2024,50606000,housing,3772.0,25205.0,ok
1605,2023,50608000,housing,485.0,14978.0,ok
1605,2024,50608000,housing,446.0,14721.0,ok
1606,2023,50610000,housing,1206.0,12894.0,ok
1606,2024,50610000,housing,683.0,12663.0,ok
1607,2023,50613000,housing,1671.0,11954.0,ok
1607,2024,50613000,housing,485.0,11725.0,ok
1608,2023,50615000,housing,32045.0,58772.0,ok
1608,2024,50615000,housing,28636.0,58382.0,ok
1609,2023,50617000,housing,3738.0,38488.0,ok
1609,2024,50617000,housing,4442.0,38279.0,ok
1610,2023,50619000,housing,1878.0,14171.0,ok
1610,2024,50619000,housing,761.0,14001.0,ok
1611,2023,50621000,housing,18068.0,24523.0,ok
1611,2024,50621000,housing,15922.0,24293.0,ok
1612,2023,50623000,housing,22826.0,45134.0,ok
1612,2024,50623000,housing,27200.0,45219.0,ok
1613,2023,50625000,housing,145.0,11625.0,ok
1613,2024,50625000,housing,1144.0,11493.0,ok
1614,2023,50627000,housing,3257.0,27773.0,ok
1614,2024,50627000,housing,2463.0,27453.0,ok
1615,2023,50630000,housing,11028.0,54201.0,ok
1615,2024,50630000,housing,11513.0,53654.0,ok
1616,2023,50632000,housing,1793.0,25707.0,ok
1616,2024,50632000,housing,2278.0,25382.0,ok
1617,2023,50634000,housing,832.0,9149.0,ok
1617,2024,50634000,housing,900.0,8984.0,ok
1618,2023,50636000,housing,7305.0,23583.0,ok
1618,2024,50636000,housing,7905.0,23528.0,ok
1619,2023,50638000,housing,43360.0,40629.0,ok
1619,2024,50638000,housing,63590.0,40479.0,ok
1620,2023,50640000,housing,721015.0,166514.0,ok
1620,2024,50640000,housing,724444.0,170131.0,ok
1621,2023,50642000,housing,21904.0,33811.0,ok
1621,2024,50642000,housing,20474.0,33623.0,ok
1622,2023,50644000,housing,549.0,7477.0,ok
1622,2024,50644000,housing,887.0,7319.0,ok
1623,2023,50648000,housing,5457.0,31331.0,ok
1623,2024,50648000,housing,3998.0,31042.0,ok
1624,2023,50650000,housing,9095.0,36987.0,ok
1624,2024,50650000,housing,5751.0,36645.0,ok
1625,2023,50652000,housing,9144.0,53998.0,ok
1625,2024,50652000,housing,11633.0,53463.0,ok
1626,2023,50654000,housing,782.0,11475.0,ok
1626,2024,50654000,housing,648.0,11277.0,ok
1627,2023,50655000,housing,389.0,10803.0,ok
1627,2024,50655000,housing,150.0,10681.0,ok
1628,2023,50656000,housing,3092.0,20576.0,ok
1628,2024,50656000,housing,2589.0,20323.0,ok
1629,2023,50657000,housing,7051.0,49264.0,ok
1629,2024,50657000,housing,6591.0,49025.0,ok
1630,2023,50658000,housing,364.0,13966.0,ok
1630,2024,50658000,housing,323.0,13809.0,ok
1631,2023,50659000,housing,1930.0,19204.0,ok
1631,2024,50659000,housing,1325.0,18959.0,ok
1632,2023,52701000,housing,441961.0,1110836.0,ok
1632,2024,52701000,housing,507056.0,1104485.0,ok
1633,2023,52601000,housing,14138.0,25205.0,ok
1633,2024,52601000,housing,12208.0,25339.0,ok
1634,2023,52603000,housing,1148.0,21790.0,ok
1634,2024,52603000,housing,1973.0,21499.0,ok
1635,2023,52606000,housing,1302.0,5942.0,ok
1635,2024,52606000,housing,911.0,5838.0,ok
1636,2023,52609000,housing,804.0,18361.0,ok
1636,2024,52609000,housing,622.0,18069.0,ok
1637,2023,52612000,housing,2328.0,9906.0,ok
1637,2024,52612000,housing,1786.0,9777.0,ok
1638,2023,52615000,housing,7101.0,35753.0,ok
1638,2024,52615000,housing,8102.0,35262.0,ok
1639,2023,52618000,housing,7407.0,36093.0,ok
1639,2024,52618000,housing,8208.0,35486.0,ok
1640,2023,52621000,housing,183.0,8999.0,ok
1640,2024,52621000,housing,1014.0,8763.0,ok
1641,2023,52623000,housing,3074.0,23330.0,ok
1641,2024,52623000,housing,3352.0,23179.0,ok
1642,2023,52626000,housing,2971.0,12896.0,ok
1642,2024,52626000,housing,1939.0,12735.0,ok
1643,2023,52629000,housing,8821.0,38401.0,ok
1643,2024,52629000,housing,9813.0,38168.0,ok
1644,2023,52630000,housing,4731.0,25346.0,ok
1644,2024,52630000,housing,3706.0,25313.0,ok
1645,2023,52632000,housing,2814.0,26599.0,ok
1645,2024,52632000,housing,4700.0,26392.0,ok
1646,2023,52634000,housing,2033.0,17328.0,ok
1646,2024,52634000,housing,3012.0,16992.0,ok
1647,2023,52636000,housing,4069.0,18133.0,ok
1647,2024,52636000,housing,2533.0,17786.0,ok
1648,2023,52639000,housing,881.0,12382.0,ok
1648,2024,52639000,housing,920.0,12230.0,ok
1649,2023,52641000,housing,1712.0,20645.0,ok
1649,2024,52641000,housing,1227.0,20369.0,ok
1650,2023,52642000,housing,1770.0,16029.0,ok
1650,2024,52642000,housing,1078.0,15856.0,ok
1651,2023,52643000,housing,201.0,11914.0,ok
1651,2024,52643000,housing,1438.0,11776.0,ok
1652,2023,52644000,housing,201489.0,100896.0,ok
1652,2024,52644000,housing,259274.0,100576.0,ok
1653,2023,52646000,housing,1118.0,17572.0,ok
1653,2024,52646000,housing,998.0,17473.0,ok
1654,2023,52648000,housing,1457.0,18394.0,ok
1654,2024,52648000,housing,1626.0,18147.0,ok
1655,2023,52650000,housing,803.0,15831.0,ok
1655,2024,52650000,housing,1351.0,15619.0,ok
1656,2023,52651000,housing,1786.0,16047.0,ok
1656,2024,52651000,housing,3509.0,15815.0,ok
1657,2023,52652000,housing,546.0,8285.0,ok
1657,2024,52652000,housing,1150.0,8137.0,ok
1658,2023,52653000,housing,4214.0,33534.0,ok
1658,2024,52653000,housing,5815.0,33312.0,ok
1659,2023,52654000,housing,6941.0,40239.0,ok
1659,2024,52654000,housing,8479.0,39838.0,ok
1660,2023,52655000,housing,2176.0,12174.0,ok
1660,2024,52655000,housing,1974.0,11958.0,ok
1661,2023,52656000,housing,3967.0,19472.0,ok
1661,2024,52656000,housing,2818.0,19114.0,ok
1662,2023,52657000,housing,1587.0,9400.0,ok
1662,2024,52657000,housing,158.0,9157.0,ok
1663,2023,52658000,housing,4479.0,25357.0,ok
1663,2024,52658000,housing,3046.0,24866.0,ok
1664,2023,52659000,housing,2931.0,18975.0,ok
1664,2024,52659000,housing,3088.0,18767.0,ok
1665,2023,53701000,housing,451549.0,552831.0,ok
1665,2024,53701000,housing,478435.0,550344.0,ok
1666,2023,53704000,housing,5164.0,23702.0,ok
1666,2024,53704000,housing,6798.0,23381.0,ok
1667,2023,53708000,housing,8170.0,43072.0,ok
1667,2024,53708000,housing,7541.0,42519.0,ok
1668,2023,53712000,housing,51444.0,88419.0,ok
1668,2024,53712000,housing,43756.0,88339.0,ok
1669,2023,53713000,housing,7913.0,39585.0,ok
1669,2024,53713000,housing,7707.0,39040.0,ok
1670,2023,53714000,housing,6724.0,40777.0,ok
1670,2024,53714000,housing,6853.0,40357.0,ok
1671,2023,53715000,housing,2577.0,24531.0,ok
1671,2024,53715000,housing,1307.0,24149.0,ok
1672,2023,53720000,housing,6657.0,79946.0,ok
1672,2024,53720000,housing,8073.0,79410.0,ok
1673,2023,53723000,housing,43278.0,190980.0,ok
1673,2024,53723000,housing,70058.0,190318.0,ok
1674,2023,53725000,housing,25856.0,45870.0,ok
1674,2024,53725000,housing,21693.0,45181.0,ok
1675,2023,53727000,housing,11988.0,40343.0,ok
1675,2024,53727000,housing,12758.0,39845.0,ok
1676,2023,53732000,housing,3367.0,17951.0,ok
1676,2024,53732000,housing,2539.0,17793.0,ok
1678,2023,53604000,housing,809.0,19557.0,ok
1678,2024,53604000,housing,1174.0,18976.0,ok
1679,2023,53605000,housing,3890.0,19217.0,ok
1679,2024,53605000,housing,4627.0,19016.0,ok
1680,2023,53606000,housing,1536.0,12956.0,ok
1680,2024,53606000,housing,1844.0,12753.0,ok
1681,2023,53607000,housing,4377.0,16050.0,ok
1681,2024,53607000,housing,5055.0,15753.0,ok
1682,2023,53610000,housing,1237.0,13393.0,ok
1682,2024,53610000,housing,2419.0,13156.0,ok
1683,2023,53611000,housing,7319.0,16658.0,ok
1683,2024,53611000,housing,6168.0,16252.0,ok
1685,2023,53615000,housing,3032.0,10778.0,ok
1685,2024,53615000,housing,6553.0,10558.0,ok
1686,2023,53617000,housing,542.0,11377.0,ok
1686,2024,53617000,housing,1162.0,11105.0,ok
1687,2023,53619000,housing,5792.0,25508.0,ok
1687,2024,53619000,housing,15246.0,25229.0,ok
1688,2023,53622000,housing,1696.0,14901.0,ok
1688,2024,53622000,housing,6102.0,14438.0,ok
1689,2023,53623000,housing,3691.0,17170.0,ok
1689,2024,53623000,housing,7963.0,16960.0,ok
1690,2023,53625000,housing,1494.0,14428.0,ok
1690,2024,53625000,housing,5676.0,14152.0,ok
1691,2023,53627000,housing,1900.0,9034.0,ok
1691,2024,53627000,housing,2246.0,8826.0,ok
1692,2023,53630000,housing,7269.0,23850.0,ok
1692,2024,53630000,housing,9779.0,23447.0,ok
1693,2023,53631000,housing,6604.0,29332.0,ok
1693,2024,53631000,housing,11801.0,28827.0,ok
1694,2023,53633000,housing,3436.0,17286.0,ok
1694,2024,53633000,housing,3795.0,17079.0,ok
1696,2023,53636000,housing,3759.0,21087.0,ok
1696,2024,53636000,housing,3346.0,20575.0,ok
1697,2023,53637000,housing,4534.0,20555.0,ok
1697,2024,53637000,housing,10593.0,20288.0,ok
1698,2023,53638000,housing,5282.0,13036.0,ok
1698,2024,53638000,housing,12645.0,12885.0,ok
1699,2023,53640000,housing,14912.0,29265.0,ok
1699,2024,53640000,housing,10970.0,29252.0,ok
1700,2023,53641000,housing,16271.0,40080.0,ok
1700,2024,53641000,housing,13954.0,39786.0,ok
1701,2023,53642000,housing,,9948.0,missing
1701,2024,53642000,housing,22.0,9689.0,ok
1702,2023,53643000,housing,1582.0,10948.0,ok
1702,2024,53643000,housing,1892.0,10754.0,ok
1703,2023,53651000,housing,3963.0,20103.0,ok
1703,2024,53651000,housing,4832.0,19856.0,ok
1704,2023,53652000,housing,4999.0,31220.0,ok
1704,2024,53652000,housing,11011.0,30816.0,ok
1705,2023,53653000,housing,2004.0,17316.0,ok
1705,2024,53653000,housing,2869.0,17089.0,ok
1706,2023,53656000,housing,5019.0,14948.0,ok
1706,2024,53656000,housing,4268.0,14855.0,ok
1707,2023,54701000,housing,153307.0,296633.0,ok
1707,2024,54701000,housing,141279.0,292406.0,ok
1708,2023,54705000,housing,5305.0,42928.0,ok
1708,2024,54705000,housing,13730.0,42694.0,ok
1709,2023,54710000,housing,5865.0,36070.0,ok
1709,2024,54710000,housing,7483.0,35554.0,ok
1710,2023,54604000,housing,1806.0,15224.0,ok
1710,2024,54604000,housing,2964.0,14977.0,ok
1711,2023,54608000,housing,4001.0,14730.0,ok
1711,2024,54608000,housing,1312.0,14493.0,ok
1712,2023,54610000,housing,1121.0,10245.0,ok
1712,2024,54610000,housing,1359.0,10168.0,ok
1714,2023,54615000,housing,729.0,8684.0,ok
1714,2024,54615000,housing,1786.0,8587.0,ok
1715,2023,54618000,housing,867.0,11725.0,ok
1715,2024,54618000,housing,2410.0,11724.0,ok
1717,2023,54623000,housing,183.0,12459.0,ok
1717,2024,54623000,housing,2449.0,12286.0,ok
1718,2023,54624000,housing,,5146.0,missing
1718,2024,54624000,housing,1058.0,5084.0,ok
1719,2023,54625000,housing,2210.0,20502.0,ok
1719,2024,54625000,housing,2498.0,20537.0,ok
1722,2023,54632000,housing,849.0,9363.0,ok
1722,2024,54632000,housing,760.0,9312.0,ok
1724,2023,54639000,housing,381.0,9076.0,ok
1724,2024,54639000,housing,451.0,9028.0,ok
1725,2023,54643000,housing,1961.0,6700.0,ok
1725,2024,54643000,housing,1645.0,6534.0,ok
1727,2023,54650000,housing,2445.0,11950.0,ok
1727,2024,54650000,housing,3911.0,11873.0,ok
1728,2023,54652000,housing,2432.0,13382.0,ok
1728,2024,54652000,housing,3225.0,13337.0,ok
1730,2023,54654000,housing,1092.0,7739.0,ok
1730,2024,54654000,housing,1346.0,7678.0,ok
1731,2023,54655000,housing,2443.0,17312.0,ok
1731,2024,54655000,housing,3669.0,17284.0,ok
1732,2023,54657000,housing,670.0,7911.0,ok
1732,2024,54657000,housing,1036.0,7819.0,ok
1733,2023,54659000,housing,91.0,5916.0,ok
1733,2024,54659000,housing,309.0,5835.0,ok
1737,2023,56603000,housing,9055.0,19237.0,ok
1737,2024,56603000,housing,9836.0,19102.0,ok
1738,2023,56609000,housing,6290.0,13678.0,ok
1738,2024,56609000,housing,6147.0,13474.0,ok
1739,2023,56612000,housing,7514.0,24016.0,ok
1739,2024,56612000,housing,6311.0,23699.0,ok
1740,2023,56613000,housing,66247.0,45314.0,ok
1740,2024,56613000,housing,80515.0,44901.0,ok
1741,2023,56615000,housing,3488.0,7239.0,ok
1741,2024,56615000,housing,3465.0,7153.0,ok
1742,2023,56618000,housing,17803.0,45423.0,ok
1742,2024,56618000,housing,19017.0,45419.0,ok
1743,2023,56623000,housing,7755.0,18759.0,ok
1743,2024,56623000,housing,6367.0,18592.0,ok
1744,2023,56626000,housing,1912.0,8420.0,ok
1744,2024,56626000,housing,1194.0,8268.0,ok
1745,2023,56629000,housing,12266.0,48988.0,ok
1745,2024,56629000,housing,6051.0,48394.0,ok
1746,2023,56631000,housing,3080.0,10012.0,ok
1746,2024,56631000,housing,3202.0,9895.0,ok
1747,2023,56633000,housing,4152.0,20763.0,ok
1747,2024,56633000,housing,4258.0,20513.0,ok
1749,2023,56642000,housing,2853.0,11418.0,ok
1749,2024,56642000,housing,2606.0,11327.0,ok
1750,2023,56643000,housing,4051.0,15887.0,ok
1750,2024,56643000,housing,3199.0,15623.0,ok
1751,2023,56644000,housing,2357.0,8054.0,ok
1751,2024,56644000,housing,2330.0,7959.0,ok
1752,2023,56645000,housing,10003.0,23972.0,ok
1752,2024,56645000,housing,10500.0,23532.0,ok
1753,2023,56647000,housing,3487.0,9855.0,ok
1753,2024,56647000,housing,3607.0,9756.0,ok
1754,2023,56649000,housing,3170.0,13276.0,ok
1754,2024,56649000,housing,3269.0,13081.0,ok
1755,2023,56651000,housing,13811.0,35895.0,ok
1755,2024,56651000,housing,13360.0,35595.0,ok
1756,2023,56653000,housing,6597.0,27852.0,ok
1756,2024,56653000,housing,3476.0,27530.0,ok
1757,2023,56654000,housing,3801.0,13098.0,ok
1757,2024,56654000,housing,3082.0,12972.0,ok
1758,2023,56655000,housing,150018.0,66046.0,ok
1758,2024,56655000,housing,201944.0,66409.0,ok
1759,2023,56656000,housing,12466.0,44853.0,ok
1759,2024,56656000,housing,12501.0,44283.0,ok
1760,2023,56657000,housing,4064.0,13770.0,ok
1760,2024,56657000,housing,3779.0,13512.0,ok
1761,2023,56606000,housing,4037.0,11004.0,ok
1761,2024,56606000,housing,3661.0,10833.0,ok
1762,2023,56658000,housing,4038.0,12852.0,ok
1762,2024,56658000,housing,3378.0,12659.0,ok
1764,2023,58701000,housing,88826.0,189315.0,ok
1764,2024,58701000,housing,67670.0,187129.0,ok
1765,2023,58710000,housing,30065.0,85989.0,ok
1765,2024,58710000,housing,17616.0,85442.0,ok
1766,2023,58604000,housing,1772.0,,no_population
1766,2024,58604000,housing,2617.0,,no_population
1768,2023,58608000,housing,9398.0,,no_population
1768,2024,58608000,housing,8331.0,,no_population
1769,2023,58610000,housing,3715.0,,no_population
1769,2024,58610000,housing,3236.0,,no_population
1770,2023,58612000,housing,2160.0,,no_population
1770,2024,58612000,housing,2256.0,,no_population
1771,2023,58614000,housing,743.0,,no_population
1773,2023,58618000,housing,1180.0,,no_population
1774,2023,58620000,housing,5316.0,,no_population
1775,2023,58623000,housing,1630.0,,no_population
1776,2023,58626000,housing,4684.0,,no_population
1776,2024,58626000,housing,5123.0,,no_population
1777,2023,58629000,housing,4027.0,,no_population
1778,2023,58633000,housing,4821.0,,no_population
1778,2024,58633000,housing,8506.0,,no_population
1780,2023,58640000,housing,13732.0,,no_population
1781,2023,58643000,housing,5047.0,,no_population
1781,2024,58643000,housing,6328.0,,no_population
1782,2023,58647000,housing,4102.0,,no_population
1782,2024,58647000,housing,6023.0,,no_population
1783,2023,58649000,housing,153134.0,,no_population
1783,2024,58649000,housing,168764.0,,no_population
1784,2023,58650000,housing,2420.0,,no_population
1784,2024,58650000,housing,2779.0,,no_population
1785,2023,58651000,housing,4133.0,,no_population
1785,2024,58651000,housing,5247.0,,no_population
1786,2023,58653000,housing,1032.0,,no_population
1787,2023,58654000,housing,5880.0,,no_population
1787,2024,58654000,housing,4850.0,,no_population
1788,2023,58656000,housing,5271.0,,no_population
1845,2023,61701000,housing,353382.0,523203.0,ok
1845,2024,61701000,housing,240148.0,520509.0,ok
1846,2023,61705000,housing,7623.0,27821.0,boundary_review
1846,2024,61705000,housing,4744.0,27537.0,boundary_review
1848,2023,61715000,housing,3241.0,25708.0,boundary_review
1848,2024,61715000,housing,1983.0,25424.0,boundary_review
1849,2023,61602000,housing,1529.0,6511.0,ok
1849,2024,61602000,housing,1191.0,6377.0,ok
1850,2023,61604000,housing,4540.0,7831.0,ok
1850,2024,61604000,housing,4613.0,7676.0,ok
1851,2023,61606000,housing,1937.0,7386.0,ok
1851,2024,61606000,housing,1766.0,7264.0,ok
1852,2023,61608000,housing,16706.0,27244.0,boundary_review
1852,2024,61608000,housing,18408.0,26914.0,boundary_review
1853,2023,61610000,housing,18360.0,20955.0,ok
1853,2024,61610000,housing,15538.0,20755.0,ok
1854,2023,61612000,housing,4326.0,21903.0,ok
1854,2024,61612000,housing,5824.0,21723.0,ok
1855,2023,61615000,housing,1926.0,10730.0,ok
1855,2024,61615000,housing,2549.0,10602.0,ok
1856,2023,61617000,housing,15670.0,31518.0,ok
1856,2024,61617000,housing,15990.0,31192.0,ok
1857,2023,61620000,housing,1891.0,10529.0,ok
1857,2024,61620000,housing,3816.0,10428.0,ok
1858,2023,61623000,housing,1578.0,4629.0,ok
1858,2024,61623000,housing,1956.0,4600.0,ok
1859,2023,61625000,housing,5787.0,30144.0,ok
1859,2024,61625000,housing,6872.0,29852.0,ok
1860,2023,61626000,housing,2157.0,,no_population
1861,2023,61627000,housing,50440.0,38973.0,ok
1861,2024,61627000,housing,47461.0,38941.0,ok
1862,2023,61630000,housing,5339.0,27032.0,ok
1863,2023,61634000,housing,205020.0,62396.0,ok
1863,2024,61634000,housing,166276.0,63439.0,ok
1864,2023,61637000,housing,3251.0,9059.0,ok
1864,2024,61637000,housing,1146.0,8943.0,ok
1865,2023,61640000,housing,5314.0,14601.0,ok
1865,2024,61640000,housing,3035.0,14373.0,ok
1868,2023,61646000,housing,28690.0,24474.0,ok
1868,2024,61646000,housing,15479.0,24415.0,ok
1869,2023,61648000,housing,5201.0,15692.0,ok
1869,2024,61648000,housing,5983.0,15533.0,ok
1870,2023,61650000,housing,1825.0,8264.0,ok
1870,2024,61650000,housing,728.0,8122.0,ok
1871,2023,61653000,housing,1273.0,6742.0,ok
1871,2024,61653000,housing,419.0,6634.0,ok
1872,2023,61656000,housing,7997.0,20503.0,ok
1872,2024,61656000,housing,5415.0,20266.0,ok
1873,2023,61658000,housing,12165.0,34695.0,ok
1873,2024,61658000,housing,8635.0,34446.0,ok
1874,2023,36701000,housing,673300.0,1163724.0,ok
1874,2024,36701000,housing,615763.0,1159044.0,ok
1875,2023,36704000,housing,13028.0,52957.0,ok
1875,2024,36704000,housing,16741.0,52171.0,ok
1876,2023,36708000,housing,64415.0,57729.0,ok
1876,2024,36708000,housing,102266.0,57721.0,ok
1877,2023,36713000,housing,23577.0,99247.0,ok
1877,2024,36713000,housing,39812.0,98550.0,ok
1878,2023,36718000,housing,7265.0,20190.0,ok
1878,2024,36718000,housing,6545.0,19887.0,ok
1879,2023,36724000,housing,10453.0,46755.0,ok
1879,2024,36724000,housing,12403.0,46480.0,ok
1880,2023,36727000,housing,6591.0,27913.0,ok
1880,2024,36727000,housing,7264.0,27685.0,ok
1881,2023,36735000,housing,38185.0,164066.0,ok
1881,2024,36735000,housing,47341.0,162372.0,ok
1883,2023,36750000,housing,29850.0,69177.0,ok
1883,2024,36750000,housing,23705.0,68824.0,ok
1884,2023,36602000,housing,967.0,10649.0,ok
1884,2024,36602000,housing,980.0,10499.0,ok
1885,2023,36604000,housing,15249.0,36495.0,ok
1885,2024,36604000,housing,18506.0,35844.0,ok
1886,2023,36606000,housing,4686.0,13077.0,ok
1886,2024,36606000,housing,5218.0,13052.0,ok
1887,2023,36608000,housing,5218.0,18041.0,ok
1887,2024,36608000,housing,7753.0,17856.0,ok
1888,2023,36610000,housing,3367.0,17336.0,ok
1888,2024,36610000,housing,4102.0,17085.0,ok
1889,2023,36612000,housing,6775.0,22484.0,ok
1889,2024,36612000,housing,11290.0,22166.0,ok
1890,2023,36614000,housing,389260.0,127070.0,ok
1890,2024,36614000,housing,357030.0,130495.0,ok
1891,2023,36615000,housing,2954.0,9309.0,ok
1891,2024,36615000,housing,3410.0,9128.0,ok
1892,2023,36616000,housing,1721.0,12390.0,ok
1892,2024,36616000,housing,4355.0,12310.0,ok
1893,2023,36617000,housing,2498.0,10541.0,ok
1893,2024,36617000,housing,1799.0,10431.0,ok
1894,2023,36618000,housing,36222.0,30535.0,ok
1894,2024,36618000,housing,49750.0,30309.0,ok
1895,2023,36620000,housing,14920.0,41008.0,ok
1895,2024,36620000,housing,16806.0,40596.0,ok
1896,2023,36622000,housing,2855.0,14206.0,ok
1896,2024,36622000,housing,2260.0,13967.0,ok
1897,2023,36624000,housing,3892.0,21056.0,ok
1897,2024,36624000,housing,5494.0,20672.0,ok
1898,2023,36626000,housing,5212.0,16013.0,ok
1898,2024,36626000,housing,8284.0,15788.0,ok
1899,2023,36628000,housing,143790.0,56520.0,ok
1899,2024,36628000,housing,189410.0,56124.0,ok
1900,2023,36630000,housing,6531.0,32051.0,ok
1900,2024,36630000,housing,8291.0,31958.0,ok
1901,2023,36632000,housing,2852.0,14590.0,ok
1901,2024,36632000,housing,3257.0,14513.0,ok
1902,2023,36634000,housing,4280.0,25962.0,ok
1902,2024,36634000,housing,8130.0,25635.0,ok
1903,2023,36636000,housing,4825.0,21741.0,ok
1903,2024,36636000,housing,5412.0,21590.0,ok
1904,2023,36638000,housing,24033.0,44027.0,ok
1904,2024,36638000,housing,19490.0,43600.0,ok
1905,2023,36640000,housing,254562.0,84781.0,ok
1905,2024,36640000,housing,286454.0,88162.0,ok
1906,2023,36642000,housing,13507.0,23643.0,ok
1906,2024,36642000,housing,23220.0,23295.0,ok
1907,2023,36644000,housing,3294.0,15910.0,ok
1907,2024,36644000,housing,4291.0,15789.0,ok
1908,2023,36646000,housing,1094.0,14672.0,ok
1908,2024,36646000,housing,3678.0,14451.0,ok
1909,2023,36648000,housing,1342.0,12745.0,ok
1909,2024,36648000,housing,3958.0,12565.0,ok
1910,2023,36650000,housing,8161.0,19443.0,ok
1910,2024,36650000,housing,8808.0,19272.0,ok
1915,2023,63602000,housing,2461.0,14481.0,ok
1915,2024,63602000,housing,1736.0,14280.0,ok
1916,2023,63603000,housing,2673.0,19480.0,ok
1916,2024,63603000,housing,2073.0,19018.0,ok
1917,2023,63604000,housing,6229.0,33991.0,ok
1917,2024,63604000,housing,3868.0,33425.0,ok
1918,2023,63606000,housing,4561.0,25590.0,ok
1918,2024,63606000,housing,3984.0,24991.0,ok
1919,2023,63607000,housing,82400.0,201570.0,ok
1919,2024,63607000,housing,87145.0,200241.0,ok
1920,2023,63608000,housing,20572.0,100539.0,ok
1920,2024,63608000,housing,19795.0,99921.0,ok
1921,2023,63609000,housing,1548.0,9964.0,ok
1921,2024,63609000,housing,981.0,9850.0,ok
1922,2023,63611000,housing,18254.0,81103.0,ok
1922,2024,63611000,housing,19677.0,80407.0,ok
1923,2023,63612000,housing,5458.0,10951.0,ok
1923,2024,63612000,housing,5858.0,10854.0,ok
1924,2023,63613000,housing,819.0,16058.0,ok
1924,2024,63613000,housing,1034.0,15660.0,ok
1925,2023,63614000,housing,1329.0,10078.0,ok
1925,2024,63614000,housing,1073.0,9856.0,ok
1926,2023,63616000,housing,1848.0,16522.0,ok
1926,2024,63616000,housing,1203.0,16296.0,ok
1927,2023,63617000,housing,7358.0,31635.0,ok
1927,2024,63617000,housing,7452.0,30920.0,ok
1928,2023,63619000,housing,2461.0,12481.0,ok
1928,2024,63619000,housing,3215.0,12313.0,ok
1929,2023,63621000,housing,5015.0,27229.0,ok
1929,2024,63621000,housing,3456.0,26679.0,ok
1930,2023,63622000,housing,5911.0,40824.0,ok
1930,2024,63622000,housing,5268.0,40536.0,ok
1931,2023,63623000,housing,2934.0,30757.0,ok
1931,2024,63623000,housing,2565.0,30318.0,ok
1932,2023,63624000,housing,974.0,9070.0,ok
1932,2024,63624000,housing,864.0,8776.0,ok
1933,2023,63625000,housing,2761.0,17441.0,ok
1933,2024,63625000,housing,3572.0,17228.0,ok
1934,2023,63626000,housing,26097.0,57899.0,ok
1934,2024,63626000,housing,34562.0,57354.0,ok
1935,2023,63629000,housing,3793.0,14983.0,ok
1935,2024,63629000,housing,2556.0,14824.0,ok
1936,2023,63630000,housing,3247.0,26669.0,ok
1936,2024,63630000,housing,2641.0,26367.0,ok
1937,2023,63632000,housing,1599.0,14637.0,ok
1937,2024,63632000,housing,1768.0,14262.0,ok
1938,2023,63634000,housing,858.0,11193.0,ok
1938,2024,63634000,housing,1079.0,10960.0,ok
1939,2023,63635000,housing,5003.0,36538.0,ok
1939,2024,63635000,housing,6019.0,36094.0,ok
1940,2023,63636000,housing,794.0,14646.0,ok
1940,2024,63636000,housing,523.0,14503.0,ok
1941,2023,63637000,housing,15841.0,54901.0,ok
1941,2024,63637000,housing,11493.0,54377.0,ok
1942,2023,63639000,housing,3710.0,16490.0,ok
1942,2024,63639000,housing,4179.0,16346.0,ok
1943,2023,63640000,housing,1762.0,12252.0,ok
1943,2024,63640000,housing,1674.0,12117.0,ok
1944,2023,63641000,housing,6970.0,50716.0,ok
1944,2024,63641000,housing,5410.0,50179.0,ok
1945,2023,63642000,housing,2601.0,16177.0,ok
1945,2024,63642000,housing,1591.0,15904.0,ok
1947,2023,63644000,housing,7912.0,24242.0,ok
1947,2024,63644000,housing,3357.0,23861.0,ok
1948,2023,63646000,housing,14727.0,27921.0,ok
1948,2024,63646000,housing,13833.0,27609.0,ok
1949,2023,63647000,housing,1672.0,9644.0,ok
1949,2024,63647000,housing,915.0,9477.0,ok
1950,2023,63648000,housing,1117.0,16781.0,ok
1950,2024,63648000,housing,1027.0,16427.0,ok
1951,2023,63649000,housing,9656.0,20954.0,ok
1951,2024,63649000,housing,8851.0,20628.0,ok
1952,2023,63650000,housing,304034.0,306051.0,ok
1952,2024,63650000,housing,323788.0,304713.0,ok
1954,2023,64704000,housing,14171.0,10043.0,ok
1954,2024,64704000,housing,1949.0,9868.0,ok
1955,2023,64708000,housing,104025.0,20946.0,ok
1955,2024,64708000,housing,44673.0,20975.0,ok
1956,2023,64712000,housing,28755.0,22155.0,ok
1956,2024,64712000,housing,31511.0,22145.0,ok
1957,2023,64716000,housing,26377.0,39913.0,ok
1957,2024,64716000,housing,32882.0,39675.0,ok
1958,2023,64720000,housing,1821.0,6916.0,ok
1958,2024,64720000,housing,3342.0,6956.0,ok
1959,2023,64724000,housing,6188.0,6939.0,ok
1959,2024,64724000,housing,5088.0,6778.0,ok
1960,2023,64728000,housing,6831.0,15122.0,ok
1960,2024,64728000,housing,7341.0,15099.0,ok
1961,2023,64732000,housing,7227.0,11513.0,ok
1961,2024,64732000,housing,8324.0,11222.0,ok
1962,2023,64736000,housing,7771.0,21456.0,ok
1962,2024,64736000,housing,8108.0,21086.0,ok
1963,2023,64740000,housing,12745.0,20472.0,ok
1963,2024,64740000,housing,6036.0,20376.0,ok
1965,2023,64746000,housing,11442.0,11348.0,ok
1965,2024,64746000,housing,8680.0,11238.0,ok
1966,2023,64748000,housing,3769.0,8300.0,ok
1966,2024,64748000,housing,1077.0,8177.0,ok
1967,2023,64750000,housing,18821.0,14437.0,ok
1967,2024,64750000,housing,11874.0,14336.0,ok
1968,2023,64752000,housing,25716.0,16542.0,ok
1968,2024,64752000,housing,7117.0,16020.0,ok
1969,2023,64754000,housing,21384.0,33148.0,ok
1969,2024,64754000,housing,19048.0,32754.0,ok
1970,2023,64756000,housing,9152.0,11487.0,ok
1970,2024,64756000,housing,2908.0,11480.0,ok
1971,2023,65701000,housing,,,missing
1971,2024,65701000,housing,,,missing
1972,2023,65728000,housing,,,missing
1972,2024,65728000,housing,,,missing
1973,2023,65703000,housing,,52575.0,missing
1973,2024,65703000,housing,,52119.0,missing
1974,2023,65730000,housing,,58683.0,missing
1974,2024,65730000,housing,,58293.0,missing
1975,2023,65762000,housing,,9539.0,missing
1975,2024,65762000,housing,,9499.0,missing
1976,2023,65763000,housing,,15084.0,missing
1976,2024,65763000,housing,,15137.0,missing
1977,2023,65731000,housing,,76947.0,missing
1977,2024,65731000,housing,,76770.0,missing
1978,2023,65707000,housing,,43705.0,missing
1978,2024,65707000,housing,,43489.0,missing
1979,2023,65732000,housing,,88206.0,missing
1979,2024,65732000,housing,,90810.0,missing
1980,2023,65757000,housing,,24894.0,missing
1980,2024,65757000,housing,,25139.0,missing
1981,2023,65708000,housing,,42304.0,missing
1981,2024,65708000,housing,,41952.0,missing
1982,2023,65737000,housing,,31833.0,missing
1982,2024,65737000,housing,,31897.0,missing
1983,2023,65738000,housing,,17422.0,missing
1983,2024,65738000,housing,,17176.0,missing
1984,2023,65764000,housing,,3450.0,missing
1984,2024,65764000,housing,,3418.0,missing
1985,2023,65739000,housing,,,missing
1985,2024,65739000,housing,,,missing
1986,2023,65740000,housing,,164614.0,missing
1986,2024,65740000,housing,,163501.0,missing
1987,2023,65741000,housing,,26933.0,missing
1987,2024,65741000,housing,,26765.0,missing
1988,2023,65742000,housing,,27146.0,missing
1988,2024,65742000,housing,,26968.0,missing
1989,2023,65735000,housing,,8587.0,missing
1989,2024,65735000,housing,,8570.0,missing
1990,2023,65743000,housing,,38810.0,missing
1990,2024,65743000,housing,,38418.0,missing
1991,2023,65744000,housing,,23954.0,missing
1991,2024,65744000,housing,,23721.0,missing
1992,2023,65733000,housing,,11037.0,missing
1992,2024,65733000,housing,,10991.0,missing
1993,2023,65745000,housing,,59269.0,missing
1993,2024,65745000,housing,,58850.0,missing
1994,2023,65746000,housing,,22027.0,missing
1994,2024,65746000,housing,,21994.0,missing
1995,2023,65747000,housing,,37806.0,missing
1995,2024,65747000,housing,,37866.0,missing
1996,2023,65748000,housing,,36288.0,missing
1996,2024,65748000,housing,,35844.0,missing
1997,2023,65734000,housing,,8465.0,missing
1997,2024,65734000,housing,,8418.0,missing
1999,2023,65714000,housing,,37238.0,missing
1999,2024,65714000,housing,,37190.0,missing
2000,2023,65751000,housing,,336919.0,missing
2000,2024,65751000,housing,,333179.0,missing
2001,2023,65750000,housing,,16403.0,missing
2001,2024,65750000,housing,,16275.0,missing
2002,2023,65715000,housing,,22272.0,missing
2002,2024,65715000,housing,,21907.0,missing
2004,2023,65753000,housing,,131408.0,missing
2004,2024,65753000,housing,,130039.0,missing
2005,2023,65754000,housing,,60688.0,missing
2005,2024,65754000,housing,,59979.0,missing
2006,2023,65719000,housing,,60758.0,missing
2006,2024,65719000,housing,,60262.0,missing
2007,2023,65736000,housing,,15134.0,missing
2007,2024,65736000,housing,,14941.0,missing
2008,2023,65720000,housing,,45362.0,missing
2008,2024,65720000,housing,,45338.0,missing
2009,2023,65755000,housing,,35375.0,missing
2009,2024,65755000,housing,,35125.0,missing
2010,2023,65756000,housing,,99332.0,missing
2010,2024,65756000,housing,,98415.0,missing
2011,2023,65758000,housing,,46570.0,missing
2011,2024,65758000,housing,,46498.0,missing
2012,2023,65723000,housing,,35940.0,missing
2012,2024,65723000,housing,,35602.0,missing
2015,2023,65771000,housing,,,missing
2015,2024,65771000,housing,,,missing
2017,2023,65704000,housing,,25240.0,missing
2017,2024,65704000,housing,,24973.0,missing
2018,2023,65705000,housing,,13837.0,missing
2018,2024,65705000,housing,,13693.0,missing
2019,2023,65706000,housing,,33553.0,missing
2019,2024,65706000,housing,,33349.0,missing
2021,2023,65709000,housing,,13569.0,missing
2021,2024,65709000,housing,,13374.0,missing
2022,2023,65710000,housing,,2501.0,missing
2022,2024,65710000,housing,,2442.0,missing
2023,2023,65711000,housing,,,missing
2023,2024,65711000,housing,,,missing
2024,2023,65712000,housing,,26455.0,missing
2024,2024,65712000,housing,,26362.0,missing
2025,2023,65713000,housing,,,missing
2025,2024,65713000,housing,,,missing
2027,2023,65759000,housing,,9586.0,missing
2027,2024,65759000,housing,,9456.0,missing
2028,2023,65716000,housing,,18753.0,missing
2028,2024,65716000,housing,,18687.0,missing
2030,2023,65718000,housing,,18624.0,missing
2030,2024,65718000,housing,,18498.0,missing
2031,2023,65721000,housing,,12648.0,missing
2031,2024,65721000,housing,,12459.0,missing
2032,2023,65722000,housing,,64140.0,missing
2032,2024,65722000,housing,,65368.0,missing
2033,2023,65729000,housing,,23157.0,missing
2033,2024,65729000,housing,,23609.0,missing
2034,2023,65724000,housing,,40050.0,missing
2034,2024,65724000,housing,,39733.0,missing
2035,2023,65725000,housing,,17402.0,missing
2035,2024,65725000,housing,,17096.0,missing
2036,2023,65726000,housing,,23877.0,missing
2036,2024,65726000,housing,,23655.0,missing
2037,2023,65727000,housing,,16287.0,missing
2037,2024,65727000,housing,,16263.0,missing
2039,2023,65608000,housing,,14502.0,missing
2039,2024,65608000,housing,,14422.0,missing
2040,2023,65623000,housing,,20495.0,missing
2040,2024,65623000,housing,,20537.0,missing
2041,2023,65639000,housing,,11755.0,missing
2041,2024,65639000,housing,,11664.0,missing
2042,2023,65628000,housing,,37577.0,missing
2042,2024,65628000,housing,,37356.0,missing
2043,2023,65645000,housing,,2756.0,missing
2043,2024,65645000,housing,,2677.0,missing
2044,2023,66701000,housing,198436.0,312896.0,ok
2044,2024,66701000,housing,178321.0,310645.0,ok
2045,2023,66710000,housing,1860.0,24956.0,ok
2045,2024,66710000,housing,1253.0,24684.0,ok
2046,2023,66603000,housing,1768.0,8985.0,ok
2046,2024,66603000,housing,4329.0,8848.0,ok
2047,2023,66605000,housing,30888.0,70668.0,ok
2047,2024,66605000,housing,29341.0,69941.0,ok
2048,2023,66608000,housing,30873.0,40165.0,ok
2048,2024,66608000,housing,21007.0,39257.0,ok
2049,2023,66609000,housing,56.0,3446.0,ok
2049,2024,66609000,housing,1003.0,3397.0,ok
2050,2023,66611000,housing,3479.0,10837.0,ok
2050,2024,66611000,housing,3409.0,10717.0,ok
2051,2023,66614000,housing,5358.0,23997.0,ok
2051,2024,66614000,housing,4513.0,23563.0,ok
2052,2023,66616000,housing,2376.0,13909.0,ok
2052,2024,66616000,housing,1520.0,13641.0,ok
2053,2023,66619000,housing,1014.0,11170.0,ok
2053,2024,66619000,housing,6360.0,10930.0,ok
2054,2023,66621000,housing,1389.0,5172.0,ok
2054,2024,66621000,housing,598.0,5052.0,ok
2055,2023,66623000,housing,3651.0,10709.0,ok
2055,2024,66623000,housing,3216.0,10664.0,ok
2056,2023,66624000,housing,4906.0,10449.0,ok
2056,2024,66624000,housing,3024.0,10187.0,ok
2057,2023,66627000,housing,1091.0,7915.0,ok
2057,2024,66627000,housing,455.0,7769.0,ok
2058,2023,66630000,housing,4288.0,7264.0,ok
2058,2024,66630000,housing,5757.0,7059.0,ok
2059,2023,66633000,housing,5982.0,24591.0,ok
2059,2024,66633000,housing,4661.0,24335.0,ok
2060,2023,66636000,housing,27326.0,60842.0,ok
2060,2024,66636000,housing,19554.0,59934.0,ok
2061,2023,66638000,housing,3585.0,20861.0,ok
2061,2024,66638000,housing,3202.0,20478.0,ok
2062,2023,66641000,housing,10830.0,50411.0,ok
2062,2024,66641000,housing,10200.0,49887.0,ok
2063,2023,66644000,housing,159781.0,60785.0,ok
2063,2024,66644000,housing,162246.0,61413.0,ok
2064,2023,66646000,housing,4775.0,12064.0,ok
2064,2024,66646000,housing,5145.0,11980.0,ok
2065,2023,66648000,housing,4279.0,4250.0,ok
2065,2024,66648000,housing,2041.0,4146.0,ok
2066,2023,66650000,housing,3327.0,6699.0,ok
2066,2024,66650000,housing,2961.0,6524.0,ok
2067,2023,66652000,housing,1750.0,6535.0,ok
2067,2024,66652000,housing,1773.0,6419.0,ok
2068,2023,66654000,housing,2904.0,7916.0,ok
2068,2024,66654000,housing,2228.0,7716.0,ok
2069,2023,66656000,housing,1531.0,8196.0,ok
2069,2024,66656000,housing,580.0,7974.0,ok
2070,2023,66658000,housing,14108.0,47353.0,ok
2070,2024,66658000,housing,16126.0,46827.0,ok
2072,2023,68705000,housing,2030.0,15982.0,ok
2072,2024,68705000,housing,1643.0,15827.0,ok
2073,2023,68710000,housing,9614.0,26309.0,ok
2073,2024,68710000,housing,5163.0,26128.0,ok
2074,2023,68715000,housing,22511.0,89262.0,ok
2074,2024,68715000,housing,14658.0,88785.0,ok
2075,2023,68720000,housing,3857.0,38541.0,ok
2075,2024,68720000,housing,2299.0,38294.0,ok
2076,2023,68725000,housing,20015.0,46961.0,ok
2076,2024,68725000,housing,18539.0,46633.0,ok
2077,2023,68730000,housing,2548.0,23162.0,ok
2077,2024,68730000,housing,2873.0,22986.0,ok
2078,2023,68602000,housing,3688.0,8332.0,ok
2079,2023,68603000,housing,1225.0,9362.0,ok
2080,2023,68604000,housing,7474.0,25142.0,ok
2081,2023,68606000,housing,6836.0,13969.0,ok
2082,2023,68608000,housing,4456.0,17225.0,ok
2085,2023,68614000,housing,2730.0,13553.0,ok
2087,2023,68618000,housing,2140.0,10953.0,ok
2088,2023,68620000,housing,3222.0,15725.0,ok
2089,2023,68622000,housing,7652.0,23980.0,ok
2090,2023,68624000,housing,6695.0,13775.0,ok
2091,2023,68626000,housing,1723.0,10795.0,ok
2093,2023,68630000,housing,1763.0,14175.0,ok
2094,2023,68632000,housing,2110.0,11783.0,ok
2095,2023,68634000,housing,6361.0,24728.0,ok
2096,2023,68636000,housing,2684.0,11234.0,ok
2098,2023,68642000,housing,4522.0,15179.0,ok
2100,2023,68646000,housing,1250.0,9537.0,ok
2101,2023,28701000,housing,245221.0,414756.0,ok
2101,2024,28701000,housing,212821.0,412994.0,ok
2105,2023,28752000,housing,11724.0,21354.0,ok
2105,2024,28752000,housing,19136.0,20992.0,ok
2108,2023,28750000,housing,3302.0,40172.0,ok
2108,2024,28750000,housing,5372.0,39503.0,ok
2109,2023,28751000,housing,3070.0,30006.0,ok
2109,2024,28751000,housing,5150.0,29515.0,ok
2111,2023,28604000,housing,2434.0,31059.0,ok
2113,2023,28608000,housing,3200.0,30649.0,ok
2119,2023,28620000,housing,303685.0,57724.0,ok
2120,2023,28622000,housing,16230.0,19344.0,ok
2124,2023,28630000,housing,117064.0,68978.0,ok
2126,2023,28634000,housing,571.0,12747.0,ok
2142,2023,28655000,housing,2847.0,16439.0,ok
2143,2023,28657000,housing,750.0,8010.0,ok
2144,2023,69701000,housing,195201.0,571983.0,ok
2144,2024,69701000,housing,205097.0,565753.0,ok
2145,2023,69707000,housing,137.0,2634.0,ok
2145,2024,69707000,housing,,2626.0,missing
2146,2023,69710000,housing,629.0,38061.0,ok
2146,2024,69710000,housing,322.0,37478.0,ok
2148,2023,69604000,housing,1985.0,7392.0,ok
2148,2024,69604000,housing,454.0,7233.0,ok
2149,2023,69608000,housing,7630.0,33514.0,ok
2149,2024,69608000,housing,9968.0,33342.0,ok
2150,2023,69612000,housing,261.0,11228.0,ok
2150,2024,69612000,housing,403.0,11191.0,ok
2151,2023,69616000,housing,1728.0,14588.0,ok
2151,2024,69616000,housing,1119.0,14438.0,ok
2152,2023,69620000,housing,1050.0,11065.0,ok
2152,2024,69620000,housing,2187.0,11051.0,ok
2153,2023,69624000,housing,2700.0,17507.0,ok
2153,2024,69624000,housing,3583.0,17438.0,ok
2154,2023,69628000,housing,5580.0,20307.0,ok
2154,2024,69628000,housing,7168.0,20183.0,ok
2155,2023,69632000,housing,7536.0,32570.0,ok
2155,2024,69632000,housing,5718.0,32143.0,ok
2156,2023,69636000,housing,1566.0,12088.0,ok
2156,2024,69636000,housing,2595.0,12022.0,ok
2157,2023,69640000,housing,2050.0,12177.0,ok
2157,2024,69640000,housing,1991.0,12103.0,ok
2158,2023,69644000,housing,5513.0,11443.0,ok
2158,2024,69644000,housing,3465.0,11379.0,ok
2159,2023,69648000,housing,4250.0,16732.0,ok
2159,2024,69648000,housing,2074.0,16471.0,ok
2160,2023,69652000,housing,591.0,6436.0,ok
2160,2024,69652000,housing,1128.0,6463.0,ok
2161,2023,69654000,housing,271612.0,88838.0,ok
2161,2024,69654000,housing,276355.0,89298.0,ok
2162,2023,69656000,housing,972.0,11674.0,ok
2162,2024,69656000,housing,946.0,11633.0,ok
2163,2023,69658000,housing,6018.0,19895.0,ok
2163,2024,69658000,housing,5225.0,19646.0,ok
2164,2023,70701000,housing,681671.0,542516.0,boundary_review
2164,2024,70701000,housing,510667.0,538297.0,boundary_review
2165,2023,70706000,housing,27666.0,70069.0,ok
2165,2024,70706000,housing,18022.0,69514.0,ok
2167,2023,70712000,housing,13078.0,63038.0,ok
2167,2024,70712000,housing,9039.0,62255.0,ok
2168,2023,70714000,housing,12289.0,56838.0,ok
2168,2024,70714000,housing,11887.0,56354.0,ok
2169,2023,70724000,housing,45076.0,130673.0,ok
2169,2024,70724000,housing,49067.0,129639.0,ok
2171,2023,70604000,housing,581.0,9214.0,ok
2171,2024,70604000,housing,576.0,9159.0,ok
2172,2023,70606000,housing,2691.0,18707.0,ok
2172,2024,70606000,housing,3075.0,18494.0,ok
2173,2023,70608000,housing,10651.0,49571.0,ok
2173,2024,70608000,housing,5489.0,49454.0,ok
2174,2023,70612000,housing,26916.0,34066.0,ok
2174,2024,70612000,housing,21924.0,33948.0,ok
2175,2023,70616000,housing,1529.0,13824.0,ok
2175,2024,70616000,housing,2788.0,13746.0,ok
2176,2023,70618000,housing,7111.0,14859.0,ok
2176,2024,70618000,housing,3199.0,14743.0,ok
2177,2023,70622000,housing,141628.0,26703.0,ok
2177,2024,70622000,housing,168568.0,26774.0,ok
2178,2023,70624000,housing,615.0,8249.0,ok
2178,2024,70624000,housing,1461.0,8141.0,ok
2179,2023,70626000,housing,5900.0,38612.0,ok
2179,2024,70626000,housing,7979.0,38587.0,ok
2180,2023,70628000,housing,14447.0,73476.0,ok
2180,2024,70628000,housing,9970.0,73376.0,ok
2181,2023,70630000,housing,2310.0,10690.0,ok
2181,2024,70630000,housing,2438.0,10641.0,ok
2182,2023,70636000,housing,2635.0,11780.0,ok
2182,2024,70636000,housing,1618.0,11804.0,ok
2183,2023,70638000,housing,2692.0,29516.0,ok
2183,2024,70638000,housing,1675.0,29592.0,ok
2184,2023,70640000,housing,12493.0,35043.0,ok
2184,2024,70640000,housing,5191.0,34424.0,ok
2185,2023,70642000,housing,1693.0,11154.0,ok
2185,2024,70642000,housing,1305.0,11101.0,ok
2186,2023,70644000,housing,9788.0,75528.0,ok
2186,2024,70644000,housing,8163.0,75414.0,ok
2187,2023,70646000,housing,2123.0,18375.0,ok
2187,2024,70646000,housing,2789.0,18218.0,ok
2188,2023,70648000,housing,28486.0,103032.0,ok
2188,2024,70648000,housing,36326.0,101699.0,ok
2189,2023,70650000,housing,50612.0,30491.0,ok
2189,2024,70650000,housing,33818.0,30348.0,ok
2190,2023,71701000,housing,1377504.0,855618.0,ok
2190,2024,71701000,housing,1455955.0,861098.0,ok
2191,2023,71703000,housing,28488.0,47461.0,ok
2191,2024,71703000,housing,29786.0,47394.0,ok
2192,2023,71705000,housing,16890.0,67317.0,ok
2192,2024,71705000,housing,33401.0,67329.0,ok
2193,2023,71710000,housing,41047.0,103175.0,ok
2193,2024,71710000,housing,63840.0,102733.0,ok
2194,2023,71715000,housing,17963.0,38882.0,ok
2194,2024,71715000,housing,20422.0,38970.0,ok
2195,2023,71603000,housing,4153.0,18783.0,ok
2195,2024,71603000,housing,3659.0,18641.0,ok
2196,2023,71605000,housing,400.0,9353.0,ok
2196,2024,71605000,housing,1839.0,9306.0,ok
2197,2023,71607000,housing,1664.0,10350.0,ok
2197,2024,71607000,housing,2110.0,10235.0,ok
2198,2023,71610000,housing,1200.0,10877.0,ok
2198,2024,71610000,housing,2047.0,10693.0,ok
2199,2023,71613000,housing,7707.0,17943.0,ok
2199,2024,71613000,housing,7600.0,17835.0,ok
2200,2023,71615000,housing,4245.0,14843.0,ok
2200,2024,71615000,housing,3150.0,14670.0,ok
2202,2023,71624000,housing,14238.0,26041.0,ok
2202,2024,71624000,housing,11870.0,25979.0,ok
2203,2023,71626000,housing,8640.0,28364.0,ok
2203,2024,71626000,housing,10118.0,28178.0,ok
2204,2023,71630000,housing,5432.0,20047.0,ok
2204,2024,71630000,housing,6165.0,19959.0,ok
2205,2023,71632000,housing,41754.0,27046.0,ok
2205,2024,71632000,housing,43190.0,27122.0,ok
2206,2023,71634000,housing,2917.0,18444.0,ok
2206,2024,71634000,housing,3634.0,18399.0,ok
2207,2023,71636000,housing,813.0,10860.0,ok
2207,2024,71636000,housing,1200.0,10763.0,ok
2208,2023,71638000,housing,1921.0,9391.0,ok
2208,2024,71638000,housing,8623.0,9230.0,ok
2210,2023,71644000,housing,853365.0,140102.0,ok
2210,2024,71644000,housing,798930.0,143580.0,ok
2211,2023,71648000,housing,9019.0,18622.0,ok
2211,2024,71648000,housing,7900.0,18683.0,ok
2212,2023,71650000,housing,5572.0,19348.0,ok
2212,2024,71650000,housing,20741.0,19403.0,ok
2213,2023,71653000,housing,1156.0,11138.0,ok
2213,2024,71653000,housing,3605.0,11096.0,ok
2215,2023,71658000,housing,6947.0,23229.0,ok
2215,2024,71658000,housing,18417.0,23139.0,ok
2216,2023,71871000,housing,130781.0,109745.0,ok
2216,2024,71871000,housing,106562.0,111772.0,ok
2217,2023,71883000,housing,29843.0,62494.0,ok
2217,2024,71883000,housing,23098.0,63963.0,ok
2218,2023,71872000,housing,4840.0,43407.0,ok
2218,2024,71872000,housing,6919.0,44157.0,ok
2219,2023,71873000,housing,31081.0,59174.0,ok
2219,2024,71873000,housing,24933.0,59715.0,ok
2220,2023,71874000,housing,97641.0,124989.0,ok
2220,2024,71874000,housing,89767.0,126690.0,ok
2221,2023,71875000,housing,60624.0,287095.0,ok
2221,2024,71875000,housing,39024.0,290535.0,ok
2222,2023,71879000,housing,53375.0,63054.0,ok
2222,2024,71879000,housing,44395.0,63466.0,ok
2223,2023,71884000,housing,2593.0,16201.0,ok
2223,2024,71884000,housing,4918.0,16556.0,ok
2224,2023,71885000,housing,4743.0,40253.0,ok
2224,2024,71885000,housing,3109.0,40530.0,ok
2225,2023,71877000,housing,1133.0,44635.0,ok
2225,2024,71877000,housing,1103.0,45574.0,ok
2226,2023,71876000,housing,192263.0,406938.0,ok
2226,2024,71876000,housing,331070.0,420347.0,ok
2227,2023,71878000,housing,21075.0,41141.0,ok
2227,2024,71878000,housing,16176.0,41356.0,ok
2228,2023,71887000,housing,41059.0,38611.0,ok
2228,2024,71887000,housing,34177.0,39233.0,ok
2229,2023,71811000,housing,7831.0,28798.0,ok
2229,2024,71811000,housing,6739.0,28479.0,ok
2230,2023,71812000,housing,8583.0,22690.0,ok
2230,2024,71812000,housing,4664.0,22821.0,ok
2231,2023,71816000,housing,12056.0,30495.0,ok
2231,2024,71816000,housing,10394.0,30387.0,ok
2232,2023,71818000,housing,62606.0,47014.0,ok
2232,2024,71818000,housing,31053.0,47486.0,ok
2233,2023,71819000,housing,14885.0,38507.0,ok
2233,2024,71819000,housing,12106.0,38693.0,ok
2234,2023,71821000,housing,10680.0,32050.0,ok
2234,2024,71821000,housing,9391.0,32120.0,ok
2235,2023,71824000,housing,37496.0,46585.0,ok
2235,2024,71824000,housing,30965.0,46492.0,ok
2236,2023,71826000,housing,110362.0,127611.0,ok
2236,2024,71826000,housing,125402.0,129992.0,ok
2237,2023,71829000,housing,19725.0,18866.0,ok
2237,2024,71829000,housing,19765.0,19022.0,ok
2238,2023,71951000,housing,28475.0,48693.0,ok
2238,2024,71951000,housing,86091.0,49236.0,ok
2241,2023,71955000,housing,7342.0,29306.0,ok
2241,2024,71955000,housing,6676.0,29581.0,ok
2242,2023,71956000,housing,108407.0,106764.0,ok
2242,2024,71956000,housing,70205.0,106890.0,ok
2243,2023,71958000,housing,16957.0,101235.0,ok
2243,2024,71958000,housing,19572.0,102938.0,ok
2251,2023,73701000,housing,470666.0,634567.0,ok
2251,2024,73701000,housing,432676.0,632771.0,ok
2252,2023,73705000,housing,48011.0,109547.0,ok
2252,2024,73705000,housing,46375.0,108804.0,ok
2253,2023,73715000,housing,9621.0,16857.0,ok
2253,2024,73715000,housing,8293.0,16791.0,ok
2254,2023,73602000,housing,1835.0,7417.0,ok
2254,2024,73602000,housing,1180.0,7275.0,ok
2255,2023,73604000,housing,11662.0,35618.0,ok
2255,2024,73604000,housing,7908.0,34969.0,ok
2256,2023,73607000,housing,7639.0,14559.0,ok
2256,2024,73607000,housing,2475.0,14314.0,ok
2257,2023,73610000,housing,6930.0,26271.0,ok
2257,2024,73610000,housing,5251.0,25875.0,ok
2258,2023,73614000,housing,9768.0,19865.0,ok
2258,2024,73614000,housing,8072.0,19556.0,ok
2259,2023,73616000,housing,7098.0,18158.0,ok
2259,2024,73616000,housing,6457.0,17939.0,ok
2260,2023,73620000,housing,8463.0,20084.0,ok
2260,2024,73620000,housing,4797.0,19862.0,ok
2262,2023,73625000,housing,11579.0,21548.0,ok
2262,2024,73625000,housing,8620.0,21200.0,ok
2264,2023,73629000,housing,16509.0,20134.0,ok
2264,2024,73629000,housing,13549.0,19921.0,ok
2265,2023,73632000,housing,2703.0,11804.0,ok
2265,2024,73632000,housing,1678.0,11582.0,ok
2266,2023,73634000,housing,3860.0,11360.0,ok
2266,2024,73634000,housing,2235.0,11246.0,ok
2267,2023,73636000,housing,10551.0,19311.0,ok
2267,2024,73636000,housing,14095.0,19008.0,ok
2268,2023,73639000,housing,3138.0,9804.0,ok
2268,2024,73639000,housing,1500.0,9545.0,ok
2269,2023,73642000,housing,11757.0,14818.0,ok
2269,2024,73642000,housing,7479.0,14556.0,ok
2270,2023,73644000,housing,6394.0,14721.0,ok
2270,2024,73644000,housing,4919.0,14437.0,ok
2271,2023,73648000,housing,9878.0,15597.0,ok
2271,2024,73648000,housing,6523.0,15507.0,ok
2272,2023,73652000,housing,29843.0,34975.0,ok
2272,2024,73652000,housing,36922.0,34931.0,ok
2274,2023,73656000,housing,75949.0,39311.0,ok
2274,2024,73656000,housing,86899.0,38945.0,ok
2275,2023,75701000,housing,546082.0,1182517.0,ok
2275,2024,75701000,housing,480206.0,1177058.0,ok
2276,2023,75706000,housing,6472.0,25532.0,ok
2276,2024,75706000,housing,6347.0,25205.0,ok
2278,2023,75715000,housing,12852.0,10588.0,ok
2278,2024,75715000,housing,6011.0,10372.0,ok
2279,2023,75728000,housing,99649.0,148292.0,ok
2279,2024,75728000,housing,72595.0,147109.0,ok
2280,2023,75734000,housing,18445.0,37271.0,ok
2280,2024,75734000,housing,20455.0,37146.0,ok
2281,2023,75738000,housing,172140.0,409255.0,ok
2281,2024,75738000,housing,146821.0,408715.0,ok
2282,2023,75742000,housing,78166.0,161093.0,ok
2282,2024,75742000,housing,97372.0,160837.0,ok
2286,2023,75752000,housing,17506.0,69983.0,ok
2286,2024,75752000,housing,16426.0,69845.0,ok
2287,2023,75755000,housing,5534.0,23566.0,ok
2287,2024,75755000,housing,4364.0,23326.0,ok
2288,2023,75758000,housing,21066.0,44671.0,ok
2288,2024,75758000,housing,21258.0,44648.0,ok
2289,2023,75764000,housing,12583.0,37414.0,ok
2289,2024,75764000,housing,13670.0,37265.0,ok
2292,2023,75606000,housing,66187.0,39396.0,ok
2292,2024,75606000,housing,60651.0,39383.0,ok
2293,2023,75609000,housing,20754.0,54979.0,ok
2293,2024,75609000,housing,21498.0,54113.0,ok
2294,2023,75612000,housing,2592.0,23586.0,ok
2294,2024,75612000,housing,1150.0,23380.0,ok
2295,2023,75614000,housing,5542.0,24152.0,ok
2295,2024,75614000,housing,4589.0,24054.0,ok
2296,2023,75617000,housing,9350.0,31736.0,ok
2296,2024,75617000,housing,10429.0,31251.0,ok
2297,2023,75619000,housing,9607.0,47327.0,ok
2297,2024,75619000,housing,6235.0,47326.0,ok
2298,2023,75620000,housing,14130.0,29706.0,ok
2298,2024,75620000,housing,19737.0,29743.0,ok
2299,2023,75623000,housing,8746.0,43633.0,ok
2299,2024,75623000,housing,11275.0,43290.0,ok
2300,2023,75626000,housing,24951.0,29604.0,ok
2300,2024,75626000,housing,20596.0,29118.0,ok
2301,2023,75629000,housing,8184.0,26591.0,ok
2301,2024,75629000,housing,13419.0,26222.0,ok
2302,2023,75632000,housing,2812.0,19751.0,ok
2302,2024,75632000,housing,3712.0,19276.0,ok
2304,2023,75634000,housing,88948.0,49158.0,ok
2304,2024,75634000,housing,102183.0,49996.0,ok
2305,2023,75636000,housing,20839.0,27737.0,ok
2305,2024,75636000,housing,23507.0,27505.0,ok
2307,2023,75642000,housing,6275.0,17105.0,ok
2307,2024,75642000,housing,4782.0,16951.0,ok
2308,2023,75644000,housing,3253.0,13873.0,ok
2308,2024,75644000,housing,2136.0,13666.0,ok
2309,2023,75647000,housing,2628.0,18437.0,ok
2309,2024,75647000,housing,1508.0,18139.0,ok
2310,2023,75648000,housing,14666.0,24387.0,ok
2310,2024,75648000,housing,9674.0,24231.0,ok
2311,2023,75649000,housing,32085.0,74658.0,ok
2311,2024,75649000,housing,16790.0,74031.0,ok
2312,2023,75652000,housing,625072.0,88372.0,ok
2312,2024,75652000,housing,656773.0,93044.0,ok
2314,2023,75655000,housing,12704.0,31033.0,ok
2314,2024,75655000,housing,10769.0,30982.0,ok
2315,2023,75656000,housing,3269.0,21213.0,ok
2315,2024,75656000,housing,2498.0,20981.0,ok
2316,2023,75657000,housing,20417.0,28704.0,ok
2316,2024,75657000,housing,18274.0,28564.0,ok
2317,2023,75659000,housing,1113.0,15412.0,ok
2317,2024,75659000,housing,2423.0,15114.0,ok
2318,2023,78701000,housing,352309.0,570824.0,ok
2318,2024,78701000,housing,350977.0,567443.0,ok
2320,2023,78715000,housing,40141.0,173910.0,ok
2320,2024,78715000,housing,36958.0,171810.0,ok
2321,2023,78603000,housing,3117.0,9264.0,ok
2321,2024,78603000,housing,6567.0,9122.0,ok
2322,2023,78606000,housing,4300.0,11911.0,ok
2322,2024,78606000,housing,6930.0,11831.0,ok
2323,2023,78609000,housing,3882.0,5367.0,ok
2323,2024,78609000,housing,4560.0,5332.0,ok
2324,2023,78612000,housing,12849.0,24165.0,ok
2324,2024,78612000,housing,17022.0,23809.0,ok
2325,2023,78615000,housing,5473.0,20514.0,ok
2325,2024,78615000,housing,8201.0,20497.0,ok
2326,2023,78618000,housing,2128.0,9827.0,ok
2326,2024,78618000,housing,3952.0,9732.0,ok
2327,2023,78621000,housing,8232.0,9153.0,ok
2327,2024,78621000,housing,9541.0,9051.0,ok
2328,2023,78623000,housing,2519.0,11617.0,ok
2328,2024,78623000,housing,3520.0,11435.0,ok
2329,2023,78626000,housing,41544.0,19651.0,ok
2329,2024,78626000,housing,43384.0,19480.0,ok
2330,2023,78629000,housing,1857.0,8484.0,ok
2330,2024,78629000,housing,1788.0,8362.0,ok
2332,2023,78634000,housing,2599.0,10386.0,ok
2332,2024,78634000,housing,4726.0,10190.0,ok
2333,2023,78637000,housing,21276.0,58436.0,ok
2333,2024,78637000,housing,23895.0,57986.0,ok
2334,2023,78640000,housing,37548.0,26515.0,ok
2334,2024,78640000,housing,51206.0,26409.0,ok
2335,2023,78643000,housing,30413.0,52624.0,ok
2335,2024,78643000,housing,25298.0,52373.0,ok
2336,2023,78646000,housing,21614.0,46689.0,ok
2336,2024,78646000,housing,29399.0,46215.0,ok
2337,2023,78650000,housing,301818.0,70406.0,ok
2337,2024,78650000,housing,257016.0,72442.0,ok
2338,2023,99701000,housing,12973.0,68536.0,ok
2338,2024,99701000,housing,19280.0,67788.0,ok
2339,2023,99605000,housing,3631.0,10103.0,ok
2339,2024,99605000,housing,5026.0,9980.0,ok
2340,2023,99610000,housing,85.0,15482.0,ok
2340,2024,99610000,housing,986.0,15325.0,ok
2341,2023,99620000,housing,1380.0,23573.0,ok
2341,2024,99620000,housing,2921.0,23265.0,ok
2342,2023,99625000,housing,151.0,7610.0,ok
2342,2024,99625000,housing,642.0,7462.0,ok
2343,2023,99630000,housing,7480.0,22154.0,ok
2343,2024,99630000,housing,10124.0,21982.0,ok
2344,2023,77701000,housing,3798.0,13368.0,ok
2344,2024,77701000,housing,429.0,13412.0,ok
2345,2023,77715000,housing,131.0,5033.0,ok
2345,2024,77715000,housing,654.0,5197.0,ok
2348,2023,77603000,housing,603.0,8605.0,ok
2348,2024,77603000,housing,1538.0,8790.0,ok
2349,2023,77609000,housing,,7267.0,missing
2349,2024,77609000,housing,928.0,7279.0,ok
2351,2023,40301000,housing,,34026.0,missing
2351,2024,40301000,housing,,33530.0,missing
2352,2023,40302000,housing,542397.0,20655.0,geography_review
2352,2024,40302000,housing,349661.0,20360.0,geography_review
2353,2023,40303000,housing,,24189.0,missing
2353,2024,40303000,housing,13278.0,23945.0,geography_review
2354,2023,40304000,housing,,22414.0,missing
2354,2024,40304000,housing,,22123.0,missing
2355,2023,40305000,housing,,32807.0,missing
2355,2024,40305000,housing,69899.0,32593.0,geography_review
2356,2023,40306000,housing,,21890.0,missing
2356,2024,40306000,housing,,21671.0,missing
2357,2023,40307000,housing,208326.0,36280.0,geography_review
2357,2024,40307000,housing,150526.0,36091.0,geography_review
2358,2023,40308000,housing,67104.0,31585.0,geography_review
2358,2024,40308000,housing,,31425.0,missing
2359,2023,40309000,housing,,41303.0,missing
2359,2024,40309000,housing,12594.0,41047.0,geography_review
2360,2023,40310000,housing,,36263.0,missing
2360,2024,40310000,housing,,36080.0,missing
2361,2023,40311000,housing,,61249.0,missing
2361,2024,40311000,housing,3731.0,60755.0,geography_review
2362,2023,40312000,housing,,6021.0,missing
2362,2024,40312000,housing,,6101.0,missing
2363,2023,40313000,housing,,106155.0,missing
2363,2024,40313000,housing,,111145.0,missing
2364,2023,40314000,housing,99217.0,39131.0,geography_review
2364,2024,40314000,housing,26211.0,39068.0,geography_review
2365,2023,40315000,housing,860.0,90520.0,geography_review
2365,2024,40315000,housing,,89796.0,missing
2366,2023,40316000,housing,,60911.0,missing
2366,2024,40316000,housing,,60378.0,missing
2367,2023,40317000,housing,,61391.0,missing
2367,2024,40317000,housing,,60902.0,missing
2368,2023,40318000,housing,,60618.0,missing
2368,2024,40318000,housing,,60031.0,missing
2369,2023,40319000,housing,,116843.0,missing
2369,2024,40319000,housing,,116146.0,missing
2370,2023,40320000,housing,882.0,6491.0,geography_review
2370,2024,40320000,housing,437.0,6508.0,geography_review
2371,2023,40321000,housing,23338.0,15347.0,geography_review
2371,2024,40321000,housing,16814.0,15567.0,geography_review
2372,2023,40322000,housing,47964.0,190318.0,geography_review
2372,2024,40322000,housing,25203.0,191571.0,geography_review
2374,2023,40324000,housing,80795.0,94158.0,geography_review
2374,2024,40324000,housing,12983.0,94400.0,geography_review
2375,2023,40325000,housing,,91272.0,missing
2375,2024,40325000,housing,,91526.0,missing
2376,2023,40326000,housing,,114257.0,missing
2376,2024,40326000,housing,,115111.0,missing
2377,2023,40327000,housing,30450.0,117578.0,geography_review
2377,2024,40327000,housing,,119292.0,missing
2378,2023,40328000,housing,,68562.0,missing
2378,2024,40328000,housing,,67654.0,missing
2379,2023,40329000,housing,,109911.0,missing
2379,2024,40329000,housing,,108549.0,missing
2380,2023,40330000,housing,,72809.0,missing
2380,2024,40330000,housing,26280.0,72078.0,geography_review
2381,2023,40331000,housing,,77593.0,missing
2381,2024,40331000,housing,,76567.0,missing
2382,2023,40332000,housing,27310.0,81911.0,geography_review
2382,2024,40332000,housing,80761.0,81396.0,geography_review
2383,2023,40333000,housing,1157.0,48582.0,geography_review
2383,2024,40333000,housing,,48022.0,missing
2384,2023,40334000,housing,,77426.0,missing
2384,2024,40334000,housing,68798.0,76479.0,geography_review
2385,2023,40335000,housing,679.0,60608.0,geography_review
2385,2024,40335000,housing,1124.0,59699.0,geography_review
2386,2023,40336000,housing,,77238.0,missing
2386,2024,40336000,housing,,76019.0,missing
2387,2023,40337000,housing,23574.0,71589.0,geography_review
2387,2024,40337000,housing,23123.0,70462.0,geography_review
2388,2023,40338000,housing,,43206.0,missing
2388,2024,40338000,housing,,42639.0,missing
2389,2023,40339000,housing,,33630.0,missing
2389,2024,40339000,housing,,33260.0,missing
2390,2023,40340000,housing,,38921.0,missing
2390,2024,40340000,housing,,38302.0,missing
2391,2023,40341000,housing,,10582.0,missing
2391,2024,40341000,housing,,10430.0,missing
2392,2023,40342000,housing,11927.0,143914.0,geography_review
2392,2024,40342000,housing,6850.0,145875.0,geography_review
2393,2023,40343000,housing,,27313.0,missing
2393,2024,40343000,housing,,27407.0,missing
2395,2023,40345000,housing,,8588.0,missing
2395,2024,40345000,housing,,8552.0,missing
2398,2023,40348000,housing,3338.0,75180.0,geography_review
2398,2024,40348000,housing,4181.0,75419.0,geography_review
2399,2023,40349000,housing,,58140.0,missing
2399,2024,40349000,housing,10277.0,57831.0,geography_review
2400,2023,40350000,housing,,43414.0,missing
2400,2024,40350000,housing,,43157.0,missing
2401,2023,40351000,housing,,128949.0,missing
2401,2024,40351000,housing,,128099.0,missing
2402,2023,40352000,housing,,61288.0,missing
2402,2024,40352000,housing,,60985.0,missing
2403,2023,40353000,housing,,58652.0,missing
2403,2024,40353000,housing,,60306.0,missing
2404,2023,40354000,housing,,59379.0,missing
2404,2024,40354000,housing,,58402.0,missing
2405,2023,40355000,housing,30810.0,128346.0,geography_review
2405,2024,40355000,housing,,128489.0,missing
2406,2023,40356000,housing,,70165.0,missing
2406,2024,40356000,housing,,73238.0,missing
2407,2023,40357000,housing,,51054.0,missing
2407,2024,40357000,housing,,50257.0,missing
2408,2023,40358000,housing,,36169.0,missing
2408,2024,40358000,housing,,35619.0,missing
2409,2023,40359000,housing,,27781.0,missing
2409,2024,40359000,housing,,28519.0,missing
2410,2023,40360000,housing,,44414.0,missing
2410,2024,40360000,housing,,44515.0,missing
2411,2023,40361000,housing,41227.0,15492.0,geography_review
2411,2024,40361000,housing,23074.0,15462.0,geography_review
2412,2023,40362000,housing,23213.0,45697.0,geography_review
2412,2024,40362000,housing,7585.0,45935.0,geography_review
2416,2023,40366000,housing,,9860.0,missing
2416,2024,40366000,housing,,9869.0,missing
2422,2023,40372000,housing,,39088.0,missing
2422,2024,40372000,housing,,38558.0,missing
2423,2023,40373000,housing,14585.0,45138.0,geography_review
2423,2024,40373000,housing,5132.0,44916.0,geography_review
2424,2023,40374000,housing,41567.0,66266.0,geography_review
2424,2024,40374000,housing,,65624.0,missing
2425,2023,40375000,housing,219224.0,84009.0,geography_review
2425,2024,40375000,housing,121538.0,83316.0,geography_review
2426,2023,40376000,housing,38077.0,45863.0,geography_review
2426,2024,40376000,housing,61718.0,45574.0,geography_review
2427,2023,40377000,housing,,93945.0,missing
2427,2024,40377000,housing,30865.0,93726.0,geography_review
2428,2023,40378000,housing,4822.0,27970.0,geography_review
2428,2024,40378000,housing,2335.0,28050.0,geography_review
2429,2023,40379000,housing,,27186.0,missing
2429,2024,40379000,housing,,27157.0,missing
2430,2023,40380000,housing,,56592.0,missing
2430,2024,40380000,housing,,56679.0,missing
2431,2023,40381000,housing,,69959.0,missing
2431,2024,40381000,housing,,70132.0,missing
2432,2023,40382000,housing,60280.0,79305.0,geography_review
2432,2024,40382000,housing,,79762.0,missing
2433,2023,40383000,housing,,67521.0,missing
2433,2024,40383000,housing,,67469.0,missing
2434,2023,40384000,housing,,69327.0,missing
2434,2024,40384000,housing,,69494.0,missing
2435,2023,40385000,housing,,62118.0,missing
2435,2024,40385000,housing,,61924.0,missing
2436,2023,40386000,housing,,87918.0,missing
2436,2024,40386000,housing,13082.0,88163.0,geography_review
2437,2023,40387000,housing,,17775.0,missing
2437,2024,40387000,housing,,18097.0,missing
2439,2023,40389000,housing,268627.0,15514.0,geography_review
2439,2024,40389000,housing,134988.0,15440.0,geography_review
2440,2023,40390000,housing,,16600.0,missing
2440,2024,40390000,housing,,16497.0,missing
2441,2023,40391000,housing,,15861.0,missing
2441,2024,40391000,housing,,15788.0,missing
2442,2023,40392000,housing,9796.0,20667.0,geography_review
2442,2024,40392000,housing,50864.0,20583.0,geography_review
2443,2023,40393000,housing,9542.0,17467.0,geography_review
2443,2024,40393000,housing,,17453.0,missing
2444,2023,40394000,housing,59802.0,29648.0,geography_review
2444,2024,40394000,housing,52446.0,29553.0,geography_review
2445,2023,40395000,housing,55119.0,80701.0,geography_review
2445,2024,40395000,housing,38140.0,80345.0,geography_review
2446,2023,40396000,housing,31004.0,14359.0,geography_review
2446,2024,40396000,housing,30249.0,14268.0,geography_review
2447,2023,40397000,housing,44612.0,108187.0,geography_review
2447,2024,40397000,housing,36170.0,108470.0,geography_review
2449,2023,40901000,housing,70590.0,132978.0,geography_review
2449,2024,40901000,housing,105451.0,138847.0,geography_review
2450,2023,40902000,housing,78680.0,61246.0,geography_review
2450,2024,40902000,housing,67325.0,61193.0,geography_review
2451,2023,40903000,housing,7746.0,67846.0,geography_review
2451,2024,40903000,housing,4142.0,67637.0,geography_review
2452,2023,40904000,housing,,56117.0,missing
2452,2024,40904000,housing,,55958.0,missing
2453,2023,40905000,housing,,92460.0,missing
2453,2024,40905000,housing,,92071.0,missing
2454,2023,40906000,housing,,62309.0,missing
2454,2024,40906000,housing,,62317.0,missing
2455,2023,40907000,housing,,74005.0,missing
2455,2024,40907000,housing,,73743.0,missing
2456,2023,40908000,housing,43001.0,7348.0,geography_review
2456,2024,40908000,housing,,7273.0,missing
2457,2023,40909000,housing,14614.0,9085.0,geography_review
2457,2024,40909000,housing,2363.0,8978.0,geography_review
2458,2023,40910000,housing,207285.0,40151.0,geography_review
2458,2024,40910000,housing,209238.0,39745.0,geography_review
2459,2023,40911000,housing,18380.0,74205.0,geography_review
2459,2024,40911000,housing,106422.0,73451.0,geography_review
2460,2023,40912000,housing,64528.0,19563.0,geography_review
2460,2024,40912000,housing,56247.0,19437.0,geography_review
2461,2023,40913000,housing,31356.0,50302.0,geography_review
2461,2024,40913000,housing,143737.0,49727.0,geography_review
2462,2023,45301000,housing,22349.0,108657.0,geography_review
2462,2024,45301000,housing,5566.0,107571.0,geography_review
2463,2023,45302000,housing,,119927.0,missing
2463,2024,45302000,housing,,119585.0,missing
2464,2023,45303000,housing,,73929.0,missing
2464,2024,45303000,housing,,73857.0,missing
2465,2023,45304000,housing,,12906.0,missing
2465,2024,45304000,housing,,12454.0,missing
2466,2023,45305000,housing,,165243.0,missing
2466,2024,45305000,housing,,164715.0,missing
2467,2023,45306000,housing,,125042.0,missing
2467,2024,45306000,housing,,125062.0,missing
2468,2023,45307000,housing,,107953.0,missing
2468,2024,45307000,housing,,108666.0,missing
2469,2023,45308000,housing,,89113.0,missing
2469,2024,45308000,housing,,89438.0,missing
2470,2023,45309000,housing,,99961.0,missing
2470,2024,45309000,housing,,99348.0,missing
2471,2023,45310000,housing,,106320.0,missing
2471,2024,45310000,housing,,107461.0,missing
2472,2023,45311000,housing,,39623.0,missing
2472,2024,45311000,housing,52225.0,40122.0,geography_review
2473,2023,45312000,housing,,135315.0,missing
2473,2024,45312000,housing,,134308.0,missing
2474,2023,45313000,housing,,84986.0,missing
2474,2024,45313000,housing,,84957.0,missing
2475,2023,45314000,housing,,93183.0,missing
2475,2024,45314000,housing,,92805.0,missing
2476,2023,45315000,housing,,59914.0,missing
2476,2024,45315000,housing,10411.0,60396.0,geography_review
2477,2023,45316000,housing,121866.0,87630.0,geography_review
2477,2024,45316000,housing,46179.0,87933.0,geography_review
2478,2023,45317000,housing,16141.0,26182.0,geography_review
2478,2024,45317000,housing,21010.0,25182.0,geography_review
2479,2023,45318000,housing,,76926.0,missing
2479,2024,45318000,housing,10729.0,75669.0,geography_review
2480,2023,45319000,housing,,82923.0,missing
2480,2024,45319000,housing,,82363.0,missing
2481,2023,45320000,housing,,153316.0,missing
2481,2024,45320000,housing,,151447.0,missing
2482,2023,45321000,housing,,147606.0,missing
2482,2024,45321000,housing,,145961.0,missing
2483,2023,45322000,housing,,123219.0,missing
2483,2024,45322000,housing,,122058.0,missing
2484,2023,45323000,housing,,127680.0,missing
2484,2024,45323000,housing,,126535.0,missing
2485,2023,45324000,housing,,65529.0,missing
2485,2024,45324000,housing,,65316.0,missing
2486,2023,45325000,housing,151186.0,152594.0,geography_review
2486,2024,45325000,housing,144060.0,151931.0,geography_review
2487,2023,45326000,housing,,127304.0,missing
2487,2024,45326000,housing,,126309.0,missing
2488,2023,45327000,housing,,128359.0,missing
2488,2024,45327000,housing,,128029.0,missing
2489,2023,45328000,housing,,113015.0,missing
2489,2024,45328000,housing,,112388.0,missing
2490,2023,45329000,housing,,112246.0,missing
2490,2024,45329000,housing,,111926.0,missing
2491,2023,45330000,housing,,108426.0,missing
2491,2024,45330000,housing,,110660.0,missing
2492,2023,45331000,housing,2544.0,41877.0,geography_review
2492,2024,45331000,housing,1427.0,43049.0,geography_review
2493,2023,45332000,housing,,41586.0,missing
2493,2024,45332000,housing,,42047.0,missing
2494,2023,45333000,housing,39146.0,81964.0,geography_review
2494,2024,45333000,housing,104491.0,81833.0,geography_review
2495,2023,45334000,housing,,42729.0,missing
2495,2024,45334000,housing,,43190.0,missing
2496,2023,45335000,housing,,78556.0,missing
2496,2024,45335000,housing,,79896.0,missing
2497,2023,45336000,housing,57996.0,72033.0,geography_review
2497,2024,45336000,housing,,72173.0,missing
2498,2023,45337000,housing,,101601.0,missing
2498,2024,45337000,housing,,101167.0,missing
2499,2023,45338000,housing,37841.0,104554.0,geography_review
2499,2024,45338000,housing,,106612.0,missing
2500,2023,45339000,housing,,103271.0,missing
2500,2024,45339000,housing,,103496.0,missing
2501,2023,45340000,housing,,85514.0,missing
2501,2024,45340000,housing,23803.0,84743.0,geography_review
2502,2023,45341000,housing,,102809.0,missing
2502,2024,45341000,housing,,103676.0,missing
2503,2023,45342000,housing,,55355.0,missing
2503,2024,45342000,housing,,55420.0,missing
2504,2023,45343000,housing,,12487.0,missing
2504,2024,45343000,housing,,13337.0,missing
2505,2023,45344000,housing,,60070.0,missing
2505,2024,45344000,housing,,60149.0,missing
2506,2023,45345000,housing,,58000.0,missing
2506,2024,45345000,housing,,57677.0,missing
2507,2023,45346000,housing,,81940.0,missing
2507,2024,45346000,housing,,82774.0,missing
2508,2023,45347000,housing,,93029.0,missing
2508,2024,45347000,housing,,96233.0,missing
2509,2023,45348000,housing,127399.0,74927.0,geography_review
2509,2024,45348000,housing,58700.0,75533.0,geography_review
2510,2023,45349000,housing,48918.0,78502.0,geography_review
2510,2024,45349000,housing,2273.0,77681.0,geography_review
2511,2023,45350000,housing,,55753.0,missing
2511,2024,45350000,housing,,55741.0,missing
2512,2023,45351000,housing,,68075.0,missing
2512,2024,45351000,housing,,88627.0,missing
2513,2023,45352000,housing,,159344.0,missing
2513,2024,45352000,housing,,158797.0,missing
2514,2023,45353000,housing,,72472.0,missing
2514,2024,45353000,housing,,71703.0,missing
2515,2023,45354000,housing,,84811.0,missing
2515,2024,45354000,housing,54853.0,84105.0,geography_review
2516,2023,45355000,housing,,82683.0,missing
2516,2024,45355000,housing,,83136.0,missing
2517,2023,45356000,housing,,36566.0,missing
2517,2024,45356000,housing,,36742.0,missing
2518,2023,45357000,housing,6919.0,63095.0,geography_review
2518,2024,45357000,housing,,62191.0,missing
2519,2023,45358000,housing,41731.0,65296.0,geography_review
2519,2024,45358000,housing,81307.0,64840.0,geography_review
2520,2023,45359000,housing,22003.0,187728.0,geography_review
2520,2024,45359000,housing,42042.0,187737.0,geography_review
2521,2023,45360000,housing,,52059.0,missing
2521,2024,45360000,housing,,52115.0,missing
2522,2023,45361000,housing,,60984.0,missing
2522,2024,45361000,housing,,60013.0,missing
2523,2023,45362000,housing,,,missing
2523,2024,45362000,housing,,,missing
2524,2023,45363000,housing,,,missing
2524,2024,45363000,housing,,,missing
2525,2023,45364000,housing,,86996.0,missing
2525,2024,45364000,housing,,88150.0,missing
2526,2023,45365000,housing,,99656.0,missing
2526,2024,45365000,housing,,98861.0,missing
2527,2023,45366000,housing,12089.0,32326.0,geography_review
2527,2024,45366000,housing,3023.0,33298.0,geography_review
2528,2023,45367000,housing,,197840.0,missing
2528,2024,45367000,housing,,198194.0,missing
2529,2023,45368000,housing,25503.0,66564.0,geography_review
2529,2024,45368000,housing,117203.0,67364.0,geography_review
2530,2023,45369000,housing,,171805.0,missing
2530,2024,45369000,housing,,172055.0,missing
2531,2023,45370000,housing,,161980.0,missing
2531,2024,45370000,housing,,163074.0,missing
2532,2023,45371000,housing,96300.0,181520.0,geography_review
2532,2024,45371000,housing,48128.0,182497.0,geography_review
2533,2023,45372000,housing,,109248.0,missing
2533,2024,45372000,housing,,110486.0,missing
2534,2023,45373000,housing,59607.0,111492.0,geography_review
2534,2024,45373000,housing,40285.0,112628.0,geography_review
2535,2023,45374000,housing,112954.0,35962.0,geography_review
2535,2024,45374000,housing,108668.0,36246.0,geography_review
2536,2023,45375000,housing,,109051.0,missing
2536,2024,45375000,housing,204498.0,111289.0,geography_review
2537,2023,45376000,housing,130245.0,54521.0,geography_review
2537,2024,45376000,housing,130958.0,55293.0,geography_review
2538,2023,45377000,housing,,36840.0,missing
2538,2024,45377000,housing,,36947.0,missing
2539,2023,45378000,housing,155302.0,45691.0,geography_review
2539,2024,45378000,housing,66919.0,45851.0,geography_review
2540,2023,45379000,housing,62546.0,56620.0,geography_review
2540,2024,45379000,housing,68738.0,55635.0,geography_review
2541,2023,45380000,housing,2140496.0,126433.0,geography_review
2541,2024,45380000,housing,1303963.0,127506.0,geography_review
2542,2023,45381000,housing,16589.0,135106.0,geography_review
2542,2024,45381000,housing,,134759.0,missing
2543,2023,45382000,housing,1385566.0,75593.0,geography_review
2543,2024,45382000,housing,1300997.0,75735.0,geography_review
2544,2023,45383000,housing,34865.0,105275.0,geography_review
2544,2024,45383000,housing,96531.0,105094.0,geography_review
2545,2023,45384000,housing,103452.0,27481.0,geography_review
2545,2024,45384000,housing,187667.0,27022.0,geography_review
2546,2023,45385000,housing,718.0,241783.0,geography_review
2546,2024,45385000,housing,254.0,241326.0,geography_review
2547,2023,45386000,housing,,32717.0,missing
2547,2024,45386000,housing,,32161.0,missing
2548,2023,45387000,housing,,140670.0,missing
2548,2024,45387000,housing,,139880.0,missing
2549,2023,45388000,housing,183833.0,106078.0,geography_review
2549,2024,45388000,housing,62172.0,109711.0,geography_review
2550,2023,45389000,housing,,181447.0,missing
2550,2024,45389000,housing,,184071.0,missing
2551,2023,45390000,housing,,271915.0,missing
2551,2024,45390000,housing,99214.0,272278.0,geography_review
2552,2023,45391000,housing,,108388.0,missing
2552,2024,45391000,housing,,112860.0,missing
2553,2023,45392000,housing,,49563.0,missing
2553,2024,45392000,housing,36173.0,50637.0,geography_review
2554,2023,45393000,housing,,90252.0,missing
2554,2024,45393000,housing,,89544.0,missing
2555,2023,45394000,housing,,107857.0,missing
2555,2024,45394000,housing,,108657.0,missing
2556,2023,45395000,housing,,102752.0,missing
2556,2024,45395000,housing,,101550.0,missing
2557,2023,45396000,housing,,72414.0,missing
2557,2024,45396000,housing,,73112.0,missing
2558,2023,45397000,housing,31240.0,113198.0,geography_review
2558,2024,45397000,housing,5299.0,114228.0,geography_review
2559,2023,45398000,housing,,80987.0,missing
2559,2024,45398000,housing,22528.0,80493.0,geography_review
2560,2023,45901000,housing,,124527.0,missing
2560,2024,45901000,housing,,123288.0,missing
2561,2023,45902000,housing,,151790.0,missing
2561,2024,45902000,housing,,152544.0,missing
2562,2023,45903000,housing,,64976.0,missing
2562,2024,45903000,housing,,65708.0,missing
2563,2023,45904000,housing,,87923.0,missing
2563,2024,45904000,housing,,87044.0,missing
2564,2023,45905000,housing,105709.0,87447.0,geography_review
2564,2024,45905000,housing,,87258.0,missing
2565,2023,45906000,housing,,97658.0,missing
2565,2024,45906000,housing,,97516.0,missing
2566,2023,45907000,housing,,132338.0,missing
2566,2024,45907000,housing,,131899.0,missing
2567,2023,45908000,housing,14293.0,107799.0,geography_review
2567,2024,45908000,housing,,107951.0,missing
2568,2023,45909000,housing,44885.0,208783.0,geography_review
2568,2024,45909000,housing,,211116.0,missing
2569,2023,45910000,housing,,175253.0,missing
2569,2024,45910000,housing,,176505.0,missing
2570,2023,45911000,housing,,157292.0,missing
2570,2024,45911000,housing,,156160.0,missing
2571,2023,45912000,housing,,86038.0,missing
2571,2024,45912000,housing,,85308.0,missing
2572,2023,45913000,housing,,102572.0,missing
2572,2024,45913000,housing,,101271.0,missing
2573,2023,45914000,housing,274816.0,105140.0,geography_review
2573,2024,45914000,housing,81803.0,104272.0,geography_review
2574,2023,45915000,housing,,51967.0,missing
2574,2024,45915000,housing,,51291.0,missing
2575,2023,45916000,housing,,133651.0,missing
2575,2024,45916000,housing,,133658.0,missing
2576,2023,45917000,housing,,88095.0,missing
2576,2024,45917000,housing,,86969.0,missing
2577,2023,45918000,housing,,83658.0,missing
2577,2024,45918000,housing,,83390.0,missing
2578,2023,45919000,housing,93254.0,120618.0,geography_review
2578,2024,45919000,housing,,120779.0,missing
2579,2023,45920000,housing,,77938.0,missing
2579,2024,45920000,housing,,77073.0,missing
2580,2023,45921000,housing,,126387.0,missing
2580,2024,45921000,housing,,124886.0,missing
2581,2023,45922000,housing,,148059.0,missing
2581,2024,45922000,housing,,146959.0,missing
2582,2023,45923000,housing,,120748.0,missing
2582,2024,45923000,housing,,119021.0,missing
2583,2023,45924000,housing,,110895.0,missing
2583,2024,45924000,housing,,109640.0,missing
2584,2023,45925000,housing,,113208.0,missing
2584,2024,45925000,housing,71685.0,111983.0,geography_review
2585,2023,45926000,housing,,158304.0,missing
2585,2024,45926000,housing,,156092.0,missing
2586,2023,45927000,housing,,33776.0,missing
2586,2024,45927000,housing,,37824.0,missing
2587,2023,45931000,housing,38065.0,71089.0,geography_review
2587,2024,45931000,housing,8340.0,71615.0,geography_review
2588,2023,45932000,housing,,64132.0,missing
2588,2024,45932000,housing,,62771.0,missing
2589,2023,45941000,housing,333442.0,63312.0,geography_review
2589,2024,45941000,housing,277352.0,64390.0,geography_review
2590,2023,45942000,housing,,20317.0,missing
2590,2024,45942000,housing,,19919.0,missing
2591,2023,45943000,housing,435677.0,14592.0,geography_review
2591,2024,45943000,housing,342642.0,14565.0,geography_review
2592,2023,45944000,housing,,45606.0,missing
2592,2024,45944000,housing,205887.0,47195.0,geography_review
2593,2023,45945000,housing,,12072.0,missing
2593,2024,45945000,housing,,12040.0,missing
2595,2023,45947000,housing,,21818.0,missing
2595,2024,45947000,housing,,21756.0,missing
2596,2023,45948000,housing,,12896.0,missing
2596,2024,45948000,housing,,13029.0,missing
2597,2023,45949000,housing,,15692.0,missing
2597,2024,45949000,housing,,16230.0,missing
2598,2023,45951000,housing,,9287.0,missing
2598,2024,45951000,housing,,9107.0,missing
2599,2023,45952000,housing,47112.0,111718.0,geography_review
2599,2024,45952000,housing,140472.0,114244.0,geography_review
2600,2023,45953000,housing,,22029.0,missing
2600,2024,45953000,housing,,21590.0,missing
2601,2023,45954000,housing,,21725.0,missing
2601,2024,45954000,housing,,23187.0,missing
2602,2023,45955000,housing,,24782.0,missing
2602,2024,45955000,housing,29759.0,27069.0,geography_review
2604,2023,45957000,housing,260012.0,32215.0,geography_review
2604,2024,45957000,housing,255993.0,33033.0,geography_review
2605,2023,45958000,housing,387203.0,115545.0,geography_review
2605,2024,45958000,housing,462535.0,122303.0,geography_review
2606,2023,45959000,housing,,16237.0,missing
2606,2024,45959000,housing,,17811.0,missing
2607,2023,45961000,housing,,13350.0,missing
2607,2024,45961000,housing,,13360.0,missing
2618,2023,34714000,housing,1712.0,15431.0,boundary_review
2619,2023,78705000,housing,60227.0,54862.0,boundary_review
2619,2024,78705000,housing,68760.0,54039.0,boundary_review
2620,2023,57730000,housing,65440.0,100732.0,boundary_review
2620,2024,57730000,housing,43227.0,99951.0,boundary_review
2621,2023,57708000,housing,135383.0,148978.0,boundary_review
2621,2024,57708000,housing,58166.0,147365.0,boundary_review
1492,2023,46737000,housing,186398.0,148369.0,ok
1492,2024,46737000,housing,197431.0,148545.0,ok
1491,2023,46715000,housing,521849.0,164318.0,ok
1491,2024,46715000,housing,514934.0,163081.0,ok
1504,2023,46778000,housing,57095.0,64223.0,ok
1504,2024,46778000,housing,62588.0,64165.0,ok
1496,2023,46751000,housing,304895.0,218485.0,boundary_review
1496,2024,46751000,housing,298656.0,220062.0,boundary_review
2121,2023,28758000,housing,5115.0,22975.0,ok
2121,2024,28758000,housing,15018.0,22713.0,ok
2131,2023,28759000,housing,2377.0,23173.0,ok
2131,2024,28759000,housing,5774.0,22742.0,ok
1184,2023,27705000,housing,20088.0,29090.0,ok
1184,2024,27705000,housing,17957.0,29289.0,ok
1190,2023,27734000,housing,44340.0,20746.0,ok
1190,2024,27734000,housing,37763.0,21165.0,ok
745,2023,57719000,housing,298.0,17530.0,boundary_review
745,2024,57719000,housing,409.0,17213.0,boundary_review
748,2023,57720000,housing,75525.0,67055.0,boundary_review
748,2024,57720000,housing,68261.0,66475.0,boundary_review
755,2023,57729000,housing,7588.0,14240.0,boundary_review
755,2024,57729000,housing,5730.0,14030.0,boundary_review
739,2023,57714000,housing,8321.0,22067.0,boundary_review
739,2024,57714000,housing,4455.0,21697.0,boundary_review
763,2023,57735000,housing,48926.0,94467.0,ok
763,2024,57735000,housing,53965.0,93785.0,ok
2644,2023,46770000,housing,189470.0,181197.0,boundary_review
2644,2024,46770000,housing,174286.0,181687.0,boundary_review
1495,2023,46745000,housing,137877.0,92519.0,ok
1495,2024,46745000,housing,140641.0,92529.0,ok
2646,2023,29715000,housing,100566.0,129584.0,boundary_review
2646,2024,29715000,housing,106892.0,132477.0,boundary_review
2647,2023,29606000,housing,158955.0,,no_population
2647,2024,29606000,housing,160858.0,,no_population
2648,2023,46742000,housing,35213.0,70669.0,boundary_review
2648,2024,46742000,housing,28686.0,72040.0,boundary_review
2651,2023,46755000,housing,1059483.0,480869.0,boundary_review
2651,2024,46755000,housing,939172.0,482184.0,boundary_review
2652,2023,46757000,housing,115928.0,241038.0,boundary_review
2652,2024,46757000,housing,129298.0,240323.0,boundary_review
1501,2023,46728000,housing,224119.0,209616.0,ok
1501,2024,46728000,housing,215124.0,207827.0,ok
1490,2023,46710000,housing,152452.0,160613.0,ok
1490,2024,46710000,housing,163000.0,160755.0,ok
1500,2023,46768000,housing,819512.0,334391.0,boundary_review
1500,2024,46768000,housing,686735.0,338109.0,boundary_review
1489,2023,46708000,housing,100772.0,65122.0,ok
1489,2024,46708000,housing,127601.0,64721.0,ok
1494,2023,46752000,housing,17216.0,21919.0,ok
1494,2024,46752000,housing,14851.0,21886.0,ok
2114,2023,28510000,housing,2528.0,9715.0,ok
2114,2024,28510000,housing,955.0,9486.0,ok
2110,2023,28502000,housing,313.0,10059.0,ok
2110,2024,28502000,housing,1915.0,9731.0,ok
747,2023,57760000,housing,2029.0,17604.0,boundary_review
747,2024,57760000,housing,1778.0,17217.0,boundary_review
738,2023,57712000,housing,13336.0,39102.0,boundary_review
738,2024,57712000,housing,10537.0,38931.0,boundary_review
754,2023,57728000,housing,20139.0,26446.0,boundary_review
754,2024,57728000,housing,15283.0,26196.0,boundary_review
766,2023,57757000,housing,33464.0,50585.0,boundary_review
766,2024,57757000,housing,33166.0,50392.0,boundary_review
760,2023,57731000,housing,10941.0,18289.0,boundary_review
760,2024,57731000,housing,9788.0,18094.0,boundary_review
741,2023,57718000,housing,64690.0,47852.0,boundary_review
741,2024,57718000,housing,59733.0,47730.0,boundary_review
743,2023,57759000,housing,10013.0,17327.0,boundary_review
743,2024,57759000,housing,9637.0,17130.0,boundary_review
752,2023,57761000,housing,8409.0,24270.0,boundary_review
752,2024,57761000,housing,6486.0,23944.0,boundary_review
756,2023,57762000,housing,10092.0,22456.0,boundary_review
756,2024,57762000,housing,10478.0,22301.0,boundary_review
765,2023,57756000,housing,4385.0,15097.0,boundary_review
765,2024,57756000,housing,3313.0,14730.0,boundary_review
767,2023,57758000,housing,19299.0,64392.0,boundary_review
767,2024,57758000,housing,24172.0,63686.0,boundary_review
751,2023,57727000,housing,18265.0,38404.0,boundary_review
751,2024,57727000,housing,15200.0,37780.0,boundary_review
734,2023,57502000,housing,6288.0,22972.0,ok
734,2024,57502000,housing,8612.0,22642.0,ok
736,2023,57506000,housing,3341.0,13692.0,ok
736,2024,57506000,housing,3683.0,13486.0,ok
753,2023,57538000,housing,5773.0,14149.0,ok
753,2024,57538000,housing,4492.0,13958.0,ok
769,2023,57513000,housing,2378.0,11876.0,ok
769,2024,57513000,housing,3097.0,11679.0,ok
771,2023,57526000,housing,6072.0,9469.0,ok
771,2024,57526000,housing,3691.0,9259.0,ok
773,2023,57559000,housing,4852.0,8631.0,ok
773,2024,57559000,housing,4205.0,8439.0,ok
774,2023,57560000,housing,7281.0,16457.0,ok
774,2024,57560000,housing,5474.0,16182.0,ok
761,2023,57552000,housing,3203.0,9885.0,ok
761,2024,57552000,housing,3066.0,9728.0,ok
770,2023,57525000,housing,1652.0,5685.0,ok
770,2024,57525000,housing,1818.0,5543.0,ok
1550,2023,22719000,housing,4401.0,13643.0,ok
1550,2024,22719000,housing,4248.0,13399.0,ok
2201,2023,71702000,housing,6833.0,23429.0,boundary_review
2201,2024,71702000,housing,15447.0,23386.0,boundary_review
713,2023,04545000,housing,1348.0,5857.0,boundary_review
713,2024,04545000,housing,1123.0,5747.0,boundary_review
1242,2023,32504000,housing,2322.0,9939.0,ok
1242,2024,32504000,housing,1488.0,9689.0,ok
1243,2023,32507000,housing,107584.0,45809.0,ok
1243,2024,32507000,housing,124286.0,45263.0,ok
1244,2023,32510000,housing,7196.0,21743.0,ok
1244,2024,32510000,housing,7525.0,21713.0,ok
1249,2023,32525000,housing,11752.0,45666.0,ok
1249,2024,32525000,housing,7635.0,45477.0,ok
1252,2023,32531000,housing,11909.0,40738.0,ok
1252,2024,32531000,housing,13446.0,40525.0,ok
1253,2023,32534000,housing,11368.0,18850.0,ok
1253,2024,32534000,housing,6304.0,18381.0,ok
1254,2023,32537000,housing,2427.0,13270.0,ok
1254,2024,32537000,housing,2807.0,12997.0,ok
1256,2023,32543000,housing,3053.0,15662.0,ok
1256,2024,32543000,housing,5041.0,15502.0,ok
1257,2023,32546000,housing,10051.0,26287.0,ok
1257,2024,32546000,housing,6351.0,26089.0,ok
1241,2023,32502000,housing,9097.0,36708.0,ok
1241,2024,32502000,housing,9173.0,36402.0,ok
787,2023,05502000,housing,3484.0,12391.0,ok
787,2024,05502000,housing,3250.0,12237.0,ok
798,2023,05532000,housing,2149.0,18359.0,ok
798,2024,05532000,housing,2939.0,18096.0,ok
806,2023,05555000,housing,5793.0,21421.0,ok
806,2024,05555000,housing,5451.0,21090.0,ok
2132,2023,28544000,housing,1039.0,11529.0,ok
2132,2024,28544000,housing,1815.0,11371.0,ok
2649,2023,46788000,housing,402092.0,217794.0,boundary_review
2649,2024,46788000,housing,418110.0,218279.0,boundary_review
2710,2023,28714000,housing,7297.0,65168.0,boundary_review
2710,2024,28714000,housing,11878.0,63833.0,boundary_review
2373,2023,40323000,housing,824858.0,69822.0,geography_review
2373,2024,40323000,housing,460311.0,70100.0,geography_review
1912,2023,63746000,housing,1065.0,4958.0,ok
1912,2024,63746000,housing,268.0,4872.0,ok
1493,2023,46707000,housing,943982.0,309204.0,boundary_review
1493,2024,46707000,housing,1149498.0,327211.0,boundary_review
2127,2023,28536000,housing,432.0,3914.0,ok
2127,2024,28536000,housing,1307.0,3827.0,ok
2117,2023,28516000,housing,2112.0,12137.0,ok
2117,2024,28516000,housing,4587.0,11945.0,ok
2133,2023,28546000,housing,2765.0,5136.0,ok
2133,2024,28546000,housing,2520.0,5051.0,ok
2136,2023,28549000,housing,327.0,4892.0,ok
2136,2024,28549000,housing,115.0,4788.0,ok
2125,2023,28532000,housing,1269.0,8654.0,ok
2125,2024,28532000,housing,1334.0,8508.0,ok
2137,2023,28550000,housing,3703.0,10050.0,ok
2137,2024,28550000,housing,4119.0,9920.0,ok
899,2023,11511000,housing,9301.0,8759.0,ok
899,2024,11511000,housing,2412.0,8586.0,ok
901,2023,11518000,housing,3160.0,14796.0,ok
901,2024,11518000,housing,2996.0,14660.0,ok
1185,2023,27506000,housing,15396.0,29256.0,ok
1185,2024,27506000,housing,14617.0,28931.0,ok
1186,2023,27507000,housing,315086.0,107412.0,ok
1186,2024,27507000,housing,366077.0,110395.0,ok
1188,2023,27510000,housing,202776.0,39203.0,ok
1188,2024,27510000,housing,175736.0,39588.0,ok
1189,2023,27513000,housing,633.0,11016.0,ok
1189,2024,27513000,housing,2242.0,10823.0,ok
1191,2023,27514000,housing,1241.0,15439.0,ok
1191,2024,27514000,housing,783.0,15267.0,ok
1192,2023,27515000,housing,1802.0,11791.0,ok
1192,2024,27515000,housing,3573.0,11632.0,ok
1193,2023,27516000,housing,1855.0,12673.0,ok
1193,2024,27516000,housing,961.0,12553.0,ok
1194,2023,27518000,housing,6271.0,17147.0,ok
1194,2024,27518000,housing,5059.0,17007.0,ok
1195,2023,27519000,housing,2974.0,18197.0,ok
1195,2024,27519000,housing,3246.0,18045.0,ok
1196,2023,27527000,housing,2377.0,15765.0,ok
1196,2024,27527000,housing,1840.0,15573.0,ok
1197,2023,27539000,housing,10406.0,45874.0,ok
1197,2024,27539000,housing,9033.0,45312.0,ok
1521,2023,47515000,housing,406.0,30591.0,ok
1521,2024,47515000,housing,1419.0,29632.0,ok
1512,2023,47517000,housing,221.0,16762.0,ok
1512,2024,47517000,housing,393.0,16803.0,ok
1507,2023,47519000,housing,2146.0,,no_population
1507,2024,47519000,housing,812.0,,no_population
1508,2023,47522000,housing,,,missing
1508,2024,47522000,housing,1035.0,,no_population
1509,2023,47524000,housing,4343.0,,no_population
1509,2024,47524000,housing,3596.0,,no_population
1510,2023,47526000,housing,303.0,,no_population
1510,2024,47526000,housing,417.0,,no_population
1511,2023,47528000,housing,2435.0,,no_population
1511,2024,47528000,housing,2376.0,,no_population
1593,2023,49545000,housing,5319.0,13321.0,ok
1593,2024,49545000,housing,4962.0,13129.0,ok
1584,2023,49523000,housing,514.0,3260.0,ok
1584,2024,49523000,housing,774.0,3202.0,ok
1579,2023,49510000,housing,344.0,4116.0,ok
1579,2024,49510000,housing,511.0,4071.0,ok
1591,2023,49538000,housing,3924.0,,no_population
1591,2024,49538000,housing,1877.0,,no_population
826,2023,07502000,housing,4317.0,46441.0,ok
826,2024,07502000,housing,5956.0,46217.0,ok
827,2023,07503000,housing,1749.0,33526.0,ok
827,2024,07503000,housing,3154.0,33305.0,ok
828,2023,07505000,housing,1781.0,29621.0,ok
828,2024,07505000,housing,5135.0,29279.0,ok
829,2023,07507000,housing,1426.0,22874.0,ok
829,2024,07507000,housing,2519.0,22666.0,ok
830,2023,07512000,housing,21096.0,107390.0,boundary_review
830,2024,07512000,housing,19667.0,106466.0,boundary_review
831,2023,07517000,housing,4576.0,37986.0,ok
831,2024,07517000,housing,9092.0,37958.0,ok
832,2023,07528000,housing,23540.0,78120.0,ok
832,2024,07528000,housing,28071.0,77707.0,ok
834,2023,07533000,housing,11993.0,52548.0,ok
834,2024,07533000,housing,12116.0,52260.0,ok
835,2023,07536000,housing,4530.0,34905.0,ok
835,2024,07536000,housing,7568.0,34715.0,ok
836,2023,07544000,housing,2688.0,24624.0,ok
836,2024,07544000,housing,4069.0,24490.0,ok
838,2023,07552000,housing,2364.0,20544.0,ok
838,2024,07552000,housing,3633.0,20369.0,ok
839,2023,07554000,housing,3790.0,32451.0,ok
839,2024,07554000,housing,6237.0,32211.0,ok
840,2023,07556000,housing,3404.0,22217.0,ok
840,2024,07556000,housing,4800.0,22025.0,ok
841,2023,07558000,housing,346409.0,166092.0,ok
841,2024,07558000,housing,343535.0,165229.0,ok
735,2023,57503000,housing,29607.0,26401.0,ok
735,2024,57503000,housing,21880.0,26262.0,ok
742,2023,57518000,housing,4953.0,8718.0,ok
742,2024,57518000,housing,2058.0,8527.0,ok
746,2023,57524000,housing,3111.0,11074.0,ok
746,2024,57524000,housing,3554.0,10872.0,ok
764,2023,57555000,housing,4776.0,11958.0,ok
764,2024,57555000,housing,4077.0,11783.0,ok
749,2023,57529000,housing,12887.0,23317.0,ok
749,2024,57529000,housing,8823.0,22949.0,ok
758,2023,57548000,housing,5239.0,12059.0,ok
758,2024,57548000,housing,5042.0,11869.0,ok
744,2023,57522000,housing,9215.0,20192.0,ok
744,2024,57522000,housing,7017.0,19967.0,ok
1264,2023,33502000,housing,524.0,4416.0,ok
1264,2024,33502000,housing,778.0,4257.0,ok
1273,2023,33516000,housing,524.0,6535.0,ok
1273,2024,33516000,housing,579.0,6384.0,ok
1292,2023,33534000,housing,391.0,5890.0,ok
1292,2024,33534000,housing,562.0,5744.0,ok
1299,2023,33543000,housing,618.0,7380.0,ok
1299,2024,33543000,housing,498.0,7168.0,ok
1267,2023,33506000,housing,245.0,3274.0,ok
1267,2024,33506000,housing,62.0,3151.0,ok
1291,2023,33533000,housing,1097.0,7035.0,ok
1291,2024,33533000,housing,1255.0,6900.0,ok
1572,2023,22554000,housing,6047.0,28080.0,ok
1572,2024,22554000,housing,4127.0,27897.0,ok
1539,2023,22505000,housing,41974.0,72780.0,ok
1539,2024,22505000,housing,44939.0,72219.0,ok
1540,2023,22507000,housing,161225.0,58362.0,ok
1540,2024,22507000,housing,191663.0,57639.0,ok
1543,2023,22512000,housing,3785.0,12996.0,ok
1543,2024,22512000,housing,4823.0,12910.0,ok
1544,2023,22514000,housing,8444.0,13408.0,ok
1544,2024,22514000,housing,6104.0,13290.0,ok
1557,2023,22534000,housing,6890.0,17245.0,ok
1557,2024,22534000,housing,6622.0,17091.0,ok
1562,2023,22540000,housing,8810.0,34467.0,ok
1562,2024,22540000,housing,9418.0,34099.0,ok
1563,2023,22542000,housing,28592.0,92555.0,ok
1563,2024,22542000,housing,37515.0,91822.0,ok
1565,2023,22546000,housing,5171.0,25730.0,ok
1565,2024,22546000,housing,4884.0,25420.0,ok
1571,2023,22553000,housing,6066.0,14521.0,ok
1571,2024,22553000,housing,1534.0,14347.0,ok
1356,2023,37542000,housing,7831.0,23733.0,ok
1356,2024,37542000,housing,5807.0,23519.0,ok
1345,2023,37520000,housing,2371.0,12243.0,ok
1345,2024,37520000,housing,1793.0,11993.0,ok
2245,2023,71936000,housing,3978.0,66233.0,ok
2245,2024,71936000,housing,3913.0,65345.0,ok
2248,2023,71943000,housing,33645.0,17774.0,ok
2248,2024,71943000,housing,18722.0,17876.0,ok
721,2023,04555000,housing,932.0,7685.0,boundary_review
721,2024,04555000,housing,988.0,7536.0,boundary_review
1251,2023,32528000,housing,4805.0,18309.0,ok
1251,2024,32528000,housing,1680.0,17957.0,ok
594,2023,76538000,housing,281.0,15487.0,ok
594,2024,76538000,housing,982.0,15082.0,ok
582,2023,76515000,housing,3951.0,7377.0,ok
582,2024,76515000,housing,1475.0,7207.0,ok
804,2023,05550000,housing,1819.0,24807.0,ok
804,2024,05550000,housing,2170.0,24478.0,ok
795,2023,05526000,housing,6241.0,22935.0,ok
795,2024,05526000,housing,4264.0,22743.0,ok
792,2023,05517000,housing,1597.0,12150.0,ok
792,2024,05517000,housing,2212.0,11848.0,ok
802,2023,05546000,housing,3610.0,17419.0,ok
802,2024,05546000,housing,2882.0,17049.0,ok
801,2023,05540000,housing,811.0,9876.0,ok
801,2024,05540000,housing,1935.0,9728.0,ok
871,2023,10508000,housing,3622.0,17256.0,ok
871,2024,10508000,housing,6061.0,17004.0,ok
874,2023,10521000,housing,769.0,11783.0,ok
874,2024,10521000,housing,1071.0,11590.0,ok
873,2023,10515000,housing,4527.0,16940.0,ok
873,2024,10515000,housing,2301.0,16566.0,ok
876,2023,10528000,housing,3422.0,21126.0,ok
876,2024,10528000,housing,3733.0,20785.0,ok
882,2023,10540000,housing,800.0,7325.0,ok
882,2024,10540000,housing,547.0,7209.0,ok
888,2023,10554000,housing,1214.0,13606.0,ok
888,2024,10554000,housing,463.0,13370.0,ok
2808,2023,46738000,housing,140030.0,214925.0,boundary_review
2808,2024,46738000,housing,170368.0,213701.0,boundary_review
2809,2023,57530000,housing,64252.0,103834.0,boundary_review
2809,2024,57530000,housing,47682.0,103245.0,boundary_review
833,2023,07530000,housing,3781.0,35811.0,ok
833,2024,07530000,housing,4517.0,35678.0,ok
1555,2023,22532000,housing,15010.0,15033.0,ok
1555,2024,22532000,housing,16182.0,14998.0,ok
2813,2023,46786000,housing,39233.0,101978.0,boundary_review
2813,2024,46786000,housing,38011.0,101188.0,boundary_review
2814,2023,46758000,housing,316067.0,300650.0,boundary_review
2814,2024,46758000,housing,414046.0,300898.0,boundary_review
1320,2023,34524000,housing,495.0,10065.0,ok
1320,2024,34524000,housing,2461.0,9904.0,ok
1325,2023,34534000,housing,551.0,4385.0,ok
1325,2024,34534000,housing,540.0,4283.0,ok
1319,2023,34522000,housing,39.0,2809.0,ok
1319,2024,34522000,housing,83.0,2703.0,ok
1314,2023,34512000,housing,299.0,4100.0,ok
1314,2024,34512000,housing,568.0,3925.0,ok
1726,2023,54501000,housing,170554.0,70123.0,ok
1726,2024,54501000,housing,169915.0,69588.0,ok
2128,2023,28538000,housing,3820.0,24715.0,ok
2128,2024,28538000,housing,7226.0,24344.0,ok
2134,2023,28547000,housing,3312.0,14847.0,ok
2134,2024,28547000,housing,4418.0,14777.0,ok
2139,2023,28552000,housing,151.0,8567.0,ok
2139,2024,28552000,housing,1631.0,8413.0,ok
2130,2023,28542000,housing,347.0,3747.0,ok
2130,2024,28542000,housing,835.0,3690.0,ok
911,2023,11550000,housing,6801.0,33589.0,ok
911,2024,11550000,housing,10359.0,33077.0,ok
898,2023,11508000,housing,2634.0,11299.0,ok
898,2024,11508000,housing,3412.0,10925.0,ok
900,2023,11514000,housing,6987.0,12647.0,ok
900,2024,11514000,housing,6230.0,12371.0,ok
423,2023,94502000,housing,12140.0,20182.0,ok
423,2024,94502000,housing,10384.0,19971.0,ok
424,2023,94504000,housing,6659.0,27261.0,ok
424,2024,94504000,housing,9013.0,26866.0,ok
425,2023,94506000,housing,8977.0,13827.0,ok
425,2024,94506000,housing,7038.0,13809.0,ok
428,2023,94512000,housing,4609.0,8699.0,ok
428,2024,94512000,housing,3705.0,8624.0,ok
429,2023,94514000,housing,6623.0,10804.0,ok
429,2024,94514000,housing,5710.0,10744.0,ok
430,2023,94516000,housing,489563.0,82103.0,ok
430,2024,94516000,housing,494677.0,83460.0,ok
431,2023,94518000,housing,21040.0,32865.0,ok
431,2024,94518000,housing,17208.0,32538.0,ok
432,2023,94520000,housing,4324.0,15789.0,ok
432,2024,94520000,housing,5017.0,15570.0,ok
433,2023,94522000,housing,4929.0,10224.0,ok
433,2024,94522000,housing,5207.0,10095.0,ok
434,2023,94524000,housing,9625.0,18032.0,ok
434,2024,94524000,housing,8906.0,17833.0,ok
435,2023,94526000,housing,5330.0,17595.0,ok
435,2024,94526000,housing,5928.0,17496.0,ok
436,2023,94528000,housing,2524.0,8666.0,ok
436,2024,94528000,housing,2098.0,8518.0,ok
437,2023,94530000,housing,1975.0,7584.0,ok
437,2024,94530000,housing,2513.0,7480.0,ok
438,2023,94533000,housing,22705.0,31253.0,ok
438,2024,94533000,housing,19627.0,30993.0,ok
440,2023,94537000,housing,22996.0,23501.0,ok
440,2024,94537000,housing,20847.0,23267.0,ok
441,2023,94539000,housing,5135.0,10457.0,ok
441,2024,94539000,housing,6610.0,10292.0,ok
442,2023,94541000,housing,3964.0,10209.0,ok
442,2024,94541000,housing,3226.0,9970.0,ok
443,2023,94544000,housing,22999.0,34140.0,ok
443,2024,94544000,housing,19923.0,33739.0,ok
444,2023,94546000,housing,13131.0,19022.0,ok
444,2024,94546000,housing,13229.0,18886.0,ok
445,2023,94548000,housing,1921.0,7343.0,ok
445,2024,94548000,housing,2505.0,7231.0,ok
446,2023,94550000,housing,14602.0,19371.0,ok
446,2024,94550000,housing,13181.0,19293.0,ok
447,2023,94552000,housing,1314.0,11148.0,ok
447,2024,94552000,housing,3060.0,10983.0,ok
491,2023,97524000,housing,6090.0,12585.0,ok
491,2024,97524000,housing,5297.0,12470.0,ok
737,2023,57508000,housing,6278.0,11874.0,ok
737,2024,57508000,housing,5430.0,11730.0,ok
1268,2023,33507000,housing,1102.0,20073.0,ok
1268,2024,33507000,housing,1137.0,19600.0,ok
1278,2023,33521000,housing,231.0,5450.0,ok
1278,2024,33521000,housing,2188.0,5283.0,ok
1279,2023,33522000,housing,1057.0,12773.0,ok
1279,2024,33522000,housing,685.0,12427.0,ok
1281,2023,33524000,housing,837.0,9036.0,ok
1281,2024,33524000,housing,309.0,8746.0,ok
1286,2023,33529000,housing,50.0,6864.0,ok
1286,2024,33529000,housing,258.0,6571.0,ok
1289,2023,33531000,housing,874.0,8143.0,ok
1289,2024,33531000,housing,2409.0,7903.0,ok
1297,2023,33540000,housing,82.0,,no_population
1297,2024,33540000,housing,295.0,,no_population
1560,2023,22537000,housing,236591.0,122131.0,boundary_review
1560,2024,22537000,housing,367152.0,121424.0,boundary_review
1344,2023,37518000,housing,1397.0,11131.0,ok
1344,2024,37518000,housing,1802.0,10941.0,ok
1343,2023,37516000,housing,10641.0,24519.0,ok
1343,2024,37516000,housing,8698.0,24231.0,ok
1355,2023,37540000,housing,904.0,13903.0,ok
1355,2024,37540000,housing,2141.0,13663.0,ok
1348,2023,37526000,housing,658.0,13881.0,ok
1348,2024,37526000,housing,3378.0,13666.0,ok
1335,2023,37502000,housing,1654.0,7642.0,ok
1335,2024,37502000,housing,2376.0,7380.0,ok
1352,2023,37534000,housing,876.0,12006.0,ok
1352,2024,37534000,housing,3976.0,11754.0,ok
2244,2023,71933000,housing,1304.0,5702.0,ok
2244,2024,71933000,housing,2110.0,5640.0,ok
2250,2023,71948000,housing,13469.0,16139.0,ok
2250,2024,71948000,housing,6496.0,16268.0,ok
2872,2023,71938000,housing,2136.0,10037.0,boundary_review
2872,2024,71938000,housing,6024.0,10095.0,boundary_review
525,2023,01512000,housing,714.0,11444.0,ok
525,2024,01512000,housing,979.0,11281.0,ok
1240,2023,32501000,housing,10457.0,25274.0,ok
1240,2024,32501000,housing,9848.0,24823.0,ok
1246,2023,32516000,housing,8104.0,50952.0,ok
1246,2024,32516000,housing,11144.0,50597.0,ok
2876,2023,07715000,housing,42088.0,133913.0,boundary_review
2876,2024,07715000,housing,86675.0,133451.0,boundary_review
2879,2023,71952000,housing,41327.0,33869.0,boundary_review
2879,2024,71952000,housing,36041.0,34958.0,boundary_review
2880,2023,71953000,housing,9012.0,30962.0,boundary_review
2880,2024,71953000,housing,7340.0,31295.0,boundary_review
2881,2023,07548000,housing,135787.0,110643.0,boundary_review
2881,2024,07548000,housing,158973.0,109591.0,boundary_review
2882,2023,71940000,housing,17420.0,36552.0,ok
2882,2024,71940000,housing,60060.0,36676.0,ok
2883,2023,28528000,housing,49260.0,52457.0,boundary_review
2883,2024,28528000,housing,57791.0,51679.0,boundary_review
2884,2023,28548000,housing,9774.0,64730.0,boundary_review
2884,2024,28548000,housing,16212.0,63768.0,boundary_review
2885,2023,57528000,housing,29515.0,50499.0,boundary_review
2885,2024,57528000,housing,26545.0,50562.0,boundary_review
2886,2023,57516000,housing,7696.0,44174.0,boundary_review
2886,2024,57516000,housing,8657.0,43671.0,boundary_review
2887,2023,63701000,housing,564390.0,942315.0,boundary_review
2887,2024,63701000,housing,456071.0,937364.0,boundary_review
1326,2023,34536000,housing,881.0,4760.0,ok
1326,2024,34536000,housing,29.0,4593.0,ok
1327,2023,34538000,housing,227.0,3350.0,ok
1327,2024,34538000,housing,,3269.0,missing
2112,2023,28506000,housing,295.0,4940.0,ok
2112,2024,28506000,housing,717.0,4852.0,ok
2118,2023,28518000,housing,11939.0,14370.0,ok
2118,2024,28518000,housing,10775.0,14191.0,ok
2122,2023,28526000,housing,753.0,7303.0,ok
2122,2024,28526000,housing,991.0,7244.0,ok
2129,2023,28540000,housing,1172.0,14025.0,ok
2129,2024,28540000,housing,1582.0,13807.0,ok
2138,2023,28551000,housing,721.0,6525.0,ok
2138,2024,28551000,housing,829.0,6439.0,ok
2140,2023,28553000,housing,7266.0,21077.0,ok
2140,2024,28553000,housing,11474.0,20834.0,ok
2116,2023,28514000,housing,493.0,4073.0,ok
2116,2024,28514000,housing,830.0,3931.0,ok
223,2023,86550000,housing,14064.0,12418.0,ok
223,2024,86550000,housing,2171.0,12070.0,ok
907,2023,11542000,housing,2901.0,7248.0,ok
907,2024,11542000,housing,1486.0,7098.0,ok
915,2023,11558000,housing,1719.0,10681.0,ok
915,2024,11558000,housing,2674.0,10436.0,ok
903,2023,11527000,housing,12751.0,17228.0,ok
903,2024,11527000,housing,14420.0,17119.0,ok
914,2023,11556000,housing,8642.0,18445.0,ok
914,2024,11556000,housing,7856.0,17957.0,ok
908,2023,11544000,housing,11455.0,22889.0,ok
908,2024,11544000,housing,2285.0,22613.0,ok
913,2023,11554000,housing,27537.0,23609.0,ok
913,2024,11554000,housing,21239.0,23280.0,ok
1047,2023,19505000,housing,9909.0,19014.0,ok
1047,2024,19505000,housing,6406.0,18827.0,ok
1048,2023,19508000,housing,2418.0,9641.0,ok
1048,2024,19508000,housing,2309.0,9515.0,ok
1049,2023,19510000,housing,6541.0,13492.0,ok
1049,2024,19510000,housing,11086.0,13265.0,ok
1051,2023,19514000,housing,17202.0,49825.0,ok
1051,2024,19514000,housing,14565.0,49167.0,ok
1052,2023,19516000,housing,8350.0,12561.0,ok
1052,2024,19516000,housing,6913.0,12428.0,ok
1053,2023,19518000,housing,2072.0,13814.0,ok
1053,2024,19518000,housing,5323.0,13654.0,ok
1054,2023,19520000,housing,105310.0,52745.0,ok
1054,2024,19520000,housing,115844.0,52112.0,ok
1056,2023,19524000,housing,12536.0,32078.0,ok
1056,2024,19524000,housing,12489.0,31660.0,ok
1057,2023,19526000,housing,11557.0,16512.0,ok
1057,2024,19526000,housing,10979.0,16433.0,ok
1059,2023,19530000,housing,4331.0,14475.0,ok
1059,2024,19530000,housing,3056.0,14278.0,ok
1060,2023,19532000,housing,1292.0,4918.0,ok
1060,2024,19532000,housing,1031.0,4834.0,ok
1062,2023,19536000,housing,5435.0,8521.0,ok
1062,2024,19536000,housing,8772.0,8427.0,ok
1063,2023,19538000,housing,14561.0,45129.0,ok
1063,2024,19538000,housing,19001.0,44621.0,ok
1064,2023,19540000,housing,2335.0,8049.0,ok
1064,2024,19540000,housing,2643.0,8005.0,ok
1065,2023,19542000,housing,7311.0,10460.0,ok
1065,2024,19542000,housing,4949.0,10381.0,ok
1066,2023,19546000,housing,5450.0,22064.0,ok
1066,2024,19546000,housing,6032.0,21923.0,ok
1067,2023,19548000,housing,9294.0,7373.0,ok
1067,2024,19548000,housing,6951.0,7282.0,ok
1068,2023,19550000,housing,7247.0,15333.0,ok
1068,2024,19550000,housing,7499.0,15130.0,ok
1069,2023,19552000,housing,3465.0,12976.0,ok
1069,2024,19552000,housing,3677.0,12814.0,ok
484,2023,97505000,housing,4413.0,13788.0,ok
484,2024,97505000,housing,5586.0,13550.0,ok
485,2023,97507000,housing,13256.0,31190.0,ok
485,2024,97507000,housing,11393.0,30773.0,ok
486,2023,97510000,housing,10427.0,28773.0,ok
486,2024,97510000,housing,13002.0,28415.0,ok
487,2023,97513000,housing,7361.0,20179.0,ok
487,2024,97513000,housing,6518.0,19914.0,ok
489,2023,97519000,housing,5566.0,15100.0,ok
489,2024,97519000,housing,3559.0,14831.0,ok
490,2023,97521000,housing,10545.0,20626.0,ok
490,2024,97521000,housing,6390.0,20409.0,ok
492,2023,97526000,housing,4811.0,13739.0,ok
492,2024,97526000,housing,6178.0,13525.0,ok
493,2023,97529000,housing,12561.0,18877.0,ok
493,2024,97529000,housing,9828.0,18507.0,ok
494,2023,97532000,housing,22718.0,30826.0,ok
494,2024,97532000,housing,21512.0,30685.0,ok
495,2023,97535000,housing,2185.0,10452.0,ok
495,2024,97535000,housing,1669.0,10342.0,ok
496,2023,97538000,housing,7305.0,20427.0,ok
496,2024,97538000,housing,6387.0,20067.0,ok
497,2023,97541000,housing,30160.0,31328.0,ok
497,2024,97541000,housing,24687.0,31134.0,ok
498,2023,97544000,housing,140034.0,61599.0,ok
498,2024,97544000,housing,128844.0,61487.0,ok
499,2023,97547000,housing,3945.0,11611.0,ok
499,2024,97547000,housing,1959.0,11365.0,ok
501,2023,97553000,housing,7635.0,22684.0,ok
501,2024,97553000,housing,7645.0,22282.0,ok
502,2023,97555000,housing,3765.0,15257.0,ok
502,2024,97555000,housing,1949.0,14957.0,ok
503,2023,97558000,housing,4632.0,12239.0,ok
503,2024,97558000,housing,4663.0,12065.0,ok
757,2023,57546000,housing,387231.0,128215.0,ok
757,2024,57546000,housing,467991.0,128718.0,ok
1265,2023,33503000,housing,2727.0,10804.0,ok
1265,2024,33503000,housing,3477.0,10517.0,ok
1542,2023,22510000,housing,5424.0,10307.0,ok
1542,2024,22510000,housing,3386.0,10258.0,ok
1556,2023,22533000,housing,4584.0,10869.0,ok
1556,2024,22533000,housing,15457.0,10775.0,ok
1574,2023,22557000,housing,7463.0,22759.0,ok
1574,2024,22557000,housing,7380.0,22629.0,ok
1552,2023,22526000,housing,2143.0,9817.0,ok
1552,2024,22526000,housing,1495.0,9681.0,ok
1567,2023,22549000,housing,6996.0,13644.0,ok
1567,2024,22549000,housing,7663.0,13501.0,ok
1570,2023,22552000,housing,554.0,7107.0,ok
1570,2024,22552000,housing,1290.0,7029.0,ok
1569,2023,22551000,housing,2609.0,9479.0,ok
1569,2024,22551000,housing,3008.0,9400.0,ok
1568,2023,22550000,housing,4974.0,16339.0,ok
1568,2024,22550000,housing,8348.0,16175.0,ok
1573,2023,22556000,housing,1179.0,11401.0,ok
1573,2024,22556000,housing,2046.0,11304.0,ok
1547,2023,22518000,housing,1652.0,12663.0,ok
1547,2024,22518000,housing,1594.0,12521.0,ok
1558,2023,22535000,housing,3538.0,18758.0,ok
1558,2024,22535000,housing,2660.0,18535.0,ok
1537,2023,22502000,housing,4753.0,22414.0,ok
1537,2024,22502000,housing,5788.0,22161.0,ok
1548,2023,22519000,housing,5836.0,14537.0,ok
1548,2024,22519000,housing,6604.0,14309.0,ok
1551,2023,22522000,housing,4145.0,16216.0,ok
1551,2024,22522000,housing,8071.0,16072.0,ok
1545,2023,22515000,housing,3590.0,9755.0,ok
1545,2024,22515000,housing,3689.0,9653.0,ok
1554,2023,22530000,housing,36123.0,20408.0,ok
1554,2024,22530000,housing,47504.0,20224.0,ok
1553,2023,22528000,housing,38732.0,80699.0,ok
1553,2024,22528000,housing,45919.0,80149.0,ok
1559,2023,22536000,housing,3665.0,8726.0,ok
1559,2024,22536000,housing,3468.0,8617.0,ok
1564,2023,22545000,housing,3896.0,18304.0,ok
1564,2024,22545000,housing,5354.0,18104.0,ok
1546,2023,22517000,housing,2424.0,16832.0,ok
1546,2024,22517000,housing,8070.0,16730.0,ok
1561,2023,22539000,housing,2488.0,26082.0,ok
1561,2024,22539000,housing,2882.0,25751.0,ok
1541,2023,22509000,housing,3431.0,10295.0,ok
1541,2024,22509000,housing,2819.0,10172.0,ok
1549,2023,22520000,housing,27407.0,47967.0,ok
1549,2024,22520000,housing,37750.0,47925.0,ok
1566,2023,22548000,housing,8052.0,27151.0,ok
1566,2024,22548000,housing,7957.0,26797.0,ok
1336,2023,37504000,housing,3226.0,12856.0,ok
1336,2024,37504000,housing,4058.0,12696.0,ok
1339,2023,37509000,housing,1114.0,6675.0,ok
1339,2024,37509000,housing,2878.0,6573.0,ok
1340,2023,37510000,housing,5856.0,25638.0,ok
1340,2024,37510000,housing,3839.0,25283.0,ok
1346,2023,37522000,housing,1490.0,12737.0,ok
1346,2024,37522000,housing,2519.0,12441.0,ok
1349,2023,37528000,housing,349.0,7907.0,ok
1349,2024,37528000,housing,1295.0,7740.0,ok
1351,2023,37532000,housing,2334.0,10481.0,ok
1351,2024,37532000,housing,2998.0,10385.0,ok
1353,2023,37536000,housing,728.0,4662.0,ok
1353,2024,37536000,housing,727.0,4540.0,ok
1357,2023,37544000,housing,1619.0,16168.0,ok
1357,2024,37544000,housing,3480.0,15866.0,ok
1358,2023,37546000,housing,3201.0,15832.0,ok
1358,2024,37546000,housing,3922.0,15694.0,ok
1347,2023,37524000,housing,1280.0,9164.0,ok
1347,2024,37524000,housing,1127.0,8983.0,ok
2249,2023,71946000,housing,6495.0,9121.0,ok
2249,2024,71946000,housing,8766.0,9162.0,ok
2303,2023,75533000,housing,12267.0,56058.0,ok
2303,2024,75533000,housing,8797.0,55417.0,ok
553,2023,01541000,housing,173.0,3380.0,ok
553,2024,01541000,housing,90.0,3264.0,ok
511,2023,01539000,housing,5962.0,37149.0,boundary_review
511,2024,01539000,housing,3629.0,36769.0,boundary_review
570,2023,01558000,housing,1421.0,9445.0,ok
570,2024,01558000,housing,1529.0,9268.0,ok
789,2023,05510000,housing,2776.0,21082.0,ok
789,2024,05510000,housing,1925.0,20727.0,ok
796,2023,05528000,housing,1159.0,7511.0,ok
796,2024,05528000,housing,1789.0,7209.0,ok
799,2023,05534000,housing,1622.0,24402.0,ok
799,2024,05534000,housing,2348.0,24093.0,ok
803,2023,05548000,housing,12614.0,24798.0,ok
803,2024,05548000,housing,9971.0,24400.0,ok
889,2023,10555000,housing,163.0,5143.0,ok
889,2024,10555000,housing,1039.0,5003.0,ok
886,2023,10549000,housing,12331.0,20328.0,ok
886,2024,10549000,housing,8575.0,19790.0,ok
885,2023,10547000,housing,4865.0,21156.0,ok
885,2024,10547000,housing,4032.0,20859.0,ok
872,2023,10511000,housing,136806.0,35071.0,ok
872,2024,10511000,housing,134182.0,35810.0,ok
1431,2023,44502000,housing,62.0,8502.0,ok
1431,2024,44502000,housing,,8658.0,missing
1438,2023,44522000,housing,,6077.0,missing
1438,2024,44522000,housing,,5934.0,missing
1070,2023,19554000,housing,5440.0,11110.0,ok
1070,2024,19554000,housing,7445.0,10919.0,ok
3005,2023,22703000,housing,81502.0,145443.0,boundary_review
3005,2024,22703000,housing,77753.0,144670.0,boundary_review
870,2023,10505000,housing,807.0,12729.0,ok
870,2024,10505000,housing,746.0,12372.0,ok
3007,2023,32522000,housing,30350.0,43450.0,boundary_review
3007,2024,32522000,housing,30228.0,43200.0,boundary_review
3009,2023,68701000,housing,232627.0,291454.0,boundary_review
3009,2024,68701000,housing,190948.0,288947.0,boundary_review
3011,2023,75712000,housing,31000.0,161475.0,boundary_review
3011,2024,75712000,housing,25982.0,160367.0,boundary_review
3012,2023,75638000,housing,11503.0,25198.0,boundary_review
3012,2024,75638000,housing,6523.0,24970.0,boundary_review
3013,2023,46771000,housing,526318.0,133149.0,boundary_review
3013,2024,46771000,housing,477725.0,135509.0,boundary_review
2618,2024,34520000,housing,2185.0,15147.0,boundary_review
1323,2024,34530000,housing,1998.0,8787.0,ok
1324,2024,34532000,housing,,2935.0,missing
1328,2024,34540000,housing,2500.0,7528.0,ok
1860,2024,61526000,housing,1412.0,,no_population
1862,2024,61530000,housing,4524.0,26812.0,ok
2120,2024,28522000,housing,18601.0,18994.0,ok
2143,2024,28557000,housing,1477.0,7887.0,ok
2142,2024,28555000,housing,5582.0,16137.0,ok
2111,2024,28504000,housing,3515.0,30567.0,ok
2124,2024,28530000,housing,110495.0,67829.0,ok
2126,2024,28534000,housing,1914.0,12610.0,ok
2113,2024,28508000,housing,6182.0,30273.0,ok
2119,2024,28520000,housing,300785.0,59603.0,ok
217,2024,86533000,housing,9887.0,14495.0,ok
208,2024,86504000,housing,2213.0,12305.0,ok
221,2024,86545000,housing,3547.0,31219.0,ok
912,2024,11552000,housing,48547.0,28908.0,ok
904,2024,11530000,housing,5930.0,10008.0,ok
1058,2024,19528000,housing,16135.0,14038.0,ok
1061,2024,19534000,housing,5193.0,18641.0,ok
1580,2024,49512000,housing,3391.0,9515.0,ok
1589,2024,49532000,housing,3495.0,18158.0,ok
1585,2024,49524000,housing,1269.0,5580.0,ok
1581,2024,49514000,housing,3241.0,11189.0,ok
1771,2024,58514000,housing,1040.0,,no_population
1773,2024,58518000,housing,1509.0,,no_population
1774,2024,58520000,housing,4804.0,,no_population
1775,2024,58523000,housing,2907.0,,no_population
1777,2024,58529000,housing,4834.0,,no_population
1780,2024,58540000,housing,11499.0,,no_population
1786,2024,58553000,housing,1428.0,,no_population
1788,2024,58556000,housing,5598.0,,no_population
810,2024,07510000,housing,7641.0,,no_population
811,2024,07515000,housing,43322.0,,boundary_review
814,2024,07520000,housing,18943.0,,no_population
815,2024,07522000,housing,6859.0,,no_population
817,2024,07525000,housing,17255.0,,no_population
819,2024,07539000,housing,54853.0,,no_population
821,2024,07541000,housing,24492.0,,no_population
822,2024,07543000,housing,6879.0,,no_population
823,2024,07546000,housing,11533.0,,no_population
825,2024,07550000,housing,11124.0,,no_population
1338,2024,37508000,housing,5150.0,,no_population
1341,2024,37512000,housing,5356.0,,no_population
1337,2024,37506000,housing,2291.0,,no_population
1350,2024,37530000,housing,2743.0,,no_population
592,2024,76534000,housing,659.0,,no_population
580,2024,76510000,housing,1272.0,,no_population
583,2024,76518000,housing,,,missing
588,2024,76526000,housing,2283.0,,no_population
613,2024,30510000,housing,409.0,8727.0,ok
808,2024,05559000,housing,1578.0,11970.0,ok
797,2024,05530000,housing,30956.0,29888.0,ok
805,2024,05553000,housing,6248.0,25893.0,ok
807,2024,05557000,housing,12270.0,21051.0,ok
791,2024,05514000,housing,3348.0,13859.0,ok
854,2024,08534000,housing,272.0,6326.0,ok
875,2024,10525000,housing,1046.0,11287.0,ok
2078,2024,68502000,housing,2941.0,8210.0,ok
2079,2024,68503000,housing,872.0,9164.0,ok
2080,2024,68504000,housing,5170.0,24844.0,ok
2081,2024,68506000,housing,5216.0,13674.0,ok
2082,2024,68508000,housing,3547.0,17016.0,ok
2085,2024,68514000,housing,2675.0,13380.0,ok
2087,2024,68518000,housing,4504.0,10669.0,ok
2088,2024,68520000,housing,3062.0,15378.0,ok
2089,2024,68522000,housing,5914.0,23709.0,ok
2090,2024,68524000,housing,4676.0,13536.0,ok
2091,2024,68526000,housing,2186.0,10656.0,ok
2093,2024,68530000,housing,2664.0,14028.0,ok
2094,2024,68532000,housing,1962.0,11610.0,ok
2095,2024,68534000,housing,4967.0,24282.0,ok
2096,2024,68536000,housing,4049.0,11015.0,ok
2098,2024,68542000,housing,3182.0,15011.0,ok
2100,2024,68546000,housing,650.0,9405.0,ok
228,2024,87523000,housing,7746.0,35807.0,ok
226,2024,87512000,housing,56.0,10125.0,ok
1,2023,79701000,investment,10672436.0,163766.0,ok
1,2024,79701000,investment,14952606.0,161898.0,ok
2,2023,79703000,investment,613324.0,15614.0,ok
2,2024,79703000,investment,684765.0,15661.0,ok
3,2023,79605000,investment,1318188.0,31933.0,ok
3,2024,79605000,investment,1083254.0,31872.0,ok
4,2023,79615000,investment,551277.0,30153.0,ok
4,2024,79615000,investment,968913.0,30319.0,ok
5,2023,79618000,investment,1331530.0,31977.0,ok
5,2024,79618000,investment,737817.0,32095.0,ok
6,2023,79622000,investment,3282842.0,58793.0,ok
6,2024,79622000,investment,5000402.0,59156.0,ok
7,2023,79630000,investment,5134223.0,127291.0,ok
7,2024,79630000,investment,8943086.0,131043.0,ok
8,2023,79633000,investment,7431378.0,22196.0,ok
8,2024,79633000,investment,4045689.0,22260.0,ok
9,2023,79640000,investment,941590.0,16262.0,ok
9,2024,79640000,investment,93163.0,16287.0,ok
10,2023,84701000,investment,3602793.0,64957.0,ok
10,2024,84701000,investment,8095166.0,64508.0,ok
11,2023,84610000,investment,319240.0,18512.0,ok
11,2024,84610000,investment,302026.0,18620.0,ok
12,2023,84615000,investment,34174754.0,30665.0,ok
12,2024,84615000,investment,32028501.0,30941.0,ok
13,2023,84620000,investment,358908.0,14049.0,ok
13,2024,84620000,investment,380033.0,14025.0,ok
14,2023,84625000,investment,2608545.0,10960.0,ok
14,2024,84625000,investment,4848492.0,10794.0,ok
15,2023,84630000,investment,204300.0,11798.0,ok
15,2024,84630000,investment,256757.0,11926.0,ok
16,2023,84635000,investment,139165.0,14297.0,ok
16,2024,84635000,investment,114254.0,14207.0,ok
17,2023,84640000,investment,794359.0,15691.0,ok
17,2024,84640000,investment,248300.0,15634.0,ok
18,2023,84643000,investment,395108.0,10394.0,ok
18,2024,84643000,investment,1252837.0,10557.0,ok
19,2023,84645000,investment,82861.0,7471.0,ok
19,2024,84645000,investment,129797.0,7439.0,ok
20,2023,84650000,investment,138205.0,11975.0,ok
20,2024,84650000,investment,215463.0,12114.0,ok
21,2023,80701000,investment,218853034.0,1180979.0,ok
21,2024,80701000,investment,311915075.0,1186715.0,ok
22,2023,80703000,investment,208156.0,14002.0,ok
22,2024,80703000,investment,159010.0,13728.0,ok
23,2023,80723000,investment,1262899.0,61699.0,ok
23,2024,80723000,investment,1828488.0,61143.0,ok
25,2023,80727000,investment,7027165.0,144006.0,ok
25,2024,80727000,investment,9097109.0,144598.0,ok
26,2023,80735000,investment,4414422.0,116282.0,ok
26,2024,80735000,investment,5864017.0,116427.0,ok
27,2023,80739000,investment,18837463.0,147296.0,ok
27,2024,80739000,investment,23891667.0,146633.0,ok
28,2023,80743000,investment,2066061.0,56930.0,ok
28,2024,80743000,investment,1274339.0,56470.0,ok
29,2023,80745000,investment,13923391.0,279174.0,ok
29,2024,80745000,investment,16034185.0,280497.0,ok
30,2023,80601000,investment,2712940.0,44334.0,ok
30,2024,80601000,investment,3647323.0,43983.0,ok
31,2023,80602000,investment,1052721.0,36055.0,ok
31,2024,80602000,investment,673630.0,35536.0,ok
32,2023,80603000,investment,190387.0,16847.0,ok
32,2024,80603000,investment,200561.0,16616.0,ok
33,2023,80604000,investment,202060.0,17773.0,ok
33,2024,80604000,investment,321117.0,17418.0,ok
34,2023,80605000,investment,4068954.0,30429.0,ok
34,2024,80605000,investment,2399308.0,29757.0,ok
35,2023,80606000,investment,781728.0,54122.0,ok
35,2024,80606000,investment,532894.0,53399.0,ok
36,2023,80607000,investment,205308.0,25010.0,ok
36,2024,80607000,investment,127621.0,24813.0,ok
37,2023,80608000,investment,341146.0,18156.0,ok
37,2024,80608000,investment,131218.0,17837.0,ok
38,2023,80609000,investment,3762107.0,95852.0,ok
38,2024,80609000,investment,4487470.0,94978.0,ok
39,2023,80610000,investment,188652.0,17583.0,ok
39,2024,80610000,investment,107586.0,17369.0,ok
40,2023,80611000,investment,3910182.0,97873.0,ok
40,2024,80611000,investment,2188415.0,96915.0,ok
41,2023,80612000,investment,457482.0,21362.0,ok
41,2024,80612000,investment,288027.0,20951.0,ok
42,2023,80613000,investment,1782046.0,61865.0,ok
42,2024,80613000,investment,928548.0,61478.0,ok
43,2023,80614000,investment,825611.0,24138.0,ok
43,2024,80614000,investment,599394.0,23850.0,ok
44,2023,80615000,investment,5701524.0,49148.0,ok
44,2024,80615000,investment,6756991.0,48718.0,ok
45,2023,80617000,investment,497541.0,25725.0,ok
45,2024,80617000,investment,671265.0,25432.0,ok
46,2023,80618000,investment,3239092.0,21217.0,ok
46,2024,80618000,investment,1316461.0,20840.0,ok
47,2023,80619000,investment,159832.0,17298.0,ok
47,2024,80619000,investment,121599.0,17061.0,ok
48,2023,80621000,investment,574128.0,30022.0,ok
48,2024,80621000,investment,359626.0,29525.0,ok
49,2023,80622000,investment,422110.0,36195.0,ok
49,2024,80622000,investment,790863.0,35565.0,ok
50,2023,80623000,investment,1413874.0,30827.0,ok
50,2024,80623000,investment,827393.0,30750.0,ok
51,2023,80624000,investment,4289885.0,59679.0,ok
51,2024,80624000,investment,1306323.0,59179.0,ok
52,2023,80625000,investment,412573.0,14689.0,ok
52,2024,80625000,investment,459352.0,14369.0,ok
53,2023,80626000,investment,271287.0,23890.0,ok
53,2024,80626000,investment,456619.0,23381.0,ok
54,2023,80627000,investment,128026.0,14560.0,ok
54,2024,80627000,investment,98237.0,14231.0,ok
55,2023,80628000,investment,956446.0,70277.0,ok
55,2024,80628000,investment,2205707.0,71099.0,ok
56,2023,80630000,investment,801223.0,30701.0,ok
56,2024,80630000,investment,835393.0,30405.0,ok
57,2023,80631000,investment,3381827.0,83847.0,ok
57,2024,80631000,investment,2762037.0,82948.0,ok
58,2023,80633000,investment,704321.0,21551.0,ok
58,2024,80633000,investment,451460.0,21101.0,ok
59,2023,80634000,investment,348540.0,23589.0,ok
59,2024,80634000,investment,529438.0,23105.0,ok
60,2023,80635000,investment,1450618.0,51986.0,ok
60,2024,80635000,investment,2082400.0,51575.0,ok
61,2023,80636000,investment,198827.0,16478.0,ok
61,2024,80636000,investment,484720.0,16339.0,ok
62,2023,80637000,investment,305421.0,25683.0,ok
62,2024,80637000,investment,299463.0,25332.0,ok
63,2023,80638000,investment,957506.0,26845.0,ok
63,2024,80638000,investment,592046.0,26359.0,ok
65,2023,80640000,investment,641301.0,26704.0,ok
65,2024,80640000,investment,1190043.0,26370.0,ok
66,2023,80641000,investment,2223314.0,80565.0,ok
66,2024,80641000,investment,2855858.0,79609.0,ok
67,2023,80642000,investment,483728.0,22158.0,ok
67,2024,80642000,investment,367453.0,21838.0,ok
68,2023,80643000,investment,291372.0,21188.0,ok
68,2024,80643000,investment,103628.0,20716.0,ok
69,2023,80644000,investment,264551.0,23590.0,ok
69,2024,80644000,investment,181417.0,23086.0,ok
70,2023,80645000,investment,282341.0,20228.0,ok
70,2024,80645000,investment,542745.0,19945.0,ok
71,2023,80647000,investment,782138.0,23700.0,ok
71,2024,80647000,investment,563497.0,23304.0,ok
72,2023,80648000,investment,347896.0,16744.0,ok
72,2024,80648000,investment,341183.0,16360.0,ok
73,2023,80649000,investment,1409079.0,47644.0,ok
73,2024,80649000,investment,1747184.0,47531.0,ok
74,2023,80650000,investment,2818950.0,21097.0,ok
74,2024,80650000,investment,1412426.0,20679.0,ok
75,2023,80651000,investment,3261899.0,131554.0,ok
75,2024,80651000,investment,2802774.0,130733.0,ok
76,2023,80652000,investment,7348920.0,114453.0,ok
76,2024,80652000,investment,5949801.0,117125.0,ok
77,2023,80653000,investment,13648398.0,69195.0,ok
77,2024,80653000,investment,14082670.0,68451.0,ok
78,2023,80654000,investment,118838.0,15783.0,ok
78,2024,80654000,investment,70503.0,15491.0,ok
79,2023,80655000,investment,14578999.0,29895.0,ok
79,2024,80655000,investment,17265490.0,29249.0,ok
80,2023,80656000,investment,1688747.0,27968.0,ok
80,2024,80656000,investment,1570438.0,27671.0,ok
81,2023,80657000,investment,2809168.0,50859.0,ok
81,2024,80657000,investment,801364.0,50536.0,ok
82,2023,80658000,investment,1567936.0,19000.0,ok
82,2024,80658000,investment,1257123.0,18637.0,ok
83,2023,80659000,investment,640449.0,42880.0,ok
83,2024,80659000,investment,578141.0,42391.0,ok
167,2023,83701000,investment,18504977.0,271656.0,ok
167,2024,83701000,investment,19683633.0,271464.0,ok
168,2023,83703000,investment,1076515.0,60724.0,ok
168,2024,83703000,investment,885561.0,61043.0,ok
169,2023,83710000,investment,908930.0,59778.0,ok
169,2024,83710000,investment,895039.0,60023.0,ok
173,2023,83620000,investment,678612.0,37828.0,ok
173,2024,83620000,investment,1129752.0,37609.0,ok
181,2023,85605000,investment,95393.0,13530.0,ok
181,2024,85605000,investment,218676.0,13573.0,ok
184,2023,85615000,investment,156534.0,18310.0,ok
184,2024,85615000,investment,6311889.0,18650.0,ok
185,2023,85620000,investment,145430.0,9207.0,ok
185,2024,85620000,investment,66297.0,9256.0,ok
188,2023,85632000,investment,62833.0,11043.0,ok
188,2024,85632000,investment,73482.0,11466.0,ok
191,2023,85646000,investment,391453.0,8828.0,ok
191,2024,85646000,investment,534111.0,8903.0,ok
194,2023,91701000,investment,5726509.0,112789.0,ok
194,2024,91701000,investment,6988348.0,112782.0,ok
195,2023,91705000,investment,237013.0,41060.0,ok
195,2024,91705000,investment,1048720.0,41150.0,ok
196,2023,91601000,investment,204219.0,17867.0,ok
196,2024,91601000,investment,62541.0,18121.0,ok
198,2023,91610000,investment,4893654.0,53819.0,ok
198,2024,91610000,investment,2627960.0,53555.0,ok
201,2023,91623000,investment,97500.0,16443.0,ok
201,2024,91623000,investment,62812.0,16400.0,ok
203,2023,91630000,investment,603373.0,24282.0,ok
203,2024,91630000,investment,681267.0,24072.0,ok
204,2023,91635000,investment,2423293.0,50777.0,ok
204,2024,91635000,investment,1118375.0,50870.0,ok
205,2023,91640000,investment,1286442.0,30929.0,ok
205,2024,91640000,investment,669764.0,31020.0,ok
206,2023,86701000,investment,40299476.0,235793.0,ok
206,2024,86701000,investment,40215752.0,235694.0,ok
207,2023,86706000,investment,12468575.0,26531.0,ok
207,2024,86706000,investment,11490169.0,26470.0,ok
208,2023,86604000,investment,1815514.0,12546.0,ok
209,2023,86609000,investment,230193.0,5939.0,ok
209,2024,86609000,investment,587549.0,5888.0,ok
210,2023,86612000,investment,1051939.0,12715.0,ok
210,2024,86612000,investment,476367.0,12493.0,ok
211,2023,86615000,investment,3159711.0,31671.0,ok
211,2024,86615000,investment,3588484.0,31368.0,ok
212,2023,86618000,investment,284388.0,10709.0,ok
212,2024,86618000,investment,3413301.0,10502.0,ok
213,2023,86621000,investment,232093.0,10289.0,ok
213,2024,86621000,investment,88951.0,10092.0,ok
214,2023,86624000,investment,2283871.0,23931.0,ok
214,2024,86624000,investment,961114.0,23603.0,ok
215,2023,86627000,investment,335427.0,7903.0,ok
215,2024,86627000,investment,11106.0,7695.0,ok
216,2023,86630000,investment,1037758.0,18662.0,ok
216,2024,86630000,investment,1046634.0,18460.0,ok
217,2023,86633000,investment,1144933.0,14735.0,ok
218,2023,86636000,investment,2366690.0,21994.0,ok
218,2024,86636000,investment,2525255.0,21969.0,ok
219,2023,86639000,investment,2660486.0,12259.0,ok
219,2024,86639000,investment,379182.0,12023.0,ok
220,2023,86642000,investment,71958.0,14351.0,ok
220,2024,86642000,investment,311535.0,13907.0,ok
221,2023,86645000,investment,4035458.0,31609.0,ok
222,2023,86610000,investment,437437.0,23825.0,ok
222,2024,86610000,investment,1592273.0,23603.0,ok
224,2023,87701000,investment,19804414.0,233105.0,ok
224,2024,87701000,investment,31160553.0,232811.0,ok
225,2023,87710000,investment,6723484.0,67702.0,ok
225,2024,87710000,investment,5917517.0,67547.0,ok
226,2023,87712000,investment,1449643.0,10365.0,ok
227,2023,87715000,investment,376947.0,21092.0,ok
227,2024,87715000,investment,411976.0,20870.0,ok
228,2023,87723000,investment,34611949.0,36025.0,ok
229,2023,87725000,investment,24809596.0,94168.0,ok
229,2024,87725000,investment,,93096.0,missing
230,2023,87604000,investment,628507.0,16294.0,ok
230,2024,87604000,investment,1527369.0,16187.0,ok
231,2023,87608000,investment,1845552.0,15250.0,ok
231,2024,87608000,investment,2547716.0,14981.0,ok
232,2023,87612000,investment,505318.0,7571.0,ok
232,2024,87612000,investment,344214.0,7470.0,ok
233,2023,87616000,investment,625021.0,18538.0,ok
233,2024,87616000,investment,456617.0,18232.0,ok
234,2023,87620000,investment,10554459.0,42796.0,ok
234,2024,87620000,investment,16377326.0,42164.0,ok
235,2023,87624000,investment,791401.0,17418.0,ok
235,2024,87624000,investment,302189.0,17018.0,ok
236,2023,87626000,investment,3561124.0,34217.0,ok
236,2024,87626000,investment,3692014.0,33872.0,ok
237,2023,87628000,investment,1101179.0,21432.0,ok
237,2024,87628000,investment,3274179.0,21442.0,ok
238,2023,87632000,investment,485419.0,11753.0,ok
238,2024,87632000,investment,938907.0,11592.0,ok
239,2023,87636000,investment,290957.0,9676.0,ok
239,2024,87636000,investment,361054.0,9461.0,ok
240,2023,87640000,investment,265493.0,12529.0,ok
240,2024,87640000,investment,416784.0,12261.0,ok
241,2023,87644000,investment,2534784.0,23861.0,ok
241,2024,87644000,investment,2991670.0,23548.0,ok
242,2023,87648000,investment,617052.0,22164.0,ok
242,2024,87648000,investment,937853.0,21766.0,ok
243,2023,87652000,investment,921222.0,10478.0,ok
243,2024,87652000,investment,135029.0,10360.0,ok
269,2023,88701000,investment,17385589.0,294128.0,ok
269,2024,88701000,investment,17743571.0,295711.0,ok
270,2023,88705000,investment,2760623.0,52164.0,ok
270,2024,88705000,investment,2989904.0,51634.0,ok
271,2023,88715000,investment,1589538.0,19355.0,ok
271,2024,88715000,investment,1597963.0,19054.0,ok
272,2023,88604000,investment,1602713.0,20633.0,ok
272,2024,88604000,investment,1811735.0,20454.0,ok
273,2023,88608000,investment,284642.0,19891.0,ok
273,2024,88608000,investment,300800.0,19578.0,ok
274,2023,88612000,investment,1923135.0,38830.0,ok
274,2024,88612000,investment,1271602.0,38471.0,ok
275,2023,88616000,investment,336837.0,11211.0,ok
275,2024,88616000,investment,225469.0,11082.0,ok
276,2023,88620000,investment,166772.0,11637.0,ok
276,2024,88620000,investment,96685.0,11382.0,ok
277,2023,88624000,investment,221278.0,17406.0,ok
277,2024,88624000,investment,248765.0,17046.0,ok
278,2023,88628000,investment,3785667.0,67681.0,ok
278,2024,88628000,investment,3834125.0,67769.0,ok
279,2023,88632000,investment,287559.0,26138.0,ok
279,2024,88632000,investment,265878.0,25758.0,ok
280,2023,88636000,investment,564834.0,13597.0,ok
280,2024,88636000,investment,813914.0,13402.0,ok
281,2023,88640000,investment,268733.0,12379.0,ok
281,2024,88640000,investment,1051612.0,12182.0,ok
282,2023,88644000,investment,134460.0,13181.0,ok
282,2024,88644000,investment,85624.0,13008.0,ok
283,2023,88648000,investment,436180.0,21572.0,ok
283,2024,88648000,investment,1335850.0,21264.0,ok
284,2023,88652000,investment,395049.0,26377.0,ok
284,2024,88652000,investment,418691.0,26112.0,ok
285,2023,88656000,investment,173880.0,6141.0,ok
285,2024,88656000,investment,126024.0,5947.0,ok
287,2023,89603000,investment,322115.0,23935.0,ok
287,2024,89603000,investment,437006.0,23694.0,ok
288,2023,89605000,investment,75234.0,9088.0,ok
288,2024,89605000,investment,6893.0,9012.0,ok
289,2023,89607000,investment,1042531.0,17467.0,ok
289,2024,89607000,investment,2204238.0,17246.0,ok
290,2023,89610000,investment,75803.0,11743.0,ok
290,2024,89610000,investment,125341.0,11711.0,ok
292,2023,89616000,investment,1085729.0,11268.0,ok
292,2024,89616000,investment,944170.0,11280.0,ok
293,2023,89618000,investment,67562.0,9271.0,ok
293,2024,89618000,investment,127199.0,9068.0,ok
294,2023,89621000,investment,500370.0,45860.0,ok
294,2024,89621000,investment,1057702.0,45470.0,ok
295,2023,89624000,investment,1335304.0,11686.0,ok
295,2024,89624000,investment,2265626.0,11516.0,ok
296,2023,89626000,investment,1793204.0,17147.0,ok
296,2024,89626000,investment,1619263.0,16897.0,ok
297,2023,89628000,investment,20438.0,6680.0,ok
297,2024,89628000,investment,89224.0,6593.0,ok
298,2023,89629000,investment,3954511.0,36267.0,ok
298,2024,89629000,investment,6391339.0,35879.0,ok
300,2023,89634000,investment,848364.0,21734.0,ok
300,2024,89634000,investment,805274.0,21456.0,ok
301,2023,89637000,investment,2459422.0,33732.0,ok
301,2024,89637000,investment,1672519.0,33537.0,ok
302,2023,89640000,investment,1935212.0,19042.0,ok
302,2024,89640000,investment,1689920.0,18857.0,ok
303,2023,89643000,investment,4764877.0,59259.0,ok
303,2024,89643000,investment,7121741.0,58820.0,ok
304,2023,89646000,investment,180857.0,11515.0,ok
304,2024,89646000,investment,253864.0,11300.0,ok
305,2023,89649000,investment,233425.0,12876.0,ok
305,2024,89649000,investment,210031.0,12696.0,ok
306,2023,89651000,investment,27087.0,9175.0,ok
306,2024,89651000,investment,22244.0,8971.0,ok
307,2023,89654000,investment,1129195.0,18328.0,ok
307,2024,89654000,investment,781553.0,18231.0,ok
308,2023,89657000,investment,8158860.0,28600.0,ok
308,2024,89657000,investment,7794888.0,28433.0,ok
309,2023,98701000,investment,97746502.0,378549.0,ok
309,2024,98701000,investment,138715241.0,384979.0,ok
312,2023,98603000,investment,29054154.0,39279.0,ok
312,2024,98603000,investment,47715605.0,38998.0,ok
314,2023,98608000,investment,418081.0,16894.0,ok
314,2024,98608000,investment,551502.0,16705.0,ok
316,2023,98612000,investment,5798366.0,7997.0,ok
316,2024,98612000,investment,6249271.0,8126.0,ok
317,2023,98614000,investment,554238.0,20889.0,ok
317,2024,98614000,investment,1978929.0,20721.0,ok
318,2023,98615000,investment,294940.0,3748.0,ok
318,2024,98615000,investment,909171.0,3687.0,ok
319,2023,98616000,investment,14254246.0,10009.0,ok
319,2024,98616000,investment,5198677.0,9998.0,ok
320,2023,98618000,investment,3278769.0,25121.0,ok
320,2024,98618000,investment,4742376.0,25157.0,ok
321,2023,98620000,investment,135845.0,12004.0,ok
321,2024,98620000,investment,746608.0,11936.0,ok
323,2023,98624000,investment,643232.0,11188.0,ok
323,2024,98624000,investment,3056731.0,11053.0,ok
324,2023,98626000,investment,5536852.0,22997.0,ok
324,2024,98626000,investment,6046986.0,22761.0,ok
325,2023,98627000,investment,317579826.0,32106.0,ok
325,2024,98627000,investment,294884521.0,31833.0,ok
326,2023,98629000,investment,411795.0,33110.0,ok
326,2024,98629000,investment,2580575.0,32932.0,ok
327,2023,98631000,investment,55787434.0,71308.0,ok
327,2024,98631000,investment,65430590.0,71704.0,ok
329,2023,98635000,investment,142143.0,24860.0,ok
329,2024,98635000,investment,1791446.0,25069.0,ok
330,2023,98660000,investment,114828643.0,69032.0,ok
330,2024,98660000,investment,116268437.0,68431.0,ok
331,2023,98637000,investment,1329654.0,4211.0,ok
331,2024,98637000,investment,24767.0,4175.0,ok
332,2023,98639000,investment,7349831.0,7600.0,ok
332,2024,98639000,investment,6158704.0,7566.0,ok
333,2023,98641000,investment,22723555.0,20691.0,ok
333,2024,98641000,investment,9187508.0,20525.0,ok
334,2023,98642000,investment,1285717.0,4361.0,ok
334,2024,98642000,investment,655114.0,4364.0,ok
335,2023,98646000,investment,150577.0,6741.0,ok
335,2024,98646000,investment,611406.0,6714.0,ok
336,2023,98648000,investment,433465.0,22352.0,ok
336,2024,98648000,investment,1983768.0,22228.0,ok
337,2023,98604000,investment,493921.0,16858.0,ok
337,2024,98604000,investment,4436340.0,16750.0,ok
338,2023,98650000,investment,11492693.0,11064.0,ok
338,2024,98650000,investment,8623041.0,10897.0,ok
339,2023,98652000,investment,167173.0,22249.0,ok
339,2024,98652000,investment,1314547.0,22012.0,ok
340,2023,98654000,investment,923938.0,7159.0,ok
340,2024,98654000,investment,3653651.0,7343.0,ok
341,2023,98656000,investment,794740.0,6809.0,ok
341,2024,98656000,investment,8726329.0,6725.0,ok
342,2023,98644000,investment,676372.0,34435.0,ok
342,2024,98644000,investment,1633571.0,34331.0,ok
343,2023,98658000,investment,294139.0,21955.0,ok
343,2024,98658000,investment,1333713.0,21807.0,ok
345,2023,90701000,investment,14161327.0 | 14197621.0,309619.0,conflict
345,2024,90701000,investment,13990773.0 | 14388339.0,309358.0,conflict
346,2023,90605000,investment,2056159.0,38381.0,ok
346,2024,90605000,investment,8514544.0,38229.0,ok
347,2023,90610000,investment,531480.0,31288.0,ok
347,2024,90610000,investment,449367.0,31304.0,ok
348,2023,90615000,investment,309399.0,18504.0,ok
348,2024,90615000,investment,870037.0,18606.0,ok
349,2023,90620000,investment,477256.0,15607.0,ok
349,2024,90620000,investment,325844.0,15554.0,ok
351,2023,90630000,investment,1965970.0,82698.0,ok
351,2024,90630000,investment,1643100.0,81941.0,ok
352,2023,90635000,investment,3535893.0,55510.0,ok
352,2024,90635000,investment,2918743.0,55643.0,ok
354,2023,92701000,investment,337821252.0,1314685.0,ok
354,2024,92701000,investment,461382975.0,1318604.0,ok
355,2023,92730000,investment,59517957.0,545750.0,ok
355,2024,92730000,investment,81714228.0,544383.0,ok
356,2023,92601000,investment,1149319.0,34692.0,ok
356,2024,92601000,investment,916517.0,34401.0,ok
357,2023,92602000,investment,6362535.0,57623.0,ok
357,2024,92602000,investment,11171131.0,57093.0,ok
358,2023,92604000,investment,2456610.0,26484.0,ok
358,2024,92604000,investment,1949270.0,26162.0,ok
359,2023,92605000,investment,1725828.0,27710.0,ok
359,2024,92605000,investment,2622091.0,27287.0,ok
360,2023,92606000,investment,1412829.0,24739.0,ok
360,2024,92606000,investment,1057756.0,24626.0,ok
361,2023,92607000,investment,1384469.0,18228.0,ok
361,2024,92607000,investment,1562717.0,18063.0,ok
362,2023,92608000,investment,84723331.0,213275.0,ok
362,2024,92608000,investment,86367503.0,212359.0,ok
363,2023,92610000,investment,654397.0,18786.0,ok
363,2024,92610000,investment,1453460.0,18676.0,ok
364,2023,92612000,investment,1064874.0,50166.0,ok
364,2024,92612000,investment,1196894.0,49659.0,ok
365,2023,92613000,investment,1400001.0,12371.0,ok
365,2024,92613000,investment,1446647.0,12245.0,ok
366,2023,92614000,investment,5577565.0,32711.0,ok
366,2024,92614000,investment,9375717.0,32239.0,ok
367,2023,92615000,investment,1592609.0,32861.0,ok
367,2024,92615000,investment,2242917.0,32840.0,ok
368,2023,92617000,investment,6917274.0,100110.0,ok
368,2024,92617000,investment,6769294.0,99177.0,ok
369,2023,92618000,investment,2320090.0,39524.0,ok
369,2024,92618000,investment,3160264.0,39135.0,ok
370,2023,92620000,investment,10626954.0,17493.0,ok
370,2024,92620000,investment,10446566.0,17641.0,ok
371,2023,92622000,investment,4341751.0,58283.0,ok
371,2024,92622000,investment,5070727.0,60647.0,ok
372,2023,92624000,investment,924607.0,20429.0,ok
372,2024,92624000,investment,506354.0,20085.0,ok
373,2023,92626000,investment,167961119.0,85667.0,ok
373,2024,92626000,investment,156426960.0,85471.0,ok
374,2023,92627000,investment,1384066.0,52812.0,ok
374,2024,92627000,investment,2006553.0,52217.0,ok
375,2023,92628000,investment,5769254.0,169710.0,ok
375,2024,92628000,investment,9981940.0,169798.0,ok
376,2023,92629000,investment,1220940.0,12622.0,ok
376,2024,92629000,investment,1024747.0,12423.0,ok
377,2023,92630000,investment,716522.0,14305.0,ok
377,2024,92630000,investment,496592.0,14157.0,ok
378,2023,92633000,investment,1164701.0,51290.0,ok
378,2024,92633000,investment,2304966.0,51202.0,ok
379,2023,92634000,investment,3383667.0,67057.0,ok
379,2024,92634000,investment,11959565.0,71646.0,ok
380,2023,92636000,investment,11847441.0,78468.0,ok
380,2024,92636000,investment,32359508.0,77755.0,ok
381,2023,92638000,investment,1910513.0,39955.0,ok
381,2024,92638000,investment,3042354.0,39698.0,ok
382,2023,92639000,investment,2386045.0,30523.0,ok
382,2024,92639000,investment,3786869.0,30286.0,ok
383,2023,92640000,investment,2418245.0,26732.0,ok
383,2024,92640000,investment,3805966.0,26385.0,ok
384,2023,92642000,investment,974104.0,18828.0,ok
384,2024,92642000,investment,702745.0,18692.0,ok
385,2023,92644000,investment,145341801.0,277053.0,ok
385,2024,92644000,investment,155157458.0,276414.0,ok
386,2023,92645000,investment,2144265.0,12798.0,ok
386,2024,92645000,investment,3368589.0,12574.0,ok
387,2023,92646000,investment,12809693.0,52133.0,ok
387,2024,92646000,investment,10540658.0,51661.0,ok
388,2023,92648000,investment,3033072.0,64944.0,ok
388,2024,92648000,investment,5120894.0,66372.0,ok
390,2023,92652000,investment,1586239.0,30407.0,ok
390,2024,92652000,investment,1891789.0,30381.0,ok
391,2023,92653000,investment,8339065.0,34003.0,ok
391,2024,92653000,investment,9643077.0,33666.0,ok
392,2023,92632000,investment,183151.0,18209.0,ok
392,2024,92632000,investment,143260.0,18014.0,ok
393,2023,92655000,investment,266311.0,20066.0,ok
393,2024,92655000,investment,236022.0,19798.0,ok
395,2023,92656000,investment,2134788.0,13562.0,ok
395,2024,92656000,investment,1116165.0,13489.0,ok
396,2023,92658000,investment,1337414.0,17962.0,ok
396,2024,92658000,investment,2199462.0,17877.0,ok
397,2023,92659000,investment,2806912.0,73850.0,ok
397,2024,92659000,investment,3530100.0,73234.0,ok
398,2023,92654000,investment,334331.0,19712.0,ok
398,2024,92654000,investment,579588.0,19452.0,ok
401,2023,93605000,investment,47193.0,10548.0,ok
401,2024,93605000,investment,33394.0,10431.0,ok
402,2023,93610000,investment,91604.0,11881.0,ok
402,2024,93610000,investment,31273.0,11626.0,ok
403,2023,93615000,investment,125079.0,19185.0,ok
403,2024,93615000,investment,125487.0,18916.0,ok
404,2023,93620000,investment,77341.0,12100.0,ok
404,2024,93620000,investment,77066.0,11974.0,ok
405,2023,93622000,investment,109660.0,36061.0,ok
405,2024,93622000,investment,446635.0,36340.0,ok
408,2023,93635000,investment,5396874.0,10501.0,ok
408,2024,93635000,investment,16392018.0,10364.0,ok
410,2023,93640000,investment,157348.0,15234.0,ok
410,2024,93640000,investment,229695.0,15098.0,ok
413,2023,93650000,investment,3096477.0,6681.0,ok
413,2024,93650000,investment,1995450.0,6694.0,ok
414,2023,93654000,investment,69712.0,20131.0,ok
414,2024,93654000,investment,211162.0,19940.0,ok
416,2023,93657000,investment,84455.0,7670.0,ok
416,2024,93657000,investment,17728.0,7592.0,ok
418,2023,94701000,investment,61129529.0,620591.0,ok
418,2024,94701000,investment,95718075.0,618776.0,ok
419,2023,94710000,investment,5666675.0,96646.0,ok
419,2024,94710000,investment,10110293.0,96037.0,ok
420,2023,94720000,investment,7720800.0,86996.0,ok
420,2024,94720000,investment,9588266.0,85870.0,ok
421,2023,94730000,investment,1897427.0,44038.0,ok
421,2024,94730000,investment,1707646.0,43557.0,ok
422,2023,94740000,investment,4772653.0,90260.0,ok
422,2024,94740000,investment,8468567.0,89442.0,ok
448,2023,95701000,investment,20749548.0,185348.0,ok
448,2024,95701000,investment,35474405.0,185804.0,ok
449,2023,95702000,investment,510797.0,12055.0,ok
449,2024,95702000,investment,404538.0,11962.0,ok
450,2023,95708000,investment,7597931.0,55899.0,ok
450,2024,95708000,investment,9249376.0,55712.0,ok
451,2023,95709000,investment,1359397.0,10820.0,ok
451,2024,95709000,investment,1559802.0,10843.0,ok
452,2023,95715000,investment,3413713.0,77875.0,ok
452,2024,95715000,investment,3249675.0,77948.0,ok
453,2023,95605000,investment,7786388.0,23993.0,ok
453,2024,95605000,investment,3624741.0,24152.0,ok
455,2023,95612000,investment,551873.0,17492.0,ok
455,2024,95612000,investment,954868.0,17067.0,ok
456,2023,95615000,investment,247070.0,11181.0,ok
456,2024,95615000,investment,61072.0,11030.0,ok
457,2023,95620000,investment,288453.0,9758.0,ok
457,2024,95620000,investment,943668.0,9604.0,ok
458,2023,95625000,investment,412322.0,15416.0,ok
458,2024,95625000,investment,298287.0,15165.0,ok
459,2023,95630000,investment,828183.0,47052.0,ok
459,2024,95630000,investment,1384821.0,46354.0,ok
460,2023,95635000,investment,5286719.0,24494.0,ok
460,2024,95635000,investment,1918309.0,24253.0,ok
478,2023,97701000,investment,82133086.0,506351.0,ok
478,2024,97701000,investment,57271837.0,506480.0,ok
479,2023,97704000,investment,660189.0,31550.0,boundary_review
479,2024,97704000,investment,868800.0,31304.0,boundary_review
480,2023,97707000,investment,970625.0,44257.0,boundary_review
480,2024,97707000,investment,1037854.0,43508.0,boundary_review
481,2023,97710000,investment,4795827.0,120425.0,ok
481,2024,97710000,investment,7358059.0,120767.0,ok
482,2023,97713000,investment,825385.0,26321.0,boundary_review
482,2024,97713000,investment,994187.0,26008.0,boundary_review
504,2023,01701000,investment,44387935.0,690128.0,ok
504,2024,01701000,investment,67794216.0,687601.0,ok
505,2023,01703000,investment,808548.0,24804.0,ok
505,2024,01703000,investment,2906894.0,24604.0,ok
506,2023,01704000,investment,968491.0,14791.0,ok
506,2024,01704000,investment,948724.0,14879.0,ok
507,2023,01705000,investment,8415788.0,189639.0,ok
507,2024,01705000,investment,14609513.0,188780.0,ok
508,2023,01706000,investment,1318405.0,40626.0,ok
508,2024,01706000,investment,1382543.0,40255.0,ok
509,2023,01713000,investment,1758617.0,73122.0,ok
509,2024,01713000,investment,2263884.0,73511.0,ok
510,2023,01716000,investment,1660948.0,124687.0,ok
510,2024,01716000,investment,2318745.0,123379.0,ok
512,2023,01730000,investment,144407.0,16447.0,ok
512,2024,01730000,investment,605646.0,16528.0,ok
515,2023,01602000,investment,2283023.0,26306.0,ok
515,2024,01602000,investment,1185436.0,26284.0,ok
516,2023,01603000,investment,29191.0,7994.0,ok
516,2024,01603000,investment,31680.0,7821.0,ok
517,2023,01604000,investment,836273.0,31796.0,ok
517,2024,01604000,investment,858833.0,31583.0,ok
518,2023,01605000,investment,768681.0,25706.0,ok
518,2024,01605000,investment,699311.0,25464.0,ok
519,2023,01606000,investment,170471.0,7728.0,ok
519,2024,01606000,investment,104360.0,7601.0,ok
520,2023,01607000,investment,120987.0,7216.0,ok
520,2024,01607000,investment,145298.0,7120.0,ok
521,2023,01608000,investment,268043.0,14900.0,ok
521,2024,01608000,investment,370540.0,14744.0,ok
522,2023,01609000,investment,113227.0,10811.0,ok
522,2024,01609000,investment,268218.0,10678.0,ok
523,2023,01610000,investment,14718.0,4762.0,ok
523,2024,01610000,investment,33697.0,4672.0,ok
524,2023,01611000,investment,188867.0,15697.0,ok
524,2024,01611000,investment,761584.0,15469.0,ok
527,2023,01614000,investment,7088188.0,16142.0,ok
527,2024,01614000,investment,5414189.0,15905.0,ok
528,2023,01615000,investment,672399.0,11723.0,ok
528,2024,01615000,investment,663507.0,11641.0,ok
529,2023,01616000,investment,450050.0,40373.0,boundary_review
529,2024,01616000,investment,572669.0,39949.0,boundary_review
530,2023,01617000,investment,62824.0,12620.0,ok
530,2024,01617000,investment,137026.0,12366.0,ok
531,2023,01618000,investment,56074.0,13533.0,ok
531,2024,01618000,investment,63770.0,13314.0,ok
532,2023,01619000,investment,75796.0,12865.0,ok
532,2024,01619000,investment,71801.0,12685.0,ok
533,2023,01620000,investment,830698.0,13804.0,ok
533,2024,01620000,investment,871792.0,13623.0,ok
534,2023,01621000,investment,55666.0,8062.0,ok
534,2024,01621000,investment,38725.0,7856.0,ok
535,2023,01622000,investment,292698.0,20480.0,ok
535,2024,01622000,investment,336249.0,20371.0,ok
536,2023,01623000,investment,159117.0,8155.0,ok
536,2024,01623000,investment,227702.0,8051.0,ok
537,2023,01624000,investment,134450.0,9765.0,ok
537,2024,01624000,investment,236479.0,9548.0,ok
538,2023,01625000,investment,323589.0,19707.0,ok
538,2024,01625000,investment,432341.0,19183.0,ok
539,2023,01626000,investment,51198.0,17803.0,ok
539,2024,01626000,investment,92494.0,17582.0,ok
540,2023,01627000,investment,64295.0,16483.0,ok
540,2024,01627000,investment,163259.0,16349.0,ok
541,2023,01628000,investment,524489.0,7533.0,ok
541,2024,01628000,investment,290521.0,7406.0,ok
542,2023,01629000,investment,1183980.0,16392.0,ok
542,2024,01629000,investment,4013394.0,16341.0,ok
543,2023,01630000,investment,4161410.0,38931.0,ok
543,2024,01630000,investment,5188528.0,38447.0,ok
544,2023,01631000,investment,386096.0,9268.0,ok
544,2024,01631000,investment,653581.0,9099.0,ok
545,2023,01632000,investment,826562.0,52558.0,ok
545,2024,01632000,investment,1849772.0,53359.0,ok
546,2023,01633000,investment,269621.0,10396.0,ok
546,2024,01633000,investment,242541.0,10214.0,ok
547,2023,01634000,investment,585595.0,19641.0,ok
547,2024,01634000,investment,907403.0,19439.0,ok
548,2023,01635000,investment,973377.0,18967.0,ok
548,2024,01635000,investment,858798.0,18726.0,ok
549,2023,01636000,investment,262594.0,14551.0,ok
549,2024,01636000,investment,193396.0,14369.0,ok
550,2023,01637000,investment,259321.0,10697.0,ok
550,2024,01637000,investment,308695.0,10594.0,ok
552,2023,01640000,investment,1166748.0,20472.0,ok
552,2024,01640000,investment,1140080.0,20153.0,ok
554,2023,01642000,investment,536638.0,13757.0,ok
554,2024,01642000,investment,499714.0,13572.0,ok
555,2023,01643000,investment,380735.0,7292.0,ok
555,2024,01643000,investment,537317.0,7152.0,ok
556,2023,01644000,investment,100989.0,6150.0,ok
556,2024,01644000,investment,196901.0,6045.0,ok
557,2023,01645000,investment,356178.0,10349.0,ok
557,2024,01645000,investment,209654.0,10246.0,ok
558,2023,01646000,investment,90835.0,7082.0,ok
558,2024,01646000,investment,60774.0,7060.0,ok
559,2023,01647000,investment,1440847.0,42586.0,ok
559,2024,01647000,investment,1928785.0,42346.0,ok
560,2023,01648000,investment,87473.0,6346.0,ok
560,2024,01648000,investment,103244.0,6187.0,ok
561,2023,01649000,investment,1005804.0,18383.0,ok
561,2024,01649000,investment,466489.0,18142.0,ok
562,2023,01650000,investment,503782.0,10228.0,ok
562,2024,01650000,investment,446784.0,10094.0,ok
563,2023,01651000,investment,234773.0,18242.0,ok
563,2024,01651000,investment,249213.0,17787.0,ok
564,2023,01652000,investment,1134375.0,11012.0,ok
564,2024,01652000,investment,1190528.0,10801.0,ok
565,2023,01653000,investment,93727.0,8920.0,ok
565,2024,01653000,investment,47534.0,8700.0,ok
566,2023,01654000,investment,349422.0,10944.0,ok
566,2024,01654000,investment,211187.0,10802.0,ok
567,2023,01655000,investment,233878.0,9282.0,ok
567,2024,01655000,investment,125650.0,9078.0,ok
568,2023,01656000,investment,606655.0,12392.0,ok
568,2024,01656000,investment,470773.0,12199.0,ok
569,2023,01657000,investment,1093020.0,13147.0,ok
569,2024,01657000,investment,895447.0,12857.0,ok
571,2023,01659000,investment,376146.0,24524.0,ok
571,2024,01659000,investment,334165.0,24128.0,ok
572,2023,01660000,investment,588563.0,14938.0,ok
572,2024,01660000,investment,851614.0,14809.0,ok
574,2023,76715000,investment,699685.0,14683.0,boundary_review
574,2024,76715000,investment,136689.0,14473.0,boundary_review
578,2023,76606000,investment,473160.0,15537.0,boundary_review
578,2024,76606000,investment,1151853.0,15274.0,boundary_review
579,2023,76609000,investment,1219799.0,44344.0,ok
579,2024,76609000,investment,7721230.0,43803.0,ok
580,2023,76610000,investment,7008738.0,,no_population
581,2023,76612000,investment,752995.0,19646.0,ok
581,2024,76612000,investment,589032.0,19300.0,ok
583,2023,76618000,investment,2471586.0,,no_population
584,2023,76620000,investment,179293.0,33677.0,ok
584,2024,76620000,investment,381109.0,33483.0,ok
585,2023,76621000,investment,6771628.0,55713.0,ok
585,2024,76621000,investment,10285007.0,55782.0,ok
586,2023,76622000,investment,554546.0,16105.0,ok
586,2024,76622000,investment,785607.0,15817.0,ok
587,2023,76624000,investment,405133.0,10238.0,ok
587,2024,76624000,investment,370666.0,9949.0,ok
588,2023,76626000,investment,3349387.0,,no_population
589,2023,76628000,investment,213927.0,26642.0,ok
589,2024,76628000,investment,1015738.0,26450.0,ok
591,2023,76632000,investment,779743.0,30332.0,ok
591,2024,76632000,investment,1312600.0,29773.0,ok
592,2023,76634000,investment,52868.0,,no_population
593,2023,76636000,investment,2282478.0,14792.0,boundary_review
593,2024,76636000,investment,3263466.0,14576.0,boundary_review
595,2023,76640000,investment,1080833.0,18184.0,ok
595,2024,76640000,investment,1401754.0,17869.0,ok
598,2023,76646000,investment,341880.0,16960.0,ok
598,2024,76646000,investment,347716.0,16787.0,ok
599,2023,76647000,investment,735938.0,25060.0,ok
599,2024,76647000,investment,136657.0,24713.0,ok
600,2023,76648000,investment,1170466.0,29424.0,ok
600,2024,76648000,investment,2387772.0,29154.0,ok
601,2023,76650000,investment,561244.0,71269.0,ok
601,2024,76650000,investment,1031084.0,71661.0,ok
602,2023,76652000,investment,3883.0,5711.0,ok
602,2024,76652000,investment,,5546.0,missing
603,2023,76654000,investment,1508657.0,35585.0,ok
603,2024,76654000,investment,1696590.0,35034.0,ok
604,2023,76702000,investment,171079.0,,no_population
604,2024,76702000,investment,163086.0,,no_population
605,2023,76602000,investment,331330.0,,no_population
605,2024,76602000,investment,35645.0,,no_population
606,2023,76611000,investment,193483.0,,no_population
606,2024,76611000,investment,122308.0,,no_population
607,2023,76625000,investment,232809.0,,no_population
607,2024,76625000,investment,113869.0,,no_population
608,2023,30701000,investment,78400966.0,162992.0,ok
608,2024,30701000,investment,54433637.0,163152.0,ok
612,2023,30607000,investment,21346841.0,59658.0,ok
612,2024,30607000,investment,22786018.0,59889.0,ok
613,2023,30610000,investment,859895.0,8890.0,ok
614,2023,30613000,investment,6153738.0,1988.0,ok
614,2024,30613000,investment,5324894.0,1979.0,ok
615,2023,30616000,investment,2124159.0,6185.0,ok
615,2024,30616000,investment,2304048.0,6069.0,ok
616,2023,30619000,investment,1890438.0,8744.0,ok
616,2024,30619000,investment,1124987.0,8450.0,ok
618,2023,30824000,investment,2565147.0,3403.0,ok
618,2024,30824000,investment,4170081.0,3457.0,ok
619,2023,30827000,investment,672115.0,3569.0,ok
619,2024,30827000,investment,158622.0,3523.0,ok
621,2023,30832000,investment,128861.0,3668.0,ok
621,2024,30832000,investment,108441.0,3662.0,ok
666,2023,04701000,investment,140492132.0,1197659.0,ok
666,2024,04701000,investment,167670854.0,1206237.0,ok
667,2023,04703000,investment,9834252.0,101384.0,boundary_review
667,2024,04703000,investment,11563513.0,101043.0,boundary_review
668,2023,04706000,investment,288467.0,17841.0,boundary_review
668,2024,04706000,investment,312159.0,17509.0,boundary_review
669,2023,04707000,investment,1252772.0,14985.0,boundary_review
669,2024,04707000,investment,2073656.0,14967.0,boundary_review
670,2023,04709000,investment,1760442.0,31719.0,ok
670,2024,04709000,investment,3243678.0,31561.0,ok
671,2023,04712000,investment,940962.0,17655.0,boundary_review
671,2024,04712000,investment,465118.0,17843.0,boundary_review
674,2023,04720000,investment,1425088.0,86034.0,boundary_review
674,2024,04720000,investment,996651.0,85587.0,boundary_review
675,2023,04722000,investment,2935110.0,59207.0,boundary_review
675,2024,04722000,investment,5405869.0,58714.0,boundary_review
676,2023,04723000,investment,1914511.0,71792.0,boundary_review
676,2024,04723000,investment,1082155.0,71318.0,boundary_review
677,2023,04726000,investment,1231277.0,44761.0,boundary_review
677,2024,04726000,investment,1501045.0,44261.0,boundary_review
678,2023,04729000,investment,243460603.0,175466.0,ok
678,2024,04729000,investment,186827829.0,177427.0,ok
679,2023,04733000,investment,1170272.0,40619.0,boundary_review
679,2024,04733000,investment,2232227.0,40913.0,boundary_review
680,2023,04740000,investment,2726683.0,41024.0,boundary_review
680,2024,04740000,investment,1134286.0,40739.0,boundary_review
683,2023,04601000,investment,217092.0,18068.0,ok
683,2024,04601000,investment,434305.0,17763.0,ok
685,2023,04604000,investment,938050.0,18078.0,boundary_review
685,2024,04604000,investment,1103441.0,17854.0,boundary_review
686,2023,04605000,investment,808833.0,39806.0,boundary_review
686,2024,04605000,investment,2067183.0,40429.0,boundary_review
687,2023,04606000,investment,379421.0,8136.0,ok
687,2024,04606000,investment,314321.0,7924.0,ok
689,2023,04609000,investment,2025854.0,42460.0,ok
689,2024,04609000,investment,3553075.0,42225.0,ok
690,2023,04610000,investment,1369741.0,13706.0,boundary_review
690,2024,04610000,investment,1218187.0,13529.0,boundary_review
691,2023,04611000,investment,4775984.0,6846.0,boundary_review
691,2024,04611000,investment,7388068.0,6681.0,boundary_review
692,2023,04613000,investment,94144.0,11589.0,boundary_review
692,2024,04613000,investment,227190.0,11389.0,boundary_review
693,2023,04614000,investment,4519180.0,54015.0,boundary_review
693,2024,04614000,investment,7601515.0,55572.0,boundary_review
694,2023,04615000,investment,736471.0,21466.0,boundary_review
694,2024,04615000,investment,735320.0,21238.0,boundary_review
695,2023,04616000,investment,415991.0,17583.0,ok
695,2024,04616000,investment,146510.0,17423.0,ok
696,2023,04617000,investment,224183.0,10498.0,boundary_review
696,2024,04617000,investment,173860.0,10295.0,boundary_review
697,2023,04618000,investment,161382.0,22954.0,boundary_review
697,2024,04618000,investment,207016.0,22528.0,boundary_review
698,2023,04619000,investment,772674.0,12871.0,boundary_review
698,2024,04619000,investment,923292.0,12610.0,boundary_review
699,2023,04620000,investment,387254.0,8657.0,boundary_review
699,2024,04620000,investment,300696.0,8558.0,boundary_review
701,2023,04622000,investment,225278.0,13367.0,ok
701,2024,04622000,investment,405473.0,13157.0,ok
702,2023,04624000,investment,1439873.0,16917.0,ok
702,2024,04624000,investment,1196799.0,16559.0,ok
703,2023,04626000,investment,436540.0,12001.0,ok
703,2024,04626000,investment,191720.0,11808.0,ok
704,2023,04628000,investment,602200.0,12990.0,boundary_review
704,2024,04628000,investment,668290.0,12848.0,boundary_review
705,2023,04630000,investment,2874895.0,39701.0,ok
705,2024,04630000,investment,1606652.0,39269.0,ok
706,2023,04631000,investment,569676.0,13588.0,boundary_review
706,2024,04631000,investment,231131.0,13436.0,boundary_review
708,2023,04635000,investment,7164801.0,12208.0,ok
708,2024,04635000,investment,9655542.0,12009.0,ok
710,2023,04639000,investment,225353.0,23928.0,boundary_review
710,2024,04639000,investment,402505.0,23480.0,boundary_review
711,2023,04641000,investment,813332.0,10848.0,boundary_review
711,2024,04641000,investment,457515.0,10619.0,boundary_review
712,2023,04643000,investment,525284.0,8111.0,boundary_review
712,2024,04643000,investment,320759.0,7989.0,boundary_review
714,2023,04647000,investment,1530199.0,29892.0,boundary_review
714,2024,04647000,investment,1858970.0,29400.0,boundary_review
715,2023,04648000,investment,168441.0,9177.0,boundary_review
715,2024,04648000,investment,135250.0,9056.0,boundary_review
716,2023,04649000,investment,31101178.0,8492.0,ok
716,2024,04649000,investment,51458560.0,8308.0,ok
717,2023,04651000,investment,661804.0,19135.0,boundary_review
717,2024,04651000,investment,1666743.0,18911.0,boundary_review
718,2023,04653000,investment,194283985.0,29889.0,ok
718,2024,04653000,investment,343050221.0,29609.0,ok
719,2023,04652000,investment,147027.0,10129.0,boundary_review
719,2024,04652000,investment,126612.0,9952.0,boundary_review
720,2023,04654000,investment,86271542.0,12491.0,ok
720,2024,04654000,investment,81870744.0,12684.0,ok
722,2023,04656000,investment,2633388.0,27593.0,ok
722,2024,04656000,investment,2684402.0,27453.0,ok
723,2023,04657000,investment,1010657.0,18047.0,boundary_review
723,2024,04657000,investment,1019094.0,17912.0,boundary_review
725,2023,04659000,investment,945064.0,30328.0,ok
725,2024,04659000,investment,852505.0,30274.0,ok
726,2023,04650000,investment,56784147.0,13311.0,ok
726,2024,04650000,investment,57824457.0,13258.0,ok
727,2023,57701000,investment,222105538.0,1027157.0,ok
727,2024,57701000,investment,342111125.0,1026912.0,ok
731,2023,57726000,investment,1537003.0,61656.0,boundary_review
731,2024,57726000,investment,1717647.0,61124.0,boundary_review
775,2023,05701000,investment,218311720.0,628385.0,ok
775,2024,05701000,investment,169369476.0,622782.0,ok
776,2023,05703000,investment,1300755.0,47306.0,ok
776,2024,05703000,investment,3432763.0,47015.0,ok
777,2023,05705000,investment,7347278.0,117858.0,ok
777,2024,05705000,investment,27847469.0,117762.0,ok
778,2023,05706000,investment,36521471.0,42271.0,ok
778,2024,05706000,investment,27650730.0,42502.0,ok
779,2023,05707000,investment,452324.0,38999.0,ok
779,2024,05707000,investment,557479.0,38543.0,ok
780,2023,05708000,investment,2877424.0,24891.0,ok
780,2024,05708000,investment,6494978.0,24564.0,ok
781,2023,05711000,investment,703118.0,40210.0,ok
781,2024,05711000,investment,787677.0,39685.0,ok
782,2023,05714000,investment,22167038.0,137136.0,ok
782,2024,05714000,investment,45126975.0,135345.0,ok
783,2023,05717000,investment,2824004.0,39517.0,ok
783,2024,05717000,investment,16211741.0,39132.0,ok
784,2023,05720000,investment,567180.0,35096.0,boundary_review
784,2024,05720000,investment,595079.0,34822.0,boundary_review
785,2023,05723000,investment,9148112.0,205343.0,ok
785,2024,05723000,investment,8837668.0,205435.0,ok
788,2023,05607000,investment,74668.0,8026.0,ok
788,2024,05607000,investment,80596.0,7793.0,ok
790,2023,05612000,investment,267312.0,17605.0,ok
790,2024,05612000,investment,284787.0,17312.0,ok
791,2023,05614000,investment,595073.0,14116.0,ok
793,2023,05620000,investment,5364993.0,28755.0,ok
793,2024,05620000,investment,4251201.0,28474.0,ok
794,2023,05623000,investment,6580740.0,40669.0,ok
794,2024,05623000,investment,2413980.0,41960.0,ok
797,2023,05630000,investment,158657.0,29869.0,ok
800,2023,05637000,investment,1574939.0,20204.0,boundary_review
800,2024,05637000,investment,1873970.0,19870.0,boundary_review
805,2023,05653000,investment,261241.0,26306.0,ok
807,2023,05657000,investment,9702581.0,21135.0,ok
808,2023,05659000,investment,546501.0,12144.0,ok
809,2023,07701000,investment,45783937.0,550260.0,ok
809,2024,07701000,investment,41041151.0,557402.0,ok
810,2023,07705000,investment,670753.0,,no_population
811,2023,07707000,investment,1857388.0,,boundary_review
812,2023,07710000,investment,5066589.0,121534.0,ok
812,2024,07710000,investment,4506437.0,123138.0,ok
813,2023,07712000,investment,948489.0,50136.0,ok
813,2024,07712000,investment,2686015.0,50082.0,ok
814,2023,07713000,investment,13663078.0,,no_population
815,2023,07714000,investment,4047964.0,,no_population
817,2023,07716000,investment,401346.0,,no_population
818,2023,07718000,investment,651320.0,24405.0,ok
818,2024,07718000,investment,1485820.0,24717.0,ok
819,2023,07721000,investment,5870817.0,,no_population
820,2023,07724000,investment,17694213.0,115826.0,ok
820,2024,07724000,investment,20844590.0,114556.0,ok
821,2023,07725000,investment,4863038.0,,no_population
822,2023,07726000,investment,2528475.0,,no_population
823,2023,07731000,investment,3156538.0,,no_population
824,2023,07727000,investment,5100970.0,213377.0,ok
824,2024,07727000,investment,7232994.0,211692.0,ok
825,2023,07735000,investment,618567.0,,no_population
842,2023,08701000,investment,208953276.0,617168.0,ok
842,2024,08701000,investment,306816067.0,615570.0,ok
843,2023,08709000,investment,19349545.0,236158.0,ok
843,2024,08709000,investment,30265203.0,235488.0,ok
844,2023,08603000,investment,22360828.0,56707.0,ok
844,2024,08603000,investment,16582546.0,55970.0,ok
846,2023,08609000,investment,2179250.0,21445.0,ok
846,2024,08609000,investment,1850810.0,21147.0,ok
847,2023,08612000,investment,5225335.0,34071.0,ok
847,2024,08612000,investment,4857112.0,33535.0,ok
848,2023,08614000,investment,15347458.0,24861.0,ok
848,2024,08614000,investment,15584657.0,24441.0,ok
849,2023,08617000,investment,178239.0,19440.0,ok
849,2024,08617000,investment,172477.0,19202.0,ok
851,2023,08624000,investment,209215.0,38232.0,ok
851,2024,08624000,investment,330996.0,37861.0,ok
852,2023,08628000,investment,86610988.0,14430.0,ok
852,2024,08628000,investment,124310980.0,13922.0,ok
853,2023,08631000,investment,5098142.0,23830.0,ok
853,2024,08631000,investment,5349450.0,23555.0,ok
854,2023,08634000,investment,3305006.0,6083.0,ok
855,2023,08637000,investment,7761160.0,3657.0,ok
855,2024,08637000,investment,7804113.0,3532.0,ok
856,2023,08642000,investment,1399969.0,36866.0,ok
856,2024,08642000,investment,1923742.0,36352.0,ok
857,2023,08644000,investment,2214237.0,27089.0,ok
857,2024,08644000,investment,3515445.0,26843.0,ok
859,2023,08650000,investment,168326.0,14304.0,ok
859,2024,08650000,investment,263575.0,13977.0,ok
860,2023,08655000,investment,4754914.0,82008.0,ok
860,2024,08655000,investment,2997119.0,82380.0,ok
875,2023,10625000,investment,1233142.0,11572.0,ok
877,2023,10630000,investment,647943.0,10829.0,ok
877,2024,10630000,investment,539883.0,10666.0,ok
878,2023,10631000,investment,3360846.0,16847.0,ok
878,2024,10631000,investment,4422738.0,16478.0,ok
879,2023,10632000,investment,144222.0,9373.0,ok
879,2024,10632000,investment,230108.0,9173.0,ok
880,2023,10635000,investment,731215.0,12478.0,ok
880,2024,10635000,investment,386775.0,12248.0,ok
881,2023,10638000,investment,1075471.0,18720.0,ok
881,2024,10638000,investment,900696.0,18390.0,ok
883,2023,10642000,investment,332332103.0,11506.0,ok
883,2024,10642000,investment,446192256.0,11318.0,ok
884,2023,10645000,investment,11566047.0,,no_population
884,2024,10645000,investment,13970491.0,,no_population
890,2023,11701000,investment,40193057.0,303357.0,ok
890,2024,11701000,investment,45416323.0,301376.0,ok
891,2023,11708000,investment,2160742.0,34002.0,ok
891,2024,11708000,investment,2730822.0,33663.0,ok
892,2023,11710000,investment,2370669.0,67023.0,ok
892,2024,11710000,investment,2480153.0,66838.0,ok
895,2023,11715000,investment,7105119.0,32826.0,ok
895,2024,11715000,investment,7695816.0,32639.0,ok
896,2023,11730000,investment,12004211.0,156731.0,ok
896,2024,11730000,investment,7610919.0,156310.0,ok
897,2023,11605000,investment,1496799.0,45261.0,ok
897,2024,11605000,investment,1504074.0,44862.0,ok
902,2023,11622000,investment,75645.0,18209.0,ok
902,2024,11622000,investment,225540.0,17807.0,ok
904,2023,11630000,investment,112896.0,10234.0,ok
905,2023,11635000,investment,375607.0,9879.0,ok
905,2024,11635000,investment,1292534.0,9646.0,ok
909,2023,11646000,investment,474658.0,24068.0,ok
909,2024,11646000,investment,655702.0,23456.0,ok
912,2023,11652000,investment,4622262.0,28793.0,ok
916,2023,11851000,investment,21423628.0,,no_population
916,2024,11851000,investment,28638596.0,,no_population
917,2023,11811000,investment,62183453.0,,no_population
917,2024,11811000,investment,80036456.0,,no_population
918,2023,12701000,investment,48059026.0,468842.0,ok
918,2024,12701000,investment,55978529.0,465524.0,ok
920,2023,12605000,investment,1624108.0,57400.0,ok
920,2024,12605000,investment,7965285.0,57030.0,ok
922,2023,12615000,investment,1297941.0,25035.0,ok
922,2024,12615000,investment,2619458.0,25039.0,ok
923,2023,12620000,investment,210627.0,48058.0,ok
923,2024,12620000,investment,260320.0,47744.0,ok
924,2023,12625000,investment,233466.0,47368.0,ok
924,2024,12625000,investment,338975.0,46892.0,ok
925,2023,12630000,investment,15258359.0,36117.0,ok
925,2024,12630000,investment,11841070.0,35860.0,ok
926,2023,12635000,investment,1133192.0,27946.0,ok
926,2024,12635000,investment,1341502.0,27717.0,ok
927,2023,12640000,investment,1830183.0,47916.0,ok
927,2024,12640000,investment,3543738.0,47528.0,ok
928,2023,12642000,investment,501901.0,64629.0,ok
928,2024,12642000,investment,569512.0,66669.0,ok
929,2023,12645000,investment,577225.0,39706.0,ok
929,2024,12645000,investment,1123114.0,39434.0,ok
930,2023,12650000,investment,216267.0,19408.0,ok
930,2024,12650000,investment,99452.0,19298.0,ok
986,2023,17701000,investment,40643210.0,349315.0,ok
986,2024,17701000,investment,41052993.0,346685.0,ok
987,2023,17720000,investment,1871773.0,52002.0,ok
987,2024,17720000,investment,2011124.0,51182.0,ok
988,2023,17725000,investment,5244436.0,130327.0,ok
988,2024,17725000,investment,12656133.0,128879.0,ok
989,2023,17735000,investment,5195795.0,113330.0,boundary_review
989,2024,17735000,investment,6905355.0,112091.0,boundary_review
991,2023,17605000,investment,3018173.0,104158.0,ok
991,2024,17605000,investment,3347383.0,102657.0,ok
992,2023,17610000,investment,2077735.0,68662.0,ok
992,2024,17610000,investment,2519099.0,66875.0,ok
993,2023,17615000,investment,2194703.0,20260.0,ok
993,2024,17615000,investment,707342.0,19901.0,ok
994,2023,17620000,investment,949725.0,39472.0,ok
994,2024,17620000,investment,1926805.0,38749.0,ok
995,2023,17625000,investment,562612.0,30510.0,ok
995,2024,17625000,investment,1355229.0,30466.0,ok
996,2023,17630000,investment,1242479.0,38094.0,ok
996,2024,17630000,investment,2177481.0,37950.0,ok
998,2023,17640000,investment,883530.0,48256.0,ok
998,2024,17640000,investment,1644365.0,47188.0,ok
999,2023,17642000,investment,1232243.0,31820.0,ok
999,2024,17642000,investment,1045238.0,31240.0,ok
1001,2023,17646000,investment,8063595.0,58851.0,boundary_review
1001,2024,17646000,investment,8387777.0,58074.0,boundary_review
1002,2023,17648000,investment,163349.0,16791.0,ok
1002,2024,17648000,investment,129377.0,16758.0,ok
1003,2023,17650000,investment,3935677.0,49313.0,ok
1003,2024,17650000,investment,7144687.0,48500.0,ok
1004,2023,17652000,investment,1039132.0,34595.0,ok
1004,2024,17652000,investment,916259.0,34005.0,ok
1005,2023,17654000,investment,2165851.0,46468.0,ok
1005,2024,17654000,investment,2273044.0,46532.0,ok
1006,2023,17656000,investment,2163120.0,31345.0,ok
1006,2024,17656000,investment,1442764.0,30784.0,ok
1007,2023,18701000,investment,135061361.0,1025662.0,ok
1007,2024,18701000,investment,152482547.0,1018898.0,ok
1008,2023,18710000,investment,28798630.0,316544.0,ok
1008,2024,18710000,investment,60900733.0,315220.0,ok
1009,2023,18715000,investment,1708305.0,105471.0,ok
1009,2024,18715000,investment,3471236.0,105187.0,ok
1010,2023,18720000,investment,2622493.0,82970.0,ok
1010,2024,18720000,investment,3858252.0,82402.0,ok
1011,2023,18725000,investment,658145.0,35449.0,ok
1011,2024,18725000,investment,1111944.0,35085.0,ok
1012,2023,18728000,investment,2094764.0,34494.0,ok
1012,2024,18728000,investment,1307304.0,34173.0,ok
1013,2023,18602000,investment,368307.0,14873.0,ok
1013,2024,18602000,investment,314558.0,14771.0,ok
1014,2023,18604000,investment,2803558.0,24781.0,ok
1014,2024,18604000,investment,1256478.0,24854.0,ok
1015,2023,18605000,investment,14320577.0,59337.0,ok
1015,2024,18605000,investment,18473364.0,59927.0,ok
1016,2023,18606000,investment,194297.0,12515.0,ok
1016,2024,18606000,investment,309988.0,12175.0,ok
1017,2023,18608000,investment,209256.0,28817.0,ok
1017,2024,18608000,investment,171765.0,28637.0,ok
1018,2023,18610000,investment,2309073.0,28360.0,ok
1018,2024,18610000,investment,1350853.0,27976.0,ok
1019,2023,18612000,investment,1702104.0,36278.0,ok
1019,2024,18612000,investment,2107182.0,35986.0,ok
1020,2023,18614000,investment,282975.0,31190.0,ok
1020,2024,18614000,investment,410452.0,30650.0,ok
1021,2023,18616000,investment,1499814.0,51061.0,ok
1021,2024,18616000,investment,1038038.0,50507.0,ok
1023,2023,18620000,investment,157026.0,14639.0,ok
1023,2024,18620000,investment,145467.0,14536.0,ok
1024,2023,18622000,investment,430081.0,16093.0,ok
1024,2024,18622000,investment,178774.0,15893.0,ok
1025,2023,18624000,investment,16653934.0,36949.0,ok
1025,2024,18624000,investment,21330746.0,36842.0,ok
1026,2023,18626000,investment,1350744.0,29296.0,ok
1026,2024,18626000,investment,2428229.0,28608.0,ok
1027,2023,18646000,investment,106410.0,17758.0,ok
1027,2024,18646000,investment,39583.0,17511.0,ok
1028,2023,18630000,investment,163204.0,27375.0,ok
1028,2024,18630000,investment,272894.0,27111.0,ok
1029,2023,18634000,investment,39263.0,13014.0,ok
1029,2024,18634000,investment,109061.0,12813.0,ok
1030,2023,18636000,investment,897200.0,28467.0,ok
1030,2024,18636000,investment,1864434.0,28193.0,ok
1031,2023,18638000,investment,388779.0,31911.0,ok
1031,2024,18638000,investment,736577.0,31431.0,ok
1032,2023,18640000,investment,612444.0,19675.0,ok
1032,2024,18640000,investment,300352.0,19463.0,ok
1033,2023,18642000,investment,307714.0,20105.0,ok
1033,2024,18642000,investment,473138.0,20005.0,ok
1034,2023,18643000,investment,320685.0,15994.0,ok
1034,2024,18643000,investment,183773.0,15780.0,ok
1035,2023,18645000,investment,355369.0,38309.0,ok
1035,2024,18645000,investment,313251.0,37911.0,ok
1036,2023,18647000,investment,266975.0,14298.0,ok
1036,2024,18647000,investment,89649.0,14070.0,ok
1037,2023,18649000,investment,599832.0,33712.0,ok
1037,2024,18649000,investment,714275.0,33189.0,ok
1038,2023,18650000,investment,122621.0,22132.0,ok
1038,2024,18650000,investment,98951.0,21811.0,ok
1039,2023,18651000,investment,2276305.0,61206.0,ok
1039,2024,18651000,investment,6338936.0,61526.0,ok
1040,2023,18652000,investment,396746.0,16794.0,ok
1040,2024,18652000,investment,527485.0,16630.0,ok
1041,2023,18653000,investment,2975158.0,32730.0,ok
1041,2024,18653000,investment,4528450.0,33010.0,ok
1044,2023,18658000,investment,232083.0,13146.0,ok
1044,2024,18658000,investment,356036.0,12986.0,ok
1055,2023,19622000,investment,2558960.0,22200.0,ok
1055,2024,19622000,investment,2969480.0,21919.0,ok
1058,2023,19628000,investment,623154.0,14088.0,ok
1061,2023,19634000,investment,590379.0,18845.0,ok
1071,2023,19656000,investment,1307013.0,39222.0,ok
1071,2024,19656000,investment,1803069.0,39202.0,ok
1072,2023,19658000,investment,6573696.0,29037.0,ok
1072,2024,19658000,investment,4264675.0,28758.0,ok
1107,2023,24701000,investment,17426168.0,360687.0,ok
1107,2024,24701000,investment,19123858.0,358437.0,ok
1108,2023,24703000,investment,104897.0,30010.0,ok
1108,2024,24703000,investment,191499.0,29623.0,ok
1109,2023,24705000,investment,2465608.0,75823.0,ok
1109,2024,24705000,investment,3486061.0,74804.0,ok
1110,2023,24706000,investment,718776.0,30592.0,ok
1110,2024,24706000,investment,218121.0,30181.0,ok
1111,2023,24707000,investment,539744.0,30763.0,ok
1111,2024,24707000,investment,780175.0,30506.0,ok
1112,2023,24711000,investment,1284373.0,53910.0,ok
1112,2024,24711000,investment,1635912.0,53312.0,ok
1113,2023,24601000,investment,120087.0,15953.0,ok
1113,2024,24601000,investment,196394.0,15732.0,ok
1115,2023,24603000,investment,561997.0,12202.0,ok
1115,2024,24603000,investment,941738.0,11865.0,ok
1116,2023,24605000,investment,546030.0,12422.0,ok
1116,2024,24605000,investment,70968.0,12153.0,ok
1117,2023,24607000,investment,3778500.0,40427.0,ok
1117,2024,24607000,investment,2875055.0,40478.0,ok
1118,2023,24609000,investment,41000.0,7306.0,ok
1118,2024,24609000,investment,38178.0,7336.0,ok
1119,2023,24611000,investment,454771.0,17748.0,ok
1119,2024,24611000,investment,805548.0,17408.0,ok
1120,2023,24613000,investment,3264119.0,19486.0,ok
1120,2024,24613000,investment,963266.0,19537.0,ok
1121,2023,24614000,investment,406741.0,15124.0,ok
1121,2024,24614000,investment,644703.0,14905.0,ok
1122,2023,24615000,investment,22943.0,7523.0,ok
1122,2024,24615000,investment,27585.0,7399.0,ok
1123,2023,24617000,investment,127090.0,8663.0,ok
1123,2024,24617000,investment,462310.0,8518.0,ok
1124,2023,24619000,investment,16492.0,4854.0,ok
1124,2024,24619000,investment,9872.0,4744.0,ok
1125,2023,24620000,investment,431676.0,21783.0,ok
1125,2024,24620000,investment,362719.0,21589.0,ok
1126,2023,24621000,investment,183636.0,10712.0,ok
1126,2024,24621000,investment,184525.0,10538.0,ok
1127,2023,24623000,investment,2194451.0,30074.0,ok
1127,2024,24623000,investment,1604309.0,29807.0,ok
1128,2023,24625000,investment,26513.0,9969.0,ok
1128,2024,24625000,investment,29613.0,9719.0,ok
1129,2023,24629000,investment,60600.0,10198.0,ok
1129,2024,24629000,investment,101118.0,9988.0,ok
1130,2023,24631000,investment,701060.0,33904.0,ok
1130,2024,24631000,investment,1445256.0,33630.0,ok
1131,2023,24633000,investment,134183.0,19596.0,ok
1131,2024,24633000,investment,96077.0,19184.0,ok
1132,2023,24635000,investment,103999.0,19284.0,ok
1132,2024,24635000,investment,87929.0,19100.0,ok
1133,2023,24637000,investment,37572.0,11727.0,ok
1133,2024,24637000,investment,341215.0,11464.0,ok
1134,2023,25701000,investment,356634819.0,,no_population
1134,2024,25701000,investment,430126052.0,,no_population
1135,2023,25703000,investment,14497603.0,230058.0,ok
1135,2024,25703000,investment,19236067.0,229085.0,ok
1136,2023,25714000,investment,30029209.0,221244.0,ok
1136,2024,25714000,investment,38357956.0,220097.0,ok
1137,2023,25720000,investment,87640.0,30181.0,ok
1137,2024,25720000,investment,444908.0,29877.0,ok
1138,2023,25726000,investment,2212648.0,35593.0,ok
1138,2024,25726000,investment,2931569.0,35724.0,ok
1139,2023,25732000,investment,2398392.0,37847.0,ok
1139,2024,25732000,investment,2366519.0,37583.0,ok
1140,2023,25736000,investment,1507667.0,73507.0,ok
1140,2024,25736000,investment,3051746.0,72594.0,ok
1141,2023,25738000,investment,53416861.0,78445.0,ok
1141,2024,25738000,investment,25132807.0,77762.0,ok
1142,2023,25745000,investment,1562770.0,53415.0,ok
1142,2024,25745000,investment,2124222.0,53160.0,ok
1143,2023,25746000,investment,99858.0,15333.0,ok
1143,2024,25746000,investment,162186.0,15270.0,ok
1144,2023,25601000,investment,101725.0,8643.0,ok
1144,2024,25601000,investment,66429.0,8577.0,ok
1146,2023,25604000,investment,1993534.0,47876.0,ok
1146,2024,25604000,investment,1117013.0,47236.0,ok
1147,2023,25606000,investment,11839537.0,8975.0,ok
1147,2024,25606000,investment,5775376.0,9747.0,ok
1148,2023,25608000,investment,2202133.0,26414.0,ok
1148,2024,25608000,investment,946417.0,26236.0,ok
1149,2023,25610000,investment,281704.0,,no_population
1149,2024,25610000,investment,501468.0,,no_population
1150,2023,25612000,investment,3781767.0,,no_population
1150,2024,25612000,investment,4573505.0,,no_population
1151,2023,25614000,investment,3653848.0,15129.0,ok
1151,2024,25614000,investment,4217722.0,14910.0,ok
1152,2023,25616000,investment,32917923.0,3025.0,ok
1152,2024,25616000,investment,50474978.0,3016.0,ok
1153,2023,25618000,investment,510699.0,15159.0,ok
1153,2024,25618000,investment,1034718.0,15044.0,ok
1154,2023,25620000,investment,2331157.0,15876.0,ok
1154,2024,25620000,investment,2102342.0,15936.0,ok
1155,2023,25622000,investment,314955.0,27222.0,ok
1155,2024,25622000,investment,175386.0,26931.0,ok
1157,2023,25626000,investment,2150181.0,42534.0,ok
1157,2024,25626000,investment,3166133.0,41873.0,ok
1158,2023,25628000,investment,1568247.0,52307.0,ok
1158,2024,25628000,investment,1797584.0,51698.0,ok
1159,2023,25630000,investment,70912.0,,no_population
1159,2024,25630000,investment,60041.0,,no_population
1160,2023,25634000,investment,1135042.0,38631.0,ok
1160,2024,25634000,investment,2664378.0,38424.0,ok
1161,2023,25636000,investment,24968741.0,70728.0,ok
1161,2024,25636000,investment,26843985.0,69773.0,ok
1163,2023,25640000,investment,4966756.0,,no_population
1163,2024,25640000,investment,5467696.0,,no_population
1164,2023,25642000,investment,2620414.0,13031.0,ok
1164,2024,25642000,investment,926211.0,12734.0,ok
1165,2023,25644000,investment,211697633.0,42502.0,ok
1165,2024,25644000,investment,214484151.0,41633.0,ok
1166,2023,25646000,investment,130433.0,13343.0,ok
1166,2024,25646000,investment,120245.0,13291.0,ok
1167,2023,25648000,investment,1701122.0,,no_population
1167,2024,25648000,investment,1937668.0,,no_population
1168,2023,25650000,investment,842286.0,,no_population
1168,2024,25650000,investment,604262.0,,no_population
1169,2023,25655000,investment,4129827.0,,no_population
1169,2024,25655000,investment,8345169.0,,no_population
1170,2023,25605000,investment,106181.0,22197.0,ok
1170,2024,25605000,investment,317332.0,22320.0,ok
1171,2023,25607000,investment,111708.0,11607.0,ok
1171,2024,25607000,investment,60683.0,11534.0,ok
1172,2023,25609000,investment,69144.0,25072.0,ok
1172,2024,25609000,investment,1000154.0,25159.0,ok
1173,2023,25629000,investment,571632.0,15036.0,ok
1173,2024,25629000,investment,716358.0,14902.0,ok
1174,2023,25631000,investment,647580.0,20829.0,ok
1174,2024,25631000,investment,409966.0,20704.0,ok
1175,2023,25657000,investment,794398.0,29498.0,ok
1175,2024,25657000,investment,401878.0,29626.0,ok
1176,2023,27701000,investment,119327478.0,489735.0,ok
1176,2024,27701000,investment,125693615.0,489584.0,ok
1178,2023,27712000,investment,102612.0,8508.0,ok
1178,2024,27712000,investment,44361.0,8458.0,ok
1179,2023,27717000,investment,1914128.0,12873.0,ok
1179,2024,27717000,investment,1027824.0,12928.0,ok
1180,2023,27725000,investment,12954938.0,27592.0,ok
1180,2024,27725000,investment,5088171.0,27486.0,ok
1181,2023,27730000,investment,280129.0,38614.0,ok
1181,2024,27730000,investment,558328.0,38474.0,ok
1187,2023,27709000,investment,1073639.0,37533.0,ok
1187,2024,27709000,investment,1273075.0,37472.0,ok
1198,2023,29701000,investment,50121985.0,355488.0,ok
1198,2024,29701000,investment,50157729.0,351103.0,ok
1200,2023,29602000,investment,346100.0,,no_population
1200,2024,29602000,investment,778890.0,,no_population
1201,2023,29604000,investment,171564.0,,no_population
1201,2024,29604000,investment,646736.0,,no_population
1203,2023,29608000,investment,2772084.0,,no_population
1203,2024,29608000,investment,3594865.0,,no_population
1204,2023,29610000,investment,341093.0,,no_population
1204,2024,29610000,investment,171078.0,,no_population
1205,2023,29612000,investment,117649.0,,no_population
1205,2024,29612000,investment,228190.0,,no_population
1206,2023,29613000,investment,3936578.0,,no_population
1206,2024,29613000,investment,4812557.0,,no_population
1207,2023,29614000,investment,1602927.0,,no_population
1207,2024,29614000,investment,2286932.0,,no_population
1208,2023,29615000,investment,186490.0,,no_population
1208,2024,29615000,investment,283605.0,,no_population
1209,2023,29616000,investment,1565793.0,,no_population
1209,2024,29616000,investment,2044459.0,,no_population
1210,2023,29618000,investment,801897.0,,no_population
1210,2024,29618000,investment,747659.0,,no_population
1211,2023,29620000,investment,9894718.0,,no_population
1211,2024,29620000,investment,15714841.0,,no_population
1212,2023,29623000,investment,2586328.0,,no_population
1212,2024,29623000,investment,3247932.0,,no_population
1213,2023,29625000,investment,356020.0,,no_population
1213,2024,29625000,investment,207637.0,,no_population
1214,2023,29627000,investment,47754.0,,no_population
1214,2024,29627000,investment,55435.0,,no_population
1215,2023,29629000,investment,253961.0,,no_population
1215,2024,29629000,investment,317929.0,,no_population
1217,2023,29634000,investment,352625.0,,no_population
1217,2024,29634000,investment,1022600.0,,no_population
1218,2023,29636000,investment,1059961.0,,no_population
1218,2024,29636000,investment,1376745.0,,no_population
1219,2023,29638000,investment,346478.0,,no_population
1219,2024,29638000,investment,459675.0,,no_population
1220,2023,29642000,investment,1448219.0,,no_population
1220,2024,29642000,investment,746261.0,,no_population
1221,2023,29644000,investment,636380.0,,no_population
1221,2024,29644000,investment,1463751.0,,no_population
1222,2023,29646000,investment,583754.0,,no_population
1222,2024,29646000,investment,2636234.0,,no_population
1223,2023,29650000,investment,398714.0,,no_population
1223,2024,29650000,investment,315121.0,,no_population
1224,2023,32701000,investment,50782700.0,549362.0,ok
1224,2024,32701000,investment,71372474.0,544600.0,ok
1225,2023,32704000,investment,4861445.0,70178.0,ok
1225,2024,32704000,investment,8502710.0,69293.0,ok
1226,2023,32707000,investment,14866932.0,120094.0,ok
1226,2024,32707000,investment,15971396.0,119175.0,ok
1227,2023,32710000,investment,1314315.0,45941.0,ok
1227,2024,32710000,investment,1902227.0,45757.0,ok
1228,2023,32715000,investment,3408652.0,29370.0,ok
1228,2024,32715000,investment,3519282.0,29026.0,ok
1229,2023,32716000,investment,8275011.0,86185.0,ok
1229,2024,32716000,investment,6663140.0,85300.0,ok
1230,2023,32719000,investment,13293633.0,91711.0,boundary_review
1230,2024,32719000,investment,11346183.0,90570.0,boundary_review
1231,2023,32725000,investment,20727979.0,96559.0,ok
1231,2024,32725000,investment,21040323.0,96216.0,ok
1232,2023,32728000,investment,10894933.0,41743.0,ok
1232,2024,32728000,investment,6695722.0,41229.0,ok
1233,2023,32731000,investment,43707563.0,533565.0,ok
1233,2024,32731000,investment,60136723.0,531186.0,ok
1234,2023,32734000,investment,1577494.0,44002.0,ok
1234,2024,32734000,investment,1829202.0,43655.0,ok
1235,2023,32732000,investment,5559313.0,28061.0,boundary_review
1235,2024,32732000,investment,3706689.0,27901.0,boundary_review
1236,2023,32737000,investment,3777208.0,174859.0,ok
1236,2024,32737000,investment,5536116.0,172618.0,ok
1237,2023,32740000,investment,182401.0,23240.0,ok
1237,2024,32740000,investment,391948.0,23065.0,ok
1238,2023,32749000,investment,1520226.0,78494.0,ok
1238,2024,32749000,investment,2920601.0,78009.0,ok
1250,2023,32627000,investment,10049703.0,49596.0,ok
1250,2024,32627000,investment,10688157.0,48876.0,ok
1258,2023,33701000,investment,50594398.0,496941.0,ok
1258,2024,33701000,investment,69411226.0,500457.0,ok
1259,2023,33704000,investment,1020866.0,29227.0,ok
1259,2024,33704000,investment,1198719.0,28922.0,ok
1260,2023,33707000,investment,5600021.0,65262.0,ok
1260,2024,33707000,investment,8383743.0,64571.0,ok
1261,2023,33710000,investment,592865.0,19631.0,ok
1261,2024,33710000,investment,339989.0,19454.0,ok
1262,2023,33713000,investment,1770150.0,28908.0,ok
1262,2024,33713000,investment,1427970.0,28479.0,ok
1266,2023,33605000,investment,178822.0,15331.0,ok
1266,2024,33605000,investment,86568.0,15062.0,ok
1269,2023,33608000,investment,442141.0,6931.0,ok
1269,2024,33608000,investment,270060.0,6778.0,ok
1270,2023,33610000,investment,719407.0,22790.0,ok
1270,2024,33610000,investment,927862.0,22503.0,ok
1271,2023,33612000,investment,66585.0,8318.0,ok
1271,2024,33612000,investment,126743.0,8117.0,ok
1272,2023,33614000,investment,1483517.0,16810.0,ok
1272,2024,33614000,investment,1480525.0,16435.0,ok
1274,2023,33617000,investment,69552.0,9726.0,ok
1274,2024,33617000,investment,207925.0,9573.0,ok
1275,2023,33618000,investment,486603.0,19871.0,ok
1275,2024,33618000,investment,1020552.0,19898.0,ok
1276,2023,33619000,investment,455129.0,10408.0,ok
1276,2024,33619000,investment,748118.0,9945.0,ok
1277,2023,33620000,investment,1537187.0,14363.0,ok
1277,2024,33620000,investment,1968404.0,14038.0,ok
1280,2023,33623000,investment,726419.0,20133.0,ok
1280,2024,33623000,investment,648480.0,19801.0,ok
1282,2023,33625000,investment,37884.0,6480.0,ok
1282,2024,33625000,investment,42033.0,6225.0,ok
1284,2023,33627000,investment,268851.0,15594.0,ok
1284,2024,33627000,investment,210668.0,15213.0,ok
1285,2023,33628000,investment,2715803.0,33878.0,ok
1285,2024,33628000,investment,2367964.0,33193.0,ok
1287,2023,33630000,investment,1324159.0,24751.0,ok
1287,2024,33630000,investment,943747.0,24539.0,ok
1288,2023,33645000,investment,802757.0,9442.0,ok
1288,2024,33645000,investment,704538.0,9136.0,ok
1290,2023,33632000,investment,90389.0,11490.0,ok
1290,2024,33632000,investment,114259.0,11195.0,ok
1293,2023,33635000,investment,1470564.0,31977.0,ok
1293,2024,33635000,investment,718406.0,32057.0,ok
1294,2023,33636000,investment,978088.0,21799.0,ok
1294,2024,33636000,investment,920864.0,21424.0,ok
1295,2023,33637000,investment,429272.0,5002.0,ok
1295,2024,33637000,investment,479535.0,4826.0,ok
1296,2023,33638000,investment,28781.0,5621.0,ok
1296,2024,33638000,investment,79008.0,5475.0,ok
1298,2023,33641000,investment,2398721.0,19810.0,ok
1298,2024,33641000,investment,3873226.0,19396.0,ok
1300,2023,33647000,investment,104411.0,7388.0,ok
1300,2024,33647000,investment,201553.0,7140.0,ok
1301,2023,33649000,investment,509093.0,16154.0,ok
1301,2024,33649000,investment,815418.0,15836.0,ok
1302,2023,33650000,investment,411865.0,19684.0,ok
1302,2024,33650000,investment,365314.0,19268.0,ok
1303,2023,34701000,investment,15213381.0,265965.0,ok
1303,2024,34701000,investment,15752046.0,265761.0,ok
1304,2023,34705000,investment,1836514.0,20211.0,ok
1304,2024,34705000,investment,947780.0,19938.0,ok
1305,2023,34706000,investment,5909912.0,14079.0,ok
1305,2024,34706000,investment,2744953.0,14030.0,ok
1306,2023,34708000,investment,1338505.0,12600.0,ok
1306,2024,34708000,investment,1072921.0,12488.0,ok
1308,2023,34730000,investment,466329.0,30369.0,ok
1308,2024,34730000,investment,1003865.0,30008.0,ok
1309,2023,34602000,investment,18250.0,5105.0,ok
1309,2024,34602000,investment,39010.0,4987.0,ok
1310,2023,34604000,investment,63903.0,8754.0,ok
1310,2024,34604000,investment,10796.0,8634.0,ok
1311,2023,34606000,investment,111529.0,6698.0,ok
1311,2024,34606000,investment,178145.0,6543.0,ok
1312,2023,34608000,investment,455915.0,6412.0,ok
1312,2024,34608000,investment,642337.0,6258.0,ok
1313,2023,34610000,investment,275292.0,5895.0,ok
1313,2024,34610000,investment,211862.0,5744.0,ok
1315,2023,34614000,investment,538492.0,41653.0,ok
1315,2024,34614000,investment,1111593.0,40577.0,ok
1316,2023,34616000,investment,2367628.0,16115.0,ok
1316,2024,34616000,investment,2791695.0,16012.0,ok
1317,2023,34618000,investment,32034.0,10096.0,ok
1317,2024,34618000,investment,85884.0,9933.0,ok
1321,2023,34626000,investment,786004.0,28471.0,ok
1321,2024,34626000,investment,1184193.0,27921.0,ok
1322,2023,34628000,investment,235996.0,3343.0,ok
1322,2024,34628000,investment,204016.0,3257.0,ok
1323,2023,34630000,investment,53533.0,8904.0,ok
1324,2023,34632000,investment,10578.0,3003.0,ok
1328,2023,34640000,investment,143177.0,7721.0,ok
1329,2023,34642000,investment,336003.0,10893.0,ok
1329,2024,34642000,investment,468869.0,10748.0,ok
1330,2023,34644000,investment,681625.0,5670.0,ok
1330,2024,34644000,investment,212392.0,5566.0,ok
1331,2023,34646000,investment,91273.0,7779.0,ok
1331,2024,34646000,investment,28506.0,7653.0,ok
1333,2023,37701000,investment,38232518.0,305505.0,ok
1333,2024,37701000,investment,51603238.0,302354.0,ok
1334,2023,37705000,investment,3701789.0,68102.0,ok
1334,2024,37705000,investment,4318925.0,67884.0,ok
1337,2023,37606000,investment,380163.0,,no_population
1338,2023,37608000,investment,753786.0,,no_population
1341,2023,37612000,investment,305463.0,,no_population
1350,2023,37630000,investment,199486.0,,no_population
1392,2023,41603000,investment,2212416.0,50977.0,ok
1392,2024,41603000,investment,1555600.0,50855.0,ok
1393,2023,41606000,investment,2204591.0,50211.0,ok
1393,2024,41606000,investment,2054876.0,50257.0,ok
1394,2023,41609000,investment,9596000.0,79417.0,ok
1394,2024,41609000,investment,10150920.0,78679.0,ok
1395,2023,41612000,investment,74535203.0,554288.0,ok
1395,2024,41612000,investment,132753645.0,571142.0,ok
1396,2023,41615000,investment,33316321.0,195374.0,ok
1396,2024,41615000,investment,38311731.0,194689.0,ok
1397,2023,41618000,investment,24004954.0,261898.0,ok
1397,2024,41618000,investment,21470210.0,261522.0,ok
1398,2023,41621000,investment,336687618.0,83838.0,ok
1398,2024,41621000,investment,652073970.0,83361.0,ok
1399,2023,41624000,investment,17773451.0,59877.0,ok
1399,2024,41624000,investment,12648443.0,58942.0,ok
1400,2023,41625000,investment,6046983.0,108460.0,ok
1400,2024,41625000,investment,6678154.0,108186.0,ok
1401,2023,41627000,investment,1184482.0,27548.0,ok
1401,2024,41627000,investment,700621.0,27168.0,ok
1402,2023,41630000,investment,21137155.0,85329.0,ok
1402,2024,41630000,investment,26669023.0,90576.0,ok
1403,2023,41633000,investment,2680328.0,75307.0,ok
1403,2024,41633000,investment,4164396.0,74392.0,ok
1404,2023,41636000,investment,1192274.0,25508.0,ok
1404,2024,41636000,investment,906779.0,25067.0,ok
1405,2023,41639000,investment,3702805.0,57047.0,ok
1405,2024,41639000,investment,4896458.0,56730.0,ok
1406,2023,41642000,investment,1422362.0,45192.0,ok
1406,2024,41642000,investment,2469051.0,44406.0,ok
1407,2023,41645000,investment,1939805.0,66266.0,ok
1407,2024,41645000,investment,3129200.0,65782.0,ok
1408,2023,41648000,investment,14226229.0,133109.0,ok
1408,2024,41648000,investment,18421454.0,130546.0,ok
1409,2023,41754000,investment,20512641.0,,no_population
1409,2024,41754000,investment,28521361.0,,no_population
1410,2023,42701000,investment,66700457.0,490428.0,ok
1410,2024,42701000,investment,103483693.0,485260.0,ok
1411,2023,42715000,investment,5499243.0,96918.0,ok
1411,2024,42715000,investment,5058500.0,94902.0,ok
1412,2023,42603000,investment,382284.0,12561.0,ok
1412,2024,42603000,investment,,12286.0,missing
1413,2023,42606000,investment,12307772.0,77162.0,ok
1413,2024,42606000,investment,15848550.0,77383.0,ok
1414,2023,42609000,investment,3008983.0,31727.0,ok
1414,2024,42609000,investment,3090659.0,31514.0,ok
1415,2023,42612000,investment,1893638.0,32556.0,ok
1415,2024,42612000,investment,2755441.0,32283.0,ok
1416,2023,42615000,investment,1402095.0,26851.0,ok
1416,2024,42615000,investment,,26993.0,missing
1417,2023,42618000,investment,881282.0,16041.0,ok
1417,2024,42618000,investment,975045.0,15713.0,ok
1419,2023,42624000,investment,4239382.0,33711.0,ok
1419,2024,42624000,investment,4776495.0,33205.0,ok
1420,2023,42627000,investment,777727.0,14930.0,ok
1420,2024,42627000,investment,,14799.0,missing
1421,2023,42630000,investment,1576177.0,13303.0,ok
1421,2024,42630000,investment,1123467.0,13181.0,ok
1422,2023,42633000,investment,5363476.0,39264.0,ok
1422,2024,42633000,investment,8013576.0,38865.0,ok
1423,2023,42636000,investment,2402726.0,16391.0,ok
1423,2024,42636000,investment,2837906.0,16181.0,ok
1425,2023,42642000,investment,924859.0,16432.0,ok
1425,2024,42642000,investment,,16521.0,missing
1426,2023,42645000,investment,3094037.0,20572.0,ok
1426,2024,42645000,investment,9160654.0,20466.0,ok
1427,2023,42648000,investment,4024590.0,49307.0,ok
1427,2024,42648000,investment,7398115.0,49178.0,ok
1428,2023,42652000,investment,946598.0,18518.0,ok
1428,2024,42652000,investment,1399444.0,18262.0,ok
1429,2023,42656000,investment,1454864.0,30120.0,ok
1429,2024,42656000,investment,1430102.0,29850.0,ok
1430,2023,44701000,investment,53304895.0,95408.0,ok
1430,2024,44701000,investment,44001464.0,94768.0,ok
1439,2023,46704000,investment,42450757.0,549846.0,boundary_review
1439,2024,46704000,investment,59207993.0,554248.0,boundary_review
1440,2023,46705000,investment,3768586.0,21294.0,ok
1440,2024,46705000,investment,4720852.0,20981.0,ok
1443,2023,46711000,investment,6642576.0,57700.0,boundary_review
1443,2024,46711000,investment,7407114.0,57434.0,boundary_review
1444,2023,46716000,investment,24927913.0,119957.0,ok
1444,2024,46716000,investment,17743960.0,119089.0,ok
1445,2023,46709000,investment,51837025.0,222807.0,ok
1445,2024,46709000,investment,45899983.0,226573.0,ok
1446,2023,46718000,investment,29199228.0,74193.0,ok
1446,2024,46718000,investment,39418762.0,74032.0,ok
1447,2023,46722000,investment,7070551.0,111398.0,ok
1447,2024,46722000,investment,8718210.0,111759.0,ok
1448,2023,46725000,investment,7362674.0,110507.0,ok
1448,2024,46725000,investment,15390605.0,110083.0,ok
1449,2023,46729000,investment,2172356.0,36534.0,ok
1449,2024,46729000,investment,2309027.0,36618.0,ok
1453,2023,46733000,investment,26703627.0,172848.0,ok
1453,2024,46733000,investment,26121498.0,171213.0,ok
1454,2023,46735000,investment,10813570.0,66371.0,ok
1454,2024,46735000,investment,14351320.0,65747.0,ok
1456,2023,46734000,investment,22945824.0,226936.0,boundary_review
1456,2024,46734000,investment,20005366.0,226007.0,boundary_review
1457,2023,46739000,investment,22087853.0,68758.0,ok
1457,2024,46739000,investment,32561521.0,72311.0,ok
1459,2023,46744000,investment,94817250.0,324754.0,ok
1459,2024,46744000,investment,104013970.0,335991.0,ok
1461,2023,46740000,investment,8072137.0,81968.0,ok
1461,2024,46740000,investment,11371029.0,81143.0,ok
1463,2023,46747000,investment,6091885.0,60722.0,ok
1463,2024,46747000,investment,5567691.0,61079.0,ok
1464,2023,46741000,investment,4094976.0,66079.0,ok
1464,2024,46741000,investment,7387098.0,66526.0,ok
1465,2023,46748000,investment,51951323.0,356489.0,boundary_review
1465,2024,46748000,investment,57065930.0,364888.0,boundary_review
1467,2023,46746000,investment,70537793.0,299964.0,ok
1467,2024,46746000,investment,102081456.0,309564.0,ok
1468,2023,46750000,investment,24606454.0,194589.0,boundary_review
1468,2024,46750000,investment,20386088.0,198501.0,boundary_review
1472,2023,46760000,investment,48003137.0,350268.0,boundary_review
1472,2024,46760000,investment,48292984.0,350634.0,boundary_review
1473,2023,46767000,investment,1433240.0,36985.0,boundary_review
1473,2024,46767000,investment,2195861.0,37221.0,boundary_review
1474,2023,46762000,investment,593317.0,19392.0,boundary_review
1474,2024,46762000,investment,501334.0,19342.0,boundary_review
1475,2023,46764000,investment,15990618.0,113140.0,ok
1475,2024,46764000,investment,25982717.0,112070.0,ok
1477,2023,46766000,investment,5357885.0,79513.0,ok
1477,2024,46766000,investment,4439788.0,79874.0,ok
1478,2023,46772000,investment,1013355.0,23475.0,ok
1478,2024,46772000,investment,1882667.0,23278.0,ok
1480,2023,46776000,investment,14260326.0,118268.0,ok
1480,2024,46776000,investment,22448785.0,118129.0,ok
1481,2023,46780000,investment,8166628.0,59622.0,ok
1481,2024,46780000,investment,23514290.0,58677.0,ok
1483,2023,46781000,investment,2637108.0,21789.0,ok
1483,2024,46781000,investment,3984101.0,21254.0,ok
1484,2023,46784000,investment,8818584.0,146908.0,ok
1484,2024,46784000,investment,12219832.0,146643.0,ok
1486,2023,46787000,investment,665054.0,29700.0,ok
1486,2024,46787000,investment,1007809.0,29743.0,ok
1488,2023,46790000,investment,8137963.0,152190.0,ok
1488,2024,46790000,investment,16615583.0,150729.0,ok
1506,2023,47701000,investment,138739022.0,267422.0,ok
1506,2024,47701000,investment,165549780.0,266681.0,ok
1518,2023,47608000,investment,1154055.0,39935.0,ok
1518,2024,47608000,investment,1267925.0,39330.0,ok
1519,2023,47605000,investment,39460266.0,33510.0,ok
1519,2024,47605000,investment,62004833.0,33201.0,ok
1520,2023,47610000,investment,1080948.0,8695.0,ok
1520,2024,47610000,investment,697303.0,8770.0,ok
1522,2023,47620000,investment,165056.0,4619.0,ok
1522,2024,47620000,investment,309673.0,4698.0,ok
1523,2023,22701000,investment,251472366.0,1237128.0,boundary_review
1523,2024,22701000,investment,255235233.0,1228702.0,boundary_review
1525,2023,22712000,investment,8198675.0,117831.0,ok
1525,2024,22712000,investment,8295829.0,117552.0,ok
1526,2023,22715000,investment,53922027.0,72979.0,ok
1526,2024,22715000,investment,68886297.0,72393.0,ok
1527,2023,22721000,investment,18551487.0,226691.0,ok
1527,2024,22721000,investment,29660082.0,225251.0,ok
1528,2023,22727000,investment,2748599.0,45413.0,ok
1528,2024,22727000,investment,6173773.0,45056.0,ok
1529,2023,22730000,investment,514910.0,20982.0,ok
1529,2024,22730000,investment,562036.0,20671.0,ok
1530,2023,22739000,investment,336854.0,16141.0,ok
1530,2024,22739000,investment,373661.0,16026.0,ok
1532,2023,22737000,investment,2184087.0,45539.0,ok
1532,2024,22737000,investment,2747761.0,45405.0,ok
1533,2023,22758000,investment,632244.0,29014.0,ok
1533,2024,22758000,investment,704960.0,28511.0,ok
1534,2023,22734000,investment,648439.0,17309.0,ok
1534,2024,22734000,investment,854746.0,17117.0,ok
1535,2023,22749000,investment,339662.0,10897.0,ok
1535,2024,22749000,investment,344899.0,10807.0,ok
1536,2023,22755000,investment,636449.0,19249.0,ok
1536,2024,22755000,investment,526668.0,19063.0,ok
1575,2023,49701000,investment,41134636.0,223191.0,ok
1575,2024,49701000,investment,42858574.0,222340.0,ok
1577,2023,49606000,investment,4806332.0,60848.0,ok
1577,2024,49606000,investment,3877779.0,60283.0,ok
1578,2023,49608000,investment,2100278.0,21976.0,ok
1578,2024,49608000,investment,3784527.0,21712.0,ok
1580,2023,49612000,investment,924606.0,9662.0,ok
1581,2023,49614000,investment,1062881.0,11386.0,ok
1582,2023,49616000,investment,419242.0,7179.0,ok
1582,2024,49616000,investment,707202.0,7088.0,ok
1583,2023,49620000,investment,860870.0,13275.0,ok
1583,2024,49620000,investment,360065.0,13111.0,ok
1585,2023,49624000,investment,112136.0,5682.0,ok
1586,2023,49625000,investment,5490359.0,64063.0,ok
1586,2024,49625000,investment,11549359.0,64120.0,ok
1587,2023,49628000,investment,1046095.0,18528.0,ok
1587,2024,49628000,investment,889473.0,18071.0,ok
1588,2023,49630000,investment,579640.0,11684.0,ok
1588,2024,49630000,investment,435986.0,11516.0,ok
1589,2023,49632000,investment,194414.0,18377.0,ok
1590,2023,49634000,investment,37068.0,3266.0,ok
1590,2024,49634000,investment,30596.0,3220.0,ok
1592,2023,49639000,investment,1225495.0,37988.0,ok
1592,2024,49639000,investment,1402017.0,37508.0,ok
1594,2023,49647000,investment,100795.0,4724.0,ok
1594,2024,49647000,investment,13220.0,4643.0,ok
1595,2023,49650000,investment,719412.0,18546.0,ok
1595,2024,49650000,investment,976033.0,18345.0,ok
1596,2023,49655000,investment,267794.0,9125.0,ok
1596,2024,49655000,investment,184976.0,9113.0,ok
1597,2023,50701000,investment,161588456.0,1635338.0,ok
1597,2024,50701000,investment,263011735.0,1633851.0,ok
1598,2023,50708000,investment,3036631.0,102965.0,ok
1598,2024,50708000,investment,3111573.0,102760.0,ok
1599,2023,50712000,investment,5842242.0,56781.0,ok
1599,2024,50712000,investment,14669065.0,56654.0,ok
1600,2023,50717000,investment,4892112.0,30762.0,ok
1600,2024,50717000,investment,8099457.0,31050.0,ok
1601,2023,50740000,investment,4193571.0,20873.0,ok
1601,2024,50740000,investment,7131312.0,20883.0,ok
1602,2023,50603000,investment,805682.0,14189.0,ok
1602,2024,50603000,investment,752837.0,13948.0,ok
1603,2023,50604000,investment,1616558.0,38921.0,ok
1603,2024,50604000,investment,1393792.0,38628.0,ok
1604,2023,50606000,investment,242440.0,25450.0,ok
1604,2024,50606000,investment,809585.0,25205.0,ok
1605,2023,50608000,investment,299683.0,14978.0,ok
1605,2024,50608000,investment,179798.0,14721.0,ok
1606,2023,50610000,investment,495588.0,12894.0,ok
1606,2024,50610000,investment,564499.0,12663.0,ok
1607,2023,50613000,investment,223763.0,11954.0,ok
1607,2024,50613000,investment,311713.0,11725.0,ok
1608,2023,50615000,investment,5879364.0,58772.0,ok
1608,2024,50615000,investment,7821161.0,58382.0,ok
1609,2023,50617000,investment,948061.0,38488.0,ok
1609,2024,50617000,investment,955439.0,38279.0,ok
1610,2023,50619000,investment,2050125.0,14171.0,ok
1610,2024,50619000,investment,1111902.0,14001.0,ok
1611,2023,50621000,investment,642565.0,24523.0,ok
1611,2024,50621000,investment,626785.0,24293.0,ok
1612,2023,50623000,investment,1916721.0,45134.0,ok
1612,2024,50623000,investment,1672547.0,45219.0,ok
1613,2023,50625000,investment,340471.0,11625.0,ok
1613,2024,50625000,investment,427205.0,11493.0,ok
1614,2023,50627000,investment,918056.0,27773.0,ok
1614,2024,50627000,investment,1300892.0,27453.0,ok
1615,2023,50630000,investment,2443817.0,54201.0,ok
1615,2024,50630000,investment,2062953.0,53654.0,ok
1616,2023,50632000,investment,433159.0,25707.0,ok
1616,2024,50632000,investment,531110.0,25382.0,ok
1617,2023,50634000,investment,80208.0,9149.0,ok
1617,2024,50634000,investment,154873.0,8984.0,ok
1618,2023,50636000,investment,2513956.0,23583.0,ok
1618,2024,50636000,investment,3145817.0,23528.0,ok
1619,2023,50638000,investment,1428700.0,40629.0,ok
1619,2024,50638000,investment,498006.0,40479.0,ok
1620,2023,50640000,investment,16235723.0,166514.0,ok
1620,2024,50640000,investment,21023946.0,170131.0,ok
1621,2023,50642000,investment,974850.0,33811.0,ok
1621,2024,50642000,investment,1690293.0,33623.0,ok
1622,2023,50644000,investment,60987.0,7477.0,ok
1622,2024,50644000,investment,60410.0,7319.0,ok
1623,2023,50648000,investment,1014339.0,31331.0,ok
1623,2024,50648000,investment,777640.0,31042.0,ok
1624,2023,50650000,investment,1340228.0,36987.0,ok
1624,2024,50650000,investment,2531659.0,36645.0,ok
1625,2023,50652000,investment,790692.0,53998.0,ok
1625,2024,50652000,investment,1356449.0,53463.0,ok
1626,2023,50654000,investment,1968239.0,11475.0,ok
1626,2024,50654000,investment,251951.0,11277.0,ok
1627,2023,50655000,investment,258179.0,10803.0,ok
1627,2024,50655000,investment,339403.0,10681.0,ok
1628,2023,50656000,investment,1097218.0,20576.0,ok
1628,2024,50656000,investment,829431.0,20323.0,ok
1629,2023,50657000,investment,900531.0,49264.0,ok
1629,2024,50657000,investment,2407995.0,49025.0,ok
1630,2023,50658000,investment,34207.0,13966.0,ok
1630,2024,50658000,investment,162528.0,13809.0,ok
1631,2023,50659000,investment,981781.0,19204.0,ok
1631,2024,50659000,investment,1471553.0,18959.0,ok
1632,2023,52701000,investment,145625254.0,1110836.0,ok
1632,2024,52701000,investment,157308917.0,1104485.0,ok
1633,2023,52601000,investment,530884.0,25205.0,ok
1633,2024,52601000,investment,780456.0,25339.0,ok
1634,2023,52603000,investment,440990.0,21790.0,ok
1634,2024,52603000,investment,442735.0,21499.0,ok
1635,2023,52606000,investment,67619.0,5942.0,ok
1635,2024,52606000,investment,76081.0,5838.0,ok
1636,2023,52609000,investment,547799.0,18361.0,ok
1636,2024,52609000,investment,207124.0,18069.0,ok
1637,2023,52612000,investment,58023.0,9906.0,ok
1637,2024,52612000,investment,47612.0,9777.0,ok
1638,2023,52615000,investment,1475454.0,35753.0,ok
1638,2024,52615000,investment,1078904.0,35262.0,ok
1639,2023,52618000,investment,1274355.0,36093.0,ok
1639,2024,52618000,investment,1429387.0,35486.0,ok
1640,2023,52621000,investment,103777.0,8999.0,ok
1640,2024,52621000,investment,66485.0,8763.0,ok
1641,2023,52623000,investment,586661.0,23330.0,ok
1641,2024,52623000,investment,1378029.0,23179.0,ok
1642,2023,52626000,investment,299153.0,12896.0,ok
1642,2024,52626000,investment,304805.0,12735.0,ok
1643,2023,52629000,investment,699676.0,38401.0,ok
1643,2024,52629000,investment,1411923.0,38168.0,ok
1644,2023,52630000,investment,1514026.0,25346.0,ok
1644,2024,52630000,investment,2027722.0,25313.0,ok
1645,2023,52632000,investment,595674.0,26599.0,ok
1645,2024,52632000,investment,367223.0,26392.0,ok
1646,2023,52634000,investment,325933.0,17328.0,ok
1646,2024,52634000,investment,189917.0,16992.0,ok
1647,2023,52636000,investment,88448.0,18133.0,ok
1647,2024,52636000,investment,67357.0,17786.0,ok
1648,2023,52639000,investment,257319.0,12382.0,ok
1648,2024,52639000,investment,75565.0,12230.0,ok
1649,2023,52641000,investment,331805.0,20645.0,ok
1649,2024,52641000,investment,320276.0,20369.0,ok
1650,2023,52642000,investment,366298.0,16029.0,ok
1650,2024,52642000,investment,335496.0,15856.0,ok
1651,2023,52643000,investment,77639.0,11914.0,ok
1651,2024,52643000,investment,77438.0,11776.0,ok
1652,2023,52644000,investment,3018962.0,100896.0,ok
1652,2024,52644000,investment,4346831.0,100576.0,ok
1653,2023,52646000,investment,528537.0,17572.0,ok
1653,2024,52646000,investment,613618.0,17473.0,ok
1654,2023,52648000,investment,844956.0,18394.0,ok
1654,2024,52648000,investment,917505.0,18147.0,ok
1655,2023,52650000,investment,568428.0,15831.0,ok
1655,2024,52650000,investment,276119.0,15619.0,ok
1656,2023,52651000,investment,111808.0,16047.0,ok
1656,2024,52651000,investment,107041.0,15815.0,ok
1657,2023,52652000,investment,139123.0,8285.0,ok
1657,2024,52652000,investment,93245.0,8137.0,ok
1658,2023,52653000,investment,201500.0,33534.0,ok
1658,2024,52653000,investment,327494.0,33312.0,ok
1659,2023,52654000,investment,474760.0,40239.0,ok
1659,2024,52654000,investment,710547.0,39838.0,ok
1660,2023,52655000,investment,99960.0,12174.0,ok
1660,2024,52655000,investment,92274.0,11958.0,ok
1661,2023,52656000,investment,172036.0,19472.0,ok
1661,2024,52656000,investment,319527.0,19114.0,ok
1662,2023,52657000,investment,75613.0,9400.0,ok
1662,2024,52657000,investment,73899.0,9157.0,ok
1663,2023,52658000,investment,902490.0,25357.0,ok
1663,2024,52658000,investment,211946.0,24866.0,ok
1664,2023,52659000,investment,264608.0,18975.0,ok
1664,2024,52659000,investment,333917.0,18767.0,ok
1665,2023,53701000,investment,84511818.0,552831.0,ok
1665,2024,53701000,investment,90047150.0,550344.0,ok
1666,2023,53704000,investment,122625.0,23702.0,ok
1666,2024,53704000,investment,239414.0,23381.0,ok
1667,2023,53708000,investment,1588279.0,43072.0,ok
1667,2024,53708000,investment,1454584.0,42519.0,ok
1668,2023,53712000,investment,45878502.0,88419.0,ok
1668,2024,53712000,investment,48634046.0,88339.0,ok
1669,2023,53713000,investment,8843257.0,39585.0,ok
1669,2024,53713000,investment,10733993.0,39040.0,ok
1670,2023,53714000,investment,291096.0,40777.0,ok
1670,2024,53714000,investment,600773.0,40357.0,ok
1671,2023,53715000,investment,1736100.0,24531.0,ok
1671,2024,53715000,investment,1371800.0,24149.0,ok
1672,2023,53720000,investment,14656459.0,79946.0,ok
1672,2024,53720000,investment,19858454.0,79410.0,ok
1673,2023,53723000,investment,22725329.0,190980.0,ok
1673,2024,53723000,investment,37063644.0,190318.0,ok
1674,2023,53725000,investment,1338436.0,45870.0,ok
1674,2024,53725000,investment,1334716.0,45181.0,ok
1675,2023,53727000,investment,730881.0,40343.0,ok
1675,2024,53727000,investment,1569774.0,39845.0,ok
1676,2023,53732000,investment,249822.0,17951.0,ok
1676,2024,53732000,investment,305323.0,17793.0,ok
1678,2023,53604000,investment,307620.0,19557.0,ok
1678,2024,53604000,investment,113769.0,18976.0,ok
1679,2023,53605000,investment,161188.0,19217.0,ok
1679,2024,53605000,investment,156613.0,19016.0,ok
1680,2023,53606000,investment,348164.0,12956.0,ok
1680,2024,53606000,investment,293141.0,12753.0,ok
1681,2023,53607000,investment,284843.0,16050.0,ok
1681,2024,53607000,investment,527432.0,15753.0,ok
1682,2023,53610000,investment,242509.0,13393.0,ok
1682,2024,53610000,investment,179311.0,13156.0,ok
1683,2023,53611000,investment,1743338.0,16658.0,ok
1683,2024,53611000,investment,2205096.0,16252.0,ok
1685,2023,53615000,investment,178272.0,10778.0,ok
1685,2024,53615000,investment,406570.0,10558.0,ok
1686,2023,53617000,investment,49480.0,11377.0,ok
1686,2024,53617000,investment,44159.0,11105.0,ok
1687,2023,53619000,investment,697154.0,25508.0,ok
1687,2024,53619000,investment,195534.0,25229.0,ok
1688,2023,53622000,investment,102600.0,14901.0,ok
1688,2024,53622000,investment,203723.0,14438.0,ok
1689,2023,53623000,investment,1159486.0,17170.0,ok
1689,2024,53623000,investment,3725851.0,16960.0,ok
1690,2023,53625000,investment,188625.0,14428.0,ok
1690,2024,53625000,investment,3346804.0,14152.0,ok
1691,2023,53627000,investment,265769.0,9034.0,ok
1691,2024,53627000,investment,405778.0,8826.0,ok
1692,2023,53630000,investment,3585365.0,23850.0,ok
1692,2024,53630000,investment,2751148.0,23447.0,ok
1693,2023,53631000,investment,907548.0,29332.0,ok
1693,2024,53631000,investment,2466767.0,28827.0,ok
1694,2023,53633000,investment,201678.0,17286.0,ok
1694,2024,53633000,investment,344700.0,17079.0,ok
1696,2023,53636000,investment,2110867.0,21087.0,ok
1696,2024,53636000,investment,2614075.0,20575.0,ok
1697,2023,53637000,investment,3119128.0,20555.0,ok
1697,2024,53637000,investment,7555157.0,20288.0,ok
1698,2023,53638000,investment,120759.0,13036.0,ok
1698,2024,53638000,investment,376798.0,12885.0,ok
1699,2023,53640000,investment,224845.0,29265.0,ok
1699,2024,53640000,investment,420891.0,29252.0,ok
1700,2023,53641000,investment,1176668.0,40080.0,ok
1700,2024,53641000,investment,1379127.0,39786.0,ok
1701,2023,53642000,investment,682244.0,9948.0,ok
1701,2024,53642000,investment,1180861.0,9689.0,ok
1702,2023,53643000,investment,1424877.0,10948.0,ok
1702,2024,53643000,investment,1586816.0,10754.0,ok
1703,2023,53651000,investment,12658256.0,20103.0,ok
1703,2024,53651000,investment,13201815.0,19856.0,ok
1704,2023,53652000,investment,165100.0,31220.0,ok
1704,2024,53652000,investment,362357.0,30816.0,ok
1705,2023,53653000,investment,111101.0,17316.0,ok
1705,2024,53653000,investment,106227.0,17089.0,ok
1706,2023,53656000,investment,98155.0,14948.0,ok
1706,2024,53656000,investment,1801551.0,14855.0,ok
1707,2023,54701000,investment,15719189.0,296633.0,ok
1707,2024,54701000,investment,16248788.0,292406.0,ok
1708,2023,54705000,investment,1449827.0,42928.0,ok
1708,2024,54705000,investment,1794495.0,42694.0,ok
1709,2023,54710000,investment,1072981.0,36070.0,ok
1709,2024,54710000,investment,1552856.0,35554.0,ok
1710,2023,54604000,investment,317986.0,15224.0,ok
1710,2024,54604000,investment,394352.0,14977.0,ok
1711,2023,54608000,investment,348431.0,14730.0,ok
1711,2024,54608000,investment,1087321.0,14493.0,ok
1712,2023,54610000,investment,461907.0,10245.0,ok
1712,2024,54610000,investment,891210.0,10168.0,ok
1714,2023,54615000,investment,416025.0,8684.0,ok
1714,2024,54615000,investment,736140.0,8587.0,ok
1715,2023,54618000,investment,625459.0,11725.0,ok
1715,2024,54618000,investment,452436.0,11724.0,ok
1717,2023,54623000,investment,811547.0,12459.0,ok
1717,2024,54623000,investment,723869.0,12286.0,ok
1718,2023,54624000,investment,334142.0,5146.0,ok
1718,2024,54624000,investment,221924.0,5084.0,ok
1719,2023,54625000,investment,975829.0,20502.0,ok
1719,2024,54625000,investment,2375518.0,20537.0,ok
1722,2023,54632000,investment,543456.0,9363.0,ok
1722,2024,54632000,investment,253715.0,9312.0,ok
1724,2023,54639000,investment,514614.0,9076.0,ok
1724,2024,54639000,investment,463485.0,9028.0,ok
1725,2023,54643000,investment,199880.0,6700.0,ok
1725,2024,54643000,investment,478050.0,6534.0,ok
1727,2023,54650000,investment,622676.0,11950.0,ok
1727,2024,54650000,investment,563921.0,11873.0,ok
1728,2023,54652000,investment,614305.0,13382.0,ok
1728,2024,54652000,investment,691728.0,13337.0,ok
1730,2023,54654000,investment,390313.0,7739.0,ok
1730,2024,54654000,investment,531788.0,7678.0,ok
1731,2023,54655000,investment,418745.0,17312.0,ok
1731,2024,54655000,investment,282101.0,17284.0,ok
1732,2023,54657000,investment,440333.0,7911.0,ok
1732,2024,54657000,investment,306096.0,7819.0,ok
1733,2023,54659000,investment,1437430.0,5916.0,ok
1733,2024,54659000,investment,1214729.0,5835.0,ok
1737,2023,56603000,investment,1068084.0,19237.0,ok
1737,2024,56603000,investment,2099407.0,19102.0,ok
1738,2023,56609000,investment,741506.0,13678.0,ok
1738,2024,56609000,investment,665691.0,13474.0,ok
1739,2023,56612000,investment,247311.0,24016.0,ok
1739,2024,56612000,investment,297313.0,23699.0,ok
1740,2023,56613000,investment,5093495.0,45314.0,ok
1740,2024,56613000,investment,9650345.0,44901.0,ok
1741,2023,56615000,investment,38614.0,7239.0,ok
1741,2024,56615000,investment,94833.0,7153.0,ok
1742,2023,56618000,investment,584905.0,45423.0,ok
1742,2024,56618000,investment,520118.0,45419.0,ok
1743,2023,56623000,investment,639867.0,18759.0,ok
1743,2024,56623000,investment,1122973.0,18592.0,ok
1744,2023,56626000,investment,404401.0,8420.0,ok
1744,2024,56626000,investment,290615.0,8268.0,ok
1745,2023,56629000,investment,1872090.0,48988.0,ok
1745,2024,56629000,investment,2079908.0,48394.0,ok
1746,2023,56631000,investment,73827.0,10012.0,ok
1746,2024,56631000,investment,55724.0,9895.0,ok
1747,2023,56633000,investment,543926.0,20763.0,ok
1747,2024,56633000,investment,362392.0,20513.0,ok
1749,2023,56642000,investment,84420.0,11418.0,ok
1749,2024,56642000,investment,816260.0,11327.0,ok
1750,2023,56643000,investment,332313.0,15887.0,ok
1750,2024,56643000,investment,600064.0,15623.0,ok
1751,2023,56644000,investment,227515.0,8054.0,ok
1751,2024,56644000,investment,68580.0,7959.0,ok
1752,2023,56645000,investment,506398.0,23972.0,ok
1752,2024,56645000,investment,456769.0,23532.0,ok
1753,2023,56647000,investment,2252633.0,9855.0,ok
1753,2024,56647000,investment,640642.0,9756.0,ok
1754,2023,56649000,investment,23993.0,13276.0,ok
1754,2024,56649000,investment,16226.0,13081.0,ok
1755,2023,56651000,investment,4155129.0,35895.0,ok
1755,2024,56651000,investment,4100836.0,35595.0,ok
1756,2023,56653000,investment,374221.0,27852.0,ok
1756,2024,56653000,investment,446196.0,27530.0,ok
1757,2023,56654000,investment,70359.0,13098.0,ok
1757,2024,56654000,investment,192264.0,12972.0,ok
1758,2023,56655000,investment,7482541.0,66046.0,ok
1758,2024,56655000,investment,6149751.0,66409.0,ok
1759,2023,56656000,investment,1660601.0,44853.0,ok
1759,2024,56656000,investment,1627809.0,44283.0,ok
1760,2023,56657000,investment,55244.0,13770.0,ok
1760,2024,56657000,investment,25368.0,13512.0,ok
1761,2023,56606000,investment,1731482.0,11004.0,ok
1761,2024,56606000,investment,1173406.0,10833.0,ok
1762,2023,56658000,investment,191797.0,12852.0,ok
1762,2024,56658000,investment,265612.0,12659.0,ok
1764,2023,58701000,investment,17028696.0,189315.0,ok
1764,2024,58701000,investment,32850299.0,187129.0,ok
1765,2023,58710000,investment,4152466.0,85989.0,ok
1765,2024,58710000,investment,5626612.0,85442.0,ok
1766,2023,58604000,investment,322133.0,,no_population
1766,2024,58604000,investment,336028.0,,no_population
1768,2023,58608000,investment,53125.0,,no_population
1768,2024,58608000,investment,89008.0,,no_population
1769,2023,58610000,investment,421807.0,,no_population
1769,2024,58610000,investment,573055.0,,no_population
1770,2023,58612000,investment,530448.0,,no_population
1770,2024,58612000,investment,338945.0,,no_population
1771,2023,58614000,investment,144293.0,,no_population
1773,2023,58618000,investment,116960.0,,no_population
1774,2023,58620000,investment,437337.0,,no_population
1775,2023,58623000,investment,242848.0,,no_population
1776,2023,58626000,investment,843256.0,,no_population
1776,2024,58626000,investment,820152.0,,no_population
1777,2023,58629000,investment,129325.0,,no_population
1778,2023,58633000,investment,309331.0,,no_population
1778,2024,58633000,investment,574677.0,,no_population
1780,2023,58640000,investment,386812.0,,no_population
1781,2023,58643000,investment,637706.0,,no_population
1781,2024,58643000,investment,242136.0,,no_population
1782,2023,58647000,investment,281282.0,,no_population
1782,2024,58647000,investment,354903.0,,no_population
1783,2023,58649000,investment,2283634.0,,no_population
1783,2024,58649000,investment,3078733.0,,no_population
1784,2023,58650000,investment,65567.0,,no_population
1784,2024,58650000,investment,32232.0,,no_population
1785,2023,58651000,investment,377009.0,,no_population
1785,2024,58651000,investment,214491.0,,no_population
1786,2023,58653000,investment,112714.0,,no_population
1787,2023,58654000,investment,24591.0,,no_population
1787,2024,58654000,investment,115342.0,,no_population
1788,2023,58656000,investment,54483.0,,no_population
1845,2023,61701000,investment,41362338.0,523203.0,ok
1845,2024,61701000,investment,60618949.0,520509.0,ok
1846,2023,61705000,investment,1364805.0,27821.0,boundary_review
1846,2024,61705000,investment,1425240.0,27537.0,boundary_review
1848,2023,61715000,investment,684739.0,25708.0,boundary_review
1848,2024,61715000,investment,621750.0,25424.0,boundary_review
1849,2023,61602000,investment,272890.0,6511.0,ok
1849,2024,61602000,investment,67733.0,6377.0,ok
1850,2023,61604000,investment,621808.0,7831.0,ok
1850,2024,61604000,investment,461960.0,7676.0,ok
1851,2023,61606000,investment,29848.0,7386.0,ok
1851,2024,61606000,investment,14401.0,7264.0,ok
1852,2023,61608000,investment,851952.0,27244.0,boundary_review
1852,2024,61608000,investment,1934507.0,26914.0,boundary_review
1853,2023,61610000,investment,697222.0,20955.0,ok
1853,2024,61610000,investment,298632.0,20755.0,ok
1854,2023,61612000,investment,2349456.0,21903.0,ok
1854,2024,61612000,investment,352192.0,21723.0,ok
1855,2023,61615000,investment,402412.0,10730.0,ok
1855,2024,61615000,investment,156309.0,10602.0,ok
1856,2023,61617000,investment,1174935.0,31518.0,ok
1856,2024,61617000,investment,3261888.0,31192.0,ok
1857,2023,61620000,investment,1364415.0,10529.0,ok
1857,2024,61620000,investment,1255824.0,10428.0,ok
1858,2023,61623000,investment,294295.0,4629.0,ok
1858,2024,61623000,investment,393529.0,4600.0,ok
1859,2023,61625000,investment,791826.0,30144.0,ok
1859,2024,61625000,investment,1549783.0,29852.0,ok
1860,2023,61626000,investment,64531.0,,no_population
1861,2023,61627000,investment,1895848.0,38973.0,ok
1861,2024,61627000,investment,2125532.0,38941.0,ok
1862,2023,61630000,investment,562583.0,27032.0,ok
1863,2023,61634000,investment,9341644.0,62396.0,ok
1863,2024,61634000,investment,8002947.0,63439.0,ok
1864,2023,61637000,investment,200222.0,9059.0,ok
1864,2024,61637000,investment,158305.0,8943.0,ok
1865,2023,61640000,investment,3598760.0,14601.0,ok
1865,2024,61640000,investment,1702492.0,14373.0,ok
1868,2023,61646000,investment,701517.0,24474.0,ok
1868,2024,61646000,investment,381637.0,24415.0,ok
1869,2023,61648000,investment,967715.0,15692.0,ok
1869,2024,61648000,investment,3030378.0,15533.0,ok
1870,2023,61650000,investment,53825.0,8264.0,ok
1870,2024,61650000,investment,129562.0,8122.0,ok
1871,2023,61653000,investment,144628.0,6742.0,ok
1871,2024,61653000,investment,268930.0,6634.0,ok
1872,2023,61656000,investment,755658.0,20503.0,ok
1872,2024,61656000,investment,714043.0,20266.0,ok
1873,2023,61658000,investment,898609.0,34695.0,ok
1873,2024,61658000,investment,1538111.0,34446.0,ok
1874,2023,36701000,investment,120075478.0,1163724.0,ok
1874,2024,36701000,investment,141520319.0,1159044.0,ok
1875,2023,36704000,investment,2692216.0 | 7792.0,52957.0,conflict
1875,2024,36704000,investment,1128.0 | 4215017.0,52171.0,conflict
1876,2023,36708000,investment,1616872.0 | 938047.0,57729.0,conflict
1876,2024,36708000,investment,1603372.0 | 535861.0,57721.0,conflict
1877,2023,36713000,investment,17564293.0,99247.0,ok
1877,2024,36713000,investment,17400165.0,98550.0,ok
1878,2023,36718000,investment,611615.0,20190.0,ok
1878,2024,36718000,investment,507958.0,19887.0,ok
1879,2023,36724000,investment,6984167.0,46755.0,ok
1879,2024,36724000,investment,7456666.0,46480.0,ok
1880,2023,36727000,investment,4514967.0,27913.0,ok
1880,2024,36727000,investment,6328798.0,27685.0,ok
1881,2023,36735000,investment,12580332.0,164066.0,ok
1881,2024,36735000,investment,12556086.0,162372.0,ok
1883,2023,36750000,investment,2898424.0,69177.0,ok
1883,2024,36750000,investment,2608657.0,68824.0,ok
1884,2023,36602000,investment,2783528.0,10649.0,ok
1884,2024,36602000,investment,5240381.0,10499.0,ok
1885,2023,36604000,investment,4743811.0,36495.0,ok
1885,2024,36604000,investment,6837441.0,35844.0,ok
1886,2023,36606000,investment,400244.0,13077.0,ok
1886,2024,36606000,investment,430519.0,13052.0,ok
1887,2023,36608000,investment,1380262.0,18041.0,ok
1887,2024,36608000,investment,2000060.0,17856.0,ok
1888,2023,36610000,investment,2396566.0,17336.0,ok
1888,2024,36610000,investment,3487614.0,17085.0,ok
1889,2023,36612000,investment,124105.0,22484.0,ok
1889,2024,36612000,investment,155131.0,22166.0,ok
1890,2023,36614000,investment,10080170.0,127070.0,ok
1890,2024,36614000,investment,19406985.0,130495.0,ok
1891,2023,36615000,investment,2044909.0,9309.0,ok
1891,2024,36615000,investment,942483.0,9128.0,ok
1892,2023,36616000,investment,210591.0,12390.0,ok
1892,2024,36616000,investment,286547.0,12310.0,ok
1893,2023,36617000,investment,422257.0,10541.0,ok
1893,2024,36617000,investment,464345.0,10431.0,ok
1894,2023,36618000,investment,5737073.0,30535.0,ok
1894,2024,36618000,investment,8303551.0,30309.0,ok
1895,2023,36620000,investment,3015215.0,41008.0,ok
1895,2024,36620000,investment,3808280.0,40596.0,ok
1896,2023,36622000,investment,2034869.0,14206.0,ok
1896,2024,36622000,investment,2653463.0,13967.0,ok
1897,2023,36624000,investment,3008270.0,21056.0,ok
1897,2024,36624000,investment,2291025.0,20672.0,ok
1898,2023,36626000,investment,172350.0,16013.0,ok
1898,2024,36626000,investment,920699.0,15788.0,ok
1899,2023,36628000,investment,7776940.0,56520.0,ok
1899,2024,36628000,investment,12629068.0,56124.0,ok
1900,2023,36630000,investment,6767565.0,32051.0,ok
1900,2024,36630000,investment,5928952.0,31958.0,ok
1901,2023,36632000,investment,2622871.0,14590.0,ok
1901,2024,36632000,investment,3121691.0,14513.0,ok
1902,2023,36634000,investment,2194392.0,25962.0,ok
1902,2024,36634000,investment,2810784.0,25635.0,ok
1903,2023,36636000,investment,891298.0,21741.0,ok
1903,2024,36636000,investment,2144820.0,21590.0,ok
1904,2023,36638000,investment,12103569.0,44027.0,ok
1904,2024,36638000,investment,17170220.0,43600.0,ok
1905,2023,36640000,investment,32134831.0,84781.0,ok
1905,2024,36640000,investment,4215972.0,88162.0,ok
1906,2023,36642000,investment,1838703.0,23643.0,ok
1906,2024,36642000,investment,2009589.0,23295.0,ok
1907,2023,36644000,investment,303618.0,15910.0,ok
1907,2024,36644000,investment,307368.0,15789.0,ok
1908,2023,36646000,investment,2096898.0,14672.0,ok
1908,2024,36646000,investment,997655.0,14451.0,ok
1909,2023,36648000,investment,381556.0,12745.0,ok
1909,2024,36648000,investment,452675.0,12565.0,ok
1910,2023,36650000,investment,1891656.0,19443.0,ok
1910,2024,36650000,investment,4965301.0,19272.0,ok
1915,2023,63602000,investment,45005.0,14481.0,ok
1915,2024,63602000,investment,59664.0,14280.0,ok
1916,2023,63603000,investment,80724.0,19480.0,ok
1916,2024,63603000,investment,212705.0,19018.0,ok
1917,2023,63604000,investment,858153.0,33991.0,ok
1917,2024,63604000,investment,2360053.0,33425.0,ok
1918,2023,63606000,investment,475963.0,25590.0,ok
1918,2024,63606000,investment,379915.0,24991.0,ok
1919,2023,63607000,investment,59944362.0,201570.0,ok
1919,2024,63607000,investment,80741542.0,200241.0,ok
1920,2023,63608000,investment,2552982.0,100539.0,ok
1920,2024,63608000,investment,2357627.0,99921.0,ok
1921,2023,63609000,investment,132569.0,9964.0,ok
1921,2024,63609000,investment,83826.0,9850.0,ok
1922,2023,63611000,investment,3152102.0,81103.0,ok
1922,2024,63611000,investment,2896269.0,80407.0,ok
1923,2023,63612000,investment,23712.0,10951.0,ok
1923,2024,63612000,investment,49232.0,10854.0,ok
1924,2023,63613000,investment,1038258.0,16058.0,ok
1924,2024,63613000,investment,1503181.0,15660.0,ok
1925,2023,63614000,investment,44225.0,10078.0,ok
1925,2024,63614000,investment,28517.0,9856.0,ok
1926,2023,63616000,investment,122131.0,16522.0,ok
1926,2024,63616000,investment,155802.0,16296.0,ok
1927,2023,63617000,investment,1575899.0,31635.0,ok
1927,2024,63617000,investment,996283.0,30920.0,ok
1928,2023,63619000,investment,353360.0,12481.0,ok
1928,2024,63619000,investment,269565.0,12313.0,ok
1929,2023,63621000,investment,506210.0,27229.0,ok
1929,2024,63621000,investment,623288.0,26679.0,ok
1930,2023,63622000,investment,209822.0,40824.0,ok
1930,2024,63622000,investment,327741.0,40536.0,ok
1931,2023,63623000,investment,4403122.0,30757.0,ok
1931,2024,63623000,investment,964330.0,30318.0,ok
1932,2023,63624000,investment,55147.0,9070.0,ok
1932,2024,63624000,investment,53195.0,8776.0,ok
1933,2023,63625000,investment,292203.0,17441.0,ok
1933,2024,63625000,investment,303579.0,17228.0,ok
1934,2023,63626000,investment,2331699.0,57899.0,ok
1934,2024,63626000,investment,2230042.0,57354.0,ok
1935,2023,63629000,investment,402302.0,14983.0,ok
1935,2024,63629000,investment,382239.0,14824.0,ok
1936,2023,63630000,investment,255553.0,26669.0,ok
1936,2024,63630000,investment,387411.0,26367.0,ok
1937,2023,63632000,investment,1556439.0,14637.0,ok
1937,2024,63632000,investment,270011.0,14262.0,ok
1938,2023,63634000,investment,549449.0,11193.0,ok
1938,2024,63634000,investment,637592.0,10960.0,ok
1939,2023,63635000,investment,220304.0,36538.0,ok
1939,2024,63635000,investment,1420286.0,36094.0,ok
1940,2023,63636000,investment,425827.0,14646.0,ok
1940,2024,63636000,investment,22240.0,14503.0,ok
1941,2023,63637000,investment,1804267.0,54901.0,ok
1941,2024,63637000,investment,1801238.0,54377.0,ok
1942,2023,63639000,investment,507393.0,16490.0,ok
1942,2024,63639000,investment,224117.0,16346.0,ok
1943,2023,63640000,investment,14253.0,12252.0,ok
1943,2024,63640000,investment,17622.0,12117.0,ok
1944,2023,63641000,investment,1236529.0,50716.0,ok
1944,2024,63641000,investment,576358.0,50179.0,ok
1945,2023,63642000,investment,77381.0,16177.0,ok
1945,2024,63642000,investment,328451.0,15904.0,ok
1947,2023,63644000,investment,122843.0,24242.0,ok
1947,2024,63644000,investment,209841.0,23861.0,ok
1948,2023,63646000,investment,991637.0,27921.0,ok
1948,2024,63646000,investment,1000989.0,27609.0,ok
1949,2023,63647000,investment,179793.0,9644.0,ok
1949,2024,63647000,investment,311332.0,9477.0,ok
1950,2023,63648000,investment,634308.0,16781.0,ok
1950,2024,63648000,investment,611138.0,16427.0,ok
1951,2023,63649000,investment,283804.0,20954.0,ok
1951,2024,63649000,investment,165930.0,20628.0,ok
1952,2023,63650000,investment,10832004.0,306051.0,ok
1952,2024,63650000,investment,12443696.0,304713.0,ok
1954,2023,64704000,investment,173214.0,10043.0,ok
1954,2024,64704000,investment,1549923.0,9868.0,ok
1955,2023,64708000,investment,1809406.0,20946.0,ok
1955,2024,64708000,investment,2278369.0,20975.0,ok
1956,2023,64712000,investment,4310183.0,22155.0,ok
1956,2024,64712000,investment,3085270.0,22145.0,ok
1957,2023,64716000,investment,10332486.0,39913.0,ok
1957,2024,64716000,investment,6318703.0,39675.0,ok
1958,2023,64720000,investment,5333929.0,6916.0,ok
1958,2024,64720000,investment,2738370.0,6956.0,ok
1959,2023,64724000,investment,1152900.0,6939.0,ok
1959,2024,64724000,investment,1242737.0,6778.0,ok
1960,2023,64728000,investment,3312712.0,15122.0,ok
1960,2024,64728000,investment,2553428.0,15099.0,ok
1961,2023,64732000,investment,2323520.0,11513.0,ok
1961,2024,64732000,investment,2143232.0,11222.0,ok
1962,2023,64736000,investment,1351165.0,21456.0,ok
1962,2024,64736000,investment,2153807.0,21086.0,ok
1963,2023,64740000,investment,1506779.0,20472.0,ok
1963,2024,64740000,investment,1063687.0,20376.0,ok
1965,2023,64746000,investment,1289229.0,11348.0,ok
1965,2024,64746000,investment,1376205.0,11238.0,ok
1966,2023,64748000,investment,504868.0,8300.0,ok
1966,2024,64748000,investment,550946.0,8177.0,ok
1967,2023,64750000,investment,2211441.0,14437.0,ok
1967,2024,64750000,investment,3050374.0,14336.0,ok
1968,2023,64752000,investment,18745373.0,16542.0,ok
1968,2024,64752000,investment,22747701.0,16020.0,ok
1969,2023,64754000,investment,4019011.0,33148.0,ok
1969,2024,64754000,investment,4994632.0,32754.0,ok
1970,2023,64756000,investment,10276886.0,11487.0,ok
1970,2024,64756000,investment,13655636.0,11480.0,ok
1971,2023,65701000,investment,257593459.0,,no_population
1971,2024,65701000,investment,392893946.0,,no_population
1972,2023,65728000,investment,508997.0,,no_population
1972,2024,65728000,investment,715592.0,,no_population
1973,2023,65703000,investment,967993.0,52575.0,ok
1973,2024,65703000,investment,2698487.0,52119.0,ok
1974,2023,65730000,investment,2061674.0,58683.0,ok
1974,2024,65730000,investment,3110571.0,58293.0,ok
1975,2023,65762000,investment,280887.0,9539.0,ok
1975,2024,65762000,investment,203032.0,9499.0,ok
1976,2023,65763000,investment,2106206.0,15084.0,ok
1976,2024,65763000,investment,3063043.0,15137.0,ok
1977,2023,65731000,investment,2893575.0,76947.0,ok
1977,2024,65731000,investment,3843716.0,76770.0,ok
1978,2023,65707000,investment,2137092.0,43705.0,ok
1978,2024,65707000,investment,3094477.0,43489.0,ok
1979,2023,65732000,investment,10046490.0,88206.0,ok
1979,2024,65732000,investment,13750922.0,90810.0,ok
1980,2023,65757000,investment,,24894.0,missing
1980,2024,65757000,investment,,25139.0,missing
1981,2023,65708000,investment,6936003.0,42304.0,ok
1981,2024,65708000,investment,5984657.0,41952.0,ok
1982,2023,65737000,investment,5909754.0,31833.0,ok
1982,2024,65737000,investment,7612409.0,31897.0,ok
1983,2023,65738000,investment,2683165.0,17422.0,ok
1983,2024,65738000,investment,2077291.0,17176.0,ok
1984,2023,65764000,investment,24418.0,3450.0,ok
1984,2024,65764000,investment,40013.0,3418.0,ok
1985,2023,65739000,investment,693291.0,,no_population
1985,2024,65739000,investment,1040792.0,,no_population
1986,2023,65740000,investment,14676198.0,164614.0,ok
1986,2024,65740000,investment,19642854.0,163501.0,ok
1987,2023,65741000,investment,579004.0,26933.0,ok
1987,2024,65741000,investment,2389776.0,26765.0,ok
1988,2023,65742000,investment,516978.0,27146.0,ok
1988,2024,65742000,investment,882323.0,26968.0,ok
1989,2023,65735000,investment,598292.0,8587.0,ok
1989,2024,65735000,investment,480194.0,8570.0,ok
1990,2023,65743000,investment,,38810.0,missing
1990,2024,65743000,investment,,38418.0,missing
1991,2023,65744000,investment,1225044.0,23954.0,ok
1991,2024,65744000,investment,2736632.0,23721.0,ok
1992,2023,65733000,investment,1307080.0,11037.0,ok
1992,2024,65733000,investment,1984076.0,10991.0,ok
1993,2023,65745000,investment,8815902.0,59269.0,ok
1993,2024,65745000,investment,7777576.0,58850.0,ok
1994,2023,65746000,investment,,22027.0,missing
1994,2024,65746000,investment,,21994.0,missing
1995,2023,65747000,investment,528389.0,37806.0,ok
1995,2024,65747000,investment,313360.0,37866.0,ok
1996,2023,65748000,investment,18857721.0,36288.0,ok
1996,2024,65748000,investment,,35844.0,missing
1997,2023,65734000,investment,2400053.0,8465.0,ok
1997,2024,65734000,investment,2433609.0,8418.0,ok
1999,2023,65714000,investment,1762297.0,37238.0,ok
1999,2024,65714000,investment,2412948.0,37190.0,ok
2000,2023,65751000,investment,23103291.0,336919.0,ok
2000,2024,65751000,investment,27091346.0,333179.0,ok
2001,2023,65750000,investment,505207.0,16403.0,ok
2001,2024,65750000,investment,713023.0,16275.0,ok
2002,2023,65715000,investment,1028177.0,22272.0,ok
2002,2024,65715000,investment,1231312.0,21907.0,ok
2004,2023,65753000,investment,9195474.0,131408.0,ok
2004,2024,65753000,investment,28362849.0,130039.0,ok
2005,2023,65754000,investment,4266966.0,60688.0,ok
2005,2024,65754000,investment,3530421.0,59979.0,ok
2006,2023,65719000,investment,4779398.0,60758.0,ok
2006,2024,65719000,investment,7989925.0,60262.0,ok
2007,2023,65736000,investment,421444.0,15134.0,ok
2007,2024,65736000,investment,552184.0,14941.0,ok
2008,2023,65720000,investment,1709212.0,45362.0,ok
2008,2024,65720000,investment,1549606.0,45338.0,ok
2009,2023,65755000,investment,1938877.0,35375.0,ok
2009,2024,65755000,investment,2187245.0,35125.0,ok
2010,2023,65756000,investment,5785717.0,99332.0,ok
2010,2024,65756000,investment,4607529.0,98415.0,ok
2011,2023,65758000,investment,3460744.0,46570.0,ok
2011,2024,65758000,investment,6645717.0,46498.0,ok
2012,2023,65723000,investment,151587.0,35940.0,ok
2012,2024,65723000,investment,301384.0,35602.0,ok
2015,2023,65771000,investment,1606172.0,,no_population
2015,2024,65771000,investment,1468021.0,,no_population
2017,2023,65704000,investment,630028.0,25240.0,ok
2017,2024,65704000,investment,1265246.0,24973.0,ok
2018,2023,65705000,investment,979772.0,13837.0,ok
2018,2024,65705000,investment,228653.0,13693.0,ok
2019,2023,65706000,investment,1200530.0,33553.0,ok
2019,2024,65706000,investment,1637328.0,33349.0,ok
2021,2023,65709000,investment,953660.0,13569.0,ok
2021,2024,65709000,investment,1344502.0,13374.0,ok
2022,2023,65710000,investment,,2501.0,missing
2022,2024,65710000,investment,,2442.0,missing
2023,2023,65711000,investment,2034490.0,,no_population
2023,2024,65711000,investment,2584960.0,,no_population
2024,2023,65712000,investment,829156.0,26455.0,ok
2024,2024,65712000,investment,887561.0,26362.0,ok
2025,2023,65713000,investment,676424.0,,no_population
2025,2024,65713000,investment,851516.0,,no_population
2027,2023,65759000,investment,92925.0,9586.0,ok
2027,2024,65759000,investment,77958.0,9456.0,ok
2028,2023,65716000,investment,495413.0,18753.0,ok
2028,2024,65716000,investment,191022.0,18687.0,ok
2030,2023,65718000,investment,793052.0,18624.0,ok
2030,2024,65718000,investment,1661981.0,18498.0,ok
2031,2023,65721000,investment,3141233.0,12648.0,ok
2031,2024,65721000,investment,,12459.0,missing
2032,2023,65722000,investment,2733241.0,64140.0,ok
2032,2024,65722000,investment,4664462.0,65368.0,ok
2033,2023,65729000,investment,1674462.0,23157.0,ok
2033,2024,65729000,investment,2231544.0,23609.0,ok
2034,2023,65724000,investment,1400965.0,40050.0,ok
2034,2024,65724000,investment,2110119.0,39733.0,ok
2035,2023,65725000,investment,128116.0,17402.0,ok
2035,2024,65725000,investment,172462.0,17096.0,ok
2036,2023,65726000,investment,358536.0,23877.0,ok
2036,2024,65726000,investment,451345.0,23655.0,ok
2037,2023,65727000,investment,407391.0,16287.0,ok
2037,2024,65727000,investment,633445.0,16263.0,ok
2039,2023,65608000,investment,1028015.0,14502.0,ok
2039,2024,65608000,investment,931006.0,14422.0,ok
2040,2023,65623000,investment,796241.0,20495.0,ok
2040,2024,65623000,investment,670248.0,20537.0,ok
2041,2023,65639000,investment,112227.0,11755.0,ok
2041,2024,65639000,investment,185331.0,11664.0,ok
2042,2023,65628000,investment,1594209.0,37577.0,ok
2042,2024,65628000,investment,1553149.0,37356.0,ok
2043,2023,65645000,investment,39697.0,2756.0,ok
2043,2024,65645000,investment,135796.0,2677.0,ok
2044,2023,66701000,investment,19580282.0,312896.0,ok
2044,2024,66701000,investment,28215945.0,310645.0,ok
2045,2023,66710000,investment,10456658.0,24956.0,ok
2045,2024,66710000,investment,1783919.0,24684.0,ok
2046,2023,66603000,investment,109110.0,8985.0,ok
2046,2024,66603000,investment,128527.0,8848.0,ok
2047,2023,66605000,investment,2376163.0,70668.0,ok
2047,2024,66605000,investment,5259202.0,69941.0,ok
2048,2023,66608000,investment,3670967.0,40165.0,ok
2048,2024,66608000,investment,5741287.0,39257.0,ok
2049,2023,66609000,investment,107423.0,3446.0,ok
2049,2024,66609000,investment,239947.0,3397.0,ok
2050,2023,66611000,investment,197052.0,10837.0,ok
2050,2024,66611000,investment,421511.0,10717.0,ok
2051,2023,66614000,investment,1823888.0,23997.0,ok
2051,2024,66614000,investment,2679635.0,23563.0,ok
2052,2023,66616000,investment,444299.0,13909.0,ok
2052,2024,66616000,investment,601221.0,13641.0,ok
2053,2023,66619000,investment,305645.0,11170.0,ok
2053,2024,66619000,investment,454099.0,10930.0,ok
2054,2023,66621000,investment,30878.0,5172.0,ok
2054,2024,66621000,investment,63793.0,5052.0,ok
2055,2023,66623000,investment,424314.0,10709.0,ok
2055,2024,66623000,investment,633032.0,10664.0,ok
2056,2023,66624000,investment,118657.0,10449.0,ok
2056,2024,66624000,investment,59498.0,10187.0,ok
2057,2023,66627000,investment,108528.0,7915.0,ok
2057,2024,66627000,investment,176137.0,7769.0,ok
2058,2023,66630000,investment,104289.0,7264.0,ok
2058,2024,66630000,investment,124044.0,7059.0,ok
2059,2023,66633000,investment,1877865.0,24591.0,ok
2059,2024,66633000,investment,1163725.0,24335.0,ok
2060,2023,66636000,investment,2228691.0,60842.0,ok
2060,2024,66636000,investment,7459830.0,59934.0,ok
2061,2023,66638000,investment,535333.0,20861.0,ok
2061,2024,66638000,investment,849937.0,20478.0,ok
2062,2023,66641000,investment,1211909.0,50411.0,ok
2062,2024,66641000,investment,1629065.0,49887.0,ok
2063,2023,66644000,investment,4550327.0,60785.0,ok
2063,2024,66644000,investment,5020159.0,61413.0,ok
2064,2023,66646000,investment,615009.0,12064.0,ok
2064,2024,66646000,investment,906446.0,11980.0,ok
2065,2023,66648000,investment,38261.0,4250.0,ok
2065,2024,66648000,investment,50958.0,4146.0,ok
2066,2023,66650000,investment,174710.0,6699.0,ok
2066,2024,66650000,investment,187497.0,6524.0,ok
2067,2023,66652000,investment,225752.0,6535.0,ok
2067,2024,66652000,investment,382331.0,6419.0,ok
2068,2023,66654000,investment,182243.0,7916.0,ok
2068,2024,66654000,investment,170583.0,7716.0,ok
2069,2023,66656000,investment,60854.0,8196.0,ok
2069,2024,66656000,investment,50227.0,7974.0,ok
2070,2023,66658000,investment,1152774.0,47353.0,ok
2070,2024,66658000,investment,1521982.0,46827.0,ok
2072,2023,68705000,investment,5229751.0,15982.0,ok
2072,2024,68705000,investment,2532347.0,15827.0,ok
2073,2023,68710000,investment,2004315.0,26309.0,ok
2073,2024,68710000,investment,2838314.0,26128.0,ok
2074,2023,68715000,investment,1184007.0,89262.0,ok
2074,2024,68715000,investment,1286140.0,88785.0,ok
2075,2023,68720000,investment,383837.0,38541.0,ok
2075,2024,68720000,investment,328428.0,38294.0,ok
2076,2023,68725000,investment,844457.0,46961.0,ok
2076,2024,68725000,investment,877441.0,46633.0,ok
2077,2023,68730000,investment,401086.0,23162.0,ok
2077,2024,68730000,investment,322776.0,22986.0,ok
2078,2023,68602000,investment,203510.0,8332.0,ok
2079,2023,68603000,investment,826818.0,9362.0,ok
2080,2023,68604000,investment,1722388.0,25142.0,ok
2081,2023,68606000,investment,1085117.0,13969.0,ok
2082,2023,68608000,investment,585641.0,17225.0,ok
2085,2023,68614000,investment,455684.0,13553.0,ok
2087,2023,68618000,investment,170542.0,10953.0,ok
2088,2023,68620000,investment,1981259.0,15725.0,ok
2089,2023,68622000,investment,1263371.0,23980.0,ok
2090,2023,68624000,investment,429773.0,13775.0,ok
2091,2023,68626000,investment,398425.0,10795.0,ok
2093,2023,68630000,investment,654038.0,14175.0,ok
2094,2023,68632000,investment,532551.0,11783.0,ok
2095,2023,68634000,investment,652014.0,24728.0,ok
2096,2023,68636000,investment,432658.0,11234.0,ok
2098,2023,68642000,investment,816016.0,15179.0,ok
2100,2023,68646000,investment,365138.0,9537.0,ok
2101,2023,28701000,investment,24783490.0,414756.0,ok
2101,2024,28701000,investment,39330112.0,412994.0,ok
2105,2023,28752000,investment,531242.0,21354.0,ok
2105,2024,28752000,investment,1099561.0,20992.0,ok
2108,2023,28750000,investment,5046667.0,40172.0,ok
2108,2024,28750000,investment,4254835.0,39503.0,ok
2109,2023,28751000,investment,7038722.0,30006.0,ok
2109,2024,28751000,investment,9344904.0,29515.0,ok
2111,2023,28604000,investment,2553367.0,31059.0,ok
2113,2023,28608000,investment,210993.0,30649.0,ok
2119,2023,28620000,investment,5495477.0,57724.0,ok
2120,2023,28622000,investment,510459.0,19344.0,ok
2124,2023,28630000,investment,6515787.0,68978.0,ok
2126,2023,28634000,investment,512685.0,12747.0,ok
2142,2023,28655000,investment,464259.0,16439.0,ok
2143,2023,28657000,investment,73287.0,8010.0,ok
2144,2023,69701000,investment,45012448.0,571983.0,ok
2144,2024,69701000,investment,49019490.0,565753.0,ok
2145,2023,69707000,investment,85928.0,2634.0,ok
2145,2024,69707000,investment,34815.0,2626.0,ok
2146,2023,69710000,investment,2071403.0,38061.0,ok
2146,2024,69710000,investment,1358084.0,37478.0,ok
2148,2023,69604000,investment,12774452.0,7392.0,ok
2148,2024,69604000,investment,16399410.0,7233.0,ok
2149,2023,69608000,investment,989439.0,33514.0,ok
2149,2024,69608000,investment,2004699.0,33342.0,ok
2150,2023,69612000,investment,53538.0,11228.0,ok
2150,2024,69612000,investment,36421.0,11191.0,ok
2151,2023,69616000,investment,96517.0,14588.0,ok
2151,2024,69616000,investment,89020.0,14438.0,ok
2152,2023,69620000,investment,951892.0,11065.0,ok
2152,2024,69620000,investment,142386.0,11051.0,ok
2153,2023,69624000,investment,8466335.0,17507.0,ok
2153,2024,69624000,investment,11719058.0,17438.0,ok
2154,2023,69628000,investment,417576.0,20307.0,ok
2154,2024,69628000,investment,381249.0,20183.0,ok
2155,2023,69632000,investment,1155427.0,32570.0,ok
2155,2024,69632000,investment,1310816.0,32143.0,ok
2156,2023,69636000,investment,509780.0,12088.0,ok
2156,2024,69636000,investment,533766.0,12022.0,ok
2157,2023,69640000,investment,199251.0,12177.0,ok
2157,2024,69640000,investment,655468.0,12103.0,ok
2158,2023,69644000,investment,13147691.0,11443.0,ok
2158,2024,69644000,investment,20209594.0,11379.0,ok
2159,2023,69648000,investment,519390.0,16732.0,ok
2159,2024,69648000,investment,241571.0,16471.0,ok
2160,2023,69652000,investment,52767.0,6436.0,ok
2160,2024,69652000,investment,33477.0,6463.0,ok
2161,2023,69654000,investment,14265519.0,88838.0,ok
2161,2024,69654000,investment,15506241.0,89298.0,ok
2162,2023,69656000,investment,236398.0,11674.0,ok
2162,2024,69656000,investment,84999.0,11633.0,ok
2163,2023,69658000,investment,571849.0,19895.0,ok
2163,2024,69658000,investment,444357.0,19646.0,ok
2164,2023,70701000,investment,72340111.0,542516.0,boundary_review
2164,2024,70701000,investment,79284850.0,538297.0,boundary_review
2165,2023,70706000,investment,6437238.0,70069.0,ok
2165,2024,70706000,investment,9206115.0,69514.0,ok
2167,2023,70712000,investment,1077885.0,63038.0,ok
2167,2024,70712000,investment,1958084.0,62255.0,ok
2168,2023,70714000,investment,7885892.0,56838.0,ok
2168,2024,70714000,investment,9244758.0,56354.0,ok
2169,2023,70724000,investment,18992022.0,130673.0,ok
2169,2024,70724000,investment,33086484.0,129639.0,ok
2171,2023,70604000,investment,237154.0,9214.0,ok
2171,2024,70604000,investment,133564.0,9159.0,ok
2172,2023,70606000,investment,430290.0,18707.0,ok
2172,2024,70606000,investment,703361.0,18494.0,ok
2173,2023,70608000,investment,1989325.0,49571.0,ok
2173,2024,70608000,investment,1336740.0,49454.0,ok
2174,2023,70612000,investment,773135.0,34066.0,ok
2174,2024,70612000,investment,3431173.0,33948.0,ok
2175,2023,70616000,investment,603621.0,13824.0,ok
2175,2024,70616000,investment,886007.0,13746.0,ok
2176,2023,70618000,investment,1058193.0,14859.0,ok
2176,2024,70618000,investment,1030776.0,14743.0,ok
2177,2023,70622000,investment,244721.0,26703.0,ok
2177,2024,70622000,investment,474959.0,26774.0,ok
2178,2023,70624000,investment,631822.0,8249.0,ok
2178,2024,70624000,investment,807307.0,8141.0,ok
2179,2023,70626000,investment,1473250.0,38612.0,ok
2179,2024,70626000,investment,2118901.0,38587.0,ok
2180,2023,70628000,investment,1909852.0,73476.0,ok
2180,2024,70628000,investment,1750166.0,73376.0,ok
2181,2023,70630000,investment,1429603.0,10690.0,ok
2181,2024,70630000,investment,1119488.0,10641.0,ok
2182,2023,70636000,investment,434158.0,11780.0,ok
2182,2024,70636000,investment,440698.0,11804.0,ok
2183,2023,70638000,investment,2162465.0,29516.0,ok
2183,2024,70638000,investment,941577.0,29592.0,ok
2184,2023,70640000,investment,1106217.0,35043.0,ok
2184,2024,70640000,investment,927224.0,34424.0,ok
2185,2023,70642000,investment,239229.0,11154.0,ok
2185,2024,70642000,investment,529727.0,11101.0,ok
2186,2023,70644000,investment,21117501.0,75528.0,ok
2186,2024,70644000,investment,26775101.0,75414.0,ok
2187,2023,70646000,investment,1141022.0,18375.0,ok
2187,2024,70646000,investment,779448.0,18218.0,ok
2188,2023,70648000,investment,19256629.0,103032.0,ok
2188,2024,70648000,investment,28996540.0,101699.0,ok
2189,2023,70650000,investment,3132757.0,30491.0,ok
2189,2024,70650000,investment,1070154.0,30348.0,ok
2190,2023,71701000,investment,139486759.0,855618.0,ok
2190,2024,71701000,investment,164235050.0,861098.0,ok
2191,2023,71703000,investment,1842399.0,47461.0,ok
2191,2024,71703000,investment,1906672.0,47394.0,ok
2192,2023,71705000,investment,2535289.0,67317.0,ok
2192,2024,71705000,investment,2219198.0,67329.0,ok
2193,2023,71710000,investment,29953490.0,103175.0,ok
2193,2024,71710000,investment,68070281.0,102733.0,ok
2194,2023,71715000,investment,2525650.0,38882.0,ok
2194,2024,71715000,investment,2197331.0,38970.0,ok
2195,2023,71603000,investment,156791.0,18783.0,ok
2195,2024,71603000,investment,681825.0,18641.0,ok
2196,2023,71605000,investment,43180.0,9353.0,ok
2196,2024,71605000,investment,33383.0,9306.0,ok
2197,2023,71607000,investment,76648.0,10350.0,ok
2197,2024,71607000,investment,83268.0,10235.0,ok
2198,2023,71610000,investment,139502.0,10877.0,ok
2198,2024,71610000,investment,221250.0,10693.0,ok
2199,2023,71613000,investment,1903587.0,17943.0,ok
2199,2024,71613000,investment,1546231.0,17835.0,ok
2200,2023,71615000,investment,209016.0,14843.0,ok
2200,2024,71615000,investment,240809.0,14670.0,ok
2202,2023,71624000,investment,1694032.0,26041.0,ok
2202,2024,71624000,investment,1778769.0,25979.0,ok
2203,2023,71626000,investment,3356933.0,28364.0,ok
2203,2024,71626000,investment,5670537.0,28178.0,ok
2204,2023,71630000,investment,983451.0,20047.0,ok
2204,2024,71630000,investment,634830.0,19959.0,ok
2205,2023,71632000,investment,2457677.0,27046.0,ok
2205,2024,71632000,investment,2172746.0,27122.0,ok
2206,2023,71634000,investment,534519.0,18444.0,ok
2206,2024,71634000,investment,561134.0,18399.0,ok
2207,2023,71636000,investment,411774.0,10860.0,ok
2207,2024,71636000,investment,413258.0,10763.0,ok
2208,2023,71638000,investment,580338.0,9391.0,ok
2208,2024,71638000,investment,1007054.0,9230.0,ok
2210,2023,71644000,investment,14455111.0,140102.0,ok
2210,2024,71644000,investment,13388645.0,143580.0,ok
2211,2023,71648000,investment,50686981.0,18622.0,ok
2211,2024,71648000,investment,58853520.0,18683.0,ok
2212,2023,71650000,investment,1203522.0,19348.0,ok
2212,2024,71650000,investment,1541552.0,19403.0,ok
2213,2023,71653000,investment,276846.0,11138.0,ok
2213,2024,71653000,investment,182499.0,11096.0,ok
2215,2023,71658000,investment,662780.0,23229.0,ok
2215,2024,71658000,investment,936411.0,23139.0,ok
2216,2023,71871000,investment,60023445.0,109745.0,ok
2216,2024,71871000,investment,50388738.0,111772.0,ok
2217,2023,71883000,investment,36185645.0,62494.0,ok
2217,2024,71883000,investment,26823025.0,63963.0,ok
2218,2023,71872000,investment,5425878.0,43407.0,ok
2218,2024,71872000,investment,4466779.0,44157.0,ok
2219,2023,71873000,investment,31766394.0,59174.0,ok
2219,2024,71873000,investment,47963325.0,59715.0,ok
2220,2023,71874000,investment,35826173.0,124989.0,ok
2220,2024,71874000,investment,40169873.0,126690.0,ok
2221,2023,71875000,investment,48483148.0,287095.0,ok
2221,2024,71875000,investment,62274666.0,290535.0,ok
2222,2023,71879000,investment,39352523.0,63054.0,ok
2222,2024,71879000,investment,50793287.0,63466.0,ok
2223,2023,71884000,investment,1821903.0,16201.0,ok
2223,2024,71884000,investment,2537857.0,16556.0,ok
2224,2023,71885000,investment,6514261.0,40253.0,ok
2224,2024,71885000,investment,5791653.0,40530.0,ok
2225,2023,71877000,investment,5679767.0,44635.0,ok
2225,2024,71877000,investment,6437036.0,45574.0,ok
2226,2023,71876000,investment,57749185.0,406938.0,ok
2226,2024,71876000,investment,85552652.0,420347.0,ok
2227,2023,71878000,investment,3935509.0,41141.0,ok
2227,2024,71878000,investment,7459827.0,41356.0,ok
2228,2023,71887000,investment,3319905.0,38611.0,ok
2228,2024,71887000,investment,2558474.0,39233.0,ok
2229,2023,71811000,investment,12424987.0,28798.0,ok
2229,2024,71811000,investment,10083487.0,28479.0,ok
2230,2023,71812000,investment,1923013.0,22690.0,ok
2230,2024,71812000,investment,901744.0,22821.0,ok
2231,2023,71816000,investment,65017170.0,30495.0,ok
2231,2024,71816000,investment,65326536.0,30387.0,ok
2232,2023,71818000,investment,223134750.0,47014.0,ok
2232,2024,71818000,investment,302233999.0,47486.0,ok
2233,2023,71819000,investment,186230321.0,38507.0,ok
2233,2024,71819000,investment,212992913.0,38693.0,ok
2234,2023,71821000,investment,19600309.0,32050.0,ok
2234,2024,71821000,investment,27077837.0,32120.0,ok
2235,2023,71824000,investment,12586169.0,46585.0,ok
2235,2024,71824000,investment,9571592.0,46492.0,ok
2236,2023,71826000,investment,342916044.0,127611.0,ok
2236,2024,71826000,investment,355507115.0,129992.0,ok
2237,2023,71829000,investment,282956594.0,18866.0,ok
2237,2024,71829000,investment,293628769.0,19022.0,ok
2238,2023,71951000,investment,239013802.0,48693.0,ok
2238,2024,71951000,investment,106770858.0,49236.0,ok
2241,2023,71955000,investment,3277087.0,29306.0,ok
2241,2024,71955000,investment,5650591.0,29581.0,ok
2242,2023,71956000,investment,46242159.0,106764.0,ok
2242,2024,71956000,investment,118984397.0,106890.0,ok
2243,2023,71958000,investment,23224532.0,101235.0,ok
2243,2024,71958000,investment,32182613.0,102938.0,ok
2251,2023,73701000,investment,33655726.0,634567.0,ok
2251,2024,73701000,investment,41626565.0,632771.0,ok
2252,2023,73705000,investment,17449801.0,109547.0,ok
2252,2024,73705000,investment,26924874.0,108804.0,ok
2253,2023,73715000,investment,618111.0,16857.0,ok
2253,2024,73715000,investment,1049077.0,16791.0,ok
2254,2023,73602000,investment,60405.0,7417.0,ok
2254,2024,73602000,investment,159215.0,7275.0,ok
2255,2023,73604000,investment,654950.0,35618.0,ok
2255,2024,73604000,investment,597766.0,34969.0,ok
2256,2023,73607000,investment,256961.0,14559.0,ok
2256,2024,73607000,investment,23828.0,14314.0,ok
2257,2023,73610000,investment,78703.0,26271.0,ok
2257,2024,73610000,investment,411224.0,25875.0,ok
2258,2023,73614000,investment,427319.0,19865.0,ok
2258,2024,73614000,investment,460080.0,19556.0,ok
2259,2023,73616000,investment,98439.0,18158.0,ok
2259,2024,73616000,investment,284907.0,17939.0,ok
2260,2023,73620000,investment,75259.0,20084.0,ok
2260,2024,73620000,investment,100448.0,19862.0,ok
2262,2023,73625000,investment,2061931.0,21548.0,ok
2262,2024,73625000,investment,1366214.0,21200.0,ok
2264,2023,73629000,investment,1556478.0,20134.0,ok
2264,2024,73629000,investment,1753025.0,19921.0,ok
2265,2023,73632000,investment,140464.0,11804.0,ok
2265,2024,73632000,investment,221236.0,11582.0,ok
2266,2023,73634000,investment,78569.0,11360.0,ok
2266,2024,73634000,investment,80874.0,11246.0,ok
2267,2023,73636000,investment,359924.0,19311.0,ok
2267,2024,73636000,investment,533549.0,19008.0,ok
2268,2023,73639000,investment,27708.0,9804.0,ok
2268,2024,73639000,investment,39905.0,9545.0,ok
2269,2023,73642000,investment,50495.0,14818.0,ok
2269,2024,73642000,investment,79556.0,14556.0,ok
2270,2023,73644000,investment,118952.0,14721.0,ok
2270,2024,73644000,investment,99313.0,14437.0,ok
2271,2023,73648000,investment,288432.0,15597.0,ok
2271,2024,73648000,investment,161904.0,15507.0,ok
2272,2023,73652000,investment,423186.0,34975.0,ok
2272,2024,73652000,investment,588785.0,34931.0,ok
2274,2023,73656000,investment,2054726.0,39311.0,ok
2274,2024,73656000,investment,2009578.0,38945.0,ok
2275,2023,75701000,investment,135042490.0,1182517.0,ok
2275,2024,75701000,investment,172054928.0,1177058.0,ok
2276,2023,75706000,investment,9558949.0,25532.0,ok
2276,2024,75706000,investment,2568163.0,25205.0,ok
2278,2023,75715000,investment,13145407.0,10588.0,ok
2278,2024,75715000,investment,15131573.0,10372.0,ok
2279,2023,75728000,investment,8229319.0,148292.0,ok
2279,2024,75728000,investment,12159739.0,147109.0,ok
2280,2023,75734000,investment,5020300.0,37271.0,ok
2280,2024,75734000,investment,2698385.0,37146.0,ok
2281,2023,75738000,investment,91263219.0,409255.0,ok
2281,2024,75738000,investment,128264161.0,408715.0,ok
2282,2023,75742000,investment,9180610.0,161093.0,ok
2282,2024,75742000,investment,16751811.0,160837.0,ok
2286,2023,75752000,investment,1366669.0,69983.0,ok
2286,2024,75752000,investment,1649248.0,69845.0,ok
2287,2023,75755000,investment,815010.0,23566.0,ok
2287,2024,75755000,investment,524249.0,23326.0,ok
2288,2023,75758000,investment,844502.0,44671.0,ok
2288,2024,75758000,investment,694152.0,44648.0,ok
2289,2023,75764000,investment,1620213.0,37414.0,ok
2289,2024,75764000,investment,1465698.0,37265.0,ok
2292,2023,75606000,investment,1386869.0,39396.0,ok
2292,2024,75606000,investment,1706457.0,39383.0,ok
2293,2023,75609000,investment,1589290.0,54979.0,ok
2293,2024,75609000,investment,2850088.0,54113.0,ok
2294,2023,75612000,investment,248514.0,23586.0,ok
2294,2024,75612000,investment,281326.0,23380.0,ok
2295,2023,75614000,investment,6467048.0,24152.0,ok
2295,2024,75614000,investment,7944098.0,24054.0,ok
2296,2023,75617000,investment,4338194.0,31736.0,ok
2296,2024,75617000,investment,2914843.0,31251.0,ok
2297,2023,75619000,investment,2283795.0,47327.0,ok
2297,2024,75619000,investment,1516133.0,47326.0,ok
2298,2023,75620000,investment,1913359.0,29706.0,ok
2298,2024,75620000,investment,1549123.0,29743.0,ok
2299,2023,75623000,investment,1223320.0,43633.0,ok
2299,2024,75623000,investment,612319.0,43290.0,ok
2300,2023,75626000,investment,836120.0,29604.0,ok
2300,2024,75626000,investment,1849846.0,29118.0,ok
2301,2023,75629000,investment,592085.0,26591.0,ok
2301,2024,75629000,investment,592335.0,26222.0,ok
2302,2023,75632000,investment,64824.0,19751.0,ok
2302,2024,75632000,investment,289145.0,19276.0,ok
2304,2023,75634000,investment,797573.0,49158.0,ok
2304,2024,75634000,investment,1007908.0,49996.0,ok
2305,2023,75636000,investment,1228902.0,27737.0,ok
2305,2024,75636000,investment,2021014.0,27505.0,ok
2307,2023,75642000,investment,798282.0,17105.0,ok
2307,2024,75642000,investment,1453165.0,16951.0,ok
2308,2023,75644000,investment,234076.0,13873.0,ok
2308,2024,75644000,investment,349764.0,13666.0,ok
2309,2023,75647000,investment,706429.0,18437.0,ok
2309,2024,75647000,investment,655396.0,18139.0,ok
2310,2023,75648000,investment,2301049.0,24387.0,ok
2310,2024,75648000,investment,2492420.0,24231.0,ok
2311,2023,75649000,investment,2880233.0,74658.0,ok
2311,2024,75649000,investment,2184282.0,74031.0,ok
2312,2023,75652000,investment,7814627.0,88372.0,ok
2312,2024,75652000,investment,10704977.0,93044.0,ok
2314,2023,75655000,investment,1644326.0,31033.0,ok
2314,2024,75655000,investment,3686740.0,30982.0,ok
2315,2023,75656000,investment,366900.0,21213.0,ok
2315,2024,75656000,investment,84045.0,20981.0,ok
2316,2023,75657000,investment,1256298.0,28704.0,ok
2316,2024,75657000,investment,744520.0,28564.0,ok
2317,2023,75659000,investment,761128.0,15412.0,ok
2317,2024,75659000,investment,492625.0,15114.0,ok
2318,2023,78701000,investment,76303117.0,570824.0,ok
2318,2024,78701000,investment,83765190.0,567443.0,ok
2320,2023,78715000,investment,10292981.0,173910.0,ok
2320,2024,78715000,investment,18541118.0,171810.0,ok
2321,2023,78603000,investment,227086.0,9264.0,ok
2321,2024,78603000,investment,254530.0,9122.0,ok
2322,2023,78606000,investment,532152.0,11911.0,ok
2322,2024,78606000,investment,540391.0,11831.0,ok
2323,2023,78609000,investment,155910.0,5367.0,ok
2323,2024,78609000,investment,46869.0,5332.0,ok
2324,2023,78612000,investment,315554.0,24165.0,ok
2324,2024,78612000,investment,563047.0,23809.0,ok
2325,2023,78615000,investment,298973.0,20514.0,ok
2325,2024,78615000,investment,329304.0,20497.0,ok
2326,2023,78618000,investment,278970.0,9827.0,ok
2326,2024,78618000,investment,303617.0,9732.0,ok
2327,2023,78621000,investment,339534.0,9153.0,ok
2327,2024,78621000,investment,1137552.0,9051.0,ok
2328,2023,78623000,investment,221165.0,11617.0,ok
2328,2024,78623000,investment,314839.0,11435.0,ok
2329,2023,78626000,investment,254074.0,19651.0,ok
2329,2024,78626000,investment,177021.0,19480.0,ok
2330,2023,78629000,investment,121561.0,8484.0,ok
2330,2024,78629000,investment,216976.0,8362.0,ok
2332,2023,78634000,investment,132071.0,10386.0,ok
2332,2024,78634000,investment,133612.0,10190.0,ok
2333,2023,78637000,investment,4300593.0,58436.0,ok
2333,2024,78637000,investment,6861529.0,57986.0,ok
2334,2023,78640000,investment,3103700.0,26515.0,ok
2334,2024,78640000,investment,2885026.0,26409.0,ok
2335,2023,78643000,investment,589274.0,52624.0,ok
2335,2024,78643000,investment,3187196.0,52373.0,ok
2336,2023,78646000,investment,1459562.0,46689.0,ok
2336,2024,78646000,investment,1665230.0,46215.0,ok
2337,2023,78650000,investment,6941203.0,70406.0,ok
2337,2024,78650000,investment,9729435.0,72442.0,ok
2338,2023,99701000,investment,9408682.0,68536.0,ok
2338,2024,99701000,investment,8238178.0,67788.0,ok
2339,2023,99605000,investment,60151.0,10103.0,ok
2339,2024,99605000,investment,126293.0,9980.0,ok
2340,2023,99610000,investment,9610920.0,15482.0,ok
2340,2024,99610000,investment,3171585.0,15325.0,ok
2341,2023,99620000,investment,4442024.0,23573.0,ok
2341,2024,99620000,investment,14625939.0,23265.0,ok
2342,2023,99625000,investment,61856.0,7610.0,ok
2342,2024,99625000,investment,58633.0,7462.0,ok
2343,2023,99630000,investment,3459954.0,22154.0,ok
2343,2024,99630000,investment,2528386.0,21982.0,ok
2344,2023,77701000,investment,59624312.0,13368.0,ok
2344,2024,77701000,investment,73278010.0,13412.0,ok
2345,2023,77715000,investment,218881.0,5033.0,ok
2345,2024,77715000,investment,209029.0,5197.0,ok
2348,2023,77603000,investment,2619518.0,8605.0,ok
2348,2024,77603000,investment,3569174.0,8790.0,ok
2349,2023,77609000,investment,15664932.0,7267.0,ok
2349,2024,77609000,investment,15306527.0,7279.0,ok
2351,2023,40301000,investment,4008348.0,34026.0,ok
2351,2024,40301000,investment,2933305.0,33530.0,ok
2352,2023,40302000,investment,4638967.0,20655.0,ok
2352,2024,40302000,investment,8847424.0,20360.0,ok
2353,2023,40303000,investment,105453733.0,24189.0,ok
2353,2024,40303000,investment,140904915.0,23945.0,ok
2354,2023,40304000,investment,34519301.0,22414.0,ok
2354,2024,40304000,investment,38701731.0,22123.0,ok
2355,2023,40305000,investment,3735433.0,32807.0,ok
2355,2024,40305000,investment,15059946.0,32593.0,ok
2356,2023,40306000,investment,5328647.0,21890.0,ok
2356,2024,40306000,investment,4048884.0,21671.0,ok
2357,2023,40307000,investment,31157853.0,36280.0,ok
2357,2024,40307000,investment,22954996.0,36091.0,ok
2358,2023,40308000,investment,11799250.0,31585.0,ok
2358,2024,40308000,investment,8886426.0,31425.0,ok
2359,2023,40309000,investment,3240792.0,41303.0,ok
2359,2024,40309000,investment,4028396.0,41047.0,ok
2360,2023,40310000,investment,663645.0,36263.0,ok
2360,2024,40310000,investment,9978347.0,36080.0,ok
2361,2023,40311000,investment,5356711.0,61249.0,ok
2361,2024,40311000,investment,8297058.0,60755.0,ok
2362,2023,40312000,investment,811345.0,6021.0,ok
2362,2024,40312000,investment,306672.0,6101.0,ok
2363,2023,40313000,investment,2538192.0,106155.0,ok
2363,2024,40313000,investment,6272945.0,111145.0,ok
2364,2023,40314000,investment,34641000.0,39131.0,ok
2364,2024,40314000,investment,54875150.0,39068.0,ok
2365,2023,40315000,investment,11133806.0,90520.0,ok
2365,2024,40315000,investment,9274743.0,89796.0,ok
2366,2023,40316000,investment,1042882.0,60911.0,ok
2366,2024,40316000,investment,1089395.0,60378.0,ok
2367,2023,40317000,investment,804162.0,61391.0,ok
2367,2024,40317000,investment,1091633.0,60902.0,ok
2368,2023,40318000,investment,3332654.0,60618.0,ok
2368,2024,40318000,investment,7769920.0,60031.0,ok
2369,2023,40319000,investment,1227491.0,116843.0,ok
2369,2024,40319000,investment,1216586.0,116146.0,ok
2370,2023,40320000,investment,201061.0,6491.0,ok
2370,2024,40320000,investment,551305.0,6508.0,ok
2371,2023,40321000,investment,53831177.0,15347.0,ok
2371,2024,40321000,investment,29341442.0,15567.0,ok
2372,2023,40322000,investment,34534643.0,190318.0,ok
2372,2024,40322000,investment,74268454.0,191571.0,ok
2374,2023,40324000,investment,23854495.0,94158.0,ok
2374,2024,40324000,investment,10952509.0,94400.0,ok
2375,2023,40325000,investment,27985136.0,91272.0,ok
2375,2024,40325000,investment,33565443.0,91526.0,ok
2376,2023,40326000,investment,9109546.0,114257.0,ok
2376,2024,40326000,investment,10441503.0,115111.0,ok
2377,2023,40327000,investment,10866034.0,117578.0,ok
2377,2024,40327000,investment,10354156.0,119292.0,ok
2378,2023,40328000,investment,3861035.0,68562.0,ok
2378,2024,40328000,investment,6444748.0,67654.0,ok
2379,2023,40329000,investment,2728405.0,109911.0,ok
2379,2024,40329000,investment,3377089.0,108549.0,ok
2380,2023,40330000,investment,14310104.0,72809.0,ok
2380,2024,40330000,investment,16434952.0,72078.0,ok
2381,2023,40331000,investment,508434.0,77593.0,ok
2381,2024,40331000,investment,1970680.0,76567.0,ok
2382,2023,40332000,investment,1233603.0,81911.0,ok
2382,2024,40332000,investment,1313113.0,81396.0,ok
2383,2023,40333000,investment,172389.0,48582.0,ok
2383,2024,40333000,investment,194773.0,48022.0,ok
2384,2023,40334000,investment,743542.0,77426.0,ok
2384,2024,40334000,investment,291735.0,76479.0,ok
2385,2023,40335000,investment,3559669.0,60608.0,ok
2385,2024,40335000,investment,3988073.0,59699.0,ok
2386,2023,40336000,investment,255200.0,77238.0,ok
2386,2024,40336000,investment,386199.0,76019.0,ok
2387,2023,40337000,investment,233436.0,71589.0,ok
2387,2024,40337000,investment,441581.0,70462.0,ok
2388,2023,40338000,investment,9204679.0,43206.0,ok
2388,2024,40338000,investment,19567036.0,42639.0,ok
2389,2023,40339000,investment,13603608.0,33630.0,ok
2389,2024,40339000,investment,16423001.0,33260.0,ok
2390,2023,40340000,investment,69434.0,38921.0,ok
2390,2024,40340000,investment,163149.0,38302.0,ok
2391,2023,40341000,investment,10199560.0,10582.0,ok
2391,2024,40341000,investment,16873655.0,10430.0,ok
2392,2023,40342000,investment,9018544.0,143914.0,ok
2392,2024,40342000,investment,18118702.0,145875.0,ok
2393,2023,40343000,investment,1586748.0,27313.0,ok
2393,2024,40343000,investment,2044485.0,27407.0,ok
2395,2023,40345000,investment,696255.0,8588.0,ok
2395,2024,40345000,investment,1059621.0,8552.0,ok
2398,2023,40348000,investment,11534290.0,75180.0,ok
2398,2024,40348000,investment,12008068.0,75419.0,ok
2399,2023,40349000,investment,3179196.0,58140.0,ok
2399,2024,40349000,investment,3173631.0,57831.0,ok
2400,2023,40350000,investment,8190188.0,43414.0,ok
2400,2024,40350000,investment,9807966.0,43157.0,ok
2401,2023,40351000,investment,2119935.0,128949.0,ok
2401,2024,40351000,investment,1750167.0,128099.0,ok
2402,2023,40352000,investment,11308317.0,61288.0,ok
2402,2024,40352000,investment,12485104.0,60985.0,ok
2403,2023,40353000,investment,5333450.0,58652.0,ok
2403,2024,40353000,investment,10992792.0,60306.0,ok
2404,2023,40354000,investment,248339.0,59379.0,ok
2404,2024,40354000,investment,2442203.0,58402.0,ok
2405,2023,40355000,investment,2544425.0,128346.0,ok
2405,2024,40355000,investment,3265502.0,128489.0,ok
2406,2023,40356000,investment,1966000.0,70165.0,ok
2406,2024,40356000,investment,1670477.0,73238.0,ok
2407,2023,40357000,investment,402311.0,51054.0,ok
2407,2024,40357000,investment,820858.0,50257.0,ok
2408,2023,40358000,investment,310937.0,36169.0,ok
2408,2024,40358000,investment,360764.0,35619.0,ok
2409,2023,40359000,investment,4113464.0,27781.0,ok
2409,2024,40359000,investment,5741481.0,28519.0,ok
2410,2023,40360000,investment,613068.0,44414.0,ok
2410,2024,40360000,investment,2559095.0,44515.0,ok
2411,2023,40361000,investment,130187.0,15492.0,ok
2411,2024,40361000,investment,148655.0,15462.0,ok
2412,2023,40362000,investment,10762138.0,45697.0,ok
2412,2024,40362000,investment,5355769.0,45935.0,ok
2416,2023,40366000,investment,1283434.0,9860.0,ok
2416,2024,40366000,investment,3460017.0,9869.0,ok
2422,2023,40372000,investment,951115.0,39088.0,ok
2422,2024,40372000,investment,1414569.0,38558.0,ok
2423,2023,40373000,investment,55477118.0,45138.0,ok
2423,2024,40373000,investment,67999592.0,44916.0,ok
2424,2023,40374000,investment,30666231.0,66266.0,ok
2424,2024,40374000,investment,37175371.0,65624.0,ok
2425,2023,40375000,investment,7983321.0,84009.0,ok
2425,2024,40375000,investment,15899011.0,83316.0,ok
2426,2023,40376000,investment,36498647.0,45863.0,ok
2426,2024,40376000,investment,52051897.0,45574.0,ok
2427,2023,40377000,investment,9639747.0,93945.0,ok
2427,2024,40377000,investment,18972422.0,93726.0,ok
2428,2023,40378000,investment,12751917.0,27970.0,ok
2428,2024,40378000,investment,14516835.0,28050.0,ok
2429,2023,40379000,investment,654715.0,27186.0,ok
2429,2024,40379000,investment,1565989.0,27157.0,ok
2430,2023,40380000,investment,916487.0,56592.0,ok
2430,2024,40380000,investment,1025092.0,56679.0,ok
2431,2023,40381000,investment,3436098.0,69959.0,ok
2431,2024,40381000,investment,8756764.0,70132.0,ok
2432,2023,40382000,investment,1674683.0,79305.0,ok
2432,2024,40382000,investment,2367685.0,79762.0,ok
2433,2023,40383000,investment,179857.0,67521.0,ok
2433,2024,40383000,investment,126374.0,67469.0,ok
2434,2023,40384000,investment,177513.0,69327.0,ok
2434,2024,40384000,investment,474097.0,69494.0,ok
2435,2023,40385000,investment,48543.0,62118.0,ok
2435,2024,40385000,investment,494210.0,61924.0,ok
2436,2023,40386000,investment,2209517.0,87918.0,ok
2436,2024,40386000,investment,1908560.0,88163.0,ok
2437,2023,40387000,investment,268820.0,17775.0,ok
2437,2024,40387000,investment,542585.0,18097.0,ok
2439,2023,40389000,investment,11735390.0,15514.0,ok
2439,2024,40389000,investment,14795475.0,15440.0,ok
2440,2023,40390000,investment,3417538.0,16600.0,ok
2440,2024,40390000,investment,3713668.0,16497.0,ok
2441,2023,40391000,investment,20734323.0,15861.0,ok
2441,2024,40391000,investment,23663126.0,15788.0,ok
2442,2023,40392000,investment,6845233.0,20667.0,ok
2442,2024,40392000,investment,13433373.0,20583.0,ok
2443,2023,40393000,investment,722728.0,17467.0,ok
2443,2024,40393000,investment,901455.0,17453.0,ok
2444,2023,40394000,investment,13341855.0,29648.0,ok
2444,2024,40394000,investment,20813314.0,29553.0,ok
2445,2023,40395000,investment,1841318.0,80701.0,ok
2445,2024,40395000,investment,7957235.0,80345.0,ok
2446,2023,40396000,investment,9950953.0,14359.0,ok
2446,2024,40396000,investment,5875294.0,14268.0,ok
2447,2023,40397000,investment,2494353.0,108187.0,ok
2447,2024,40397000,investment,4488517.0,108470.0,ok
2449,2023,40901000,investment,10647974.0,132978.0,ok
2449,2024,40901000,investment,10509569.0,138847.0,ok
2450,2023,40902000,investment,8808656.0,61246.0,ok
2450,2024,40902000,investment,9712007.0,61193.0,ok
2451,2023,40903000,investment,257349.0,67846.0,ok
2451,2024,40903000,investment,220963.0,67637.0,ok
2452,2023,40904000,investment,842187.0,56117.0,ok
2452,2024,40904000,investment,989855.0,55958.0,ok
2453,2023,40905000,investment,236612.0,92460.0,ok
2453,2024,40905000,investment,250371.0,92071.0,ok
2454,2023,40906000,investment,1604348.0,62309.0,ok
2454,2024,40906000,investment,2115897.0,62317.0,ok
2455,2023,40907000,investment,576041.0,74005.0,ok
2455,2024,40907000,investment,2290091.0,73743.0,ok
2456,2023,40908000,investment,39732946.0,7348.0,ok
2456,2024,40908000,investment,19733775.0,7273.0,ok
2457,2023,40909000,investment,8467388.0,9085.0,ok
2457,2024,40909000,investment,9730736.0,8978.0,ok
2458,2023,40910000,investment,19684499.0,40151.0,ok
2458,2024,40910000,investment,12169764.0,39745.0,ok
2459,2023,40911000,investment,57916358.0,74205.0,ok
2459,2024,40911000,investment,67381002.0,73451.0,ok
2460,2023,40912000,investment,20092268.0,19563.0,ok
2460,2024,40912000,investment,28150604.0,19437.0,ok
2461,2023,40913000,investment,17406556.0,50302.0,ok
2461,2024,40913000,investment,55690797.0,49727.0,ok
2462,2023,45301000,investment,1929791.0,108657.0,ok
2462,2024,45301000,investment,1953527.0,107571.0,ok
2463,2023,45302000,investment,5580969.0,119927.0,ok
2463,2024,45302000,investment,6848225.0,119585.0,ok
2464,2023,45303000,investment,551457.0,73929.0,ok
2464,2024,45303000,investment,1396435.0,73857.0,ok
2465,2023,45304000,investment,31735.0,12906.0,ok
2465,2024,45304000,investment,22703.0,12454.0,ok
2466,2023,45305000,investment,53746829.0,165243.0,ok
2466,2024,45305000,investment,74715776.0,164715.0,ok
2467,2023,45306000,investment,250872.0,125042.0,ok
2467,2024,45306000,investment,164855.0,125062.0,ok
2468,2023,45307000,investment,1392074.0,107953.0,ok
2468,2024,45307000,investment,1331604.0,108666.0,ok
2469,2023,45308000,investment,2634564.0,89113.0,ok
2469,2024,45308000,investment,7295672.0,89438.0,ok
2470,2023,45309000,investment,1826615.0,99961.0,ok
2470,2024,45309000,investment,2673952.0,99348.0,ok
2471,2023,45310000,investment,216037.0,106320.0,ok
2471,2024,45310000,investment,609794.0,107461.0,ok
2472,2023,45311000,investment,7092403.0,39623.0,ok
2472,2024,45311000,investment,16567434.0,40122.0,ok
2473,2023,45312000,investment,6587740.0,135315.0,ok
2473,2024,45312000,investment,15190262.0,134308.0,ok
2474,2023,45313000,investment,426573.0,84986.0,ok
2474,2024,45313000,investment,411273.0,84957.0,ok
2475,2023,45314000,investment,36066618.0,93183.0,ok
2475,2024,45314000,investment,54250330.0,92805.0,ok
2476,2023,45315000,investment,6329337.0,59914.0,ok
2476,2024,45315000,investment,11527552.0,60396.0,ok
2477,2023,45316000,investment,34537377.0,87630.0,ok
2477,2024,45316000,investment,47968240.0,87933.0,ok
2478,2023,45317000,investment,3094042.0,26182.0,ok
2478,2024,45317000,investment,5513248.0,25182.0,ok
2479,2023,45318000,investment,64344551.0,76926.0,ok
2479,2024,45318000,investment,55818734.0,75669.0,ok
2480,2023,45319000,investment,6880889.0,82923.0,ok
2480,2024,45319000,investment,17669667.0,82363.0,ok
2481,2023,45320000,investment,14639533.0,153316.0,ok
2481,2024,45320000,investment,16568968.0,151447.0,ok
2482,2023,45321000,investment,36370932.0,147606.0,ok
2482,2024,45321000,investment,46301468.0,145961.0,ok
2483,2023,45322000,investment,1454479.0,123219.0,ok
2483,2024,45322000,investment,2692670.0,122058.0,ok
2484,2023,45323000,investment,23006018.0,127680.0,ok
2484,2024,45323000,investment,27113335.0,126535.0,ok
2485,2023,45324000,investment,22036800.0,65529.0,ok
2485,2024,45324000,investment,20946498.0,65316.0,ok
2486,2023,45325000,investment,93532741.0,152594.0,ok
2486,2024,45325000,investment,124454537.0,151931.0,ok
2487,2023,45326000,investment,3998853.0,127304.0,ok
2487,2024,45326000,investment,3534211.0,126309.0,ok
2488,2023,45327000,investment,37992229.0,128359.0,ok
2488,2024,45327000,investment,37496946.0,128029.0,ok
2489,2023,45328000,investment,21048959.0,113015.0,ok
2489,2024,45328000,investment,51194138.0,112388.0,ok
2490,2023,45329000,investment,4776590.0,112246.0,ok
2490,2024,45329000,investment,5278014.0,111926.0,ok
2491,2023,45330000,investment,326901.0,108426.0,ok
2491,2024,45330000,investment,374397.0,110660.0,ok
2492,2023,45331000,investment,4968032.0,41877.0,ok
2492,2024,45331000,investment,7998454.0,43049.0,ok
2493,2023,45332000,investment,18858332.0,41586.0,ok
2493,2024,45332000,investment,21889481.0,42047.0,ok
2494,2023,45333000,investment,54309235.0,81964.0,ok
2494,2024,45333000,investment,76569474.0,81833.0,ok
2495,2023,45334000,investment,40735106.0,42729.0,ok
2495,2024,45334000,investment,58107496.0,43190.0,ok
2496,2023,45335000,investment,1216223.0,78556.0,ok
2496,2024,45335000,investment,909075.0,79896.0,ok
2497,2023,45336000,investment,22002669.0,72033.0,ok
2497,2024,45336000,investment,21069434.0,72173.0,ok
2498,2023,45337000,investment,1872281.0,101601.0,ok
2498,2024,45337000,investment,1883599.0,101167.0,ok
2499,2023,45338000,investment,15713580.0,104554.0,ok
2499,2024,45338000,investment,11617709.0,106612.0,ok
2500,2023,45339000,investment,2260946.0,103271.0,ok
2500,2024,45339000,investment,4217744.0,103496.0,ok
2501,2023,45340000,investment,9288053.0,85514.0,ok
2501,2024,45340000,investment,19294252.0,84743.0,ok
2502,2023,45341000,investment,3960168.0,102809.0,ok
2502,2024,45341000,investment,5599949.0,103676.0,ok
2503,2023,45342000,investment,22395056.0,55355.0,ok
2503,2024,45342000,investment,50591000.0,55420.0,ok
2504,2023,45343000,investment,270309.0,12487.0,ok
2504,2024,45343000,investment,113101.0,13337.0,ok
2505,2023,45344000,investment,61411672.0,60070.0,ok
2505,2024,45344000,investment,103507810.0,60149.0,ok
2506,2023,45345000,investment,8794465.0,58000.0,ok
2506,2024,45345000,investment,7424479.0,57677.0,ok
2507,2023,45346000,investment,5849032.0,81940.0,ok
2507,2024,45346000,investment,7899400.0,82774.0,ok
2508,2023,45347000,investment,3364335.0,93029.0,ok
2508,2024,45347000,investment,3859287.0,96233.0,ok
2509,2023,45348000,investment,46317316.0,74927.0,ok
2509,2024,45348000,investment,74294280.0,75533.0,ok
2510,2023,45349000,investment,49172848.0,78502.0,ok
2510,2024,45349000,investment,91472137.0,77681.0,ok
2511,2023,45350000,investment,5328904.0,55753.0,ok
2511,2024,45350000,investment,4755283.0,55741.0,ok
2512,2023,45351000,investment,3696118.0,68075.0,ok
2512,2024,45351000,investment,2164628.0,88627.0,ok
2513,2023,45352000,investment,276452.0,159344.0,ok
2513,2024,45352000,investment,1736590.0,158797.0,ok
2514,2023,45353000,investment,13141356.0,72472.0,ok
2514,2024,45353000,investment,46831064.0,71703.0,ok
2515,2023,45354000,investment,956609.0,84811.0,ok
2515,2024,45354000,investment,9172317.0,84105.0,ok
2516,2023,45355000,investment,589907.0,82683.0,ok
2516,2024,45355000,investment,981838.0,83136.0,ok
2517,2023,45356000,investment,2280175.0,36566.0,ok
2517,2024,45356000,investment,1744075.0,36742.0,ok
2518,2023,45357000,investment,10819853.0,63095.0,ok
2518,2024,45357000,investment,12239556.0,62191.0,ok
2519,2023,45358000,investment,49194414.0,65296.0,ok
2519,2024,45358000,investment,54653032.0,64840.0,ok
2520,2023,45359000,investment,12677509.0,187728.0,ok
2520,2024,45359000,investment,12408738.0,187737.0,ok
2521,2023,45360000,investment,1759768.0,52059.0,ok
2521,2024,45360000,investment,2513146.0,52115.0,ok
2522,2023,45361000,investment,2657195.0,60984.0,ok
2522,2024,45361000,investment,3869370.0,60013.0,ok
2523,2023,45362000,investment,1179840.0,,no_population
2523,2024,45362000,investment,792048.0,,no_population
2524,2023,45363000,investment,939700.0,,no_population
2524,2024,45363000,investment,1361622.0,,no_population
2525,2023,45364000,investment,1362028.0,86996.0,ok
2525,2024,45364000,investment,558046.0,88150.0,ok
2526,2023,45365000,investment,1950478.0,99656.0,ok
2526,2024,45365000,investment,5039363.0,98861.0,ok
2527,2023,45366000,investment,533242.0,32326.0,ok
2527,2024,45366000,investment,274159.0,33298.0,ok
2528,2023,45367000,investment,1426293.0,197840.0,ok
2528,2024,45367000,investment,1012224.0,198194.0,ok
2529,2023,45368000,investment,6774024.0,66564.0,ok
2529,2024,45368000,investment,39012214.0,67364.0,ok
2530,2023,45369000,investment,1178855.0,171805.0,ok
2530,2024,45369000,investment,1892538.0,172055.0,ok
2531,2023,45370000,investment,1878880.0,161980.0,ok
2531,2024,45370000,investment,3838877.0,163074.0,ok
2532,2023,45371000,investment,32131520.0,181520.0,ok
2532,2024,45371000,investment,37512913.0,182497.0,ok
2533,2023,45372000,investment,30839530.0,109248.0,ok
2533,2024,45372000,investment,31814475.0,110486.0,ok
2534,2023,45373000,investment,6297674.0,111492.0,ok
2534,2024,45373000,investment,5808388.0,112628.0,ok
2535,2023,45374000,investment,71256960.0,35962.0,ok
2535,2024,45374000,investment,88912326.0,36246.0,ok
2536,2023,45375000,investment,339116400.0,109051.0,ok
2536,2024,45375000,investment,335453142.0,111289.0,ok
2537,2023,45376000,investment,230247144.0,54521.0,ok
2537,2024,45376000,investment,240007958.0,55293.0,ok
2538,2023,45377000,investment,2344609.0,36840.0,ok
2538,2024,45377000,investment,2801100.0,36947.0,ok
2539,2023,45378000,investment,198177719.0,45691.0,ok
2539,2024,45378000,investment,252036681.0,45851.0,ok
2540,2023,45379000,investment,703902019.0,56620.0,ok
2540,2024,45379000,investment,649736683.0,55635.0,ok
2541,2023,45380000,investment,440115831.0,126433.0,ok
2541,2024,45380000,investment,586365036.0,127506.0,ok
2542,2023,45381000,investment,103891707.0,135106.0,ok
2542,2024,45381000,investment,128405871.0,134759.0,ok
2543,2023,45382000,investment,577037460.0,75593.0,ok
2543,2024,45382000,investment,624583526.0,75735.0,ok
2544,2023,45383000,investment,226135151.0,105275.0,ok
2544,2024,45383000,investment,231535573.0,105094.0,ok
2545,2023,45384000,investment,98312000.0,27481.0,ok
2545,2024,45384000,investment,85781470.0,27022.0,ok
2546,2023,45385000,investment,23472054.0,241783.0,ok
2546,2024,45385000,investment,29070401.0,241326.0,ok
2547,2023,45386000,investment,43529373.0,32717.0,ok
2547,2024,45386000,investment,76160175.0,32161.0,ok
2548,2023,45387000,investment,3912691.0,140670.0,ok
2548,2024,45387000,investment,3487624.0,139880.0,ok
2549,2023,45388000,investment,89607373.0,106078.0,ok
2549,2024,45388000,investment,79405258.0,109711.0,ok
2550,2023,45389000,investment,6561404.0,181447.0,ok
2550,2024,45389000,investment,7702131.0,184071.0,ok
2551,2023,45390000,investment,4189566.0,271915.0,ok
2551,2024,45390000,investment,7927537.0,272278.0,ok
2552,2023,45391000,investment,1665613.0,108388.0,ok
2552,2024,45391000,investment,3519544.0,112860.0,ok
2553,2023,45392000,investment,95293624.0,49563.0,ok
2553,2024,45392000,investment,108709589.0,50637.0,ok
2554,2023,45393000,investment,21073602.0,90252.0,ok
2554,2024,45393000,investment,20874138.0,89544.0,ok
2555,2023,45394000,investment,6658750.0,107857.0,ok
2555,2024,45394000,investment,7738440.0,108657.0,ok
2556,2023,45395000,investment,19364561.0,102752.0,ok
2556,2024,45395000,investment,24419264.0,101550.0,ok
2557,2023,45396000,investment,7219867.0,72414.0,ok
2557,2024,45396000,investment,10434040.0,73112.0,ok
2558,2023,45397000,investment,223301465.0,113198.0,ok
2558,2024,45397000,investment,327988104.0,114228.0,ok
2559,2023,45398000,investment,26001100.0,80987.0,ok
2559,2024,45398000,investment,37992191.0,80493.0,ok
2560,2023,45901000,investment,8154496.0,124527.0,ok
2560,2024,45901000,investment,9477341.0,123288.0,ok
2561,2023,45902000,investment,20962418.0,151790.0,ok
2561,2024,45902000,investment,39726351.0,152544.0,ok
2562,2023,45903000,investment,12189843.0,64976.0,ok
2562,2024,45903000,investment,3707086.0,65708.0,ok
2563,2023,45904000,investment,10044882.0,87923.0,ok
2563,2024,45904000,investment,13766838.0,87044.0,ok
2564,2023,45905000,investment,9976652.0,87447.0,ok
2564,2024,45905000,investment,9549858.0,87258.0,ok
2565,2023,45906000,investment,772022.0,97658.0,ok
2565,2024,45906000,investment,552118.0,97516.0,ok
2566,2023,45907000,investment,350183.0,132338.0,ok
2566,2024,45907000,investment,703915.0,131899.0,ok
2567,2023,45908000,investment,261768277.0,107799.0,ok
2567,2024,45908000,investment,193710559.0,107951.0,ok
2568,2023,45909000,investment,3354591.0,208783.0,ok
2568,2024,45909000,investment,4798320.0,211116.0,ok
2569,2023,45910000,investment,2598304.0,175253.0,ok
2569,2024,45910000,investment,2512860.0,176505.0,ok
2570,2023,45911000,investment,1745794.0,157292.0,ok
2570,2024,45911000,investment,3033828.0,156160.0,ok
2571,2023,45912000,investment,2631317.0,86038.0,ok
2571,2024,45912000,investment,3666179.0,85308.0,ok
2572,2023,45913000,investment,835129.0,102572.0,ok
2572,2024,45913000,investment,436062.0,101271.0,ok
2573,2023,45914000,investment,209575448.0,105140.0,ok
2573,2024,45914000,investment,259847051.0,104272.0,ok
2574,2023,45915000,investment,45942728.0,51967.0,ok
2574,2024,45915000,investment,44575115.0,51291.0,ok
2575,2023,45916000,investment,4572962.0,133651.0,ok
2575,2024,45916000,investment,2540797.0,133658.0,ok
2576,2023,45917000,investment,17239330.0,88095.0,ok
2576,2024,45917000,investment,35791498.0,86969.0,ok
2577,2023,45918000,investment,17702354.0,83658.0,ok
2577,2024,45918000,investment,19266620.0,83390.0,ok
2578,2023,45919000,investment,16320919.0,120618.0,ok
2578,2024,45919000,investment,10423334.0,120779.0,ok
2579,2023,45920000,investment,9536525.0,77938.0,ok
2579,2024,45920000,investment,7984260.0,77073.0,ok
2580,2023,45921000,investment,1591702.0,126387.0,ok
2580,2024,45921000,investment,1073080.0,124886.0,ok
2581,2023,45922000,investment,991109.0,148059.0,ok
2581,2024,45922000,investment,1148584.0,146959.0,ok
2582,2023,45923000,investment,2498919.0,120748.0,ok
2582,2024,45923000,investment,2303362.0,119021.0,ok
2583,2023,45924000,investment,4370380.0,110895.0,ok
2583,2024,45924000,investment,7244859.0,109640.0,ok
2584,2023,45925000,investment,14342966.0,113208.0,ok
2584,2024,45925000,investment,2046653.0,111983.0,ok
2585,2023,45926000,investment,5170798.0,158304.0,ok
2585,2024,45926000,investment,5307273.0,156092.0,ok
2586,2023,45927000,investment,20340690.0,33776.0,ok
2586,2024,45927000,investment,78164506.0,37824.0,ok
2587,2023,45931000,investment,3964712.0,71089.0,ok
2587,2024,45931000,investment,5137036.0,71615.0,ok
2588,2023,45932000,investment,797663.0,64132.0,ok
2588,2024,45932000,investment,6797440.0,62771.0,ok
2589,2023,45941000,investment,885464.0,63312.0,ok
2589,2024,45941000,investment,503883.0,64390.0,ok
2590,2023,45942000,investment,205568.0,20317.0,ok
2590,2024,45942000,investment,94707.0,19919.0,ok
2591,2023,45943000,investment,1254567.0,14592.0,ok
2591,2024,45943000,investment,1659602.0,14565.0,ok
2592,2023,45944000,investment,15039482.0,45606.0,ok
2592,2024,45944000,investment,12083348.0,47195.0,ok
2593,2023,45945000,investment,22402.0,12072.0,ok
2593,2024,45945000,investment,22629.0,12040.0,ok
2595,2023,45947000,investment,84358.0,21818.0,ok
2595,2024,45947000,investment,204917.0,21756.0,ok
2596,2023,45948000,investment,275024.0,12896.0,ok
2596,2024,45948000,investment,171442.0,13029.0,ok
2597,2023,45949000,investment,764034.0,15692.0,ok
2597,2024,45949000,investment,6141508.0,16230.0,ok
2598,2023,45951000,investment,1512639.0,9287.0,ok
2598,2024,45951000,investment,2753337.0,9107.0,ok
2599,2023,45952000,investment,44607428.0,111718.0,ok
2599,2024,45952000,investment,65635441.0,114244.0,ok
2600,2023,45953000,investment,3311804.0,22029.0,ok
2600,2024,45953000,investment,6192583.0,21590.0,ok
2601,2023,45954000,investment,24839.0,21725.0,ok
2601,2024,45954000,investment,40509.0,23187.0,ok
2602,2023,45955000,investment,361260.0,24782.0,ok
2602,2024,45955000,investment,311778.0,27069.0,ok
2604,2023,45957000,investment,27990775.0,32215.0,ok
2604,2024,45957000,investment,32007101.0,33033.0,ok
2605,2023,45958000,investment,37633588.0,115545.0,ok
2605,2024,45958000,investment,38324634.0,122303.0,ok
2606,2023,45959000,investment,229452.0,16237.0,ok
2606,2024,45959000,investment,5380409.0,17811.0,ok
2607,2023,45961000,investment,250504.0,13350.0,ok
2607,2024,45961000,investment,113491.0,13360.0,ok
2618,2023,34714000,investment,1354638.0,15431.0,boundary_review
2619,2023,78705000,investment,1627783.0,54862.0,boundary_review
2619,2024,78705000,investment,2520056.0,54039.0,boundary_review
2620,2023,57730000,investment,15766688.0,100732.0,boundary_review
2620,2024,57730000,investment,17445857.0,99951.0,boundary_review
2621,2023,57708000,investment,89164528.0,148978.0,boundary_review
2621,2024,57708000,investment,85060333.0,147365.0,boundary_review
1492,2023,46737000,investment,11759182.0,148369.0,ok
1492,2024,46737000,investment,12986981.0,148545.0,ok
1491,2023,46715000,investment,26625371.0,164318.0,ok
1491,2024,46715000,investment,25835458.0,163081.0,ok
1504,2023,46778000,investment,1585406.0,64223.0,ok
1504,2024,46778000,investment,1631701.0,64165.0,ok
1496,2023,46751000,investment,44988298.0,218485.0,boundary_review
1496,2024,46751000,investment,53904083.0,220062.0,boundary_review
2121,2023,28758000,investment,331553.0,22975.0,ok
2121,2024,28758000,investment,10423276.0,22713.0,ok
2131,2023,28759000,investment,827826.0,23173.0,ok
2131,2024,28759000,investment,706385.0,22742.0,ok
1184,2023,27705000,investment,619924.0,29090.0,ok
1184,2024,27705000,investment,1134240.0,29289.0,ok
1190,2023,27734000,investment,3578740.0,20746.0,ok
1190,2024,27734000,investment,2784800.0,21165.0,ok
745,2023,57719000,investment,48454.0,17530.0,boundary_review
745,2024,57719000,investment,122370.0,17213.0,boundary_review
748,2023,57720000,investment,3532057.0,67055.0,boundary_review
748,2024,57720000,investment,3005314.0,66475.0,boundary_review
755,2023,57729000,investment,123788.0,14240.0,boundary_review
755,2024,57729000,investment,146551.0,14030.0,boundary_review
739,2023,57714000,investment,1649952.0,22067.0,boundary_review
739,2024,57714000,investment,1050665.0,21697.0,boundary_review
763,2023,57735000,investment,4822517.0,94467.0,ok
763,2024,57735000,investment,7084933.0,93785.0,ok
2644,2023,46770000,investment,19900631.0,181197.0,boundary_review
2644,2024,46770000,investment,26270120.0,181687.0,boundary_review
1495,2023,46745000,investment,3193705.0,92519.0,ok
1495,2024,46745000,investment,3228812.0,92529.0,ok
2646,2023,29715000,investment,13797855.0,129584.0,boundary_review
2646,2024,29715000,investment,16201251.0,132477.0,boundary_review
2647,2023,29606000,investment,15376126.0,,no_population
2647,2024,29606000,investment,16281541.0,,no_population
2648,2023,46742000,investment,1350204.0,70669.0,boundary_review
2648,2024,46742000,investment,2226125.0,72040.0,boundary_review
2651,2023,46755000,investment,108760383.0,480869.0,boundary_review
2651,2024,46755000,investment,105998836.0,482184.0,boundary_review
2652,2023,46757000,investment,13865042.0,241038.0,boundary_review
2652,2024,46757000,investment,14770111.0,240323.0,boundary_review
1501,2023,46728000,investment,28536392.0,209616.0,ok
1501,2024,46728000,investment,21686818.0,207827.0,ok
1490,2023,46710000,investment,17520539.0,160613.0,ok
1490,2024,46710000,investment,20415233.0,160755.0,ok
1500,2023,46768000,investment,25327069.0,334391.0,boundary_review
1500,2024,46768000,investment,24358165.0,338109.0,boundary_review
1489,2023,46708000,investment,3605570.0,65122.0,ok
1489,2024,46708000,investment,3064200.0,64721.0,ok
1494,2023,46752000,investment,530373.0,21919.0,ok
1494,2024,46752000,investment,447086.0,21886.0,ok
2114,2023,28510000,investment,69378.0,9715.0,ok
2114,2024,28510000,investment,62605.0,9486.0,ok
2110,2023,28502000,investment,76302.0,10059.0,ok
2110,2024,28502000,investment,50181.0,9731.0,ok
747,2023,57760000,investment,122347.0,17604.0,boundary_review
747,2024,57760000,investment,147008.0,17217.0,boundary_review
738,2023,57712000,investment,1004864.0,39102.0,boundary_review
738,2024,57712000,investment,1338548.0,38931.0,boundary_review
754,2023,57728000,investment,1085219.0,26446.0,boundary_review
754,2024,57728000,investment,1322190.0,26196.0,boundary_review
766,2023,57757000,investment,2738260.0,50585.0,boundary_review
766,2024,57757000,investment,2156270.0,50392.0,boundary_review
760,2023,57731000,investment,1022376.0,18289.0,boundary_review
760,2024,57731000,investment,1277407.0,18094.0,boundary_review
741,2023,57718000,investment,8042542.0,47852.0,boundary_review
741,2024,57718000,investment,8902371.0,47730.0,boundary_review
743,2023,57759000,investment,91367.0,17327.0,boundary_review
743,2024,57759000,investment,150296.0,17130.0,boundary_review
752,2023,57761000,investment,621008.0,24270.0,boundary_review
752,2024,57761000,investment,788152.0,23944.0,boundary_review
756,2023,57762000,investment,551085.0,22456.0,boundary_review
756,2024,57762000,investment,397643.0,22301.0,boundary_review
765,2023,57756000,investment,751344.0,15097.0,boundary_review
765,2024,57756000,investment,394078.0,14730.0,boundary_review
767,2023,57758000,investment,4646367.0,64392.0,boundary_review
767,2024,57758000,investment,3658027.0,63686.0,boundary_review
751,2023,57727000,investment,1149598.0,38404.0,boundary_review
751,2024,57727000,investment,1589920.0,37780.0,boundary_review
734,2023,57502000,investment,711598.0,22972.0,ok
734,2024,57502000,investment,1151967.0,22642.0,ok
736,2023,57506000,investment,188821.0,13692.0,ok
736,2024,57506000,investment,188576.0,13486.0,ok
753,2023,57538000,investment,176387.0,14149.0,ok
753,2024,57538000,investment,263098.0,13958.0,ok
769,2023,57513000,investment,34133.0,11876.0,ok
769,2024,57513000,investment,59268.0,11679.0,ok
771,2023,57526000,investment,187730.0,9469.0,ok
771,2024,57526000,investment,144547.0,9259.0,ok
773,2023,57559000,investment,40701.0,8631.0,ok
773,2024,57559000,investment,45938.0,8439.0,ok
774,2023,57560000,investment,597431.0,16457.0,ok
774,2024,57560000,investment,905603.0,16182.0,ok
761,2023,57552000,investment,77148.0,9885.0,ok
761,2024,57552000,investment,69741.0,9728.0,ok
770,2023,57525000,investment,25754.0,5685.0,ok
770,2024,57525000,investment,23002.0,5543.0,ok
1550,2023,22719000,investment,1020621.0,13643.0,ok
1550,2024,22719000,investment,670666.0,13399.0,ok
2201,2023,71702000,investment,1751923.0,23429.0,boundary_review
2201,2024,71702000,investment,1084568.0,23386.0,boundary_review
713,2023,04545000,investment,75345.0,5857.0,boundary_review
713,2024,04545000,investment,89736.0,5747.0,boundary_review
1242,2023,32504000,investment,472112.0,9939.0,ok
1242,2024,32504000,investment,121948.0,9689.0,ok
1243,2023,32507000,investment,34483351.0,45809.0,ok
1243,2024,32507000,investment,31034808.0,45263.0,ok
1244,2023,32510000,investment,331465.0,21743.0,ok
1244,2024,32510000,investment,707330.0,21713.0,ok
1249,2023,32525000,investment,3303282.0,45666.0,ok
1249,2024,32525000,investment,3192017.0,45477.0,ok
1252,2023,32531000,investment,1330667.0,40738.0,ok
1252,2024,32531000,investment,1556104.0,40525.0,ok
1253,2023,32534000,investment,449573.0,18850.0,ok
1253,2024,32534000,investment,317259.0,18381.0,ok
1254,2023,32537000,investment,1165463.0,13270.0,ok
1254,2024,32537000,investment,5016791.0,12997.0,ok
1256,2023,32543000,investment,1622673.0,15662.0,ok
1256,2024,32543000,investment,836811.0,15502.0,ok
1257,2023,32546000,investment,1328816.0,26287.0,ok
1257,2024,32546000,investment,2224057.0,26089.0,ok
1241,2023,32502000,investment,1522475.0,36708.0,ok
1241,2024,32502000,investment,1596427.0,36402.0,ok
787,2023,05502000,investment,85214.0,12391.0,ok
787,2024,05502000,investment,100331.0,12237.0,ok
798,2023,05532000,investment,284851.0,18359.0,ok
798,2024,05532000,investment,182650.0,18096.0,ok
806,2023,05555000,investment,204491.0,21421.0,ok
806,2024,05555000,investment,450746.0,21090.0,ok
2132,2023,28544000,investment,117087.0,11529.0,ok
2132,2024,28544000,investment,95114.0,11371.0,ok
2649,2023,46788000,investment,16858672.0,217794.0,boundary_review
2649,2024,46788000,investment,18207727.0,218279.0,boundary_review
2710,2023,28714000,investment,2261759.0,65168.0,boundary_review
2710,2024,28714000,investment,6555387.0,63833.0,boundary_review
2373,2023,40323000,investment,21368694.0,69822.0,ok
2373,2024,40323000,investment,80735232.0,70100.0,ok
1912,2023,63746000,investment,18386.0,4958.0,ok
1912,2024,63746000,investment,32963.0,4872.0,ok
1493,2023,46707000,investment,78796480.0,309204.0,boundary_review
1493,2024,46707000,investment,89932963.0,327211.0,boundary_review
2127,2023,28536000,investment,17116.0,3914.0,ok
2127,2024,28536000,investment,13527.0,3827.0,ok
2117,2023,28516000,investment,63516.0,12137.0,ok
2117,2024,28516000,investment,78520.0,11945.0,ok
2133,2023,28546000,investment,2819.0,5136.0,ok
2133,2024,28546000,investment,14652.0,5051.0,ok
2136,2023,28549000,investment,23646.0,4892.0,ok
2136,2024,28549000,investment,34504.0,4788.0,ok
2125,2023,28532000,investment,195114.0,8654.0,ok
2125,2024,28532000,investment,58510.0,8508.0,ok
2137,2023,28550000,investment,24167.0,10050.0,ok
2137,2024,28550000,investment,220686.0,9920.0,ok
899,2023,11511000,investment,301071.0,8759.0,ok
899,2024,11511000,investment,132184.0,8586.0,ok
901,2023,11518000,investment,485144.0,14796.0,ok
901,2024,11518000,investment,226753.0,14660.0,ok
1185,2023,27506000,investment,459443.0,29256.0,ok
1185,2024,27506000,investment,831664.0,28931.0,ok
1186,2023,27507000,investment,3898587.0,107412.0,ok
1186,2024,27507000,investment,3514428.0,110395.0,ok
1188,2023,27510000,investment,6331672.0,39203.0,ok
1188,2024,27510000,investment,1462210.0,39588.0,ok
1189,2023,27513000,investment,174058.0,11016.0,ok
1189,2024,27513000,investment,1106993.0,10823.0,ok
1191,2023,27514000,investment,4056182.0,15439.0,ok
1191,2024,27514000,investment,13242939.0,15267.0,ok
1192,2023,27515000,investment,1311708.0,11791.0,ok
1192,2024,27515000,investment,1184684.0,11632.0,ok
1193,2023,27516000,investment,2053320.0,12673.0,ok
1193,2024,27516000,investment,1998870.0,12553.0,ok
1194,2023,27518000,investment,1457385.0,17147.0,ok
1194,2024,27518000,investment,743350.0,17007.0,ok
1195,2023,27519000,investment,2873889.0,18197.0,ok
1195,2024,27519000,investment,2046829.0,18045.0,ok
1196,2023,27527000,investment,233289.0,15765.0,ok
1196,2024,27527000,investment,299156.0,15573.0,ok
1197,2023,27539000,investment,1883859.0,45874.0,ok
1197,2024,27539000,investment,17011359.0,45312.0,ok
1521,2023,47515000,investment,5355130.0,30591.0,ok
1521,2024,47515000,investment,8046756.0,29632.0,ok
1512,2023,47517000,investment,8545990.0,16762.0,ok
1512,2024,47517000,investment,15709464.0,16803.0,ok
1507,2023,47519000,investment,985521.0,,no_population
1507,2024,47519000,investment,1339775.0,,no_population
1508,2023,47522000,investment,25757285.0,,no_population
1508,2024,47522000,investment,29690332.0,,no_population
1509,2023,47524000,investment,14212479.0,,no_population
1509,2024,47524000,investment,19320263.0,,no_population
1510,2023,47526000,investment,4698905.0,,no_population
1510,2024,47526000,investment,9814657.0,,no_population
1511,2023,47528000,investment,2789979.0,,no_population
1511,2024,47528000,investment,3368703.0,,no_population
1593,2023,49545000,investment,553746.0,13321.0,ok
1593,2024,49545000,investment,1080938.0,13129.0,ok
1584,2023,49523000,investment,60933.0,3260.0,ok
1584,2024,49523000,investment,36422.0,3202.0,ok
1579,2023,49510000,investment,154057.0,4116.0,ok
1579,2024,49510000,investment,124616.0,4071.0,ok
1591,2023,49538000,investment,476937.0,,no_population
1591,2024,49538000,investment,335437.0,,no_population
826,2023,07502000,investment,102124.0,46441.0,ok
826,2024,07502000,investment,213905.0,46217.0,ok
827,2023,07503000,investment,143627.0,33526.0,ok
827,2024,07503000,investment,293682.0,33305.0,ok
828,2023,07505000,investment,1406996.0,29621.0,ok
828,2024,07505000,investment,567757.0,29279.0,ok
829,2023,07507000,investment,338467.0,22874.0,ok
829,2024,07507000,investment,312262.0,22666.0,ok
830,2023,07512000,investment,6560345.0,107390.0,boundary_review
830,2024,07512000,investment,14711698.0,106466.0,boundary_review
831,2023,07517000,investment,490790.0,37986.0,ok
831,2024,07517000,investment,298310.0,37958.0,ok
832,2023,07528000,investment,6694926.0,78120.0,ok
832,2024,07528000,investment,2462455.0,77707.0,ok
834,2023,07533000,investment,592923.0,52548.0,ok
834,2024,07533000,investment,228231.0,52260.0,ok
835,2023,07536000,investment,1132818.0,34905.0,ok
835,2024,07536000,investment,1344635.0,34715.0,ok
836,2023,07544000,investment,288299.0,24624.0,ok
836,2024,07544000,investment,500735.0,24490.0,ok
838,2023,07552000,investment,79915.0,20544.0,ok
838,2024,07552000,investment,242441.0,20369.0,ok
839,2023,07554000,investment,7846662.0,32451.0,ok
839,2024,07554000,investment,2420204.0,32211.0,ok
840,2023,07556000,investment,100231.0,22217.0,ok
840,2024,07556000,investment,147961.0,22025.0,ok
841,2023,07558000,investment,8239939.0,166092.0,ok
841,2024,07558000,investment,6693541.0,165229.0,ok
735,2023,57503000,investment,1750899.0,26401.0,ok
735,2024,57503000,investment,1659353.0,26262.0,ok
742,2023,57518000,investment,66649.0,8718.0,ok
742,2024,57518000,investment,103415.0,8527.0,ok
746,2023,57524000,investment,198169.0,11074.0,ok
746,2024,57524000,investment,245288.0,10872.0,ok
764,2023,57555000,investment,157101.0,11958.0,ok
764,2024,57555000,investment,194939.0,11783.0,ok
749,2023,57529000,investment,489927.0,23317.0,ok
749,2024,57529000,investment,805939.0,22949.0,ok
758,2023,57548000,investment,560402.0,12059.0,ok
758,2024,57548000,investment,495310.0,11869.0,ok
744,2023,57522000,investment,512302.0,20192.0,ok
744,2024,57522000,investment,617362.0,19967.0,ok
1264,2023,33502000,investment,127984.0,4416.0,ok
1264,2024,33502000,investment,124252.0,4257.0,ok
1273,2023,33516000,investment,48113.0,6535.0,ok
1273,2024,33516000,investment,39523.0,6384.0,ok
1292,2023,33534000,investment,19938.0,5890.0,ok
1292,2024,33534000,investment,33239.0,5744.0,ok
1299,2023,33543000,investment,107312.0,7380.0,ok
1299,2024,33543000,investment,149271.0,7168.0,ok
1267,2023,33506000,investment,19321.0,3274.0,ok
1267,2024,33506000,investment,34341.0,3151.0,ok
1291,2023,33533000,investment,99953.0,7035.0,ok
1291,2024,33533000,investment,217141.0,6900.0,ok
1572,2023,22554000,investment,703624.0,28080.0,ok
1572,2024,22554000,investment,895779.0,27897.0,ok
1539,2023,22505000,investment,4900139.0,72780.0,ok
1539,2024,22505000,investment,11124745.0,72219.0,ok
1540,2023,22507000,investment,4812193.0,58362.0,ok
1540,2024,22507000,investment,2557386.0,57639.0,ok
1543,2023,22512000,investment,399582.0,12996.0,ok
1543,2024,22512000,investment,447758.0,12910.0,ok
1544,2023,22514000,investment,912642.0,13408.0,ok
1544,2024,22514000,investment,1932735.0,13290.0,ok
1557,2023,22534000,investment,445278.0,17245.0,ok
1557,2024,22534000,investment,530245.0,17091.0,ok
1562,2023,22540000,investment,2057209.0,34467.0,ok
1562,2024,22540000,investment,2348684.0,34099.0,ok
1563,2023,22542000,investment,7138225.0,92555.0,ok
1563,2024,22542000,investment,16596253.0,91822.0,ok
1565,2023,22546000,investment,579214.0,25730.0,ok
1565,2024,22546000,investment,816431.0,25420.0,ok
1571,2023,22553000,investment,177864.0,14521.0,ok
1571,2024,22553000,investment,223538.0,14347.0,ok
1356,2023,37542000,investment,1945646.0,23733.0,ok
1356,2024,37542000,investment,1927915.0,23519.0,ok
1345,2023,37520000,investment,169654.0,12243.0,ok
1345,2024,37520000,investment,142433.0,11993.0,ok
2245,2023,71936000,investment,29779184.0,66233.0,ok
2245,2024,71936000,investment,42859333.0,65345.0,ok
2248,2023,71943000,investment,479162123.0,17774.0,ok
2248,2024,71943000,investment,730848401.0,17876.0,ok
721,2023,04555000,investment,23834.0,7685.0,boundary_review
721,2024,04555000,investment,111093.0,7536.0,boundary_review
1251,2023,32528000,investment,832311.0,18309.0,ok
1251,2024,32528000,investment,1660611.0,17957.0,ok
594,2023,76538000,investment,370200.0,15487.0,ok
594,2024,76538000,investment,498034.0,15082.0,ok
582,2023,76515000,investment,93485591.0,7377.0,ok
582,2024,76515000,investment,68155983.0,7207.0,ok
804,2023,05550000,investment,302715.0,24807.0,ok
804,2024,05550000,investment,969249.0,24478.0,ok
795,2023,05526000,investment,175887.0,22935.0,ok
795,2024,05526000,investment,348632.0,22743.0,ok
792,2023,05517000,investment,1032880.0,12150.0,ok
792,2024,05517000,investment,3054336.0,11848.0,ok
802,2023,05546000,investment,1059412.0,17419.0,ok
802,2024,05546000,investment,1548004.0,17049.0,ok
801,2023,05540000,investment,665864.0,9876.0,ok
801,2024,05540000,investment,591934.0,9728.0,ok
871,2023,10508000,investment,220620.0,17256.0,ok
871,2024,10508000,investment,530797.0,17004.0,ok
874,2023,10521000,investment,85034.0,11783.0,ok
874,2024,10521000,investment,307218.0,11590.0,ok
873,2023,10515000,investment,366925.0,16940.0,ok
873,2024,10515000,investment,3561880.0,16566.0,ok
876,2023,10528000,investment,3407830.0,21126.0,ok
876,2024,10528000,investment,3691869.0,20785.0,ok
882,2023,10540000,investment,188131.0,7325.0,ok
882,2024,10540000,investment,69238.0,7209.0,ok
888,2023,10554000,investment,8845375.0,13606.0,ok
888,2024,10554000,investment,3933521.0,13370.0,ok
2808,2023,46738000,investment,23472179.0,214925.0,boundary_review
2808,2024,46738000,investment,25549541.0,213701.0,boundary_review
2809,2023,57530000,investment,3212711.0,103834.0,boundary_review
2809,2024,57530000,investment,3529589.0,103245.0,boundary_review
833,2023,07530000,investment,1963403.0,35811.0,ok
833,2024,07530000,investment,1286893.0,35678.0,ok
1555,2023,22532000,investment,1006022.0,15033.0,ok
1555,2024,22532000,investment,474345.0,14998.0,ok
2813,2023,46786000,investment,4509038.0,101978.0,boundary_review
2813,2024,46786000,investment,7588436.0,101188.0,boundary_review
2814,2023,46758000,investment,27643480.0,300650.0,boundary_review
2814,2024,46758000,investment,26570394.0,300898.0,boundary_review
1320,2023,34524000,investment,560151.0,10065.0,ok
1320,2024,34524000,investment,314090.0,9904.0,ok
1325,2023,34534000,investment,34746.0,4385.0,ok
1325,2024,34534000,investment,52392.0,4283.0,ok
1319,2023,34522000,investment,24052.0,2809.0,ok
1319,2024,34522000,investment,5733.0,2703.0,ok
1314,2023,34512000,investment,152901.0,4100.0,ok
1314,2024,34512000,investment,248126.0,3925.0,ok
1726,2023,54501000,investment,5096227.0,70123.0,ok
1726,2024,54501000,investment,6942428.0,69588.0,ok
2128,2023,28538000,investment,381040.0,24715.0,ok
2128,2024,28538000,investment,435753.0,24344.0,ok
2134,2023,28547000,investment,136152.0,14847.0,ok
2134,2024,28547000,investment,195643.0,14777.0,ok
2139,2023,28552000,investment,52694.0,8567.0,ok
2139,2024,28552000,investment,205533.0,8413.0,ok
2130,2023,28542000,investment,29457.0,3747.0,ok
2130,2024,28542000,investment,15689.0,3690.0,ok
911,2023,11550000,investment,545967.0,33589.0,ok
911,2024,11550000,investment,499096.0,33077.0,ok
898,2023,11508000,investment,791496.0,11299.0,ok
898,2024,11508000,investment,233297.0,10925.0,ok
900,2023,11514000,investment,134299.0,12647.0,ok
900,2024,11514000,investment,73637.0,12371.0,ok
423,2023,94502000,investment,548849.0,20182.0,ok
423,2024,94502000,investment,897662.0,19971.0,ok
424,2023,94504000,investment,375143.0,27261.0,ok
424,2024,94504000,investment,330678.0,26866.0,ok
425,2023,94506000,investment,1145731.0,13827.0,ok
425,2024,94506000,investment,1281610.0,13809.0,ok
428,2023,94512000,investment,123417.0,8699.0,ok
428,2024,94512000,investment,298306.0,8624.0,ok
429,2023,94514000,investment,336630.0,10804.0,ok
429,2024,94514000,investment,449727.0,10744.0,ok
430,2023,94516000,investment,3334757.0,82103.0,ok
430,2024,94516000,investment,5091809.0,83460.0,ok
431,2023,94518000,investment,757853.0,32865.0,ok
431,2024,94518000,investment,1370249.0,32538.0,ok
432,2023,94520000,investment,545778.0,15789.0,ok
432,2024,94520000,investment,637598.0,15570.0,ok
433,2023,94522000,investment,458052.0,10224.0,ok
433,2024,94522000,investment,509675.0,10095.0,ok
434,2023,94524000,investment,738766.0,18032.0,ok
434,2024,94524000,investment,936810.0,17833.0,ok
435,2023,94526000,investment,99977.0,17595.0,ok
435,2024,94526000,investment,73511.0,17496.0,ok
436,2023,94528000,investment,158670.0,8666.0,ok
436,2024,94528000,investment,246223.0,8518.0,ok
437,2023,94530000,investment,100122.0,7584.0,ok
437,2024,94530000,investment,107857.0,7480.0,ok
438,2023,94533000,investment,633378.0,31253.0,ok
438,2024,94533000,investment,763356.0,30993.0,ok
440,2023,94537000,investment,1870021.0,23501.0,ok
440,2024,94537000,investment,2276809.0,23267.0,ok
441,2023,94539000,investment,243910.0,10457.0,ok
441,2024,94539000,investment,628671.0,10292.0,ok
442,2023,94541000,investment,64595.0,10209.0,ok
442,2024,94541000,investment,75035.0,9970.0,ok
443,2023,94544000,investment,3652973.0,34140.0,ok
443,2024,94544000,investment,5829626.0,33739.0,ok
444,2023,94546000,investment,1270301.0,19022.0,ok
444,2024,94546000,investment,1296929.0,18886.0,ok
445,2023,94548000,investment,36091.0,7343.0,ok
445,2024,94548000,investment,41123.0,7231.0,ok
446,2023,94550000,investment,283822.0,19371.0,ok
446,2024,94550000,investment,225933.0,19293.0,ok
447,2023,94552000,investment,225622.0,11148.0,ok
447,2024,94552000,investment,213296.0,10983.0,ok
491,2023,97524000,investment,247456.0,12585.0,ok
491,2024,97524000,investment,182216.0,12470.0,ok
737,2023,57508000,investment,330581.0,11874.0,ok
737,2024,57508000,investment,251358.0,11730.0,ok
1268,2023,33507000,investment,599172.0,20073.0,ok
1268,2024,33507000,investment,561445.0,19600.0,ok
1278,2023,33521000,investment,34529.0,5450.0,ok
1278,2024,33521000,investment,23715.0,5283.0,ok
1279,2023,33522000,investment,269740.0,12773.0,ok
1279,2024,33522000,investment,509276.0,12427.0,ok
1281,2023,33524000,investment,667453.0,9036.0,ok
1281,2024,33524000,investment,864537.0,8746.0,ok
1286,2023,33529000,investment,71449.0,6864.0,ok
1286,2024,33529000,investment,66425.0,6571.0,ok
1289,2023,33531000,investment,567090.0,8143.0,ok
1289,2024,33531000,investment,426094.0,7903.0,ok
1297,2023,33540000,investment,65573.0,,no_population
1297,2024,33540000,investment,84350.0,,no_population
1560,2023,22537000,investment,21534877.0,122131.0,boundary_review
1560,2024,22537000,investment,31020171.0,121424.0,boundary_review
1344,2023,37518000,investment,261861.0,11131.0,ok
1344,2024,37518000,investment,284584.0,10941.0,ok
1343,2023,37516000,investment,693690.0,24519.0,ok
1343,2024,37516000,investment,833340.0,24231.0,ok
1355,2023,37540000,investment,115630.0,13903.0,ok
1355,2024,37540000,investment,156978.0,13663.0,ok
1348,2023,37526000,investment,767775.0,13881.0,ok
1348,2024,37526000,investment,102491.0,13666.0,ok
1335,2023,37502000,investment,80430.0,7642.0,ok
1335,2024,37502000,investment,80226.0,7380.0,ok
1352,2023,37534000,investment,35954.0,12006.0,ok
1352,2024,37534000,investment,217524.0,11754.0,ok
2244,2023,71933000,investment,23301245.0,5702.0,ok
2244,2024,71933000,investment,21593167.0,5640.0,ok
2250,2023,71948000,investment,257100376.0,16139.0,ok
2250,2024,71948000,investment,163912384.0,16268.0,ok
2872,2023,71938000,investment,1178823.0,10037.0,boundary_review
2872,2024,71938000,investment,705233.0,10095.0,boundary_review
525,2023,01512000,investment,46912.0,11444.0,ok
525,2024,01512000,investment,42015.0,11281.0,ok
1240,2023,32501000,investment,12367702.0,25274.0,ok
1240,2024,32501000,investment,4451613.0,24823.0,ok
1246,2023,32516000,investment,729554.0,50952.0,ok
1246,2024,32516000,investment,1086631.0,50597.0,ok
2876,2023,07715000,investment,7212237.0,133913.0,boundary_review
2876,2024,07715000,investment,12008564.0,133451.0,boundary_review
2879,2023,71952000,investment,8830300.0,33869.0,boundary_review
2879,2024,71952000,investment,9004079.0,34958.0,boundary_review
2880,2023,71953000,investment,3859525.0,30962.0,boundary_review
2880,2024,71953000,investment,14843764.0,31295.0,boundary_review
2881,2023,07548000,investment,2027701.0,110643.0,boundary_review
2881,2024,07548000,investment,1820034.0,109591.0,boundary_review
2882,2023,71940000,investment,343816155.0,36552.0,ok
2882,2024,71940000,investment,390364695.0,36676.0,ok
2883,2023,28528000,investment,1360290.0,52457.0,boundary_review
2883,2024,28528000,investment,1698014.0,51679.0,boundary_review
2884,2023,28548000,investment,2154941.0,64730.0,boundary_review
2884,2024,28548000,investment,1920266.0,63768.0,boundary_review
2885,2023,57528000,investment,1170571.0,50499.0,boundary_review
2885,2024,57528000,investment,740237.0,50562.0,boundary_review
2886,2023,57516000,investment,9883177.0,44174.0,boundary_review
2886,2024,57516000,investment,3844951.0,43671.0,boundary_review
2887,2023,63701000,investment,123943362.0,942315.0,boundary_review
2887,2024,63701000,investment,129623169.0,937364.0,boundary_review
1326,2023,34536000,investment,33333.0,4760.0,ok
1326,2024,34536000,investment,21122.0,4593.0,ok
1327,2023,34538000,investment,10124.0,3350.0,ok
1327,2024,34538000,investment,14189.0,3269.0,ok
2112,2023,28506000,investment,29983.0,4940.0,ok
2112,2024,28506000,investment,25185.0,4852.0,ok
2118,2023,28518000,investment,521060.0,14370.0,ok
2118,2024,28518000,investment,353354.0,14191.0,ok
2122,2023,28526000,investment,276260.0,7303.0,ok
2122,2024,28526000,investment,133869.0,7244.0,ok
2129,2023,28540000,investment,246104.0,14025.0,ok
2129,2024,28540000,investment,1062196.0,13807.0,ok
2138,2023,28551000,investment,105494.0,6525.0,ok
2138,2024,28551000,investment,71610.0,6439.0,ok
2140,2023,28553000,investment,554457.0,21077.0,ok
2140,2024,28553000,investment,577892.0,20834.0,ok
2116,2023,28514000,investment,6079.0,4073.0,ok
2116,2024,28514000,investment,52027.0,3931.0,ok
223,2023,86550000,investment,1967634.0,12418.0,ok
223,2024,86550000,investment,785514.0,12070.0,ok
907,2023,11542000,investment,1583852.0,7248.0,ok
907,2024,11542000,investment,1967533.0,7098.0,ok
915,2023,11558000,investment,130948.0,10681.0,ok
915,2024,11558000,investment,90189.0,10436.0,ok
903,2023,11527000,investment,2061240.0,17228.0,ok
903,2024,11527000,investment,3603519.0,17119.0,ok
914,2023,11556000,investment,546762.0,18445.0,ok
914,2024,11556000,investment,395172.0,17957.0,ok
908,2023,11544000,investment,402126.0,22889.0,ok
908,2024,11544000,investment,414330.0,22613.0,ok
913,2023,11554000,investment,1225954.0,23609.0,ok
913,2024,11554000,investment,1128011.0,23280.0,ok
1047,2023,19505000,investment,2372489.0,19014.0,ok
1047,2024,19505000,investment,1748603.0,18827.0,ok
1048,2023,19508000,investment,491092.0,9641.0,ok
1048,2024,19508000,investment,503765.0,9515.0,ok
1049,2023,19510000,investment,421491.0,13492.0,ok
1049,2024,19510000,investment,602969.0,13265.0,ok
1051,2023,19514000,investment,1416288.0,49825.0,ok
1051,2024,19514000,investment,1451761.0,49167.0,ok
1052,2023,19516000,investment,265028.0,12561.0,ok
1052,2024,19516000,investment,908195.0,12428.0,ok
1053,2023,19518000,investment,416299.0,13814.0,ok
1053,2024,19518000,investment,641399.0,13654.0,ok
1054,2023,19520000,investment,4095198.0,52745.0,ok
1054,2024,19520000,investment,3722649.0,52112.0,ok
1056,2023,19524000,investment,4239457.0,32078.0,ok
1056,2024,19524000,investment,4979633.0,31660.0,ok
1057,2023,19526000,investment,847639.0,16512.0,ok
1057,2024,19526000,investment,1368725.0,16433.0,ok
1059,2023,19530000,investment,72705.0,14475.0,ok
1059,2024,19530000,investment,233817.0,14278.0,ok
1060,2023,19532000,investment,776430.0,4918.0,ok
1060,2024,19532000,investment,2638660.0,4834.0,ok
1062,2023,19536000,investment,703462.0,8521.0,ok
1062,2024,19536000,investment,1192509.0,8427.0,ok
1063,2023,19538000,investment,2335010.0,45129.0,ok
1063,2024,19538000,investment,2127022.0,44621.0,ok
1064,2023,19540000,investment,206979.0,8049.0,ok
1064,2024,19540000,investment,235752.0,8005.0,ok
1065,2023,19542000,investment,267738.0,10460.0,ok
1065,2024,19542000,investment,481023.0,10381.0,ok
1066,2023,19546000,investment,1205407.0,22064.0,ok
1066,2024,19546000,investment,,21923.0,missing
1067,2023,19548000,investment,73089.0,7373.0,ok
1067,2024,19548000,investment,166464.0,7282.0,ok
1068,2023,19550000,investment,97881.0,15333.0,ok
1068,2024,19550000,investment,727679.0,15130.0,ok
1069,2023,19552000,investment,473769.0,12976.0,ok
1069,2024,19552000,investment,726830.0,12814.0,ok
484,2023,97505000,investment,154678.0,13788.0,ok
484,2024,97505000,investment,179524.0,13550.0,ok
485,2023,97507000,investment,166633.0,31190.0,ok
485,2024,97507000,investment,177408.0,30773.0,ok
486,2023,97510000,investment,565920.0,28773.0,ok
486,2024,97510000,investment,725021.0,28415.0,ok
487,2023,97513000,investment,558871.0,20179.0,ok
487,2024,97513000,investment,488194.0,19914.0,ok
489,2023,97519000,investment,556639.0,15100.0,ok
489,2024,97519000,investment,359408.0,14831.0,ok
490,2023,97521000,investment,140284.0,20626.0,ok
490,2024,97521000,investment,47154.0,20409.0,ok
492,2023,97526000,investment,123772.0,13739.0,ok
492,2024,97526000,investment,100324.0,13525.0,ok
493,2023,97529000,investment,600222.0,18877.0,ok
493,2024,97529000,investment,165728.0,18507.0,ok
494,2023,97532000,investment,511404.0,30826.0,ok
494,2024,97532000,investment,740492.0,30685.0,ok
495,2023,97535000,investment,174790.0,10452.0,ok
495,2024,97535000,investment,118474.0,10342.0,ok
496,2023,97538000,investment,77909.0,20427.0,ok
496,2024,97538000,investment,76233.0,20067.0,ok
497,2023,97541000,investment,1530845.0,31328.0,ok
497,2024,97541000,investment,2294711.0,31134.0,ok
498,2023,97544000,investment,998387.0,61599.0,ok
498,2024,97544000,investment,1545171.0,61487.0,ok
499,2023,97547000,investment,33577.0,11611.0,ok
499,2024,97547000,investment,90388.0,11365.0,ok
501,2023,97553000,investment,446308.0,22684.0,ok
501,2024,97553000,investment,344616.0,22282.0,ok
502,2023,97555000,investment,114441.0,15257.0,ok
502,2024,97555000,investment,107378.0,14957.0,ok
503,2023,97558000,investment,251879.0,12239.0,ok
503,2024,97558000,investment,261743.0,12065.0,ok
757,2023,57546000,investment,5034523.0,128215.0,ok
757,2024,57546000,investment,7261129.0,128718.0,ok
1265,2023,33503000,investment,167000.0,10804.0,ok
1265,2024,33503000,investment,82005.0,10517.0,ok
1542,2023,22510000,investment,459570.0,10307.0,ok
1542,2024,22510000,investment,576916.0,10258.0,ok
1556,2023,22533000,investment,653442.0,10869.0,ok
1556,2024,22533000,investment,566573.0,10775.0,ok
1574,2023,22557000,investment,464599.0,22759.0,ok
1574,2024,22557000,investment,390569.0,22629.0,ok
1552,2023,22526000,investment,596930.0,9817.0,ok
1552,2024,22526000,investment,1154455.0,9681.0,ok
1567,2023,22549000,investment,437045.0,13644.0,ok
1567,2024,22549000,investment,258370.0,13501.0,ok
1570,2023,22552000,investment,103889.0,7107.0,ok
1570,2024,22552000,investment,88065.0,7029.0,ok
1569,2023,22551000,investment,109498.0,9479.0,ok
1569,2024,22551000,investment,199306.0,9400.0,ok
1568,2023,22550000,investment,933623.0,16339.0,ok
1568,2024,22550000,investment,1359016.0,16175.0,ok
1573,2023,22556000,investment,114929.0,11401.0,ok
1573,2024,22556000,investment,168937.0,11304.0,ok
1547,2023,22518000,investment,158990.0,12663.0,ok
1547,2024,22518000,investment,135364.0,12521.0,ok
1558,2023,22535000,investment,260058.0,18758.0,ok
1558,2024,22535000,investment,182779.0,18535.0,ok
1537,2023,22502000,investment,1285722.0,22414.0,ok
1537,2024,22502000,investment,1405357.0,22161.0,ok
1548,2023,22519000,investment,201106.0,14537.0,ok
1548,2024,22519000,investment,141066.0,14309.0,ok
1551,2023,22522000,investment,529032.0,16216.0,ok
1551,2024,22522000,investment,632710.0,16072.0,ok
1545,2023,22515000,investment,119348.0,9755.0,ok
1545,2024,22515000,investment,224841.0,9653.0,ok
1554,2023,22530000,investment,952636.0,20408.0,ok
1554,2024,22530000,investment,1044433.0,20224.0,ok
1553,2023,22528000,investment,12132791.0,80699.0,ok
1553,2024,22528000,investment,9663442.0,80149.0,ok
1559,2023,22536000,investment,23110159.0,8726.0,ok
1559,2024,22536000,investment,5314155.0,8617.0,ok
1564,2023,22545000,investment,381239.0,18304.0,ok
1564,2024,22545000,investment,491469.0,18104.0,ok
1546,2023,22517000,investment,216362.0,16832.0,ok
1546,2024,22517000,investment,190080.0,16730.0,ok
1561,2023,22539000,investment,263540.0,26082.0,ok
1561,2024,22539000,investment,560039.0,25751.0,ok
1541,2023,22509000,investment,384940.0,10295.0,ok
1541,2024,22509000,investment,649655.0,10172.0,ok
1549,2023,22520000,investment,1397748.0,47967.0,ok
1549,2024,22520000,investment,1746030.0,47925.0,ok
1566,2023,22548000,investment,2587516.0,27151.0,ok
1566,2024,22548000,investment,1477663.0,26797.0,ok
1336,2023,37504000,investment,148859.0,12856.0,ok
1336,2024,37504000,investment,378960.0,12696.0,ok
1339,2023,37509000,investment,896549.0,6675.0,ok
1339,2024,37509000,investment,428329.0,6573.0,ok
1340,2023,37510000,investment,354795.0,25638.0,ok
1340,2024,37510000,investment,777004.0,25283.0,ok
1346,2023,37522000,investment,294882.0,12737.0,ok
1346,2024,37522000,investment,203758.0,12441.0,ok
1349,2023,37528000,investment,94580.0,7907.0,ok
1349,2024,37528000,investment,111683.0,7740.0,ok
1351,2023,37532000,investment,60665.0,10481.0,ok
1351,2024,37532000,investment,124780.0,10385.0,ok
1353,2023,37536000,investment,49658.0,4662.0,ok
1353,2024,37536000,investment,121776.0,4540.0,ok
1357,2023,37544000,investment,1008590.0,16168.0,ok
1357,2024,37544000,investment,718211.0,15866.0,ok
1358,2023,37546000,investment,287049.0,15832.0,ok
1358,2024,37546000,investment,265740.0,15694.0,ok
1347,2023,37524000,investment,32149.0,9164.0,ok
1347,2024,37524000,investment,59752.0,8983.0,ok
2249,2023,71946000,investment,300209.0,9121.0,ok
2249,2024,71946000,investment,361358.0,9162.0,ok
2303,2023,75533000,investment,1969271.0,56058.0,ok
2303,2024,75533000,investment,2122179.0,55417.0,ok
553,2023,01541000,investment,487398.0,3380.0,ok
553,2024,01541000,investment,421077.0,3264.0,ok
511,2023,01539000,investment,315701.0,37149.0,boundary_review
511,2024,01539000,investment,440234.0,36769.0,boundary_review
570,2023,01558000,investment,76651.0,9445.0,ok
570,2024,01558000,investment,54822.0,9268.0,ok
789,2023,05510000,investment,171989.0,21082.0,ok
789,2024,05510000,investment,127701.0,20727.0,ok
796,2023,05528000,investment,80081.0,7511.0,ok
796,2024,05528000,investment,83207.0,7209.0,ok
799,2023,05534000,investment,9259174.0,24402.0,ok
799,2024,05534000,investment,11680975.0,24093.0,ok
803,2023,05548000,investment,819635.0,24798.0,ok
803,2024,05548000,investment,1753597.0,24400.0,ok
889,2023,10555000,investment,485268.0,5143.0,ok
889,2024,10555000,investment,440534.0,5003.0,ok
886,2023,10549000,investment,110549033.0,20328.0,ok
886,2024,10549000,investment,122131688.0,19790.0,ok
885,2023,10547000,investment,378835.0,21156.0,ok
885,2024,10547000,investment,1113391.0,20859.0,ok
872,2023,10511000,investment,3122768.0,35071.0,ok
872,2024,10511000,investment,4259109.0,35810.0,ok
1431,2023,44502000,investment,3534818.0,8502.0,ok
1431,2024,44502000,investment,174073.0,8658.0,ok
1438,2023,44522000,investment,2337446.0,6077.0,ok
1438,2024,44522000,investment,7853200.0,5934.0,ok
1070,2023,19554000,investment,453159.0,11110.0,ok
1070,2024,19554000,investment,1076464.0,10919.0,ok
3005,2023,22703000,investment,13115040.0,145443.0,boundary_review
3005,2024,22703000,investment,16100376.0,144670.0,boundary_review
870,2023,10505000,investment,254074.0,12729.0,ok
870,2024,10505000,investment,357266.0,12372.0,ok
3007,2023,32522000,investment,28480802.0,43450.0,boundary_review
3007,2024,32522000,investment,17225537.0,43200.0,boundary_review
3009,2023,68701000,investment,22512807.0,291454.0,boundary_review
3009,2024,68701000,investment,33305037.0,288947.0,boundary_review
3011,2023,75712000,investment,2553052.0,161475.0,boundary_review
3011,2024,75712000,investment,3118815.0,160367.0,boundary_review
3012,2023,75638000,investment,97493.0,25198.0,boundary_review
3012,2024,75638000,investment,146228.0,24970.0,boundary_review
3013,2023,46771000,investment,20851866.0,133149.0,boundary_review
3013,2024,46771000,investment,37743929.0,135509.0,boundary_review
2618,2024,34520000,investment,635993.0,15147.0,boundary_review
1323,2024,34530000,investment,36550.0,8787.0,ok
1324,2024,34532000,investment,17127.0,2935.0,ok
1328,2024,34540000,investment,104268.0,7528.0,ok
1860,2024,61526000,investment,62700.0,,no_population
1862,2024,61530000,investment,755285.0,26812.0,ok
2120,2024,28522000,investment,849568.0,18994.0,ok
2143,2024,28557000,investment,130098.0,7887.0,ok
2142,2024,28555000,investment,437964.0,16137.0,ok
2111,2024,28504000,investment,1993010.0,30567.0,ok
2124,2024,28530000,investment,16215803.0,67829.0,ok
2126,2024,28534000,investment,517817.0,12610.0,ok
2113,2024,28508000,investment,611769.0,30273.0,ok
2119,2024,28520000,investment,7347354.0,59603.0,ok
217,2024,86533000,investment,1625339.0,14495.0,ok
208,2024,86504000,investment,3614930.0,12305.0,ok
221,2024,86545000,investment,4616300.0,31219.0,ok
912,2024,11552000,investment,3582343.0,28908.0,ok
904,2024,11530000,investment,219756.0,10008.0,ok
1058,2024,19528000,investment,1419629.0,14038.0,ok
1061,2024,19534000,investment,369422.0,18641.0,ok
1580,2024,49512000,investment,885369.0,9515.0,ok
1589,2024,49532000,investment,471458.0,18158.0,ok
1585,2024,49524000,investment,114527.0,5580.0,ok
1581,2024,49514000,investment,755480.0,11189.0,ok
1771,2024,58514000,investment,55968.0,,no_population
1773,2024,58518000,investment,77254.0,,no_population
1774,2024,58520000,investment,557737.0,,no_population
1775,2024,58523000,investment,57645.0,,no_population
1777,2024,58529000,investment,103407.0,,no_population
1780,2024,58540000,investment,350395.0,,no_population
1786,2024,58553000,investment,263469.0,,no_population
1788,2024,58556000,investment,44810.0,,no_population
810,2024,07510000,investment,1356020.0,,no_population
811,2024,07515000,investment,2780472.0,,boundary_review
814,2024,07520000,investment,4837304.0,,no_population
815,2024,07522000,investment,3515530.0,,no_population
817,2024,07525000,investment,452694.0,,no_population
819,2024,07539000,investment,12684583.0,,no_population
821,2024,07541000,investment,3779684.0,,no_population
822,2024,07543000,investment,3586742.0,,no_population
823,2024,07546000,investment,1399763.0,,no_population
825,2024,07550000,investment,922585.0,,no_population
1338,2024,37508000,investment,676388.0,,no_population
1341,2024,37512000,investment,682401.0,,no_population
1337,2024,37506000,investment,72250.0,,no_population
1350,2024,37530000,investment,132136.0,,no_population
592,2024,76534000,investment,23650.0,,no_population
580,2024,76510000,investment,30838607.0,,no_population
583,2024,76518000,investment,2273317.0,,no_population
588,2024,76526000,investment,8135542.0,,no_population
613,2024,30510000,investment,160313.0,8727.0,ok
808,2024,05559000,investment,2253206.0,11970.0,ok
797,2024,05530000,investment,229428.0,29888.0,ok
805,2024,05553000,investment,508354.0,25893.0,ok
807,2024,05557000,investment,15713915.0,21051.0,ok
791,2024,05514000,investment,1478113.0,13859.0,ok
854,2024,08534000,investment,3262084.0,6326.0,ok
875,2024,10525000,investment,1271826.0,11287.0,ok
2078,2024,68502000,investment,108785.0,8210.0,ok
2079,2024,68503000,investment,694881.0,9164.0,ok
2080,2024,68504000,investment,2497073.0,24844.0,ok
2081,2024,68506000,investment,1944737.0,13674.0,ok
2082,2024,68508000,investment,1033321.0,17016.0,ok
2085,2024,68514000,investment,519945.0,13380.0,ok
2087,2024,68518000,investment,148276.0,10669.0,ok
2088,2024,68520000,investment,1798279.0,15378.0,ok
2089,2024,68522000,investment,1256692.0,23709.0,ok
2090,2024,68524000,investment,566802.0,13536.0,ok
2091,2024,68526000,investment,245480.0,10656.0,ok
2093,2024,68530000,investment,442330.0,14028.0,ok
2094,2024,68532000,investment,761780.0,11610.0,ok
2095,2024,68534000,investment,1498382.0,24282.0,ok
2096,2024,68536000,investment,472847.0,11015.0,ok
2098,2024,68542000,investment,1374986.0,15011.0,ok
2100,2024,68546000,investment,114536.0,9405.0,ok
228,2024,87523000,investment,33671711.0,35807.0,ok
226,2024,87512000,investment,1300213.0,10125.0,ok
