territory_id,comparable_territory_id,rank,distance,comparable_name,comparable_region,cluster
2,1015,1,1.259147,Городищенский,Волгоградская область,1
2,1742,2,1.386055,Городищенский,Пензенская область,1
2,1936,3,1.388690,Новоузенский,Саратовская область,1
3,1579,1,0.658426,Волотовский,Новгородская область,1
3,1733,2,0.768316,Шаблыкинский,Орловская область,1
3,1886,3,0.772496,Богатовский,Самарская область,1
4,1740,1,0.669977,Бессоновский,Пензенская область,1
4,1037,2,0.763332,Светлоярский,Волгоградская область,1
4,830,3,0.794895,Будённовский,Ставропольский край,1
5,1031,1,0.624391,Новоаннинский,Волгоградская область,1
5,929,2,0.675476,Харабалинский,Астраханская область,1
5,1041,3,0.747608,Суровикинский,Волгоградская область,1
6,388,1,1.244343,Пестречинский,Республика Татарстан,1
6,1037,2,1.344064,Светлоярский,Волгоградская область,1
6,2122,3,1.394394,Кесовогорский,Тверская область,1
9,1937,1,1.200602,Озинский,Саратовская область,1
9,817,2,1.284914,Кировский,Ставропольский край,1
9,1888,3,1.355688,Большечерниговский,Самарская область,1
14,705,1,0.510028,Курагинский,Красноярский край,1
14,711,2,0.670511,Новоселовский,Красноярский край,1
14,1166,3,0.776510,Усть-Удинский,Иркутская область,1
19,572,1,0.726318,Немецкий,Алтайский край,1
19,1166,2,0.872065,Усть-Удинский,Иркутская область,1
19,2150,3,0.936349,Бакчарский,Томская область,1
22,1669,1,0.918105,Гайский,Оренбургская область,1
22,1270,2,0.922106,Вятскополянский,Кировская область,1
22,1180,3,0.969125,Светловский,Калининградская область,1
31,423,1,0.294399,Алнашский,Удмуртская Республика,1
31,735,2,0.521863,Бардымский,Пермский край,1
31,387,3,0.605478,Нурлатский,Республика Татарстан,1
32,1693,1,0.322491,Новосергиевский,Оренбургская область,1
32,382,2,0.440676,Менделеевский,Республика Татарстан,1
32,1700,3,0.597115,Саракташский,Оренбургская область,1
33,423,1,0.692584,Алнашский,Удмуртская Республика,1
33,735,2,0.695003,Бардымский,Пермский край,1
33,381,3,0.725702,Мамадышский,Республика Татарстан,1
34,502,1,1.588466,Яльчикский,Чувашская Республика,1
34,484,2,1.637939,Аликовский,Чувашская Республика,1
34,490,3,1.721697,Комсомольский,Чувашская Республика,1
36,381,1,0.413176,Мамадышский,Республика Татарстан,1
36,441,2,0.435527,Селтинский,Удмуртская Республика,1
36,444,3,0.652476,Шарканский,Удмуртская Республика,1
37,361,1,0.808155,Алькеевский,Республика Татарстан,1
37,484,2,0.944483,Аликовский,Чувашская Республика,1
37,431,3,0.992376,Игринский,Удмуртская Республика,1
38,380,1,0.577899,Лениногорский,Республика Татарстан,1
38,2286,2,0.638225,Троицкий,Челябинская область,1
38,1919,3,0.740285,Балаковский,Саратовская область,1
39,446,1,0.821897,Якшур-Бодьинский,Удмуртская Республика,1
39,297,2,0.869856,Кадошкинский,Республика Мордовия,1
39,1691,3,1.018799,Матвеевский,Оренбургская область,1
41,438,1,0.550735,Малопургинский,Удмуртская Республика,1
41,431,2,0.620786,Игринский,Удмуртская Республика,1
41,423,3,0.711119,Алнашский,Удмуртская Республика,1
43,441,1,0.267864,Селтинский,Удмуртская Республика,1
43,444,2,0.403978,Шарканский,Удмуртская Республика,1
43,381,3,0.552054,Мамадышский,Республика Татарстан,1
44,1919,1,0.446495,Балаковский,Саратовская область,1
44,380,2,0.535167,Лениногорский,Республика Татарстан,1
44,2289,3,0.619591,Южноуральский,Челябинская область,1
45,423,1,0.397758,Алнашский,Удмуртская Республика,1
45,387,2,0.617468,Нурлатский,Республика Татарстан,1
45,378,3,0.619400,Кукморский,Республика Татарстан,1
46,359,1,0.644455,Актанышский,Республика Татарстан,1
46,384,2,0.666274,Муслюмовский,Республика Татарстан,1
46,378,3,0.686148,Кукморский,Республика Татарстан,1
47,378,1,0.604655,Кукморский,Республика Татарстан,1
47,364,2,0.716652,Арский,Республика Татарстан,1
47,369,3,0.825140,Буинский,Республика Татарстан,1
48,361,1,0.546792,Алькеевский,Республика Татарстан,1
48,423,2,0.774785,Алнашский,Удмуртская Республика,1
48,378,3,0.775820,Кукморский,Республика Татарстан,1
49,1262,1,0.414115,Слободской,Кировская область,1
49,440,2,0.476330,Сарапульский,Удмуртская Республика,1
49,1674,3,0.515899,Соль-Илецкий,Оренбургская область,1
50,1674,1,0.814608,Соль-Илецкий,Оренбургская область,1
50,357,2,0.830036,Азнакаевский,Республика Татарстан,1
50,443,3,0.920296,Увинский,Удмуртская Республика,1
52,436,1,0.742778,Киясовский,Удмуртская Республика,1
52,1691,2,0.772616,Матвеевский,Оренбургская область,1
52,479,3,0.793311,Алатырь,Чувашская Республика,1
53,378,1,0.821184,Кукморский,Республика Татарстан,1
53,369,2,0.838373,Буинский,Республика Татарстан,1
53,364,3,0.966493,Арский,Республика Татарстан,1
54,364,1,1.016051,Арский,Республика Татарстан,1
54,390,2,1.075538,Сабинский,Республика Татарстан,1
54,735,3,1.177649,Бардымский,Пермский край,1
55,397,1,0.858923,Чистопольский,Республика Татарстан,1
55,1275,2,0.917077,Кирово-Чепецкий,Кировская область,1
55,1572,3,0.973776,Уренский,Нижегородская область,1
56,361,1,0.586410,Алькеевский,Республика Татарстан,1
56,378,2,0.637263,Кукморский,Республика Татарстан,1
56,423,3,0.653793,Алнашский,Удмуртская Республика,1
58,2272,1,0.597056,Ульяновский,Ульяновская область,1
58,1700,2,0.617872,Саракташский,Оренбургская область,1
58,1939,3,0.654631,Петровский,Саратовская область,1
59,390,1,0.686291,Сабинский,Республика Татарстан,1
59,423,2,0.889681,Алнашский,Удмуртская Республика,1
59,364,3,0.913996,Арский,Республика Татарстан,1
60,1675,1,0.498256,Сорочинский,Оренбургская область,1
60,393,2,0.575518,Тетюшский,Республика Татарстан,1
60,545,3,0.667665,Первомайский,Алтайский край,1
61,435,1,0.558580,Кизнерский,Удмуртская Республика,1
61,357,2,0.630624,Азнакаевский,Республика Татарстан,1
61,1674,3,0.660500,Соль-Илецкий,Оренбургская область,1
62,431,1,0.638809,Игринский,Удмуртская Республика,1
62,434,2,0.740171,Кезский,Удмуртская Республика,1
62,435,3,0.789363,Кизнерский,Удмуртская Республика,1
63,361,1,0.903850,Алькеевский,Республика Татарстан,1
63,485,2,0.907724,Батыревский,Чувашская Республика,1
63,490,3,0.955920,Комсомольский,Чувашская Республика,1
65,431,1,0.554586,Игринский,Удмуртская Республика,1
65,438,2,0.703229,Малопургинский,Удмуртская Республика,1
65,391,3,0.874113,Сармановский,Республика Татарстан,1
67,431,1,0.840908,Игринский,Удмуртская Республика,1
67,443,2,1.033172,Увинский,Удмуртская Республика,1
67,357,3,1.046419,Азнакаевский,Республика Татарстан,1
68,423,1,0.415158,Алнашский,Удмуртская Республика,1
68,438,2,0.517943,Малопургинский,Удмуртская Республика,1
68,735,3,0.596192,Бардымский,Пермский край,1
69,431,1,1.278820,Игринский,Удмуртская Республика,1
69,438,2,1.279405,Малопургинский,Удмуртская Республика,1
69,490,3,1.360787,Комсомольский,Чувашская Республика,1
70,1950,1,0.311817,Федоровский,Саратовская область,1
70,2069,2,0.387099,Шумячский,Смоленская область,1
70,1697,3,0.477828,Переволоцкий,Оренбургская область,1
71,423,1,0.494945,Алнашский,Удмуртская Республика,1
71,387,2,0.510039,Нурлатский,Республика Татарстан,1
71,357,3,0.523976,Азнакаевский,Республика Татарстан,1
72,491,1,0.940989,Красноармейский,Чувашская Республика,1
72,490,2,1.040765,Комсомольский,Чувашская Республика,1
72,485,3,1.232268,Батыревский,Чувашская Республика,1
74,378,1,0.764617,Кукморский,Республика Татарстан,1
74,364,2,0.834055,Арский,Республика Татарстан,1
74,369,3,0.890670,Буинский,Республика Татарстан,1
78,391,1,1.010743,Сармановский,Республика Татарстан,1
78,496,2,1.060213,Урмарский,Чувашская Республика,1
78,491,3,1.088964,Красноармейский,Чувашская Республика,1
80,361,1,1.440413,Алькеевский,Республика Татарстан,1
80,484,2,1.543533,Аликовский,Чувашская Республика,1
80,431,3,1.592289,Игринский,Удмуртская Республика,1
81,380,1,0.375759,Лениногорский,Республика Татарстан,1
81,421,2,0.630664,Можга,Удмуртская Республика,1
81,1919,3,0.687120,Балаковский,Саратовская область,1
82,484,1,0.518509,Аликовский,Чувашская Республика,1
82,361,2,0.786600,Алькеевский,Республика Татарстан,1
82,359,3,0.796986,Актанышский,Республика Татарстан,1
83,421,1,0.902535,Можга,Удмуртская Республика,1
83,357,2,0.954933,Азнакаевский,Республика Татарстан,1
83,431,3,0.954953,Игринский,Удмуртская Республика,1
169,198,1,0.978298,Зеленчукский,Карачаево-Черкесская Республика,1
169,840,2,1.024680,Туркменский,Ставропольский край,1
169,835,3,1.274605,Левокумский,Ставропольский край,1
173,840,1,0.745383,Туркменский,Ставропольский край,1
173,835,2,1.350944,Левокумский,Ставропольский край,1
173,1029,3,1.358949,Нехаевский,Волгоградская область,1
181,1681,1,0.543416,Асекеевский,Оренбургская область,1
181,2085,2,0.600142,Мордовский,Тамбовская область,1
181,1762,3,0.679508,Тамалинский,Пензенская область,1
184,1776,1,0.621496,Новосокольнический,Псковская область,1
184,1686,2,0.681450,Домбаровский,Оренбургская область,1
184,2314,3,0.746160,Увельский,Челябинская область,1
185,838,1,1.237957,Степновский,Ставропольский край,1
185,840,2,1.406134,Туркменский,Ставропольский край,1
185,817,3,1.452100,Кировский,Ставропольский край,1
188,929,1,1.022326,Харабалинский,Астраханская область,1
188,1014,2,1.025508,Быковский,Волгоградская область,1
188,922,3,1.225264,Енотаевский,Астраханская область,1
191,2323,1,1.950952,Брейтовский,Ярославская область,1
191,306,2,2.037995,Теньгушевский,Республика Мордовия,1
191,2143,3,2.053023,Фировский,Тверская область,1
195,2,1,1.637742,Адыгейск,Республика Адыгея,1
195,169,2,1.653758,Прохладный,Кабардино-Балкарская Республика,1
195,347,3,1.762074,Ардонский,Республика Северная Осетия — Алания,1
198,834,1,0.916130,Курский,Ставропольский край,1
198,169,2,0.978298,Прохладный,Кабардино-Балкарская Республика,1
198,840,3,1.028215,Туркменский,Ставропольский край,1
203,173,1,2.298793,Майский,Кабардино-Балкарская Республика,1
203,191,2,2.379820,Юстинский,Республика Калмыкия,1
203,2112,3,2.493651,Бельский,Тверская область,1
204,2,1,1.555209,Адыгейск,Республика Адыгея,1
204,825,2,1.780311,Советский,Ставропольский край,1
204,1742,3,1.882647,Городищенский,Пензенская область,1
208,1988,1,0.746243,Карпинск,Свердловская область,1
208,239,2,0.813664,Троицко-Печорский,Республика Коми,1
208,2009,3,0.835541,Североуральский,Свердловская область,1
209,14,1,1.170325,Турочакский,Республика Алтай,1
209,708,2,1.407742,Мотыгинский,Красноярский край,1
209,705,3,1.441502,Курагинский,Красноярский край,1
210,231,1,0.466638,Княжпогостский,Республика Коми,1
210,239,2,0.669263,Троицко-Печорский,Республика Коми,1
210,1989,3,0.731708,Волчанский,Свердловская область,1
211,2001,1,0.286231,Нижняя Салда,Свердловская область,1
211,2009,2,0.534823,Североуральский,Свердловская область,1
211,1996,3,0.687734,Кушвинский,Свердловская область,1
212,1393,1,0.927171,Волосовский,Ленинградская область,1
212,1522,2,0.955690,Терский,Мурманская область,1
212,2187,3,1.089049,Чернский,Тульская область,1
213,2211,1,0.719079,Уватский,Тюменская область,1
213,1522,2,0.889967,Терский,Мурманская область,1
213,2158,3,0.951355,Парабельский,Томская область,1
214,1189,1,0.711743,Краснознаменский,Калининградская область,1
214,239,2,0.767133,Троицко-Печорский,Республика Коми,1
214,1583,3,0.784797,Маловишерский,Новгородская область,1
215,239,1,0.616566,Троицко-Печорский,Республика Коми,1
215,2158,2,0.746360,Парабельский,Томская область,1
215,231,3,0.824967,Княжпогостский,Республика Коми,1
216,231,1,0.390620,Княжпогостский,Республика Коми,1
216,745,2,0.542025,Кизел,Пермский край,1
216,1988,3,0.548782,Карпинск,Свердловская область,1
217,1406,1,0.614883,Сланцевский,Ленинградская область,1
217,1997,2,0.678187,Верхняя Тура,Свердловская область,1
217,1976,3,0.705011,Рефтинский,Свердловская область,1
218,1411,1,0.972823,Елец,Липецкая область,1
218,1221,2,1.003337,Ферзиковский,Калужская область,1
218,2019,3,1.018052,Белоярский,Свердловская область,1
219,2031,1,0.902352,Сосьвинский,Свердловская область,1
219,2131,2,0.940007,Нелидовский,Тверская область,1
219,1989,3,1.058928,Волчанский,Свердловская область,1
220,905,1,0.513342,Ленский,Архангельская область,1
220,1988,2,0.516722,Карпинск,Свердловская область,1
220,908,3,0.640611,Няндомский,Архангельская область,1
221,231,1,0.603183,Княжпогостский,Республика Коми,1
221,1988,2,0.766105,Карпинск,Свердловская область,1
221,1989,3,0.781822,Волчанский,Свердловская область,1
223,1989,1,0.318214,Волчанский,Свердловская область,1
223,239,2,0.568938,Троицко-Печорский,Республика Коми,1
223,231,3,0.625807,Княжпогостский,Республика Коми,1
231,216,1,0.390620,Олонецкий,Республика Карелия,1
231,210,2,0.466638,Кемский,Республика Карелия,1
231,908,3,0.509569,Няндомский,Архангельская область,1
232,1268,1,0.583543,Верхнекамский,Кировская область,1
232,765,2,0.618588,Чердынский,Пермский край,1
232,1279,3,0.654207,Лузский,Кировская область,1
233,2205,1,0.787105,Нижнетавдинский,Тюменская область,1
233,914,2,1.000400,Холмогорский,Архангельская область,1
233,1655,3,1.004778,Русско-Полянский,Омская область,1
235,737,1,0.496217,Большесосновский,Пермский край,1
235,1268,2,0.508431,Верхнекамский,Кировская область,1
235,765,3,0.518532,Чердынский,Пермский край,1
238,1279,1,0.569615,Лузский,Кировская область,1
238,907,2,0.744833,Мезенский,Архангельская область,1
238,1268,3,0.791968,Верхнекамский,Кировская область,1
239,223,1,0.568938,Суоярвский,Республика Карелия,1
239,215,2,0.616566,Муезерский,Республика Карелия,1
239,216,3,0.646665,Олонецкий,Республика Карелия,1
240,911,1,0.498439,Плесецкий,Архангельская область,1
240,908,2,0.561948,Няндомский,Архангельская область,1
240,901,3,0.660709,Каргопольский,Архангельская область,1
241,745,1,0.506103,Кизел,Пермский край,1
241,739,2,0.577498,Горнозаводский,Пермский край,1
241,734,3,0.715269,Александровский,Пермский край,1
242,2215,1,0.531132,Ярковский,Тюменская область,1
242,1641,2,0.625676,Кормиловский,Омская область,1
242,2036,3,0.643314,Туринский,Свердловская область,1
270,1885,1,0.626283,Безенчукский,Самарская область,1
270,2062,2,0.701042,Сафоновский,Смоленская область,1
270,1111,3,0.751621,Тейково,Ивановская область,1
271,1125,1,0.511303,Приволжский,Ивановская область,1
271,1730,2,0.537733,Троснянский,Орловская область,1
271,1588,3,0.556225,Парфинский,Новгородская область,1
272,370,1,0.654613,Верхнеуслонский,Республика Татарстан,1
272,1194,2,0.927129,Полесский,Калининградская область,1
272,396,3,0.989876,Черемшанский,Республика Татарстан,1
273,372,1,0.563016,Дрожжановский,Республика Татарстан,1
273,381,2,0.652157,Мамадышский,Республика Татарстан,1
273,36,3,0.666791,Бакалинский,Республика Башкортостан,1
274,1948,1,0.435233,Татищевский,Саратовская область,1
274,1944,2,0.460562,Ртищевский,Саратовская область,1
274,1904,3,0.462558,Сергиевский,Самарская область,1
275,1712,1,0.443254,Глазуновский,Орловская область,1
275,2049,2,0.602744,Глинковский,Смоленская область,1
275,2050,3,0.646145,Демидовский,Смоленская область,1
276,489,1,0.684380,Козловский,Чувашская Республика,1
276,2314,2,0.707393,Увельский,Челябинская область,1
276,2018,3,0.711634,Ачитский,Свердловская область,1
277,489,1,0.648427,Козловский,Чувашская Республика,1
277,743,2,0.673486,Ильинский,Пермский край,1
277,746,3,0.705250,Кишертский,Пермский край,1
279,2018,1,0.758895,Ачитский,Свердловская область,1
279,743,2,0.761043,Ильинский,Пермский край,1
279,1287,3,0.801078,Оричевский,Кировская область,1
280,398,1,0.574497,Ютазинский,Республика Татарстан,1
280,1276,2,0.824000,Котельничский,Кировская область,1
280,736,3,0.891453,Березовский,Пермский край,1
281,1122,1,0.991516,Лухский,Ивановская область,1
281,1686,2,1.193046,Домбаровский,Оренбургская область,1
281,1287,3,1.207958,Оричевский,Кировская область,1
282,489,1,0.738253,Козловский,Чувашская Республика,1
282,376,2,0.857881,Кайбицкий,Республика Татарстан,1
282,743,3,0.860170,Ильинский,Пермский край,1
283,398,1,0.764023,Ютазинский,Республика Татарстан,1
283,1193,2,0.797368,Озерский,Калининградская область,1
283,743,3,0.882104,Ильинский,Пермский край,1
284,398,1,0.720903,Ютазинский,Республика Татарстан,1
284,1687,2,0.937962,Илекский,Оренбургская область,1
284,1066,3,0.968176,Тотемский,Вологодская область,1
285,1325,1,0.799858,Парфеньевский,Костромская область,1
285,1118,2,0.893295,Ильинский,Ивановская область,1
285,1718,3,0.909291,Краснозоренский,Орловская область,1
287,1751,1,0.397640,Малосердобинский,Пензенская область,1
287,1756,2,0.468234,Никольский,Пензенская область,1
287,1746,3,0.603722,Камешкирский,Пензенская область,1
288,1727,1,0.669756,Покровский,Орловская область,1
288,2259,2,0.705471,Кузоватовский,Ульяновская область,1
288,2255,3,0.728327,Барышский,Ульяновская область,1
289,1909,1,0.526810,Шенталинский,Самарская область,1
289,1753,2,0.597883,Наровчатский,Пензенская область,1
289,1746,3,0.683532,Камешкирский,Пензенская область,1
290,1271,1,0.829997,Даровской,Кировская область,1
290,1278,2,0.860673,Лебяжский,Кировская область,1
290,1280,3,0.900243,Малмыжский,Кировская область,1
292,1751,1,0.786944,Малосердобинский,Пензенская область,1
292,1756,2,0.828402,Никольский,Пензенская область,1
292,479,3,0.906721,Алатырь,Чувашская Республика,1
293,1917,1,0.560173,Аткарский,Саратовская область,1
293,1751,2,0.612313,Малосердобинский,Пензенская область,1
293,1537,3,0.633601,Ардатовский,Нижегородская область,1
294,1038,1,0.501219,Серафимовичский,Волгоградская область,1
294,2080,2,0.504239,Жердевский,Тамбовская область,1
294,1415,3,0.583040,Добринский,Липецкая область,1
295,2259,1,0.342567,Кузоватовский,Ульяновская область,1
295,1916,2,0.352684,Аркадакский,Саратовская область,1
295,2255,3,0.361011,Барышский,Ульяновская область,1
296,1753,1,0.455740,Наровчатский,Пензенская область,1
296,2256,2,0.508187,Вешкаймский,Ульяновская область,1
296,1420,3,0.600502,Измалковский,Липецкая область,1
297,446,1,0.699148,Якшур-Бодьинский,Удмуртская Республика,1
297,32,2,0.731297,Архангельский,Республика Башкортостан,1
297,382,3,0.773393,Менделеевский,Республика Татарстан,1
298,1944,1,0.429141,Ртищевский,Саратовская область,1
298,2257,2,0.481676,Инзенский,Ульяновская область,1
298,1929,3,0.515310,Калининский,Саратовская область,1
300,479,1,0.802804,Алатырь,Чувашская Республика,1
300,2088,2,0.838980,Никифоровский,Тамбовская область,1
300,436,3,0.849725,Киясовский,Удмуртская Республика,1
301,989,1,0.914308,Муром,Владимирская область,1
301,50,2,0.958577,Дуванский,Республика Башкортостан,1
301,498,3,0.966970,Чебоксарский,Чувашская Республика,1
302,1918,1,0.355781,Базарно-Карабулакский,Саратовская область,1
302,495,2,0.371378,Порецкий,Чувашская Республика,1
302,1753,3,0.531751,Наровчатский,Пензенская область,1
303,1262,1,0.575524,Слободской,Кировская область,1
303,2311,2,0.609015,Саткинский,Челябинская область,1
303,1063,3,0.629045,Сокольский,Вологодская область,1
304,1702,1,0.705409,Северный,Оренбургская область,1
304,2258,2,0.781038,Карсунский,Ульяновская область,1
304,1750,3,0.794449,Лунинский,Пензенская область,1
305,1929,1,0.497787,Калининский,Саратовская область,1
305,1916,2,0.508974,Аркадакский,Саратовская область,1
305,2259,3,0.525539,Кузоватовский,Ульяновская область,1
306,1029,1,0.743794,Нехаевский,Волгоградская область,1
306,1933,2,0.819267,Лысогорский,Саратовская область,1
306,1412,3,0.871451,Воловский,Липецкая область,1
307,1564,1,0.302287,Пильнинский,Нижегородская область,1
307,1543,2,0.388056,Бутурлинский,Нижегородская область,1
307,1897,3,0.469463,Кошкинский,Самарская область,1
308,1759,1,0.498175,Сердобский,Пензенская область,1
308,482,2,0.531722,Шумерля,Чувашская Республика,1
308,1745,3,0.627214,Каменский,Пензенская область,1
347,198,1,1.482523,Зеленчукский,Карачаево-Черкесская Республика,1
347,834,2,1.684116,Курский,Ставропольский край,1
347,195,3,1.762074,Карачаевский,Карачаево-Черкесская Республика,1
349,204,1,2.313827,Усть-Джегутинский,Карачаево-Черкесская Республика,1
349,1744,2,2.517107,Иссинский,Пензенская область,1
349,198,3,2.677221,Зеленчукский,Карачаево-Черкесская Республика,1
351,830,1,0.718765,Будённовский,Ставропольский край,1
351,4,2,0.993441,Кошехабльский,Республика Адыгея,1
351,823,3,1.096715,Петровский,Ставропольский край,1
356,1262,1,0.605146,Слободской,Кировская область,1
356,49,2,0.736474,Давлекановский,Республика Башкортостан,1
356,1700,3,0.765903,Саракташский,Оренбургская область,1
357,440,1,0.509441,Сарапульский,Удмуртская Республика,1
357,71,2,0.523976,Салаватский,Республика Башкортостан,1
357,1674,3,0.573939,Соль-Илецкий,Оренбургская область,1
358,277,1,0.715702,Мари-Турекский,Республика Марий Эл,1
358,1687,2,0.842170,Илекский,Оренбургская область,1
358,499,3,0.842955,Шемуршинский,Чувашская Республика,1
359,46,1,0.644455,Бураевский,Республика Башкортостан,1
359,36,2,0.742904,Бакалинский,Республика Башкортостан,1
359,45,3,0.765853,Буздякский,Республика Башкортостан,1
360,1058,1,0.507228,Кирилловский,Вологодская область,1
360,2066,2,0.511230,Угранский,Смоленская область,1
360,1535,3,0.671031,Сокольский,Нижегородская область,1
361,48,1,0.546792,Гафурийский,Республика Башкортостан,1
361,56,2,0.586410,Илишевский,Республика Башкортостан,1
361,45,3,0.727808,Буздякский,Республика Башкортостан,1
363,273,1,0.882394,Горномарийский,Республика Марий Эл,1
363,499,2,0.885129,Шемуршинский,Чувашская Республика,1
363,1703,3,0.967967,Ташлинский,Оренбургская область,1
364,47,1,0.716652,Бурзянский,Республика Башкортостан,1
364,485,2,0.807333,Батыревский,Чувашская Республика,1
364,74,3,0.834055,Татышлинский,Республика Башкортостан,1
365,277,1,0.840438,Мари-Турекский,Республика Марий Эл,1
365,494,2,0.852171,Моргаушский,Чувашская Республика,1
365,283,3,0.915683,Сернурский,Республика Марий Эл,1
366,61,1,0.772482,Кигинский,Республика Башкортостан,1
366,60,2,0.793961,Кармаскалинский,Республика Башкортостан,1
366,49,3,0.822013,Давлекановский,Республика Башкортостан,1
367,54,1,1.420398,Зилаирский,Республика Башкортостан,1
367,485,2,1.589056,Батыревский,Чувашская Республика,1
367,47,3,1.643689,Бурзянский,Республика Башкортостан,1
369,46,1,0.708548,Бураевский,Республика Башкортостан,1
369,45,2,0.726841,Буздякский,Республика Башкортостан,1
369,71,3,0.774559,Салаватский,Республика Башкортостан,1
370,272,1,0.654613,Волжский,Республика Марий Эл,1
370,1194,2,0.795129,Полесский,Калининградская область,1
370,1020,3,1.126804,Иловлинский,Волгоградская область,1
371,1906,1,1.027297,Сызранский,Самарская область,1
371,1411,2,1.139960,Елец,Липецкая область,1
371,55,3,1.264199,Иглинский,Республика Башкортостан,1
372,273,1,0.563016,Горномарийский,Республика Марий Эл,1
372,36,2,0.823606,Бакалинский,Республика Башкортостан,1
372,46,3,0.946297,Бураевский,Республика Башкортостан,1
374,443,1,0.559809,Увинский,Удмуртская Республика,1
374,3007,2,0.564085,Прокопьевский,Кемеровская область,1
374,440,3,0.569761,Сарапульский,Удмуртская Республика,1
376,499,1,0.644473,Шемуршинский,Чувашская Республика,1
376,277,2,0.739696,Мари-Турекский,Республика Марий Эл,1
376,282,3,0.857881,Параньгинский,Республика Марий Эл,1
377,1921,1,0.506095,Балтайский,Саратовская область,1
377,1892,2,0.579031,Исаклинский,Самарская область,1
377,2255,3,0.637335,Барышский,Ульяновская область,1
378,47,1,0.604655,Бурзянский,Республика Башкортостан,1
378,45,2,0.619400,Буздякский,Республика Башкортостан,1
378,56,3,0.637263,Илишевский,Республика Башкортостан,1
380,81,1,0.375759,Чишминский,Республика Башкортостан,1
380,44,2,0.535167,Благовещенский,Республика Башкортостан,1
380,38,3,0.577899,Белебеевский,Республика Башкортостан,1
381,36,1,0.413176,Бакалинский,Республика Башкортостан,1
381,444,2,0.526434,Шарканский,Удмуртская Республика,1
381,43,3,0.552054,Благоварский,Республика Башкортостан,1
382,32,1,0.440676,Архангельский,Республика Башкортостан,1
382,486,2,0.471679,Вурнарский,Чувашская Республика,1
382,1693,3,0.529865,Новосергиевский,Оренбургская область,1
383,1703,1,0.530878,Ташлинский,Оренбургская область,1
383,274,2,0.596514,Звениговский,Республика Марий Эл,1
383,486,3,0.637130,Вурнарский,Чувашская Республика,1
384,1274,1,0.605176,Кильмезский,Кировская область,1
384,46,2,0.666274,Бураевский,Республика Башкортостан,1
384,1282,3,0.951816,Нагорский,Кировская область,1
386,273,1,0.865894,Горномарийский,Республика Марий Эл,1
386,1573,2,0.997219,Шарангский,Нижегородская область,1
386,1545,3,1.029380,Варнавинский,Нижегородская область,1
387,423,1,0.434045,Алнашский,Удмуртская Республика,1
387,443,2,0.479367,Увинский,Удмуртская Республика,1
387,71,3,0.510039,Салаватский,Республика Башкортостан,1
388,6,1,1.244343,Майкопский,Республика Адыгея,1
388,1037,2,1.274061,Светлоярский,Волгоградская область,1
388,1906,3,1.295619,Сызранский,Самарская область,1
390,423,1,0.642313,Алнашский,Удмуртская Республика,1
390,59,2,0.686291,Караидельский,Республика Башкортостан,1
390,31,3,0.709206,Альшеевский,Республика Башкортостан,1
391,486,1,0.873766,Вурнарский,Чувашская Республика,1
391,65,2,0.874113,Кушнаренковский,Республика Башкортостан,1
391,61,3,0.916540,Кигинский,Республика Башкортостан,1
392,1931,1,0.374393,Краснокутский,Саратовская область,1
392,1028,2,0.612016,Ленинский,Волгоградская область,1
392,1534,3,0.614084,Первомайск,Нижегородская область,1
393,60,1,0.575518,Кармаскалинский,Республика Башкортостан,1
393,1351,2,0.693783,Сафакулевский,Курганская область,1
393,1570,3,0.734896,Тонкинский,Нижегородская область,1
395,487,1,1.368106,Ибресинский,Чувашская Республика,1
395,273,2,1.437396,Горномарийский,Республика Марий Эл,1
395,54,3,1.453771,Зилаирский,Республика Башкортостан,1
396,1703,1,0.891805,Ташлинский,Оренбургская область,1
396,2305,2,0.913350,Кунашакский,Челябинская область,1
396,60,3,0.969698,Кармаскалинский,Республика Башкортостан,1
397,1275,1,0.624370,Кирово-Чепецкий,Кировская область,1
397,1922,2,0.693548,Вольский,Саратовская область,1
397,1109,3,0.765963,Кинешма,Ивановская область,1
398,280,1,0.574497,Новоторъяльский,Республика Марий Эл,1
398,284,2,0.720903,Советский,Республика Марий Эл,1
398,277,3,0.738786,Мари-Турекский,Республика Марий Эл,1
421,498,1,0.531445,Чебоксарский,Чувашская Республика,1
421,81,2,0.630664,Чишминский,Республика Башкортостан,1
421,380,3,0.721104,Лениногорский,Республика Татарстан,1
423,31,1,0.294399,Альшеевский,Республика Башкортостан,1
423,45,2,0.397758,Буздякский,Республика Башкортостан,1
423,68,3,0.415158,Мишкинский,Республика Башкортостан,1
424,1294,1,0.643988,Советский,Кировская область,1
424,771,2,0.703038,Кочевский,Пермский край,1
424,1302,3,0.715286,Яранский,Кировская область,1
425,2257,1,0.494268,Инзенский,Ульяновская область,1
425,1909,2,0.538657,Шенталинский,Самарская область,1
425,43,3,0.653629,Благоварский,Республика Башкортостан,1
428,1909,1,0.640681,Шенталинский,Самарская область,1
428,1271,2,0.668225,Даровской,Кировская область,1
428,1335,3,0.691695,Альменевский,Курганская область,1
429,1296,1,0.780919,Тужинский,Кировская область,1
429,43,2,0.815084,Благоварский,Республика Башкортостан,1
429,1271,3,0.816380,Даровской,Кировская область,1
431,65,1,0.554586,Кушнаренковский,Республика Башкортостан,1
431,41,2,0.620786,Бижбулякский,Республика Башкортостан,1
431,62,3,0.638809,Краснокамский,Республика Башкортостан,1
432,3012,1,0.632857,Кусинский,Челябинская область,1
432,1341,2,0.655072,Катайский,Курганская область,1
432,2276,3,0.669804,Верхнеуфалейский,Челябинская область,1
433,1291,1,0.570429,Санчурский,Кировская область,1
433,1355,2,0.605319,Шатровский,Курганская область,1
433,761,3,0.634334,Уинский,Пермский край,1
434,62,1,0.740171,Краснокамский,Республика Башкортостан,1
434,1289,2,0.788148,Пижанский,Кировская область,1
434,1278,3,0.815104,Лебяжский,Кировская область,1
435,61,1,0.558580,Кигинский,Республика Башкортостан,1
435,1356,2,0.625966,Шумихинский,Курганская область,1
435,756,3,0.636392,Очерский,Пермский край,1
436,52,1,0.742778,Ермекеевский,Республика Башкортостан,1
436,300,2,0.849725,Краснослободский,Республика Мордовия,1
436,1925,3,0.994448,Духовницкий,Саратовская область,1
437,1273,1,0.582938,Кикнурский,Кировская область,1
437,1271,2,0.847098,Даровской,Кировская область,1
437,290,3,1.099677,Большеберезниковский,Республика Мордовия,1
438,68,1,0.517943,Мишкинский,Республика Башкортостан,1
438,41,2,0.550735,Бижбулякский,Республика Башкортостан,1
438,31,3,0.671354,Альшеевский,Республика Башкортостан,1
440,49,1,0.476330,Давлекановский,Республика Башкортостан,1
440,357,2,0.509441,Азнакаевский,Республика Татарстан,1
440,1674,3,0.524697,Соль-Илецкий,Оренбургская область,1
441,43,1,0.267864,Благоварский,Республика Башкортостан,1
441,36,2,0.435527,Бакалинский,Республика Башкортостан,1
441,381,3,0.564118,Мамадышский,Республика Татарстан,1
442,1289,1,0.776065,Пижанский,Кировская область,1
442,1296,2,0.885146,Тужинский,Кировская область,1
442,1278,3,0.901773,Лебяжский,Кировская область,1
443,387,1,0.479367,Нурлатский,Республика Татарстан,1
443,374,2,0.559809,Заинский,Республика Татарстан,1
443,1674,3,0.584994,Соль-Илецкий,Оренбургская область,1
444,43,1,0.403978,Благоварский,Республика Башкортостан,1
444,381,2,0.526434,Мамадышский,Республика Татарстан,1
444,1300,3,0.529236,Шабалинский,Кировская область,1
445,493,1,1.131913,Мариинско-Посадский,Чувашская Республика,1
445,1271,2,1.134975,Даровской,Кировская область,1
445,1278,3,1.154772,Лебяжский,Кировская область,1
446,1691,1,0.450932,Матвеевский,Оренбургская область,1
446,1941,2,0.492471,Пугачевский,Саратовская область,1
446,1666,3,0.592744,Абдулинский,Оренбургская область,1
447,1273,1,0.917116,Кикнурский,Кировская область,1
447,1271,2,0.957966,Даровской,Кировская область,1
447,493,3,1.055257,Мариинско-Посадский,Чувашская Республика,1
451,1522,1,0.860103,Терский,Мурманская область,1
451,2211,2,0.877961,Уватский,Тюменская область,1
451,213,3,0.965350,Лоухский,Республика Карелия,1
456,1655,1,1.065862,Русско-Полянский,Омская область,1
456,572,2,1.068286,Немецкий,Алтайский край,1
456,2160,3,1.116103,Тегульдетский,Томская область,1
457,1605,1,0.418030,Венгеровский,Новосибирская область,1
457,2159,2,0.476372,Первомайский,Томская область,1
457,544,3,0.525598,Панкрушихинский,Алтайский край,1
460,1616,1,0.521680,Купинский,Новосибирская область,1
460,698,2,0.712265,Ирбейский,Красноярский край,1
460,696,3,0.806714,Идринский,Красноярский край,1
479,1559,1,0.763007,Краснооктябрьский,Нижегородская область,1
479,52,2,0.793311,Ермекеевский,Республика Башкортостан,1
479,300,3,0.802804,Краснослободский,Республика Мордовия,1
480,387,1,0.624410,Нурлатский,Республика Татарстан,1
480,423,2,0.771670,Алнашский,Удмуртская Республика,1
480,357,3,0.827887,Азнакаевский,Республика Татарстан,1
482,308,1,0.531722,Чамзинский,Республика Мордовия,1
482,1280,2,0.790380,Малмыжский,Кировская область,1
482,382,3,0.790800,Менделеевский,Республика Татарстан,1
484,82,1,0.518509,Шаранский,Республика Башкортостан,1
484,361,2,0.796595,Алькеевский,Республика Татарстан,1
484,65,3,0.935513,Кушнаренковский,Республика Башкортостан,1
485,364,1,0.807333,Арский,Республика Татарстан,1
485,56,2,0.858877,Илишевский,Республика Башкортостан,1
485,63,3,0.907724,Кугарчинский,Республика Башкортостан,1
486,1893,1,0.464573,Камышлинский,Самарская область,1
486,382,2,0.471679,Менделеевский,Республика Татарстан,1
486,383,3,0.637130,Мензелинский,Республика Татарстан,1
487,1691,1,0.800811,Матвеевский,Оренбургская область,1
487,1927,2,0.847146,Ершовский,Саратовская область,1
487,1756,3,0.854180,Никольский,Пензенская область,1
489,2272,1,0.548250,Ульяновский,Ульяновская область,1
489,2332,2,0.580740,Пошехонский,Ярославская область,1
489,743,3,0.622729,Ильинский,Пермский край,1
490,56,1,0.837004,Илишевский,Республика Башкортостан,1
490,63,2,0.955920,Кугарчинский,Республика Башкортостан,1
490,361,3,0.971678,Алькеевский,Республика Татарстан,1
491,72,1,0.940989,Стерлибашевский,Республика Башкортостан,1
491,78,2,1.088964,Федоровский,Республика Башкортостан,1
491,391,3,1.162202,Сармановский,Республика Татарстан,1
492,52,1,0.992922,Ермекеевский,Республика Башкортостан,1
492,31,2,1.108444,Альшеевский,Республика Башкортостан,1
492,1706,3,1.123720,Шарлыкский,Оренбургская область,1
493,1291,1,0.819017,Санчурский,Кировская область,1
493,1271,2,0.969229,Даровской,Кировская область,1
493,1299,3,1.023903,Фаленский,Кировская область,1
494,365,1,0.852171,Атнинский,Республика Татарстан,1
494,283,2,0.899792,Сернурский,Республика Марий Эл,1
494,284,3,0.972888,Советский,Республика Марий Эл,1
495,2260,1,0.279118,Майнский,Ульяновская область,1
495,1918,2,0.326039,Базарно-Карабулакский,Саратовская область,1
495,302,3,0.371378,Ромодановский,Республика Мордовия,1
496,1280,1,0.856190,Малмыжский,Кировская область,1
496,58,2,0.923912,Калтасинский,Республика Башкортостан,1
496,391,3,1.019527,Сармановский,Республика Татарстан,1
497,383,1,0.693247,Мензелинский,Республика Татарстан,1
497,1293,2,0.702808,Слободской,Кировская область,1
497,1261,3,0.703391,Котельнич,Кировская область,1
498,421,1,0.531445,Можга,Удмуртская Республика,1
498,380,2,0.735587,Лениногорский,Республика Татарстан,1
498,357,3,0.806546,Азнакаевский,Республика Татарстан,1
499,376,1,0.644473,Кайбицкий,Республика Татарстан,1
499,358,2,0.842955,Аксубаевский,Республика Татарстан,1
499,363,3,0.885129,Апастовский,Республика Татарстан,1
501,424,1,0.767783,Балезинский,Удмуртская Республика,1
501,1302,2,0.849672,Яранский,Кировская область,1
501,65,3,0.890212,Кушнаренковский,Республика Башкортостан,1
502,34,1,1.588466,Аургазинский,Республика Башкортостан,1
502,80,2,1.773886,Чекмагушевский,Республика Башкортостан,1
502,2268,3,2.056105,Старокулаткинский,Ульяновская область,1
503,398,1,1.203517,Ютазинский,Республика Татарстан,1
503,277,2,1.238486,Мари-Турекский,Республика Марий Эл,1
503,1284,3,1.244269,Нолинский,Кировская область,1
512,1257,1,0.820549,Яшкинский,Кемеровская область,1
512,2012,2,0.836601,Тавдинский,Свердловская область,1
512,2191,3,0.906807,Заводоуковский,Тюменская область,1
516,2207,1,0.577503,Сладковский,Тюменская область,1
516,1607,2,0.732683,Здвинский,Новосибирская область,1
516,1657,3,0.735834,Седельниковский,Омская область,1
518,1618,1,0.331725,Маслянинский,Новосибирская область,1
518,1242,2,0.455614,Ижморский,Кемеровская область,1
518,1629,3,0.576295,Черепановский,Новосибирская область,1
519,1640,1,0.312438,Колосовский,Омская область,1
519,2154,2,0.345344,Кожевниковский,Томская область,1
519,1610,3,0.463196,Каргатский,Новосибирская область,1
520,1626,1,1.143885,Убинский,Новосибирская область,1
520,1773,2,1.335853,Локнянский,Псковская область,1
520,1027,3,1.426877,Кумылженский,Волгоградская область,1
521,1663,1,0.501055,Черлакский,Омская область,1
521,1606,2,0.554977,Доволенский,Новосибирская область,1
521,1640,3,0.659652,Колосовский,Омская область,1
522,1688,1,1.028006,Кваркенский,Оренбургская область,1
522,1692,2,1.134292,Новоорский,Оренбургская область,1
522,1633,3,1.221866,Азовский немецкий,Омская область,1
523,1627,1,0.981874,Усть-Таркский,Новосибирская область,1
523,683,2,1.028991,Абанский,Красноярский край,1
523,1626,3,1.038626,Убинский,Новосибирская область,1
524,1663,1,0.519069,Черлакский,Омская область,1
524,1642,2,0.660448,Крутинский,Омская область,1
524,1606,3,0.665888,Доволенский,Новосибирская область,1
525,1640,1,0.601790,Колосовский,Омская область,1
525,2154,2,0.638501,Кожевниковский,Томская область,1
525,1345,3,0.658395,Макушинский,Курганская область,1
527,2163,1,0.700810,Шегарский,Томская область,1
527,2149,2,0.737236,Асиновский,Томская область,1
527,1634,3,0.824729,Большереченский,Омская область,1
528,706,1,0.748410,Манский,Красноярский край,1
528,2152,2,0.752907,Зырянский,Томская область,1
528,1644,3,0.891150,Марьяновский,Омская область,1
529,1621,1,0.803970,Ордынский,Новосибирская область,1
529,1609,2,0.918615,Карасукский,Новосибирская область,1
529,2200,3,0.988963,Викуловский,Тюменская область,1
530,1606,1,0.791220,Доволенский,Новосибирская область,1
530,1663,2,0.971214,Черлакский,Омская область,1
530,1621,3,1.013446,Ордынский,Новосибирская область,1
531,1649,1,0.520612,Нововаршавский,Омская область,1
531,1636,2,0.793168,Горьковский,Омская область,1
531,1639,3,0.817874,Калачинский,Омская область,1
532,2154,1,0.593325,Кожевниковский,Томская область,1
532,703,2,0.659806,Козульский,Красноярский край,1
532,2159,3,0.661579,Первомайский,Томская область,1
533,1607,1,0.746329,Здвинский,Новосибирская область,1
533,1606,2,0.764895,Доволенский,Новосибирская область,1
533,1634,3,0.808184,Большереченский,Омская область,1
534,1657,1,0.525158,Седельниковский,Омская область,1
534,1606,2,0.618639,Доволенский,Новосибирская область,1
534,1647,3,0.678358,Называевский,Омская область,1
536,1346,1,0.858047,Мишкинский,Курганская область,1
536,1350,2,0.946907,Притобольный,Курганская область,1
536,2163,3,0.974638,Шегарский,Томская область,1
537,1656,1,0.570253,Саргатский,Омская область,1
537,1640,2,0.576567,Колосовский,Омская область,1
537,1653,3,0.590986,Павлоградский,Омская область,1
538,2163,1,0.575007,Шегарский,Томская область,1
538,2154,2,0.776762,Кожевниковский,Томская область,1
538,703,3,0.873197,Козульский,Красноярский край,1
539,1663,1,0.748614,Черлакский,Омская область,1
539,1606,2,0.788817,Доволенский,Новосибирская область,1
539,1642,3,0.896727,Крутинский,Омская область,1
540,1606,1,0.395922,Доволенский,Новосибирская область,1
540,1663,2,0.587636,Черлакский,Омская область,1
540,1628,3,0.657456,Чановский,Новосибирская область,1
541,1634,1,0.815890,Большереченский,Омская область,1
541,1253,2,0.859358,Тяжинский,Кемеровская область,1
541,1657,3,0.964662,Седельниковский,Омская область,1
542,1347,1,0.994231,Мокроусовский,Курганская область,1
542,2152,2,1.104435,Зырянский,Томская область,1
542,898,3,1.144754,Верхнетоемский,Архангельская область,1
543,1663,1,0.726507,Черлакский,Омская область,1
543,690,2,0.732367,Большемуртинский,Красноярский край,1
543,1656,3,0.773064,Саргатский,Омская область,1
544,1605,1,0.285596,Венгеровский,Новосибирская область,1
544,457,2,0.525598,Орджоникидзевский,Республика Хакасия,1
544,2159,3,0.594063,Первомайский,Томская область,1
545,2202,1,0.528053,Исетский,Тюменская область,1
545,1675,2,0.571452,Сорочинский,Оренбургская область,1
545,60,3,0.667665,Кармаскалинский,Республика Башкортостан,1
546,1645,1,0.861054,Москаленский,Омская область,1
546,1642,2,0.968586,Крутинский,Омская область,1
546,1658,3,1.108355,Таврический,Омская область,1
547,1606,1,0.530807,Доволенский,Новосибирская область,1
547,1657,2,0.810601,Седельниковский,Омская область,1
547,1607,3,0.815628,Здвинский,Новосибирская область,1
548,1350,1,0.906482,Притобольный,Курганская область,1
548,1336,2,0.929145,Белозерский,Курганская область,1
548,1343,3,0.949825,Куртамышский,Курганская область,1
549,1634,1,0.942844,Большереченский,Омская область,1
549,1271,2,1.060655,Даровской,Кировская область,1
549,1657,3,1.090091,Седельниковский,Омская область,1
550,1642,1,0.654434,Крутинский,Омская область,1
550,1606,2,0.913526,Доволенский,Новосибирская область,1
550,1607,3,0.919784,Здвинский,Новосибирская область,1
552,1639,1,0.924367,Калачинский,Омская область,1
552,1663,2,0.937948,Черлакский,Омская область,1
552,690,3,0.985005,Большемуртинский,Красноярский край,1
553,2152,1,0.790080,Зырянский,Томская область,1
553,2162,2,0.862042,Чаинский,Томская область,1
553,706,3,0.912754,Манский,Красноярский край,1
555,1642,1,0.706344,Крутинский,Омская область,1
555,1628,2,0.769685,Чановский,Новосибирская область,1
555,1606,3,0.819630,Доволенский,Новосибирская область,1
556,706,1,0.739567,Манский,Красноярский край,1
556,1648,2,0.752732,Нижнеомский,Омская область,1
556,1640,3,0.843750,Колосовский,Омская область,1
557,1646,1,0.602516,Муромцевский,Омская область,1
557,1605,2,0.679799,Венгеровский,Новосибирская область,1
557,457,3,0.729800,Орджоникидзевский,Республика Хакасия,1
558,2159,1,0.381718,Первомайский,Томская область,1
558,2156,2,0.459458,Кривошеинский,Томская область,1
558,717,3,0.467893,Сухобузимский,Красноярский край,1
559,1663,1,0.511268,Черлакский,Омская область,1
559,1639,2,0.604581,Калачинский,Омская область,1
559,1618,3,0.646998,Маслянинский,Новосибирская область,1
560,1626,1,0.884905,Убинский,Новосибирская область,1
560,1678,2,0.953188,Адамовский,Оренбургская область,1
560,1680,3,0.991375,Александровский,Оренбургская область,1
561,1639,1,0.864815,Калачинский,Омская область,1
561,1608,2,0.896068,Искитимский,Новосибирская область,1
561,1663,3,0.939534,Черлакский,Омская область,1
562,2207,1,0.709394,Сладковский,Тюменская область,1
562,1606,2,0.765477,Доволенский,Новосибирская область,1
562,683,3,0.768855,Абанский,Красноярский край,1
563,1346,1,0.764328,Мишкинский,Курганская область,1
563,2163,2,0.814215,Шегарский,Томская область,1
563,1350,3,0.894057,Притобольный,Курганская область,1
564,1640,1,0.475954,Колосовский,Омская область,1
564,1606,2,0.487120,Доволенский,Новосибирская область,1
564,1657,3,0.553187,Седельниковский,Омская область,1
565,924,1,1.177405,Камызякский,Астраханская область,1
565,181,2,1.203661,Городовиковский,Республика Калмыкия,1
565,687,3,1.215305,Бирилюсский,Красноярский край,1
566,1344,1,0.855787,Лебяжьевский,Курганская область,1
566,683,2,0.931634,Абанский,Красноярский край,1
566,2207,3,0.955368,Сладковский,Тюменская область,1
567,2163,1,0.962218,Шегарский,Томская область,1
567,907,2,0.991944,Мезенский,Архангельская область,1
567,1266,3,1.006496,Белохолуницкий,Кировская область,1
568,1606,1,0.438370,Доволенский,Новосибирская область,1
568,1607,2,0.678084,Здвинский,Новосибирская область,1
568,1657,3,0.714148,Седельниковский,Омская область,1
569,1657,1,0.394214,Седельниковский,Омская область,1
569,1606,2,0.454306,Доволенский,Новосибирская область,1
569,1640,3,0.631837,Колосовский,Омская область,1
570,706,1,0.607510,Манский,Красноярский край,1
570,715,2,0.695499,Саянский,Красноярский край,1
570,1627,3,0.742925,Усть-Таркский,Новосибирская область,1
571,1625,1,0.542134,Тогучинский,Новосибирская область,1
571,690,2,0.565417,Большемуртинский,Красноярский край,1
571,1656,3,0.620703,Саргатский,Омская область,1
572,2205,1,0.609324,Нижнетавдинский,Тюменская область,1
572,19,2,0.726318,Чойский,Республика Алтай,1
572,1612,3,0.839100,Коченевский,Новосибирская область,1
668,1244,1,0.516939,Крапивинский,Кемеровская область,1
668,2154,2,0.564242,Кожевниковский,Томская область,1
668,1242,3,0.605768,Ижморский,Кемеровская область,1
683,2156,1,0.600279,Кривошеинский,Томская область,1
683,2152,2,0.636294,Зырянский,Томская область,1
683,562,3,0.768855,Третьяковский,Алтайский край,1
687,2157,1,0.863632,Молчановский,Томская область,1
687,570,2,0.991403,Чарышский,Алтайский край,1
687,553,3,1.114343,Суетский,Алтайский край,1
690,2149,1,0.517778,Асиновский,Томская область,1
690,571,2,0.565417,Шипуновский,Алтайский край,1
690,543,3,0.732367,Павловский,Алтайский край,1
691,1984,1,0.833231,Пелым,Свердловская область,1
691,219,2,1.346380,Пряжинский,Республика Карелия,1
691,914,3,1.350176,Холмогорский,Архангельская область,1
692,1614,1,0.632142,Краснозерский,Новосибирская область,1
692,1630,2,0.781968,Чистоозерный,Новосибирская область,1
692,1637,3,0.817499,Знаменский,Омская область,1
696,1616,1,0.727660,Купинский,Новосибирская область,1
696,1637,2,0.751589,Знаменский,Омская область,1
696,460,3,0.806714,Ширинский,Республика Хакасия,1
697,2154,1,0.785082,Кожевниковский,Томская область,1
697,1624,2,0.810390,Татарский,Новосибирская область,1
697,1664,3,0.828712,Шербакульский,Омская область,1
698,460,1,0.712265,Ширинский,Республика Хакасия,1
698,1616,2,0.725226,Купинский,Новосибирская область,1
698,1251,3,0.976117,Тисульский,Кемеровская область,1
699,1242,1,1.026750,Ижморский,Кемеровская область,1
699,523,2,1.072758,Ельцовский,Алтайский край,1
699,568,3,1.083929,Хабарский,Алтайский край,1
701,1614,1,0.768881,Краснозерский,Новосибирская область,1
701,1251,2,0.793756,Тисульский,Кемеровская область,1
701,1602,3,0.814015,Баганский,Новосибирская область,1
703,2154,1,0.366044,Кожевниковский,Томская область,1
703,2159,2,0.404684,Первомайский,Томская область,1
703,1253,3,0.539611,Тяжинский,Кемеровская область,1
705,14,1,0.510028,Турочакский,Республика Алтай,1
705,1166,2,0.658073,Усть-Удинский,Иркутская область,1
705,1612,3,0.798918,Коченевский,Новосибирская область,1
706,2152,1,0.320380,Зырянский,Томская область,1
706,570,2,0.607510,Чарышский,Алтайский край,1
706,2156,3,0.642325,Кривошеинский,Томская область,1
708,1522,1,0.974522,Терский,Мурманская область,1
708,2150,2,1.092107,Бакчарский,Томская область,1
708,451,3,1.140825,Сорск,Республика Хакасия,1
710,1144,1,0.528292,Балаганский,Иркутская область,1
710,2158,2,0.634340,Парабельский,Томская область,1
710,2160,3,0.699834,Тегульдетский,Томская область,1
711,14,1,0.670511,Турочакский,Республика Алтай,1
711,2199,2,0.839025,Вагайский,Тюменская область,1
711,1166,3,0.851070,Усть-Удинский,Иркутская область,1
712,1614,1,0.691701,Краснозерский,Новосибирская область,1
712,1662,2,0.701778,Усть-Ишимский,Омская область,1
712,1630,3,0.703157,Чистоозерный,Новосибирская область,1
713,457,1,0.568313,Орджоникидзевский,Республика Хакасия,1
713,1144,2,0.569808,Балаганский,Иркутская область,1
713,558,3,0.620920,Табунский,Алтайский край,1
715,1144,1,0.564527,Балаганский,Иркутская область,1
715,1627,2,0.667586,Усть-Таркский,Новосибирская область,1
715,570,3,0.695499,Чарышский,Алтайский край,1
717,2156,1,0.440272,Кривошеинский,Томская область,1
717,558,2,0.467893,Табунский,Алтайский край,1
717,1244,3,0.521993,Крапивинский,Кемеровская область,1
719,1607,1,0.753663,Здвинский,Новосибирская область,1
719,1614,2,0.915881,Краснозерский,Новосибирская область,1
719,1622,3,0.975153,Северный,Новосибирская область,1
721,1617,1,0.637449,Кыштовский,Новосибирская область,1
721,1613,2,0.740962,Кочковский,Новосибирская область,1
721,1660,3,0.857056,Тевризский,Омская область,1
723,558,1,0.505716,Табунский,Алтайский край,1
723,1618,2,0.591504,Маслянинский,Новосибирская область,1
723,2156,3,0.629930,Кривошеинский,Томская область,1
731,1334,1,0.516626,Шадринск,Курганская область,1
731,1260,2,0.669202,Кирово-Чепецк,Кировская область,1
731,2289,3,0.764535,Южноуральский,Челябинская область,1
734,1976,1,0.650831,Рефтинский,Свердловская область,1
734,1996,2,0.685620,Кушвинский,Свердловская область,1
734,1992,3,0.686528,Верхний Тагил,Свердловская область,1
735,423,1,0.509827,Алнашский,Удмуртская Республика,1
735,31,2,0.521863,Альшеевский,Республика Башкортостан,1
735,71,3,0.546782,Салаватский,Республика Башкортостан,1
736,1290,1,0.663648,Подосиновский,Кировская область,1
736,1268,2,0.694373,Верхнекамский,Кировская область,1
736,1352,3,0.706457,Целинный,Курганская область,1
737,1769,1,0.406943,Дедовичский,Псковская область,1
737,235,2,0.496217,Прилузский,Республика Коми,1
737,1300,3,0.501948,Шабалинский,Кировская область,1
738,435,1,0.674066,Кизнерский,Удмуртская Республика,1
738,43,2,0.684819,Благоварский,Республика Башкортостан,1
738,441,3,0.746047,Селтинский,Удмуртская Республика,1
739,1066,1,0.529340,Тотемский,Вологодская область,1
739,241,2,0.577498,Усть-Вымский,Республика Коми,1
739,1988,3,0.625487,Карпинск,Свердловская область,1
742,2296,1,0.604067,Верхнеуральский,Челябинская область,1
742,2202,2,0.664210,Исетский,Тюменская область,1
742,2292,3,0.667009,Аргаяшский,Челябинская область,1
743,489,1,0.622729,Козловский,Чувашская Республика,1
743,2292,2,0.630993,Аргаяшский,Челябинская область,1
743,2018,3,0.635840,Ачитский,Свердловская область,1
744,2301,1,0.356059,Катав-Ивановский,Челябинская область,1
744,1570,2,0.456308,Тонкинский,Нижегородская область,1
744,1196,3,0.456591,Славский,Калининградская область,1
745,241,1,0.506103,Усть-Вымский,Республика Коми,1
745,216,2,0.542025,Олонецкий,Республика Карелия,1
745,2304,3,0.601784,Красноармейский,Челябинская область,1
746,1300,1,0.431306,Шабалинский,Кировская область,1
746,1339,2,0.536711,Звериноголовский,Курганская область,1
746,1355,3,0.637286,Шатровский,Курганская область,1
747,2017,1,0.462637,Артинский,Свердловская область,1
747,1358,2,0.571607,Юргамышский,Курганская область,1
747,2015,3,0.593300,Алапаевское,Свердловская область,1
749,1356,1,0.561220,Шумихинский,Курганская область,1
749,1533,2,0.687961,Шахунья,Нижегородская область,1
749,435,3,0.688901,Кизнерский,Удмуртская Республика,1
751,1594,1,0.518897,Холмский,Новгородская область,1
751,2276,2,0.551271,Верхнеуфалейский,Челябинская область,1
751,2300,3,0.595460,Каслинский,Челябинская область,1
752,1769,1,0.420755,Дедовичский,Псковская область,1
752,1570,2,0.505531,Тонкинский,Нижегородская область,1
752,1196,3,0.548975,Славский,Калининградская область,1
753,1067,1,0.590460,Усть-Кубинский,Вологодская область,1
753,904,2,0.625244,Красноборский,Архангельская область,1
753,2332,3,0.682812,Пошехонский,Ярославская область,1
754,435,1,0.769285,Кизнерский,Удмуртская Республика,1
754,1063,2,0.797272,Сокольский,Вологодская область,1
754,1972,3,0.854113,Алапаевск,Свердловская область,1
755,1588,1,0.389561,Парфинский,Новгородская область,1
755,1357,2,0.410378,Щучанский,Курганская область,1
755,2042,3,0.418280,Нижнесергинский,Свердловская область,1
756,435,1,0.636392,Кизнерский,Удмуртская Республика,1
756,443,2,0.699333,Увинский,Удмуртская Республика,1
756,61,3,0.724364,Кигинский,Республика Башкортостан,1
758,1268,1,0.600401,Верхнекамский,Кировская область,1
758,235,2,0.640128,Прилузский,Республика Коми,1
758,2017,3,0.744504,Артинский,Свердловская область,1
760,1570,1,0.415405,Тонкинский,Нижегородская область,1
760,1769,2,0.477252,Дедовичский,Псковская область,1
760,1558,3,0.562673,Краснобаковский,Нижегородская область,1
761,1355,1,0.385699,Шатровский,Курганская область,1
761,1345,2,0.538370,Макушинский,Курганская область,1
761,1781,3,0.547183,Плюсский,Псковская область,1
764,2037,1,0.475183,Шалинский,Свердловская область,1
764,1580,2,0.596916,Демянский,Новгородская область,1
764,1214,3,0.644207,Мещовский,Калужская область,1
765,235,1,0.518532,Прилузский,Республика Коми,1
765,1605,2,0.566000,Венгеровский,Новосибирская область,1
765,1279,3,0.572117,Лузский,Кировская область,1
766,1995,1,0.582790,Красноуфимск,Свердловская область,1
766,443,2,0.764052,Увинский,Удмуртская Республика,1
766,2191,3,0.784888,Заводоуковский,Тюменская область,1
769,2042,1,0.470788,Нижнесергинский,Свердловская область,1
769,2618,2,0.525742,Мантуровский,Костромская область,1
769,2317,3,0.561098,Чесменский,Челябинская область,1
770,1356,1,0.629345,Шумихинский,Курганская область,1
770,1065,2,0.655946,Тарногский,Вологодская область,1
770,1358,3,0.667141,Юргамышский,Курганская область,1
771,1356,1,0.635396,Шумихинский,Курганская область,1
771,1358,2,0.666372,Юргамышский,Курганская область,1
771,424,3,0.703038,Балезинский,Удмуртская Республика,1
773,1290,1,0.352494,Подосиновский,Кировская область,1
773,1053,2,0.743567,Вожегодский,Вологодская область,1
773,1268,3,0.828994,Верхнекамский,Кировская область,1
774,1290,1,0.346505,Подосиновский,Кировская область,1
774,1064,2,0.627584,Сямженский,Вологодская область,1
774,1287,3,0.660858,Оричевский,Кировская область,1
810,1036,1,0.674081,Руднянский,Волгоградская область,1
810,1040,2,0.818667,Старополтавский,Волгоградская область,1
810,1037,3,0.914442,Светлоярский,Волгоградская область,1
814,1021,1,0.599021,Калачевский,Волгоградская область,1
814,1010,2,0.719607,Михайловка,Волгоградская область,1
814,2168,3,0.743401,Ефремов,Тульская область,1
815,1015,1,0.652534,Городищенский,Волгоградская область,1
815,1934,2,0.788949,Марксовский,Саратовская область,1
815,1021,3,0.880832,Калачевский,Волгоградская область,1
817,1888,1,0.903860,Большечерниговский,Самарская область,1
817,2122,2,1.014437,Кесовогорский,Тверская область,1
817,1178,3,1.028485,Мамоновский,Калининградская область,1
821,1760,1,0.622266,Сосновоборский,Пензенская область,1
821,1010,2,0.807532,Михайловка,Волгоградская область,1
821,1023,3,0.850117,Киквидзенский,Волгоградская область,1
822,1023,1,0.743715,Киквидзенский,Волгоградская область,1
822,1021,2,0.776822,Калачевский,Волгоградская область,1
822,1548,3,0.821810,Вознесенский,Нижегородская область,1
823,1018,1,0.587553,Еланский,Волгоградская область,1
823,1760,2,0.614798,Сосновоборский,Пензенская область,1
823,1010,3,0.660133,Михайловка,Волгоградская область,1
825,1036,1,0.949833,Руднянский,Волгоградская область,1
825,1040,2,1.087787,Старополтавский,Волгоградская область,1
825,198,3,1.136192,Зеленчукский,Карачаево-Черкесская Республика,1
826,1015,1,0.889464,Городищенский,Волгоградская область,1
826,1887,2,0.931656,Большеглушицкий,Самарская область,1
826,1555,3,1.012909,Дивеевский,Нижегородская область,1
827,1030,1,0.413577,Николаевский,Волгоградская область,1
827,1034,2,0.539968,Ольховский,Волгоградская область,1
827,1910,3,0.614672,Шигонский,Самарская область,1
828,1040,1,0.426274,Старополтавский,Волгоградская область,1
828,1036,2,0.460537,Руднянский,Волгоградская область,1
828,1013,3,0.691146,Алексеевский,Волгоградская область,1
829,1743,1,0.722344,Земетчинский,Пензенская область,1
829,1887,2,0.730504,Большеглушицкий,Самарская область,1
829,1926,3,0.778658,Екатериновский,Саратовская область,1
830,351,1,0.718765,Моздокский,Республика Северная Осетия — Алания,1
830,1010,2,0.738743,Михайловка,Волгоградская область,1
830,4,3,0.794895,Кошехабльский,Республика Адыгея,1
831,1034,1,0.494261,Ольховский,Волгоградская область,1
831,1016,2,0.542287,Даниловский,Волгоградская область,1
831,1888,3,0.546394,Большечерниговский,Самарская область,1
832,1021,1,0.705200,Калачевский,Волгоградская область,1
832,1887,2,0.738418,Большеглушицкий,Самарская область,1
832,1041,3,0.754797,Суровикинский,Волгоградская область,1
833,1934,1,0.491358,Марксовский,Саратовская область,1
833,1930,2,0.585988,Красноармейский,Саратовская область,1
833,1032,3,0.605988,Новониколаевский,Волгоградская область,1
834,198,1,0.916130,Зеленчукский,Карачаево-Черкесская Республика,1
834,169,2,1.474920,Прохладный,Кабардино-Балкарская Республика,1
834,347,3,1.684116,Ардонский,Республика Северная Осетия — Алания,1
835,1742,1,0.974015,Городищенский,Пензенская область,1
835,2137,2,1.015075,Селижаровский,Тверская область,1
835,1762,3,1.025813,Тамалинский,Пензенская область,1
836,1040,1,0.833206,Старополтавский,Волгоградская область,1
836,1036,2,0.915287,Руднянский,Волгоградская область,1
836,1030,3,0.955225,Николаевский,Волгоградская область,1
838,1040,1,0.814827,Старополтавский,Волгоградская область,1
838,1034,2,0.836693,Ольховский,Волгоградская область,1
838,1016,3,0.850783,Даниловский,Волгоградская область,1
839,1030,1,0.481295,Николаевский,Волгоградская область,1
839,1681,2,0.525349,Асекеевский,Оренбургская область,1
839,1762,3,0.568990,Тамалинский,Пензенская область,1
840,173,1,0.745383,Майский,Кабардино-Балкарская Республика,1
840,1029,2,0.886369,Нехаевский,Волгоградская область,1
840,169,3,1.024680,Прохладный,Кабардино-Балкарская Республика,1
895,241,1,0.767232,Усть-Вымский,Республика Коми,1
895,1997,2,0.832870,Верхняя Тура,Свердловская область,1
895,2001,3,0.863673,Нижняя Салда,Свердловская область,1
897,2019,1,0.598354,Белоярский,Свердловская область,1
897,1983,2,0.653548,Ивдельский,Свердловская область,1
897,1404,3,0.779574,Подпорожский,Ленинградская область,1
898,1644,1,0.582692,Марьяновский,Омская область,1
898,2315,2,0.624793,Уйский,Челябинская область,1
898,1340,3,0.651362,Каргапольский,Курганская область,1
899,920,1,0.545091,Ахтубинский,Астраханская область,1
899,2295,2,0.669945,Варненский,Челябинская область,1
899,833,3,0.728079,Красногвардейский,Ставропольский край,1
900,1326,1,0.681098,Поназыревский,Костромская область,1
900,1052,2,0.682603,Верховажский,Вологодская область,1
900,1585,3,0.812065,Мошенской,Новгородская область,1
901,2036,1,0.527788,Туринский,Свердловская область,1
901,2042,2,0.611352,Нижнесергинский,Свердловская область,1
901,1782,3,0.657858,Порховский,Псковская область,1
902,1047,1,0.685724,Бабаевский,Вологодская область,1
902,1057,2,0.790474,Кадуйский,Вологодская область,1
902,240,3,0.793329,Удорский,Республика Коми,1
903,1066,1,0.986847,Тотемский,Вологодская область,1
903,1643,2,1.012478,Любинский,Омская область,1
903,1146,3,1.113185,Братский,Иркутская область,1
904,1052,1,0.559478,Верховажский,Вологодская область,1
904,1644,2,0.597694,Марьяновский,Омская область,1
904,753,3,0.625244,Ординский,Пермский край,1
905,220,1,0.513342,Пудожский,Республика Карелия,1
905,2021,2,0.637260,Верхотурский,Свердловская область,1
905,1988,3,0.656699,Карпинск,Свердловская область,1
907,238,1,0.744833,Сысольский,Республика Коми,1
907,567,2,0.991944,Усть-Пристанский,Алтайский край,1
907,1297,3,1.025604,Унинский,Кировская область,1
908,231,1,0.509569,Княжпогостский,Республика Коми,1
908,240,2,0.561948,Удорский,Республика Коми,1
908,216,3,0.579893,Олонецкий,Республика Карелия,1
909,241,1,0.747272,Усть-Вымский,Республика Коми,1
909,2015,2,0.786638,Алапаевское,Свердловская область,1
909,240,3,0.843507,Удорский,Республика Коми,1
911,240,1,0.498439,Удорский,Республика Коми,1
911,231,2,0.775906,Княжпогостский,Республика Коми,1
911,739,3,0.780759,Горнозаводский,Пермский край,1
913,2021,1,0.575738,Верхотурский,Свердловская область,1
913,2041,2,0.622816,Слободо-Туринский,Свердловская область,1
913,1308,3,0.623021,Шарья,Костромская область,1
914,2037,1,0.900748,Шалинский,Свердловская область,1
914,233,2,1.000400,Корткеросский,Республика Коми,1
914,219,3,1.065303,Пряжинский,Республика Карелия,1
915,2042,1,0.561447,Нижнесергинский,Свердловская область,1
915,1775,2,0.609984,Новоржевский,Псковская область,1
915,1766,3,0.628425,Бежаницкий,Псковская область,1
920,899,1,0.545091,Вилегодский,Архангельская область,1
920,1116,2,0.612514,Заволжский,Ивановская область,1
920,1774,3,0.668443,Невельский,Псковская область,1
922,1014,1,0.399275,Быковский,Волгоградская область,1
922,1033,2,0.645712,Октябрьский,Волгоградская область,1
922,1714,3,0.646152,Должанский,Орловская область,1
923,1579,1,0.643167,Волотовский,Новгородская область,1
923,1325,2,0.785176,Парфеньевский,Костромская область,1
923,1886,3,0.941465,Богатовский,Самарская область,1
924,1915,1,0.624131,Александрово-Гайский,Саратовская область,1
924,1678,2,0.643554,Адамовский,Оренбургская область,1
924,2046,3,0.682386,Велижский,Смоленская область,1
925,2050,1,0.837064,Демидовский,Смоленская область,1
925,2061,2,0.853996,Руднянский,Смоленская область,1
925,1687,3,0.876569,Илекский,Оренбургская область,1
926,1678,1,0.530066,Адамовский,Оренбургская область,1
926,1024,2,0.579144,Клетский,Волгоградская область,1
926,1915,3,0.607694,Александрово-Гайский,Саратовская область,1
929,5,1,0.675476,Красногвардейский,Республика Адыгея,1
929,1041,2,0.703844,Суровикинский,Волгоградская область,1
929,1038,3,0.775567,Серафимовичский,Волгоградская область,1
930,1891,1,0.560611,Елховский,Самарская область,1
930,1937,2,0.709937,Озинский,Саратовская область,1
930,1016,3,0.777304,Даниловский,Волгоградская область,1
987,1112,1,0.562840,Шуя,Ивановская область,1
987,1709,2,0.614325,Мценск,Орловская область,1
987,1211,3,0.705752,Людиновский,Калужская область,1
989,3005,1,0.465509,Арзамас,Нижегородская область,1
989,1668,2,0.677958,Бузулук,Оренбургская область,1
989,2252,3,0.703995,Димитровград,Ульяновская область,1
991,2188,1,0.361472,Щекинский,Тульская область,1
991,1212,2,0.374674,Малоярославецкий,Калужская область,1
991,2169,3,0.467327,Новомосковск,Тульская область,1
992,1109,1,0.532211,Кинешма,Ивановская область,1
992,2060,2,0.534769,Рославльский,Смоленская область,1
992,1922,3,0.593690,Вольский,Саратовская область,1
993,1218,1,0.569526,Сухиничский,Калужская область,1
993,1119,2,0.696794,Кинешемский,Ивановская область,1
993,1125,3,0.710490,Приволжский,Ивановская область,1
994,2134,1,0.862285,Рамешковский,Тверская область,1
994,1113,2,0.979424,Вичугский,Ивановская область,1
994,1121,3,1.021842,Лежневский,Ивановская область,1
995,1130,1,0.544150,Фурмановский,Ивановская область,1
995,1321,2,0.569742,Нерехта и Нерехтский,Костромская область,1
995,1125,3,0.582345,Приволжский,Ивановская область,1
996,2883,1,0.374536,Кимрский,Тверская область,1
996,2593,2,0.481409,Киевский,Москва,1
996,1504,3,0.485659,Талдомский,Московская область,1
998,1709,1,0.698280,Мценск,Орловская область,1
998,1112,2,0.723498,Шуя,Ивановская область,1
998,1879,3,0.763564,Отрадный,Самарская область,1
999,1529,1,0.283985,Навашинский,Нижегородская область,1
999,1730,2,0.556791,Троснянский,Орловская область,1
999,1895,3,0.569346,Кинель-Черкасский,Самарская область,1
1001,2593,1,0.317546,Киевский,Москва,1
1001,2883,2,0.395539,Кимрский,Тверская область,1
1001,2165,3,0.509296,Алексин,Тульская область,1
1002,1126,1,0.608580,Пучежский,Ивановская область,1
1002,1113,2,0.676726,Вичугский,Ивановская область,1
1002,1321,3,0.678915,Нерехта и Нерехтский,Костромская область,1
1003,1131,1,0.730931,Шуйский,Ивановская область,1
1003,1218,2,0.742701,Сухиничский,Калужская область,1
1003,1111,3,0.770299,Тейково,Ивановская область,1
1004,1429,1,0.395177,Чаплыгинский,Липецкая область,1
1004,2322,2,0.425619,Борисоглебский,Ярославская область,1
1004,2184,3,0.428418,Суворовский,Тульская область,1
1005,2167,1,0.395375,Донской,Тульская область,1
1005,2883,2,0.467540,Кимрский,Тверская область,1
1005,2884,3,0.481965,Ржевский,Тверская область,1
1006,1218,1,0.679222,Сухиничский,Калужская область,1
1006,1125,2,0.681474,Приволжский,Ивановская область,1
1006,1321,3,0.695591,Нерехта и Нерехтский,Костромская область,1
1009,1577,1,0.447607,Боровичский,Новгородская область,1
1009,2252,2,0.449666,Димитровград,Ульяновская область,1
1009,1919,3,0.506761,Балаковский,Саратовская область,1
1010,1920,1,0.599498,Балашовский,Саратовская область,1
1010,823,2,0.660133,Петровский,Ставропольский край,1
1010,1740,3,0.671488,Бессоновский,Пензенская область,1
1011,1920,1,0.649156,Балашовский,Саратовская область,1
1011,2074,2,0.722471,Мичуринск,Тамбовская область,1
1011,2076,3,0.739735,Рассказово,Тамбовская область,1
1012,1532,1,0.429654,Семеновский,Нижегородская область,1
1012,1904,2,0.449831,Сергиевский,Самарская область,1
1012,274,3,0.479851,Звениговский,Республика Марий Эл,1
1013,828,1,0.691146,Апанасенковский,Ставропольский край,1
1013,2093,2,0.889469,Ржаксинский,Тамбовская область,1
1013,810,3,0.942407,Благодарненский,Ставропольский край,1
1014,922,1,0.399275,Енотаевский,Астраханская область,1
1014,1714,2,0.631781,Должанский,Орловская область,1
1014,2093,3,0.700986,Ржаксинский,Тамбовская область,1
1015,1899,1,0.489125,Красноярский,Самарская область,1
1015,815,2,0.652534,Ипатовский,Ставропольский край,1
1015,1934,3,0.693016,Марксовский,Саратовская область,1
1016,1717,1,0.383840,Колпнянский,Орловская область,1
1016,831,2,0.542287,Грачёвский,Ставропольский край,1
1016,2082,3,0.567821,Инжавинский,Тамбовская область,1
1017,2098,1,0.526632,Токарёвский,Тамбовская область,1
1017,1755,2,0.528355,Нижнеломовский,Пензенская область,1
1017,1940,3,0.605405,Питерский,Саратовская область,1
1018,823,1,0.587553,Петровский,Ставропольский край,1
1018,1927,2,0.806353,Ершовский,Саратовская область,1
1018,1548,3,0.813739,Вознесенский,Нижегородская область,1
1019,1116,1,0.595203,Заволжский,Ивановская область,1
1019,1427,2,0.597676,Усманский,Липецкая область,1
1019,2274,3,0.627732,Чердаклинский,Ульяновская область,1
1020,1116,1,0.544093,Заволжский,Ивановская область,1
1020,1316,2,0.634255,Красносельский,Костромская область,1
1020,1950,3,0.674785,Федоровский,Саратовская область,1
1021,1532,1,0.471793,Семеновский,Нижегородская область,1
1021,814,2,0.599021,Изобильненский,Ставропольский край,1
1021,2884,3,0.621069,Ржевский,Тверская область,1
1023,1548,1,0.699409,Вознесенский,Нижегородская область,1
1023,823,2,0.703076,Петровский,Ставропольский край,1
1023,822,3,0.743715,Новоалександровский,Ставропольский край,1
1024,2061,1,0.473720,Руднянский,Смоленская область,1
1024,1887,2,0.558720,Большеглушицкий,Самарская область,1
1024,926,3,0.579144,Лиманский,Астраханская область,1
1025,1912,1,0.716418,Шиханы,Саратовская область,1
1025,1888,2,0.732746,Большечерниговский,Самарская область,1
1025,827,3,0.761172,Андроповский,Ставропольский край,1
1026,1557,1,0.399208,Ковернинский,Нижегородская область,1
1026,1536,2,0.478474,Чкаловск,Нижегородская область,1
1026,2264,3,0.521420,Новоспасский,Ульяновская область,1
1027,1943,1,0.392378,Романовский,Саратовская область,1
1027,1945,2,0.421928,Самойловский,Саратовская область,1
1027,1428,3,0.600308,Хлевенский,Липецкая область,1
1028,2056,1,0.134207,Краснинский,Смоленская область,1
1028,1938,2,0.395028,Перелюбский,Саратовская область,1
1028,1951,3,0.509735,Хвалынский,Саратовская область,1
1029,306,1,0.743794,Теньгушевский,Республика Мордовия,1
1029,828,2,0.828777,Апанасенковский,Ставропольский край,1
1029,840,3,0.886369,Туркменский,Ставропольский край,1
1030,827,1,0.413577,Андроповский,Ставропольский край,1
1030,1717,2,0.432160,Колпнянский,Орловская область,1
1030,839,3,0.481295,Труновский,Ставропольский край,1
1031,5,1,0.624391,Красногвардейский,Республика Адыгея,1
1031,294,2,0.697781,Зубово-Полянский,Республика Мордовия,1
1031,2093,3,0.786768,Ржаксинский,Тамбовская область,1
1032,1421,1,0.443879,Краснинский,Липецкая область,1
1032,1926,2,0.463005,Екатериновский,Саратовская область,1
1032,2080,3,0.480509,Жердевский,Тамбовская область,1
1033,922,1,0.645712,Енотаевский,Астраханская область,1
1033,2082,2,0.648252,Инжавинский,Тамбовская область,1
1033,1426,3,0.684157,Тербунский,Липецкая область,1
1034,1717,1,0.337660,Колпнянский,Орловская область,1
1034,831,2,0.494261,Грачёвский,Ставропольский край,1
1034,827,3,0.539968,Андроповский,Ставропольский край,1
1035,1930,1,0.467791,Красноармейский,Саратовская область,1
1035,1950,2,0.490351,Федоровский,Саратовская область,1
1035,1915,3,0.515762,Александрово-Гайский,Саратовская область,1
1036,828,1,0.460537,Апанасенковский,Ставропольский край,1
1036,2100,2,0.575278,Умётский,Тамбовская область,1
1036,839,3,0.576556,Труновский,Ставропольский край,1
1037,4,1,0.763332,Кошехабльский,Республика Адыгея,1
1037,1740,2,0.810082,Бессоновский,Пензенская область,1
1037,832,3,0.891645,Кочубеевский,Ставропольский край,1
1038,2080,1,0.355441,Жердевский,Тамбовская область,1
1038,1689,2,0.445974,Красногвардейский,Оренбургская область,1
1038,1926,3,0.492288,Екатериновский,Саратовская область,1
1039,1876,1,0.709834,Кинель,Самарская область,1
1039,1740,2,0.731385,Бессоновский,Пензенская область,1
1039,1540,3,0.736629,Богородский,Нижегородская область,1
1040,828,1,0.426274,Апанасенковский,Ставропольский край,1
1040,1937,2,0.612709,Озинский,Саратовская область,1
1040,831,3,0.683058,Грачёвский,Ставропольский край,1
1041,1887,1,0.447406,Большеглушицкий,Самарская область,1
1041,294,2,0.591523,Зубово-Полянский,Республика Мордовия,1
1041,1926,3,0.661026,Екатериновский,Саратовская область,1
1044,1689,1,0.503566,Красногвардейский,Оренбургская область,1
1044,1743,2,0.605280,Земетчинский,Пензенская область,1
1044,305,3,0.635624,Темниковский,Республика Мордовия,1
1047,2023,1,0.513017,Ирбитское,Свердловская область,1
1047,902,2,0.685724,Коношский,Архангельская область,1
1047,1192,3,0.756533,Нестеровский,Калининградская область,1
1048,2023,1,0.665110,Ирбитское,Свердловская область,1
1048,1192,2,0.683047,Нестеровский,Калининградская область,1
1048,752,3,0.734630,Октябрьский,Пермский край,1
1052,1312,1,0.555225,Галичский,Костромская область,1
1052,904,2,0.559478,Красноборский,Архангельская область,1
1052,2039,3,0.596563,Байкаловский,Свердловская область,1
1053,1285,1,0.594418,Омутнинский,Кировская область,1
1053,1290,2,0.675307,Подосиновский,Кировская область,1
1053,774,3,0.693733,Юсьвинский,Пермский край,1
1054,1881,1,0.776703,Сызрань,Самарская область,1
1054,2619,2,0.839803,Переславль-Залесский,Ярославская область,1
1054,2047,3,0.916990,Вяземский,Смоленская область,1
1055,2023,1,0.769854,Ирбитское,Свердловская область,1
1055,2030,2,0.878517,Пышминский,Свердловская область,1
1055,902,3,0.976063,Коношский,Архангельская область,1
1056,2017,1,0.487065,Артинский,Свердловская область,1
1056,2015,2,0.544148,Алапаевское,Свердловская область,1
1056,1782,3,0.640972,Порховский,Псковская область,1
1057,1310,1,0.683933,Буйский,Костромская область,1
1057,1285,2,0.718612,Омутнинский,Кировская область,1
1057,1146,3,0.774192,Братский,Иркутская область,1
1058,360,1,0.507228,Алексеевский,Республика Татарстан,1
1058,1189,2,0.598591,Краснознаменский,Калининградская область,1
1058,2314,3,0.676982,Увельский,Челябинская область,1
1060,1871,1,0.637063,Чучковский,Рязанская область,1
1060,1542,2,0.925899,Большемурашкинский,Нижегородская область,1
1060,1711,3,0.926157,Верховский,Орловская область,1
1061,1192,1,0.746841,Нестеровский,Калининградская область,1
1061,2023,2,0.861214,Ирбитское,Свердловская область,1
1061,2201,3,0.874801,Голышмановский,Тюменская область,1
1062,1192,1,0.256926,Нестеровский,Калининградская область,1
1062,2023,2,0.667489,Ирбитское,Свердловская область,1
1062,2215,3,0.722110,Ярковский,Тюменская область,1
1063,1987,1,0.464602,Камышловский,Свердловская область,1
1063,2311,2,0.490877,Саткинский,Челябинская область,1
1063,303,3,0.629045,Рузаевский,Республика Мордовия,1
1064,1268,1,0.530455,Верхнекамский,Кировская область,1
1064,235,2,0.551325,Прилузский,Республика Коми,1
1064,774,3,0.627584,Юсьвинский,Пермский край,1
1065,770,1,0.655946,Косинский,Пермский край,1
1065,2212,2,0.694266,Упоровский,Тюменская область,1
1065,752,3,0.750326,Октябрьский,Пермский край,1
1066,739,1,0.529340,Горнозаводский,Пермский край,1
1066,2886,2,0.599514,Губахинский,Пермский край,1
1066,1285,3,0.655589,Омутнинский,Кировская область,1
1067,1535,1,0.521544,Сокольский,Нижегородская область,1
1067,2039,2,0.589280,Байкаловский,Свердловская область,1
1067,753,3,0.590460,Ординский,Пермский край,1
1068,1770,1,0.446475,Дновский,Псковская область,1
1068,2027,2,0.496072,Бисертский,Свердловская область,1
1068,1308,3,0.605209,Шарья,Костромская область,1
1069,736,1,1.299377,Березовский,Пермский край,1
1069,773,2,1.302302,Юрлинский,Пермский край,1
1069,907,3,1.385336,Мезенский,Архангельская область,1
1070,2002,1,0.659624,Нижнетуринский,Свердловская область,1
1070,920,2,0.784779,Ахтубинский,Астраханская область,1
1070,1125,3,0.863871,Приволжский,Ивановская область,1
1071,55,1,1.111298,Иглинский,Республика Башкортостан,1
1071,1906,2,1.242289,Сызранский,Самарская область,1
1071,421,3,1.273451,Можга,Удмуртская Республика,1
1072,2886,1,0.478904,Губахинский,Пермский край,1
1072,908,2,0.648516,Няндомский,Архангельская область,1
1072,739,3,0.722970,Горнозаводский,Пермский край,1
1108,1321,1,0.557167,Нерехта и Нерехтский,Костромская область,1
1108,2055,2,0.683261,Кардымовский,Смоленская область,1
1108,2325,3,0.694153,Даниловский,Ярославская область,1
1109,1922,1,0.461895,Вольский,Саратовская область,1
1109,992,2,0.532211,Вязниковский,Владимирская область,1
1109,2167,3,0.567189,Донской,Тульская область,1
1110,1449,1,0.703983,Зарайск,Московская область,1
1110,2070,2,0.845273,Ярцевский,Смоленская область,1
1110,2336,3,0.855624,Угличский,Ярославская область,1
1111,271,1,0.738919,Козьмодемьянск,Республика Марий Эл,1
1111,270,2,0.751621,Волжск,Республика Марий Эл,1
1111,1003,3,0.770299,Собинский,Владимирская область,1
1112,1709,1,0.413359,Мценск,Орловская область,1
1112,1413,2,0.479502,Грязинский,Липецкая область,1
1112,2062,3,0.503737,Сафоновский,Смоленская область,1
1113,2134,1,0.668489,Рамешковский,Тверская область,1
1113,1002,2,0.676726,Селивановский,Владимирская область,1
1113,2321,3,0.691937,Большесельский,Ярославская область,1
1115,1425,1,0.324260,Становлянский,Липецкая область,1
1115,1316,2,0.713150,Красносельский,Костромская область,1
1115,2052,3,0.716972,Духовщинский,Смоленская область,1
1116,1422,1,0.412269,Лебедянский,Липецкая область,1
1116,1581,2,0.482942,Крестецкий,Новгородская область,1
1116,2184,3,0.524700,Суворовский,Тульская область,1
1118,1325,1,0.757373,Парфеньевский,Костромская область,1
1118,285,2,0.893295,Юринский,Республика Марий Эл,1
1118,1894,3,0.901742,Кинельский,Самарская область,1
1119,993,1,0.696794,Гороховецкий,Владимирская область,1
1119,2316,2,0.859116,Чебаркульский,Челябинская область,1
1119,2055,3,0.873591,Кардымовский,Смоленская область,1
1120,3,1,0.869067,Гиагинский,Республика Адыгея,1
1120,2321,2,1.077405,Большесельский,Ярославская область,1
1120,2134,3,1.155544,Рамешковский,Тверская область,1
1121,2134,1,0.605271,Рамешковский,Тверская область,1
1121,1712,2,0.908084,Глазуновский,Орловская область,1
1121,994,3,1.021842,Гусь-Хрустальный,Владимирская область,1
1122,281,1,0.991516,Оршанский,Республика Марий Эл,1
1122,233,2,1.194610,Корткеросский,Республика Коми,1
1122,1301,3,1.196386,Юрьянский,Кировская область,1
1123,2321,1,0.466563,Большесельский,Ярославская область,1
1123,1733,2,0.733589,Шаблыкинский,Орловская область,1
1123,1902,3,0.755303,Похвистневский,Самарская область,1
1124,233,1,1.574700,Корткеросский,Республика Коми,1
1124,914,2,1.733767,Холмогорский,Архангельская область,1
1124,281,3,1.819812,Оршанский,Республика Марий Эл,1
1125,271,1,0.511303,Козьмодемьянск,Республика Марий Эл,1
1125,1583,2,0.531558,Маловишерский,Новгородская область,1
1125,1218,3,0.550241,Сухиничский,Калужская область,1
1126,1329,1,0.547053,Судиславский,Костромская область,1
1126,1902,2,0.572186,Похвистневский,Самарская область,1
1126,1002,3,0.608580,Селивановский,Владимирская область,1
1127,1321,1,0.395481,Нерехта и Нерехтский,Костромская область,1
1127,2326,2,0.476635,Любимский,Ярославская область,1
1127,2329,3,0.548975,Некрасовский,Ярославская область,1
1128,1002,1,0.968983,Селивановский,Владимирская область,1
1128,1728,2,1.345823,Свердловский,Орловская область,1
1128,2134,3,1.362094,Рамешковский,Тверская область,1
1129,2325,1,0.627481,Даниловский,Ярославская область,1
1129,1544,2,0.634378,Вадский,Нижегородская область,1
1129,1715,3,0.697232,Залегощенский,Орловская область,1
1130,1321,1,0.392771,Нерехта и Нерехтский,Костромская область,1
1130,2326,2,0.468929,Любимский,Ярославская область,1
1130,2324,3,0.506226,Гаврилов-Ямский,Ярославская область,1
1131,2333,1,0.692088,Ростовский,Ярославская область,1
1131,1003,2,0.730931,Собинский,Владимирская область,1
1131,1449,3,0.747206,Зарайск,Московская область,1
1132,1712,1,0.652064,Глазуновский,Орловская область,1
1132,2327,2,0.661196,Мышкинский,Ярославская область,1
1132,1902,3,0.676486,Похвистневский,Самарская область,1
1133,1329,1,0.583036,Судиславский,Костромская область,1
1133,1902,2,0.605741,Похвистневский,Самарская область,1
1133,2138,3,0.630127,Сонковский,Тверская область,1
1144,710,1,0.528292,Нижнеингашский,Красноярский край,1
1144,715,2,0.564527,Саянский,Красноярский край,1
1144,713,3,0.569808,Пировский,Красноярский край,1
1146,1066,1,0.704570,Тотемский,Вологодская область,1
1146,1057,2,0.774192,Кадуйский,Вологодская область,1
1146,1285,3,0.795155,Омутнинский,Кировская область,1
1166,705,1,0.658073,Курагинский,Красноярский край,1
1166,2150,2,0.765011,Бакчарский,Томская область,1
1166,14,3,0.776510,Турочакский,Республика Алтай,1
1178,1200,1,0.770063,Бабынинский,Калужская область,1
1178,2328,2,0.868093,Некоузский,Ярославская область,1
1178,2327,3,0.906891,Мышкинский,Ярославская область,1
1179,1980,1,0.368326,Среднеуральск,Свердловская область,1
1179,1407,2,0.589951,Тихвинский,Ленинградская область,1
1179,1875,3,0.614587,Жигулевск,Самарская область,1
1180,2297,1,0.863742,Еманжелинский,Челябинская область,1
1180,1669,2,0.883603,Гайский,Оренбургская область,1
1180,2278,3,0.898981,Карабашский,Челябинская область,1
1185,1996,1,0.519903,Кушвинский,Свердловская область,1
1185,2292,2,0.564106,Аргаяшский,Челябинская область,1
1185,2276,3,0.622288,Верхнеуфалейский,Челябинская область,1
1189,1770,1,0.563570,Дновский,Псковская область,1
1189,2041,2,0.575189,Слободо-Туринский,Свердловская область,1
1189,1058,3,0.598591,Кирилловский,Вологодская область,1
1192,1062,1,0.256926,Нюксенский,Вологодская область,1
1192,2202,2,0.680498,Исетский,Тюменская область,1
1192,1048,3,0.683047,Бабушкинский,Вологодская область,1
1193,1769,1,0.476522,Дедовичский,Псковская область,1
1193,1766,2,0.546729,Бежаницкий,Псковская область,1
1193,1782,3,0.555413,Порховский,Псковская область,1
1194,1019,1,0.732258,Жирновский,Волгоградская область,1
1194,1020,2,0.749206,Иловлинский,Волгоградская область,1
1194,370,3,0.795129,Верхнеуслонский,Республика Татарстан,1
1195,1940,1,0.514384,Питерский,Саратовская область,1
1195,1711,2,0.624019,Верховский,Орловская область,1
1195,1908,3,0.632944,Челно-Вершинский,Самарская область,1
1196,2034,1,0.429628,Талицкий,Свердловская область,1
1196,1675,2,0.454484,Сорочинский,Оренбургская область,1
1196,744,3,0.456591,Карагайский,Пермский край,1
1200,2327,1,0.517879,Мышкинский,Ярославская область,1
1200,1115,2,0.751242,Гаврилово-Посадский,Ивановская область,1
1200,2111,3,0.757987,Бежецкий,Тверская область,1
1201,2143,1,0.830777,Фировский,Тверская область,1
1201,2068,2,0.858852,Холм-Жирковский,Смоленская область,1
1201,2116,3,0.922697,Жарковский,Тверская область,1
1203,1862,1,0.516143,Ряжский,Рязанская область,1
1203,2111,2,0.539974,Бежецкий,Тверская область,1
1203,2183,3,0.577087,Плавский,Тульская область,1
1204,1419,1,0.370634,Задонский,Липецкая область,1
1204,1903,2,0.533689,Приволжский,Самарская область,1
1204,1710,3,0.542307,Болховский,Орловская область,1
1205,1423,1,0.367214,Лев-Толстовский,Липецкая область,1
1205,1862,2,0.386988,Ряжский,Рязанская область,1
1205,2127,3,0.458279,Лесной,Тверская область,1
1206,2189,1,0.519797,Ясногорский,Тульская область,1
1206,1494,2,0.660622,Лотошино,Московская область,1
1206,2124,3,0.795869,Конаковский,Тверская область,1
1207,2113,1,0.411869,Бологовский,Тверская область,1
1207,1116,2,0.576914,Заволжский,Ивановская область,1
1207,1587,3,0.629621,Окуловский,Новгородская область,1
1208,2133,1,0.913893,Пеновский,Тверская область,1
1208,2143,2,0.993880,Фировский,Тверская область,1
1208,1857,3,1.055576,Александро-Невский,Рязанская область,1
1209,2111,1,0.425326,Бежецкий,Тверская область,1
1209,1494,2,0.426926,Лотошино,Московская область,1
1209,1554,3,0.469242,Дальнеконстантиновский,Нижегородская область,1
1210,1596,1,0.671903,Шимский,Новгородская область,1
1210,1412,2,0.682160,Воловский,Липецкая область,1
1210,1910,3,0.708067,Шигонский,Самарская область,1
1211,1709,1,0.453971,Мценск,Орловская область,1
1211,2062,2,0.456142,Сафоновский,Смоленская область,1
1211,1413,3,0.530189,Грязинский,Липецкая область,1
1212,991,1,0.374674,Александровский,Владимирская область,1
1212,2188,2,0.455719,Щекинский,Тульская область,1
1212,1540,3,0.510287,Богородский,Нижегородская область,1
1213,1862,1,0.430260,Ряжский,Рязанская область,1
1213,2111,2,0.460136,Бежецкий,Тверская область,1
1213,2120,3,0.509670,Калязинский,Тверская область,1
1214,2058,1,0.591734,Новодугинский,Смоленская область,1
1214,1855,2,0.620088,Милославский,Рязанская область,1
1214,764,3,0.644207,Частинский,Пермский край,1
1215,1868,1,0.394591,Спасский,Рязанская область,1
1215,1865,2,0.532621,Сараевский,Рязанская область,1
1215,2128,3,0.534899,Лихославльский,Тверская область,1
1217,2254,1,0.628604,Базарносызганский,Ульяновская область,1
1217,1896,2,0.699268,Клявлинский,Самарская область,1
1217,1727,3,0.703251,Покровский,Орловская область,1
1218,1543,1,0.398843,Бутурлинский,Нижегородская область,1
1218,1306,2,0.517552,Галич,Костромская область,1
1218,2184,3,0.546422,Суворовский,Тульская область,1
1219,2180,1,0.339094,Киреевский,Тульская область,1
1219,2179,2,0.580496,Кимовский,Тульская область,1
1219,2172,3,0.721325,Белевский,Тульская область,1
1220,2139,1,0.478270,Спировский,Тверская область,1
1220,1857,2,0.485401,Александро-Невский,Рязанская область,1
1220,2138,3,0.532344,Сонковский,Тверская область,1
1221,2047,1,0.481301,Вяземский,Смоленская область,1
1221,1005,2,0.630482,Суздальский,Владимирская область,1
1221,2336,3,0.632067,Угличский,Ярославская область,1
1222,1933,1,0.463920,Лысогорский,Саратовская область,1
1222,1596,2,0.676510,Шимский,Новгородская область,1
1222,1325,3,0.712775,Парфеньевский,Костромская область,1
1223,1755,1,0.460871,Нижнеломовский,Пензенская область,1
1223,1417,2,0.649917,Долгоруковский,Липецкая область,1
1223,1569,3,0.672163,Спасский,Нижегородская область,1
1237,2043,1,0.564747,Таборинский,Свердловская область,1
1237,518,2,0.728773,Благовещенский,Алтайский край,1
1237,559,3,0.743690,Тальменский,Алтайский край,1
1240,1629,1,0.556289,Черепановский,Новосибирская область,1
1240,1628,2,0.592305,Чановский,Новосибирская область,1
1240,1611,3,0.703562,Колыванский,Новосибирская область,1
1242,518,1,0.455614,Благовещенский,Алтайский край,1
1242,2159,2,0.488617,Первомайский,Томская область,1
1242,717,3,0.540301,Сухобузимский,Красноярский край,1
1244,668,1,0.516939,Боготол,Красноярский край,1
1244,717,2,0.521993,Сухобузимский,Красноярский край,1
1244,2156,3,0.595093,Кривошеинский,Томская область,1
1251,1628,1,0.640145,Чановский,Новосибирская область,1
1251,1621,2,0.678162,Ордынский,Новосибирская область,1
1251,1629,3,0.684484,Черепановский,Новосибирская область,1
1253,703,1,0.539611,Козульский,Красноярский край,1
1253,717,2,0.650366,Сухобузимский,Красноярский край,1
1253,2159,3,0.699395,Первомайский,Томская область,1
1257,1628,1,0.601708,Чановский,Новосибирская область,1
1257,2191,2,0.732603,Заводоуковский,Тюменская область,1
1257,1659,3,0.733493,Тарский,Омская область,1
1259,1334,1,0.764038,Шадринск,Курганская область,1
1259,1592,2,0.772329,Старорусский,Новгородская область,1
1259,482,3,0.842172,Шумерля,Чувашская Республика,1
1260,2320,1,0.617366,Рыбинск,Ярославская область,1
1260,44,2,0.629256,Благовещенский,Республика Башкортостан,1
1260,731,3,0.669202,Лысьвенский,Пермский край,1
1261,1782,1,0.572129,Порховский,Псковская область,1
1261,2017,2,0.576597,Артинский,Свердловская область,1
1261,1533,3,0.611503,Шахунья,Нижегородская область,1
1262,49,1,0.414115,Давлекановский,Республика Башкортостан,1
1262,303,2,0.575524,Рузаевский,Республика Мордовия,1
1262,356,3,0.605146,Агрызский,Республика Татарстан,1
1264,367,1,2.162118,Балтасинский,Республика Татарстан,1
1264,54,2,2.409275,Зилаирский,Республика Башкортостан,1
1264,395,3,2.625025,Тюлячинский,Республика Татарстан,1
1265,746,1,0.797502,Кишертский,Пермский край,1
1265,771,2,0.915261,Кочевский,Пермский край,1
1265,774,3,0.920025,Юсьвинский,Пермский край,1
1266,433,1,0.726965,Каракулинский,Удмуртская Республика,1
1266,761,2,0.900003,Уинский,Пермский край,1
1266,1355,3,0.925856,Шатровский,Курганская область,1
1267,493,1,1.068886,Мариинско-Посадский,Чувашская Республика,1
1267,445,2,1.386102,Юкаменский,Удмуртская Республика,1
1267,1350,3,1.451011,Притобольный,Курганская область,1
1268,235,1,0.508431,Прилузский,Республика Коми,1
1268,1064,2,0.530455,Сямженский,Вологодская область,1
1268,232,3,0.583543,Койгородский,Республика Коми,1
1269,238,1,0.860785,Сысольский,Республика Коми,1
1269,907,2,1.076088,Мезенский,Архангельская область,1
1269,433,3,1.121096,Каракулинский,Удмуртская Республика,1
1270,2253,1,0.682293,Новоульяновск,Ульяновская область,1
1270,1878,2,0.755850,Октябрьск,Самарская область,1
1270,1682,3,0.832802,Беляевский,Оренбургская область,1
1271,428,1,0.668225,Граховский,Удмуртская Республика,1
1271,429,2,0.816380,Дебёсский,Удмуртская Республика,1
1271,1350,3,0.825125,Притобольный,Курганская область,1
1272,1337,1,0.800409,Варгашинский,Курганская область,1
1272,1594,2,0.859131,Холмский,Новгородская область,1
1272,1585,3,0.932579,Мошенской,Новгородская область,1
1273,437,1,0.582938,Красногорский,Удмуртская Республика,1
1273,428,2,0.905526,Граховский,Удмуртская Республика,1
1273,2078,3,0.912974,Бондарский,Тамбовская область,1
1274,384,1,0.605176,Муслюмовский,Республика Татарстан,1
1274,46,2,0.885056,Бураевский,Республика Башкортостан,1
1274,1065,3,1.052064,Тарногский,Вологодская область,1
1275,397,1,0.624370,Чистопольский,Республика Татарстан,1
1275,2025,2,0.663300,Красноуфимский,Свердловская область,1
1275,55,3,0.917077,Иглинский,Республика Башкортостан,1
1276,280,1,0.824000,Новоторъяльский,Республика Марий Эл,1
1276,736,2,0.899457,Березовский,Пермский край,1
1276,773,3,1.152314,Юрлинский,Пермский край,1
1277,1594,1,0.903879,Холмский,Новгородская область,1
1277,2326,2,0.986621,Любимский,Ярославская область,1
1277,1338,3,1.002080,Далматовский,Курганская область,1
1278,424,1,0.795650,Балезинский,Удмуртская Республика,1
1278,434,2,0.815104,Кезский,Удмуртская Республика,1
1278,290,3,0.860673,Большеберезниковский,Республика Мордовия,1
1279,238,1,0.569615,Сысольский,Республика Коми,1
1279,765,2,0.572117,Чердынский,Пермский край,1
1279,232,3,0.654207,Койгородский,Республика Коми,1
1280,1343,1,0.668241,Куртамышский,Курганская область,1
1280,1537,2,0.757747,Ардатовский,Нижегородская область,1
1280,1341,3,0.774619,Катайский,Курганская область,1
1281,2018,1,0.563672,Ачитский,Свердловская область,1
1281,1715,2,0.733393,Залегощенский,Орловская область,1
1281,1326,3,0.793651,Поназыревский,Костромская область,1
1282,1646,1,0.940976,Муромцевский,Омская область,1
1282,384,2,0.951816,Муслюмовский,Республика Татарстан,1
1282,444,3,0.955702,Шарканский,Удмуртская Республика,1
1284,2292,1,0.669231,Аргаяшский,Челябинская область,1
1284,1337,2,0.693890,Варгашинский,Курганская область,1
1284,743,3,0.737299,Ильинский,Пермский край,1
1285,2015,1,0.559315,Алапаевское,Свердловская область,1
1285,1053,2,0.594418,Вожегодский,Вологодская область,1
1285,739,3,0.649881,Горнозаводский,Пермский край,1
1286,2022,1,0.790793,Гаринский,Свердловская область,1
1286,1053,2,0.820425,Вожегодский,Вологодская область,1
1286,774,3,0.820427,Юсьвинский,Пермский край,1
1287,2018,1,0.555127,Ачитский,Свердловская область,1
1287,1326,2,0.624277,Поназыревский,Костромская область,1
1287,774,3,0.660858,Юсьвинский,Пермский край,1
1288,2018,1,0.670837,Ачитский,Свердловская область,1
1288,275,2,0.802888,Килемарский,Республика Марий Эл,1
1288,2037,3,0.813503,Шалинский,Свердловская область,1
1289,424,1,0.727875,Балезинский,Удмуртская Республика,1
1289,442,2,0.776065,Сюмсинский,Удмуртская Республика,1
1289,434,3,0.788148,Кезский,Удмуртская Республика,1
1290,774,1,0.346505,Юсьвинский,Пермский край,1
1290,773,2,0.352494,Юрлинский,Пермский край,1
1290,736,3,0.663648,Березовский,Пермский край,1
1291,433,1,0.570429,Каракулинский,Удмуртская Республика,1
1291,493,2,0.819017,Мариинско-Посадский,Чувашская Республика,1
1291,429,3,1.050929,Дебёсский,Удмуртская Республика,1
1292,1697,1,0.506609,Переволоцкий,Оренбургская область,1
1292,2267,2,0.529208,Сенгилеевский,Ульяновская область,1
1292,1715,3,0.583017,Залегощенский,Орловская область,1
1293,2292,1,0.543429,Аргаяшский,Челябинская область,1
1293,435,2,0.681181,Кизнерский,Удмуртская Республика,1
1293,1530,3,0.688836,Перевозский,Нижегородская область,1
1294,424,1,0.643988,Балезинский,Удмуртская Республика,1
1294,1056,2,0.777943,Грязовецкий,Вологодская область,1
1294,2017,3,0.818443,Артинский,Свердловская область,1
1295,1682,1,0.797109,Беляевский,Оренбургская область,1
1295,1776,2,0.887372,Новосокольнический,Псковская область,1
1295,1685,3,0.914948,Грачёвский,Оренбургская область,1
1296,1335,1,0.675026,Альменевский,Курганская область,1
1296,428,2,0.737387,Граховский,Удмуртская Республика,1
1296,429,3,0.780919,Дебёсский,Удмуртская Республика,1
1297,238,1,0.893071,Сысольский,Республика Коми,1
1297,774,2,0.924954,Юсьвинский,Пермский край,1
1297,773,3,0.948325,Юрлинский,Пермский край,1
1298,424,1,0.725104,Балезинский,Удмуртская Республика,1
1298,1343,2,0.780978,Куртамышский,Курганская область,1
1298,1341,3,0.797733,Катайский,Курганская область,1
1299,433,1,1.006366,Каракулинский,Удмуртская Республика,1
1299,493,2,1.023903,Мариинско-Посадский,Чувашская Республика,1
1299,238,3,1.062778,Сысольский,Республика Коми,1
1300,746,1,0.431306,Кишертский,Пермский край,1
1300,737,2,0.501948,Большесосновский,Пермский край,1
1300,444,3,0.529236,Шарканский,Удмуртская Республика,1
1301,1326,1,0.710803,Поназыревский,Костромская область,1
1301,2018,2,0.722545,Ачитский,Свердловская область,1
1301,1310,3,0.783648,Буйский,Костромская область,1
1302,435,1,0.640519,Кизнерский,Удмуртская Республика,1
1302,424,2,0.715286,Балезинский,Удмуртская Республика,1
1302,771,3,0.773111,Кочевский,Пермский край,1
1304,2325,1,0.362321,Даниловский,Ярославская область,1
1304,2055,2,0.445200,Кардымовский,Смоленская область,1
1304,2304,3,0.524709,Красноармейский,Челябинская область,1
1305,1878,1,0.508765,Октябрьск,Самарская область,1
1305,2324,2,0.592585,Гаврилов-Ямский,Ярославская область,1
1305,2253,3,0.638843,Новоульяновск,Ульяновская область,1
1306,2128,1,0.492231,Лихославльский,Тверская область,1
1306,1218,2,0.517552,Сухиничский,Калужская область,1
1306,1543,3,0.530306,Бутурлинский,Нижегородская область,1
1308,1535,1,0.407935,Сокольский,Нижегородская область,1
1308,1588,2,0.476875,Парфинский,Новгородская область,1
1308,1587,3,0.481882,Окуловский,Новгородская область,1
1309,1732,1,0.630906,Хотынецкий,Орловская область,1
1309,1215,2,0.643900,Мосальский,Калужская область,1
1309,2125,3,0.681902,Краснохолмский,Тверская область,1
1310,1285,1,0.653707,Омутнинский,Кировская область,1
1310,1057,2,0.683933,Кадуйский,Вологодская область,1
1310,1287,3,0.698001,Оричевский,Кировская область,1
1311,2054,1,0.599451,Ершичский,Смоленская область,1
1311,1771,2,0.603647,Красногородский,Псковская область,1
1311,1896,3,0.627552,Клявлинский,Самарская область,1
1312,1052,1,0.555225,Верховажский,Вологодская область,1
1312,1067,2,0.769966,Усть-Кубинский,Вологодская область,1
1312,1053,3,0.774543,Вожегодский,Вологодская область,1
1313,2254,1,0.733629,Базарносызганский,Ульяновская область,1
1313,1896,2,0.745619,Клявлинский,Самарская область,1
1313,1727,3,0.746123,Покровский,Орловская область,1
1314,2057,1,1.068279,Монастырщинский,Смоленская область,1
1314,2067,2,1.159056,Хиславичский,Смоленская область,1
1314,1273,3,1.213526,Кикнурский,Кировская область,1
1315,1906,1,0.693554,Сызранский,Самарская область,1
1315,1411,2,0.907342,Елец,Липецкая область,1
1315,2619,3,0.968224,Переславль-Залесский,Ярославская область,1
1316,2053,1,0.434915,Ельнинский,Смоленская область,1
1316,2111,2,0.479862,Бежецкий,Тверская область,1
1316,1209,3,0.501291,Козельский,Калужская область,1
1317,1727,1,0.635544,Покровский,Орловская область,1
1317,1896,2,0.741225,Клявлинский,Самарская область,1
1317,1702,3,0.794846,Северный,Оренбургская область,1
1319,1724,1,0.831877,Новодеревеньковский,Орловская область,1
1319,2254,2,1.051127,Базарносызганский,Ульяновская область,1
1319,2207,3,1.093637,Сладковский,Тюменская область,1
1320,1582,1,0.549531,Любытинский,Новгородская область,1
1320,2050,2,0.703527,Демидовский,Смоленская область,1
1320,1892,3,0.705629,Исаклинский,Самарская область,1
1321,1130,1,0.392771,Фурмановский,Ивановская область,1
1321,1127,2,0.395481,Родниковский,Ивановская область,1
1321,2329,3,0.399972,Некрасовский,Ярославская область,1
1322,1771,1,0.661015,Красногородский,Псковская область,1
1322,2067,2,0.696137,Хиславичский,Смоленская область,1
1322,1727,3,0.728318,Покровский,Орловская область,1
1323,2098,1,0.549398,Токарёвский,Тамбовская область,1
1323,2256,2,0.608048,Вешкаймский,Ульяновская область,1
1323,1773,3,0.621179,Локнянский,Псковская область,1
1324,1065,1,0.859604,Тарногский,Вологодская область,1
1324,1282,2,1.036618,Нагорский,Кировская область,1
1324,758,3,1.066773,Сивинский,Пермский край,1
1325,2112,1,0.575107,Бельский,Тверская область,1
1325,1222,2,0.712775,Хвастовичский,Калужская область,1
1325,1118,3,0.757373,Ильинский,Ивановская область,1
1326,1585,1,0.588602,Мошенской,Новгородская область,1
1326,1287,2,0.624277,Оричевский,Кировская область,1
1326,904,3,0.644455,Красноборский,Архангельская область,1
1327,1724,1,0.713538,Новодеревеньковский,Орловская область,1
1327,1727,2,0.779130,Покровский,Орловская область,1
1327,2067,3,0.805037,Хиславичский,Смоленская область,1
1328,2125,1,0.574371,Краснохолмский,Тверская область,1
1328,1718,2,0.675806,Краснозоренский,Орловская область,1
1328,1732,3,0.723787,Хотынецкий,Орловская область,1
1329,1126,1,0.547053,Пучежский,Ивановская область,1
1329,1133,2,0.583036,Юрьевецкий,Ивановская область,1
1329,1732,3,0.614099,Хотынецкий,Орловская область,1
1330,2094,1,0.657813,Сампурский,Тамбовская область,1
1330,1771,2,0.663179,Красногородский,Псковская область,1
1330,1860,3,0.700104,Путятинский,Рязанская область,1
1331,2058,1,0.622975,Новодугинский,Смоленская область,1
1331,2139,2,0.659597,Спировский,Тверская область,1
1331,1857,3,0.669369,Александро-Невский,Рязанская область,1
1334,731,1,0.516626,Лысьвенский,Пермский край,1
1334,1259,2,0.764038,Вятские Поляны,Кировская область,1
1334,1972,3,0.779803,Алапаевск,Свердловская область,1
1335,1296,1,0.675026,Тужинский,Кировская область,1
1335,428,2,0.691695,Граховский,Удмуртская Республика,1
1335,770,3,0.755451,Косинский,Пермский край,1
1336,2260,1,0.821130,Майнский,Ульяновская область,1
1336,1271,2,0.889859,Даровской,Кировская область,1
1336,433,3,0.918171,Каракулинский,Удмуртская Республика,1
1337,743,1,0.670887,Ильинский,Пермский край,1
1337,1284,2,0.693890,Нолинский,Кировская область,1
1337,1664,3,0.739540,Шербакульский,Омская область,1
1338,1594,1,0.725996,Холмский,Новгородская область,1
1338,3012,2,0.793640,Кусинский,Челябинская область,1
1338,2308,3,0.883608,Нязепетровский,Челябинская область,1
1339,746,1,0.536711,Кишертский,Пермский край,1
1339,1640,2,0.599321,Колосовский,Омская область,1
1339,537,3,0.615191,Кытмановский,Алтайский край,1
1340,1781,1,0.542123,Плюсский,Псковская область,1
1340,898,2,0.651362,Верхнетоемский,Архангельская область,1
1340,915,3,0.703143,Шенкурский,Архангельская область,1
1341,3012,1,0.549576,Кусинский,Челябинская область,1
1341,2300,2,0.570215,Каслинский,Челябинская область,1
1341,1594,3,0.579911,Холмский,Новгородская область,1
1343,1280,1,0.668241,Малмыжский,Кировская область,1
1343,2308,2,0.763663,Нязепетровский,Челябинская область,1
1343,1298,3,0.780978,Уржумский,Кировская область,1
1344,1690,1,0.747719,Курманаевский,Оренбургская область,1
1344,2067,2,0.842461,Хиславичский,Смоленская область,1
1344,566,3,0.855787,Усть-Калманский,Алтайский край,1
1345,1640,1,0.373644,Колосовский,Омская область,1
1345,519,2,0.491934,Бурлинский,Алтайский край,1
1345,761,3,0.538370,Уинский,Пермский край,1
1346,1781,1,0.610129,Плюсский,Псковская область,1
1346,563,2,0.764328,Троицкий,Алтайский край,1
1346,1594,3,0.816067,Холмский,Новгородская область,1
1347,1295,1,0.919595,Сунский,Кировская область,1
1347,898,2,0.966142,Верхнетоемский,Архангельская область,1
1347,542,3,0.994231,Зональный,Алтайский край,1
1348,1607,1,0.711221,Здвинский,Новосибирская область,1
1348,1622,2,0.769897,Северный,Новосибирская область,1
1348,2207,3,0.822371,Сладковский,Тюменская область,1
1349,275,1,0.807761,Килемарский,Республика Марий Эл,1
1349,2049,2,0.965364,Глинковский,Смоленская область,1
1349,1288,3,0.981556,Орловский,Кировская область,1
1350,1271,1,0.825125,Даровской,Кировская область,1
1350,563,2,0.894057,Троицкий,Алтайский край,1
1350,548,3,0.906482,Ребрихинский,Алтайский край,1
1351,1703,1,0.597302,Ташлинский,Оренбургская область,1
1351,1700,2,0.605297,Саракташский,Оренбургская область,1
1351,1679,3,0.637356,Акбулакский,Оренбургская область,1
1352,736,1,0.706457,Березовский,Пермский край,1
1352,746,2,0.751886,Кишертский,Пермский край,1
1352,774,3,0.832708,Юсьвинский,Пермский край,1
1353,1642,1,0.684370,Крутинский,Омская область,1
1353,1648,2,0.693596,Нижнеомский,Омская область,1
1353,564,3,0.716565,Тюменцевский,Алтайский край,1
1355,761,1,0.385699,Уинский,Пермский край,1
1355,433,2,0.605319,Каракулинский,Удмуртская Республика,1
1355,1640,3,0.635220,Колосовский,Омская область,1
1356,749,1,0.561220,Куединский,Пермский край,1
1356,744,2,0.577677,Карагайский,Пермский край,1
1356,1533,3,0.597290,Шахунья,Нижегородская область,1
1357,2042,1,0.361839,Нижнесергинский,Свердловская область,1
1357,2296,2,0.397279,Верхнеуральский,Челябинская область,1
1357,755,3,0.410378,Оханский,Пермский край,1
1358,747,1,0.571607,Красновишерский,Пермский край,1
1358,2017,2,0.572994,Артинский,Свердловская область,1
1358,737,3,0.638564,Большесосновский,Пермский край,1
1392,217,1,0.725070,Питкярантский,Республика Карелия,1
1392,2105,2,0.737388,Осташковский,Тверская область,1
1392,1583,3,0.741709,Маловишерский,Новгородская область,1
1393,212,1,0.927171,Лахденпохский,Республика Карелия,1
1393,2187,2,1.001965,Чернский,Тульская область,1
1393,1486,3,1.063573,Шаховская,Московская область,1
1394,2108,1,0.877166,Торжок,Тверская область,1
1394,1478,2,0.888342,Серебряные Пруды,Московская область,1
1394,2883,3,0.951060,Кимрский,Тверская область,1
1399,2335,1,0.787794,Тутаевский,Ярославская область,1
1399,1179,2,0.845670,Пионерский,Калининградская область,1
1399,1982,3,1.050048,Заречный,Свердловская область,1
1401,1983,1,0.886001,Ивдельский,Свердловская область,1
1401,1478,2,0.976616,Серебряные Пруды,Московская область,1
1401,1207,3,0.980142,Кировский,Калужская область,1
1404,1778,1,0.672687,Островский,Псковская область,1
1404,2002,2,0.679086,Нижнетуринский,Свердловская область,1
1404,1578,3,0.679177,Валдайский,Новгородская область,1
1405,1486,1,1.005934,Шаховская,Московская область,1
1405,1883,2,1.078492,Чапаевск,Самарская область,1
1405,2124,3,1.079885,Конаковский,Тверская область,1
1406,217,1,0.614883,Питкярантский,Республика Карелия,1
1406,221,2,0.831859,Сегежский,Республика Карелия,1
1406,1072,3,1.018050,Шекснинский,Вологодская область,1
1407,1980,1,0.548193,Среднеуральск,Свердловская область,1
1407,1179,2,0.589951,Пионерский,Калининградская область,1
1407,1875,3,0.720143,Жигулевск,Самарская область,1
1411,2619,1,0.587238,Переславль-Залесский,Ярославская область,1
1411,2047,2,0.730722,Вяземский,Смоленская область,1
1411,1005,3,0.839944,Суздальский,Владимирская область,1
1412,2137,1,0.670598,Селижаровский,Тверская область,1
1412,1210,2,0.682160,Куйбышевский,Калужская область,1
1412,1933,3,0.798535,Лысогорский,Саратовская область,1
1413,2333,1,0.404662,Ростовский,Ярославская область,1
1413,1708,2,0.423913,Ливны,Орловская область,1
1413,1112,3,0.479502,Шуя,Ивановская область,1
1414,1904,1,0.441225,Сергиевский,Самарская область,1
1414,2333,2,0.558043,Ростовский,Ярославская область,1
1414,1532,3,0.564964,Семеновский,Нижегородская область,1
1415,2080,1,0.413004,Жердевский,Тамбовская область,1
1415,1204,2,0.544362,Думиничский,Калужская область,1
1415,294,3,0.583040,Зубово-Полянский,Республика Мордовия,1
1416,2255,1,0.477537,Барышский,Ульяновская область,1
1416,1896,2,0.492251,Клявлинский,Самарская область,1
1416,1932,3,0.515092,Краснопартизанский,Саратовская область,1
1417,2090,1,0.544552,Петровский,Тамбовская область,1
1417,2085,2,0.607719,Мордовский,Тамбовская область,1
1417,1755,3,0.642085,Нижнеломовский,Пензенская область,1
1419,1204,1,0.370634,Думиничский,Калужская область,1
1419,2171,2,0.495613,Арсеньевский,Тульская область,1
1419,1903,3,0.576542,Приволжский,Самарская область,1
1420,2098,1,0.419465,Токарёвский,Тамбовская область,1
1420,1856,2,0.423850,Михайловский,Рязанская область,1
1420,295,3,0.469132,Инсарский,Республика Мордовия,1
1421,1032,1,0.443879,Новониколаевский,Волгоградская область,1
1421,2080,2,0.471282,Жердевский,Тамбовская область,1
1421,1743,3,0.500673,Земетчинский,Пензенская область,1
1422,2322,1,0.369886,Борисоглебский,Ярославская область,1
1422,1116,2,0.412269,Заволжский,Ивановская область,1
1422,2184,3,0.465639,Суворовский,Тульская область,1
1423,1205,1,0.367214,Жиздринский,Калужская область,1
1423,1215,2,0.570799,Мосальский,Калужская область,1
1423,1862,3,0.582276,Ряжский,Рязанская область,1
1425,1115,1,0.324260,Гаврилово-Посадский,Ивановская область,1
1425,1854,2,0.615076,Кораблинский,Рязанская область,1
1425,2081,3,0.640868,Знаменский,Тамбовская область,1
1426,2137,1,0.472168,Селижаровский,Тверская область,1
1426,2178,2,0.604254,Каменский,Тульская область,1
1426,2185,3,0.617881,Тепло-Огаревский,Тульская область,1
1427,2171,1,0.421926,Арсеньевский,Тульская область,1
1427,1951,2,0.535399,Хвалынский,Саратовская область,1
1427,2322,3,0.555029,Борисоглебский,Ярославская область,1
1428,1027,1,0.600308,Кумылженский,Волгоградская область,1
1428,1872,2,0.635646,Шацкий,Рязанская область,1
1428,1945,3,0.649041,Самойловский,Саратовская область,1
1429,2322,1,0.191707,Борисоглебский,Ярославская область,1
1429,2184,2,0.389506,Суворовский,Тульская область,1
1429,1004,3,0.395177,Судогодский,Владимирская область,1
1449,2336,1,0.619445,Угличский,Ярославская область,1
1449,2165,2,0.620698,Алексин,Тульская область,1
1449,1110,3,0.703983,Кохма,Ивановская область,1
1473,2186,1,0.797692,Узловский,Тульская область,1
1473,2165,2,0.864307,Алексин,Тульская область,1
1473,2593,3,0.886141,Киевский,Москва,1
1474,2186,1,0.888172,Узловский,Тульская область,1
1474,270,2,1.038512,Волжск,Республика Марий Эл,1
1474,1861,3,1.139900,Рыбновский,Рязанская область,1
1478,2189,1,0.442319,Ясногорский,Тульская область,1
1478,2183,2,0.788485,Плавский,Тульская область,1
1478,1209,3,0.846552,Козельский,Калужская область,1
1486,2177,1,0.734548,Заокский,Тульская область,1
1486,2124,2,0.901853,Конаковский,Тверская область,1
1486,1206,3,1.000965,Жуковский,Калужская область,1
1494,1209,1,0.426926,Козельский,Калужская область,1
1494,2174,2,0.463059,Веневский,Тульская область,1
1494,2111,3,0.470568,Бежецкий,Тверская область,1
1504,2177,1,0.380485,Заокский,Тульская область,1
1504,2883,2,0.418454,Кимрский,Тверская область,1
1504,996,3,0.485659,Киржачский,Владимирская область,1
1520,2145,1,1.401412,Кедровый,Томская область,1
1520,212,2,1.406398,Лахденпохский,Республика Карелия,1
1520,451,3,1.479957,Сорск,Республика Хакасия,1
1522,451,1,0.860103,Сорск,Республика Хакасия,1
1522,213,2,0.889967,Лоухский,Республика Карелия,1
1522,212,3,0.955690,Лахденпохский,Республика Карелия,1
1526,2168,1,0.499093,Ефремов,Тульская область,1
1526,2188,2,0.560830,Щекинский,Тульская область,1
1526,1765,3,0.616091,Великие Луки,Псковская область,1
1528,2173,1,0.436289,Богородицкий,Тульская область,1
1528,1708,2,0.609758,Ливны,Орловская область,1
1528,1578,3,0.614955,Валдайский,Новгородская область,1
1529,999,1,0.283985,Меленковский,Владимирская область,1
1529,1730,2,0.483129,Троснянский,Орловская область,1
1529,1895,3,0.541743,Кинель-Черкасский,Самарская область,1
1530,2332,1,0.417512,Пошехонский,Ярославская область,1
1530,307,2,0.554210,Торбеевский,Республика Мордовия,1
1530,1858,3,0.618215,Пителинский,Рязанская область,1
1532,1012,1,0.429654,Фролово,Волгоградская область,1
1532,1021,2,0.471793,Калачевский,Волгоградская область,1
1532,1414,3,0.564964,Данковский,Липецкая область,1
1533,2300,1,0.531554,Каслинский,Челябинская область,1
1533,2332,2,0.532173,Пошехонский,Ярославская область,1
1533,2301,3,0.578875,Катав-Ивановский,Челябинская область,1
1534,2330,1,0.455009,Первомайский,Ярославская область,1
1534,2073,2,0.514458,Котовск,Тамбовская область,1
1534,1028,3,0.577556,Ленинский,Волгоградская область,1
1535,1308,1,0.407935,Шарья,Костромская область,1
1535,1067,2,0.521544,Усть-Кубинский,Вологодская область,1
1535,1588,3,0.561989,Парфинский,Новгородская область,1
1536,1026,1,0.478474,Котовский,Волгоградская область,1
1536,1917,2,0.651121,Аткарский,Саратовская область,1
1536,1901,3,0.654327,Пестравский,Самарская область,1
1537,1918,1,0.551201,Базарно-Карабулакский,Саратовская область,1
1537,2257,2,0.620823,Инзенский,Ульяновская область,1
1537,293,3,0.633601,Ельниковский,Республика Мордовия,1
1539,1765,1,0.504815,Великие Луки,Псковская область,1
1539,1009,2,0.575523,Камышин,Волгоградская область,1
1539,1667,3,0.576048,Бугуруслан,Оренбургская область,1
1540,1212,1,0.510287,Малоярославецкий,Калужская область,1
1540,2884,2,0.528966,Ржевский,Тверская область,1
1540,2169,3,0.548526,Новомосковск,Тульская область,1
1541,1761,1,0.608947,Спасский,Пензенская область,1
1541,1949,2,0.732973,Турковский,Саратовская область,1
1541,2075,3,0.750920,Моршанск,Тамбовская область,1
1542,1711,1,0.672083,Верховский,Орловская область,1
1542,1859,2,0.840455,Пронский,Рязанская область,1
1542,1223,3,0.895468,Юхновский,Калужская область,1
1543,307,1,0.388056,Торбеевский,Республика Мордовия,1
1543,1218,2,0.398843,Сухиничский,Калужская область,1
1543,2618,3,0.498934,Мантуровский,Костромская область,1
1544,1218,1,0.573272,Сухиничский,Калужская область,1
1544,1308,2,0.595050,Шарья,Костромская область,1
1544,1588,3,0.612114,Парфинский,Новгородская область,1
1545,386,1,1.029380,Новошешминский,Республика Татарстан,1
1545,2195,2,1.131167,Абатский,Тюменская область,1
1545,1065,3,1.132749,Тарногский,Вологодская область,1
1546,1711,1,0.490279,Верховский,Орловская область,1
1546,2330,2,0.513847,Первомайский,Ярославская область,1
1546,1873,3,0.527923,Шиловский,Рязанская область,1
1547,1777,1,0.637202,Опочецкий,Псковская область,1
1547,737,2,0.640555,Большесосновский,Пермский край,1
1547,760,3,0.669492,Суксунский,Пермский край,1
1548,1743,1,0.429580,Земетчинский,Пензенская область,1
1548,1926,2,0.490770,Екатериновский,Саратовская область,1
1548,1927,3,0.616721,Ершовский,Саратовская область,1
1549,270,1,0.918453,Волжск,Республика Марий Эл,1
1549,2316,2,0.935752,Чебаркульский,Челябинская область,1
1549,1200,3,1.079710,Бабынинский,Калужская область,1
1550,1947,1,0.523717,Советский,Саратовская область,1
1550,1917,2,0.664215,Аткарский,Саратовская область,1
1550,1711,3,0.689000,Верховский,Орловская область,1
1551,305,1,0.630588,Темниковский,Республика Мордовия,1
1551,1727,2,0.634282,Покровский,Орловская область,1
1551,1761,3,0.644866,Спасский,Пензенская область,1
1552,1753,1,0.687509,Наровчатский,Пензенская область,1
1552,2260,2,0.721305,Майнский,Ульяновская область,1
1552,296,3,0.748867,Ичалковский,Республика Мордовия,1
1553,2168,1,0.386026,Ефремов,Тульская область,1
1553,1765,2,0.471140,Великие Луки,Псковская область,1
1553,1667,3,0.475366,Бугуруслан,Оренбургская область,1
1554,1862,1,0.366086,Ряжский,Рязанская область,1
1554,2171,2,0.458274,Арсеньевский,Тульская область,1
1554,1209,3,0.469242,Козельский,Калужская область,1
1555,1899,1,0.513588,Красноярский,Самарская область,1
1555,1015,2,0.724120,Городищенский,Волгоградская область,1
1555,1912,3,0.733285,Шиханы,Саратовская область,1
1556,2121,1,0.376451,Кашинский,Тверская область,1
1556,1862,2,0.381330,Ряжский,Рязанская область,1
1556,2171,3,0.443258,Арсеньевский,Тульская область,1
1557,1944,1,0.296907,Ртищевский,Саратовская область,1
1557,1904,2,0.362567,Сергиевский,Самарская область,1
1557,1026,3,0.399208,Котовский,Волгоградская область,1
1558,2618,1,0.500752,Мантуровский,Костромская область,1
1558,1769,2,0.504745,Дедовичский,Псковская область,1
1558,760,3,0.562673,Суксунский,Пермский край,1
1559,2096,1,0.661915,Староюрьевский,Тамбовская область,1
1559,2088,2,0.702106,Никифоровский,Тамбовская область,1
1559,1761,3,0.719015,Спасский,Пензенская область,1
1561,1909,1,0.561230,Шенталинский,Самарская область,1
1561,1941,2,0.622616,Пугачевский,Саратовская область,1
1561,446,3,0.759343,Якшур-Бодьинский,Удмуртская Республика,1
1562,1880,1,0.612921,Похвистнево,Самарская область,1
1562,1879,2,0.694147,Отрадный,Самарская область,1
1562,1592,3,0.707421,Старорусский,Новгородская область,1
1563,2188,1,0.507469,Щекинский,Тульская область,1
1563,2169,2,0.558997,Новомосковск,Тульская область,1
1563,1876,3,0.588131,Кинель,Самарская область,1
1564,307,1,0.302287,Торбеевский,Республика Мордовия,1
1564,1897,2,0.342331,Кошкинский,Самарская область,1
1564,1944,3,0.512794,Ртищевский,Саратовская область,1
1565,435,1,0.755123,Кизнерский,Удмуртская Республика,1
1565,756,2,0.818262,Очерский,Пермский край,1
1565,431,3,0.863278,Игринский,Удмуртская Республика,1
1566,1880,1,0.702852,Похвистнево,Самарская область,1
1566,1941,2,0.739103,Пугачевский,Саратовская область,1
1566,1909,3,0.739957,Шенталинский,Самарская область,1
1567,1949,1,0.489825,Турковский,Саратовская область,1
1567,1761,2,0.492466,Спасский,Пензенская область,1
1567,295,3,0.627844,Инсарский,Республика Мордовия,1
1568,2072,1,0.535309,Кирсанов,Тамбовская область,1
1568,1897,2,0.553549,Кошкинский,Самарская область,1
1568,1930,3,0.555952,Красноармейский,Саратовская область,1
1569,1747,1,0.347016,Колышлейский,Пензенская область,1
1569,1739,2,0.360510,Белинский,Пензенская область,1
1569,1849,3,0.533281,Ермишинский,Рязанская область,1
1570,760,1,0.415405,Суксунский,Пермский край,1
1570,744,2,0.456308,Карагайский,Пермский край,1
1570,1948,3,0.466745,Татищевский,Саратовская область,1
1571,1769,1,0.714104,Дедовичский,Псковская область,1
1571,2212,2,0.741807,Упоровский,Тюменская область,1
1571,737,3,0.743887,Большесосновский,Пермский край,1
1572,1196,1,0.686646,Славский,Калининградская область,1
1572,992,2,0.752069,Вязниковский,Владимирская область,1
1572,1675,3,0.785580,Сорочинский,Оренбургская область,1
1573,1582,1,0.718714,Любытинский,Новгородская область,1
1573,760,2,0.769741,Суксунский,Пермский край,1
1573,1217,3,0.779282,Спас-Деменский,Калужская область,1
1574,1338,1,0.896495,Далматовский,Курганская область,1
1574,1594,2,0.911886,Холмский,Новгородская область,1
1574,3012,3,0.931902,Кусинский,Челябинская область,1
1577,1879,1,0.357353,Отрадный,Самарская область,1
1577,1009,2,0.447607,Камышин,Волгоградская область,1
1577,2280,3,0.524829,Кыштымский,Челябинская область,1
1578,1528,1,0.614955,Кулебаки,Нижегородская область,1
1578,1900,2,0.649003,Нефтегорский,Самарская область,1
1578,1708,3,0.656210,Ливны,Орловская область,1
1579,1886,1,0.636204,Богатовский,Самарская область,1
1579,923,2,0.643167,Икрянинский,Астраханская область,1
1579,3,3,0.658426,Гиагинский,Республика Адыгея,1
1580,2127,1,0.390277,Лесной,Тверская область,1
1580,2139,2,0.453784,Спировский,Тверская область,1
1580,2053,3,0.553961,Ельнинский,Смоленская область,1
1581,1116,1,0.482942,Заволжский,Ивановская область,1
1581,1308,2,0.499205,Шарья,Костромская область,1
1581,1422,3,0.499828,Лебедянский,Липецкая область,1
1582,1320,1,0.549531,Нейский,Костромская область,1
1582,2618,2,0.649856,Мантуровский,Костромская область,1
1582,1217,3,0.714132,Спас-Деменский,Калужская область,1
1583,2298,1,0.426546,Еткульский,Челябинская область,1
1583,1788,2,0.428509,Струго-Красненский,Псковская область,1
1583,1125,3,0.531558,Приволжский,Ивановская область,1
1584,1869,1,1.266473,Старожиловский,Рязанская область,1
1584,2112,2,1.629988,Бельский,Тверская область,1
1584,1984,3,1.687813,Пелым,Свердловская область,1
1585,1326,1,0.588602,Поназыревский,Костромская область,1
1585,2017,2,0.591216,Артинский,Свердловская область,1
1585,2015,3,0.643679,Алапаевское,Свердловская область,1
1587,1308,1,0.481882,Шарья,Костромская область,1
1587,2053,2,0.584054,Ельнинский,Смоленская область,1
1587,1116,3,0.588788,Заволжский,Ивановская область,1
1588,2304,1,0.380638,Красноармейский,Челябинская область,1
1588,755,2,0.389561,Оханский,Пермский край,1
1588,1357,3,0.444021,Щучанский,Курганская область,1
1589,1912,1,0.659988,Шиханы,Саратовская область,1
1589,2105,2,0.790818,Осташковский,Тверская область,1
1589,1219,3,0.791287,Тарусский,Калужская область,1
1590,1907,1,0.660914,Хворостянский,Самарская область,1
1590,2112,2,0.706619,Бельский,Тверская область,1
1590,2126,3,0.761825,Кувшиновский,Тверская область,1
1591,2059,1,0.460957,Починковский,Смоленская область,1
1591,2127,2,0.489609,Лесной,Тверская область,1
1591,2128,3,0.544919,Лихославльский,Тверская область,1
1592,2287,1,0.639737,Усть-Катавский,Челябинская область,1
1592,1562,2,0.707421,Лысковский,Нижегородская область,1
1592,1211,3,0.770883,Людиновский,Калужская область,1
1593,2059,1,0.598246,Починковский,Смоленская область,1
1593,2128,2,0.606575,Лихославльский,Тверская область,1
1593,2127,3,0.642100,Лесной,Тверская область,1
1594,751,1,0.518897,Нытвенский,Пермский край,1
1594,1341,2,0.579911,Катайский,Курганская область,1
1594,2300,3,0.667033,Каслинский,Челябинская область,1
1595,2105,1,0.484332,Осташковский,Тверская область,1
1595,1554,2,0.676773,Дальнеконстантиновский,Нижегородская область,1
1595,2180,3,0.701791,Киреевский,Тульская область,1
1596,1210,1,0.671903,Куйбышевский,Калужская область,1
1596,1222,2,0.676510,Хвастовичский,Калужская область,1
1596,1910,3,0.698256,Шигонский,Самарская область,1
1602,2200,1,0.780319,Викуловский,Тюменская область,1
1602,701,2,0.814015,Каратузский,Красноярский край,1
1602,1660,3,0.825367,Тевризский,Омская область,1
1605,544,1,0.285596,Панкрушихинский,Алтайский край,1
1605,457,2,0.418030,Орджоникидзевский,Республика Хакасия,1
1605,2159,3,0.446719,Первомайский,Томская область,1
1606,540,1,0.395922,Михайловский,Алтайский край,1
1606,568,2,0.438370,Хабарский,Алтайский край,1
1606,569,3,0.454306,Целинный,Алтайский край,1
1607,2207,1,0.642023,Сладковский,Тюменская область,1
1607,568,2,0.678084,Хабарский,Алтайский край,1
1607,2197,3,0.703402,Аромашевский,Тюменская область,1
1608,1778,1,0.689663,Островский,Псковская область,1
1608,2310,2,0.696623,Пластовский,Челябинская область,1
1608,2287,3,0.709899,Усть-Катавский,Челябинская область,1
1609,2200,1,0.725226,Викуловский,Тюменская область,1
1609,529,2,0.918615,Каменский,Алтайский край,1
1609,2195,3,0.973759,Абатский,Тюменская область,1
1610,1656,1,0.318715,Саргатский,Омская область,1
1610,2154,2,0.377077,Кожевниковский,Томская область,1
1610,519,3,0.463196,Бурлинский,Алтайский край,1
1611,2206,1,0.543654,Омутинский,Тюменская область,1
1611,2295,2,0.627052,Варненский,Челябинская область,1
1611,2198,3,0.675711,Бердюжский,Тюменская область,1
1612,1189,1,0.695878,Краснознаменский,Калининградская область,1
1612,2150,2,0.700965,Бакчарский,Томская область,1
1612,2213,3,0.711091,Юргинский,Тюменская область,1
1613,721,1,0.740962,Тюхтетский,Красноярский край,1
1613,696,2,1.140941,Идринский,Красноярский край,1
1613,1660,3,1.219710,Тевризский,Омская область,1
1614,1637,1,0.529675,Знаменский,Омская область,1
1614,2197,2,0.536530,Аромашевский,Тюменская область,1
1614,1662,3,0.539709,Усть-Ишимский,Омская область,1
1616,460,1,0.521680,Ширинский,Республика Хакасия,1
1616,1637,2,0.592787,Знаменский,Омская область,1
1616,2198,3,0.709458,Бердюжский,Тюменская область,1
1617,721,1,0.637449,Тюхтетский,Красноярский край,1
1617,696,2,0.929425,Идринский,Красноярский край,1
1617,2198,3,0.969547,Бердюжский,Тюменская область,1
1618,518,1,0.331725,Благовещенский,Алтайский край,1
1618,723,2,0.591504,Уярский,Красноярский край,1
1618,1242,3,0.616657,Ижморский,Кемеровская область,1
1619,1983,1,0.803937,Ивдельский,Свердловская область,1
1619,897,2,0.887395,Вельский,Архангельская область,1
1619,913,3,0.892430,Устьянский,Архангельская область,1
1621,2195,1,0.652624,Абатский,Тюменская область,1
1621,1251,2,0.678162,Тисульский,Кемеровская область,1
1621,1257,3,0.788245,Яшкинский,Кемеровская область,1
1622,1348,1,0.769897,Петуховский,Курганская область,1
1622,2207,2,0.969534,Сладковский,Тюменская область,1
1622,719,3,0.975153,Тасеевский,Красноярский край,1
1623,1659,1,0.429447,Тарский,Омская область,1
1623,518,2,0.722869,Благовещенский,Алтайский край,1
1623,2034,3,0.856020,Талицкий,Свердловская область,1
1624,747,1,0.609489,Красновишерский,Пермский край,1
1624,571,2,0.633167,Шипуновский,Алтайский край,1
1624,1656,3,0.637935,Саргатский,Омская область,1
1625,2212,1,0.486915,Упоровский,Тюменская область,1
1625,571,2,0.542134,Шипуновский,Алтайский край,1
1625,1662,3,0.574410,Усть-Ишимский,Омская область,1
1626,560,1,0.884905,Тогульский,Алтайский край,1
1626,1348,2,0.913844,Петуховский,Курганская область,1
1626,562,3,0.925919,Третьяковский,Алтайский край,1
1627,558,1,0.611982,Табунский,Алтайский край,1
1627,2213,2,0.621840,Юргинский,Тюменская область,1
1627,2156,3,0.638817,Кривошеинский,Томская область,1
1628,2295,1,0.566338,Варненский,Челябинская область,1
1628,1240,2,0.592305,Беловский,Кемеровская область,1
1628,1257,3,0.601708,Яшкинский,Кемеровская область,1
1629,1240,1,0.556289,Беловский,Кемеровская область,1
1629,2295,2,0.556368,Варненский,Челябинская область,1
1629,518,3,0.576295,Благовещенский,Алтайский край,1
1630,1637,1,0.566850,Знаменский,Омская область,1
1630,2195,2,0.633122,Абатский,Тюменская область,1
1630,712,3,0.703157,Партизанский,Красноярский край,1
1631,2215,1,0.669749,Ярковский,Тюменская область,1
1631,242,2,0.756216,Усть-Куломский,Республика Коми,1
1631,518,3,0.778871,Благовещенский,Алтайский край,1
1633,2199,1,0.439828,Вагайский,Тюменская область,1
1633,2305,2,0.772181,Кунашакский,Челябинская область,1
1633,242,3,0.799057,Усть-Куломский,Республика Коми,1
1634,568,1,0.744683,Хабарский,Алтайский край,1
1634,533,2,0.808184,Краснощёковский,Алтайский край,1
1634,569,3,0.814436,Целинный,Алтайский край,1
1635,1607,1,0.907295,Здвинский,Новосибирская область,1
1635,1348,2,0.930659,Петуховский,Курганская область,1
1635,719,3,1.126281,Тасеевский,Красноярский край,1
1636,2299,1,0.704115,Карталинский,Челябинская область,1
1636,1696,2,0.790510,Первомайский,Оренбургская область,1
1636,531,3,0.793168,Косихинский,Алтайский край,1
1637,1614,1,0.529675,Краснозерский,Новосибирская область,1
1637,1630,2,0.566850,Чистоозерный,Новосибирская область,1
1637,1616,3,0.592787,Купинский,Новосибирская область,1
1638,2317,1,0.648097,Чесменский,Челябинская область,1
1638,2299,2,0.677096,Карталинский,Челябинская область,1
1638,2199,3,0.719591,Вагайский,Тюменская область,1
1639,559,1,0.604581,Тальменский,Алтайский край,1
1639,1356,2,0.679450,Шумихинский,Курганская область,1
1639,2299,3,0.705750,Карталинский,Челябинская область,1
1640,519,1,0.312438,Бурлинский,Алтайский край,1
1640,1345,2,0.373644,Макушинский,Курганская область,1
1640,564,3,0.475954,Тюменцевский,Алтайский край,1
1641,242,1,0.625676,Усть-Куломский,Республика Коми,1
1641,2299,2,0.692514,Карталинский,Челябинская область,1
1641,2296,3,0.707882,Верхнеуральский,Челябинская область,1
1642,550,1,0.654434,Романовский,Алтайский край,1
1642,524,2,0.660448,Завьяловский,Алтайский край,1
1642,1353,3,0.684370,Частоозерский,Курганская область,1
1643,2199,1,0.832850,Вагайский,Тюменская область,1
1643,2314,2,0.837962,Увельский,Челябинская область,1
1643,1988,3,0.908963,Карпинск,Свердловская область,1
1644,2154,1,0.563279,Кожевниковский,Томская область,1
1644,898,2,0.582692,Верхнетоемский,Архангельская область,1
1644,904,3,0.597694,Красноборский,Архангельская область,1
1645,2294,1,0.731528,Брединский,Челябинская область,1
1645,1670,2,0.811427,Кувандыкский,Оренбургская область,1
1645,1780,3,0.828501,Печорский,Псковская область,1
1646,557,1,0.602516,Шелаболихинский,Алтайский край,1
1646,534,2,0.816648,Крутихинский,Алтайский край,1
1646,1610,3,0.824184,Каргатский,Новосибирская область,1
1647,534,1,0.678358,Крутихинский,Алтайский край,1
1647,2201,2,0.692205,Голышмановский,Тюменская область,1
1647,712,3,0.749939,Партизанский,Красноярский край,1
1648,1353,1,0.693596,Частоозерский,Курганская область,1
1648,564,2,0.695997,Тюменцевский,Алтайский край,1
1648,521,3,0.740448,Волчихинский,Алтайский край,1
1649,531,1,0.520612,Косихинский,Алтайский край,1
1649,2299,2,0.793109,Карталинский,Челябинская область,1
1649,2292,3,0.833930,Аргаяшский,Челябинская область,1
1650,1688,1,0.907466,Кваркенский,Оренбургская область,1
1650,2199,2,1.220327,Вагайский,Тюменская область,1
1650,1058,3,1.411088,Кирилловский,Вологодская область,1
1651,1630,1,0.869662,Чистоозерный,Новосибирская область,1
1651,545,2,0.890870,Первомайский,Алтайский край,1
1651,460,3,0.895998,Ширинский,Республика Хакасия,1
1653,537,1,0.590986,Кытмановский,Алтайский край,1
1653,1339,2,0.645271,Звериноголовский,Курганская область,1
1653,1624,3,0.671470,Татарский,Новосибирская область,1
1654,1625,1,0.637555,Тогучинский,Новосибирская область,1
1654,1624,2,0.712083,Татарский,Новосибирская область,1
1654,2212,3,0.749360,Упоровский,Тюменская область,1
1655,242,1,0.853189,Усть-Куломский,Республика Коми,1
1655,904,2,0.868657,Красноборский,Архангельская область,1
1655,2039,3,0.876147,Байкаловский,Свердловская область,1
1656,1610,1,0.318715,Каргатский,Новосибирская область,1
1656,519,2,0.519434,Бурлинский,Алтайский край,1
1656,2154,3,0.534432,Кожевниковский,Томская область,1
1657,569,1,0.394214,Целинный,Алтайский край,1
1657,534,2,0.525158,Крутихинский,Алтайский край,1
1657,564,3,0.553187,Тюменцевский,Алтайский край,1
1658,2299,1,0.573403,Карталинский,Челябинская область,1
1658,2296,2,0.725346,Верхнеуральский,Челябинская область,1
1658,1679,3,0.733257,Акбулакский,Оренбургская область,1
1659,1623,1,0.429447,Сузунский,Новосибирская область,1
1659,1625,2,0.612402,Тогучинский,Новосибирская область,1
1659,2034,3,0.702347,Талицкий,Свердловская область,1
1660,1602,1,0.825367,Баганский,Новосибирская область,1
1660,721,2,0.857056,Тюхтетский,Красноярский край,1
1660,1616,3,0.897773,Купинский,Новосибирская область,1
1661,534,1,0.738424,Крутихинский,Алтайский край,1
1661,571,2,0.816620,Шипуновский,Алтайский край,1
1661,1625,3,0.905658,Тогучинский,Новосибирская область,1
1662,2201,1,0.524790,Голышмановский,Тюменская область,1
1662,1614,2,0.539709,Краснозерский,Новосибирская область,1
1662,2195,3,0.572967,Абатский,Тюменская область,1
1663,521,1,0.501055,Волчихинский,Алтайский край,1
1663,559,2,0.511268,Тальменский,Алтайский край,1
1663,524,3,0.519069,Завьяловский,Алтайский край,1
1664,1337,1,0.739540,Варгашинский,Курганская область,1
1664,668,2,0.789893,Боготол,Красноярский край,1
1664,747,3,0.807204,Красновишерский,Пермский край,1
1666,1893,1,0.499828,Камышлинский,Самарская область,1
1666,446,2,0.592744,Якшур-Бодьинский,Удмуртская Республика,1
1666,1927,3,0.604388,Ершовский,Саратовская область,1
1667,1765,1,0.361640,Великие Луки,Псковская область,1
1667,2252,2,0.473290,Димитровград,Ульяновская область,1
1667,1553,3,0.475366,Городецкий,Нижегородская область,1
1668,1919,1,0.473704,Балаковский,Саратовская область,1
1668,1881,2,0.545332,Сызрань,Самарская область,1
1668,1009,3,0.548844,Камышин,Волгоградская область,1
1669,2297,1,0.728251,Еманжелинский,Челябинская область,1
1669,1180,2,0.883603,Светловский,Калининградская область,1
1669,1994,3,0.889073,Красноуральск,Свердловская область,1
1670,2299,1,0.722473,Карталинский,Челябинская область,1
1670,70,2,0.730335,Нуримановский,Республика Башкортостан,1
1670,1950,3,0.765043,Федоровский,Саратовская область,1
1671,2302,1,0.654903,Кизильский,Челябинская область,1
1671,2304,2,0.660918,Красноармейский,Челябинская область,1
1671,2314,3,0.673608,Увельский,Челябинская область,1
1674,49,1,0.515899,Давлекановский,Республика Башкортостан,1
1674,440,2,0.524697,Сарапульский,Удмуртская Республика,1
1674,357,3,0.573939,Азнакаевский,Республика Татарстан,1
1675,1196,1,0.454484,Славский,Калининградская область,1
1675,744,2,0.462645,Карагайский,Пермский край,1
1675,2060,3,0.492826,Рославльский,Смоленская область,1
1676,1975,1,0.763310,Малышевский,Свердловская область,1
1676,1643,2,0.987466,Любинский,Омская область,1
1676,1992,3,1.050557,Верхний Тагил,Свердловская область,1
1678,1915,1,0.367265,Александрово-Гайский,Саратовская область,1
1678,926,2,0.530066,Лиманский,Астраханская область,1
1678,924,3,0.643554,Камызякский,Астраханская область,1
1679,1351,1,0.637356,Сафакулевский,Курганская область,1
1679,58,2,0.690653,Калтасинский,Республика Башкортостан,1
1679,1658,3,0.733257,Таврический,Омская область,1
1680,2258,1,0.553909,Карсунский,Ульяновская область,1
1680,2266,2,0.562448,Радищевский,Ульяновская область,1
1680,1915,3,0.566350,Александрово-Гайский,Саратовская область,1
1681,1717,1,0.513077,Колпнянский,Орловская область,1
1681,839,2,0.525349,Труновский,Ставропольский край,1
1681,1030,3,0.531033,Николаевский,Волгоградская область,1
1682,1295,1,0.797109,Сунский,Кировская область,1
1682,1270,2,0.832802,Вятскополянский,Кировская область,1
1682,2302,3,0.865962,Кизильский,Челябинская область,1
1683,1920,1,0.369923,Балашовский,Саратовская область,1
1683,1760,2,0.738908,Сосновоборский,Пензенская область,1
1683,2074,3,0.741421,Мичуринск,Тамбовская область,1
1685,2315,1,0.449575,Уйский,Челябинская область,1
1685,1730,2,0.508222,Троснянский,Орловская область,1
1685,1776,3,0.606369,Новосокольнический,Псковская область,1
1686,184,1,0.681450,Лаганский,Республика Калмыкия,1
1686,2314,2,0.841975,Увельский,Челябинская область,1
1686,276,3,0.888211,Куженерский,Республика Марий Эл,1
1687,1067,1,0.678231,Усть-Кубинский,Вологодская область,1
1687,277,2,0.820529,Мари-Турекский,Республика Марий Эл,1
1687,358,3,0.842170,Аксубаевский,Республика Татарстан,1
1688,1058,1,0.753863,Кирилловский,Вологодская область,1
1688,2199,2,0.878044,Вагайский,Тюменская область,1
1688,1650,3,0.907466,Одесский,Омская область,1
1689,1916,1,0.382620,Аркадакский,Саратовская область,1
1689,1784,2,0.428391,Пустошкинский,Псковская область,1
1689,1038,3,0.445974,Серафимовичский,Волгоградская область,1
1690,293,1,0.647759,Ельниковский,Республика Мордовия,1
1690,2271,2,0.670300,Тереньгульский,Ульяновская область,1
1690,2256,3,0.699341,Вешкаймский,Ульяновская область,1
1691,446,1,0.450932,Якшур-Бодьинский,Удмуртская Республика,1
1691,68,2,0.619160,Мишкинский,Республика Башкортостан,1
1691,1927,3,0.673195,Ершовский,Саратовская область,1
1692,1733,1,0.804789,Шаблыкинский,Орловская область,1
1692,3,2,0.854890,Гиагинский,Республика Адыгея,1
1692,2046,3,0.978986,Велижский,Смоленская область,1
1693,32,1,0.322491,Архангельский,Республика Башкортостан,1
1693,382,2,0.529865,Менделеевский,Республика Татарстан,1
1693,1909,3,0.576100,Шенталинский,Самарская область,1
1694,70,1,0.498529,Нуримановский,Республика Башкортостан,1
1694,2315,2,0.610409,Уйский,Челябинская область,1
1694,2272,3,0.623261,Ульяновский,Ульяновская область,1
1696,2299,1,0.582643,Карталинский,Челябинская область,1
1696,2317,2,0.600183,Чесменский,Челябинская область,1
1696,2305,3,0.610400,Кунашакский,Челябинская область,1
1697,2069,1,0.467663,Шумячский,Смоленская область,1
1697,70,2,0.477828,Нуримановский,Республика Башкортостан,1
1697,1292,3,0.506609,Свечинский,Кировская область,1
1698,1951,1,0.417400,Хвалынский,Саратовская область,1
1698,1915,2,0.468713,Александрово-Гайский,Саратовская область,1
1698,2056,3,0.476404,Краснинский,Смоленская область,1
1699,2272,1,0.834941,Ульяновский,Ульяновская область,1
1699,70,2,0.844999,Нуримановский,Республика Башкортостан,1
1699,2302,3,0.899249,Кизильский,Челябинская область,1
1700,32,1,0.597115,Архангельский,Республика Башкортостан,1
1700,1351,2,0.605297,Сафакулевский,Курганская область,1
1700,58,3,0.617872,Калтасинский,Республика Башкортостан,1
1701,2309,1,0.615914,Октябрьский,Челябинская область,1
1701,2035,2,0.674765,Тугулымский,Свердловская область,1
1701,2297,3,0.845525,Еманжелинский,Челябинская область,1
1702,1932,1,0.670183,Краснопартизанский,Саратовская область,1
1702,2267,2,0.682036,Сенгилеевский,Ульяновская область,1
1702,304,3,0.705409,Старошайговский,Республика Мордовия,1
1703,383,1,0.530878,Мензелинский,Республика Татарстан,1
1703,1351,2,0.597302,Сафакулевский,Курганская область,1
1703,2305,3,0.628561,Кунашакский,Челябинская область,1
1704,2002,1,0.931674,Нижнетуринский,Свердловская область,1
1704,1394,2,0.984759,Волховский,Ленинградская область,1
1704,1110,3,1.077426,Кохма,Ивановская область,1
1705,1938,1,0.592410,Перелюбский,Саратовская область,1
1705,2056,2,0.673146,Краснинский,Смоленская область,1
1705,924,3,0.682670,Камызякский,Астраханская область,1
1706,1756,1,0.675367,Никольский,Пензенская область,1
1706,1893,2,0.830501,Камышлинский,Самарская область,1
1706,1942,3,0.897238,Ровенский,Саратовская область,1
1708,1413,1,0.423913,Грязинский,Липецкая область,1
1708,2062,2,0.591549,Сафоновский,Смоленская область,1
1708,1528,3,0.609758,Кулебаки,Нижегородская область,1
1709,1112,1,0.413359,Шуя,Ивановская область,1
1709,1211,2,0.453971,Людиновский,Калужская область,1
1709,2062,3,0.513066,Сафоновский,Смоленская область,1
1710,1951,1,0.313483,Хвалынский,Саратовская область,1
1710,1737,2,0.435741,Башмаковский,Пензенская область,1
1710,2056,3,0.489708,Краснинский,Смоленская область,1
1711,1546,1,0.490279,Вачский,Нижегородская область,1
1711,1947,2,0.573878,Советский,Саратовская область,1
1711,1195,3,0.624019,Правдинский,Калининградская область,1
1712,275,1,0.443254,Килемарский,Республика Марий Эл,1
1712,1902,2,0.640209,Похвистневский,Самарская область,1
1712,1133,3,0.643971,Юрьевецкий,Ивановская область,1
1714,2093,1,0.336553,Ржаксинский,Тамбовская область,1
1714,2080,2,0.480412,Жердевский,Тамбовская область,1
1714,1038,3,0.531128,Серафимовичский,Волгоградская область,1
1715,2018,1,0.582683,Ачитский,Свердловская область,1
1715,1292,2,0.583017,Свечинский,Кировская область,1
1715,1860,3,0.620870,Путятинский,Рязанская область,1
1717,1034,1,0.337660,Ольховский,Волгоградская область,1
1717,1016,2,0.383840,Даниловский,Волгоградская область,1
1717,1030,3,0.432160,Николаевский,Волгоградская область,1
1718,2116,1,0.465510,Жарковский,Тверская область,1
1718,2139,2,0.556292,Спировский,Тверская область,1
1718,2125,3,0.557463,Краснохолмский,Тверская область,1
1719,1422,1,0.527410,Лебедянский,Липецкая область,1
1719,1429,2,0.556951,Чаплыгинский,Липецкая область,1
1719,2322,3,0.562988,Борисоглебский,Ярославская область,1
1722,1860,1,0.454253,Путятинский,Рязанская область,1
1722,1895,2,0.499191,Кинель-Черкасский,Самарская область,1
1722,1901,3,0.516210,Пестравский,Самарская область,1
1724,1547,1,0.694556,Ветлужский,Нижегородская область,1
1724,1327,2,0.713538,Пыщугский,Костромская область,1
1724,2254,3,0.811625,Базарносызганский,Ульяновская область,1
1725,1737,1,0.476660,Башмаковский,Пензенская область,1
1725,2082,2,0.645513,Инжавинский,Тамбовская область,1
1725,2129,3,0.653604,Максатихинский,Тверская область,1
1727,1896,1,0.499676,Клявлинский,Самарская область,1
1727,2254,2,0.526210,Базарносызганский,Ульяновская область,1
1727,2259,3,0.528008,Кузоватовский,Ульяновская область,1
1728,1871,1,0.889104,Чучковский,Рязанская область,1
1728,1947,2,0.916284,Советский,Саратовская область,1
1728,1898,3,0.929818,Красноармейский,Самарская область,1
1730,1529,1,0.483129,Навашинский,Нижегородская область,1
1730,1939,2,0.505968,Петровский,Саратовская область,1
1730,1685,3,0.508222,Грачёвский,Оренбургская область,1
1731,2269,1,0.653116,Старомайнский,Ульяновская область,1
1731,2046,2,0.653308,Велижский,Смоленская область,1
1731,2267,3,0.720688,Сенгилеевский,Ульяновская область,1
1732,1329,1,0.614099,Судиславский,Костромская область,1
1732,1309,2,0.630906,Антроповский,Костромская область,1
1732,2125,3,0.632229,Краснохолмский,Тверская область,1
1733,2269,1,0.598338,Старомайнский,Ульяновская область,1
1733,1902,2,0.615208,Похвистневский,Самарская область,1
1733,1123,3,0.733589,Палехский,Ивановская область,1
1737,1951,1,0.400574,Хвалынский,Саратовская область,1
1737,1710,2,0.435741,Болховский,Орловская область,1
1737,1725,3,0.476660,Новосильский,Орловская область,1
1738,1417,1,0.684026,Долгоруковский,Липецкая область,1
1738,1017,2,0.723123,Дубовский,Волгоградская область,1
1738,2137,3,0.813563,Селижаровский,Тверская область,1
1739,1569,1,0.360510,Спасский,Нижегородская область,1
1739,1943,2,0.641193,Романовский,Саратовская область,1
1739,1928,3,0.741667,Ивантеевский,Саратовская область,1
1740,4,1,0.669977,Кошехабльский,Республика Адыгея,1
1740,1010,2,0.671488,Михайловка,Волгоградская область,1
1740,2076,3,0.723898,Рассказово,Тамбовская область,1
1741,377,1,0.677127,Камско-Устьинский,Республика Татарстан,1
1741,760,2,0.725564,Суксунский,Пермский край,1
1741,1570,3,0.781928,Тонкинский,Нижегородская область,1
1742,835,1,0.974015,Левокумский,Ставропольский край,1
1742,2100,2,0.989749,Умётский,Тамбовская область,1
1742,836,3,1.091682,Новоселицкий,Ставропольский край,1
1743,1926,1,0.411959,Екатериновский,Саратовская область,1
1743,1548,2,0.429580,Вознесенский,Нижегородская область,1
1743,2095,3,0.483040,Сосновский,Тамбовская область,1
1744,2096,1,1.268838,Староюрьевский,Тамбовская область,1
1744,1559,2,1.423705,Краснооктябрьский,Нижегородская область,1
1744,1945,3,1.427643,Самойловский,Саратовская область,1
1745,1557,1,0.598947,Ковернинский,Нижегородская область,1
1745,308,2,0.627214,Чамзинский,Республика Мордовия,1
1745,293,3,0.706029,Ельниковский,Республика Мордовия,1
1746,287,1,0.603722,Ардатовский,Республика Мордовия,1
1746,289,2,0.683532,Атяшевский,Республика Мордовия,1
1746,1935,3,0.684502,Новобурасский,Саратовская область,1
1747,1569,1,0.347016,Спасский,Нижегородская область,1
1747,2087,2,0.515757,Мучкапский,Тамбовская область,1
1747,1773,3,0.556221,Локнянский,Псковская область,1
1749,2088,1,0.788935,Никифоровский,Тамбовская область,1
1749,2096,2,0.817820,Староюрьевский,Тамбовская область,1
1749,1559,3,0.994416,Краснооктябрьский,Нижегородская область,1
1750,1908,1,0.565034,Челно-Вершинский,Самарская область,1
1750,1940,2,0.622705,Питерский,Саратовская область,1
1750,1195,3,0.762749,Правдинский,Калининградская область,1
1751,287,1,0.397640,Ардатовский,Республика Мордовия,1
1751,293,2,0.612313,Ельниковский,Республика Мордовия,1
1751,2271,3,0.679825,Тереньгульский,Ульяновская область,1
1752,1950,1,0.486517,Федоровский,Саратовская область,1
1752,2274,2,0.515058,Чердаклинский,Ульяновская область,1
1752,2069,3,0.525865,Шумячский,Смоленская область,1
1753,1918,1,0.383979,Базарно-Карабулакский,Саратовская область,1
1753,296,2,0.455740,Ичалковский,Республика Мордовия,1
1753,2259,3,0.489902,Кузоватовский,Ульяновская область,1
1754,1927,1,0.976712,Ершовский,Саратовская область,1
1754,1942,2,0.976722,Ровенский,Саратовская область,1
1754,1935,3,0.989674,Новобурасский,Саратовская область,1
1755,2098,1,0.325696,Токарёвский,Тамбовская область,1
1755,1223,2,0.460871,Юхновский,Калужская область,1
1755,1928,3,0.484749,Ивантеевский,Саратовская область,1
1756,287,1,0.468234,Ардатовский,Республика Мордовия,1
1756,1935,2,0.611365,Новобурасский,Саратовская область,1
1756,1706,3,0.675367,Шарлыкский,Оренбургская область,1
1757,2265,1,0.485650,Павловский,Ульяновская область,1
1757,1417,2,1.206311,Долгоруковский,Липецкая область,1
1757,2090,3,1.224686,Петровский,Тамбовская область,1
1759,308,1,0.498175,Чамзинский,Республика Мордовия,1
1759,1557,2,0.706373,Ковернинский,Нижегородская область,1
1759,293,3,0.707572,Ельниковский,Республика Мордовия,1
1760,823,1,0.614798,Петровский,Ставропольский край,1
1760,821,2,0.622266,Нефтекумский,Ставропольский край,1
1760,1683,3,0.738908,Бугурусланский,Оренбургская область,1
1761,1949,1,0.450856,Турковский,Саратовская область,1
1761,1567,2,0.492466,Сеченовский,Нижегородская область,1
1761,2075,3,0.577515,Моршанск,Тамбовская область,1
1762,2085,1,0.410848,Мордовский,Тамбовская область,1
1762,2089,2,0.461778,Первомайский,Тамбовская область,1
1762,2090,3,0.547012,Петровский,Тамбовская область,1
1765,1667,1,0.361640,Бугуруслан,Оренбургская область,1
1765,1553,2,0.471140,Городецкий,Нижегородская область,1
1765,1539,3,0.504815,Балахнинский,Нижегородская область,1
1766,1193,1,0.546729,Озерский,Калининградская область,1
1766,915,2,0.628425,Шенкурский,Архангельская область,1
1766,901,3,0.660621,Каргопольский,Архангельская область,1
1768,1178,1,0.978030,Мамоновский,Калининградская область,1
1768,2027,2,1.131027,Бисертский,Свердловская область,1
1768,2131,3,1.171252,Нелидовский,Тверская область,1
1769,737,1,0.406943,Большесосновский,Пермский край,1
1769,752,2,0.420755,Октябрьский,Пермский край,1
1769,1193,3,0.476522,Озерский,Калининградская область,1
1770,1068,1,0.446475,Устюженский,Вологодская область,1
1770,1189,2,0.563570,Краснознаменский,Калининградская область,1
1770,1308,3,0.623438,Шарья,Костромская область,1
1771,1311,1,0.603647,Вохомский,Костромская область,1
1771,1322,2,0.661015,Октябрьский,Костромская область,1
1771,1330,3,0.663179,Сусанинский,Костромская область,1
1773,2256,1,0.513041,Вешкаймский,Ульяновская область,1
1773,1747,2,0.556221,Колышлейский,Пензенская область,1
1773,1928,3,0.590050,Ивантеевский,Саратовская область,1
1774,1888,1,0.534869,Большечерниговский,Самарская область,1
1774,1024,2,0.631800,Клетский,Волгоградская область,1
1774,831,3,0.642957,Грачёвский,Ставропольский край,1
1775,915,1,0.609984,Шенкурский,Архангельская область,1
1775,1591,2,0.657841,Солецкий,Новгородская область,1
1775,2618,3,0.659449,Мантуровский,Костромская область,1
1776,2315,1,0.496811,Уйский,Челябинская область,1
1776,1685,2,0.606369,Грачёвский,Оренбургская область,1
1776,184,3,0.621496,Лаганский,Республика Калмыкия,1
1777,2257,1,0.578101,Инзенский,Ульяновская область,1
1777,1909,2,0.624265,Шенталинский,Самарская область,1
1777,1547,3,0.637202,Ветлужский,Нижегородская область,1
1778,2310,1,0.489531,Пластовский,Челябинская область,1
1778,2060,2,0.576858,Рославльский,Смоленская область,1
1778,2062,3,0.599333,Сафоновский,Смоленская область,1
1780,1895,1,0.514098,Кинель-Черкасский,Самарская область,1
1780,1901,2,0.592740,Пестравский,Самарская область,1
1780,2298,3,0.624786,Еткульский,Челябинская область,1
1781,1340,1,0.542123,Каргапольский,Курганская область,1
1781,761,2,0.547183,Уинский,Пермский край,1
1781,1346,3,0.610129,Мишкинский,Курганская область,1
1782,2017,1,0.389961,Артинский,Свердловская область,1
1782,755,2,0.436723,Оханский,Пермский край,1
1782,1357,3,0.493157,Щучанский,Курганская область,1
1784,1896,1,0.418865,Клявлинский,Самарская область,1
1784,1689,2,0.428391,Красногвардейский,Оренбургская область,1
1784,1916,3,0.475330,Аркадакский,Саратовская область,1
1785,1591,1,0.579533,Солецкий,Новгородская область,1
1785,1581,2,0.579707,Крестецкий,Новгородская область,1
1785,2059,3,0.599533,Починковский,Смоленская область,1
1786,2131,1,0.744620,Нелидовский,Тверская область,1
1786,2316,2,0.827591,Чебаркульский,Челябинская область,1
1786,2327,3,0.858681,Мышкинский,Ярославская область,1
1787,2133,1,1.029538,Пеновский,Тверская область,1
1787,1590,2,1.105603,Поддорский,Новгородская область,1
1787,2068,3,1.179384,Холм-Жирковский,Смоленская область,1
1788,1583,1,0.428509,Маловишерский,Новгородская область,1
1788,2298,2,0.551109,Еткульский,Челябинская область,1
1788,915,3,0.691293,Шенкурский,Архангельская область,1
1846,2173,1,0.526073,Богородицкий,Тульская область,1
1846,1532,2,0.568147,Семеновский,Нижегородская область,1
1846,2168,3,0.569915,Ефремов,Тульская область,1
1848,1429,1,0.435681,Чаплыгинский,Липецкая область,1
1848,2322,2,0.546883,Борисоглебский,Ярославская область,1
1848,1004,3,0.587598,Судогодский,Владимирская область,1
1849,1917,1,0.428967,Аткарский,Саратовская область,1
1849,1569,2,0.533281,Спасский,Нижегородская область,1
1849,1747,3,0.592295,Колышлейский,Пензенская область,1
1850,1329,1,0.726490,Судиславский,Костромская область,1
1850,1126,2,0.750295,Пучежский,Ивановская область,1
1850,1732,3,0.927542,Хотынецкий,Орловская область,1
1851,1222,1,0.802557,Хвастовичский,Калужская область,1
1851,2116,2,0.804500,Жарковский,Тверская область,1
1851,1898,3,0.835433,Красноармейский,Самарская область,1
1852,2121,1,0.531214,Кашинский,Тверская область,1
1852,1737,2,0.534528,Башмаковский,Пензенская область,1
1852,1556,3,0.541307,Княгининский,Нижегородская область,1
1853,2121,1,0.436424,Кашинский,Тверская область,1
1853,1215,2,0.551219,Мосальский,Калужская область,1
1853,1737,3,0.572144,Башмаковский,Пензенская область,1
1854,2081,1,0.355901,Знаменский,Тамбовская область,1
1854,1894,2,0.433020,Кинельский,Самарская область,1
1854,2129,3,0.492880,Максатихинский,Тверская область,1
1855,1215,1,0.585094,Мосальский,Калужская область,1
1855,1214,2,0.620088,Мещовский,Калужская область,1
1855,1902,3,0.662173,Похвистневский,Самарская область,1
1856,1420,1,0.423850,Измалковский,Липецкая область,1
1856,1429,2,0.462569,Чаплыгинский,Липецкая область,1
1856,2322,3,0.465893,Борисоглебский,Ярославская область,1
1857,1220,1,0.485401,Ульяновский,Калужская область,1
1857,2139,2,0.533542,Спировский,Тверская область,1
1857,2118,3,0.552582,Зубцовский,Тверская область,1
1858,307,1,0.492711,Торбеевский,Республика Мордовия,1
1858,1543,2,0.551113,Бутурлинский,Нижегородская область,1
1858,2332,3,0.584988,Пошехонский,Ярославская область,1
1859,1711,1,0.704540,Верховский,Орловская область,1
1859,1223,2,0.757890,Юхновский,Калужская область,1
1859,1542,3,0.840455,Большемурашкинский,Нижегородская область,1
1860,1722,1,0.454253,Малоархангельский,Орловская область,1
1860,2094,2,0.513516,Сампурский,Тамбовская область,1
1860,999,3,0.602311,Меленковский,Владимирская область,1
1861,2109,1,0.836029,Удомельский,Тверская область,1
1861,1885,2,0.837320,Безенчукский,Самарская область,1
1861,2124,3,0.888316,Конаковский,Тверская область,1
1862,1554,1,0.366086,Дальнеконстантиновский,Нижегородская область,1
1862,1556,2,0.381330,Княгининский,Нижегородская область,1
1862,1205,3,0.386988,Жиздринский,Калужская область,1
1864,2185,1,0.482689,Тепло-Огаревский,Тульская область,1
1864,2175,2,0.531799,Воловский,Тульская область,1
1864,2178,3,0.662547,Каменский,Тульская область,1
1865,1215,1,0.532621,Мосальский,Калужская область,1
1865,1204,2,0.655733,Думиничский,Калужская область,1
1865,1423,3,0.662941,Лев-Толстовский,Липецкая область,1
1868,1215,1,0.394591,Мосальский,Калужская область,1
1868,2121,2,0.593547,Кашинский,Тверская область,1
1868,2330,3,0.610455,Первомайский,Ярославская область,1
1869,1118,1,0.933095,Ильинский,Ивановская область,1
1869,1325,2,1.060406,Парфеньевский,Костромская область,1
1869,2112,3,1.091458,Бельский,Тверская область,1
1870,2079,1,0.463498,Гавриловский,Тамбовская область,1
1870,2089,2,0.671580,Первомайский,Тамбовская область,1
1870,1943,3,0.751114,Романовский,Саратовская область,1
1871,1060,1,0.637063,Междуреченский,Вологодская область,1
1871,1728,2,0.889104,Свердловский,Орловская область,1
1871,1898,3,0.928933,Красноармейский,Самарская область,1
1872,1428,1,0.635646,Хлевенский,Липецкая область,1
1872,2089,2,0.723924,Первомайский,Тамбовская область,1
1872,2100,3,0.740263,Умётский,Тамбовская область,1
1873,2121,1,0.346609,Кашинский,Тверская область,1
1873,2330,2,0.463533,Первомайский,Ярославская область,1
1873,1546,3,0.527923,Вачский,Нижегородская область,1
1875,2047,1,0.546047,Вяземский,Смоленская область,1
1875,1980,2,0.577455,Среднеуральск,Свердловская область,1
1875,1577,3,0.599870,Боровичский,Новгородская область,1
1876,2047,1,0.526594,Вяземский,Смоленская область,1
1876,2884,2,0.549364,Ржевский,Тверская область,1
1876,2167,3,0.585778,Донской,Тульская область,1
1878,2253,1,0.495488,Новоульяновск,Ульяновская область,1
1878,1305,2,0.508765,Волгореченск,Костромская область,1
1878,1130,3,0.513598,Фурмановский,Ивановская область,1
1879,1577,1,0.357353,Боровичский,Новгородская область,1
1879,1980,2,0.652722,Среднеуральск,Свердловская область,1
1879,1009,3,0.653926,Камышин,Волгоградская область,1
1880,1941,1,0.542924,Пугачевский,Саратовская область,1
1880,1562,2,0.612921,Лысковский,Нижегородская область,1
1880,1846,3,0.650401,Касимов,Рязанская область,1
1881,1668,1,0.545332,Бузулук,Оренбургская область,1
1881,1995,2,0.648232,Красноуфимск,Свердловская область,1
1881,1919,3,0.653422,Балаковский,Саратовская область,1
1883,2710,1,0.431353,Вышневолоцкий,Тверская область,1
1883,2108,2,0.523108,Торжок,Тверская область,1
1883,2884,3,0.576399,Ржевский,Тверская область,1
1884,2181,1,0.556380,Куркинский,Тульская область,1
1884,2046,2,0.625610,Велижский,Смоленская область,1
1884,2330,3,0.641223,Первомайский,Ярославская область,1
1885,2062,1,0.606764,Сафоновский,Смоленская область,1
1885,270,2,0.626283,Волжск,Республика Марий Эл,1
1885,1708,3,0.641614,Ливны,Орловская область,1
1886,2081,1,0.361344,Знаменский,Тамбовская область,1
1886,2046,2,0.557015,Велижский,Смоленская область,1
1886,2114,3,0.623821,Весьегонский,Тверская область,1
1887,1041,1,0.447406,Суровикинский,Волгоградская область,1
1887,1926,2,0.456379,Екатериновский,Саратовская область,1
1887,1038,3,0.493009,Серафимовичский,Волгоградская область,1
1888,1937,1,0.516677,Озинский,Саратовская область,1
1888,1774,2,0.534869,Невельский,Псковская область,1
1888,831,3,0.546394,Грачёвский,Ставропольский край,1
1889,2081,1,0.494245,Знаменский,Тамбовская область,1
1889,2321,2,0.605664,Большесельский,Ярославская область,1
1889,2140,3,0.679815,Старицкий,Тверская область,1
1891,930,1,0.560611,Черноярский,Астраханская область,1
1891,1854,2,0.591977,Кораблинский,Рязанская область,1
1891,1725,3,0.663005,Новосильский,Орловская область,1
1892,2050,1,0.528317,Демидовский,Смоленская область,1
1892,377,2,0.579031,Камско-Устьинский,Республика Татарстан,1
1892,1921,3,0.624409,Балтайский,Саратовская область,1
1893,486,1,0.464573,Вурнарский,Чувашская Республика,1
1893,1666,2,0.499828,Абдулинский,Оренбургская область,1
1893,2274,3,0.609520,Чердаклинский,Ульяновская область,1
1894,1854,1,0.433020,Кораблинский,Рязанская область,1
1894,2081,2,0.482325,Знаменский,Тамбовская область,1
1894,2129,3,0.540908,Максатихинский,Тверская область,1
1895,2264,1,0.409946,Новоспасский,Ульяновская область,1
1895,1722,2,0.499191,Малоархангельский,Орловская область,1
1895,1780,3,0.514098,Печорский,Псковская область,1
1896,2254,1,0.310014,Базарносызганский,Ульяновская область,1
1896,1921,2,0.385765,Балтайский,Саратовская область,1
1896,2054,3,0.397579,Ершичский,Смоленская область,1
1897,1564,1,0.342331,Пильнинский,Нижегородская область,1
1897,1944,2,0.364470,Ртищевский,Саратовская область,1
1897,307,3,0.469463,Торбеевский,Республика Мордовия,1
1898,2046,1,0.732234,Велижский,Смоленская область,1
1898,2321,2,0.811154,Большесельский,Ярославская область,1
1898,2081,3,0.814445,Знаменский,Тамбовская область,1
1899,1015,1,0.489125,Городищенский,Волгоградская область,1
1899,1555,2,0.513588,Дивеевский,Нижегородская область,1
1899,1912,3,0.615541,Шиханы,Саратовская область,1
1900,1583,1,0.563079,Маловишерский,Новгородская область,1
1900,2298,2,0.627404,Еткульский,Челябинская область,1
1900,1578,3,0.649003,Валдайский,Новгородская область,1
1901,2264,1,0.477006,Новоспасский,Ульяновская область,1
1901,1722,2,0.516210,Малоархангельский,Орловская область,1
1901,1534,3,0.581259,Первомайск,Нижегородская область,1
1902,1923,1,0.527529,Воскресенский,Саратовская область,1
1902,1126,2,0.572186,Пучежский,Ивановская область,1
1902,2267,3,0.592308,Сенгилеевский,Ульяновская область,1
1903,2053,1,0.490688,Ельнинский,Смоленская область,1
1903,2110,2,0.531268,Андреапольский,Тверская область,1
1903,1204,3,0.533689,Думиничский,Калужская область,1
1904,1557,1,0.362567,Ковернинский,Нижегородская область,1
1904,1944,2,0.406336,Ртищевский,Саратовская область,1
1904,1414,3,0.441225,Данковский,Липецкая область,1
1906,1315,1,0.693554,Костромской,Костромская область,1
1906,1411,2,0.864641,Елец,Липецкая область,1
1906,1740,3,0.905460,Бессоновский,Пензенская область,1
1907,2068,1,0.454578,Холм-Жирковский,Смоленская область,1
1907,2129,2,0.463268,Максатихинский,Тверская область,1
1907,2139,3,0.537660,Спировский,Тверская область,1
1908,1940,1,0.430971,Питерский,Саратовская область,1
1908,1737,2,0.484621,Башмаковский,Пензенская область,1
1908,2330,3,0.536570,Первомайский,Ярославская область,1
1909,2257,1,0.480687,Инзенский,Ульяновская область,1
1909,289,2,0.526810,Атяшевский,Республика Мордовия,1
1909,425,3,0.538657,Вавожский,Удмуртская Республика,1
1910,2178,1,0.538230,Каменский,Тульская область,1
1910,2090,2,0.598501,Петровский,Тамбовская область,1
1910,827,3,0.614672,Андроповский,Ставропольский край,1
1912,2105,1,0.602148,Осташковский,Тверская область,1
1912,1899,2,0.615541,Красноярский,Самарская область,1
1912,1589,3,0.659988,Пестовский,Новгородская область,1
1915,1678,1,0.367265,Адамовский,Оренбургская область,1
1915,1698,2,0.468713,Пономарёвский,Оренбургская область,1
1915,1035,3,0.515762,Палласовский,Волгоградская область,1
1916,295,1,0.352684,Инсарский,Республика Мордовия,1
1916,2072,2,0.380767,Кирсанов,Тамбовская область,1
1916,1689,3,0.382620,Красногвардейский,Оренбургская область,1
1917,1849,1,0.428967,Ермишинский,Рязанская область,1
1917,293,2,0.560173,Ельниковский,Республика Мордовия,1
1917,1026,3,0.571024,Котовский,Волгоградская область,1
1918,495,1,0.326039,Порецкий,Чувашская Республика,1
1918,302,2,0.355781,Ромодановский,Республика Мордовия,1
1918,1753,3,0.383979,Наровчатский,Пензенская область,1
1919,2252,1,0.440723,Димитровград,Ульяновская область,1
1919,44,2,0.446495,Благовещенский,Республика Башкортостан,1
1919,1668,3,0.473704,Бузулук,Оренбургская область,1
1920,1683,1,0.369923,Бугурусланский,Оренбургская область,1
1920,2074,2,0.552189,Мичуринск,Тамбовская область,1
1920,1010,3,0.599498,Михайловка,Волгоградская область,1
1921,2255,1,0.369026,Барышский,Ульяновская область,1
1921,1896,2,0.385765,Клявлинский,Самарская область,1
1921,2266,3,0.468100,Радищевский,Ульяновская область,1
1922,3007,1,0.391588,Прокопьевский,Кемеровская область,1
1922,2060,2,0.393422,Рославльский,Смоленская область,1
1922,1109,3,0.461895,Кинешма,Ивановская область,1
1923,2267,1,0.328561,Сенгилеевский,Ульяновская область,1
1923,1902,2,0.527529,Похвистневский,Самарская область,1
1923,2269,3,0.633179,Старомайнский,Ульяновская область,1
1924,2262,1,0.537038,Николаевский,Ульяновская область,1
1924,1044,2,0.736099,Чернышковский,Волгоградская область,1
1924,1743,3,0.860975,Земетчинский,Пензенская область,1
1925,2257,1,0.604747,Инзенский,Ульяновская область,1
1925,495,2,0.651112,Порецкий,Чувашская Республика,1
1925,2259,3,0.682897,Кузоватовский,Ульяновская область,1
1926,2266,1,0.355609,Радищевский,Ульяновская область,1
1926,1743,2,0.411959,Земетчинский,Пензенская область,1
1926,1887,3,0.456379,Большеглушицкий,Самарская область,1
1927,1666,1,0.604388,Абдулинский,Оренбургская область,1
1927,1548,2,0.616721,Вознесенский,Нижегородская область,1
1927,1743,3,0.628910,Земетчинский,Пензенская область,1
1928,2098,1,0.456423,Токарёвский,Тамбовская область,1
1928,1755,2,0.484749,Нижнеломовский,Пензенская область,1
1928,1747,3,0.580611,Колышлейский,Пензенская область,1
1929,295,1,0.448357,Инсарский,Республика Мордовия,1
1929,1897,2,0.479058,Кошкинский,Самарская область,1
1929,305,3,0.497787,Темниковский,Республика Мордовия,1
1930,2072,1,0.427288,Кирсанов,Тамбовская область,1
1930,1035,2,0.467791,Палласовский,Волгоградская область,1
1930,1897,3,0.489912,Кошкинский,Самарская область,1
1931,392,1,0.374393,Спасский,Республика Татарстан,1
1931,1028,2,0.633605,Ленинский,Волгоградская область,1
1931,1195,3,0.646621,Правдинский,Калининградская область,1
1932,1420,1,0.501107,Измалковский,Липецкая область,1
1932,1416,2,0.515092,Добровский,Липецкая область,1
1932,1896,3,0.557183,Клявлинский,Самарская область,1
1933,1222,1,0.463920,Хвастовичский,Калужская область,1
1933,1210,2,0.735581,Куйбышевский,Калужская область,1
1933,1910,3,0.761225,Шигонский,Самарская область,1
1934,833,1,0.491358,Красногвардейский,Ставропольский край,1
1934,1528,2,0.635629,Кулебаки,Нижегородская область,1
1934,1708,3,0.657063,Ливны,Орловская область,1
1935,2087,1,0.437762,Мучкапский,Тамбовская область,1
1935,2095,2,0.479173,Сосновский,Тамбовская область,1
1935,1743,3,0.584438,Земетчинский,Пензенская область,1
1936,1037,1,0.901833,Светлоярский,Волгоградская область,1
1936,1194,2,1.013625,Полесский,Калининградская область,1
1936,1760,3,1.076560,Сосновоборский,Пензенская область,1
1937,1888,1,0.516677,Большечерниговский,Самарская область,1
1937,1040,2,0.612709,Старополтавский,Волгоградская область,1
1937,831,3,0.614799,Грачёвский,Ставропольский край,1
1938,2056,1,0.369264,Краснинский,Смоленская область,1
1938,1028,2,0.395028,Ленинский,Волгоградская область,1
1938,1710,3,0.548806,Болховский,Орловская область,1
1939,1730,1,0.505968,Троснянский,Орловская область,1
1939,2272,2,0.512299,Ульяновский,Ульяновская область,1
1939,1557,3,0.526543,Ковернинский,Нижегородская область,1
1940,1908,1,0.430971,Челно-Вершинский,Самарская область,1
1940,2056,2,0.458206,Краснинский,Смоленская область,1
1940,1195,3,0.514384,Правдинский,Калининградская область,1
1941,446,1,0.492471,Якшур-Бодьинский,Удмуртская Республика,1
1941,1012,2,0.532388,Фролово,Волгоградская область,1
1941,1880,3,0.542924,Похвистнево,Самарская область,1
1942,2258,1,0.433640,Карсунский,Ульяновская область,1
1942,1698,2,0.630102,Пономарёвский,Оренбургская область,1
1942,1680,3,0.711112,Александровский,Оренбургская область,1
1943,1027,1,0.392378,Кумылженский,Волгоградская область,1
1943,2270,2,0.638479,Сурский,Ульяновская область,1
1943,1747,3,0.639173,Колышлейский,Пензенская область,1
1944,1557,1,0.296907,Ковернинский,Нижегородская область,1
1944,1897,2,0.364470,Кошкинский,Самарская область,1
1944,1904,3,0.406336,Сергиевский,Самарская область,1
1945,1027,1,0.421928,Кумылженский,Волгоградская область,1
1945,1428,2,0.649041,Хлевенский,Липецкая область,1
1945,1739,3,0.749848,Белинский,Пензенская область,1
1947,2309,1,0.470173,Октябрьский,Челябинская область,1
1947,1550,2,0.523717,Воротынский,Нижегородская область,1
1947,1711,3,0.573878,Верховский,Орловская область,1
1948,274,1,0.435233,Звениговский,Республика Марий Эл,1
1948,1570,2,0.466745,Тонкинский,Нижегородская область,1
1948,2305,3,0.474644,Кунашакский,Челябинская область,1
1949,2075,1,0.393232,Моршанск,Тамбовская область,1
1949,1761,2,0.450856,Спасский,Пензенская область,1
1949,1567,3,0.489825,Сеченовский,Нижегородская область,1
1950,70,1,0.311817,Нуримановский,Республика Башкортостан,1
1950,1752,2,0.486517,Мокшанский,Пензенская область,1
1950,1035,3,0.490351,Палласовский,Волгоградская область,1
1951,1710,1,0.313483,Болховский,Орловская область,1
1951,1737,2,0.400574,Башмаковский,Пензенская область,1
1951,2056,3,0.417336,Краснинский,Смоленская область,1
1972,2303,1,0.694529,Коркинский,Челябинская область,1
1972,2311,2,0.738729,Саткинский,Челябинская область,1
1972,2276,3,0.770875,Верхнеуфалейский,Челябинская область,1
1973,2276,1,0.489614,Верхнеуфалейский,Челябинская область,1
1973,2303,2,0.552602,Коркинский,Челябинская область,1
1973,2310,3,0.646113,Пластовский,Челябинская область,1
1975,1676,1,0.763310,Ясненский,Оренбургская область,1
1975,2055,2,0.874496,Кардымовский,Смоленская область,1
1975,2316,3,1.009344,Чебаркульский,Челябинская область,1
1976,2297,1,0.646854,Еманжелинский,Челябинская область,1
1976,734,2,0.650831,Александровский,Пермский край,1
1976,217,3,0.705011,Питкярантский,Республика Карелия,1
1978,2311,1,0.287071,Саткинский,Челябинская область,1
1978,2303,2,0.585524,Коркинский,Челябинская область,1
1978,1577,3,0.633545,Боровичский,Новгородская область,1
1980,1179,1,0.368326,Пионерский,Калининградская область,1
1980,1407,2,0.548193,Тихвинский,Ленинградская область,1
1980,1875,3,0.577455,Жигулевск,Самарская область,1
1982,1592,1,0.833390,Старорусский,Новгородская область,1
1982,2335,2,1.025791,Тутаевский,Ярославская область,1
1982,1399,3,1.050048,Киришский,Ленинградская область,1
1983,897,1,0.653548,Вельский,Архангельская область,1
1983,905,2,0.785387,Ленский,Архангельская область,1
1983,913,3,0.786027,Устьянский,Архангельская область,1
1984,691,1,0.833231,Большеулуйский,Красноярский край,1
1984,219,2,1.094115,Пряжинский,Республика Карелия,1
1984,2205,3,1.406451,Нижнетавдинский,Тюменская область,1
1985,2311,1,0.565137,Саткинский,Челябинская область,1
1985,3007,2,0.569329,Прокопьевский,Кемеровская область,1
1985,2060,3,0.603195,Рославльский,Смоленская область,1
1987,1063,1,0.464602,Сокольский,Вологодская область,1
1987,2060,2,0.547791,Рославльский,Смоленская область,1
1987,2311,3,0.551534,Саткинский,Челябинская область,1
1988,220,1,0.516722,Пудожский,Республика Карелия,1
1988,231,2,0.529910,Княжпогостский,Республика Коми,1
1988,216,3,0.548782,Олонецкий,Республика Карелия,1
1989,223,1,0.318214,Суоярвский,Республика Карелия,1
1989,210,2,0.731708,Кемский,Республика Карелия,1
1989,221,3,0.781822,Сегежский,Республика Карелия,1
1990,2303,1,0.668424,Коркинский,Челябинская область,1
1990,2311,2,0.713665,Саткинский,Челябинская область,1
1990,1179,3,0.802977,Пионерский,Калининградская область,1
1991,2278,1,0.510844,Карабашский,Челябинская область,1
1991,2070,2,0.797992,Ярцевский,Смоленская область,1
1991,2886,3,0.858464,Губахинский,Пермский край,1
1992,2297,1,0.484395,Еманжелинский,Челябинская область,1
1992,2278,2,0.604316,Карабашский,Челябинская область,1
1992,734,3,0.686528,Александровский,Пермский край,1
1994,1305,1,0.753291,Волгореченск,Костромская область,1
1994,2297,2,0.865940,Еманжелинский,Челябинская область,1
1994,1669,3,0.889073,Гайский,Оренбургская область,1
1995,3007,1,0.538461,Прокопьевский,Кемеровская область,1
1995,2311,2,0.544883,Саткинский,Челябинская область,1
1995,766,3,0.582790,Чернушинский,Пермский край,1
1996,2278,1,0.483591,Карабашский,Челябинская область,1
1996,1185,2,0.519903,Гвардейский,Калининградская область,1
1996,2070,3,0.619078,Ярцевский,Смоленская область,1
1997,217,1,0.678187,Питкярантский,Республика Карелия,1
1997,734,2,0.764691,Александровский,Пермский край,1
1997,241,3,0.806312,Усть-Вымский,Республика Коми,1
2001,211,1,0.286231,Кондопожский,Республика Карелия,1
2001,2070,2,0.656994,Ярцевский,Смоленская область,1
2001,739,3,0.679361,Горнозаводский,Пермский край,1
2002,1070,1,0.659624,Чагодощенский,Вологодская область,1
2002,1404,2,0.679086,Подпорожский,Ленинградская область,1
2002,1778,3,0.713309,Островский,Псковская область,1
2007,2055,1,0.522537,Кардымовский,Смоленская область,1
2007,1321,2,0.551326,Нерехта и Нерехтский,Костромская область,1
2007,1130,3,0.666168,Фурмановский,Ивановская область,1
2008,2303,1,0.420739,Коркинский,Челябинская область,1
2008,2311,2,0.615614,Саткинский,Челябинская область,1
2008,1179,3,0.804565,Пионерский,Калининградская область,1
2009,211,1,0.534823,Кондопожский,Республика Карелия,1
2009,2278,2,0.820764,Карабашский,Челябинская область,1
2009,208,3,0.835541,Беломорский,Республика Карелия,1
2011,2886,1,0.649117,Губахинский,Пермский край,1
2011,1063,2,0.719964,Сокольский,Вологодская область,1
2011,2278,3,0.729583,Карабашский,Челябинская область,1
2012,1063,1,0.646483,Сокольский,Вологодская область,1
2012,2276,2,0.665380,Верхнеуфалейский,Челябинская область,1
2012,2311,3,0.680997,Саткинский,Челябинская область,1
2015,1782,1,0.508465,Порховский,Псковская область,1
2015,1056,2,0.544148,Грязовецкий,Вологодская область,1
2015,1285,3,0.559315,Омутнинский,Кировская область,1
2017,1782,1,0.389961,Порховский,Псковская область,1
2017,747,2,0.462637,Красновишерский,Пермский край,1
2017,1056,3,0.487065,Грязовецкий,Вологодская область,1
2018,1287,1,0.555127,Оричевский,Кировская область,1
2018,1281,2,0.563672,Мурашинский,Кировская область,1
2018,1715,3,0.582683,Залегощенский,Орловская область,1
2019,897,1,0.598354,Вельский,Архангельская область,1
2019,905,2,0.658730,Ленский,Архангельская область,1
2019,1109,3,0.764750,Кинешма,Ивановская область,1
2021,913,1,0.575738,Устьянский,Архангельская область,1
2021,905,2,0.637260,Ленский,Архангельская область,1
2021,1189,3,0.638692,Краснознаменский,Калининградская область,1
2022,1286,1,0.790793,Опаринский,Кировская область,1
2022,900,2,1.070869,Виноградовский,Архангельская область,1
2022,2160,3,1.071533,Тегульдетский,Томская область,1
2023,1047,1,0.513017,Бабаевский,Вологодская область,1
2023,1048,2,0.665110,Бабушкинский,Вологодская область,1
2023,1062,3,0.667489,Нюксенский,Вологодская область,1
2025,1275,1,0.663300,Кирово-Чепецкий,Кировская область,1
2025,1192,2,0.870533,Нестеровский,Калининградская область,1
2025,1062,3,0.920281,Нюксенский,Вологодская область,1
2027,1068,1,0.496072,Устюженский,Вологодская область,1
2027,2205,2,0.643087,Нижнетавдинский,Тюменская область,1
2027,2066,3,0.681003,Угранский,Смоленская область,1
2028,1785,1,0.688641,Пушкиногорский,Псковская область,1
2028,1587,2,0.760064,Окуловский,Новгородская область,1
2028,920,3,0.770133,Ахтубинский,Астраханская область,1
2030,2202,1,0.536232,Исетский,Тюменская область,1
2030,1196,2,0.577012,Славский,Калининградская область,1
2030,1769,3,0.591098,Дедовичский,Псковская область,1
2031,223,1,0.750949,Суоярвский,Республика Карелия,1
2031,2157,2,0.759935,Молчановский,Томская область,1
2031,219,3,0.902352,Пряжинский,Республика Карелия,1
2034,1196,1,0.429628,Славский,Калининградская область,1
2034,1675,2,0.613738,Сорочинский,Оренбургская область,1
2034,744,3,0.627768,Карагайский,Пермский край,1
2035,1701,1,0.674765,Светлинский,Оренбургская область,1
2035,898,2,0.709671,Верхнетоемский,Архангельская область,1
2035,1776,3,0.731926,Новосокольнический,Псковская область,1
2036,1357,1,0.463106,Щучанский,Курганская область,1
2036,1769,2,0.505976,Дедовичский,Псковская область,1
2036,901,3,0.527788,Каргопольский,Архангельская область,1
2037,764,1,0.475183,Частинский,Пермский край,1
2037,2205,2,0.808865,Нижнетавдинский,Тюменская область,1
2037,1288,3,0.813503,Орловский,Кировская область,1
2039,1067,1,0.589280,Усть-Кубинский,Вологодская область,1
2039,1052,2,0.596563,Верховажский,Вологодская область,1
2039,2213,3,0.677851,Юргинский,Тюменская область,1
2041,2317,1,0.555126,Чесменский,Челябинская область,1
2041,1189,2,0.575189,Краснознаменский,Калининградская область,1
2041,1581,3,0.622409,Крестецкий,Новгородская область,1
2042,1357,1,0.361839,Щучанский,Курганская область,1
2042,755,2,0.418280,Оханский,Пермский край,1
2042,2618,3,0.469373,Мантуровский,Костромская область,1
2043,1237,1,0.564747,Тайгинский,Кемеровская область,1
2043,1244,2,0.610349,Крапивинский,Кемеровская область,1
2043,559,3,0.684421,Тальменский,Алтайский край,1
2045,1211,1,0.657372,Людиновский,Калужская область,1
2045,2293,2,0.784913,Ашинский,Челябинская область,1
2045,1709,3,0.796189,Мценск,Орловская область,1
2046,1886,1,0.557015,Богатовский,Самарская область,1
2046,2081,2,0.600550,Знаменский,Тамбовская область,1
2046,1034,3,0.606321,Ольховский,Волгоградская область,1
2047,1221,1,0.481301,Ферзиковский,Калужская область,1
2047,2710,2,0.499381,Вышневолоцкий,Тверская область,1
2047,1005,3,0.510626,Суздальский,Владимирская область,1
2048,1005,1,0.511626,Суздальский,Владимирская область,1
2048,2883,2,0.590614,Кимрский,Тверская область,1
2048,2108,3,0.604234,Торжок,Тверская область,1
2049,2125,1,0.577629,Краснохолмский,Тверская область,1
2049,275,2,0.602744,Килемарский,Республика Марий Эл,1
2049,1214,3,0.673066,Мещовский,Калужская область,1
2050,1892,1,0.528317,Исаклинский,Самарская область,1
2050,275,2,0.646145,Килемарский,Республика Марий Эл,1
2050,1214,3,0.683188,Мещовский,Калужская область,1
2051,1583,1,0.724388,Маловишерский,Новгородская область,1
2051,1976,2,0.745432,Рефтинский,Свердловская область,1
2051,2109,3,0.758739,Удомельский,Тверская область,1
2052,2327,1,0.562429,Мышкинский,Ярославская область,1
2052,1316,2,0.581136,Красносельский,Костромская область,1
2052,1903,3,0.584955,Приволжский,Самарская область,1
2053,1316,1,0.434915,Красносельский,Костромская область,1
2053,2111,2,0.450599,Бежецкий,Тверская область,1
2053,1903,3,0.490688,Приволжский,Самарская область,1
2054,1896,1,0.397579,Клявлинский,Самарская область,1
2054,2094,2,0.536087,Сампурский,Тамбовская область,1
2054,2254,3,0.574287,Базарносызганский,Ульяновская область,1
2055,1321,1,0.431092,Нерехта и Нерехтский,Костромская область,1
2055,1304,2,0.445200,Буй,Костромская область,1
2055,2007,3,0.522537,Дегтярск,Свердловская область,1
2056,1028,1,0.134207,Ленинский,Волгоградская область,1
2056,1938,2,0.369264,Перелюбский,Саратовская область,1
2056,1951,3,0.417336,Хвалынский,Саратовская область,1
2057,1314,1,1.068279,Кологривский,Костромская область,1
2057,2260,2,1.087675,Майнский,Ульяновская область,1
2057,1350,3,1.102189,Притобольный,Курганская область,1
2058,1214,1,0.591734,Мещовский,Калужская область,1
2058,1331,2,0.622975,Чухломский,Костромская область,1
2058,2117,3,0.691574,Западнодвинский,Тверская область,1
2059,1591,1,0.460957,Солецкий,Новгородская область,1
2059,1556,2,0.475149,Княгининский,Нижегородская область,1
2059,2121,3,0.508578,Кашинский,Тверская область,1
2060,3007,1,0.372806,Прокопьевский,Кемеровская область,1
2060,1922,2,0.393422,Вольский,Саратовская область,1
2060,1675,3,0.492826,Сорочинский,Оренбургская область,1
2061,1024,1,0.473720,Клетский,Волгоградская область,1
2061,1930,2,0.585227,Красноармейский,Саратовская область,1
2061,1415,3,0.614697,Добринский,Липецкая область,1
2062,1211,1,0.456142,Людиновский,Калужская область,1
2062,1112,2,0.503737,Шуя,Ивановская область,1
2062,1709,3,0.513066,Мценск,Орловская область,1
2064,1203,1,0.636619,Дзержинский,Калужская область,1
2064,1068,2,0.657064,Устюженский,Вологодская область,1
2064,360,3,0.697679,Алексеевский,Республика Татарстан,1
2065,2112,1,0.692251,Бельский,Тверская область,1
2065,2182,2,0.695316,Одоевский,Тульская область,1
2065,1596,3,0.780098,Шимский,Новгородская область,1
2066,360,1,0.511230,Алексеевский,Республика Татарстан,1
2066,1316,2,0.674507,Красносельский,Костромская область,1
2066,2027,3,0.681003,Бисертский,Свердловская область,1
2067,2256,1,0.643213,Вешкаймский,Ульяновская область,1
2067,2260,2,0.650329,Майнский,Ульяновская область,1
2067,495,3,0.658634,Порецкий,Чувашская Республика,1
2068,1907,1,0.454578,Хворостянский,Самарская область,1
2068,2110,2,0.542903,Андреапольский,Тверская область,1
2068,1903,3,0.547219,Приволжский,Самарская область,1
2069,70,1,0.387099,Нуримановский,Республика Башкортостан,1
2069,1697,2,0.467663,Переволоцкий,Оренбургская область,1
2069,1950,3,0.513112,Федоровский,Саратовская область,1
2070,1709,1,0.555564,Мценск,Орловская область,1
2070,2278,2,0.597015,Карабашский,Челябинская область,1
2070,1996,3,0.619078,Кушвинский,Свердловская область,1
2072,1916,1,0.380767,Аркадакский,Саратовская область,1
2072,1930,2,0.427288,Красноармейский,Саратовская область,1
2072,1926,3,0.485661,Екатериновский,Саратовская область,1
2073,1534,1,0.514458,Первомайск,Нижегородская область,1
2073,1546,2,0.583935,Вачский,Нижегородская область,1
2073,2324,3,0.614572,Гаврилов-Ямский,Ярославская область,1
2074,2168,1,0.511457,Ефремов,Тульская область,1
2074,1920,2,0.552189,Балашовский,Саратовская область,1
2074,1553,3,0.565080,Городецкий,Нижегородская область,1
2075,1949,1,0.393232,Турковский,Саратовская область,1
2075,1761,2,0.577515,Спасский,Пензенская область,1
2075,1567,3,0.657061,Сеченовский,Нижегородская область,1
2076,1532,1,0.712993,Семеновский,Нижегородская область,1
2076,1740,2,0.723898,Бессоновский,Пензенская область,1
2076,1548,3,0.737760,Вознесенский,Нижегородская область,1
2077,1557,1,0.437857,Ковернинский,Нижегородская область,1
2077,1944,2,0.480894,Ртищевский,Саратовская область,1
2077,1904,3,0.490410,Сергиевский,Самарская область,1
2078,1273,1,0.912974,Кикнурский,Кировская область,1
2078,292,2,0.935490,Дубенский,Республика Мордовия,1
2078,290,3,0.973730,Большеберезниковский,Республика Мордовия,1
2079,1870,1,0.463498,Ухоловский,Рязанская область,1
2079,1033,2,0.821961,Октябрьский,Волгоградская область,1
2079,1027,3,0.884605,Кумылженский,Волгоградская область,1
2080,1038,1,0.355441,Серафимовичский,Волгоградская область,1
2080,1415,2,0.413004,Добринский,Липецкая область,1
2080,1916,3,0.465813,Аркадакский,Саратовская область,1
2081,1854,1,0.355901,Кораблинский,Рязанская область,1
2081,1886,2,0.361344,Богатовский,Самарская область,1
2081,1894,3,0.482325,Кинельский,Самарская область,1
2082,1717,1,0.485233,Колпнянский,Орловская область,1
2082,1016,2,0.567821,Даниловский,Волгоградская область,1
2082,1762,3,0.588257,Тамалинский,Пензенская область,1
2085,1762,1,0.410848,Тамалинский,Пензенская область,1
2085,1737,2,0.529351,Башмаковский,Пензенская область,1
2085,1755,3,0.532562,Нижнеломовский,Пензенская область,1
2087,295,1,0.437047,Инсарский,Республика Мордовия,1
2087,1935,2,0.437762,Новобурасский,Саратовская область,1
2087,1916,3,0.488630,Аркадакский,Саратовская область,1
2088,1559,1,0.702106,Краснооктябрьский,Нижегородская область,1
2088,1749,2,0.788935,Лопатинский,Пензенская область,1
2088,300,3,0.838980,Краснослободский,Республика Мордовия,1
2089,1762,1,0.461778,Тамалинский,Пензенская область,1
2089,1426,2,0.640927,Тербунский,Липецкая область,1
2089,1870,3,0.671580,Ухоловский,Рязанская область,1
2090,1417,1,0.544552,Долгоруковский,Липецкая область,1
2090,1762,2,0.547012,Тамалинский,Пензенская область,1
2090,1910,3,0.598501,Шигонский,Самарская область,1
2091,1761,1,0.889551,Спасский,Пензенская область,1
2091,479,2,0.900050,Алатырь,Чувашская Республика,1
2091,1541,3,0.910689,Большеболдинский,Нижегородская область,1
2093,1714,1,0.336553,Должанский,Орловская область,1
2093,294,2,0.600773,Зубово-Полянский,Республика Мордовия,1
2093,1038,3,0.656120,Серафимовичский,Волгоградская область,1
2094,1860,1,0.513516,Путятинский,Рязанская область,1
2094,2054,2,0.536087,Ершичский,Смоленская область,1
2094,1722,3,0.624814,Малоархангельский,Орловская область,1
2095,1935,1,0.479173,Новобурасский,Саратовская область,1
2095,1743,2,0.483040,Земетчинский,Пензенская область,1
2095,1747,3,0.573991,Колышлейский,Пензенская область,1
2096,1559,1,0.661915,Краснооктябрьский,Нижегородская область,1
2096,1749,2,0.817820,Лопатинский,Пензенская область,1
2096,1541,3,1.012426,Большеболдинский,Нижегородская область,1
2098,1755,1,0.325696,Нижнеломовский,Пензенская область,1
2098,1420,2,0.419465,Измалковский,Липецкая область,1
2098,1928,3,0.456423,Ивантеевский,Саратовская область,1
2100,1762,1,0.566859,Тамалинский,Пензенская область,1
2100,1036,2,0.575278,Руднянский,Волгоградская область,1
2100,1714,3,0.703704,Должанский,Орловская область,1
2105,1595,1,0.484332,Чудовский,Новгородская область,1
2105,1912,2,0.602148,Шиханы,Саратовская область,1
2105,1554,3,0.627574,Дальнеконстантиновский,Нижегородская область,1
2108,1504,1,0.511280,Талдомский,Московская область,1
2108,1005,2,0.514251,Суздальский,Владимирская область,1
2108,1883,3,0.523108,Чапаевск,Самарская область,1
2109,2051,1,0.758739,Дорогобужский,Смоленская область,1
2109,1885,2,0.790360,Безенчукский,Самарская область,1
2109,1578,3,0.827258,Валдайский,Новгородская область,1
2110,1903,1,0.531268,Приволжский,Самарская область,1
2110,2068,2,0.542903,Холм-Жирковский,Смоленская область,1
2110,2187,3,0.552767,Чернский,Тульская область,1
2111,1209,1,0.425326,Козельский,Калужская область,1
2111,2053,2,0.450599,Ельнинский,Смоленская область,1
2111,1213,3,0.460136,Медынский,Калужская область,1
2112,1325,1,0.575107,Парфеньевский,Костромская область,1
2112,2065,2,0.692251,Темкинский,Смоленская область,1
2112,1590,3,0.706619,Поддорский,Новгородская область,1
2113,1207,1,0.411869,Кировский,Калужская область,1
2113,1116,2,0.575137,Заволжский,Ивановская область,1
2113,1209,3,0.601703,Козельский,Калужская область,1
2114,1886,1,0.623821,Богатовский,Самарская область,1
2114,1884,2,0.667506,Алексеевский,Самарская область,1
2114,1596,3,0.724053,Шимский,Новгородская область,1
2116,1718,1,0.465510,Краснозоренский,Орловская область,1
2116,1328,2,0.747870,Солигаличский,Костромская область,1
2116,1907,3,0.779072,Хворостянский,Самарская область,1
2117,2053,1,0.560154,Ельнинский,Смоленская область,1
2117,1331,2,0.670944,Чухломский,Костромская область,1
2117,2058,3,0.691574,Новодугинский,Смоленская область,1
2118,1857,1,0.552582,Александро-Невский,Рязанская область,1
2118,2187,2,0.597237,Чернский,Тульская область,1
2118,2182,3,0.667093,Одоевский,Тульская область,1
2120,2187,1,0.470481,Чернский,Тульская область,1
2120,1494,2,0.506092,Лотошино,Московская область,1
2120,1213,3,0.509670,Медынский,Калужская область,1
2121,1873,1,0.346609,Шиловский,Рязанская область,1
2121,1556,2,0.376451,Княгининский,Нижегородская область,1
2121,1853,3,0.436424,Клепиковский,Рязанская область,1
2122,1888,1,0.874852,Большечерниговский,Самарская область,1
2122,1025,2,0.959958,Котельниковский,Волгоградская область,1
2122,817,3,1.014437,Кировский,Ставропольский край,1
2124,1504,1,0.590787,Талдомский,Московская область,1
2124,2177,2,0.693357,Заокский,Тульская область,1
2124,1206,3,0.795869,Жуковский,Калужская область,1
2125,1718,1,0.557463,Краснозоренский,Орловская область,1
2125,1328,2,0.574371,Солигаличский,Костромская область,1
2125,2049,3,0.577629,Глинковский,Смоленская область,1
2126,2182,1,0.513685,Одоевский,Тульская область,1
2126,1857,2,0.703375,Александро-Невский,Рязанская область,1
2126,2068,3,0.740682,Холм-Жирковский,Смоленская область,1
2127,1580,1,0.390277,Демянский,Новгородская область,1
2127,1205,2,0.458279,Жиздринский,Калужская область,1
2127,1591,3,0.489609,Солецкий,Новгородская область,1
2128,1306,1,0.492231,Галич,Костромская область,1
2128,1215,2,0.534899,Мосальский,Калужская область,1
2128,1591,3,0.544919,Солецкий,Новгородская область,1
2129,1907,1,0.463268,Хворостянский,Самарская область,1
2129,1854,2,0.492880,Кораблинский,Рязанская область,1
2129,1894,3,0.540908,Кинельский,Самарская область,1
2130,1124,1,2.451926,Пестяковский,Ивановская область,1
2130,1584,2,2.549274,Марёвский,Новгородская область,1
2130,1787,3,2.571504,Себежский,Псковская область,1
2131,2327,1,0.558855,Мышкинский,Ярославская область,1
2131,1786,2,0.744620,Пыталовский,Псковская область,1
2131,2316,3,0.752302,Чебаркульский,Челябинская область,1
2132,1857,1,0.666366,Александро-Невский,Рязанская область,1
2132,2052,2,0.705725,Духовщинский,Смоленская область,1
2132,2064,3,0.720808,Сычевский,Смоленская область,1
2133,2182,1,0.593907,Одоевский,Тульская область,1
2133,1590,2,0.790804,Поддорский,Новгородская область,1
2133,2068,3,0.818307,Холм-Жирковский,Смоленская область,1
2134,1121,1,0.605271,Лежневский,Ивановская область,1
2134,1133,2,0.648823,Юрьевецкий,Ивановская область,1
2134,1113,3,0.668489,Вичугский,Ивановская область,1
2136,2058,1,1.372733,Новодугинский,Смоленская область,1
2136,1331,2,1.470139,Чухломский,Костромская область,1
2136,1787,3,1.574515,Себежский,Псковская область,1
2137,1426,1,0.472168,Тербунский,Липецкая область,1
2137,1762,2,0.646011,Тамалинский,Пензенская область,1
2137,1412,3,0.670598,Воловский,Липецкая область,1
2138,1220,1,0.532344,Ульяновский,Калужская область,1
2138,1857,2,0.553086,Александро-Невский,Рязанская область,1
2138,1718,3,0.599534,Краснозоренский,Орловская область,1
2139,1580,1,0.453784,Демянский,Новгородская область,1
2139,1220,2,0.478270,Ульяновский,Калужская область,1
2139,1857,3,0.533542,Александро-Невский,Рязанская область,1
2140,1854,1,0.507298,Кораблинский,Рязанская область,1
2140,2181,2,0.528915,Куркинский,Тульская область,1
2140,2081,3,0.549876,Знаменский,Тамбовская область,1
2142,2053,1,0.529259,Ельнинский,Смоленская область,1
2142,1205,2,0.642603,Жиздринский,Калужская область,1
2142,1903,3,0.658733,Приволжский,Самарская область,1
2143,2323,1,0.394250,Брейтовский,Ярославская область,1
2143,1201,2,0.830777,Барятинский,Калужская область,1
2143,1210,3,0.907455,Куйбышевский,Калужская область,1
2145,1520,1,1.401412,Ловозерский,Мурманская область,1
2145,1522,2,1.895811,Терский,Мурманская область,1
2145,219,3,1.968888,Пряжинский,Республика Карелия,1
2149,690,1,0.517778,Большемуртинский,Красноярский край,1
2149,527,2,0.737236,Змеиногорский,Алтайский край,1
2149,571,3,0.875046,Шипуновский,Алтайский край,1
2150,1612,1,0.700965,Коченевский,Новосибирская область,1
2150,1166,2,0.765011,Усть-Удинский,Иркутская область,1
2150,14,3,0.826137,Турочакский,Республика Алтай,1
2152,706,1,0.320380,Манский,Красноярский край,1
2152,683,2,0.636294,Абанский,Красноярский край,1
2152,528,3,0.752907,Калманский,Алтайский край,1
2153,2308,1,1.443583,Нязепетровский,Челябинская область,1
2153,1645,2,1.552758,Москаленский,Омская область,1
2153,539,3,1.560284,Мамонтовский,Алтайский край,1
2154,519,1,0.345344,Бурлинский,Алтайский край,1
2154,703,2,0.366044,Козульский,Красноярский край,1
2154,1610,3,0.377077,Каргатский,Новосибирская область,1
2156,717,1,0.440272,Сухобузимский,Красноярский край,1
2156,558,2,0.459458,Табунский,Алтайский край,1
2156,703,3,0.551172,Козульский,Красноярский край,1
2157,2031,1,0.759935,Сосьвинский,Свердловская область,1
2157,687,2,0.863632,Бирилюсский,Красноярский край,1
2157,572,3,0.965568,Немецкий,Алтайский край,1
2158,710,1,0.634340,Нижнеингашский,Красноярский край,1
2158,239,2,0.732117,Троицко-Печорский,Республика Коми,1
2158,215,3,0.746360,Муезерский,Республика Карелия,1
2159,558,1,0.381718,Табунский,Алтайский край,1
2159,703,2,0.404684,Козульский,Красноярский край,1
2159,1605,3,0.446719,Венгеровский,Новосибирская область,1
2160,710,1,0.699834,Нижнеингашский,Красноярский край,1
2160,900,2,1.036236,Виноградовский,Архангельская область,1
2160,1144,3,1.036306,Балаганский,Иркутская область,1
2162,715,1,0.837642,Саянский,Красноярский край,1
2162,553,2,0.862042,Суетский,Алтайский край,1
2162,706,3,0.997233,Манский,Красноярский край,1
2163,538,1,0.575007,Локтевский,Алтайский край,1
2163,703,2,0.619813,Козульский,Красноярский край,1
2163,525,3,0.664660,Залесовский,Алтайский край,1
2165,996,1,0.505809,Киржачский,Владимирская область,1
2165,1001,2,0.509296,Петушинский,Владимирская область,1
2165,2883,3,0.518168,Кимрский,Тверская область,1
2167,1005,1,0.395375,Суздальский,Владимирская область,1
2167,2047,2,0.526266,Вяземский,Смоленская область,1
2167,2884,3,0.544635,Ржевский,Тверская область,1
2168,1553,1,0.386026,Городецкий,Нижегородская область,1
2168,1526,2,0.499093,Выкса,Нижегородская область,1
2168,2074,3,0.511457,Мичуринск,Тамбовская область,1
2169,991,1,0.467327,Александровский,Владимирская область,1
2169,1540,2,0.548526,Богородский,Нижегородская область,1
2169,1563,3,0.558997,Павловский,Нижегородская область,1
2171,1427,1,0.421926,Усманский,Липецкая область,1
2171,1862,2,0.434810,Ряжский,Рязанская область,1
2171,1556,3,0.443258,Княгининский,Нижегородская область,1
2172,1910,1,0.684511,Шигонский,Самарская область,1
2172,2140,2,0.714969,Старицкий,Тверская область,1
2172,1219,3,0.721325,Тарусский,Калужская область,1
2173,1528,1,0.436289,Кулебаки,Нижегородская область,1
2173,1846,2,0.526073,Касимов,Рязанская область,1
2173,1708,3,0.687377,Ливны,Орловская область,1
2174,1494,1,0.463059,Лотошино,Московская область,1
2174,1554,2,0.490689,Дальнеконстантиновский,Нижегородская область,1
2174,1213,3,0.525612,Медынский,Калужская область,1
2175,1864,1,0.531799,Сапожковский,Рязанская область,1
2175,2098,2,0.714572,Токарёвский,Тамбовская область,1
2175,1223,3,0.723423,Юхновский,Калужская область,1
2176,1910,1,0.914433,Шигонский,Самарская область,1
2176,1898,2,0.921078,Красноармейский,Самарская область,1
2176,1219,3,0.926650,Тарусский,Калужская область,1
2177,1504,1,0.380485,Талдомский,Московская область,1
2177,996,2,0.594739,Киржачский,Владимирская область,1
2177,1005,3,0.598214,Суздальский,Владимирская область,1
2178,1910,1,0.538230,Шигонский,Самарская область,1
2178,1426,2,0.604254,Тербунский,Липецкая область,1
2178,1864,3,0.662547,Сапожковский,Рязанская область,1
2179,1219,1,0.580496,Тарусский,Калужская область,1
2179,1427,2,0.668531,Усманский,Липецкая область,1
2179,1554,3,0.675598,Дальнеконстантиновский,Нижегородская область,1
2180,1219,1,0.339094,Тарусский,Калужская область,1
2180,1852,2,0.643940,Касимовский,Рязанская область,1
2180,1554,3,0.676335,Дальнеконстантиновский,Нижегородская область,1
2181,2140,1,0.528915,Старицкий,Тверская область,1
2181,1862,2,0.533523,Ряжский,Рязанская область,1
2181,1205,3,0.537968,Жиздринский,Калужская область,1
2182,2126,1,0.513685,Кувшиновский,Тверская область,1
2182,2133,2,0.593907,Пеновский,Тверская область,1
2182,2118,3,0.667093,Зубцовский,Тверская область,1
2183,1209,1,0.489517,Козельский,Калужская область,1
2183,1494,2,0.496726,Лотошино,Московская область,1
2183,2111,3,0.510063,Бежецкий,Тверская область,1
2184,2322,1,0.324573,Борисоглебский,Ярославская область,1
2184,1429,2,0.389506,Чаплыгинский,Липецкая область,1
2184,1004,3,0.428418,Судогодский,Владимирская область,1
2185,1864,1,0.482689,Сапожковский,Рязанская область,1
2185,1426,2,0.617881,Тербунский,Липецкая область,1
2185,2098,3,0.671305,Токарёвский,Тамбовская область,1
2186,1504,1,0.648185,Талдомский,Московская область,1
2186,1112,2,0.651923,Шуя,Ивановская область,1
2186,2883,3,0.685997,Кимрский,Тверская область,1
2187,2120,1,0.470481,Калязинский,Тверская область,1
2187,2110,2,0.552767,Андреапольский,Тверская область,1
2187,1494,3,0.580313,Лотошино,Московская область,1
2188,991,1,0.361472,Александровский,Владимирская область,1
2188,1212,2,0.455719,Малоярославецкий,Калужская область,1
2188,1563,3,0.507469,Павловский,Нижегородская область,1
2189,1478,1,0.442319,Серебряные Пруды,Московская область,1
2189,1494,2,0.512153,Лотошино,Московская область,1
2189,1209,3,0.513226,Козельский,Калужская область,1
2191,1257,1,0.732603,Яшкинский,Кемеровская область,1
2191,1196,2,0.735972,Славский,Калининградская область,1
2191,1674,3,0.746744,Соль-Илецкий,Оренбургская область,1
2195,1662,1,0.572967,Усть-Ишимский,Омская область,1
2195,1625,2,0.615007,Тогучинский,Новосибирская область,1
2195,1630,3,0.633122,Чистоозерный,Новосибирская область,1
2196,1888,1,0.818411,Большечерниговский,Самарская область,1
2196,1937,2,0.865960,Озинский,Саратовская область,1
2196,1025,3,0.895345,Котельниковский,Волгоградская область,1
2197,1614,1,0.536530,Краснозерский,Новосибирская область,1
2197,564,2,0.575853,Тюменцевский,Алтайский край,1
2197,1606,3,0.662179,Доволенский,Новосибирская область,1
2198,1637,1,0.663268,Знаменский,Омская область,1
2198,1611,2,0.675711,Колыванский,Новосибирская область,1
2198,1616,3,0.709458,Купинский,Новосибирская область,1
2199,1633,1,0.439828,Азовский немецкий,Омская область,1
2199,1638,2,0.719591,Исилькульский,Омская область,1
2199,242,3,0.746097,Усть-Куломский,Республика Коми,1
2200,1609,1,0.725226,Карасукский,Новосибирская область,1
2200,1602,2,0.780319,Баганский,Новосибирская область,1
2200,1625,3,0.889444,Тогучинский,Новосибирская область,1
2201,1662,1,0.524790,Усть-Ишимский,Омская область,1
2201,1647,2,0.692205,Называевский,Омская область,1
2201,2030,3,0.738523,Пышминский,Свердловская область,1
2202,545,1,0.528053,Первомайский,Алтайский край,1
2202,2030,2,0.536232,Пышминский,Свердловская область,1
2202,742,3,0.664210,Еловский,Пермский край,1
2204,1637,1,0.753522,Знаменский,Омская область,1
2204,1611,2,0.757425,Колыванский,Новосибирская область,1
2204,1612,3,0.829292,Коченевский,Новосибирская область,1
2205,572,1,0.609324,Немецкий,Алтайский край,1
2205,2027,2,0.643087,Бисертский,Свердловская область,1
2205,233,3,0.787105,Корткеросский,Республика Коми,1
2206,1611,1,0.543654,Колыванский,Новосибирская область,1
2206,2295,2,0.709709,Варненский,Челябинская область,1
2206,1629,3,0.715345,Черепановский,Новосибирская область,1
2207,516,1,0.577503,Баевский,Алтайский край,1
2207,1345,2,0.593773,Макушинский,Курганская область,1
2207,564,3,0.641612,Тюменцевский,Алтайский край,1
2211,213,1,0.719079,Лоухский,Республика Карелия,1
2211,210,2,0.738663,Кемский,Республика Карелия,1
2211,2158,3,0.800329,Парабельский,Томская область,1
2212,1625,1,0.486915,Тогучинский,Новосибирская область,1
2212,1662,2,0.604387,Усть-Ишимский,Омская область,1
2212,2030,3,0.619395,Пышминский,Свердловская область,1
2213,1627,1,0.621840,Усть-Таркский,Новосибирская область,1
2213,2039,2,0.677851,Байкаловский,Свердловская область,1
2213,769,3,0.678464,Гайнский,Пермский край,1
2215,242,1,0.531132,Усть-Куломский,Республика Коми,1
2215,1631,2,0.669749,Чулымский,Новосибирская область,1
2215,2039,3,0.695885,Байкаловский,Свердловская область,1
2252,1919,1,0.440723,Балаковский,Саратовская область,1
2252,1009,2,0.449666,Камышин,Волгоградская область,1
2252,1667,3,0.473290,Бугуруслан,Оренбургская область,1
2253,1878,1,0.495488,Октябрьск,Самарская область,1
2253,1305,2,0.638843,Волгореченск,Костромская область,1
2253,2073,3,0.639291,Котовск,Тамбовская область,1
2254,1896,1,0.310014,Клявлинский,Самарская область,1
2254,1727,2,0.526210,Покровский,Орловская область,1
2254,1784,3,0.528999,Пустошкинский,Псковская область,1
2255,295,1,0.361011,Инсарский,Республика Мордовия,1
2255,1921,2,0.369026,Балтайский,Саратовская область,1
2255,1916,3,0.385222,Аркадакский,Саратовская область,1
2256,296,1,0.508187,Ичалковский,Республика Мордовия,1
2256,1773,2,0.513041,Локнянский,Псковская область,1
2256,1753,3,0.575022,Наровчатский,Пензенская область,1
2257,1909,1,0.480687,Шенталинский,Самарская область,1
2257,298,2,0.481676,Ковылкинский,Республика Мордовия,1
2257,425,3,0.494268,Вавожский,Удмуртская Республика,1
2258,1942,1,0.433640,Ровенский,Саратовская область,1
2258,1680,2,0.553909,Александровский,Оренбургская область,1
2258,1698,3,0.610788,Пономарёвский,Оренбургская область,1
2259,295,1,0.342567,Инсарский,Республика Мордовия,1
2259,1916,2,0.453728,Аркадакский,Саратовская область,1
2259,1753,3,0.489902,Наровчатский,Пензенская область,1
2260,495,1,0.279118,Порецкий,Чувашская Республика,1
2260,1918,2,0.486442,Базарно-Карабулакский,Саратовская область,1
2260,302,3,0.545140,Ромодановский,Республика Мордовия,1
2262,1924,1,0.537038,Дергачевский,Саратовская область,1
2262,1743,2,0.776282,Земетчинский,Пензенская область,1
2262,2095,3,0.826638,Сосновский,Тамбовская область,1
2264,1895,1,0.409946,Кинель-Черкасский,Самарская область,1
2264,1901,2,0.477006,Пестравский,Самарская область,1
2264,295,3,0.501232,Инсарский,Республика Мордовия,1
2265,1757,1,0.485650,Пачелмский,Пензенская область,1
2265,2090,2,0.905578,Петровский,Тамбовская область,1
2265,1417,3,1.002807,Долгоруковский,Липецкая область,1
2266,1926,1,0.355609,Екатериновский,Саратовская область,1
2266,1921,2,0.468100,Балтайский,Саратовская область,1
2266,1420,3,0.484783,Измалковский,Липецкая область,1
2267,1923,1,0.328561,Воскресенский,Саратовская область,1
2267,1292,2,0.529208,Свечинский,Кировская область,1
2267,1902,3,0.592308,Похвистневский,Самарская область,1
2268,2078,1,1.228996,Бондарский,Тамбовская область,1
2268,1273,2,1.558522,Кикнурский,Кировская область,1
2268,437,3,1.708256,Красногорский,Удмуртская Республика,1
2269,1733,1,0.598338,Шаблыкинский,Орловская область,1
2269,1923,2,0.633179,Воскресенский,Саратовская область,1
2269,1731,3,0.653116,Урицкий,Орловская область,1
2270,1747,1,0.556255,Колышлейский,Пензенская область,1
2270,1943,2,0.638479,Романовский,Саратовская область,1
2270,1569,3,0.664027,Спасский,Нижегородская область,1
2271,302,1,0.577313,Ромодановский,Республика Мордовия,1
2271,1918,2,0.612486,Базарно-Карабулакский,Саратовская область,1
2271,495,3,0.623819,Порецкий,Чувашская Республика,1
2272,1939,1,0.512299,Петровский,Саратовская область,1
2272,489,2,0.548250,Козловский,Чувашская Республика,1
2272,58,3,0.597056,Калтасинский,Республика Башкортостан,1
2274,1930,1,0.503941,Красноармейский,Саратовская область,1
2274,1752,2,0.515058,Мокшанский,Пензенская область,1
2274,2072,3,0.595054,Кирсанов,Тамбовская область,1
2276,1973,1,0.489614,Артемовский,Свердловская область,1
2276,751,2,0.551271,Нытвенский,Пермский край,1
2276,1185,3,0.622288,Гвардейский,Калининградская область,1
2278,1996,1,0.483591,Кушвинский,Свердловская область,1
2278,1991,2,0.510844,Кировградский,Свердловская область,1
2278,2070,3,0.597015,Ярцевский,Смоленская область,1
2280,1919,1,0.505740,Балаковский,Саратовская область,1
2280,1577,2,0.524829,Боровичский,Новгородская область,1
2280,1009,3,0.564109,Камышин,Волгоградская область,1
2286,38,1,0.638225,Белебеевский,Республика Башкортостан,1
2286,1765,2,0.652589,Великие Луки,Псковская область,1
2286,443,3,0.665961,Увинский,Удмуртская Республика,1
2287,1211,1,0.571065,Людиновский,Калужская область,1
2287,1592,2,0.639737,Старорусский,Новгородская область,1
2287,1026,3,0.657078,Котовский,Волгоградская область,1
2289,1765,1,0.556903,Великие Луки,Псковская область,1
2289,44,2,0.619591,Благовещенский,Республика Башкортостан,1
2289,1919,3,0.674994,Балаковский,Саратовская область,1
2292,1293,1,0.543429,Слободской,Кировская область,1
2292,1185,2,0.564106,Гвардейский,Калининградская область,1
2292,2332,3,0.628936,Пошехонский,Ярославская область,1
2293,751,1,0.720097,Нытвенский,Пермский край,1
2293,2045,2,0.784913,Десногорск,Смоленская область,1
2293,2051,3,0.796590,Дорогобужский,Смоленская область,1
2294,1645,1,0.731528,Москаленский,Омская область,1
2294,1035,2,0.829043,Палласовский,Волгоградская область,1
2294,1774,3,0.829391,Невельский,Псковская область,1
2295,1196,1,0.469565,Славский,Калининградская область,1
2295,744,2,0.499242,Карагайский,Пермский край,1
2295,1629,3,0.556368,Черепановский,Новосибирская область,1
2296,1357,1,0.397279,Щучанский,Курганская область,1
2296,1588,2,0.513509,Парфинский,Новгородская область,1
2296,742,3,0.604067,Еловский,Пермский край,1
2297,1992,1,0.484395,Верхний Тагил,Свердловская область,1
2297,1996,2,0.636733,Кушвинский,Свердловская область,1
2297,1976,3,0.646854,Рефтинский,Свердловская область,1
2298,1583,1,0.426546,Маловишерский,Новгородская область,1
2298,1788,2,0.551109,Струго-Красненский,Псковская область,1
2298,1895,3,0.588032,Кинель-Черкасский,Самарская область,1
2299,1357,1,0.426053,Щучанский,Курганская область,1
2299,1658,2,0.573403,Таврический,Омская область,1
2299,1696,3,0.582643,Первомайский,Оренбургская область,1
2300,1533,1,0.531554,Шахунья,Нижегородская область,1
2300,1341,2,0.570215,Катайский,Курганская область,1
2300,751,3,0.595460,Нытвенский,Пермский край,1
2301,744,1,0.356059,Карагайский,Пермский край,1
2301,1196,2,0.546595,Славский,Калининградская область,1
2301,1904,3,0.573389,Сергиевский,Самарская область,1
2302,1671,1,0.654903,Медногорск,Оренбургская область,1
2302,1682,2,0.865962,Беляевский,Оренбургская область,1
2302,1685,3,0.871417,Грачёвский,Оренбургская область,1
2303,2008,1,0.420739,Режевской,Свердловская область,1
2303,1973,2,0.552602,Артемовский,Свердловская область,1
2303,1978,3,0.585524,Богданович,Свердловская область,1
2304,1588,1,0.380638,Парфинский,Новгородская область,1
2304,1304,2,0.524709,Буй,Костромская область,1
2304,2325,3,0.565828,Даниловский,Ярославская область,1
2305,1948,1,0.474644,Татищевский,Саратовская область,1
2305,1696,2,0.610400,Первомайский,Оренбургская область,1
2305,1570,3,0.611251,Тонкинский,Нижегородская область,1
2307,1931,1,0.663887,Краснокутский,Саратовская область,1
2307,392,2,0.676409,Спасский,Республика Татарстан,1
2307,1690,3,0.727480,Курманаевский,Оренбургская область,1
2308,1343,1,0.763663,Куртамышский,Курганская область,1
2308,308,2,0.769630,Чамзинский,Республика Мордовия,1
2308,1759,3,0.785834,Сердобский,Пензенская область,1
2309,1947,1,0.470173,Советский,Саратовская область,1
2309,1701,2,0.615914,Светлинский,Оренбургская область,1
2309,1195,3,0.771891,Правдинский,Калининградская область,1
2310,1778,1,0.489531,Островский,Псковская область,1
2310,1904,2,0.617047,Сергиевский,Самарская область,1
2310,1211,3,0.618329,Людиновский,Калужская область,1
2311,1978,1,0.287071,Богданович,Свердловская область,1
2311,3007,2,0.432446,Прокопьевский,Кемеровская область,1
2311,1063,3,0.490877,Сокольский,Вологодская область,1
2314,1588,1,0.593035,Парфинский,Новгородская область,1
2314,1671,2,0.673608,Медногорск,Оренбургская область,1
2314,1058,3,0.676982,Кирилловский,Вологодская область,1
2315,1685,1,0.449575,Грачёвский,Оренбургская область,1
2315,1776,2,0.496811,Новосокольнический,Псковская область,1
2315,1694,3,0.610409,Октябрьский,Оренбургская область,1
2316,2327,1,0.707299,Мышкинский,Ярославская область,1
2316,1058,2,0.750064,Кирилловский,Вологодская область,1
2316,2131,3,0.752302,Нелидовский,Тверская область,1
2317,1357,1,0.513317,Щучанский,Курганская область,1
2317,2041,2,0.555126,Слободо-Туринский,Свердловская область,1
2317,769,3,0.561098,Гайнский,Пермский край,1
2320,1919,1,0.557303,Балаковский,Саратовская область,1
2320,1260,2,0.617366,Кирово-Чепецк,Кировская область,1
2320,1009,3,0.636158,Камышин,Волгоградская область,1
2321,1123,1,0.466563,Палехский,Ивановская область,1
2321,2081,2,0.600380,Знаменский,Тамбовская область,1
2321,1889,3,0.605664,Борский,Самарская область,1
2322,1429,1,0.191707,Чаплыгинский,Липецкая область,1
2322,2184,2,0.324573,Суворовский,Тульская область,1
2322,1422,3,0.369886,Лебедянский,Липецкая область,1
2323,2143,1,0.394250,Фировский,Тверская область,1
2323,1210,2,0.994599,Куйбышевский,Калужская область,1
2323,1201,3,1.044071,Барятинский,Калужская область,1
2324,1130,1,0.506226,Фурмановский,Ивановская область,1
2324,1305,2,0.592585,Волгореченск,Костромская область,1
2324,999,3,0.603152,Меленковский,Владимирская область,1
2325,1304,1,0.362321,Буй,Костромская область,1
2325,1321,2,0.498705,Нерехта и Нерехтский,Костромская область,1
2325,2304,3,0.565828,Красноармейский,Челябинская область,1
2326,1130,1,0.468929,Фурмановский,Ивановская область,1
2326,1127,2,0.476635,Родниковский,Ивановская область,1
2326,1321,3,0.626751,Нерехта и Нерехтский,Костромская область,1
2327,1200,1,0.517879,Бабынинский,Калужская область,1
2327,2131,2,0.558855,Нелидовский,Тверская область,1
2327,2052,3,0.562429,Духовщинский,Смоленская область,1
2328,1178,1,0.868093,Мамоновский,Калининградская область,1
2328,1200,2,0.965129,Бабынинский,Калужская область,1
2328,2118,3,1.125114,Зубцовский,Тверская область,1
2329,1321,1,0.399972,Нерехта и Нерехтский,Костромская область,1
2329,1127,2,0.548975,Родниковский,Ивановская область,1
2329,1306,3,0.554474,Галич,Костромская область,1
2330,1534,1,0.455009,Первомайск,Нижегородская область,1
2330,1873,2,0.463533,Шиловский,Рязанская область,1
2330,1556,3,0.468616,Княгининский,Нижегородская область,1
2332,1530,1,0.417512,Перевозский,Нижегородская область,1
2332,307,2,0.479643,Торбеевский,Республика Мордовия,1
2332,1564,3,0.522568,Пильнинский,Нижегородская область,1
2333,1413,1,0.404662,Грязинский,Липецкая область,1
2333,1414,2,0.558043,Данковский,Липецкая область,1
2333,1211,3,0.636502,Людиновский,Калужская область,1
2335,1179,1,0.739705,Пионерский,Калининградская область,1
2335,1399,2,0.787794,Киришский,Ленинградская область,1
2335,1592,3,0.814110,Старорусский,Новгородская область,1
2336,2047,1,0.613917,Вяземский,Смоленская область,1
2336,2060,2,0.618999,Рославльский,Смоленская область,1
2336,1449,3,0.619445,Зарайск,Московская область,1
2593,1001,1,0.317546,Петушинский,Владимирская область,1
2593,996,2,0.481409,Киржачский,Владимирская область,1
2593,2883,3,0.557743,Кимрский,Тверская область,1
2618,2042,1,0.469373,Нижнесергинский,Свердловская область,1
2618,307,2,0.497377,Торбеевский,Республика Мордовия,1
2618,1543,3,0.498934,Бутурлинский,Нижегородская область,1
2619,996,1,0.505778,Киржачский,Владимирская область,1
2619,991,2,0.528142,Александровский,Владимирская область,1
2619,1005,3,0.529510,Суздальский,Владимирская область,1
2710,1883,1,0.431353,Чапаевск,Самарская область,1
2710,2047,2,0.499381,Вяземский,Смоленская область,1
2710,1005,3,0.598074,Суздальский,Владимирская область,1
2813,1001,1,0.595991,Петушинский,Владимирская область,1
2813,2593,2,0.675601,Киевский,Москва,1
2813,996,3,0.705853,Киржачский,Владимирская область,1
2883,996,1,0.374536,Киржачский,Владимирская область,1
2883,1001,2,0.395539,Петушинский,Владимирская область,1
2883,1504,3,0.418454,Талдомский,Московская область,1
2884,1005,1,0.481965,Суздальский,Владимирская область,1
2884,2047,2,0.525577,Вяземский,Смоленская область,1
2884,1540,3,0.528966,Богородский,Нижегородская область,1
2886,1072,1,0.478904,Шекснинский,Вологодская область,1
2886,1066,2,0.599514,Тотемский,Вологодская область,1
2886,1996,3,0.641310,Кушвинский,Свердловская область,1
3005,989,1,0.465509,Муром,Владимирская область,1
3005,2252,2,0.635725,Димитровград,Ульяновская область,1
3005,1765,3,0.662680,Великие Луки,Псковская область,1
3007,2060,1,0.372806,Рославльский,Смоленская область,1
3007,1922,2,0.391588,Вольский,Саратовская область,1
3007,2311,3,0.432446,Саткинский,Челябинская область,1
3012,1341,1,0.549576,Катайский,Курганская область,1
3012,432,2,0.632857,Камбарский,Удмуртская Республика,1
3012,308,3,0.640871,Чамзинский,Республика Мордовия,1
10,448,1,0.460560,Абакан,Республика Хакасия,2
10,676,2,0.659500,Минусинск,Красноярский край,2
10,693,3,0.746763,Емельяновский,Красноярский край,2
11,414,1,1.241992,Улуг-Хемский,Республика Тыва,2
11,1171,2,1.470244,Баяндаевский,Иркутская область,2
11,416,3,1.475906,Чеди-Хольский,Республика Тыва,2
12,693,1,0.445046,Емельяновский,Красноярский край,2
12,676,2,0.633550,Минусинск,Красноярский край,2
12,448,3,0.721057,Абакан,Республика Хакасия,2
13,1171,1,0.991340,Баяндаевский,Иркутская область,2
13,1159,2,1.044401,Ольхонский,Иркутская область,2
13,1148,3,1.052628,Заларинский,Иркутская область,2
15,458,1,1.694198,Таштыпский,Республика Хакасия,2
15,1171,2,2.001099,Баяндаевский,Иркутская область,2
15,401,3,2.152424,Бай-Тайгинский,Республика Тыва,2
16,458,1,1.026597,Таштыпский,Республика Хакасия,2
16,1171,2,1.149661,Баяндаевский,Иркутская область,2
16,1159,3,1.235481,Ольхонский,Иркутская область,2
17,408,1,1.043956,Пий-Хемский,Республика Тыва,2
17,593,2,1.104756,Петровск-Забайкальский,Забайкальский край,2
17,1148,3,1.142023,Заларинский,Иркутская область,2
18,408,1,0.514123,Пий-Хемский,Республика Тыва,2
18,1250,2,0.697538,Таштагольский,Кемеровская область,2
18,722,3,0.710335,Ужурский,Красноярский край,2
20,453,1,0.791864,Алтайский,Республика Хакасия,2
20,1155,2,0.804087,Куйтунский,Иркутская область,2
20,1170,3,0.875758,Аларский,Иркутская область,2
23,1197,1,0.573389,Черняховский,Калининградская область,2
23,422,2,0.720033,Сарапул,Удмуртская Республика,2
23,3011,3,0.750371,Златоустовский,Челябинская область,2
28,2281,1,0.536010,Магнитогорский,Челябинская область,2
28,420,2,0.702110,Глазов,Удмуртская Республика,2
28,2004,3,0.851884,Первоуральск,Свердловская область,2
30,1059,1,1.041946,Кичменгско-Городецкий,Вологодская область,2
30,601,2,1.685952,Читинский,Забайкальский край,2
30,453,3,1.704321,Алтайский,Республика Хакасия,2
35,517,1,1.158769,Бийский,Алтайский край,2
35,601,2,1.327474,Читинский,Забайкальский край,2
35,2885,3,1.356771,Кудымкарский,Пермский край,2
40,2809,1,0.613455,Кунгурский,Пермский край,2
40,422,2,0.689471,Сарапул,Удмуртская Республика,2
40,763,3,0.719852,Чайковский,Пермский край,2
42,422,1,0.714146,Сарапул,Удмуртская Республика,2
42,368,2,0.726771,Бугульминский,Республика Татарстан,2
42,2809,3,0.812164,Кунгурский,Пермский край,2
51,422,1,0.783902,Сарапул,Удмуртская Республика,2
51,763,2,0.798237,Чайковский,Пермский край,2
51,2281,3,0.914542,Магнитогорский,Челябинская область,2
57,2281,1,0.575651,Магнитогорский,Челябинская область,2
57,763,2,0.635450,Чайковский,Пермский край,2
57,2004,3,0.660218,Первоуральск,Свердловская область,2
75,422,1,0.602448,Сарапул,Удмуртская Республика,2
75,763,2,0.730987,Чайковский,Пермский край,2
75,2281,3,0.842725,Магнитогорский,Челябинская область,2
77,2281,1,0.538143,Магнитогорский,Челябинская область,2
77,422,2,0.694067,Сарапул,Удмуртская Республика,2
77,420,3,0.835727,Глазов,Удмуртская Республика,2
79,1181,1,0.659252,Советский,Калининградская область,2
79,2194,2,0.752726,Ялуторовск,Тюменская область,2
79,1197,3,0.797299,Черняховский,Калининградская область,2
206,890,1,0.725219,Архангельск,Архангельская область,2
206,2282,2,0.766160,Миасский,Челябинская область,2
206,2000,3,0.772973,Нижний Тагил,Свердловская область,2
207,1509,1,0.533536,Мончегорск,Мурманская область,2
207,1511,2,0.669487,Полярные Зори,Мурманская область,2
207,1519,3,0.828072,Кольский,Мурманская область,2
222,2232,1,0.653786,Нефтеюганский,Ханты-Мансийский автономный округ — Югра,2
222,1518,2,0.922651,Кандалакшский,Мурманская область,2
222,1511,3,0.927809,Полярные Зори,Мурманская область,2
224,2279,1,0.488898,Копейский,Челябинская область,2
224,2000,2,0.506081,Нижний Тагил,Свердловская область,2
224,1333,3,0.518084,Курган,Курганская область,2
225,2245,1,0.969426,Надымский,Ямало-Ненецкий автономный округ,2
225,916,2,1.030637,Нарьян-Мар,Ненецкий автономный округ,2
225,2218,3,1.066981,Лангепас,Ханты-Мансийский автономный округ — Югра,2
226,2233,1,0.565601,Нижневартовский,Ханты-Мансийский автономный округ — Югра,2
226,2225,2,0.735693,Радужный,Ханты-Мансийский автономный округ — Югра,2
226,2223,3,0.977986,Покачи,Ханты-Мансийский автономный округ — Югра,2
227,2146,1,1.054062,Стрежевой,Томская область,2
227,2872,2,1.195947,Приуральский,Ямало-Ненецкий автономный округ,2
227,694,3,1.400498,Енисейский,Красноярский край,2
228,2146,1,0.497773,Стрежевой,Томская область,2
228,2218,2,0.686145,Лангепас,Ханты-Мансийский автономный округ — Югра,2
228,2219,3,1.053875,Мегион,Ханты-Мансийский автономный округ — Югра,2
229,1974,1,0.784798,Асбестовский,Свердловская область,2
229,892,2,0.797973,Котлас,Архангельская область,2
229,1231,3,0.811142,Междуреченский,Кемеровская область,2
230,1167,1,0.936455,Черемховский,Иркутская область,2
230,2208,2,0.972880,Сорокинский,Тюменская область,2
230,722,3,0.976645,Ужурский,Красноярский край,2
234,2146,1,0.371776,Стрежевой,Томская область,2
234,1981,2,0.823179,Верхнесалдинский,Свердловская область,2
234,891,3,0.877076,Коряжма,Архангельская область,2
236,2225,1,1.023077,Радужный,Ханты-Мансийский автономный округ — Югра,2
236,1191,2,1.029417,Неманский,Калининградская область,2
236,1161,3,1.097376,Тайшетский,Иркутская область,2
237,1051,1,0.774260,Великоустюгский,Вологодская область,2
237,1191,2,0.798548,Неманский,Калининградская область,2
237,2235,3,0.837589,Советский,Ханты-Мансийский автономный округ — Югра,2
243,879,1,1.376989,Мазановский,Амурская область,2
243,1149,2,1.496246,Зиминский,Иркутская область,2
243,800,3,1.534506,Спасский,Приморский край,2
309,608,1,1.513020,Петропавловск-Камчатский,Камчатский край,2
309,612,2,1.601644,Елизовский,Камчатский край,2
309,1957,3,2.214830,Корсаковский,Сахалинская область,2
312,1961,1,0.987630,Ногликский,Сахалинская область,2
312,1165,2,1.004082,Усть-Кутский,Иркутская область,2
312,847,3,1.093061,Ванинский,Хабаровский край,2
314,1955,1,1.167032,Анивский,Сахалинская область,2
314,1957,2,1.589796,Корсаковский,Сахалинская область,2
314,614,3,1.598252,Соболевский,Камчатский край,2
316,2349,1,2.312115,Билибинский,Чукотский автономный округ,2
316,614,2,3.000656,Соболевский,Камчатский край,2
316,2244,3,3.001900,Красноселькупский,Ямало-Ненецкий автономный округ,2
317,1957,1,1.222609,Корсаковский,Сахалинская область,2
317,1969,2,1.244971,Холмский,Сахалинская область,2
317,879,3,1.274948,Мазановский,Амурская область,2
318,615,1,2.202543,Усть-Большерецкий,Камчатский край,2
318,1958,2,2.295560,Курильский,Сахалинская область,2
318,2349,3,2.437047,Билибинский,Чукотский автономный округ,2
319,855,1,1.286740,Полины Осипенко,Хабаровский край,2
319,1965,2,1.437296,Смирныховский,Сахалинская область,2
319,615,3,1.475042,Усть-Большерецкий,Камчатский край,2
320,1955,1,1.254570,Анивский,Сахалинская область,2
320,1957,2,1.367718,Корсаковский,Сахалинская область,2
320,614,3,1.779817,Соболевский,Камчатский край,2
321,879,1,1.078124,Мазановский,Амурская область,2
321,1967,2,1.614254,Тымовский,Сахалинская область,2
321,589,3,1.681020,Нерчинский,Забайкальский край,2
323,720,1,2.570257,Туруханский,Красноярский край,2
323,2348,2,2.579456,Анадырский,Чукотский автономный округ,2
323,726,3,2.638831,Эвенкийский,Красноярский край,2
324,2621,1,1.868401,Березники,Пермский край,2
324,678,2,1.874199,Норильск,Красноярский край,2
324,2620,3,1.914352,Соликамский,Пермский край,2
325,888,1,0.754553,Тындинский,Амурская область,2
325,847,2,0.777046,Ванинский,Хабаровский край,2
325,846,3,0.961989,Бикинский,Хабаровский край,2
326,1955,1,1.327807,Анивский,Сахалинская область,2
326,604,2,2.157236,Агинское,Забайкальский край,2
326,1957,3,2.217163,Корсаковский,Сахалинская область,2
327,582,1,0.880036,Каларский,Забайкальский край,2
327,916,2,1.005812,Нарьян-Мар,Ненецкий автономный округ,2
327,888,3,1.297061,Тындинский,Амурская область,2
329,1955,1,1.560376,Анивский,Сахалинская область,2
329,1957,2,1.839887,Корсаковский,Сахалинская область,2
329,612,3,2.110248,Елизовский,Камчатский край,2
330,875,1,0.976280,Зейский,Амурская область,2
330,916,2,1.134071,Нарьян-Мар,Ненецкий автономный округ,2
330,1961,3,1.141191,Ногликский,Сахалинская область,2
331,614,1,2.497434,Соболевский,Камчатский край,2
331,2349,2,2.785345,Билибинский,Чукотский автономный округ,2
331,1958,3,2.909140,Курильский,Сахалинская область,2
332,2349,1,1.160081,Билибинский,Чукотский автономный округ,2
332,615,2,1.369243,Усть-Большерецкий,Камчатский край,2
332,616,3,1.400075,Усть-Камчатский,Камчатский край,2
333,847,1,0.617881,Ванинский,Хабаровский край,2
333,856,2,0.813410,Советско-Гаванский,Хабаровский край,2
333,846,3,0.883967,Бикинский,Хабаровский край,2
334,614,1,1.431077,Соболевский,Камчатский край,2
334,1958,2,1.943975,Курильский,Сахалинская область,2
334,855,3,2.014540,Полины Осипенко,Хабаровский край,2
335,614,1,2.194998,Соболевский,Камчатский край,2
335,855,2,2.303235,Полины Осипенко,Хабаровский край,2
335,1958,3,2.616871,Курильский,Сахалинская область,2
336,846,1,1.120569,Бикинский,Хабаровский край,2
336,581,2,1.295652,Забайкальский,Забайкальский край,2
336,2340,3,1.307865,Ленинский,Еврейская автономная область,2
337,1955,1,1.970830,Анивский,Сахалинская область,2
337,1957,2,1.997919,Корсаковский,Сахалинская область,2
337,879,3,2.026349,Мазановский,Амурская область,2
338,855,1,1.066988,Полины Осипенко,Хабаровский край,2
338,1963,2,1.078251,Поронайский,Сахалинская область,2
338,615,3,1.150073,Усть-Большерецкий,Камчатский край,2
339,1957,1,1.738759,Корсаковский,Сахалинская область,2
339,1955,2,1.876518,Анивский,Сахалинская область,2
339,614,3,2.167211,Соболевский,Камчатский край,2
340,1958,1,0.791339,Курильский,Сахалинская область,2
340,1957,2,0.827199,Корсаковский,Сахалинская область,2
340,615,3,0.845022,Усть-Большерецкий,Камчатский край,2
341,2349,1,1.995749,Билибинский,Чукотский автономный округ,2
341,1958,2,2.528793,Курильский,Сахалинская область,2
341,614,3,2.549338,Соболевский,Камчатский край,2
342,879,1,1.117824,Мазановский,Амурская область,2
342,1969,2,1.413719,Холмский,Сахалинская область,2
342,1957,3,1.420385,Корсаковский,Сахалинская область,2
343,1955,1,1.698985,Анивский,Сахалинская область,2
343,1957,2,2.324855,Корсаковский,Сахалинская область,2
343,604,3,2.348642,Агинское,Забайкальский край,2
368,2809,1,0.500584,Кунгурский,Пермский край,2
368,748,2,0.601557,Краснокамский,Пермский край,2
368,2006,3,0.707836,Ревда,Свердловская область,2
401,1171,1,2.134547,Баяндаевский,Иркутская область,2
401,15,2,2.152424,Улаганский,Республика Алтай,2
401,11,3,2.237297,Кош-Агачский,Республика Алтай,2
402,11,1,3.229386,Кош-Агачский,Республика Алтай,2
402,1171,2,3.400201,Баяндаевский,Иркутская область,2
402,15,3,3.465060,Улаганский,Республика Алтай,2
403,458,1,1.323080,Таштыпский,Республика Хакасия,2
403,453,2,1.548814,Алтайский,Республика Хакасия,2
403,16,3,1.589262,Усть-Канский,Республика Алтай,2
404,458,1,0.673013,Таштыпский,Республика Хакасия,2
404,453,2,0.836298,Алтайский,Республика Хакасия,2
404,1170,3,1.117259,Аларский,Иркутская область,2
405,604,1,2.155319,Агинское,Забайкальский край,2
405,11,2,2.166227,Кош-Агачский,Республика Алтай,2
405,607,3,2.671716,Могойтуйский,Забайкальский край,2
408,18,1,0.514123,Чемальский,Республика Алтай,2
408,593,2,0.556698,Петровск-Забайкальский,Забайкальский край,2
408,1148,3,0.681447,Заларинский,Иркутская область,2
410,11,1,1.911582,Кош-Агачский,Республика Алтай,2
410,1171,2,2.666853,Баяндаевский,Иркутская область,2
410,604,3,2.977338,Агинское,Забайкальский край,2
413,458,1,1.222802,Таштыпский,Республика Хакасия,2
413,453,2,1.594629,Алтайский,Республика Хакасия,2
413,459,3,1.613447,Усть-Абаканский,Республика Хакасия,2
414,11,1,1.241992,Кош-Агачский,Республика Алтай,2
414,1171,2,1.883523,Баяндаевский,Иркутская область,2
414,604,3,1.893202,Агинское,Забайкальский край,2
416,1171,1,0.955555,Баяндаевский,Иркутская область,2
416,11,2,1.475906,Кош-Агачский,Республика Алтай,2
416,13,3,1.552434,Онгудайский,Республика Алтай,2
420,28,1,0.702110,Сибай,Республика Башкортостан,2
420,57,2,0.790182,Ишимбайский,Республика Башкортостан,2
420,2281,3,0.804108,Магнитогорский,Челябинская область,2
422,2282,1,0.593268,Миасский,Челябинская область,2
422,2281,2,0.594871,Магнитогорский,Челябинская область,2
422,75,3,0.602448,Туймазинский,Республика Башкортостан,2
448,10,1,0.460560,Горно-Алтайск,Республика Алтай,2
448,693,2,0.696091,Емельяновский,Красноярский край,2
448,676,3,0.720161,Минусинск,Красноярский край,2
449,1168,1,0.233143,Чунский,Иркутская область,2
449,2155,2,0.437966,Колпашевский,Томская область,2
449,1158,3,0.552125,Нижнеудинский,Иркутская область,2
450,677,1,0.474444,Назарово,Красноярский край,2
450,680,2,0.527264,Шарыпово,Красноярский край,2
450,1160,3,0.540056,Слюдянский,Иркутская область,2
452,1142,1,0.325551,Черемхово,Иркутская область,2
452,686,2,0.560357,Березовский,Красноярский край,2
452,510,3,0.604235,Рубцовск,Алтайский край,2
453,1170,1,0.497768,Аларский,Иркутская область,2
453,1148,2,0.779826,Заларинский,Иркутская область,2
453,20,3,0.791864,Шебалинский,Республика Алтай,2
455,1148,1,0.644453,Заларинский,Иркутская область,2
455,1170,2,0.676879,Аларский,Иркутская область,2
455,408,3,0.870435,Пий-Хемский,Республика Тыва,2
458,404,1,0.673013,Каа-Хемский,Республика Тыва,2
458,16,2,1.026597,Усть-Канский,Республика Алтай,2
458,13,3,1.141928,Онгудайский,Республика Алтай,2
459,1170,1,0.678303,Аларский,Иркутская область,2
459,1139,2,0.896803,Тулун,Иркутская область,2
459,1148,3,1.032760,Заларинский,Иркутская область,2
504,1632,1,0.324926,Омск,Омская область,2
504,1233,2,0.643673,Новокузнецкий,Кемеровская область,2
504,666,3,0.687492,Красноярск,Красноярский край,2
505,1603,1,0.485196,Барабинский,Новосибирская область,2
505,1256,2,0.493839,Яйский,Кемеровская область,2
505,677,3,0.650598,Назарово,Красноярский край,2
506,1599,1,0.878496,Искитим,Новосибирская область,2
506,1615,2,1.241298,Куйбышевский,Новосибирская область,2
506,1238,3,1.242892,Юргинский,Кемеровская область,2
507,693,1,0.574160,Емельяновский,Красноярский край,2
507,676,2,0.676381,Минусинск,Красноярский край,2
507,12,3,0.771134,Майминский,Республика Алтай,2
508,1227,1,0.617037,Березовский,Кемеровская область,2
508,1234,2,0.863058,Осинниковский,Кемеровская область,2
508,1241,3,0.935218,Гурьевский,Кемеровская область,2
509,1333,1,0.336174,Курган,Курганская область,2
509,1238,2,0.352416,Юргинский,Кемеровская область,2
509,1236,3,0.396159,Прокопьевский,Кемеровская область,2
510,686,1,0.331656,Березовский,Красноярский край,2
510,1226,2,0.586860,Беловский,Кемеровская область,2
510,452,3,0.604235,Черногорск,Республика Хакасия,2
511,1604,1,0.200938,Болотнинский,Новосибирская область,2
511,725,2,0.701536,Шушенский,Красноярский край,2
511,677,3,0.704146,Назарово,Красноярский край,2
515,593,1,0.702108,Петровск-Забайкальский,Забайкальский край,2
515,452,2,0.706346,Черногорск,Республика Хакасия,2
515,1254,3,0.757659,Чебулинский,Кемеровская область,2
517,1615,1,0.887391,Куйбышевский,Новосибирская область,2
517,40,2,0.950537,Белорецкий,Республика Башкортостан,2
517,601,3,0.970615,Читинский,Забайкальский край,2
535,1249,1,0.677839,Промышленновский,Кемеровская область,2
535,1254,2,0.736006,Чебулинский,Кемеровская область,2
535,1246,3,0.742833,Мариинский,Кемеровская область,2
554,1603,1,0.499555,Барабинский,Новосибирская область,2
554,1249,2,0.527888,Промышленновский,Кемеровская область,2
554,1246,3,0.606195,Мариинский,Кемеровская область,2
574,1143,1,0.591414,Свирск,Иркутская область,2
574,669,2,0.591774,Бородино,Красноярский край,2
574,1161,3,0.646468,Тайшетский,Иркутская область,2
578,789,1,0.865745,Кавалеровский,Приморский край,2
578,881,2,0.963805,Октябрьский,Амурская область,2
578,790,3,1.034260,Кировский,Приморский край,2
579,781,1,0.600150,Лесозаводский,Приморский край,2
579,780,2,0.654776,Дальнереченский,Приморский край,2
579,876,3,0.703705,Ивановский,Амурская область,2
580,789,1,1.472105,Кавалеровский,Приморский край,2
580,777,2,1.602612,Артемовский,Приморский край,2
580,881,3,1.663493,Октябрьский,Амурская область,2
581,1141,1,0.832424,Усть-Илимск,Иркутская область,2
581,2340,2,0.886313,Ленинский,Еврейская автономная область,2
581,781,3,0.947567,Лесозаводский,Приморский край,2
582,327,1,0.880036,Мирнинский,Республика Саха (Якутия),2
582,2245,2,1.134771,Надымский,Ямало-Ненецкий автономный округ,2
582,330,3,1.222729,Нерюнгринский,Республика Саха (Якутия),2
583,870,1,1.202515,Архаринский,Амурская область,2
583,790,2,1.248278,Кировский,Приморский край,2
583,800,3,1.286589,Спасский,Приморский край,2
584,1175,1,1.063552,Эхирит-Булагатский,Иркутская область,2
584,807,2,1.133853,Шкотовский,Приморский край,2
584,881,3,1.199124,Октябрьский,Амурская область,2
585,783,1,0.921965,Партизанский,Приморский край,2
585,878,2,0.954001,Магдагачинский,Амурская область,2
585,1138,3,0.960555,Саянск,Иркутская область,2
586,790,1,0.748773,Кировский,Приморский край,2
586,1139,2,0.982911,Тулун,Иркутская область,2
586,1246,3,1.006725,Мариинский,Кемеровская область,2
587,780,1,1.353581,Дальнереченский,Приморский край,2
587,781,2,1.436775,Лесозаводский,Приморский край,2
587,1153,3,1.652583,Качугский,Иркутская область,2
588,803,1,0.678370,Хасанский,Приморский край,2
588,807,2,0.690019,Шкотовский,Приморский край,2
588,797,3,0.700135,Партизанский,Приморский край,2
589,870,1,0.608848,Архаринский,Амурская область,2
589,800,2,0.809992,Спасский,Приморский край,2
589,790,3,0.999711,Кировский,Приморский край,2
591,808,1,0.537161,Яковлевский,Приморский край,2
591,880,2,0.791878,Михайловский,Амурская область,2
591,806,3,0.814014,Чугуевский,Приморский край,2
592,870,1,0.727944,Архаринский,Амурская область,2
592,800,2,0.740763,Спасский,Приморский край,2
592,790,3,0.920624,Кировский,Приморский край,2
593,1153,1,0.477256,Качугский,Иркутская область,2
593,408,2,0.556698,Пий-Хемский,Республика Тыва,2
593,515,3,0.702108,Алтайский,Алтайский край,2
594,881,1,0.824739,Октябрьский,Амурская область,2
594,882,2,0.890483,Ромненский,Амурская область,2
594,800,3,0.902640,Спасский,Приморский край,2
595,796,1,0.921399,Ольгинский,Приморский край,2
595,870,2,1.014890,Архаринский,Амурская область,2
595,806,3,1.014933,Чугуевский,Приморский край,2
598,1173,1,0.793974,Нукутский,Иркутская область,2
598,1137,2,0.816183,Зима,Иркутская область,2
598,1148,3,0.970639,Заларинский,Иркутская область,2
599,1158,1,0.862345,Нижнеудинский,Иркутская область,2
599,408,2,0.911567,Пий-Хемский,Республика Тыва,2
599,1168,3,1.006338,Чунский,Иркутская область,2
600,806,1,0.529668,Чугуевский,Приморский край,2
600,807,2,0.789011,Шкотовский,Приморский край,2
600,870,3,0.872639,Архаринский,Амурская область,2
601,2885,1,0.942850,Кудымкарский,Пермский край,2
601,517,2,0.970615,Бийский,Алтайский край,2
601,2809,3,1.012348,Кунгурский,Пермский край,2
602,870,1,1.697999,Архаринский,Амурская область,2
602,790,2,1.757416,Кировский,Приморский край,2
602,800,3,1.824309,Спасский,Приморский край,2
603,807,1,0.688621,Шкотовский,Приморский край,2
603,2343,2,0.794862,Смидовичский,Еврейская автономная область,2
603,808,3,0.798461,Яковлевский,Приморский край,2
604,448,1,1.800835,Абакан,Республика Хакасия,2
604,416,2,1.838969,Чеди-Хольский,Республика Тыва,2
604,414,3,1.893202,Улуг-Хемский,Республика Тыва,2
605,788,1,1.113228,Дальнереченский,Приморский край,2
605,459,2,1.253906,Усть-Абаканский,Республика Хакасия,2
605,870,3,1.255468,Архаринский,Амурская область,2
606,790,1,1.811099,Кировский,Приморский край,2
606,870,2,1.820035,Архаринский,Амурская область,2
606,800,3,1.898939,Спасский,Приморский край,2
607,790,1,1.504552,Кировский,Приморский край,2
607,870,2,1.549591,Архаринский,Амурская область,2
607,800,3,1.568842,Спасский,Приморский край,2
608,842,1,1.321861,Хабаровск,Хабаровский край,2
608,1430,2,1.464324,Магадан,Магаданская область,2
608,309,3,1.513020,Якутск,Республика Саха (Якутия),2
612,1957,1,1.327520,Корсаковский,Сахалинская область,2
612,843,2,1.443798,Комсомольск-на-Амуре,Хабаровский край,2
612,1955,3,1.446649,Анивский,Сахалинская область,2
613,1968,1,0.924542,Углегорский,Сахалинская область,2
613,1962,2,1.010863,Охинский,Сахалинская область,2
613,846,3,1.140810,Бикинский,Хабаровский край,2
614,1958,1,0.892838,Курильский,Сахалинская область,2
614,340,2,1.214528,Усть-Майский,Республика Саха (Якутия),2
614,338,3,1.225328,Томпонский,Республика Саха (Якутия),2
615,340,1,0.845022,Усть-Майский,Республика Саха (Якутия),2
615,1958,2,0.904899,Курильский,Сахалинская область,2
615,1962,3,1.081468,Охинский,Сахалинская область,2
616,1962,1,0.872953,Охинский,Сахалинская область,2
616,1968,2,0.911071,Углегорский,Сахалинская область,2
616,1438,3,1.100716,Ягоднинский,Магаданская область,2
618,2345,1,1.509533,Эгвекинот,Чукотский автономный округ,2
618,854,2,2.479211,Охотский,Хабаровский край,2
618,718,3,2.531927,Таймырский Долгано-Ненецкий,Красноярский край,2
619,2345,1,1.897994,Эгвекинот,Чукотский автономный округ,2
619,854,2,3.264111,Охотский,Хабаровский край,2
619,718,3,3.288030,Таймырский Долгано-Ненецкий,Красноярский край,2
621,319,1,2.595771,Верхоянский,Республика Саха (Якутия),2
621,335,2,3.027798,Среднеколымский,Республика Саха (Якутия),2
621,341,3,3.098808,Усть-Янский,Республика Саха (Якутия),2
666,504,1,0.687492,Барнаул,Алтайский край,2
666,1632,2,0.897168,Омск,Омская область,2
666,1233,3,0.995840,Новокузнецкий,Кемеровская область,2
667,2228,1,0.678141,Югорск,Ханты-Мансийский автономный округ — Югра,2
667,2227,2,0.683504,Урай,Ханты-Мансийский автономный округ — Югра,2
667,2235,3,0.732510,Советский,Ханты-Мансийский автономный округ — Югра,2
669,1143,1,0.574380,Свирск,Иркутская область,2
669,574,2,0.591774,Петровск-Забайкальский,Забайкальский край,2
669,1138,3,0.677287,Саянск,Иркутская область,2
670,1226,1,0.684077,Беловский,Кемеровская область,2
670,1231,2,0.718936,Междуреченский,Кемеровская область,2
670,1993,3,0.771259,Краснотурьинск,Свердловская область,2
671,450,1,0.630057,Саяногорск,Республика Хакасия,2
671,1161,2,0.818646,Тайшетский,Иркутская область,2
671,1232,3,0.882177,Мысковский,Кемеровская область,2
674,1141,1,0.736918,Усть-Илимск,Иркутская область,2
674,452,2,0.777092,Черногорск,Республика Хакасия,2
674,2228,3,0.779070,Югорск,Ханты-Мансийский автономный округ — Югра,2
675,450,1,0.650722,Саяногорск,Республика Хакасия,2
675,1232,2,0.703562,Мысковский,Кемеровская область,2
675,1138,3,0.780203,Саянск,Иркутская область,2
676,12,1,0.633550,Майминский,Республика Алтай,2
676,10,2,0.659500,Горно-Алтайск,Республика Алтай,2
676,507,3,0.676381,Бийск,Алтайский край,2
677,450,1,0.474444,Саяногорск,Республика Хакасия,2
677,1232,2,0.537317,Мысковский,Кемеровская область,2
677,1161,3,0.578194,Тайшетский,Иркутская область,2
678,2348,1,1.359548,Анадырский,Чукотский автономный округ,2
678,2220,2,1.483926,Нефтеюганск,Ханты-Мансийский автономный округ — Югра,2
678,2621,3,1.543864,Березники,Пермский край,2
679,1238,1,0.495445,Юргинский,Кемеровская область,2
679,1231,2,0.511022,Междуреченский,Кемеровская область,2
679,1136,3,0.551953,Братск,Иркутская область,2
680,450,1,0.527264,Саяногорск,Республика Хакасия,2
680,1519,2,0.753984,Кольский,Мурманская область,2
680,2223,3,0.843816,Покачи,Ханты-Мансийский автономный округ — Югра,2
685,1615,1,0.830117,Куйбышевский,Новосибирская область,2
685,1147,2,1.043535,Жигаловский,Иркутская область,2
685,1652,3,1.067550,Омский,Омская область,2
686,510,1,0.331656,Рубцовск,Алтайский край,2
686,452,2,0.560357,Черногорск,Республика Хакасия,2
686,1226,3,0.578940,Беловский,Кемеровская область,2
689,1151,1,0.580305,Казачинско-Ленский,Иркутская область,2
689,1157,2,0.863527,Нижнеилимский,Иркутская область,2
689,2148,3,0.926646,Александровский,Томская область,2
693,12,1,0.445046,Майминский,Республика Алтай,2
693,507,2,0.574160,Бийск,Алтайский край,2
693,448,3,0.696091,Абакан,Республика Хакасия,2
694,1143,1,0.775053,Свирск,Иркутская область,2
694,1161,2,0.955656,Тайшетский,Иркутская область,2
694,2155,3,1.023135,Колпашевский,Томская область,2
695,18,1,0.818140,Чемальский,Республика Алтай,2
695,1168,2,0.827757,Чунский,Иркутская область,2
695,2155,3,0.850241,Колпашевский,Томская область,2
702,1154,1,0.559810,Киренский,Иркутская область,2
702,1151,2,0.957069,Казачинско-Ленский,Иркутская область,2
702,2148,3,0.996595,Александровский,Томская область,2
704,1143,1,0.589424,Свирск,Иркутская область,2
704,1158,2,0.742866,Нижнеудинский,Иркутская область,2
704,574,3,0.849165,Петровск-Забайкальский,Забайкальский край,2
714,1158,1,0.506470,Нижнеудинский,Иркутская область,2
714,1167,2,0.540659,Черемховский,Иркутская область,2
714,1143,3,0.572379,Свирск,Иркутская область,2
716,2882,1,1.146535,Пуровский,Ямало-Ненецкий автономный округ,2
716,2241,2,1.293278,Муравленко,Ямало-Ненецкий автономный округ,2
716,1521,3,1.319903,Печенгский,Мурманская область,2
718,2250,1,1.697057,Ямальский,Ямало-Ненецкий автономный округ,2
718,2244,2,1.744536,Красноселькупский,Ямало-Ненецкий автономный округ,2
718,2348,3,1.775528,Анадырский,Чукотский автономный округ,2
720,2250,1,1.879481,Ямальский,Ямало-Ненецкий автономный округ,2
720,2348,2,1.951905,Анадырский,Чукотский автономный округ,2
720,324,3,2.065643,Нюрбинский,Республика Саха (Якутия),2
722,2155,1,0.670623,Колпашевский,Томская область,2
722,18,2,0.710335,Чемальский,Республика Алтай,2
722,1167,3,0.723319,Черемховский,Иркутская область,2
725,1137,1,0.470367,Зима,Иркутская область,2
725,1139,2,0.522828,Тулун,Иркутская область,2
725,505,3,0.652103,Алейск,Алтайский край,2
726,2250,1,2.052439,Ямальский,Ямало-Ненецкий автономный округ,2
726,2345,2,2.228893,Эгвекинот,Чукотский автономный округ,2
726,2244,3,2.356833,Красноселькупский,Ямало-Ненецкий автономный округ,2
741,1981,1,0.542124,Верхнесалдинский,Свердловская область,2
741,1974,2,0.609278,Асбестовский,Свердловская область,2
741,891,3,0.620840,Коряжма,Архангельская область,2
748,2279,1,0.350360,Копейский,Челябинская область,2
748,2006,2,0.421507,Ревда,Свердловская область,2
748,1986,3,0.498606,Каменск-Уральский,Свердловская область,2
763,2279,1,0.594410,Копейский,Челябинская область,2
763,57,2,0.635450,Ишимбайский,Республика Башкортостан,2
763,1333,3,0.653528,Курган,Курганская область,2
767,1051,1,0.559584,Великоустюгский,Вологодская область,2
767,1187,2,0.609179,Гусевский,Калининградская область,2
767,1191,3,0.659455,Неманский,Калининградская область,2
775,842,1,0.971934,Хабаровск,Хабаровский край,2
775,608,2,1.708332,Петропавловск-Камчатский,Камчатский край,2
775,666,3,1.806096,Красноярск,Красноярский край,2
776,2338,1,0.529032,Биробиджан,Еврейская автономная область,2
776,876,2,1.112022,Ивановский,Амурская область,2
776,881,3,1.154305,Октябрьский,Амурская область,2
777,842,1,1.042107,Хабаровск,Хабаровский край,2
777,843,2,1.120085,Комсомольск-на-Амуре,Хабаровский край,2
777,2338,3,1.286577,Биробиджан,Еврейская автономная область,2
778,2338,1,0.438370,Биробиджан,Еврейская автономная область,2
778,843,2,1.023793,Комсомольск-на-Амуре,Хабаровский край,2
778,876,3,1.253602,Ивановский,Амурская область,2
779,889,1,0.880347,Шимановский,Амурская область,2
779,876,2,0.886417,Ивановский,Амурская область,2
779,579,3,0.944944,Борзинский,Забайкальский край,2
780,579,1,0.654776,Борзинский,Забайкальский край,2
780,876,2,0.770146,Ивановский,Амурская область,2
780,871,3,0.932633,Белогорский,Амурская область,2
781,579,1,0.600150,Борзинский,Забайкальский край,2
781,876,2,0.829127,Ивановский,Амурская область,2
781,600,3,0.884237,Чернышевский,Забайкальский край,2
782,842,1,1.046369,Хабаровск,Хабаровский край,2
782,2338,2,1.136633,Биробиджан,Еврейская автономная область,2
782,843,3,1.172702,Комсомольск-на-Амуре,Хабаровский край,2
783,585,1,0.921965,Краснокаменск и Краснокаменский,Забайкальский край,2
783,874,2,0.926446,Завитинский,Амурская область,2
783,889,3,0.978567,Шимановский,Амурская область,2
784,876,1,0.842961,Ивановский,Амурская область,2
784,881,2,0.870026,Октябрьский,Амурская область,2
784,871,3,0.931569,Белогорский,Амурская область,2
785,842,1,0.948333,Хабаровск,Хабаровский край,2
785,666,2,1.551574,Красноярск,Красноярский край,2
785,843,3,1.562189,Комсомольск-на-Амуре,Хабаровский край,2
787,852,1,0.867070,Нанайский,Хабаровский край,2
787,886,2,0.997538,Сковородинский,Амурская область,2
787,1143,3,1.017409,Свирск,Иркутская область,2
788,605,1,1.113228,Агинский,Забайкальский край,2
788,1170,2,1.298705,Аларский,Иркутская область,2
788,581,3,1.428109,Забайкальский,Забайкальский край,2
789,881,1,0.726441,Октябрьский,Амурская область,2
789,876,2,0.837770,Ивановский,Амурская область,2
789,578,3,0.865745,Балейский,Забайкальский край,2
790,870,1,0.623737,Архаринский,Амурская область,2
790,586,2,0.748773,Красночикойский,Забайкальский край,2
790,881,3,0.840585,Октябрьский,Амурская область,2
791,1154,1,1.163591,Киренский,Иркутская область,2
791,859,2,1.176866,Ульчский,Хабаровский край,2
791,1157,3,1.180974,Нижнеилимский,Иркутская область,2
792,886,1,0.919818,Сковородинский,Амурская область,2
792,574,2,1.032914,Петровск-Забайкальский,Забайкальский край,2
792,1143,3,1.287297,Свирск,Иркутская область,2
793,874,1,0.489417,Завитинский,Амурская область,2
793,882,2,1.191476,Ромненский,Амурская область,2
793,877,3,1.231528,Константиновский,Амурская область,2
794,2338,1,0.738925,Биробиджан,Еврейская автономная область,2
794,579,2,0.876360,Борзинский,Забайкальский край,2
794,843,3,0.898706,Комсомольск-на-Амуре,Хабаровский край,2
795,874,1,0.746002,Завитинский,Амурская область,2
795,873,2,0.908582,Бурейский,Амурская область,2
795,880,3,0.985955,Михайловский,Амурская область,2
796,595,1,0.921399,Сретенский,Забайкальский край,2
796,600,2,1.069430,Чернышевский,Забайкальский край,2
796,594,3,1.124748,Приаргунский,Забайкальский край,2
797,2341,1,0.653599,Облученский,Еврейская автономная область,2
797,856,2,0.690034,Советско-Гаванский,Хабаровский край,2
797,588,3,0.700135,Могочинский,Забайкальский край,2
798,877,1,0.635516,Константиновский,Амурская область,2
798,874,2,0.682661,Завитинский,Амурская область,2
798,880,3,0.809857,Михайловский,Амурская область,2
799,878,1,0.791358,Магдагачинский,Амурская область,2
799,873,2,0.852848,Бурейский,Амурская область,2
799,853,3,0.886787,Николаевский,Хабаровский край,2
800,870,1,0.522407,Архаринский,Амурская область,2
800,592,2,0.740763,Ононский,Забайкальский край,2
800,876,3,0.808989,Ивановский,Амурская область,2
801,593,1,1.394507,Петровск-Забайкальский,Забайкальский край,2
801,689,2,1.419056,Богучанский,Красноярский край,2
801,671,3,1.499321,Енисейск,Красноярский край,2
802,882,1,0.747153,Ромненский,Амурская область,2
802,880,2,0.759007,Михайловский,Амурская область,2
802,874,3,0.767752,Завитинский,Амурская область,2
803,2343,1,0.661274,Смидовичский,Еврейская автономная область,2
803,588,2,0.678370,Могочинский,Забайкальский край,2
803,886,3,0.786737,Сковородинский,Амурская область,2
804,874,1,0.743428,Завитинский,Амурская область,2
804,882,2,0.931392,Ромненский,Амурская область,2
804,889,3,1.180896,Шимановский,Амурская область,2
805,889,1,0.392918,Шимановский,Амурская область,2
805,885,2,0.724795,Серышевский,Амурская область,2
805,880,3,0.829966,Михайловский,Амурская область,2
806,600,1,0.529668,Чернышевский,Забайкальский край,2
806,591,2,0.814014,Оловяннинский,Забайкальский край,2
806,603,3,0.832208,Шилкинский,Забайкальский край,2
807,2343,1,0.641884,Смидовичский,Еврейская автономная область,2
807,603,2,0.688621,Шилкинский,Забайкальский край,2
807,588,3,0.690019,Могочинский,Забайкальский край,2
808,591,1,0.537161,Оловяннинский,Забайкальский край,2
808,2342,2,0.785353,Октябрьский,Еврейская автономная область,2
808,603,3,0.798461,Шилкинский,Забайкальский край,2
842,785,1,0.948333,Уссурийский,Приморский край,2
842,775,2,0.971934,Владивостокский,Приморский край,2
842,777,3,1.042107,Артемовский,Приморский край,2
843,794,1,0.898706,Надеждинский,Приморский край,2
843,1961,2,0.988387,Ногликский,Сахалинская область,2
843,778,3,1.023793,Большой Камень,Приморский край,2
844,888,1,1.012753,Тындинский,Амурская область,2
844,2339,2,1.326708,Биробиджанский,Еврейская автономная область,2
844,884,3,1.328911,Селемджинский,Амурская область,2
846,2341,1,0.576956,Облученский,Еврейская автономная область,2
846,797,2,0.776803,Партизанский,Приморский край,2
846,333,3,0.883967,Олекминский,Республика Саха (Якутия),2
847,333,1,0.617881,Олекминский,Республика Саха (Якутия),2
847,2341,2,0.712173,Облученский,Еврейская автономная область,2
847,325,3,0.777046,Ленский,Республика Саха (Якутия),2
848,1956,1,0.777780,Долинский,Сахалинская область,2
848,1960,2,0.939950,Невельский,Сахалинская область,2
848,1968,3,0.980870,Углегорский,Сахалинская область,2
849,880,1,0.528908,Михайловский,Амурская область,2
849,885,2,0.552589,Серышевский,Амурская область,2
849,873,3,0.715603,Бурейский,Амурская область,2
851,886,1,0.714416,Сковородинский,Амурская область,2
851,797,2,0.936849,Партизанский,Приморский край,2
851,591,3,1.030587,Оловяннинский,Забайкальский край,2
852,787,1,0.867070,Анучинский,Приморский край,2
852,1157,2,0.968846,Нижнеилимский,Иркутская область,2
852,1154,3,1.122616,Киренский,Иркутская область,2
853,799,1,0.886787,Пожарский,Приморский край,2
853,1962,2,1.062858,Охинский,Сахалинская область,2
853,1968,3,1.077980,Углегорский,Сахалинская область,2
854,2345,1,2.443840,Эгвекинот,Чукотский автономный округ,2
854,618,2,2.479211,Карагинский,Камчатский край,2
854,726,3,2.600178,Эвенкийский,Красноярский край,2
855,1963,1,0.803624,Поронайский,Сахалинская область,2
855,1965,2,1.010585,Смирныховский,Сахалинская область,2
855,1969,3,1.042371,Холмский,Сахалинская область,2
856,2341,1,0.524196,Облученский,Еврейская автономная область,2
856,797,2,0.690034,Партизанский,Приморский край,2
856,333,3,0.813410,Олекминский,Республика Саха (Якутия),2
857,873,1,1.132346,Бурейский,Амурская область,2
857,1956,2,1.302142,Долинский,Сахалинская область,2
857,795,3,1.492032,Октябрьский,Приморский край,2
859,787,1,1.171282,Анучинский,Приморский край,2
859,791,2,1.176866,Красноармейский,Приморский край,2
859,1157,3,1.365256,Нижнеилимский,Иркутская область,2
870,800,1,0.522407,Спасский,Приморский край,2
870,589,2,0.608848,Нерчинский,Забайкальский край,2
870,790,3,0.623737,Кировский,Приморский край,2
871,579,1,0.780204,Борзинский,Забайкальский край,2
871,784,2,0.931569,Спасск-Дальний,Приморский край,2
871,780,3,0.932633,Дальнереченский,Приморский край,2
872,842,1,1.608589,Хабаровск,Хабаровский край,2
872,785,2,1.690825,Уссурийский,Приморский край,2
872,666,3,1.730729,Красноярск,Красноярский край,2
873,849,1,0.715603,Вяземский,Хабаровский край,2
873,799,2,0.852848,Пожарский,Приморский край,2
873,795,3,0.908582,Октябрьский,Приморский край,2
874,793,1,0.489417,Михайловский,Приморский край,2
874,798,2,0.682661,Пограничный,Приморский край,2
874,804,3,0.743428,Хорольский,Приморский край,2
875,330,1,0.976280,Нерюнгринский,Республика Саха (Якутия),2
875,1969,2,1.194812,Холмский,Сахалинская область,2
875,1961,3,1.236548,Ногликский,Сахалинская область,2
876,579,1,0.703705,Борзинский,Забайкальский край,2
876,780,2,0.770146,Дальнереченский,Приморский край,2
876,800,3,0.808989,Спасский,Приморский край,2
877,798,1,0.635516,Пограничный,Приморский край,2
877,805,2,0.914088,Черниговский,Приморский край,2
877,802,3,0.919027,Ханкайский,Приморский край,2
878,807,1,0.694306,Шкотовский,Приморский край,2
878,799,2,0.791358,Пожарский,Приморский край,2
878,805,3,0.937909,Черниговский,Приморский край,2
879,1966,1,1.061693,Томаринский,Сахалинская область,2
879,321,2,1.078124,Горный,Республика Саха (Якутия),2
879,342,3,1.117824,Хангаласский,Республика Саха (Якутия),2
880,849,1,0.528908,Вяземский,Хабаровский край,2
880,802,2,0.759007,Ханкайский,Приморский край,2
880,591,3,0.791878,Оловяннинский,Забайкальский край,2
881,789,1,0.726441,Кавалеровский,Приморский край,2
881,594,2,0.824739,Приаргунский,Забайкальский край,2
881,790,3,0.840585,Кировский,Приморский край,2
882,802,1,0.747153,Ханкайский,Приморский край,2
882,594,2,0.890483,Приаргунский,Забайкальский край,2
882,804,3,0.931392,Хорольский,Приморский край,2
883,584,1,1.503913,Карымский,Забайкальский край,2
883,2339,2,1.723636,Биробиджанский,Еврейская автономная область,2
883,585,3,1.894238,Краснокаменск и Краснокаменский,Забайкальский край,2
884,799,1,0.929282,Пожарский,Приморский край,2
884,853,2,1.119688,Николаевский,Хабаровский край,2
884,844,3,1.328911,Амурский,Хабаровский край,2
885,849,1,0.552589,Вяземский,Хабаровский край,2
885,805,2,0.724795,Черниговский,Приморский край,2
885,1960,3,0.761710,Невельский,Сахалинская область,2
886,851,1,0.714416,Лазо,Хабаровский край,2
886,803,2,0.786737,Хасанский,Приморский край,2
886,574,3,0.849251,Петровск-Забайкальский,Забайкальский край,2
888,325,1,0.754553,Ленский,Республика Саха (Якутия),2
888,333,2,0.892454,Олекминский,Республика Саха (Якутия),2
888,844,3,1.012753,Амурский,Хабаровский край,2
889,805,1,0.392918,Черниговский,Приморский край,2
889,849,2,0.868754,Вяземский,Хабаровский край,2
889,779,3,0.880347,Дальнегорский,Приморский край,2
890,2193,1,0.414627,Тобольск,Тюменская область,2
890,224,2,0.602613,Сыктывкар,Республика Коми,2
890,2000,3,0.666989,Нижний Тагил,Свердловская область,2
891,1981,1,0.414408,Верхнесалдинский,Свердловская область,2
891,1672,2,0.592745,Новотроицк,Оренбургская область,2
891,741,3,0.620840,Добрянский,Пермский край,2
892,2005,1,0.360703,Полевской,Свердловская область,2
892,2010,2,0.420211,Серовский,Свердловская область,2
892,1993,3,0.423503,Краснотурьинск,Свердловская область,2
896,2220,1,0.525058,Нефтеюганск,Ханты-Мансийский автономный округ — Югра,2
896,2193,2,0.651968,Тобольск,Тюменская область,2
896,2221,3,0.714282,Нижневартовск,Ханты-Мансийский автономный округ — Югра,2
912,2040,1,0.349014,Камышловский,Свердловская область,2
912,2236,2,1.154742,Сургутский,Ханты-Мансийский автономный округ — Югра,2
912,2224,3,1.159409,Пыть-Ях,Ханты-Мансийский автономный округ — Югра,2
916,2880,1,0.963383,Лабытнанги,Ямало-Ненецкий автономный округ,2
916,327,2,1.005812,Мирнинский,Республика Саха (Якутия),2
916,225,3,1.030637,Воркута,Республика Коми,2
917,2880,1,1.151106,Лабытнанги,Ямало-Ненецкий автономный округ,2
917,325,2,1.161245,Ленский,Республика Саха (Якутия),2
917,333,3,1.285532,Олекминский,Республика Саха (Якутия),2
1049,2229,1,2.570514,Белоярский,Ханты-Мансийский автономный округ — Югра,2
1049,1184,2,2.731014,Балтийский,Калининградская область,2
1049,2236,3,2.847315,Сургутский,Ханты-Мансийский автономный округ — Югра,2
1051,2203,1,0.460093,Ишимский,Тюменская область,2
1051,767,2,0.559584,Чусовской,Пермский край,2
1051,2194,3,0.602426,Ялуторовск,Тюменская область,2
1059,2203,1,0.972414,Ишимский,Тюменская область,2
1059,30,2,1.041946,Абзелиловский,Республика Башкортостан,2
1059,2192,3,1.089422,Ишим,Тюменская область,2
1135,1233,1,0.893454,Новокузнецкий,Кемеровская область,2
1135,679,2,0.899117,Сосновоборск,Красноярский край,2
1135,504,3,0.899585,Барнаул,Алтайский край,2
1136,1231,1,0.372763,Междуреченский,Кемеровская область,2
1136,679,2,0.551953,Сосновоборск,Красноярский край,2
1136,1236,3,0.791278,Прокопьевский,Кемеровская область,2
1137,725,1,0.470367,Шушенский,Красноярский край,2
1137,554,2,0.671736,Советский,Алтайский край,2
1137,1249,3,0.724905,Промышленновский,Кемеровская область,2
1138,669,1,0.677287,Бородино,Красноярский край,2
1138,574,2,0.700519,Петровск-Забайкальский,Забайкальский край,2
1138,675,3,0.780203,Лесосибирск,Красноярский край,2
1139,725,1,0.522828,Шушенский,Красноярский край,2
1139,554,2,0.658851,Советский,Алтайский край,2
1139,452,3,0.693114,Черногорск,Республика Хакасия,2
1140,679,1,0.577864,Сосновоборск,Красноярский край,2
1140,1231,2,0.831872,Междуреченский,Кемеровская область,2
1140,1238,3,0.848512,Юргинский,Кемеровская область,2
1141,674,1,0.736918,Канск,Красноярский край,2
1141,579,2,0.828142,Борзинский,Забайкальский край,2
1141,675,3,0.831176,Лесосибирск,Красноярский край,2
1142,452,1,0.325551,Черногорск,Республика Хакасия,2
1142,725,2,0.721315,Шушенский,Красноярский край,2
1142,686,3,0.742528,Березовский,Красноярский край,2
1143,714,1,0.572379,Рыбинский,Красноярский край,2
1143,669,2,0.574380,Бородино,Красноярский край,2
1143,704,3,0.589424,Краснотуранский,Красноярский край,2
1147,593,1,0.748508,Петровск-Забайкальский,Забайкальский край,2
1147,452,2,0.833333,Черногорск,Республика Хакасия,2
1147,408,3,0.904112,Пий-Хемский,Республика Тыва,2
1148,455,1,0.644453,Бейский,Республика Хакасия,2
1148,408,2,0.681447,Пий-Хемский,Республика Тыва,2
1148,453,3,0.779826,Алтайский,Республика Хакасия,2
1149,598,1,1.022764,Улётовский,Забайкальский край,2
1149,2208,2,1.032724,Сорокинский,Тюменская область,2
1149,535,3,1.109121,Кулундинский,Алтайский край,2
1151,689,1,0.580305,Богучанский,Красноярский край,2
1151,702,2,0.957069,Кежемский,Красноярский край,2
1151,2148,3,0.973847,Александровский,Томская область,2
1152,1969,1,1.087380,Холмский,Сахалинская область,2
1152,1963,2,1.128366,Поронайский,Сахалинская область,2
1152,340,3,1.225599,Усть-Майский,Республика Саха (Якутия),2
1153,593,1,0.477256,Петровск-Забайкальский,Забайкальский край,2
1153,408,2,0.824790,Пий-Хемский,Республика Тыва,2
1153,515,3,0.856792,Алтайский,Алтайский край,2
1154,702,1,0.559810,Кежемский,Красноярский край,2
1154,2148,2,0.896192,Александровский,Томская область,2
1154,689,3,0.951830,Богучанский,Красноярский край,2
1155,725,1,0.760165,Шушенский,Красноярский край,2
1155,20,2,0.804087,Шебалинский,Республика Алтай,2
1155,593,3,0.881543,Петровск-Забайкальский,Забайкальский край,2
1157,2155,1,0.513702,Колпашевский,Томская область,2
1157,449,2,0.705464,Абаза,Республика Хакасия,2
1157,689,3,0.863527,Богучанский,Красноярский край,2
1158,714,1,0.506470,Рыбинский,Красноярский край,2
1158,449,2,0.552125,Абаза,Республика Хакасия,2
1158,2155,3,0.588913,Колпашевский,Томская область,2
1159,13,1,1.044401,Онгудайский,Республика Алтай,2
1159,408,2,1.229824,Пий-Хемский,Республика Тыва,2
1159,16,3,1.235481,Усть-Канский,Республика Алтай,2
1160,450,1,0.540056,Саяногорск,Республика Хакасия,2
1160,574,2,0.654896,Петровск-Забайкальский,Забайкальский край,2
1160,669,3,0.742284,Бородино,Красноярский край,2
1161,677,1,0.578194,Назарово,Красноярский край,2
1161,714,2,0.610097,Рыбинский,Красноярский край,2
1161,450,3,0.626580,Саяногорск,Республика Хакасия,2
1163,2148,1,1.019948,Александровский,Томская область,2
1163,695,2,1.079677,Ермаковский,Красноярский край,2
1163,689,3,1.154696,Богучанский,Красноярский край,2
1164,20,1,0.906452,Шебалинский,Республика Алтай,2
1164,695,2,1.258299,Ермаковский,Красноярский край,2
1164,453,3,1.300869,Алтайский,Республика Хакасия,2
1165,675,1,0.813542,Лесосибирск,Красноярский край,2
1165,674,2,0.815770,Канск,Красноярский край,2
1165,667,3,0.858816,Ачинск,Красноярский край,2
1167,2155,1,0.508185,Колпашевский,Томская область,2
1167,714,2,0.540659,Рыбинский,Красноярский край,2
1167,449,3,0.556538,Абаза,Республика Хакасия,2
1168,449,1,0.233143,Абаза,Республика Хакасия,2
1168,2155,2,0.408794,Колпашевский,Томская область,2
1168,714,3,0.713450,Рыбинский,Красноярский край,2
1169,679,1,0.704433,Сосновоборск,Красноярский край,2
1169,1238,2,0.818853,Юргинский,Кемеровская область,2
1169,1231,3,0.976047,Междуреченский,Кемеровская область,2
1170,453,1,0.497768,Алтайский,Республика Хакасия,2
1170,455,2,0.676879,Бейский,Республика Хакасия,2
1170,459,3,0.678303,Усть-Абаканский,Республика Хакасия,2
1171,416,1,0.955555,Чеди-Хольский,Республика Тыва,2
1171,13,2,0.991340,Онгудайский,Республика Алтай,2
1171,16,3,1.149661,Усть-Канский,Республика Алтай,2
1172,554,1,0.720222,Советский,Алтайский край,2
1172,593,2,0.790236,Петровск-Забайкальский,Забайкальский край,2
1172,515,3,0.803121,Алтайский,Алтайский край,2
1173,725,1,0.789092,Шушенский,Красноярский край,2
1173,598,2,0.793974,Улётовский,Забайкальский край,2
1173,554,3,0.850616,Советский,Алтайский край,2
1174,1256,1,0.911944,Яйский,Кемеровская область,2
1174,704,2,0.927016,Краснотуранский,Красноярский край,2
1174,669,3,1.050659,Бородино,Красноярский край,2
1175,554,1,0.943807,Советский,Алтайский край,2
1175,1256,2,1.042653,Яйский,Кемеровская область,2
1175,584,3,1.063552,Карымский,Забайкальский край,2
1181,3011,1,0.547563,Златоустовский,Челябинская область,2
1181,741,2,0.656892,Добрянский,Пермский край,2
1181,79,3,0.659252,Хайбуллинский,Республика Башкортостан,2
1184,2236,1,0.885411,Сургутский,Ханты-Мансийский автономный округ — Югра,2
1184,1398,2,1.050696,Кингисеппский,Ленинградская область,2
1184,1999,3,1.219607,Невьянский,Свердловская область,2
1187,767,1,0.609179,Чусовской,Пермский край,2
1187,1999,2,0.837689,Невьянский,Свердловская область,2
1187,1981,3,0.879937,Верхнесалдинский,Свердловская область,2
1191,767,1,0.659455,Чусовской,Пермский край,2
1191,237,2,0.798548,Сыктывдинский,Республика Коми,2
1191,1051,3,0.813871,Великоустюгский,Вологодская область,2
1197,3011,1,0.328602,Златоустовский,Челябинская область,2
1197,23,2,0.573389,Кумертау,Республика Башкортостан,2
1197,1974,3,0.644291,Асбестовский,Свердловская область,2
1225,510,1,0.649408,Рубцовск,Алтайский край,2
1225,1603,2,0.705141,Барабинский,Новосибирская область,2
1225,505,3,0.756511,Алейск,Алтайский край,2
1226,686,1,0.578940,Березовский,Красноярский край,2
1226,510,2,0.586860,Рубцовск,Алтайский край,2
1226,670,3,0.684077,Дивногорск,Красноярский край,2
1227,508,1,0.617037,Заринск,Алтайский край,2
1227,509,2,0.852872,Новоалтайск,Алтайский край,2
1227,1974,3,0.919183,Асбестовский,Свердловская область,2
1228,1603,1,0.571391,Барабинский,Новосибирская область,2
1228,505,2,0.730659,Алейск,Алтайский край,2
1228,725,3,0.887244,Шушенский,Красноярский край,2
1229,509,1,0.639913,Новоалтайск,Алтайский край,2
1229,679,2,0.646155,Сосновоборск,Красноярский край,2
1229,1333,3,0.728147,Курган,Курганская область,2
1230,686,1,0.628180,Березовский,Красноярский край,2
1230,510,2,0.639197,Рубцовск,Алтайский край,2
1230,676,3,0.717371,Минусинск,Красноярский край,2
1231,1136,1,0.372763,Братск,Иркутская область,2
1231,679,2,0.511022,Сосновоборск,Красноярский край,2
1231,670,3,0.718936,Дивногорск,Красноярский край,2
1232,677,1,0.537317,Назарово,Красноярский край,2
1232,505,2,0.702882,Алейск,Алтайский край,2
1232,675,3,0.703562,Лесосибирск,Красноярский край,2
1233,504,1,0.643673,Барнаул,Алтайский край,2
1233,1632,2,0.672537,Омск,Омская область,2
1233,224,3,0.784934,Сыктывкар,Республика Коми,2
1234,509,1,0.722445,Новоалтайск,Алтайский край,2
1234,679,2,0.790855,Сосновоборск,Красноярский край,2
1234,508,3,0.863058,Заринск,Алтайский край,2
1235,509,1,0.694482,Новоалтайск,Алтайский край,2
1235,679,2,0.764425,Сосновоборск,Красноярский край,2
1235,510,3,0.765129,Рубцовск,Алтайский край,2
1236,509,1,0.396159,Новоалтайск,Алтайский край,2
1236,1333,2,0.462995,Курган,Курганская область,2
1236,224,3,0.565104,Сыктывкар,Республика Коми,2
1238,509,1,0.352416,Новоалтайск,Алтайский край,2
1238,1333,2,0.477838,Курган,Курганская область,2
1238,679,3,0.495445,Сосновоборск,Красноярский край,2
1241,508,1,0.935218,Заринск,Алтайский край,2
1241,1603,2,1.065190,Барабинский,Новосибирская область,2
1241,1138,3,1.070804,Саянск,Иркутская область,2
1246,1603,1,0.595401,Барабинский,Новосибирская область,2
1246,554,2,0.606195,Советский,Алтайский край,2
1246,535,3,0.742833,Кулундинский,Алтайский край,2
1249,1603,1,0.370665,Барабинский,Новосибирская область,2
1249,554,2,0.527888,Советский,Алтайский край,2
1249,535,3,0.677839,Кулундинский,Алтайский край,2
1250,18,1,0.697538,Чемальский,Республика Алтай,2
1250,2235,2,0.916620,Советский,Ханты-Мансийский автономный округ — Югра,2
1250,455,3,0.926987,Бейский,Республика Хакасия,2
1252,1603,1,0.859057,Барабинский,Новосибирская область,2
1252,505,2,0.861101,Алейск,Алтайский край,2
1252,509,3,0.882934,Новоалтайск,Алтайский край,2
1254,535,1,0.736006,Кулундинский,Алтайский край,2
1254,408,2,0.754436,Пий-Хемский,Республика Тыва,2
1254,515,3,0.757659,Алтайский,Алтайский край,2
1256,1603,1,0.403942,Барабинский,Новосибирская область,2
1256,505,2,0.493839,Алейск,Алтайский край,2
1256,1604,3,0.669019,Болотнинский,Новосибирская область,2
1333,509,1,0.336174,Новоалтайск,Алтайский край,2
1333,1236,2,0.462995,Прокопьевский,Кемеровская область,2
1333,1238,3,0.477838,Юргинский,Кемеровская область,2
1398,2288,1,0.803417,Чебаркульский,Челябинская область,2
1398,892,2,0.894729,Котлас,Архангельская область,2
1398,2010,3,0.992125,Серовский,Свердловская область,2
1430,1961,1,1.278589,Ногликский,Сахалинская область,2
1430,843,2,1.403958,Комсомольск-на-Амуре,Хабаровский край,2
1430,332,3,1.427314,Оймяконский,Республика Саха (Якутия),2
1431,856,1,1.093213,Советско-Гаванский,Хабаровский край,2
1431,853,2,1.126377,Николаевский,Хабаровский край,2
1431,847,3,1.246263,Ванинский,Хабаровский край,2
1438,616,1,1.100716,Усть-Камчатский,Камчатский край,2
1438,613,2,1.194097,Мильковский,Камчатский край,2
1438,1962,3,1.395251,Охинский,Сахалинская область,2
1506,2220,1,0.812623,Нефтеюганск,Ханты-Мансийский автономный округ — Югра,2
1506,2243,2,0.849213,Ноябрьск,Ямало-Ненецкий автономный округ,2
1506,896,3,0.937664,Северодвинск,Архангельская область,2
1507,2222,1,0.634356,Нягань,Ханты-Мансийский автономный округ — Югра,2
1507,2217,2,0.678013,Когалым,Ханты-Мансийский автономный округ — Югра,2
1507,2879,3,0.722492,Губкинский,Ямало-Ненецкий автономный округ,2
1508,2879,1,0.628883,Губкинский,Ямало-Ненецкий автономный округ,2
1508,2241,2,0.970124,Муравленко,Ямало-Ненецкий автономный округ,2
1508,2882,3,1.044408,Пуровский,Ямало-Ненецкий автономный округ,2
1509,207,1,0.533536,Костомукшский,Республика Карелия,2
1509,2882,2,0.588652,Пуровский,Ямало-Ненецкий автономный округ,2
1509,2223,3,0.706021,Покачи,Ханты-Мансийский автономный округ — Югра,2
1510,2241,1,0.999773,Муравленко,Ямало-Ненецкий автономный округ,2
1510,2223,2,1.174526,Покачи,Ханты-Мансийский автономный округ — Югра,2
1510,226,3,1.262359,Вуктыл,Республика Коми,2
1511,2882,1,0.619933,Пуровский,Ямало-Ненецкий автономный округ,2
1511,207,2,0.669487,Костомукшский,Республика Карелия,2
1511,2241,3,0.820275,Муравленко,Ямало-Ненецкий автономный округ,2
1512,2241,1,0.892318,Муравленко,Ямало-Ненецкий автономный округ,2
1512,2248,2,0.980195,Тазовский,Ямало-Ненецкий автономный округ,2
1512,2882,3,1.253160,Пуровский,Ямало-Ненецкий автономный округ,2
1518,2241,1,0.638284,Муравленко,Ямало-Ненецкий автономный округ,2
1518,2882,2,0.699092,Пуровский,Ямало-Ненецкий автономный округ,2
1518,2232,3,0.846276,Нефтеюганский,Ханты-Мансийский автономный округ — Югра,2
1519,2223,1,0.417337,Покачи,Ханты-Мансийский автономный округ — Югра,2
1519,2148,2,0.486424,Александровский,Томская область,2
1519,680,3,0.753984,Шарыпово,Красноярский край,2
1521,2882,1,0.909062,Пуровский,Ямало-Ненецкий автономный округ,2
1521,2241,2,1.003837,Муравленко,Ямало-Ненецкий автономный округ,2
1521,2879,3,1.100689,Губкинский,Ямало-Ненецкий автономный округ,2
1599,1230,1,0.772974,Ленинск-Кузнецкий,Кемеровская область,2
1599,1333,2,0.797914,Курган,Курганская область,2
1599,1238,3,0.829210,Юргинский,Кемеровская область,2
1603,1249,1,0.370665,Промышленновский,Кемеровская область,2
1603,1256,2,0.403942,Яйский,Кемеровская область,2
1603,505,3,0.485196,Алейск,Алтайский край,2
1604,511,1,0.200938,Славгород,Алтайский край,2
1604,1256,2,0.669019,Яйский,Кемеровская область,2
1604,677,3,0.681038,Назарово,Красноярский край,2
1615,686,1,0.783738,Березовский,Красноярский край,2
1615,510,2,0.819933,Рубцовск,Алтайский край,2
1615,515,3,0.821976,Алтайский,Алтайский край,2
1632,504,1,0.324926,Барнаул,Алтайский край,2
1632,1233,2,0.672537,Новокузнецкий,Кемеровская область,2
1632,2281,3,0.873167,Магнитогорский,Челябинская область,2
1652,1615,1,0.968344,Куйбышевский,Новосибирская область,2
1652,79,2,0.974889,Хайбуллинский,Республика Башкортостан,2
1652,510,3,1.049343,Рубцовск,Алтайский край,2
1672,891,1,0.592745,Коряжма,Архангельская область,2
1672,741,2,0.668084,Добрянский,Пермский край,2
1672,1981,3,0.668234,Верхнесалдинский,Свердловская область,2
1673,2010,1,0.617833,Серовский,Свердловская область,2
1673,1999,2,0.656217,Невьянский,Свердловская область,2
1673,892,3,0.865318,Котлас,Архангельская область,2
1954,885,1,1.066862,Серышевский,Амурская область,2
1954,880,2,1.116656,Михайловский,Амурская область,2
1954,849,3,1.126745,Вяземский,Хабаровский край,2
1955,314,1,1.167032,Амгинский,Республика Саха (Якутия),2
1955,320,2,1.254570,Вилюйский,Республика Саха (Якутия),2
1955,326,3,1.327807,Мегино-Кангаласский,Республика Саха (Якутия),2
1956,848,1,0.777780,Верхнебуреинский,Хабаровский край,2
1956,885,2,1.077939,Серышевский,Амурская область,2
1956,873,3,1.132872,Бурейский,Амурская область,2
1957,340,1,0.827199,Усть-Майский,Республика Саха (Якутия),2
1957,317,2,1.222609,Верхневилюйский,Республика Саха (Якутия),2
1957,843,3,1.260743,Комсомольск-на-Амуре,Хабаровский край,2
1958,340,1,0.791339,Усть-Майский,Республика Саха (Якутия),2
1958,614,2,0.892838,Соболевский,Камчатский край,2
1958,615,3,0.904899,Усть-Большерецкий,Камчатский край,2
1959,885,1,0.955833,Серышевский,Амурская область,2
1959,849,2,1.042540,Вяземский,Хабаровский край,2
1959,848,3,1.065659,Верхнебуреинский,Хабаровский край,2
1960,885,1,0.761710,Серышевский,Амурская область,2
1960,849,2,0.842477,Вяземский,Хабаровский край,2
1960,848,3,0.939950,Верхнебуреинский,Хабаровский край,2
1961,312,1,0.987630,Алданский,Республика Саха (Якутия),2
1961,843,2,0.988387,Комсомольск-на-Амуре,Хабаровский край,2
1961,340,3,1.025781,Усть-Майский,Республика Саха (Якутия),2
1962,616,1,0.872953,Усть-Камчатский,Камчатский край,2
1962,613,2,1.010863,Мильковский,Камчатский край,2
1962,848,3,1.062539,Верхнебуреинский,Хабаровский край,2
1963,855,1,0.803624,Полины Осипенко,Хабаровский край,2
1963,338,2,1.078251,Томпонский,Республика Саха (Якутия),2
1963,1152,3,1.128366,Катангский,Иркутская область,2
1965,855,1,1.010585,Полины Осипенко,Хабаровский край,2
1965,885,2,1.084953,Серышевский,Амурская область,2
1965,880,3,1.218398,Михайловский,Амурская область,2
1966,879,1,1.061693,Мазановский,Амурская область,2
1966,885,2,1.157285,Серышевский,Амурская область,2
1966,880,3,1.176562,Михайловский,Амурская область,2
1967,879,1,1.154438,Мазановский,Амурская область,2
1967,855,2,1.220056,Полины Осипенко,Хабаровский край,2
1967,613,3,1.305456,Мильковский,Камчатский край,2
1968,616,1,0.911071,Усть-Камчатский,Камчатский край,2
1968,613,2,0.924542,Мильковский,Камчатский край,2
1968,848,3,0.980870,Верхнебуреинский,Хабаровский край,2
1969,885,1,1.034763,Серышевский,Амурская область,2
1969,855,2,1.042371,Полины Осипенко,Хабаровский край,2
1969,1152,3,1.087380,Катангский,Иркутская область,2
1970,853,1,1.478354,Николаевский,Хабаровский край,2
1970,1431,2,1.481178,Ольский,Магаданская область,2
1970,2250,3,1.508321,Ямальский,Ямало-Ненецкий автономный округ,2
1974,3011,1,0.480255,Златоустовский,Челябинская область,2
1974,741,2,0.609278,Добрянский,Пермский край,2
1974,892,3,0.639511,Котлас,Архангельская область,2
1981,891,1,0.414408,Коряжма,Архангельская область,2
1981,741,2,0.542124,Добрянский,Пермский край,2
1981,1672,3,0.668234,Новотроицк,Оренбургская область,2
1986,2279,1,0.420686,Копейский,Челябинская область,2
1986,2288,2,0.473099,Чебаркульский,Челябинская область,2
1986,748,3,0.498606,Краснокамский,Пермский край,2
1993,892,1,0.423503,Котлас,Архангельская область,2
1993,2288,2,0.706658,Чебаркульский,Челябинская область,2
1993,3011,3,0.707996,Златоустовский,Челябинская область,2
1999,892,1,0.497296,Котлас,Архангельская область,2
1999,3011,2,0.598966,Златоустовский,Челябинская область,2
1999,1673,3,0.656217,Орск,Оренбургская область,2
2000,2279,1,0.503415,Копейский,Челябинская область,2
2000,224,2,0.506081,Сыктывкар,Республика Коми,2
2000,2282,3,0.563918,Миасский,Челябинская область,2
2004,2282,1,0.547373,Миасский,Челябинская область,2
2004,2279,2,0.550093,Копейский,Челябинская область,2
2004,2281,3,0.610290,Магнитогорский,Челябинская область,2
2005,892,1,0.360703,Котлас,Архангельская область,2
2005,3011,2,0.425016,Златоустовский,Челябинская область,2
2005,2288,3,0.550696,Чебаркульский,Челябинская область,2
2006,748,1,0.421507,Краснокамский,Пермский край,2
2006,3011,2,0.436923,Златоустовский,Челябинская область,2
2006,2279,3,0.440661,Копейский,Челябинская область,2
2010,892,1,0.420211,Котлас,Архангельская область,2
2010,1673,2,0.617833,Орск,Оренбургская область,2
2010,3011,3,0.784929,Златоустовский,Челябинская область,2
2024,1051,1,0.948292,Великоустюгский,Вологодская область,2
2024,368,2,0.992339,Бугульминский,Республика Татарстан,2
2024,767,3,0.997574,Чусовской,Пермский край,2
2032,2279,1,0.664402,Копейский,Челябинская область,2
2032,748,2,0.680703,Краснокамский,Пермский край,2
2032,892,3,0.699986,Котлас,Архангельская область,2
2040,912,1,0.349014,Приморский,Архангельская область,2
2040,2232,2,1.069707,Нефтеюганский,Ханты-Мансийский автономный округ — Югра,2
2040,222,3,1.079693,Сортавальский,Республика Карелия,2
2146,234,1,0.371776,Печора,Республика Коми,2
2146,228,2,0.497773,Усинск,Республика Коми,2
2146,2218,3,0.790620,Лангепас,Ханты-Мансийский автономный округ — Югра,2
2148,1519,1,0.486424,Кольский,Мурманская область,2
2148,2223,2,0.736662,Покачи,Ханты-Мансийский автономный округ — Югра,2
2148,680,3,0.846026,Шарыпово,Красноярский край,2
2151,230,1,1.017809,Ижемский,Республика Коми,2
2151,694,2,1.318797,Енисейский,Красноярский край,2
2151,449,3,1.415678,Абаза,Республика Хакасия,2
2155,1168,1,0.408794,Чунский,Иркутская область,2
2155,449,2,0.437966,Абаза,Республика Хакасия,2
2155,1167,3,0.508185,Черемховский,Иркутская область,2
2192,2620,1,0.624295,Соликамский,Пермский край,2
2192,1051,2,0.636701,Великоустюгский,Вологодская область,2
2192,505,3,0.715807,Алейск,Алтайский край,2
2193,890,1,0.414627,Архангельск,Архангельская область,2
2193,224,2,0.598852,Сыктывкар,Республика Коми,2
2193,896,3,0.651968,Северодвинск,Архангельская область,2
2194,1051,1,0.602426,Великоустюгский,Вологодская область,2
2194,767,2,0.709256,Чусовской,Пермский край,2
2194,79,3,0.752726,Хайбуллинский,Республика Башкортостан,2
2203,1051,1,0.460093,Великоустюгский,Вологодская область,2
2203,1603,2,0.714996,Барабинский,Новосибирская область,2
2203,505,3,0.785844,Алейск,Алтайский край,2
2208,230,1,0.972880,Ижемский,Республика Коми,2
2208,453,2,1.011257,Алтайский,Республика Хакасия,2
2208,1149,3,1.032724,Зиминский,Иркутская область,2
2216,2242,1,0.759192,Новый Уренгой,Ямало-Ненецкий автономный округ,2
2216,1506,2,0.991025,Мурманск,Мурманская область,2
2216,896,3,1.107896,Северодвинск,Архангельская область,2
2217,2243,1,0.594562,Ноябрьск,Ямало-Ненецкий автономный округ,2
2217,1507,2,0.678013,Апатиты,Мурманская область,2
2217,2242,3,0.893204,Новый Уренгой,Ямало-Ненецкий автономный округ,2
2218,228,1,0.686145,Усинск,Республика Коми,2
2218,2146,2,0.790620,Стрежевой,Томская область,2
2218,2245,3,0.795253,Надымский,Ямало-Ненецкий автономный округ,2
2219,896,1,0.890513,Северодвинск,Архангельская область,2
2219,2243,2,0.933535,Ноябрьск,Ямало-Ненецкий автономный округ,2
2219,229,3,0.978549,Ухта,Республика Коми,2
2220,896,1,0.525058,Северодвинск,Архангельская область,2
2220,890,2,0.669755,Архангельск,Архангельская область,2
2220,2193,3,0.703672,Тобольск,Тюменская область,2
2221,896,1,0.714282,Северодвинск,Архангельская область,2
2221,890,2,0.828038,Архангельск,Архангельская область,2
2221,2193,3,0.882837,Тобольск,Тюменская область,2
2222,2243,1,0.582381,Ноябрьск,Ямало-Ненецкий автономный округ,2
2222,1507,2,0.634356,Апатиты,Мурманская область,2
2222,2245,3,0.920342,Надымский,Ямало-Ненецкий автономный округ,2
2223,1519,1,0.417337,Кольский,Мурманская область,2
2223,2241,2,0.587233,Муравленко,Ямало-Ненецкий автономный округ,2
2223,1509,3,0.706021,Мончегорск,Мурманская область,2
2224,2243,1,0.733174,Ноябрьск,Ямало-Ненецкий автономный округ,2
2224,667,2,0.903895,Ачинск,Красноярский край,2
2224,674,3,0.997780,Канск,Красноярский край,2
2225,226,1,0.735693,Вуктыл,Республика Коми,2
2225,1519,2,0.983732,Кольский,Мурманская область,2
2225,236,3,1.023077,Сосногорск,Республика Коми,2
2226,2193,1,0.839985,Тобольск,Тюменская область,2
2226,896,2,0.849981,Северодвинск,Архангельская область,2
2226,890,3,0.884545,Архангельск,Архангельская область,2
2227,2243,1,0.672787,Ноябрьск,Ямало-Ненецкий автономный округ,2
2227,667,2,0.683504,Ачинск,Красноярский край,2
2227,207,3,0.862195,Костомукшский,Республика Карелия,2
2228,667,1,0.678141,Ачинск,Красноярский край,2
2228,674,2,0.779070,Канск,Красноярский край,2
2228,2243,3,0.813566,Ноябрьск,Ямало-Ненецкий автономный округ,2
2229,2245,1,0.649075,Надымский,Ямало-Ненецкий автономный округ,2
2229,2241,2,0.967146,Муравленко,Ямало-Ненецкий автономный округ,2
2229,2882,3,1.028071,Пуровский,Ямало-Ненецкий автономный округ,2
2230,1151,1,1.091597,Казачинско-Ленский,Иркутская область,2
2230,2148,2,1.149291,Александровский,Томская область,2
2230,1518,3,1.177284,Кандалакшский,Мурманская область,2
2231,1250,1,1.113599,Таштагольский,Кемеровская область,2
2231,722,2,1.134544,Ужурский,Красноярский край,2
2231,689,3,1.152541,Богучанский,Красноярский край,2
2232,222,1,0.653786,Сортавальский,Республика Карелия,2
2232,2241,2,0.832753,Муравленко,Ямало-Ненецкий автономный округ,2
2232,1509,3,0.839959,Мончегорск,Мурманская область,2
2233,226,1,0.565601,Вуктыл,Республика Коми,2
2233,1519,2,1.037488,Кольский,Мурманская область,2
2233,2148,3,1.154500,Александровский,Томская область,2
2234,2148,1,1.204612,Александровский,Томская область,2
2234,226,2,1.285675,Вуктыл,Республика Коми,2
2234,1510,3,1.290687,Оленегорск,Мурманская область,2
2235,667,1,0.732510,Ачинск,Красноярский край,2
2235,237,2,0.837589,Сыктывдинский,Республика Коми,2
2235,674,3,0.868491,Канск,Красноярский край,2
2236,1184,1,0.885411,Балтийский,Калининградская область,2
2236,912,2,1.154742,Приморский,Архангельская область,2
2236,2040,3,1.217910,Камышловский,Свердловская область,2
2237,912,1,1.212369,Приморский,Архангельская область,2
2237,2040,2,1.399585,Камышловский,Свердловская область,2
2237,2192,3,1.403498,Ишим,Тюменская область,2
2238,843,1,1.434778,Комсомольск-на-Амуре,Хабаровский край,2
2238,2221,2,1.511579,Нижневартовск,Ханты-Мансийский автономный округ — Югра,2
2238,1506,3,1.613405,Мурманск,Мурманская область,2
2241,2223,1,0.587233,Покачи,Ханты-Мансийский автономный округ — Югра,2
2241,1518,2,0.638284,Кандалакшский,Мурманская область,2
2241,1509,3,0.743261,Мончегорск,Мурманская область,2
2242,2216,1,0.759192,Ханты-Мансийск,Ханты-Мансийский автономный округ — Югра,2
2242,2217,2,0.893204,Когалым,Ханты-Мансийский автономный округ — Югра,2
2242,2220,3,0.978684,Нефтеюганск,Ханты-Мансийский автономный округ — Югра,2
2243,2222,1,0.582381,Нягань,Ханты-Мансийский автономный округ — Югра,2
2243,2217,2,0.594562,Когалым,Ханты-Мансийский автономный округ — Югра,2
2243,2227,3,0.672787,Урай,Ханты-Мансийский автономный округ — Югра,2
2244,857,1,1.635627,Солнечный,Хабаровский край,2
2244,848,2,1.734849,Верхнебуреинский,Хабаровский край,2
2244,718,3,1.744536,Таймырский Долгано-Ненецкий,Красноярский край,2
2245,2229,1,0.649075,Белоярский,Ханты-Мансийский автономный округ — Югра,2
2245,2218,2,0.795253,Лангепас,Ханты-Мансийский автономный округ — Югра,2
2245,1507,3,0.829592,Апатиты,Мурманская область,2
2248,1512,1,0.980195,Ковдорский,Мурманская область,2
2248,1508,2,1.058824,Кировск,Мурманская область,2
2248,1521,3,1.343149,Печенгский,Мурманская область,2
2249,2341,1,1.414616,Облученский,Еврейская автономная область,2
2249,917,2,1.419615,Заполярный,Ненецкий автономный округ,2
2249,2151,3,1.440765,Верхнекетский,Томская область,2
2250,1970,1,1.508321,Южно-Курильский,Сахалинская область,2
2250,848,2,1.512950,Верхнебуреинский,Хабаровский край,2
2250,917,3,1.619838,Заполярный,Ненецкий автономный округ,2
2279,748,1,0.350360,Краснокамский,Пермский край,2
2279,1986,2,0.420686,Каменск-Уральский,Свердловская область,2
2279,2006,3,0.440661,Ревда,Свердловская область,2
2281,28,1,0.536010,Сибай,Республика Башкортостан,2
2281,77,2,0.538143,Учалинский,Республика Башкортостан,2
2281,57,3,0.575651,Ишимбайский,Республика Башкортостан,2
2282,1986,1,0.513176,Каменск-Уральский,Свердловская область,2
2282,2004,2,0.547373,Первоуральск,Свердловская область,2
2282,2000,3,0.563918,Нижний Тагил,Свердловская область,2
2288,1986,1,0.473099,Каменск-Уральский,Свердловская область,2
2288,2006,2,0.513473,Ревда,Свердловская область,2
2288,2005,3,0.550696,Полевской,Свердловская область,2
2338,778,1,0.438370,Большой Камень,Приморский край,2
2338,776,2,0.529032,Арсеньевский,Приморский край,2
2338,794,3,0.738925,Надеждинский,Приморский край,2
2339,588,1,0.903585,Могочинский,Забайкальский край,2
2339,886,2,0.983027,Сковородинский,Амурская область,2
2339,797,3,1.050481,Партизанский,Приморский край,2
2340,797,1,0.844519,Партизанский,Приморский край,2
2340,581,2,0.886313,Забайкальский,Забайкальский край,2
2340,846,3,0.961897,Бикинский,Хабаровский край,2
2341,856,1,0.524196,Советско-Гаванский,Хабаровский край,2
2341,846,2,0.576956,Бикинский,Хабаровский край,2
2341,797,3,0.653599,Партизанский,Приморский край,2
2342,808,1,0.785353,Яковлевский,Приморский край,2
2342,591,2,0.913898,Оловяннинский,Забайкальский край,2
2342,851,3,1.056630,Лазо,Хабаровский край,2
2343,807,1,0.641884,Шкотовский,Приморский край,2
2343,803,2,0.661274,Хасанский,Приморский край,2
2343,603,3,0.794862,Шилкинский,Забайкальский край,2
2345,618,1,1.509533,Карагинский,Камчатский край,2
2345,619,2,1.897994,Олюторский,Камчатский край,2
2345,726,3,2.228893,Эвенкийский,Красноярский край,2
2348,678,1,1.359548,Норильск,Красноярский край,2
2348,718,2,1.775528,Таймырский Долгано-Ненецкий,Красноярский край,2
2348,917,3,1.932587,Заполярный,Ненецкий автономный округ,2
2349,332,1,1.160081,Оймяконский,Республика Саха (Якутия),2
2349,1958,2,1.804533,Курильский,Сахалинская область,2
2349,1430,3,1.822709,Магадан,Магаданская область,2
2620,2192,1,0.624295,Ишим,Тюменская область,2
2620,2032,2,0.740756,Сысертский,Свердловская область,2
2620,224,3,0.819789,Сыктывкар,Республика Коми,2
2621,2193,1,0.677757,Тобольск,Тюменская область,2
2621,224,2,0.764953,Сыктывкар,Республика Коми,2
2621,2032,3,0.837553,Сысертский,Свердловская область,2
2809,368,1,0.500584,Бугульминский,Республика Татарстан,2
2809,40,2,0.613455,Белорецкий,Республика Башкортостан,2
2809,2192,3,0.749000,Ишим,Тюменская область,2
2872,227,1,1.195947,Инта,Республика Коми,2
2872,2341,2,1.298077,Облученский,Еврейская автономная область,2
2872,917,3,1.330525,Заполярный,Ненецкий автономный округ,2
2879,1508,1,0.628883,Кировск,Мурманская область,2
2879,1507,2,0.722492,Апатиты,Мурманская область,2
2879,1511,3,0.888470,Полярные Зори,Мурманская область,2
2880,916,1,0.963383,Нарьян-Мар,Ненецкий автономный округ,2
2880,1165,2,1.038339,Усть-Кутский,Иркутская область,2
2880,1141,3,1.127602,Усть-Илимск,Иркутская область,2
2882,1509,1,0.588652,Мончегорск,Мурманская область,2
2882,1511,2,0.619933,Полярные Зори,Мурманская область,2
2882,1518,3,0.699092,Кандалакшский,Мурманская область,2
2885,40,1,0.807677,Белорецкий,Республика Башкортостан,2
2885,368,2,0.860111,Бугульминский,Республика Татарстан,2
2885,601,3,0.942850,Читинский,Забайкальский край,2
3011,1197,1,0.328602,Черняховский,Калининградская область,2
3011,2005,2,0.425016,Полевской,Свердловская область,2
3011,2006,3,0.436923,Ревда,Свердловская область,2
1,819,1,0.620407,Минераловодский,Ставропольский край,3
1,813,2,0.736158,Железноводск,Ставропольский край,3
1,841,3,0.826694,Шпаковский,Ставропольский край,3
7,1402,1,0.557076,Ломоносовский,Ленинградская область,3
7,379,2,0.681517,Лаишевский,Республика Татарстан,3
7,2410,3,0.854532,Кронштадт,Санкт-Петербург,3
8,928,1,0.815210,Приволжский,Астраханская область,3
8,927,2,1.129326,Наримановский,Астраханская область,3
8,841,3,1.177664,Шпаковский,Ставропольский край,3
21,418,1,0.550378,Ижевск,Удмуртская Республика,3
21,355,2,0.571492,Набережные Челны,Республика Татарстан,3
21,727,3,0.600668,Пермский,Пермский край,3
25,481,1,0.584848,Новочебоксарск,Чувашская Республика,3
25,385,2,0.647918,Нижнекамский,Республика Татарстан,3
25,1665,3,0.675193,Оренбург,Оренбургская область,3
26,1665,1,0.446901,Оренбург,Оренбургская область,3
26,269,2,0.627203,Йошкар-Ола,Республика Марий Эл,3
26,419,3,0.687871,Воткинск,Удмуртская Республика,3
27,1665,1,0.686498,Оренбург,Оренбургская область,3
27,269,2,0.704402,Йошкар-Ола,Республика Марий Эл,3
27,1258,3,0.762551,Киров,Кировская область,3
29,362,1,0.569553,Альметьевский,Республика Татарстан,3
29,1665,2,0.598684,Оренбург,Оренбургская область,3
29,2887,3,0.692684,Саратов,Саратовская область,3
66,1665,1,0.608667,Оренбург,Оренбургская область,3
66,1008,2,0.737703,Волжский,Волгоградская область,3
66,1952,3,0.741249,Энгельсский,Саратовская область,3
73,2161,1,0.986254,Томский,Томская область,3
73,1243,2,0.994008,Кемеровский,Кемеровская область,3
73,362,3,1.128726,Альметьевский,Республика Татарстан,3
76,1620,1,0.653427,Новосибирский,Новосибирская область,3
76,2210,2,0.993331,Тюменский,Тюменская область,3
76,757,3,1.098565,Пермский,Пермский край,3
167,345,1,0.900935,Владикавказ,Республика Северная Осетия — Алания,3
167,196,2,1.132630,Абазинский,Карачаево-Черкесская Республика,3
167,205,3,1.476271,Хабезский,Карачаево-Черкесская Республика,3
168,352,1,1.111794,Правобережный,Республика Северная Осетия — Алания,3
168,348,2,1.304493,Дигорский,Республика Северная Осетия — Алания,3
168,201,3,1.520883,Ногайский,Карачаево-Черкесская Республика,3
194,2881,1,1.672900,Предгорный,Ставропольский край,3
194,2876,2,1.712685,Кисловодск,Ставропольский край,3
194,813,3,1.732326,Железноводск,Ставропольский край,3
196,167,1,1.132630,Нальчик,Кабардино-Балкарская Республика,3
196,352,2,1.269519,Правобережный,Республика Северная Осетия — Алания,3
196,2881,3,1.342425,Предгорный,Ставропольский край,3
201,352,1,0.715070,Правобережный,Республика Северная Осетия — Алания,3
201,346,2,1.446918,Алагирский,Республика Северная Осетия — Алания,3
201,2881,3,1.468806,Предгорный,Ставропольский край,3
205,352,1,1.361156,Правобережный,Республика Северная Осетия — Алания,3
205,167,2,1.476271,Нальчик,Кабардино-Балкарская Республика,3
205,2881,3,1.634773,Предгорный,Ставропольский край,3
269,1665,1,0.449053,Оренбург,Оренбургская область,3
269,1952,2,0.469739,Энгельсский,Саратовская область,3
269,2887,3,0.523006,Саратов,Саратовская область,3
278,373,1,0.434892,Елабужский,Республика Татарстан,3
278,375,2,0.484567,Зеленодольский,Республика Татарстан,3
278,1665,3,0.699555,Оренбург,Оренбургская область,3
345,167,1,0.900935,Нальчик,Кабардино-Балкарская Республика,3
345,824,2,1.068129,Пятигорск,Ставропольский край,3
345,2881,3,1.276022,Предгорный,Ставропольский край,3
346,201,1,1.446918,Ногайский,Карачаево-Черкесская Республика,3
346,168,2,1.700868,Баксан,Кабардино-Балкарская Республика,3
346,196,3,1.710687,Абазинский,Карачаево-Черкесская Республика,3
348,168,1,1.304493,Баксан,Кабардино-Балкарская Республика,3
348,201,2,1.722373,Ногайский,Карачаево-Черкесская Республика,3
348,205,3,1.913043,Хабезский,Карачаево-Черкесская Республика,3
352,201,1,0.715070,Ногайский,Карачаево-Черкесская Республика,3
352,168,2,1.111794,Баксан,Кабардино-Балкарская Республика,3
352,196,3,1.269519,Абазинский,Карачаево-Черкесская Республика,3
354,21,1,0.638513,Уфа,Республика Башкортостан,3
354,1597,2,0.758679,Новосибирск,Новосибирская область,3
354,478,3,0.763258,Чебоксары,Чувашская Республика,3
355,478,1,0.526640,Чебоксары,Чувашская Республика,3
355,21,2,0.571492,Уфа,Республика Башкортостан,3
355,430,3,0.687094,Завьяловский,Удмуртская Республика,3
362,430,1,0.399408,Завьяловский,Удмуртская Республика,3
362,29,2,0.569553,Стерлитамак,Республика Башкортостан,3
362,478,3,0.597974,Чебоксары,Чувашская Республика,3
373,278,1,0.434892,Медведевский,Республика Марий Эл,3
373,1665,2,0.661086,Оренбург,Оренбургская область,3
373,430,3,0.661220,Завьяловский,Удмуртская Республика,3
375,278,1,0.484567,Медведевский,Республика Марий Эл,3
375,1877,2,0.552377,Новокуйбышевск,Самарская область,3
375,269,3,0.616180,Йошкар-Ола,Республика Марий Эл,3
379,7,1,0.681517,Тахтамукайский,Республика Адыгея,3
379,1402,2,0.788499,Ломоносовский,Ленинградская область,3
379,824,3,0.943007,Пятигорск,Ставропольский край,3
385,478,1,0.569392,Чебоксары,Чувашская Республика,3
385,25,2,0.647918,Нефтекамск,Республика Башкортостан,3
385,418,3,0.678151,Ижевск,Удмуртская Республика,3
418,727,1,0.484808,Пермский,Пермский край,3
418,1597,2,0.487850,Новосибирск,Новосибирская область,3
418,21,3,0.550378,Уфа,Республика Башкортостан,3
419,481,1,0.435315,Новочебоксарск,Чувашская Республика,3
419,26,2,0.687871,Октябрьский,Республика Башкортостан,3
419,1008,3,0.704058,Волжский,Волгоградская область,3
430,362,1,0.399408,Альметьевский,Республика Татарстан,3
430,373,2,0.661220,Елабужский,Республика Татарстан,3
430,355,3,0.687094,Набережные Челны,Республика Татарстан,3
478,355,1,0.526640,Набережные Челны,Республика Татарстан,3
478,385,2,0.569392,Нижнекамский,Республика Татарстан,3
478,418,3,0.589794,Ижевск,Удмуртская Республика,3
481,419,1,0.435315,Воткинск,Удмуртская Республика,3
481,25,2,0.584848,Нефтекамск,Республика Башкортостан,3
481,269,3,0.625539,Йошкар-Ола,Республика Марий Эл,3
727,1190,1,0.326796,Светлогорский,Калининградская область,3
727,2190,2,0.419002,Тюмень,Тюменская область,3
727,418,3,0.484808,Ижевск,Удмуртская Республика,3
757,2210,1,0.792179,Тюменский,Тюменская область,3
757,1726,2,0.866968,Орловский,Орловская область,3
757,2547,3,0.995959,Капотня,Москва,3
809,2312,1,0.668833,Сосновский,Челябинская область,3
809,1007,2,0.740120,Волгоград,Волгоградская область,3
809,2445,3,0.801596,Петергоф,Санкт-Петербург,3
811,1,1,1.007154,Майкоп,Республика Адыгея,3
811,927,2,1.365694,Наримановский,Астраханская область,3
811,928,3,1.485844,Приволжский,Астраханская область,3
812,2411,1,0.928934,Зеленогорск,Санкт-Петербург,3
812,2422,2,0.934246,Ломоносов,Санкт-Петербург,3
812,2312,3,0.956572,Сосновский,Челябинская область,3
813,1,1,0.736158,Майкоп,Республика Адыгея,3
813,2395,2,1.057714,Понтонный,Санкт-Петербург,3
813,1397,3,1.223127,Гатчинский,Ленинградская область,3
818,2395,1,1.033683,Понтонный,Санкт-Петербург,3
818,1,2,1.088007,Майкоп,Республика Адыгея,3
818,1400,3,1.152254,Кировский,Ленинградская область,3
819,1,1,0.620407,Майкоп,Республика Адыгея,3
819,918,2,1.001270,Астрахань,Астраханская область,3
819,379,3,1.079974,Лаишевский,Республика Татарстан,3
820,2033,1,0.525603,Арамильский,Свердловская область,3
820,918,2,0.657900,Астрахань,Астраханская область,3
820,1758,3,0.735754,Пензенский,Пензенская область,3
824,379,1,0.943007,Лаишевский,Республика Татарстан,3
824,2411,2,1.043658,Зеленогорск,Санкт-Петербург,3
824,2422,3,1.046495,Ломоносов,Санкт-Петербург,3
841,1396,1,0.804274,Выборгский,Ленинградская область,3
841,1,2,0.826694,Майкоп,Республика Адыгея,3
841,2033,3,0.833883,Арамильский,Свердловская область,3
860,1527,1,1.369490,Дзержинск,Нижегородская область,3
860,1492,2,1.427423,Клин,Московская область,3
860,26,3,1.530584,Октябрьский,Республика Башкортостан,3
918,2312,1,0.506033,Сосновский,Челябинская область,3
918,820,2,0.657900,Невинномысск,Ставропольский край,3
918,2033,3,0.690504,Арамильский,Свердловская область,3
927,379,1,1.011903,Лаишевский,Республика Татарстан,3
927,841,2,1.024583,Шпаковский,Ставропольский край,3
927,278,3,1.033244,Медведевский,Республика Марий Эл,3
928,8,1,0.815210,Теучежский,Республика Адыгея,3
928,379,2,1.008749,Лаишевский,Республика Татарстан,3
928,841,3,1.076390,Шпаковский,Ставропольский край,3
986,1198,1,0.454097,Калуга,Калужская область,3
986,2164,2,0.541452,Тула,Тульская область,3
986,2101,3,0.555535,Тверь,Тверская область,3
988,1107,1,0.155358,Иваново,Ивановская область,3
988,2044,2,0.405922,Смоленск,Смоленская область,3
988,2318,3,0.438364,Ярославль,Ярославская область,3
1007,2887,1,0.381557,Саратов,Саратовская область,3
1007,2251,2,0.427969,Ульяновск,Ульяновская область,3
1007,1977,3,0.472369,Березовский,Свердловская область,3
1008,1952,1,0.309327,Энгельсский,Саратовская область,3
1008,2251,2,0.352322,Ульяновск,Ульяновская область,3
1008,2887,3,0.476032,Саратов,Саратовская область,3
1107,988,1,0.155358,Ковров,Владимирская область,3
1107,2044,2,0.357358,Смоленск,Смоленская область,3
1107,2318,3,0.413594,Ярославль,Ярославская область,3
1117,2337,1,0.645153,Ярославский,Ярославская область,3
1117,2063,2,0.667460,Смоленский,Смоленская область,3
1117,1905,3,0.762263,Ставропольский,Самарская область,3
1134,1224,1,0.769087,Кемеровский,Кемеровская область,3
1134,1971,2,0.899057,Екатеринбург,Свердловская область,3
1134,2144,3,0.911234,Томск,Томская область,3
1150,1186,1,0.832617,Гурьевский,Калининградская область,3
1150,430,2,0.867573,Завьяловский,Удмуртская Республика,3
1150,2432,3,1.098138,Народный,Санкт-Петербург,3
1176,1971,1,0.707935,Екатеринбург,Свердловская область,3
1176,727,2,0.947374,Пермский,Пермский край,3
1176,21,3,0.979159,Уфа,Республика Башкортостан,3
1186,430,1,0.826515,Завьяловский,Удмуртская Республика,3
1186,727,2,0.828151,Пермский,Пермский край,3
1186,1150,3,0.832617,Иркутский,Иркутская область,3
1188,2190,1,0.544456,Тюмень,Тюменская область,3
1188,1971,2,0.600497,Екатеринбург,Свердловская область,3
1188,727,3,0.644471,Пермский,Пермский край,3
1190,727,1,0.326796,Пермский,Пермский край,3
1190,2190,2,0.369064,Тюмень,Тюменская область,3
1190,1979,3,0.421476,Верхняя Пышма,Свердловская область,3
1198,2101,1,0.212730,Тверь,Тверская область,3
1198,2164,2,0.312986,Тула,Тульская область,3
1198,1560,3,0.398347,Кстовский,Нижегородская область,3
1224,2144,1,0.302088,Томск,Томская область,3
1224,2275,2,0.640818,Челябинский,Челябинская область,3
1224,1134,3,0.769087,Иркутск,Иркутская область,3
1243,986,1,0.719846,Владимир,Владимирская область,3
1243,1707,2,0.849783,Орёл,Орловская область,3
1243,3009,3,0.860303,Тамбов,Тамбовская область,3
1258,1665,1,0.505584,Оренбург,Оренбургская область,3
1258,2275,2,0.547677,Челябинский,Челябинская область,3
1258,2887,3,0.575420,Саратов,Саратовская область,3
1303,1707,1,0.437634,Орёл,Орловская область,3
1303,2044,2,0.448011,Смоленск,Смоленская область,3
1303,1107,3,0.501520,Иваново,Ивановская область,3
1395,2449,1,0.398330,Шушары,Санкт-Петербург,3
1395,2446,2,0.496654,Стрельна,Санкт-Петербург,3
1395,2371,3,0.585584,Лахта-Ольгино,Санкт-Петербург,3
1396,2410,1,0.682176,Кронштадт,Санкт-Петербург,3
1396,2033,2,0.767794,Арамильский,Свердловская область,3
1396,2395,3,0.776645,Понтонный,Санкт-Петербург,3
1397,2403,1,0.514712,Красное Село,Санкт-Петербург,3
1397,2393,2,0.533463,Металлострой,Санкт-Петербург,3
1397,1560,3,0.663261,Кстовский,Нижегородская область,3
1400,2395,1,0.578997,Понтонный,Санкт-Петербург,3
1400,2044,2,0.778630,Смоленск,Смоленская область,3
1400,1477,3,0.782756,Рузский,Московская область,3
1402,7,1,0.557076,Тахтамукайский,Республика Адыгея,3
1402,2422,2,0.658832,Ломоносов,Санкт-Петербург,3
1402,379,3,0.788499,Лаишевский,Республика Татарстан,3
1403,1877,1,0.882998,Новокуйбышевск,Самарская область,3
1403,2033,2,0.890420,Арамильский,Свердловская область,3
1403,2395,3,0.891968,Понтонный,Санкт-Петербург,3
1408,2393,1,0.550223,Металлострой,Санкт-Петербург,3
1408,2044,2,0.646934,Смоленск,Смоленская область,3
1408,2395,3,0.659052,Понтонный,Санкт-Петербург,3
1409,1560,1,1.166590,Кстовский,Нижегородская область,3
1409,2164,2,1.183148,Тула,Тульская область,3
1409,2393,3,1.191482,Металлострой,Санкт-Петербург,3
1410,2044,1,0.488974,Смоленск,Смоленская область,3
1410,2808,2,0.501323,Коломна,Московская область,3
1410,1107,3,0.519325,Иваново,Ивановская область,3
1439,2570,1,0.500029,Бирюлево Восточное,Москва,3
1439,2466,2,0.536834,Гольяново,Москва,3
1439,2498,3,0.539829,Восточное Дегунино,Москва,3
1440,2063,1,0.999350,Смоленский,Смоленская область,3
1440,2596,2,0.999473,Краснопахорское,Москва,3
1440,2595,3,1.081809,Кокошкино,Москва,3
1443,2570,1,0.278100,Бирюлево Восточное,Москва,3
1443,2504,2,0.360810,Молжаниновский,Москва,3
1443,2478,3,0.446357,Внуково,Москва,3
1444,2516,1,0.359209,Лосиноостровский,Москва,3
1444,2483,2,0.430734,Ново-Переделкино,Москва,3
1444,2501,3,0.464763,Западное Дегунино,Москва,3
1445,2604,1,0.557497,Рязановское,Москва,3
1445,2504,2,0.596533,Молжаниновский,Москва,3
1445,2478,3,0.617568,Внуково,Москва,3
1446,1783,1,0.674121,Псковский,Псковская область,3
1446,2393,2,0.679715,Металлострой,Санкт-Петербург,3
1446,2410,3,0.870431,Кронштадт,Санкт-Петербург,3
1447,1586,1,0.892131,Новгородский,Новгородская область,3
1447,1410,2,0.915980,Липецк,Липецкая область,3
1447,2063,3,0.918646,Смоленский,Смоленская область,3
1448,2491,1,0.484073,Крюково,Москва,3
1448,2586,2,0.508397,Старое Крюково,Москва,3
1448,2492,3,0.511302,Матушкино,Москва,3
1453,2587,1,0.475124,Троицк,Москва,3
1453,2604,2,0.825849,Рязановское,Москва,3
1453,2491,3,0.887358,Крюково,Москва,3
1454,1586,1,0.687625,Новгородский,Новгородская область,3
1454,1410,2,0.824503,Липецк,Липецкая область,3
1454,2063,3,0.850782,Смоленский,Смоленская область,3
1456,2483,1,0.353105,Ново-Переделкино,Москва,3
1456,2516,2,0.465343,Лосиноостровский,Москва,3
1456,2575,3,0.498660,Зябликово,Москва,3
1457,2524,1,0.682097,Северный,Москва,3
1457,2526,2,0.735151,Ярославский,Москва,3
1457,2550,3,0.819830,Люблино,Москва,3
1459,2524,1,0.231857,Северный,Москва,3
1459,2592,2,0.512859,Десеновское,Москва,3
1459,2590,3,0.651021,Воскресенское,Москва,3
1461,2478,1,0.294361,Внуково,Москва,3
1461,2588,2,0.359297,Щербинка,Москва,3
1461,2586,3,0.422821,Старое Крюково,Москва,3
1463,1586,1,0.546743,Новгородский,Новгородская область,3
1463,1410,2,0.775389,Липецк,Липецкая область,3
1463,1403,3,0.944626,Лужский,Ленинградская область,3
1464,2493,1,0.683101,Силино,Москва,3
1464,2586,2,0.760824,Старое Крюково,Москва,3
1464,2492,3,0.819605,Матушкино,Москва,3
1465,2570,1,0.289420,Бирюлево Восточное,Москва,3
1465,2504,2,0.389198,Молжаниновский,Москва,3
1465,2498,3,0.408690,Восточное Дегунино,Москва,3
1467,2524,1,0.318348,Северный,Москва,3
1467,2592,2,0.494416,Десеновское,Москва,3
1467,2590,3,0.517842,Воскресенское,Москва,3
1468,2604,1,0.619071,Рязановское,Москва,3
1468,2597,2,0.625443,Марушкинское,Москва,3
1468,2478,3,0.670424,Внуково,Москва,3
1472,2478,1,0.291182,Внуково,Москва,3
1472,2588,2,0.383289,Щербинка,Москва,3
1472,2504,3,0.512624,Молжаниновский,Москва,3
1475,2487,1,0.211405,Солнцево,Москва,3
1475,2534,2,0.254000,Южное Тушино,Москва,3
1475,2555,3,0.255978,Рязанский,Москва,3
1477,2647,1,0.627937,Боровский,Калужская область,3
1477,2395,2,0.777572,Понтонный,Санкт-Петербург,3
1477,1400,3,0.782756,Кировский,Ленинградская область,3
1480,1783,1,0.494244,Псковский,Псковская область,3
1480,1410,2,0.536889,Липецк,Липецкая область,3
1480,2164,3,0.585108,Тула,Тульская область,3
1481,2493,1,0.568865,Силино,Москва,3
1481,2586,2,0.675810,Старое Крюково,Москва,3
1481,2492,3,0.744359,Матушкино,Москва,3
1483,1409,1,1.606252,Сосновоборский,Ленинградская область,3
1483,2647,2,1.620410,Боровский,Калужская область,3
1483,1400,3,1.658419,Кировский,Ленинградская область,3
1484,2597,1,0.524227,Марушкинское,Москва,3
1484,2604,2,0.841834,Рязановское,Москва,3
1484,2465,3,0.849278,Восточный,Москва,3
1488,2478,1,0.597771,Внуково,Москва,3
1488,2588,2,0.659513,Щербинка,Москва,3
1488,1783,3,0.670242,Псковский,Псковская область,3
1489,2647,1,0.675739,Боровский,Калужская область,3
1489,1586,2,0.774739,Новгородский,Новгородская область,3
1489,1400,3,0.862932,Кировский,Ленинградская область,3
1490,1586,1,0.744780,Новгородский,Новгородская область,3
1490,2063,2,0.745694,Смоленский,Смоленская область,3
1490,1410,3,0.772721,Липецк,Липецкая область,3
1491,2597,1,0.639363,Марушкинское,Москва,3
1491,2595,2,0.680441,Кокошкино,Москва,3
1491,2063,3,0.737711,Смоленский,Смоленская область,3
1492,1410,1,0.619667,Липецк,Липецкая область,3
1492,1783,2,0.648106,Псковский,Псковская область,3
1492,2595,3,0.788322,Кокошкино,Москва,3
1493,2524,1,0.630560,Северный,Москва,3
1493,2592,2,0.719380,Десеновское,Москва,3
1493,2606,3,0.840276,Филимонковское,Москва,3
1495,1586,1,0.695777,Новгородский,Новгородская область,3
1495,1410,2,0.786828,Липецк,Липецкая область,3
1495,1400,3,0.908647,Кировский,Ленинградская область,3
1496,2595,1,0.627775,Кокошкино,Москва,3
1496,1783,2,0.646574,Псковский,Псковская область,3
1496,2588,3,0.716907,Щербинка,Москва,3
1500,2588,1,0.446263,Щербинка,Москва,3
1500,2478,2,0.502160,Внуково,Москва,3
1500,2465,3,0.554602,Восточный,Москва,3
1501,1783,1,0.496873,Псковский,Псковская область,3
1501,2595,2,0.662956,Кокошкино,Москва,3
1501,1410,3,0.706609,Липецк,Липецкая область,3
1523,1977,1,0.613004,Березовский,Свердловская область,3
1523,2251,2,0.629850,Ульяновск,Ульяновская область,3
1523,1575,3,0.646320,Великий Новгород,Новгородская область,3
1525,3009,1,0.393941,Тамбов,Тамбовская область,3
1525,2164,2,0.464850,Тула,Тульская область,3
1525,1198,3,0.480852,Калуга,Калужская область,3
1527,1107,1,0.464562,Иваново,Ивановская область,3
1527,988,2,0.510010,Ковров,Владимирская область,3
1527,2044,3,0.564290,Смоленск,Смоленская область,3
1560,2164,1,0.387520,Тула,Тульская область,3
1560,1198,2,0.398347,Калуга,Калужская область,3
1560,2101,3,0.422490,Тверь,Тверская область,3
1575,1560,1,0.512621,Кстовский,Нижегородская область,3
1575,1764,2,0.522361,Псков,Псковская область,3
1575,1198,3,0.525273,Калуга,Калужская область,3
1586,988,1,0.537414,Ковров,Владимирская область,3
1586,1463,2,0.546743,Луховицы,Московская область,3
1586,2652,3,0.548982,Орехово-Зуевский,Московская область,3
1597,418,1,0.487850,Ижевск,Удмуртская Республика,3
1597,1979,2,0.546259,Верхняя Пышма,Свердловская область,3
1597,1971,3,0.580261,Екатеринбург,Свердловская область,3
1598,2144,1,0.796311,Томск,Томская область,3
1598,1007,2,0.914102,Волгоград,Волгоградская область,3
1598,1977,3,0.924933,Березовский,Свердловская область,3
1600,918,1,0.790183,Астрахань,Астраханская область,3
1600,2033,2,0.865482,Арамильский,Свердловская область,3
1600,2312,3,0.957522,Сосновский,Челябинская область,3
1601,2455,1,1.537109,Балканский,Санкт-Петербург,3
1601,2381,2,1.554237,№ 21,Санкт-Петербург,3
1601,2368,3,1.561150,Сергиевское,Санкт-Петербург,3
1620,76,1,0.653427,Уфимский,Республика Башкортостан,3
1620,2210,2,1.189400,Тюменский,Тюменская область,3
1620,1890,3,1.259514,Волжский,Самарская область,3
1665,2887,1,0.348439,Саратов,Саратовская область,3
1665,26,2,0.446901,Октябрьский,Республика Башкортостан,3
1665,269,3,0.449053,Йошкар-Ола,Республика Марий Эл,3
1707,1303,1,0.437634,Кострома,Костромская область,3
1707,1525,2,0.559103,Бор,Нижегородская область,3
1707,3009,3,0.621672,Тамбов,Тамбовская область,3
1726,757,1,0.866968,Пермский,Пермский край,3
1726,2063,2,0.869723,Смоленский,Смоленская область,3
1726,2595,3,0.891746,Кокошкино,Москва,3
1758,1952,1,0.547720,Энгельсский,Саратовская область,3
1758,1008,2,0.598970,Волжский,Волгоградская область,3
1758,2887,3,0.633117,Саратов,Саратовская область,3
1764,2044,1,0.477026,Смоленск,Смоленская область,3
1764,1575,2,0.522361,Великий Новгород,Новгородская область,3
1764,2033,3,0.617035,Арамильский,Свердловская область,3
1783,2644,1,0.397546,Серпухов,Московская область,3
1783,2808,2,0.416439,Коломна,Московская область,3
1783,2393,3,0.441432,Металлострой,Санкт-Петербург,3
1845,2646,1,0.660603,Обнинск,Калужская область,3
1845,1560,2,0.660625,Кстовский,Нижегородская область,3
1845,2101,3,0.697844,Тверь,Тверская область,3
1863,2337,1,0.917661,Ярославский,Ярославская область,3
1863,2063,2,0.984672,Смоленский,Смоленская область,3
1863,1726,3,0.991527,Орловский,Орловская область,3
1874,2408,1,0.620426,Константиновское,Санкт-Петербург,3
1874,1979,2,0.643786,Верхняя Пышма,Свердловская область,3
1874,2392,3,0.660105,Колпино,Санкт-Петербург,3
1877,2044,1,0.501098,Смоленск,Смоленская область,3
1877,375,2,0.552377,Зеленодольский,Республика Татарстан,3
1877,1764,3,0.626971,Псков,Псковская область,3
1890,2337,1,0.747222,Ярославский,Ярославская область,3
1890,2465,2,0.995301,Восточный,Москва,3
1890,2210,3,1.077895,Тюменский,Тюменская область,3
1905,1117,1,0.762263,Ивановский,Ивановская область,3
1905,2063,2,0.930050,Смоленский,Смоленская область,3
1905,2337,3,0.959290,Ярославский,Ярославская область,3
1952,1008,1,0.309327,Волжский,Волгоградская область,3
1952,2251,2,0.459985,Ульяновск,Ульяновская область,3
1952,269,3,0.469739,Йошкар-Ола,Республика Марий Эл,3
1971,2190,1,0.571100,Тюмень,Тюменская область,3
1971,1597,2,0.580261,Новосибирск,Новосибирская область,3
1971,1188,3,0.600497,Зеленоградский,Калининградская область,3
1977,2887,1,0.447316,Саратов,Саратовская область,3
1977,1007,2,0.472369,Волгоград,Волгоградская область,3
1977,2275,3,0.481845,Челябинский,Челябинская область,3
1979,2190,1,0.398905,Тюмень,Тюменская область,3
1979,2275,2,0.416695,Челябинский,Челябинская область,3
1979,1190,3,0.421476,Светлогорский,Калининградская область,3
2033,820,1,0.525603,Невинномысск,Ставропольский край,3
2033,1764,2,0.617035,Псков,Псковская область,3
2033,2044,3,0.633840,Смоленск,Смоленская область,3
2044,1107,1,0.357358,Иваново,Ивановская область,3
2044,988,2,0.405922,Ковров,Владимирская область,3
2044,1303,3,0.448011,Кострома,Костромская область,3
2063,2595,1,0.632470,Кокошкино,Москва,3
2063,1117,2,0.667460,Ивановский,Ивановская область,3
2063,2119,3,0.719159,Калининский,Тверская область,3
2101,1198,1,0.212730,Калуга,Калужская область,3
2101,2164,2,0.395378,Тула,Тульская область,3
2101,1560,3,0.422490,Кстовский,Нижегородская область,3
2119,2465,1,0.692722,Восточный,Москва,3
2119,2063,2,0.719159,Смоленский,Смоленская область,3
2119,2648,3,0.729183,Лосино-Петровский,Московская область,3
2144,1224,1,0.302088,Кемеровский,Кемеровская область,3
2144,2275,2,0.445026,Челябинский,Челябинская область,3
2144,1977,3,0.710047,Березовский,Свердловская область,3
2161,1488,1,0.823691,Электросталь,Московская область,3
2161,2646,2,0.825691,Обнинск,Калужская область,3
2161,986,3,0.847291,Владимир,Владимирская область,3
2164,1198,1,0.312986,Калуга,Калужская область,3
2164,1560,2,0.387520,Кстовский,Нижегородская область,3
2164,2101,3,0.395378,Тверь,Тверская область,3
2190,1190,1,0.369064,Светлогорский,Калининградская область,3
2190,1979,2,0.398905,Верхняя Пышма,Свердловская область,3
2190,727,3,0.419002,Пермский,Пермский край,3
2210,2547,1,0.706076,Капотня,Москва,3
2210,2554,2,0.761638,Печатники,Москва,3
2210,757,3,0.792179,Пермский,Пермский край,3
2251,1008,1,0.352322,Волжский,Волгоградская область,3
2251,1007,2,0.427969,Волгоград,Волгоградская область,3
2251,1952,3,0.459985,Энгельсский,Саратовская область,3
2275,1979,1,0.416695,Верхняя Пышма,Свердловская область,3
2275,2144,2,0.445026,Томск,Томская область,3
2275,1977,3,0.481845,Березовский,Свердловская область,3
2312,918,1,0.506033,Астрахань,Астраханская область,3
2312,809,2,0.668833,Ставрополь,Ставропольский край,3
2312,373,3,0.706896,Елабужский,Республика Татарстан,3
2318,1107,1,0.413594,Иваново,Ивановская область,3
2318,988,2,0.438364,Ковров,Владимирская область,3
2318,2044,3,0.638503,Смоленск,Смоленская область,3
2334,1463,1,0.974199,Луховицы,Московская область,3
2334,1454,2,1.016771,Кашира,Московская область,3
2334,1490,3,1.057996,Воскресенск,Московская область,3
2337,1117,1,0.645153,Ивановский,Ивановская область,3
2337,1890,2,0.747222,Волжский,Самарская область,3
2337,1863,3,0.917661,Рязанский,Рязанская область,3
2344,860,1,2.077225,Хабаровский,Хабаровский край,3
2344,1188,2,2.438852,Зеленоградский,Калининградская область,3
2344,2390,3,2.460749,Красненькая речка,Санкт-Петербург,3
2351,1188,1,1.234050,Зеленоградский,Калининградская область,3
2351,2530,2,1.264680,Северное Тушино,Москва,3
2351,1395,3,1.270323,Всеволожский,Ленинградская область,3
2352,2468,1,1.410831,Измайлово,Москва,3
2352,2522,2,1.440323,Свиблово,Москва,3
2352,2529,3,1.473625,Покровское-Стрешнево,Москва,3
2353,2561,1,1.310618,Коньково,Москва,3
2353,2529,2,1.325193,Покровское-Стрешнево,Москва,3
2353,2468,3,1.327291,Измайлово,Москва,3
2354,2530,1,1.218542,Северное Тушино,Москва,3
2354,2538,2,1.227872,Савелки,Москва,3
2354,2468,3,1.300952,Измайлово,Москва,3
2355,2561,1,1.302707,Коньково,Москва,3
2355,2497,2,1.311802,Войковский,Москва,3
2355,2476,3,1.334793,Сокольники,Москва,3
2356,1188,1,0.954403,Зеленоградский,Калининградская область,3
2356,21,2,0.981364,Уфа,Республика Башкортостан,3
2356,1190,3,1.045602,Светлогорский,Калининградская область,3
2357,2561,1,1.380403,Коньково,Москва,3
2357,2497,2,1.427559,Войковский,Москва,3
2357,2468,3,1.449245,Измайлово,Москва,3
2358,2561,1,1.346395,Коньково,Москва,3
2358,2497,2,1.398322,Войковский,Москва,3
2358,2468,3,1.412665,Измайлово,Москва,3
2359,1188,1,1.311488,Зеленоградский,Калининградская область,3
2359,2561,2,1.390972,Коньково,Москва,3
2359,1176,3,1.398332,Калининград,Калининградская область,3
2360,1188,1,1.202499,Зеленоградский,Калининградская область,3
2360,2529,2,1.286635,Покровское-Стрешнево,Москва,3
2360,2566,3,1.298572,Теплый Стан,Москва,3
2361,1188,1,1.280145,Зеленоградский,Калининградская область,3
2361,2561,2,1.330851,Коньково,Москва,3
2361,2529,3,1.348319,Покровское-Стрешнево,Москва,3
2362,1453,1,0.927169,Истра,Московская область,3
2362,2876,2,1.011751,Кисловодск,Ставропольский край,3
2362,812,3,1.063307,Ессентуки,Ставропольский край,3
2363,1395,1,0.720025,Всеволожский,Ленинградская область,3
2363,2190,2,1.055176,Тюмень,Тюменская область,3
2363,354,3,1.083082,Казань,Республика Татарстан,3
2364,2561,1,1.227105,Коньково,Москва,3
2364,2529,2,1.240149,Покровское-Стрешнево,Москва,3
2364,2578,3,1.243003,Нагатинский затон,Москва,3
2365,2481,1,1.244736,Кунцево,Москва,3
2365,2566,2,1.255280,Теплый Стан,Москва,3
2365,2503,3,1.258247,Левобережный,Москва,3
2366,2190,1,1.130314,Тюмень,Тюменская область,3
2366,1874,2,1.188216,Самара,Самарская область,3
2366,1188,3,1.201907,Зеленоградский,Калининградская область,3
2367,2190,1,0.790138,Тюмень,Тюменская область,3
2367,1874,2,0.862566,Самара,Самарская область,3
2367,1190,3,0.871586,Светлогорский,Калининградская область,3
2368,1874,1,0.813740,Самара,Самарская область,3
2368,2190,2,0.847734,Тюмень,Тюменская область,3
2368,21,3,0.933798,Уфа,Республика Башкортостан,3
2369,2190,1,0.999988,Тюмень,Тюменская область,3
2369,1188,2,1.072605,Зеленоградский,Калининградская область,3
2369,1874,3,1.084356,Самара,Самарская область,3
2370,1395,1,1.155558,Всеволожский,Ленинградская область,3
2370,2538,2,1.221867,Савелки,Москва,3
2370,2493,3,1.283495,Силино,Москва,3
2371,1395,1,0.585584,Всеволожский,Ленинградская область,3
2371,1402,2,1.064521,Ломоносовский,Ленинградская область,3
2371,2651,3,1.186877,Одинцовский,Московская область,3
2372,1188,1,1.200042,Зеленоградский,Калининградская область,3
2372,2538,2,1.296447,Савелки,Москва,3
2372,2566,3,1.314849,Теплый Стан,Москва,3
2373,2561,1,1.248451,Коньково,Москва,3
2373,2503,2,1.255499,Левобережный,Москва,3
2373,2481,3,1.266215,Кунцево,Москва,3
2374,2561,1,1.226673,Коньково,Москва,3
2374,2538,2,1.244498,Савелки,Москва,3
2374,2566,3,1.248720,Теплый Стан,Москва,3
2375,1188,1,1.250248,Зеленоградский,Калининградская область,3
2375,2561,2,1.256517,Коньково,Москва,3
2375,2538,3,1.263979,Савелки,Москва,3
2376,1188,1,1.133374,Зеленоградский,Калининградская область,3
2376,354,2,1.175092,Казань,Республика Татарстан,3
2376,2538,3,1.209821,Савелки,Москва,3
2377,1188,1,1.255536,Зеленоградский,Калининградская область,3
2377,2538,2,1.281860,Савелки,Москва,3
2377,1395,3,1.301036,Всеволожский,Ленинградская область,3
2378,21,1,1.161070,Уфа,Республика Башкортостан,3
2378,2190,2,1.172272,Тюмень,Тюменская область,3
2378,1188,3,1.189660,Зеленоградский,Калининградская область,3
2379,2190,1,1.252203,Тюмень,Тюменская область,3
2379,1188,2,1.265249,Зеленоградский,Калининградская область,3
2379,1874,3,1.288273,Самара,Самарская область,3
2380,1395,1,1.023839,Всеволожский,Ленинградская область,3
2380,1874,2,1.078227,Самара,Самарская область,3
2380,354,3,1.085300,Казань,Республика Татарстан,3
2381,1874,1,0.910351,Самара,Самарская область,3
2381,2190,2,0.970079,Тюмень,Тюменская область,3
2381,21,3,1.045730,Уфа,Республика Башкортостан,3
2382,2538,1,1.158011,Савелки,Москва,3
2382,2530,2,1.242079,Северное Тушино,Москва,3
2382,2578,3,1.243270,Нагатинский затон,Москва,3
2383,354,1,0.819233,Казань,Республика Татарстан,3
2383,1874,2,0.864170,Самара,Самарская область,3
2383,2646,3,0.873759,Обнинск,Калужская область,3
2384,2190,1,0.956179,Тюмень,Тюменская область,3
2384,1874,2,0.989968,Самара,Самарская область,3
2384,1188,3,0.999482,Зеленоградский,Калининградская область,3
2385,1874,1,0.921614,Самара,Самарская область,3
2385,2190,2,0.954918,Тюмень,Тюменская область,3
2385,1188,3,1.017326,Зеленоградский,Калининградская область,3
2386,2190,1,0.812818,Тюмень,Тюменская область,3
2386,21,2,0.814775,Уфа,Республика Башкортостан,3
2386,354,3,0.828335,Казань,Республика Татарстан,3
2387,1874,1,0.890163,Самара,Самарская область,3
2387,2190,2,0.902303,Тюмень,Тюменская область,3
2387,21,3,0.958709,Уфа,Республика Башкортостан,3
2388,1874,1,0.820804,Самара,Самарская область,3
2388,2190,2,0.954012,Тюмень,Тюменская область,3
2388,1190,3,1.014692,Светлогорский,Калининградская область,3
2389,1188,1,0.883716,Зеленоградский,Калининградская область,3
2389,1190,2,0.931732,Светлогорский,Калининградская область,3
2389,2190,3,0.947130,Тюмень,Тюменская область,3
2390,1188,1,0.846417,Зеленоградский,Калининградская область,3
2390,2190,2,0.853185,Тюмень,Тюменская область,3
2390,1190,3,0.899345,Светлогорский,Калининградская область,3
2391,1395,1,0.692603,Всеволожский,Ленинградская область,3
2391,1783,2,0.807570,Псковский,Псковская область,3
2391,1874,3,0.969552,Самара,Самарская область,3
2392,1874,1,0.660105,Самара,Самарская область,3
2392,1783,2,0.671298,Псковский,Псковская область,3
2392,1397,3,0.710154,Гатчинский,Ленинградская область,3
2393,1783,1,0.441432,Псковский,Псковская область,3
2393,1397,2,0.533463,Гатчинский,Ленинградская область,3
2393,1408,3,0.550223,Тосненский,Ленинградская область,3
2395,1400,1,0.578997,Кировский,Ленинградская область,3
2395,1408,2,0.659052,Тосненский,Ленинградская область,3
2395,1396,3,0.776645,Выборгский,Ленинградская область,3
2398,1395,1,0.794905,Всеволожский,Ленинградская область,3
2398,354,2,0.875554,Казань,Республика Татарстан,3
2398,2646,3,0.960750,Обнинск,Калужская область,3
2399,1188,1,1.034417,Зеленоградский,Калининградская область,3
2399,2530,2,1.167194,Северное Тушино,Москва,3
2399,2190,3,1.167967,Тюмень,Тюменская область,3
2400,1188,1,1.146611,Зеленоградский,Калининградская область,3
2400,2190,2,1.179151,Тюмень,Тюменская область,3
2400,21,3,1.223236,Уфа,Республика Башкортостан,3
2401,2190,1,0.683450,Тюмень,Тюменская область,3
2401,1874,2,0.700066,Самара,Самарская область,3
2401,21,3,0.729793,Уфа,Республика Башкортостан,3
2402,1395,1,0.771518,Всеволожский,Ленинградская область,3
2402,2646,2,0.879482,Обнинск,Калужская область,3
2402,1874,3,0.884824,Самара,Самарская область,3
2403,1397,1,0.514712,Гатчинский,Ленинградская область,3
2403,1783,2,0.766213,Псковский,Псковская область,3
2403,1402,3,0.819427,Ломоносовский,Ленинградская область,3
2404,2190,1,0.806115,Тюмень,Тюменская область,3
2404,1874,2,0.884777,Самара,Самарская область,3
2404,1188,3,0.943008,Зеленоградский,Калининградская область,3
2405,1188,1,1.063186,Зеленоградский,Калининградская область,3
2405,2190,2,1.116015,Тюмень,Тюменская область,3
2405,2538,3,1.138390,Савелки,Москва,3
2406,1395,1,0.703531,Всеволожский,Ленинградская область,3
2406,354,2,0.961375,Казань,Республика Татарстан,3
2406,1188,3,1.001254,Зеленоградский,Калининградская область,3
2407,2646,1,0.694946,Обнинск,Калужская область,3
2407,1874,2,0.781645,Самара,Самарская область,3
2407,2190,3,0.872740,Тюмень,Тюменская область,3
2408,1874,1,0.620426,Самара,Самарская область,3
2408,2646,2,0.658102,Обнинск,Калужская область,3
2408,1979,3,0.779274,Верхняя Пышма,Свердловская область,3
2409,1395,1,0.656773,Всеволожский,Ленинградская область,3
2409,1402,2,0.859276,Ломоносовский,Ленинградская область,3
2409,809,3,0.923417,Ставрополь,Ставропольский край,3
2410,1396,1,0.682176,Выборгский,Ленинградская область,3
2410,1783,2,0.685651,Псковский,Псковская область,3
2410,1408,3,0.706293,Тосненский,Ленинградская область,3
2411,1402,1,0.847858,Ломоносовский,Ленинградская область,3
2411,2876,2,0.897128,Кисловодск,Ставропольский край,3
2411,812,3,0.928934,Ессентуки,Ставропольский край,3
2412,1395,1,1.025425,Всеволожский,Ленинградская область,3
2412,354,2,1.222330,Казань,Республика Татарстан,3
2412,809,3,1.230586,Ставрополь,Ставропольский край,3
2416,1395,1,0.782304,Всеволожский,Ленинградская область,3
2416,1453,2,0.914028,Истра,Московская область,3
2416,1402,3,0.995788,Ломоносовский,Ленинградская область,3
2422,1402,1,0.658832,Ломоносовский,Ленинградская область,3
2422,1397,2,0.671937,Гатчинский,Ленинградская область,3
2422,809,3,0.839493,Ставрополь,Ставропольский край,3
2423,2497,1,1.281260,Войковский,Москва,3
2423,2481,2,1.342088,Кунцево,Москва,3
2423,2503,3,1.345265,Левобережный,Москва,3
2424,2566,1,1.188933,Теплый Стан,Москва,3
2424,1188,2,1.221569,Зеленоградский,Калининградская область,3
2424,2561,3,1.238969,Коньково,Москва,3
2425,2190,1,1.050032,Тюмень,Тюменская область,3
2425,1188,2,1.068454,Зеленоградский,Калининградская область,3
2425,1874,3,1.113438,Самара,Самарская область,3
2426,1188,1,1.065752,Зеленоградский,Калининградская область,3
2426,2190,2,1.109596,Тюмень,Тюменская область,3
2426,354,3,1.115953,Казань,Республика Татарстан,3
2427,2566,1,1.282108,Теплый Стан,Москва,3
2427,2481,2,1.297164,Кунцево,Москва,3
2427,2503,3,1.333711,Левобережный,Москва,3
2428,1874,1,0.928697,Самара,Самарская область,3
2428,21,2,1.017792,Уфа,Республика Башкортостан,3
2428,2190,3,1.025490,Тюмень,Тюменская область,3
2429,1395,1,1.039754,Всеволожский,Ленинградская область,3
2429,2538,2,1.069719,Савелки,Москва,3
2429,1188,3,1.116588,Зеленоградский,Калининградская область,3
2430,1395,1,0.735627,Всеволожский,Ленинградская область,3
2430,1874,2,0.960521,Самара,Самарская область,3
2430,2190,3,1.026906,Тюмень,Тюменская область,3
2431,1395,1,0.739375,Всеволожский,Ленинградская область,3
2431,1874,2,0.928660,Самара,Самарская область,3
2431,354,3,1.001091,Казань,Республика Татарстан,3
2432,1395,1,0.682551,Всеволожский,Ленинградская область,3
2432,354,2,0.923166,Казань,Республика Татарстан,3
2432,1186,3,1.014869,Гурьевский,Калининградская область,3
2433,2190,1,0.852665,Тюмень,Тюменская область,3
2433,1188,2,0.882220,Зеленоградский,Калининградская область,3
2433,1190,3,0.915810,Светлогорский,Калининградская область,3
2434,2190,1,0.965341,Тюмень,Тюменская область,3
2434,1188,2,0.966019,Зеленоградский,Калининградская область,3
2434,21,3,1.076612,Уфа,Республика Башкортостан,3
2435,1874,1,0.705538,Самара,Самарская область,3
2435,2190,2,0.767172,Тюмень,Тюменская область,3
2435,21,3,0.814144,Уфа,Республика Башкортостан,3
2436,2190,1,1.045854,Тюмень,Тюменская область,3
2436,1188,2,1.054523,Зеленоградский,Калининградская область,3
2436,2538,3,1.168128,Савелки,Москва,3
2437,1395,1,0.726873,Всеволожский,Ленинградская область,3
2437,1402,2,0.915311,Ломоносовский,Ленинградская область,3
2437,1453,3,0.963603,Истра,Московская область,3
2439,2507,1,1.353232,Тимирязевский,Москва,3
2439,2573,2,1.363580,Даниловский,Москва,3
2439,2529,3,1.378433,Покровское-Стрешнево,Москва,3
2440,2506,1,1.340258,Сокол,Москва,3
2440,2533,2,1.427195,Щукино,Москва,3
2440,2537,3,1.427626,Замоскворечье,Москва,3
2441,2506,1,1.322491,Сокол,Москва,3
2441,2533,2,1.376281,Щукино,Москва,3
2441,2537,3,1.388167,Замоскворечье,Москва,3
2442,2506,1,1.273207,Сокол,Москва,3
2442,2533,2,1.361950,Щукино,Москва,3
2442,2494,3,1.370493,Аэропорт,Москва,3
2443,2506,1,1.358564,Сокол,Москва,3
2443,2494,2,1.383036,Аэропорт,Москва,3
2443,2510,3,1.409014,Алексеевский,Москва,3
2444,2486,1,1.398712,Раменки,Москва,3
2444,2541,2,1.432560,Пресненский,Москва,3
2444,2544,3,1.438379,Хамовники,Москва,3
2445,1395,1,0.604309,Всеволожский,Ленинградская область,3
2445,809,2,0.801596,Ставрополь,Ставропольский край,3
2445,1397,3,0.916076,Гатчинский,Ленинградская область,3
2446,1395,1,0.496654,Всеволожский,Ленинградская область,3
2446,1783,2,0.941797,Псковский,Псковская область,3
2446,809,3,0.971254,Ставрополь,Ставропольский край,3
2447,1395,1,0.893679,Всеволожский,Ленинградская область,3
2447,2538,2,1.167504,Савелки,Москва,3
2447,2493,3,1.205834,Силино,Москва,3
2449,1395,1,0.398330,Всеволожский,Ленинградская область,3
2449,1783,2,0.815478,Псковский,Псковская область,3
2449,1468,3,0.864287,Наро-Фоминский,Московская область,3
2450,21,1,0.825908,Уфа,Республика Башкортостан,3
2450,1874,2,0.864698,Самара,Самарская область,3
2450,1188,3,0.879058,Зеленоградский,Калининградская область,3
2451,2190,1,0.839874,Тюмень,Тюменская область,3
2451,1874,2,0.851633,Самара,Самарская область,3
2451,21,3,0.896557,Уфа,Республика Башкортостан,3
2452,1874,1,0.922629,Самара,Самарская область,3
2452,21,2,0.966935,Уфа,Республика Башкортостан,3
2452,2190,3,0.967542,Тюмень,Тюменская область,3
2453,1874,1,0.875500,Самара,Самарская область,3
2453,2190,2,0.880152,Тюмень,Тюменская область,3
2453,21,3,0.885690,Уфа,Республика Башкортостан,3
2454,2190,1,1.037824,Тюмень,Тюменская область,3
2454,2646,2,1.049112,Обнинск,Калужская область,3
2454,1874,3,1.088159,Самара,Самарская область,3
2455,1874,1,0.807560,Самара,Самарская область,3
2455,21,2,0.873288,Уфа,Республика Башкортостан,3
2455,2190,3,0.873543,Тюмень,Тюменская область,3
2456,2497,1,1.303443,Войковский,Москва,3
2456,2522,2,1.317140,Свиблово,Москва,3
2456,2533,3,1.339220,Щукино,Москва,3
2457,2533,1,1.337091,Щукино,Москва,3
2457,2573,2,1.339607,Даниловский,Москва,3
2457,2522,3,1.343670,Свиблово,Москва,3
2458,2497,1,1.303310,Войковский,Москва,3
2458,2476,2,1.354758,Сокольники,Москва,3
2458,2506,3,1.361156,Сокол,Москва,3
2459,2497,1,1.291457,Войковский,Москва,3
2459,2476,2,1.362643,Сокольники,Москва,3
2459,2494,3,1.414003,Аэропорт,Москва,3
2460,2561,1,1.228304,Коньково,Москва,3
2460,2529,2,1.245388,Покровское-Стрешнево,Москва,3
2460,2468,3,1.260869,Измайлово,Москва,3
2461,2468,1,1.361224,Измайлово,Москва,3
2461,2561,2,1.364577,Коньково,Москва,3
2461,2522,3,1.413818,Свиблово,Москва,3
2462,1475,1,0.412008,Реутов,Московская область,3
2462,1444,2,0.646336,Долгопрудный,Московская область,3
2462,1456,3,0.668058,Королёв,Московская область,3
2463,1456,1,0.659610,Королёв,Московская область,3
2463,1475,2,0.733109,Реутов,Московская область,3
2463,1439,3,0.822220,Балашиха,Московская область,3
2464,1475,1,0.364629,Реутов,Московская область,3
2464,1444,2,0.707503,Долгопрудный,Московская область,3
2464,1465,3,0.892075,Люберцы,Московская область,3
2465,2649,1,0.475966,Щёлково,Московская область,3
2465,1500,2,0.554602,Раменский,Московская область,3
2465,1472,3,0.588940,Подольск,Московская область,3
2466,1439,1,0.536834,Балашиха,Московская область,3
2466,1465,2,0.582955,Люберцы,Московская область,3
2466,1475,3,0.621953,Реутов,Московская область,3
2467,1475,1,0.582943,Реутов,Московская область,3
2467,1456,2,0.648641,Королёв,Московская область,3
2467,1439,3,0.658043,Балашиха,Московская область,3
2468,1475,1,0.630726,Реутов,Московская область,3
2468,1444,2,1.032356,Долгопрудный,Московская область,3
2468,1456,3,1.067690,Королёв,Московская область,3
2469,1465,1,0.461841,Люберцы,Московская область,3
2469,1439,2,0.542607,Балашиха,Московская область,3
2469,1443,3,0.560181,Дзержинский,Московская область,3
2470,1475,1,0.338846,Реутов,Московская область,3
2470,1444,2,0.748952,Долгопрудный,Московская область,3
2470,1465,3,0.830075,Люберцы,Московская область,3
2471,1475,1,0.560742,Реутов,Московская область,3
2471,1456,2,0.610067,Королёв,Московская область,3
2471,1448,3,0.732178,Жуковский,Московская область,3
2472,1465,1,0.511953,Люберцы,Московская область,3
2472,1461,2,0.582059,Лобня,Московская область,3
2472,1448,3,0.615184,Жуковский,Московская область,3
2473,1456,1,0.595730,Королёв,Московская область,3
2473,1475,2,0.599902,Реутов,Московская область,3
2473,1444,3,0.789070,Долгопрудный,Московская область,3
2474,1475,1,0.470186,Реутов,Московская область,3
2474,1456,2,0.654508,Королёв,Московская область,3
2474,1444,3,0.724719,Долгопрудный,Московская область,3
2475,1475,1,0.528315,Реутов,Московская область,3
2475,1456,2,0.866667,Королёв,Московская область,3
2475,1444,3,0.919664,Долгопрудный,Московская область,3
2476,1475,1,1.144293,Реутов,Московская область,3
2476,2373,2,1.292739,Ланское,Санкт-Петербург,3
2476,2460,3,1.304748,Лиговка-Ямская,Санкт-Петербург,3
2477,1475,1,0.622907,Реутов,Московская область,3
2477,1444,2,0.947782,Долгопрудный,Московская область,3
2477,1456,3,0.987253,Королёв,Московская область,3
2478,2649,1,0.269793,Щёлково,Московская область,3
2478,1472,2,0.291182,Подольск,Московская область,3
2478,1461,3,0.294361,Лобня,Московская область,3
2479,2442,1,1.461273,Аптекарский остров,Санкт-Петербург,3
2479,2444,2,1.469279,Чкаловское,Санкт-Петербург,3
2479,2443,3,1.542768,Петровский,Санкт-Петербург,3
2480,1475,1,1.321378,Реутов,Московская область,3
2480,2373,2,1.327840,Ланское,Санкт-Петербург,3
2480,2365,3,1.362968,Светлановское,Санкт-Петербург,3
2481,1475,1,0.942727,Реутов,Московская область,3
2481,1456,2,1.031848,Королёв,Московская область,3
2481,1444,3,1.101941,Долгопрудный,Московская область,3
2482,1475,1,0.654636,Реутов,Московская область,3
2482,1444,2,0.695050,Долгопрудный,Московская область,3
2482,1456,3,0.836282,Королёв,Московская область,3
2483,1456,1,0.353105,Королёв,Московская область,3
2483,1444,2,0.430734,Долгопрудный,Московская область,3
2483,1475,3,0.488105,Реутов,Московская область,3
2484,1475,1,0.820050,Реутов,Московская область,3
2484,1459,2,0.835442,Красногорск,Московская область,3
2484,1444,3,0.868806,Долгопрудный,Московская область,3
2485,2442,1,1.427034,Аптекарский остров,Санкт-Петербург,3
2485,2443,2,1.449065,Петровский,Санкт-Петербург,3
2485,2458,3,1.472511,Литейный,Санкт-Петербург,3
2486,2444,1,1.398712,Чкаловское,Санкт-Петербург,3
2486,2442,2,1.516948,Аптекарский остров,Санкт-Петербург,3
2486,2443,3,1.633931,Петровский,Санкт-Петербург,3
2487,1475,1,0.211405,Реутов,Московская область,3
2487,1444,2,0.465136,Долгопрудный,Московская область,3
2487,1456,3,0.716605,Королёв,Московская область,3
2488,2373,1,1.370098,Ланское,Санкт-Петербург,3
2488,2442,2,1.380127,Аптекарский остров,Санкт-Петербург,3
2488,2458,3,1.407697,Литейный,Санкт-Петербург,3
2489,1475,1,1.211152,Реутов,Московская область,3
2489,2373,2,1.373968,Ланское,Санкт-Петербург,3
2489,2442,3,1.402345,Аптекарский остров,Санкт-Петербург,3
2490,1475,1,1.044640,Реутов,Московская область,3
2490,1456,2,1.158106,Королёв,Московская область,3
2490,1444,3,1.236175,Долгопрудный,Московская область,3
2491,1461,1,0.472989,Лобня,Московская область,3
2491,1448,2,0.484073,Жуковский,Московская область,3
2491,2814,3,0.563064,Пушкинский,Московская область,3
2492,1461,1,0.483357,Лобня,Московская область,3
2492,1448,2,0.511302,Жуковский,Московская область,3
2492,2814,3,0.706100,Пушкинский,Московская область,3
2493,1481,1,0.568865,Фрязино,Московская область,3
2493,1448,2,0.586429,Жуковский,Московская область,3
2493,1456,3,0.671679,Королёв,Московская область,3
2494,2442,1,1.370493,Аптекарский остров,Санкт-Петербург,3
2494,2443,2,1.383036,Петровский,Санкт-Петербург,3
2494,2458,3,1.384196,Литейный,Санкт-Петербург,3
2495,2442,1,1.381271,Аптекарский остров,Санкт-Петербург,3
2495,2443,2,1.487437,Петровский,Санкт-Петербург,3
2495,2441,3,1.525810,Посадский,Санкт-Петербург,3
2496,1475,1,0.400959,Реутов,Московская область,3
2496,1444,2,0.493688,Долгопрудный,Московская область,3
2496,1456,3,0.604746,Королёв,Московская область,3
2497,1475,1,1.226371,Реутов,Московская область,3
2497,2365,2,1.261720,Светлановское,Санкт-Петербург,3
2497,2460,3,1.273722,Лиговка-Ямская,Санкт-Петербург,3
2498,1465,1,0.408690,Люберцы,Московская область,3
2498,1439,2,0.539829,Балашиха,Московская область,3
2498,1443,3,0.561808,Дзержинский,Московская область,3
2499,1475,1,0.397625,Реутов,Московская область,3
2499,1444,2,0.647196,Долгопрудный,Московская область,3
2499,1456,3,0.690512,Королёв,Московская область,3
2500,1465,1,0.419318,Люберцы,Московская область,3
2500,1443,2,0.513936,Дзержинский,Московская область,3
2500,1467,3,0.621582,Мытищи,Московская область,3
2501,1475,1,0.434408,Реутов,Московская область,3
2501,1444,2,0.464763,Долгопрудный,Московская область,3
2501,1465,3,0.518531,Люберцы,Московская область,3
2502,1475,1,0.439095,Реутов,Московская область,3
2502,1444,2,0.674833,Долгопрудный,Московская область,3
2502,1456,3,0.688269,Королёв,Московская область,3
2503,1475,1,1.032282,Реутов,Московская область,3
2503,1444,2,1.184004,Долгопрудный,Московская область,3
2503,1456,3,1.194525,Королёв,Московская область,3
2504,1443,1,0.360810,Дзержинский,Московская область,3
2504,1465,2,0.389198,Люберцы,Московская область,3
2504,2814,3,0.394543,Пушкинский,Московская область,3
2505,1475,1,0.855885,Реутов,Московская область,3
2505,1444,2,1.056899,Долгопрудный,Московская область,3
2505,1456,3,1.263239,Королёв,Московская область,3
2506,2442,1,1.273207,Аптекарский остров,Санкт-Петербург,3
2506,2441,2,1.322491,Посадский,Санкт-Петербург,3
2506,1475,3,1.333666,Реутов,Московская область,3
2507,1475,1,0.533738,Реутов,Московская область,3
2507,1444,2,0.901517,Долгопрудный,Московская область,3
2507,1456,3,1.111750,Королёв,Московская область,3
2508,1475,1,0.463175,Реутов,Московская область,3
2508,1444,2,0.718738,Долгопрудный,Московская область,3
2508,1456,3,0.870506,Королёв,Московская область,3
2509,2442,1,1.422620,Аптекарский остров,Санкт-Петербург,3
2509,2441,2,1.484979,Посадский,Санкт-Петербург,3
2509,2443,3,1.539994,Петровский,Санкт-Петербург,3
2510,1475,1,1.122025,Реутов,Московская область,3
2510,2373,2,1.290278,Ланское,Санкт-Петербург,3
2510,1444,3,1.319583,Долгопрудный,Московская область,3
2511,1465,1,0.507447,Люберцы,Московская область,3
2511,1439,2,0.553270,Балашиха,Московская область,3
2511,1443,3,0.611418,Дзержинский,Московская область,3
2512,1475,1,0.482882,Реутов,Московская область,3
2512,1456,2,0.673586,Королёв,Московская область,3
2512,1444,3,0.725135,Долгопрудный,Московская область,3
2513,1465,1,0.702645,Люберцы,Московская область,3
2513,1475,2,0.774951,Реутов,Московская область,3
2513,1448,3,0.782530,Жуковский,Московская область,3
2514,1475,1,0.460321,Реутов,Московская область,3
2514,1444,2,0.864121,Долгопрудный,Московская область,3
2514,1456,3,0.968142,Королёв,Московская область,3
2515,1475,1,0.397519,Реутов,Московская область,3
2515,1465,2,0.581574,Люберцы,Московская область,3
2515,1444,3,0.598837,Долгопрудный,Московская область,3
2516,1444,1,0.359209,Долгопрудный,Московская область,3
2516,1475,2,0.377548,Реутов,Московская область,3
2516,1456,3,0.465343,Королёв,Московская область,3
2517,1475,1,0.853151,Реутов,Московская область,3
2517,1444,2,0.936032,Долгопрудный,Московская область,3
2517,1456,3,1.018881,Королёв,Московская область,3
2518,1475,1,0.961885,Реутов,Московская область,3
2518,1444,2,1.265474,Долгопрудный,Московская область,3
2518,2460,3,1.326515,Лиговка-Ямская,Санкт-Петербург,3
2519,1475,1,0.892322,Реутов,Московская область,3
2519,1444,2,1.155162,Долгопрудный,Московская область,3
2519,2373,3,1.325630,Ланское,Санкт-Петербург,3
2520,1475,1,0.294248,Реутов,Московская область,3
2520,1444,2,0.674424,Долгопрудный,Московская область,3
2520,1456,3,0.762038,Королёв,Московская область,3
2521,1475,1,0.634288,Реутов,Московская область,3
2521,1444,2,0.808527,Долгопрудный,Московская область,3
2521,1459,3,0.816908,Красногорск,Московская область,3
2522,1475,1,0.716016,Реутов,Московская область,3
2522,1444,2,1.090560,Долгопрудный,Московская область,3
2522,1456,3,1.206793,Королёв,Московская область,3
2523,1475,1,0.620612,Реутов,Московская область,3
2523,1456,2,0.675696,Королёв,Московская область,3
2523,1444,3,0.781661,Долгопрудный,Московская область,3
2524,1459,1,0.231857,Красногорск,Московская область,3
2524,1467,2,0.318348,Мытищи,Московская область,3
2524,2651,3,0.612234,Одинцовский,Московская область,3
2525,1475,1,0.355142,Реутов,Московская область,3
2525,1444,2,0.680137,Долгопрудный,Московская область,3
2525,1465,3,0.694858,Люберцы,Московская область,3
2526,1457,1,0.735151,Котельники,Московская область,3
2526,1467,2,0.755601,Мытищи,Московская область,3
2526,1443,3,0.769294,Дзержинский,Московская область,3
2527,2373,1,1.490594,Ланское,Санкт-Петербург,3
2527,2442,2,1.494582,Аптекарский остров,Санкт-Петербург,3
2527,1475,3,1.508261,Реутов,Московская область,3
2528,1475,1,0.364901,Реутов,Московская область,3
2528,1444,2,0.532056,Долгопрудный,Московская область,3
2528,1456,3,0.709228,Королёв,Московская область,3
2529,1475,1,0.484149,Реутов,Московская область,3
2529,1444,2,0.822861,Долгопрудный,Московская область,3
2529,1456,3,0.989940,Королёв,Московская область,3
2530,1475,1,0.424864,Реутов,Московская область,3
2530,1444,2,0.781767,Долгопрудный,Московская область,3
2530,1456,3,0.789058,Королёв,Московская область,3
2531,1475,1,0.396466,Реутов,Московская область,3
2531,1456,2,0.629871,Королёв,Московская область,3
2531,1444,3,0.669864,Долгопрудный,Московская область,3
2532,1475,1,1.064121,Реутов,Московская область,3
2532,1444,2,1.229641,Долгопрудный,Московская область,3
2532,2373,3,1.365406,Ланское,Санкт-Петербург,3
2533,1475,1,1.073419,Реутов,Московская область,3
2533,2373,2,1.279841,Ланское,Санкт-Петербург,3
2533,2460,3,1.295542,Лиговка-Ямская,Санкт-Петербург,3
2534,1475,1,0.254000,Реутов,Московская область,3
2534,1444,2,0.584351,Долгопрудный,Московская область,3
2534,1456,3,0.661661,Королёв,Московская область,3
2535,2444,1,1.617677,Чкаловское,Санкт-Петербург,3
2535,2442,2,1.767456,Аптекарский остров,Санкт-Петербург,3
2535,2441,3,1.916982,Посадский,Санкт-Петербург,3
2536,2442,1,1.373235,Аптекарский остров,Санкт-Петербург,3
2536,2441,2,1.389534,Посадский,Санкт-Петербург,3
2536,2458,3,1.441248,Литейный,Санкт-Петербург,3
2537,2458,1,1.365044,Литейный,Санкт-Петербург,3
2537,2457,2,1.379736,№ 78,Санкт-Петербург,3
2537,2456,3,1.386380,Дворцовый,Санкт-Петербург,3
2538,1444,1,0.701728,Долгопрудный,Московская область,3
2538,1448,2,0.718968,Жуковский,Московская область,3
2538,1456,3,0.737170,Королёв,Московская область,3
2539,1475,1,0.952473,Реутов,Московская область,3
2539,2456,2,1.357864,Дворцовый,Санкт-Петербург,3
2539,2457,3,1.362700,№ 78,Санкт-Петербург,3
2540,2442,1,1.399334,Аптекарский остров,Санкт-Петербург,3
2540,2458,2,1.412163,Литейный,Санкт-Петербург,3
2540,2443,3,1.424204,Петровский,Санкт-Петербург,3
2541,2444,1,1.432560,Чкаловское,Санкт-Петербург,3
2541,2442,2,1.500452,Аптекарский остров,Санкт-Петербург,3
2541,2443,3,1.579921,Петровский,Санкт-Петербург,3
2542,1475,1,1.162755,Реутов,Московская область,3
2542,2373,2,1.389212,Ланское,Санкт-Петербург,3
2542,2460,3,1.391023,Лиговка-Ямская,Санкт-Петербург,3
2543,2442,1,1.511065,Аптекарский остров,Санкт-Петербург,3
2543,2441,2,1.573139,Посадский,Санкт-Петербург,3
2543,2443,3,1.641344,Петровский,Санкт-Петербург,3
2544,2444,1,1.438379,Чкаловское,Санкт-Петербург,3
2544,2442,2,1.815288,Аптекарский остров,Санкт-Петербург,3
2544,2443,3,1.833669,Петровский,Санкт-Петербург,3
2545,2442,1,1.556340,Аптекарский остров,Санкт-Петербург,3
2545,2441,2,1.577494,Посадский,Санкт-Петербург,3
2545,2444,3,1.702217,Чкаловское,Санкт-Петербург,3
2546,1475,1,0.416217,Реутов,Московская область,3
2546,1456,2,0.662016,Королёв,Московская область,3
2546,1444,3,0.715807,Долгопрудный,Московская область,3
2547,2210,1,0.706076,Тюменский,Тюменская область,3
2547,1443,2,0.748709,Дзержинский,Московская область,3
2547,1445,3,0.790867,Домодедово,Московская область,3
2548,1475,1,0.597857,Реутов,Московская область,3
2548,1465,2,0.778900,Люберцы,Московская область,3
2548,1443,3,0.850642,Дзержинский,Московская область,3
2549,1475,1,0.603621,Реутов,Московская область,3
2549,1444,2,1.041337,Долгопрудный,Московская область,3
2549,1456,3,1.208073,Королёв,Московская область,3
2550,1465,1,0.616495,Люберцы,Московская область,3
2550,1443,2,0.633225,Дзержинский,Московская область,3
2550,1467,3,0.651948,Мытищи,Московская область,3
2551,1475,1,0.346597,Реутов,Московская область,3
2551,1465,2,0.704765,Люберцы,Московская область,3
2551,1444,3,0.708821,Долгопрудный,Московская область,3
2552,1443,1,0.536964,Дзержинский,Московская область,3
2552,1465,2,0.545359,Люберцы,Московская область,3
2552,2814,3,0.640651,Пушкинский,Московская область,3
2553,1475,1,0.551135,Реутов,Московская область,3
2553,1465,2,0.702043,Люберцы,Московская область,3
2553,1467,3,0.715941,Мытищи,Московская область,3
2554,1465,1,0.577782,Люберцы,Московская область,3
2554,1439,2,0.673776,Балашиха,Московская область,3
2554,1443,3,0.714813,Дзержинский,Московская область,3
2555,1475,1,0.255978,Реутов,Московская область,3
2555,1444,2,0.603497,Долгопрудный,Московская область,3
2555,1467,3,0.775873,Мытищи,Московская область,3
2556,1475,1,0.487222,Реутов,Московская область,3
2556,1465,2,0.677297,Люберцы,Московская область,3
2556,1456,3,0.679290,Королёв,Московская область,3
2557,1475,1,0.573846,Реутов,Московская область,3
2557,1444,2,0.962229,Долгопрудный,Московская область,3
2557,1459,3,1.143718,Красногорск,Московская область,3
2558,2459,1,1.443726,Смольнинское,Санкт-Петербург,3
2558,2373,2,1.450520,Ланское,Санкт-Петербург,3
2558,2443,3,1.462632,Петровский,Санкт-Петербург,3
2559,2459,1,1.608726,Смольнинское,Санкт-Петербург,3
2559,2423,2,1.647333,Московская застава,Санкт-Петербург,3
2559,2458,3,1.655094,Литейный,Санкт-Петербург,3
2560,1475,1,0.358072,Реутов,Московская область,3
2560,1444,2,0.783887,Долгопрудный,Московская область,3
2560,1456,3,0.893880,Королёв,Московская область,3
2561,1475,1,0.833233,Реутов,Московская область,3
2561,1456,2,1.096315,Королёв,Московская область,3
2561,1444,3,1.121530,Долгопрудный,Московская область,3
2562,1475,1,0.416035,Реутов,Московская область,3
2562,1444,2,0.685833,Долгопрудный,Московская область,3
2562,1456,3,0.772383,Королёв,Московская область,3
2563,2459,1,1.519073,Смольнинское,Санкт-Петербург,3
2563,2365,2,1.535480,Светлановское,Санкт-Петербург,3
2563,2423,3,1.536479,Московская застава,Санкт-Петербург,3
2564,1475,1,1.303753,Реутов,Московская область,3
2564,2373,2,1.391260,Ланское,Санкт-Петербург,3
2564,2460,3,1.404122,Лиговка-Ямская,Санкт-Петербург,3
2565,1475,1,0.364929,Реутов,Московская область,3
2565,1444,2,0.615054,Долгопрудный,Московская область,3
2565,1459,3,0.804973,Красногорск,Московская область,3
2566,1475,1,0.852189,Реутов,Московская область,3
2566,1456,2,0.914426,Королёв,Московская область,3
2566,1444,3,1.023756,Долгопрудный,Московская область,3
2567,1475,1,1.109675,Реутов,Московская область,3
2567,2373,2,1.321051,Ланское,Санкт-Петербург,3
2567,2460,3,1.345928,Лиговка-Ямская,Санкт-Петербург,3
2568,1465,1,0.608803,Люберцы,Московская область,3
2568,1443,2,0.669631,Дзержинский,Московская область,3
2568,1448,3,0.745839,Жуковский,Московская область,3
2569,1475,1,0.267254,Реутов,Московская область,3
2569,1444,2,0.486583,Долгопрудный,Московская область,3
2569,1456,3,0.533650,Королёв,Московская область,3
2570,1443,1,0.278100,Дзержинский,Московская область,3
2570,1465,2,0.289420,Люберцы,Московская область,3
2570,1439,3,0.500029,Балашиха,Московская область,3
2571,1443,1,0.685713,Дзержинский,Московская область,3
2571,1445,2,0.687175,Домодедово,Московская область,3
2571,1465,3,0.792738,Люберцы,Московская область,3
2572,1465,1,0.542178,Люберцы,Московская область,3
2572,1443,2,0.580872,Дзержинский,Московская область,3
2572,1448,3,0.712172,Жуковский,Московская область,3
2573,1475,1,0.968956,Реутов,Московская область,3
2573,2457,2,1.339607,№ 78,Санкт-Петербург,3
2573,1444,3,1.341183,Долгопрудный,Московская область,3
2574,1475,1,0.963857,Реутов,Московская область,3
2574,1444,2,1.256395,Долгопрудный,Московская область,3
2574,2373,3,1.358478,Ланское,Санкт-Петербург,3
2575,1456,1,0.498660,Королёв,Московская область,3
2575,1475,2,0.592809,Реутов,Московская область,3
2575,1444,3,0.747111,Долгопрудный,Московская область,3
2576,1475,1,0.344062,Реутов,Московская область,3
2576,1444,2,0.649896,Долгопрудный,Московская область,3
2576,1467,3,0.864264,Мытищи,Московская область,3
2577,1475,1,0.399761,Реутов,Московская область,3
2577,1444,2,0.699554,Долгопрудный,Московская область,3
2577,1459,3,0.951610,Красногорск,Московская область,3
2578,1475,1,0.545689,Реутов,Московская область,3
2578,1444,2,0.803505,Долгопрудный,Московская область,3
2578,1456,3,0.848336,Королёв,Московская область,3
2579,1475,1,0.617677,Реутов,Московская область,3
2579,1444,2,0.933822,Долгопрудный,Московская область,3
2579,1456,3,0.971118,Королёв,Московская область,3
2580,1475,1,0.391853,Реутов,Московская область,3
2580,1456,2,0.628577,Королёв,Московская область,3
2580,1444,3,0.722763,Долгопрудный,Московская область,3
2581,1475,1,0.266221,Реутов,Московская область,3
2581,1444,2,0.531174,Долгопрудный,Московская область,3
2581,1456,3,0.628273,Королёв,Московская область,3
2582,1465,1,0.622903,Люберцы,Московская область,3
2582,1439,2,0.675688,Балашиха,Московская область,3
2582,1461,3,0.741116,Лобня,Московская область,3
2583,1475,1,0.559045,Реутов,Московская область,3
2583,1456,2,0.931616,Королёв,Московская область,3
2583,1444,3,0.945492,Долгопрудный,Московская область,3
2584,1475,1,0.349011,Реутов,Московская область,3
2584,1456,2,0.606197,Королёв,Московская область,3
2584,1444,3,0.656868,Долгопрудный,Московская область,3
2585,1475,1,0.444717,Реутов,Московская область,3
2585,1467,2,0.618149,Мытищи,Московская область,3
2585,1444,3,0.631101,Долгопрудный,Московская область,3
2586,1461,1,0.422821,Лобня,Московская область,3
2586,1448,2,0.508397,Жуковский,Московская область,3
2586,2814,3,0.658761,Пушкинский,Московская область,3
2587,1453,1,0.475124,Истра,Московская область,3
2587,1448,2,0.535069,Жуковский,Московская область,3
2587,2814,3,0.632568,Пушкинский,Московская область,3
2588,2649,1,0.288861,Щёлково,Московская область,3
2588,1461,2,0.359297,Лобня,Московская область,3
2588,1472,3,0.383289,Подольск,Московская область,3
2589,1459,1,0.907992,Красногорск,Московская область,3
2589,1444,2,1.117065,Долгопрудный,Московская область,3
2589,1467,3,1.143017,Мытищи,Московская область,3
2590,1465,1,0.513863,Люберцы,Московская область,3
2590,2814,2,0.514599,Пушкинский,Московская область,3
2590,1467,3,0.517842,Мытищи,Московская область,3
2591,2648,1,1.170317,Лосино-Петровский,Московская область,3
2591,1477,2,1.231423,Рузский,Московская область,3
2591,1491,3,1.237653,Дмитровский,Московская область,3
2592,1467,1,0.494416,Мытищи,Московская область,3
2592,1459,2,0.512859,Красногорск,Московская область,3
2592,2651,3,0.549413,Одинцовский,Московская область,3
2595,1500,1,0.605162,Раменский,Московская область,3
2595,2648,2,0.609717,Лосино-Петровский,Московская область,3
2595,1496,3,0.627775,Богородский,Московская область,3
2596,2648,1,0.996547,Лосино-Петровский,Московская область,3
2596,1440,2,0.999473,Бронницы,Московская область,3
2596,1491,3,1.129777,Дмитровский,Московская область,3
2597,2648,1,0.439328,Лосино-Петровский,Московская область,3
2597,1484,2,0.524227,Чехов,Московская область,3
2597,1500,3,0.587925,Раменский,Московская область,3
2598,1477,1,1.329075,Рузский,Московская область,3
2598,2334,2,1.386698,Рыбинский,Ярославская область,3
2598,1440,3,1.414616,Бронницы,Московская область,3
2599,1475,1,0.700949,Реутов,Московская область,3
2599,1459,2,0.723537,Красногорск,Московская область,3
2599,1444,3,0.780312,Долгопрудный,Московская область,3
2600,1467,1,0.602742,Мытищи,Московская область,3
2600,2651,2,0.770201,Одинцовский,Московская область,3
2600,1439,3,0.818562,Балашиха,Московская область,3
2601,2334,1,1.251006,Рыбинский,Ярославская область,3
2601,1440,2,1.297665,Бронницы,Московская область,3
2601,1477,3,1.329278,Рузский,Московская область,3
2602,1453,1,0.891083,Истра,Московская область,3
2602,1468,2,1.009034,Наро-Фоминский,Московская область,3
2602,1445,3,1.059571,Домодедово,Московская область,3
2604,2814,1,0.545943,Пушкинский,Московская область,3
2604,1445,2,0.557497,Домодедово,Московская область,3
2604,1468,3,0.619071,Наро-Фоминский,Московская область,3
2605,1444,1,0.702146,Долгопрудный,Московская область,3
2605,1475,2,0.843389,Реутов,Московская область,3
2605,1459,3,0.859114,Красногорск,Московская область,3
2606,1445,1,0.642265,Домодедово,Московская область,3
2606,1468,2,0.731655,Наро-Фоминский,Московская область,3
2606,2814,3,0.748727,Пушкинский,Московская область,3
2607,1477,1,0.965274,Рузский,Московская область,3
2607,2648,2,1.088253,Лосино-Петровский,Московская область,3
2607,1491,3,1.088606,Дмитровский,Московская область,3
2644,1783,1,0.397546,Псковский,Псковская область,3
2644,1410,2,0.665237,Липецк,Липецкая область,3
2644,2393,3,0.745395,Металлострой,Санкт-Петербург,3
2646,2408,1,0.658102,Константиновское,Санкт-Петербург,3
2646,1845,2,0.660603,Рязань,Рязанская область,3
2646,2407,3,0.694946,Урицк,Санкт-Петербург,3
2647,1477,1,0.627937,Рузский,Московская область,3
2647,1489,2,0.675739,Волоколамский,Московская область,3
2647,3009,3,0.676650,Тамбов,Тамбовская область,3
2648,2597,1,0.439328,Марушкинское,Москва,3
2648,2595,2,0.609717,Кокошкино,Москва,3
2648,2465,3,0.673338,Восточный,Москва,3
2649,2478,1,0.269793,Внуково,Москва,3
2649,2588,2,0.288861,Щербинка,Москва,3
2649,2465,3,0.475966,Восточный,Москва,3
2651,2592,1,0.549413,Десеновское,Москва,3
2651,2590,2,0.563658,Воскресенское,Москва,3
2651,2524,3,0.612234,Северный,Москва,3
2652,1586,1,0.548982,Новгородский,Новгородская область,3
2652,1410,2,0.563452,Липецк,Липецкая область,3
2652,2595,3,0.720713,Кокошкино,Москва,3
2808,1783,1,0.416439,Псковский,Псковская область,3
2808,1410,2,0.501323,Липецк,Липецкая область,3
2808,2164,3,0.642483,Тула,Тульская область,3
2814,2478,1,0.341288,Внуково,Москва,3
2814,2504,2,0.394543,Молжаниновский,Москва,3
2814,2588,3,0.429349,Щербинка,Москва,3
2876,2411,1,0.897128,Зеленогорск,Санкт-Петербург,3
2876,2362,2,1.011751,Левашово,Санкт-Петербург,3
2876,2422,3,1.012213,Ломоносов,Санкт-Петербург,3
2881,1,1,1.171869,Майкоп,Республика Адыгея,3
2881,345,2,1.276022,Владикавказ,Республика Северная Осетия — Алания,3
2881,196,3,1.342425,Абазинский,Карачаево-Черкесская Республика,3
2887,1665,1,0.348439,Оренбург,Оренбургская область,3
2887,1007,2,0.381557,Волгоград,Волгоградская область,3
2887,1977,3,0.447316,Березовский,Свердловская область,3
3009,1525,1,0.393941,Бор,Нижегородская область,3
3009,1198,2,0.529333,Калуга,Калужская область,3
3009,1560,3,0.545689,Кстовский,Нижегородская область,3
3013,2597,1,0.634334,Марушкинское,Москва,3
3013,2478,2,0.762613,Внуково,Москва,3
3013,2588,3,0.762686,Щербинка,Москва,3
