territory_id,date,cluster,cluster_name,relative_margin,changed_from_previous_month,municipal_district_name_short,municipal_district_name,municipal_district_type,municipal_district_center,region_name,municipal_district_center_lat,municipal_district_center_lon,metadata_active_2024,dominant_cluster,dominant_share,mean_margin,minimum_margin,transition_count,months_in_current_cluster,stability,relative_spend,market_access,health_share,marketplace_share,food_service_share,grocery_share,transport_share,spend_index,market_access_imputed,persistent_transition_count
1,2024-12,3,Крупные центры,0.129867,False,Майкоп,городской округ город Майкоп,городской округ,г Майкоп,Республика Адыгея,44.606208,40.104053,True,3,0.958333,0.183040,0.041574,2,22,ядро типа,0.111236,309.600000,0.044631,0.212720,0.047742,0.331250,0.062032,111.765882,False,0
2,2024-12,1,Цифровая повседневность,0.293382,False,Адыгейск,городской округ город Адыгейск,городской округ,г Адыгейск,Республика Адыгея,44.883378,39.190962,True,1,0.541667,0.153991,0.003475,5,8,пограничный,-0.144082,322.800000,0.048443,0.238520,0.045173,0.336686,0.043787,86.581632,False,1
3,2024-12,1,Цифровая повседневность,0.465878,False,Гиагинский,Гиагинский муниципальный район,муниципальный район,ст-ца Гиагинская,Республика Адыгея,44.875585,40.056498,True,1,1.000000,0.526628,0.445028,0,24,ядро типа,-0.171794,315.200000,0.036102,0.255381,0.014982,0.405233,0.027953,84.215223,False,0
4,2024-12,1,Цифровая повседневность,0.232692,False,Кошехабльский,Кошехабльский муниципальный район,муниципальный район,аул Кошехабль,Республика Адыгея,44.896500,40.496363,True,1,1.000000,0.213079,0.097619,0,24,ядро типа,-0.045985,315.500000,0.044239,0.216813,0.027001,0.365382,0.067277,95.505670,False,0
5,2024-12,1,Цифровая повседневность,0.458297,False,Красногвардейский,Красногвардейский муниципальный район,муниципальный район,с Красногвардейское,Республика Адыгея,45.144356,39.586148,True,1,1.000000,0.394433,0.259370,0,24,ядро типа,-0.158185,320.200000,0.038389,0.228462,0.013013,0.399683,0.057963,85.369194,False,0
6,2024-12,1,Цифровая повседневность,0.203017,False,Майкопский,Майкопский муниципальный район,муниципальный район,п Тульский,Республика Адыгея,44.509362,40.176214,True,1,1.000000,0.170911,0.067004,0,24,ядро типа,-0.001370,308.100000,0.033711,0.257950,0.033003,0.354524,0.061568,99.863062,False,0
7,2024-12,3,Крупные центры,0.375129,False,Тахтамукайский,Тахтамукайский муниципальный район,муниципальный район,аул Тахтамукай,Республика Адыгея,44.921286,38.994718,True,3,1.000000,0.389303,0.065282,0,24,ядро типа,0.380818,324.700000,0.041907,0.194037,0.054186,0.336621,0.072417,146.348068,False,0
8,2024-12,3,Крупные центры,0.080690,False,Теучежский,Теучежский муниципальный район,муниципальный район,аул Понежукай,Республика Адыгея,44.887690,39.382852,True,3,0.833333,0.090265,0.007063,4,2,пограничный,0.208522,317.400000,0.036497,0.217706,0.040644,0.360471,0.077640,123.185574,False,0
9,2024-12,1,Цифровая повседневность,0.314289,False,Шовгеновский,Шовгеновский муниципальный район,муниципальный район,аул Хакуринохабль,Республика Адыгея,45.020114,40.229112,True,1,1.000000,0.247736,0.052476,0,24,ядро типа,-0.297428,314.300000,0.031985,0.261518,0.012471,0.355527,0.058295,74.272614,False,0
10,2024-12,2,Автономные локальные центры,0.440475,False,Горно-Алтайск,городской округ город Горно-Алтайск,городской округ,г Горно-Алтайск,Республика Алтай,51.957775,85.963653,True,2,1.000000,0.289207,0.108084,0,24,ядро типа,0.205419,213.500000,0.040644,0.170221,0.044052,0.364497,0.066655,122.803994,False,0
11,2024-12,2,Автономные локальные центры,0.156211,False,Кош-Агачский,Кош-Агачский муниципальный район,муниципальный район,с Кош-Агач,Республика Алтай,49.994706,88.662822,True,2,0.958333,0.080094,0.014274,2,11,пограничный,-0.058206,191.000000,0.034313,0.192733,0.038357,0.378747,0.101895,94.345545,False,0
12,2024-12,2,Автономные локальные центры,0.377766,False,Майминский,Майминский муниципальный район,муниципальный район,с Майма,Республика Алтай,52.004684,85.898743,True,2,1.000000,0.299601,0.141785,0,24,ядро типа,0.270604,214.900000,0.040897,0.171076,0.035990,0.367484,0.073671,131.075654,False,0
13,2024-12,2,Автономные локальные центры,0.172986,False,Онгудайский,Онгудайский муниципальный район,муниципальный район,с Онгудай,Республика Алтай,50.749587,86.133526,True,2,1.000000,0.144264,0.081139,0,24,устойчивый,-0.099084,202.600000,0.034963,0.195576,0.019775,0.400938,0.076620,90.566676,False,0
14,2024-12,1,Цифровая повседневность,0.138736,False,Турочакский,Турочакский муниципальный район,муниципальный район,с Турочак,Республика Алтай,52.259956,87.117538,True,1,0.541667,0.077768,0.001420,7,7,пограничный,0.024575,210.900000,0.032037,0.228855,0.011950,0.433418,0.052485,102.487960,False,1
15,2024-12,2,Автономные локальные центры,0.080331,False,Улаганский,Улаганский муниципальный район,муниципальный район,с Улаган,Республика Алтай,50.631743,87.956193,True,2,1.000000,0.066019,0.037004,0,24,пограничный,0.014253,192.900000,0.030367,0.244638,0.018415,0.389012,0.088645,101.435539,False,0
16,2024-12,2,Автономные локальные центры,0.130845,False,Усть-Канский,Усть-Канский муниципальный район,муниципальный район,с Усть-Кан,Республика Алтай,50.932003,84.765213,True,2,1.000000,0.141470,0.083604,0,24,устойчивый,-0.159303,204.700000,0.033164,0.205406,0.022013,0.385046,0.075421,85.273799,False,0
17,2024-12,2,Автономные локальные центры,0.117840,False,Усть-Коксинский,Усть-Коксинский муниципальный район,муниципальный район,с Усть-Кокса,Республика Алтай,50.269593,85.615584,True,2,1.000000,0.129806,0.003789,0,24,устойчивый,0.017161,198.800000,0.037025,0.214889,0.017121,0.393599,0.072416,101.730956,False,0
18,2024-12,2,Автономные локальные центры,0.215152,False,Чемальский,Чемальский муниципальный район,муниципальный район,с Чемал,Республика Алтай,51.406593,86.003758,True,2,0.958333,0.134880,0.017677,2,8,устойчивый,0.108037,207.600000,0.035935,0.208375,0.020716,0.430726,0.061540,111.408921,False,0
19,2024-12,1,Цифровая повседневность,0.183897,False,Чойский,Чойский муниципальный район,муниципальный район,с Чоя,Республика Алтай,51.898754,86.591670,True,1,0.958333,0.181519,0.017982,2,13,ядро типа,-0.150322,210.200000,0.028647,0.226136,0.010085,0.441937,0.046672,86.043112,False,0
20,2024-12,2,Автономные локальные центры,0.136642,False,Шебалинский,Шебалинский муниципальный район,муниципальный район,с Шебалино,Республика Алтай,51.292264,85.673993,True,2,1.000000,0.138621,0.041491,0,24,устойчивый,-0.130983,207.800000,0.031887,0.199811,0.014102,0.412355,0.058126,87.723293,False,0
21,2024-12,3,Крупные центры,0.615272,False,Уфа,городской округ город Уфа,городской округ,г Уфа,Республика Башкортостан,54.726141,55.947499,True,3,1.000000,0.704434,0.593324,0,24,ядро типа,0.268019,374.300000,0.053266,0.147111,0.062752,0.342027,0.065647,130.737156,False,0
22,2024-12,1,Цифровая повседневность,0.429260,False,Агидель,городской округ город Агидель,городской округ,г Агидель,Республика Башкортостан,55.899276,53.937420,True,1,1.000000,0.319470,0.024724,0,24,ядро типа,-0.326646,319.200000,0.046286,0.186767,0.021415,0.405017,0.022183,72.133922,False,0
23,2024-12,2,Автономные локальные центры,0.072382,False,Кумертау,городской округ город Кумертау,городской округ,г Кумертау,Республика Башкортостан,52.760975,55.796482,True,2,0.750000,0.052372,0.001990,7,3,пограничный,0.026645,306.700000,0.047372,0.161503,0.036825,0.380356,0.053125,102.700291,False,1
25,2024-12,3,Крупные центры,0.119235,False,Нефтекамск,городской округ город Нефтекамск,городской округ,г Нефтекамск,Республика Башкортостан,56.088403,54.247809,True,3,0.916667,0.215952,0.004355,2,21,ядро типа,0.125180,323.700000,0.049742,0.145235,0.052702,0.369970,0.060793,113.335282,False,0
26,2024-12,3,Крупные центры,0.030240,False,Октябрьский,городской округ город Октябрьский,городской округ,г Октябрьский,Республика Башкортостан,54.480972,53.466006,True,3,0.875000,0.127420,0.028045,1,21,устойчивый,0.136493,338.400000,0.045156,0.155870,0.048270,0.376681,0.061156,114.624652,False,1
27,2024-12,3,Крупные центры,0.102043,False,Салават,городской округ город Салават,городской округ,г Салават,Республика Башкортостан,53.361687,55.924641,True,3,0.875000,0.244093,0.066047,1,21,устойчивый,0.122135,313.800000,0.044529,0.153004,0.054524,0.359306,0.059344,112.990630,False,1
28,2024-12,2,Автономные локальные центры,0.136368,False,Сибай,городской округ город Сибай,городской округ,г Сибай,Республика Башкортостан,52.720425,58.665466,True,2,0.791667,0.083604,0.000311,6,10,пограничный,0.081220,288.300000,0.046871,0.145435,0.051892,0.365971,0.055155,108.460911,False,0
29,2024-12,3,Крупные центры,0.277727,False,Стерлитамак,городской округ город Стерлитамак,городской округ,г Стерлитамак,Республика Башкортостан,53.632374,55.952259,True,3,1.000000,0.365054,0.111096,0,24,ядро типа,0.137137,343.800000,0.048266,0.144153,0.052236,0.362488,0.064846,114.698506,False,0
30,2024-12,2,Автономные локальные центры,0.043148,False,Абзелиловский,Абзелиловский муниципальный район,муниципальный район,с Аскарово,Республика Башкортостан,53.339106,58.506055,True,2,1.000000,0.128299,0.039013,0,24,устойчивый,-0.388092,294.700000,0.030983,0.167211,0.033025,0.390809,0.065006,67.834998,False,0
31,2024-12,1,Цифровая повседневность,0.450301,False,Альшеевский,Альшеевский муниципальный район,муниципальный район,с Раевский,Республика Башкортостан,54.068695,54.941628,True,1,1.000000,0.270424,0.097135,0,24,ядро типа,-0.299294,324.000000,0.047694,0.185131,0.024117,0.424100,0.055166,74.134138,False,0
32,2024-12,1,Цифровая повседневность,0.640508,False,Архангельский,Архангельский муниципальный район,муниципальный район,с Архангельское,Республика Башкортостан,54.405724,56.784122,True,1,1.000000,0.504940,0.237172,0,24,ядро типа,-0.228435,316.600000,0.046172,0.186659,0.013882,0.434841,0.043426,79.577801,False,0
33,2024-12,1,Цифровая повседневность,0.395848,False,Аскинский,Аскинский муниципальный район,муниципальный район,с Аскино,Республика Башкортостан,56.085589,56.578822,True,1,1.000000,0.281270,0.033678,0,24,ядро типа,-0.309977,317.400000,0.044934,0.172100,0.015817,0.423369,0.055423,73.346360,False,0
34,2024-12,1,Цифровая повседневность,0.242637,False,Аургазинский,Аургазинский муниципальный район,муниципальный район,с Толбазы,Республика Башкортостан,54.010342,55.886463,True,1,1.000000,0.231678,0.142330,0,24,ядро типа,-0.519215,322.300000,0.061908,0.146212,0.016654,0.412258,0.050737,59.498715,False,0
35,2024-12,2,Автономные локальные центры,0.029234,False,Баймакский,Баймакский муниципальный район,муниципальный район,г Баймак,Республика Башкортостан,52.597919,58.307560,True,2,0.875000,0.101075,0.016545,2,9,устойчивый,-0.237213,288.300000,0.046462,0.152220,0.034915,0.401966,0.067762,78.882341,False,2
36,2024-12,1,Цифровая повседневность,0.430846,False,Бакалинский,Бакалинский муниципальный район,муниципальный район,с Бакалы,Республика Башкортостан,55.181192,53.799041,True,1,1.000000,0.387707,0.273348,0,24,ядро типа,-0.298796,333.900000,0.045057,0.179480,0.019832,0.465502,0.057960,74.171065,False,0
37,2024-12,1,Цифровая повседневность,0.229545,False,Балтачевский,Балтачевский муниципальный район,муниципальный район,с Старобалтачево,Республика Башкортостан,56.000443,55.923466,True,1,1.000000,0.205519,0.084604,0,24,ядро типа,-0.389908,320.200000,0.051263,0.147064,0.023450,0.453327,0.058398,67.711907,False,0
38,2024-12,1,Цифровая повседневность,0.046895,False,Белебеевский,Белебеевский муниципальный район,муниципальный район,г Белебей,Республика Башкортостан,54.106495,54.107811,True,1,0.958333,0.054158,0.002286,2,6,пограничный,0.073530,327.700000,0.050006,0.160825,0.036997,0.383777,0.053237,107.630052,False,0
39,2024-12,1,Цифровая повседневность,0.379843,False,Белокатайский,Белокатайский муниципальный район,муниципальный район,с Новобелокатай,Республика Башкортостан,55.704636,58.961376,True,1,1.000000,0.197899,0.041597,0,24,ядро типа,-0.173770,307.700000,0.052502,0.181342,0.010398,0.386409,0.052173,84.049051,False,0
40,2024-12,2,Автономные локальные центры,0.163088,False,Белорецкий,Белорецкий муниципальный район,муниципальный район,г Белорецк,Республика Башкортостан,53.968071,58.409955,True,2,1.000000,0.155791,0.019083,0,24,ядро типа,0.049249,302.200000,0.045171,0.156897,0.036734,0.404634,0.060667,105.048236,False,0
41,2024-12,1,Цифровая повседневность,0.326104,False,Бижбулякский,Бижбулякский муниципальный район,муниципальный район,с Бижбуляк,Республика Башкортостан,53.693443,54.268616,True,1,1.000000,0.268719,0.176524,0,24,ядро типа,-0.302662,323.000000,0.052145,0.164973,0.025948,0.442024,0.056518,73.884880,False,0
42,2024-12,2,Автономные локальные центры,0.076630,False,Бирский,Бирский муниципальный район,муниципальный район,г Бирск,Республика Башкортостан,55.420677,55.540718,True,2,1.000000,0.097030,0.002901,0,24,пограничный,0.033513,327.000000,0.044013,0.163820,0.044340,0.389716,0.063594,103.408059,False,0
43,2024-12,1,Цифровая повседневность,0.448148,False,Благоварский,Благоварский муниципальный район,муниципальный район,с Языково,Республика Башкортостан,54.691818,55.013870,True,1,1.000000,0.363795,0.224450,0,24,ядро типа,-0.244142,329.200000,0.044506,0.172251,0.021841,0.473779,0.051931,78.337667,False,0
44,2024-12,1,Цифровая повседневность,0.022324,False,Благовещенский,Благовещенский муниципальный район,муниципальный район,г Благовещенск,Республика Башкортостан,55.031143,55.981876,True,1,0.833333,0.054359,0.004208,2,10,пограничный,0.161022,328.000000,0.048986,0.169985,0.041442,0.396317,0.051580,117.471112,False,2
45,2024-12,1,Цифровая повседневность,0.322397,False,Буздякский,Буздякский муниципальный район,муниципальный район,с Буздяк,Республика Башкортостан,54.569639,54.532399,True,1,1.000000,0.204179,0.088358,0,24,ядро типа,-0.277776,331.800000,0.047329,0.167174,0.025635,0.434126,0.058217,75.746619,False,0
46,2024-12,1,Цифровая повседневность,0.260623,False,Бураевский,Бураевский муниципальный район,муниципальный район,с Бураево,Республика Башкортостан,55.836903,55.410423,True,1,1.000000,0.187904,0.043226,0,24,ядро типа,-0.347684,325.100000,0.041302,0.163595,0.017253,0.450573,0.063870,70.632222,False,0
47,2024-12,1,Цифровая повседневность,0.160539,False,Бурзянский,Бурзянский муниципальный район,муниципальный район,с Старосубхангулово,Республика Башкортостан,53.102871,57.444476,True,1,0.625000,0.054665,0.001536,8,3,пограничный,-0.336851,295.400000,0.044391,0.170969,0.019566,0.404258,0.068483,71.401536,False,3
48,2024-12,1,Цифровая повседневность,0.332143,False,Гафурийский,Гафурийский муниципальный район,муниципальный район,с Красноусольский,Республика Башкортостан,53.896162,56.470560,True,1,1.000000,0.144997,0.026844,0,24,устойчивый,-0.315784,312.200000,0.046799,0.161202,0.016416,0.430941,0.056547,72.921699,False,0
49,2024-12,1,Цифровая повседневность,0.456338,False,Давлекановский,Давлекановский муниципальный район,муниципальный район,г Давлеканово,Республика Башкортостан,54.212966,55.030722,True,1,1.000000,0.323426,0.164119,0,24,ядро типа,-0.153259,325.100000,0.040927,0.184009,0.028803,0.415976,0.049069,85.790777,False,0
50,2024-12,1,Цифровая повседневность,0.124485,False,Дуванский,Дуванский муниципальный район,муниципальный район,с Месягутово,Республика Башкортостан,55.534695,58.239239,True,2,0.541667,0.059381,0.004365,5,9,пограничный,-0.078636,306.300000,0.042778,0.171610,0.024468,0.383868,0.061187,92.437647,False,0
51,2024-12,2,Автономные локальные центры,0.033641,False,Дюртюлинский,Дюртюлинский муниципальный район,муниципальный район,г Дюртюли,Республика Башкортостан,55.490616,54.863895,True,2,0.750000,0.049909,0.001766,5,3,пограничный,-0.040490,331.300000,0.046592,0.150607,0.039382,0.382318,0.058128,96.031880,False,1
52,2024-12,1,Цифровая повседневность,0.464828,False,Ермекеевский,Ермекеевский муниципальный район,муниципальный район,с Ермекеево,Республика Башкортостан,54.073929,53.671932,True,1,1.000000,0.359490,0.154673,0,24,ядро типа,-0.364910,330.300000,0.055184,0.195736,0.023359,0.431541,0.051815,69.425938,False,0
53,2024-12,1,Цифровая повседневность,0.096421,False,Зианчуринский,Зианчуринский муниципальный район,муниципальный район,с Исянгулово,Республика Башкортостан,52.189625,56.582493,True,1,0.500000,0.056576,0.001906,8,2,пограничный,-0.247407,296.600000,0.042406,0.160676,0.018562,0.407819,0.069362,78.082255,False,3
54,2024-12,1,Цифровая повседневность,0.196837,False,Зилаирский,Зилаирский муниципальный район,муниципальный район,с Зилаир,Республика Башкортостан,52.233707,57.441547,True,1,0.958333,0.135293,0.003920,2,8,устойчивый,-0.190010,290.400000,0.045957,0.196145,0.019760,0.418971,0.074387,82.695059,False,0
55,2024-12,1,Цифровая повседневность,0.047051,True,Иглинский,Иглинский муниципальный район,муниципальный район,с Иглино,Республика Башкортостан,54.834052,56.416585,True,2,0.583333,0.050459,0.002623,9,1,пограничный,0.052496,328.200000,0.038426,0.181646,0.032673,0.414010,0.065434,105.389811,False,3
56,2024-12,1,Цифровая повседневность,0.279461,False,Илишевский,Илишевский муниципальный район,муниципальный район,с Верхнеяркеево,Республика Башкортостан,55.445117,54.315367,True,1,1.000000,0.315398,0.225427,0,24,ядро типа,-0.332121,332.500000,0.049200,0.161498,0.022863,0.421482,0.059666,71.740034,False,0
57,2024-12,2,Автономные локальные центры,0.078988,True,Ишимбайский,Ишимбайский муниципальный район,муниципальный район,г Ишимбай,Республика Башкортостан,53.454645,56.043912,True,3,0.833333,0.121205,0.009379,2,1,устойчивый,0.123196,315.000000,0.045733,0.148353,0.042767,0.364529,0.052806,113.110643,False,1
58,2024-12,1,Цифровая повседневность,0.624699,False,Калтасинский,Калтасинский муниципальный район,муниципальный район,с Калтасы,Республика Башкортостан,55.970051,54.790050,True,1,1.000000,0.406569,0.229249,0,24,ядро типа,-0.324813,320.400000,0.045137,0.191875,0.017161,0.434679,0.037643,72.266244,False,0
59,2024-12,1,Цифровая повседневность,0.365556,False,Караидельский,Караидельский муниципальный район,муниципальный район,с Караидель,Республика Башкортостан,55.832790,56.913136,True,1,1.000000,0.268349,0.129392,0,24,ядро типа,-0.315404,315.000000,0.044883,0.197798,0.028685,0.397747,0.062769,72.949395,False,0
60,2024-12,1,Цифровая повседневность,0.560361,False,Кармаскалинский,Кармаскалинский муниципальный район,муниципальный район,с Кармаскалы,Республика Башкортостан,54.367451,56.168819,True,1,1.000000,0.281358,0.108186,0,24,ядро типа,-0.208792,324.200000,0.039093,0.192583,0.023433,0.418155,0.051606,81.156432,False,0
61,2024-12,1,Цифровая повседневность,0.361384,False,Кигинский,Кигинский муниципальный район,муниципальный район,с Верхние Киги,Республика Башкортостан,55.405947,58.599373,True,1,1.000000,0.193514,0.010990,0,24,ядро типа,-0.246659,310.700000,0.043634,0.167842,0.023983,0.425984,0.050998,78.140723,False,0
62,2024-12,1,Цифровая повседневность,0.305031,False,Краснокамский,Краснокамский муниципальный район,муниципальный район,с Николо-Березовка,Республика Башкортостан,56.128631,54.170279,True,1,0.750000,0.110123,0.007429,10,2,устойчивый,-0.316290,325.600000,0.045978,0.153262,0.024404,0.454043,0.051552,72.884772,False,0
63,2024-12,1,Цифровая повседневность,0.219062,False,Кугарчинский,Кугарчинский муниципальный район,муниципальный район,с Мраково,Республика Башкортостан,52.715424,56.622307,True,1,1.000000,0.113168,0.014625,0,24,устойчивый,-0.291891,301.300000,0.051257,0.164607,0.011949,0.390688,0.060651,74.684966,False,0
65,2024-12,1,Цифровая повседневность,0.306924,False,Кушнаренковский,Кушнаренковский муниципальный район,муниципальный район,с Кушнаренково,Республика Башкортостан,55.107124,55.342201,True,1,1.000000,0.333630,0.155161,0,24,ядро типа,-0.333409,332.000000,0.049435,0.154834,0.023708,0.438560,0.048748,71.647716,False,0
66,2024-12,3,Крупные центры,0.008382,False,Мелеузовский,Мелеузовский муниципальный район,муниципальный район,г Мелеуз,Республика Башкортостан,52.963280,55.928612,True,3,0.833333,0.174728,0.008382,1,20,устойчивый,0.093654,309.600000,0.047216,0.156472,0.040911,0.369126,0.063525,109.817980,False,1
67,2024-12,1,Цифровая повседневность,0.211696,False,Мечетлинский,Мечетлинский муниципальный район,муниципальный район,с Большеустьикинское,Республика Башкортостан,55.952190,58.268700,True,1,1.000000,0.135508,0.035254,0,24,устойчивый,-0.184740,308.900000,0.048381,0.154100,0.018878,0.398334,0.053267,83.132030,False,0
68,2024-12,1,Цифровая повседневность,0.451588,False,Мишкинский,Мишкинский муниципальный район,муниципальный район,с Мишкино,Республика Башкортостан,55.531227,55.970352,True,1,1.000000,0.246519,0.112973,0,24,ядро типа,-0.326390,322.600000,0.049175,0.184800,0.021623,0.434768,0.055188,72.152386,False,0
69,2024-12,1,Цифровая повседневность,0.230049,False,Миякинский,Миякинский муниципальный район,муниципальный район,с Киргиз-Мияки,Республика Башкортостан,53.629292,54.800922,True,1,1.000000,0.165927,0.013209,0,24,ядро типа,-0.320182,319.700000,0.056754,0.147374,0.020599,0.400415,0.050990,72.601665,False,0
70,2024-12,1,Цифровая повседневность,0.801043,False,Нуримановский,Нуримановский муниципальный район,муниципальный район,с Красная Горка,Республика Башкортостан,55.189723,56.667743,True,1,1.000000,0.608140,0.375195,0,24,ядро типа,-0.227701,316.400000,0.041114,0.215348,0.021060,0.435102,0.039607,79.636269,False,0
71,2024-12,1,Цифровая повседневность,0.353068,False,Салаватский,Салаватский муниципальный район,муниципальный район,с Малояз,Республика Башкортостан,55.203409,58.153639,True,1,0.791667,0.140261,0.006108,4,13,устойчивый,-0.215984,311.500000,0.044760,0.173541,0.025970,0.429079,0.057020,80.574831,False,1
72,2024-12,1,Цифровая повседневность,0.311159,False,Стерлибашевский,Стерлибашевский муниципальный район,муниципальный район,с Стерлибашево,Республика Башкортостан,53.438549,55.256725,True,1,1.000000,0.220673,0.019358,0,24,ядро типа,-0.492475,316.900000,0.056549,0.180221,0.010776,0.369304,0.055743,61.111197,False,0
73,2024-12,3,Крупные центры,0.424095,False,Стерлитамакский,Стерлитамакский муниципальный район,муниципальный район,г Стерлитамак,Республика Башкортостан,53.632374,55.952259,True,3,1.000000,0.506771,0.360800,0,24,ядро типа,0.143449,485.700000,0.047935,0.143112,0.047882,0.358687,0.070890,115.424738,False,0
74,2024-12,1,Цифровая повседневность,0.135470,False,Татышлинский,Татышлинский муниципальный район,муниципальный район,с Верхние Татышлы,Республика Башкортостан,56.292188,55.855744,True,1,1.000000,0.179216,0.062040,0,24,ядро типа,-0.261537,317.600000,0.048125,0.151211,0.021864,0.416100,0.068231,76.986752,False,0
75,2024-12,2,Автономные локальные центры,0.090659,False,Туймазинский,Туймазинский муниципальный район,муниципальный район,г Туймазы,Республика Башкортостан,54.606537,53.697400,True,2,0.916667,0.066341,0.000872,4,2,пограничный,0.048839,336.000000,0.047475,0.147642,0.041585,0.397679,0.060575,105.005154,False,0
76,2024-12,3,Крупные центры,0.510739,False,Уфимский,Уфимский муниципальный район,муниципальный район,г Уфа,Республика Башкортостан,54.726141,55.947499,True,3,1.000000,0.508931,0.338298,0,24,ядро типа,0.219700,889.700000,0.048739,0.167585,0.052741,0.359922,0.070132,124.570338,False,0
77,2024-12,2,Автономные локальные центры,0.055186,True,Учалинский,Учалинский муниципальный район,муниципальный район,г Учалы,Республика Башкортостан,54.316597,59.384636,True,3,0.750000,0.084537,0.002075,4,1,пограничный,0.088090,299.600000,0.050917,0.152103,0.042999,0.375807,0.056722,109.208684,False,1
78,2024-12,1,Цифровая повседневность,0.359372,False,Федоровский,Федоровский муниципальный район,муниципальный район,с Федоровка,Республика Башкортостан,53.177197,55.186482,True,1,1.000000,0.356033,0.142110,0,24,ядро типа,-0.474361,313.800000,0.053605,0.172288,0.010681,0.389724,0.044605,62.228240,False,0
79,2024-12,2,Автономные локальные центры,0.026906,False,Хайбуллинский,Хайбуллинский муниципальный район,муниципальный район,с Акъяр,Республика Башкортостан,51.865116,58.220215,True,2,0.583333,0.063852,0.000643,11,3,пограничный,-0.087027,283.600000,0.040788,0.169498,0.032899,0.400564,0.052504,91.665256,False,1
80,2024-12,1,Цифровая повседневность,0.163310,False,Чекмагушевский,Чекмагушевский муниципальный район,муниципальный район,с Чекмагуш,Республика Башкортостан,55.137900,54.653500,True,1,1.000000,0.199786,0.127706,0,24,ядро типа,-0.366418,332.700000,0.057043,0.128512,0.019488,0.423891,0.056998,69.321312,False,0
81,2024-12,1,Цифровая повседневность,0.070635,False,Чишминский,Чишминский муниципальный район,муниципальный район,рп Чишмы,Республика Башкортостан,54.589680,55.385605,True,1,0.708333,0.062314,0.000801,4,7,пограничный,0.011975,331.100000,0.046339,0.158021,0.038950,0.408781,0.054123,101.204745,False,1
82,2024-12,1,Цифровая повседневность,0.338259,False,Шаранский,Шаранский муниципальный район,муниципальный район,с Шаран,Республика Башкортостан,54.818251,54.001657,True,1,1.000000,0.268685,0.083616,0,24,ядро типа,-0.492525,332.900000,0.047084,0.155907,0.016568,0.449391,0.052523,61.108119,False,0
83,2024-12,1,Цифровая повседневность,0.089220,False,Янаульский,Янаульский муниципальный район,муниципальный район,г Янаул,Республика Башкортостан,56.271424,54.929482,True,1,0.833333,0.068958,0.000050,8,4,пограничный,-0.161362,321.600000,0.048926,0.148839,0.033558,0.397194,0.055507,85.098395,False,0
167,2024-12,3,Крупные центры,0.368371,False,Нальчик,городской округ Нальчик,городской округ,г Нальчик,Кабардино-Балкарская Республика,43.476960,43.596658,True,3,1.000000,0.350745,0.247287,0,24,ядро типа,-0.014897,298.000000,0.056909,0.208833,0.056441,0.285576,0.089924,98.521379,False,0
168,2024-12,3,Крупные центры,0.093847,False,Баксан,городской округ Баксан,городской округ,г Баксан,Кабардино-Балкарская Республика,43.682063,43.534432,True,3,1.000000,0.149149,0.030164,0,24,устойчивый,-0.281562,337.900000,0.063331,0.268167,0.033113,0.260052,0.079398,75.460434,False,0
169,2024-12,1,Цифровая повседневность,0.243773,False,Прохладный,городской округ Прохладный,городской округ,г Прохладный,Кабардино-Балкарская Республика,43.759002,44.010398,True,1,1.000000,0.205960,0.085736,0,24,ядро типа,-0.153115,346.200000,0.050138,0.286232,0.021913,0.303052,0.050640,85.803086,False,0
173,2024-12,1,Цифровая повседневность,0.294808,False,Майский,Майский муниципальный район,муниципальный район,г Майский,Кабардино-Балкарская Республика,43.628248,44.051874,True,1,1.000000,0.290616,0.216410,0,24,ядро типа,-0.302620,301.500000,0.049602,0.309858,0.013161,0.332598,0.052809,73.887957,False,0
181,2024-12,1,Цифровая повседневность,0.567405,False,Городовиковский,Городовиковский муниципальный район,муниципальный район,г Городовиковск,Республика Калмыкия,46.082851,41.934269,True,1,1.000000,0.531190,0.385611,0,24,ядро типа,-0.354635,314.800000,0.046635,0.250987,0.005616,0.409538,0.042906,70.142938,False,0
184,2024-12,1,Цифровая повседневность,0.601163,False,Лаганский,Лаганский муниципальный район,муниципальный район,г Лагань,Республика Калмыкия,45.392059,47.361282,True,1,1.000000,0.657841,0.552775,0,24,ядро типа,-0.287082,280.800000,0.036249,0.223890,0.005208,0.444007,0.035757,75.045005,False,0
185,2024-12,1,Цифровая повседневность,0.323286,False,Малодербетовский,Малодербетовский муниципальный район,муниципальный район,с Малые Дербеты,Республика Калмыкия,47.950940,44.678355,True,1,0.875000,0.208555,0.011541,5,18,устойчивый,-0.309222,321.100000,0.040414,0.264830,0.008091,0.285499,0.049344,73.401751,False,0
188,2024-12,1,Цифровая повседневность,0.447063,False,Сарпинский,Сарпинский муниципальный район,муниципальный район,с Садовое,Республика Калмыкия,47.767651,44.516416,True,1,1.000000,0.504223,0.331551,0,24,ядро типа,-0.311111,319.000000,0.037466,0.250252,0.015667,0.451739,0.065776,73.263275,False,0
191,2024-12,1,Цифровая повседневность,0.279573,False,Юстинский,Юстинский муниципальный район,муниципальный район,п Цаган Аман,Республика Калмыкия,47.565372,46.724106,True,1,1.000000,0.259272,0.098120,0,24,ядро типа,-0.288888,298.700000,0.035370,0.341453,0.004601,0.386764,0.060551,74.909606,False,0
194,2024-12,3,Крупные центры,0.253749,False,Черкесский,городской округ Черкесский,городской округ,г Черкесск,Карачаево-Черкесская Республика,44.228523,42.048257,True,3,1.000000,0.269556,0.202105,0,24,ядро типа,-0.036205,306.500000,0.059347,0.206854,0.059730,0.327813,0.059634,96.444232,False,0
195,2024-12,1,Цифровая повседневность,0.052025,False,Карачаевский,городской округ Карачаевский,городской округ,г Карачаевск,Карачаево-Черкесская Республика,43.771559,41.911979,True,1,1.000000,0.120847,0.008733,0,24,устойчивый,-0.242925,311.000000,0.058067,0.268479,0.049592,0.298611,0.050926,78.433062,False,0
196,2024-12,3,Крупные центры,0.264335,False,Абазинский,Абазинский муниципальный район,муниципальный район,аул Инжич-Чукун,Карачаево-Черкесская Республика,44.052437,41.785377,True,3,1.000000,0.289053,0.146876,0,24,ядро типа,-0.146859,324.700000,0.056668,0.221256,0.058237,0.314456,0.077767,86.341606,False,0
198,2024-12,1,Цифровая повседневность,0.197355,False,Зеленчукский,Зеленчукский муниципальный район,муниципальный район,ст-ца Зеленчукская,Карачаево-Черкесская Республика,43.854975,41.585361,True,1,0.958333,0.119696,0.021891,2,16,устойчивый,-0.140676,297.800000,0.051360,0.272386,0.019729,0.313616,0.061278,86.877048,False,0
201,2024-12,3,Крупные центры,0.167921,False,Ногайский,Ногайский муниципальный район,муниципальный район,п Эркен-Шахар,Карачаево-Черкесская Республика,44.376829,41.957922,True,3,1.000000,0.219397,0.087942,0,24,ядро типа,-0.157068,304.800000,0.060166,0.238937,0.047960,0.314874,0.073633,85.464588,False,0
203,2024-12,1,Цифровая повседневность,0.233864,False,Урупский,Урупский муниципальный район,муниципальный район,ст-ца Преградная,Карачаево-Черкесская Республика,43.952875,41.191791,True,1,1.000000,0.288750,0.232543,0,24,ядро типа,-0.143230,296.800000,0.038920,0.353409,0.022195,0.316477,0.034091,86.655486,False,0
204,2024-12,1,Цифровая повседневность,0.069052,False,Усть-Джегутинский,Усть-Джегутинский муниципальный район,муниципальный район,г Усть-Джегута,Карачаево-Черкесская Республика,44.085896,41.972256,True,1,0.625000,0.090067,0.006148,6,5,пограничный,-0.297304,303.900000,0.059365,0.247110,0.046191,0.323046,0.053482,74.281846,False,1
205,2024-12,3,Крупные центры,0.122792,False,Хабезский,Хабезский муниципальный район,муниципальный район,аул Хабез,Карачаево-Черкесская Республика,44.046109,41.769595,True,3,0.958333,0.168841,0.001041,1,23,ядро типа,-0.296972,315.000000,0.054500,0.231416,0.043525,0.331801,0.085559,74.306464,False,0
206,2024-12,2,Автономные локальные центры,0.081163,False,Петрозаводский,городской округ Петрозаводский,городской округ,г Петрозаводск,Республика Карелия,61.790043,34.390007,True,3,0.708333,0.156294,0.014334,6,2,пограничный,0.463416,280.500000,0.046483,0.173698,0.048381,0.366949,0.055234,158.949425,False,1
207,2024-12,2,Автономные локальные центры,0.199744,False,Костомукшский,городской округ Костомукшский,городской округ,г Костомукша,Республика Карелия,64.587301,30.596908,True,2,1.000000,0.314679,0.199744,0,24,ядро типа,0.418757,238.500000,0.038484,0.207867,0.042148,0.410632,0.042027,152.007139,False,0
208,2024-12,1,Цифровая повседневность,0.163316,False,Беломорский,Беломорский муниципальный округ,муниципальный округ,г Беломорск,Республика Карелия,64.521668,34.762583,True,1,0.541667,0.062816,0.001645,7,6,пограничный,0.227157,247.200000,0.036313,0.207581,0.011426,0.420018,0.035063,125.502746,False,2
209,2024-12,1,Цифровая повседневность,0.106376,False,Калевальский,Калевальский муниципальный район,муниципальный район,пгт Калевала,Республика Карелия,65.200096,31.180172,True,2,0.833333,0.151844,0.016901,2,2,устойчивый,0.283596,234.500000,0.031470,0.243604,0.014715,0.467904,0.058259,132.789685,False,0
210,2024-12,1,Цифровая повседневность,0.156317,False,Кемский,Кемский муниципальный район,муниципальный район,г Кемь,Республика Карелия,64.955089,34.569745,True,1,0.916667,0.105232,0.006412,2,10,устойчивый,0.139789,244.400000,0.030477,0.215295,0.016403,0.449534,0.033233,115.003154,False,0
211,2024-12,1,Цифровая повседневность,0.290274,False,Кондопожский,Кондопожский муниципальный район,муниципальный район,г Кондопога,Республика Карелия,62.209290,34.268185,True,2,0.666667,0.124710,0.002081,5,6,пограничный,0.064396,270.400000,0.038894,0.192510,0.030902,0.440677,0.033556,106.651486,False,0
212,2024-12,1,Цифровая повседневность,0.229429,False,Лахденпохский,Лахденпохский муниципальный район,муниципальный район,г Лахденпохья,Республика Карелия,61.517927,30.203893,True,1,1.000000,0.210475,0.145628,0,24,ядро типа,0.221749,284.300000,0.030273,0.264397,0.017602,0.403954,0.039222,124.825750,False,0
213,2024-12,1,Цифровая повседневность,0.093104,False,Лоухский,Лоухский муниципальный район,муниципальный район,пгт Лоухи,Республика Карелия,66.075125,33.040019,True,1,0.666667,0.058163,0.005526,10,5,пограничный,0.297222,234.700000,0.031799,0.231460,0.014242,0.441112,0.036896,134.611420,False,1
214,2024-12,1,Цифровая повседневность,0.361486,False,Медвежьегорский,Медвежьегорский муниципальный район,муниципальный район,г Медвежьегорск,Республика Карелия,62.915024,34.473339,True,1,0.916667,0.122945,0.000248,4,10,устойчивый,0.157742,266.400000,0.036611,0.225867,0.014140,0.425373,0.036322,117.086455,False,0
215,2024-12,1,Цифровая повседневность,0.290671,False,Муезерский,Муезерский муниципальный район,муниципальный район,пгт Муезерский,Республика Карелия,63.959645,31.994723,True,1,0.833333,0.132352,0.013310,6,5,устойчивый,0.185348,246.800000,0.035742,0.219972,0.013269,0.465997,0.039449,120.363731,False,0
216,2024-12,1,Цифровая повседневность,0.409819,False,Олонецкий,Олонецкий муниципальный район,муниципальный район,г Олонец,Республика Карелия,60.979276,32.974938,True,1,1.000000,0.231525,0.094038,0,24,ядро типа,0.053430,292.100000,0.032935,0.212048,0.015198,0.457701,0.035502,105.488283,False,0
217,2024-12,1,Цифровая повседневность,0.260291,False,Питкярантский,Питкярантский муниципальный округ,муниципальный округ,г Питкяранта,Республика Карелия,61.574603,31.479622,True,1,1.000000,0.132038,0.029930,0,24,устойчивый,0.178730,277.700000,0.035181,0.215951,0.027460,0.430616,0.030780,119.569800,False,0
218,2024-12,1,Цифровая повседневность,0.108152,False,Прионежский,Прионежский муниципальный район,муниципальный район,г Петрозаводск,Республика Карелия,61.790043,34.390007,True,2,0.416667,0.103248,0.003217,9,3,пограничный,0.264836,365.800000,0.031995,0.219811,0.035325,0.401110,0.055325,130.321727,False,1
219,2024-12,1,Цифровая повседневность,0.307853,False,Пряжинский,Пряжинский муниципальный район,муниципальный район,пгт Пряжа,Республика Карелия,61.693254,33.622411,True,1,1.000000,0.226569,0.039185,0,24,ядро типа,-0.036684,280.300000,0.028219,0.251836,0.015738,0.454255,0.022346,96.398074,False,0
220,2024-12,1,Цифровая повседневность,0.337429,False,Пудожский,Пудожский муниципальный район,муниципальный район,г Пудож,Республика Карелия,61.808434,36.536045,True,1,1.000000,0.164644,0.016165,0,24,ядро типа,0.092589,282.600000,0.032820,0.206794,0.011585,0.436562,0.042049,109.701045,False,0
221,2024-12,1,Цифровая повседневность,0.147645,False,Сегежский,Сегежский муниципальный округ,муниципальный округ,г Сегежа,Республика Карелия,63.743509,34.310687,True,2,0.750000,0.079499,0.012412,1,6,пограничный,0.195902,256.200000,0.031521,0.213818,0.018872,0.428192,0.031369,121.640792,False,1
222,2024-12,2,Автономные локальные центры,0.024239,False,Сортавальский,Сортавальский муниципальный район,муниципальный район,г Сортавала,Республика Карелия,61.702740,30.691231,True,2,0.833333,0.052356,0.001385,5,8,пограничный,0.406413,279.600000,0.036113,0.217028,0.029616,0.376668,0.045828,150.142323,False,0
223,2024-12,1,Цифровая повседневность,0.366094,False,Суоярвский,Суоярвский муниципальный округ,муниципальный округ,г. Суоярви,Республика Карелия,62.082009,32.345856,True,1,1.000000,0.251115,0.133829,0,24,ядро типа,0.054479,269.200000,0.033250,0.222258,0.011744,0.454249,0.030132,105.599065,False,0
224,2024-12,2,Автономные локальные центры,0.456775,False,Сыктывкар,городской округ Сыктывкар,городской округ,г Сыктывкар,Республика Коми,61.668524,50.835202,True,2,1.000000,0.454902,0.346869,0,24,ядро типа,0.343479,276.000000,0.043916,0.155211,0.041297,0.398450,0.055549,140.984414,False,0
225,2024-12,2,Автономные локальные центры,0.450485,False,Воркута,городской округ Воркута,городской округ,г Воркута,Республика Коми,67.503566,64.062703,True,2,1.000000,0.303842,0.228932,0,24,ядро типа,0.451085,208.000000,0.030557,0.162525,0.039867,0.370659,0.029635,157.001523,False,0
226,2024-12,2,Автономные локальные центры,0.144876,False,Вуктыл,муниципальный округ Вуктыл,муниципальный округ,г Вуктыл,Республика Коми,63.844337,57.300171,True,2,0.916667,0.167780,0.016544,4,2,ядро типа,0.131406,237.300000,0.028036,0.209498,0.035780,0.385321,0.031031,114.043051,False,0
227,2024-12,2,Автономные локальные центры,0.319209,False,Инта,городской округ Инта,городской округ,г Инта,Республика Коми,66.040150,60.131363,True,2,1.000000,0.203900,0.137070,0,24,ядро типа,0.337415,221.300000,0.036255,0.162875,0.019808,0.430673,0.025561,140.132014,False,0
228,2024-12,2,Автономные локальные центры,0.510464,False,Усинск,муниципальный округ Усинск,муниципальный округ,г Усинск,Республика Коми,65.994424,57.557086,True,2,1.000000,0.381631,0.286990,0,24,ядро типа,0.351046,222.200000,0.036718,0.162836,0.038667,0.394883,0.034357,142.055298,False,0
229,2024-12,2,Автономные локальные центры,0.510236,False,Ухта,городской округ Ухта,городской округ,г Ухта,Республика Коми,63.562380,53.684238,True,2,1.000000,0.446224,0.359992,0,24,ядро типа,0.340222,251.900000,0.040314,0.157557,0.040928,0.404437,0.042176,140.525903,False,0
230,2024-12,2,Автономные локальные центры,0.179674,True,Ижемский,Ижемский муниципальный район,муниципальный район,с Ижма,Республика Коми,65.032491,53.972458,True,2,0.958333,0.212390,0.036934,2,1,ядро типа,0.078777,235.700000,0.028129,0.194596,0.013538,0.466809,0.050370,108.196267,False,0
231,2024-12,1,Цифровая повседневность,0.255511,False,Княжпогостский,Княжпогостский муниципальный район,муниципальный район,г Емва,Республика Коми,62.598329,50.888087,True,1,0.708333,0.082004,0.000042,7,9,пограничный,0.097458,268.000000,0.032354,0.206683,0.019066,0.456634,0.033610,110.236487,False,1
232,2024-12,1,Цифровая повседневность,0.278321,False,Койгородский,Койгородский муниципальный район,муниципальный район,с Койгородок,Республика Коми,60.441257,51.007000,True,1,0.958333,0.131835,0.006813,2,21,устойчивый,-0.109295,278.200000,0.034018,0.177056,0.008410,0.522964,0.048744,89.646577,False,0
233,2024-12,1,Цифровая повседневность,0.300679,False,Корткеросский,Корткеросский муниципальный район,муниципальный район,с Корткерос,Республика Коми,61.813080,51.574465,True,1,1.000000,0.196777,0.047690,0,24,ядро типа,-0.167929,275.100000,0.025625,0.218105,0.007207,0.464056,0.031959,84.541412,False,0
234,2024-12,2,Автономные локальные центры,0.444293,False,Печора,муниципальный район Печора,муниципальный район,г Печора,Республика Коми,65.114286,57.160740,True,2,1.000000,0.352384,0.235047,0,24,ядро типа,0.284199,233.500000,0.037542,0.165316,0.036546,0.428158,0.034161,132.869694,False,0
235,2024-12,1,Цифровая повседневность,0.470404,False,Прилузский,Прилузский муниципальный район,муниципальный район,с Объячево,Республика Коми,60.334034,49.618275,True,1,1.000000,0.273856,0.145747,0,24,ядро типа,-0.169787,290.900000,0.036905,0.186310,0.011524,0.499745,0.046678,84.384472,False,0
236,2024-12,2,Автономные локальные центры,0.212099,False,Сосногорск,муниципальный район Сосногорск,муниципальный район,г Сосногорск,Республика Коми,63.589530,53.930555,True,2,1.000000,0.214233,0.095420,0,24,ядро типа,0.126184,251.700000,0.032956,0.186101,0.028698,0.434128,0.034258,113.449141,False,0
237,2024-12,2,Автономные локальные центры,0.283247,False,Сыктывдинский,Сыктывдинский муниципальный район,муниципальный район,с Выльгорт,Республика Коми,61.627003,50.768478,True,2,0.958333,0.318071,0.060262,2,21,ядро типа,0.126022,282.200000,0.031090,0.174412,0.027048,0.439082,0.051599,113.430677,False,0
238,2024-12,1,Цифровая повседневность,0.274519,False,Сысольский,Сысольский муниципальный район,муниципальный район,с Визинга,Республика Коми,61.076214,50.084496,True,1,1.000000,0.178260,0.053784,0,24,ядро типа,-0.137635,284.300000,0.036655,0.168515,0.014867,0.551805,0.042517,87.141692,False,0
239,2024-12,1,Цифровая повседневность,0.319379,False,Троицко-Печорский,Троицко-Печорский муниципальный район,муниципальный район,пгт Троицко-Печорск,Республика Коми,62.714462,56.185379,True,1,1.000000,0.197311,0.030279,0,24,ядро типа,0.050830,241.600000,0.034512,0.214852,0.008365,0.453716,0.035477,105.214408,False,0
240,2024-12,1,Цифровая повседневность,0.250446,False,Удорский,Удорский муниципальный район,муниципальный район,с Кослан,Республика Коми,63.456226,48.894211,True,1,0.708333,0.103090,0.000602,7,12,пограничный,0.060030,258.100000,0.033124,0.195612,0.013910,0.471933,0.040977,106.186820,False,0
241,2024-12,1,Цифровая повседневность,0.267766,False,Усть-Вымский,Усть-Вымский муниципальный район,муниципальный район,с Айкино,Республика Коми,62.224483,49.992413,True,1,0.916667,0.111059,0.011529,1,22,устойчивый,0.012127,273.900000,0.033442,0.191591,0.018089,0.467242,0.028456,101.220131,False,0
242,2024-12,1,Цифровая повседневность,0.422935,False,Усть-Куломский,Усть-Куломский муниципальный район,муниципальный район,с Усть-Кулом,Республика Коми,61.684792,53.689861,True,1,0.916667,0.193348,0.012529,4,15,ядро типа,-0.143692,261.200000,0.034640,0.196646,0.010658,0.447046,0.044694,86.615482,False,0
243,2024-12,2,Автономные локальные центры,0.324967,False,Усть-Цилемский,Усть-Цилемский муниципальный район,муниципальный район,с Усть-Цильма,Республика Коми,65.436235,52.200893,True,2,0.958333,0.261866,0.072453,2,3,ядро типа,-0.036269,228.300000,0.029069,0.114203,0.016146,0.491145,0.057245,96.438078,False,0
269,2024-12,3,Крупные центры,0.347027,False,Йошкар-Ола,городской округ город Йошкар-Ола,городской округ,г Йошкар-Ола,Республика Марий Эл,56.632700,47.897585,True,3,0.916667,0.338251,0.031440,1,22,ядро типа,0.132215,347.300000,0.048018,0.169830,0.052791,0.357536,0.060987,114.135368,False,0
270,2024-12,1,Цифровая повседневность,0.542803,False,Волжск,городской округ город Волжск,городской округ,г Волжск,Республика Марий Эл,55.863658,48.361860,True,1,1.000000,0.431129,0.231777,0,24,ядро типа,-0.047952,368.800000,0.039709,0.217789,0.028636,0.390056,0.033931,95.317957,False,0
271,2024-12,1,Цифровая повседневность,0.747178,False,Козьмодемьянск,городской округ город Козьмодемьянск,городской округ,г Козьмодемьянск,Республика Марий Эл,56.332435,46.546286,True,1,1.000000,0.721135,0.570836,0,24,ядро типа,-0.123399,360.800000,0.039618,0.209825,0.017198,0.426647,0.038121,88.391057,False,0
272,2024-12,1,Цифровая повседневность,0.485023,False,Волжский,Волжский муниципальный район,муниципальный район,г Волжск,Республика Марий Эл,55.863658,48.361860,True,1,1.000000,0.414509,0.160423,0,24,ядро типа,-0.276437,384.700000,0.033796,0.219004,0.026534,0.403968,0.052661,75.848168,False,0
273,2024-12,1,Цифровая повседневность,0.514534,False,Горномарийский,Горномарийский муниципальный район,муниципальный район,г Козьмодемьянск,Республика Марий Эл,56.332435,46.546286,True,1,1.000000,0.369030,0.089168,0,24,ядро типа,-0.385238,360.600000,0.042249,0.193468,0.020536,0.465780,0.061383,68.028865,False,0
274,2024-12,1,Цифровая повседневность,0.762980,False,Звениговский,Звениговский муниципальный район,муниципальный район,г Звенигово,Республика Марий Эл,55.971824,48.016105,True,1,1.000000,0.682252,0.562111,0,24,ядро типа,-0.157140,354.900000,0.042670,0.206222,0.020021,0.429657,0.046487,85.458434,False,0
275,2024-12,1,Цифровая повседневность,0.572329,False,Килемарский,Килемарский муниципальный район,муниципальный район,пгт Килемары,Республика Марий Эл,56.776737,46.859489,True,1,1.000000,0.465892,0.332207,0,24,ядро типа,-0.313339,337.700000,0.033846,0.242812,0.009851,0.478005,0.038771,73.100180,False,0
276,2024-12,1,Цифровая повседневность,0.573752,False,Куженерский,Куженерский муниципальный район,муниципальный район,пгт Куженер,Республика Марий Эл,56.811433,48.916761,True,1,1.000000,0.364926,0.245984,0,24,ядро типа,-0.380095,339.100000,0.035192,0.212367,0.011791,0.441519,0.036857,68.379672,False,0
277,2024-12,1,Цифровая повседневность,0.583450,False,Мари-Турекский,Мари-Турекский муниципальный район,муниципальный район,пгт Мари-Турек,Республика Марий Эл,56.787795,49.620357,True,1,1.000000,0.423706,0.273379,0,24,ядро типа,-0.399957,336.200000,0.036862,0.193123,0.011981,0.456436,0.043289,67.034911,False,0
278,2024-12,3,Крупные центры,0.306835,False,Медведевский,Медведевский муниципальный район,муниципальный район,пгт Медведево,Республика Марий Эл,56.633243,47.803024,True,3,0.875000,0.303627,0.006353,1,21,устойчивый,0.152155,352.300000,0.043661,0.175199,0.048656,0.360943,0.067262,116.434078,False,1
279,2024-12,1,Цифровая повседневность,0.488663,False,Моркинский,Моркинский муниципальный район,муниципальный район,пгт Морки,Республика Марий Эл,56.430257,48.998051,True,1,1.000000,0.385434,0.289061,0,24,ядро типа,-0.482155,346.200000,0.034239,0.196661,0.015400,0.474308,0.034388,61.745111,False,0
280,2024-12,1,Цифровая повседневность,0.363464,False,Новоторъяльский,Новоторъяльский муниципальный район,муниципальный район,пгт Новый Торъял,Республика Марий Эл,57.003291,48.740332,True,1,1.000000,0.390658,0.277650,0,24,ядро типа,-0.357359,337.400000,0.029650,0.179659,0.015705,0.451126,0.038272,69.952149,False,0
281,2024-12,1,Цифровая повседневность,0.337429,False,Оршанский,Оршанский муниципальный район,муниципальный район,пгт Оршанка,Республика Марий Эл,56.915424,47.894457,True,1,1.000000,0.378681,0.180299,0,24,ядро типа,-0.415874,343.800000,0.026306,0.197015,0.008349,0.445569,0.029757,65.976336,False,0
282,2024-12,1,Цифровая повседневность,0.569426,False,Параньгинский,Параньгинский муниципальный район,муниципальный район,пгт Параньга,Республика Марий Эл,56.705278,49.393392,True,1,1.000000,0.440174,0.292145,0,24,ядро типа,-0.468887,335.300000,0.036443,0.210151,0.011312,0.433089,0.038755,62.569815,False,0
283,2024-12,1,Цифровая повседневность,0.503930,False,Сернурский,Сернурский муниципальный район,муниципальный район,пгт Сернур,Республика Марий Эл,56.934762,49.146916,True,1,1.000000,0.349285,0.203220,0,24,ядро типа,-0.293128,337.200000,0.033828,0.194224,0.026238,0.450000,0.041914,74.592648,False,0
284,2024-12,1,Цифровая повседневность,0.401775,False,Советский,Советский муниципальный район,муниципальный район,пгт Советский,Республика Марий Эл,56.762982,48.474292,True,1,1.000000,0.270395,0.145099,0,24,ядро типа,-0.305373,343.100000,0.030319,0.190603,0.024222,0.440175,0.043600,73.684858,False,0
285,2024-12,1,Цифровая повседневность,0.443347,False,Юринский,Юринский муниципальный район,муниципальный район,пгт Юрино,Республика Марий Эл,56.290350,46.291918,True,1,1.000000,0.495268,0.367589,0,24,ядро типа,-0.343553,333.900000,0.035231,0.290047,0.006378,0.489413,0.037140,70.924561,False,0
287,2024-12,1,Цифровая повседневность,0.597558,False,Ардатовский,Ардатовский муниципальный район,муниципальный район,г Ардатов,Республика Мордовия,54.844335,46.239320,True,1,1.000000,0.519955,0.406780,0,24,ядро типа,-0.409273,359.100000,0.051154,0.211936,0.010611,0.447086,0.043740,66.413306,False,0
288,2024-12,1,Цифровая повседневность,0.639450,False,Атюрьевский,Атюрьевский муниципальный район,муниципальный район,с Атюрьево,Республика Мордовия,54.321152,43.336352,True,1,1.000000,0.486600,0.350859,0,24,ядро типа,-0.361989,362.500000,0.044858,0.226146,0.016971,0.478367,0.054095,69.629037,False,0
289,2024-12,1,Цифровая повседневность,0.600413,False,Атяшевский,Атяшевский муниципальный район,муниципальный район,рп Атяшево,Республика Мордовия,54.579191,46.075761,True,1,1.000000,0.565128,0.445938,0,24,ядро типа,-0.316164,358.400000,0.050996,0.199890,0.013002,0.464243,0.047746,72.894004,False,0
290,2024-12,1,Цифровая повседневность,0.465453,False,Большеберезниковский,Большеберезниковский муниципальный район,муниципальный район,с Большие Березники,Республика Мордовия,54.171913,45.966282,True,1,1.000000,0.479384,0.269870,0,24,ядро типа,-0.491972,357.000000,0.052242,0.170467,0.003523,0.492576,0.044693,61.141969,False,0
292,2024-12,1,Цифровая повседневность,0.508140,False,Дубенский,Дубенский муниципальный район,муниципальный район,с Дубенки,Республика Мордовия,54.437653,46.298070,True,1,1.000000,0.444535,0.165992,0,24,ядро типа,-0.452739,356.600000,0.055459,0.198655,0.006098,0.434379,0.046312,63.588386,False,0
293,2024-12,1,Цифровая повседневность,0.674599,False,Ельниковский,Ельниковский муниципальный район,муниципальный район,с Ельники,Республика Мордовия,54.620689,43.875977,True,1,1.000000,0.605260,0.508841,0,24,ядро типа,-0.291685,360.100000,0.048816,0.208321,0.009392,0.444449,0.039464,74.700352,False,0
294,2024-12,1,Цифровая повседневность,0.633524,False,Зубово-Полянский,Зубово-Полянский муниципальный район,муниципальный район,рп Зубова Поляна,Республика Мордовия,54.079964,42.837425,True,1,1.000000,0.552483,0.497695,0,24,ядро типа,-0.112768,368.600000,0.042369,0.236230,0.014330,0.434225,0.056526,89.335775,False,0
295,2024-12,1,Цифровая повседневность,0.731878,False,Инсарский,Инсарский муниципальный район,муниципальный район,г Инсар,Республика Мордовия,53.867741,44.371407,True,1,1.000000,0.677956,0.572991,0,24,ядро типа,-0.219810,360.100000,0.047117,0.222934,0.011156,0.456065,0.045814,80.267106,False,0
296,2024-12,1,Цифровая повседневность,0.665121,False,Ичалковский,Ичалковский муниципальный район,муниципальный район,с Кемля,Республика Мордовия,54.694168,45.243855,True,1,1.000000,0.628995,0.515879,0,24,ядро типа,-0.214610,360.800000,0.048894,0.223379,0.002975,0.471281,0.042754,80.685612,False,0
297,2024-12,1,Цифровая повседневность,0.584203,False,Кадошкинский,Кадошкинский муниципальный район,муниципальный район,рп Кадошкино,Республика Мордовия,54.030755,44.421327,True,1,1.000000,0.580504,0.398330,0,24,ядро типа,-0.190569,359.100000,0.047360,0.181212,0.008154,0.414588,0.049743,82.648901,False,0
298,2024-12,1,Цифровая повседневность,0.722273,False,Ковылкинский,Ковылкинский муниципальный район,муниципальный район,г Ковылкино,Республика Мордовия,54.034557,43.906626,True,1,1.000000,0.680173,0.490272,0,24,ядро типа,-0.171429,363.600000,0.047302,0.206232,0.022099,0.457720,0.047047,84.245996,False,0
300,2024-12,1,Цифровая повседневность,0.545287,False,Краснослободский,Краснослободский муниципальный район,муниципальный район,г Краснослободск,Республика Мордовия,54.417211,43.787770,True,1,1.000000,0.610965,0.491143,0,24,ядро типа,-0.259700,362.200000,0.055338,0.197654,0.025774,0.458227,0.041653,77.128306,False,0
301,2024-12,1,Цифровая повседневность,0.155957,False,Лямбирский,Лямбирский муниципальный район,муниципальный район,с Лямбирь,Республика Мордовия,54.282846,45.122641,True,1,1.000000,0.335737,0.111068,0,24,ядро типа,0.046668,365.500000,0.046727,0.168786,0.024935,0.390702,0.068842,104.777438,False,0
302,2024-12,1,Цифровая повседневность,0.647903,False,Ромодановский,Ромодановский муниципальный район,муниципальный район,п Ромоданово,Республика Мордовия,54.420921,45.334122,True,1,1.000000,0.577830,0.403454,0,24,ядро типа,-0.408485,362.000000,0.047178,0.213065,0.012315,0.478957,0.041576,66.465619,False,0
303,2024-12,1,Цифровая повседневность,0.483501,False,Рузаевский,Рузаевский муниципальный район,муниципальный район,г Рузаевка,Республика Мордовия,54.058735,44.954391,True,1,1.000000,0.625963,0.483501,0,24,ядро типа,0.024305,364.100000,0.042858,0.177979,0.024928,0.408818,0.044930,102.460265,False,0
304,2024-12,1,Цифровая повседневность,0.576989,False,Старошайговский,Старошайговский муниципальный район,муниципальный район,с Старое Шайгово,Республика Мордовия,54.304256,44.463558,True,1,1.000000,0.565074,0.450013,0,24,ядро типа,-0.538801,359.400000,0.046730,0.246203,0.005485,0.455591,0.041561,58.344745,False,0
305,2024-12,1,Цифровая повседневность,0.662233,False,Темниковский,Темниковский муниципальный район,муниципальный район,г Темников,Республика Мордовия,54.634233,43.215119,True,1,1.000000,0.596671,0.447163,0,24,ядро типа,-0.272469,361.700000,0.047887,0.222339,0.013982,0.463428,0.052938,76.149739,False,0
306,2024-12,1,Цифровая повседневность,0.456816,False,Теньгушевский,Теньгушевский муниципальный район,муниципальный район,с Теньгушево,Республика Мордовия,54.767166,42.714211,True,1,1.000000,0.481447,0.320741,0,24,ядро типа,-0.286467,368.100000,0.044668,0.289034,0.004549,0.393984,0.051635,75.091164,False,0
307,2024-12,1,Цифровая повседневность,0.825216,False,Торбеевский,Торбеевский муниципальный район,муниципальный район,рп Торбеево,Республика Мордовия,54.074532,43.245144,True,1,1.000000,0.686577,0.587062,0,24,ядро типа,-0.095387,364.800000,0.041571,0.207888,0.013135,0.465064,0.042079,90.902097,False,0
308,2024-12,1,Цифровая повседневность,0.633681,False,Чамзинский,Чамзинский муниципальный район,муниципальный район,рп Чамзинка,Республика Мордовия,54.407948,45.784023,True,1,1.000000,0.660336,0.493582,0,24,ядро типа,-0.132317,359.100000,0.049001,0.191471,0.018476,0.445608,0.037409,87.606358,False,0
309,2024-12,2,Автономные локальные центры,0.233008,False,Якутск,городской округ город Якутск,городской округ,г Якутск,Республика Саха (Якутия),62.027926,129.740572,True,2,1.000000,0.259500,0.176453,0,24,ядро типа,0.627953,137.000000,0.032846,0.059976,0.070306,0.325943,0.065823,187.377102,False,0
312,2024-12,2,Автономные локальные центры,0.617595,False,Алданский,Алданский муниципальный район,муниципальный район,г Алдан,Республика Саха (Якутия),58.615585,125.396084,True,2,1.000000,0.583972,0.493410,0,24,ядро типа,0.537123,143.800000,0.034386,0.156949,0.038702,0.401068,0.050824,171.107658,False,0
314,2024-12,2,Автономные локальные центры,0.376429,False,Амгинский,Амгинский муниципальный район,муниципальный район,с Амга,Республика Саха (Якутия),60.894218,131.979980,True,2,1.000000,0.399739,0.335790,0,24,ядро типа,0.260031,136.200000,0.025909,0.067502,0.037820,0.422450,0.069210,129.697044,False,0
316,2024-12,2,Автономные локальные центры,0.276210,False,Булунский,Булунский муниципальный район,муниципальный район,п Тикси,Республика Саха (Якутия),71.636604,128.868546,True,2,1.000000,0.271920,0.167759,0,24,ядро типа,0.641087,116.900000,0.020520,0.046324,0.040602,0.417418,0.015641,189.854292,False,0
317,2024-12,2,Автономные локальные центры,0.436545,False,Верхневилюйский,Верхневилюйский муниципальный район,муниципальный район,с Верхневилюйск,Республика Саха (Якутия),63.449761,120.314668,True,2,1.000000,0.430165,0.350265,0,24,ядро типа,0.222340,129.900000,0.026215,0.092909,0.029516,0.423105,0.059673,124.899605,False,0
318,2024-12,2,Автономные локальные центры,0.273420,False,Верхнеколымский,Верхнеколымский муниципальный район,муниципальный район,п Зырянка,Республика Саха (Якутия),65.733597,150.893326,True,2,1.000000,0.307046,0.191174,0,24,ядро типа,0.699283,121.800000,0.040371,0.047864,0.014222,0.508051,0.030309,201.230902,False,0
319,2024-12,2,Автономные локальные центры,0.320710,False,Верхоянский,Верхоянский муниципальный район,муниципальный район,п Батагай,Республика Саха (Якутия),67.654907,134.635071,True,2,1.000000,0.338996,0.254817,0,24,ядро типа,0.488725,124.400000,0.027276,0.082432,0.016592,0.548427,0.043491,163.023710,False,0
320,2024-12,2,Автономные локальные центры,0.422446,False,Вилюйский,Вилюйский муниципальный район,муниципальный район,г Вилюйск,Республика Саха (Якутия),63.754082,121.626549,True,2,1.000000,0.464985,0.386331,0,24,ядро типа,0.281392,130.800000,0.024781,0.084562,0.034582,0.376571,0.063985,132.497346,False,0
321,2024-12,2,Автономные локальные центры,0.386530,False,Горный,Горный муниципальный район,муниципальный район,с Бердигестях,Республика Саха (Якутия),62.098289,126.699837,True,2,1.000000,0.448575,0.344846,0,24,ядро типа,0.040718,136.000000,0.024404,0.088900,0.022454,0.435637,0.066092,104.155832,False,0
323,2024-12,2,Автономные локальные центры,0.281664,False,Кобяйский,Кобяйский муниципальный район,муниципальный район,п Сангар,Республика Саха (Якутия),63.923618,127.466759,True,2,1.000000,0.262704,0.115865,0,24,ядро типа,0.370780,323.250000,0.023618,0.059151,0.032921,0.407196,0.056369,144.886372,True,0
324,2024-12,2,Автономные локальные центры,0.321602,False,Нюрбинский,Нюрбинский муниципальный район,муниципальный район,г Нюрба,Республика Саха (Якутия),63.286648,118.354149,True,2,1.000000,0.287113,0.118434,0,24,ядро типа,0.262046,323.250000,0.034453,0.093531,0.031066,0.393280,0.058605,129.958611,True,0
325,2024-12,2,Автономные локальные центры,0.575380,False,Ленский,Ленский муниципальный район,муниципальный район,г Ленск,Республика Саха (Якутия),60.714549,114.917212,True,2,1.000000,0.511468,0.376823,0,24,ядро типа,0.513594,151.600000,0.027214,0.153615,0.035518,0.402147,0.043509,167.128768,False,0
326,2024-12,2,Автономные локальные центры,0.324726,False,Мегино-Кангаласский,Мегино-Кангаласский муниципальный район,муниципальный район,п Нижний Бестях,Республика Саха (Якутия),61.957066,129.911346,True,2,1.000000,0.389761,0.296320,0,24,ядро типа,0.273675,142.900000,0.026705,0.070823,0.043697,0.380752,0.082339,131.478775,False,0
327,2024-12,2,Автономные локальные центры,0.566136,False,Мирнинский,Мирнинский муниципальный район,муниципальный район,г Мирный,Республика Саха (Якутия),62.541077,113.978584,True,2,1.000000,0.451960,0.307830,0,24,ядро типа,0.467589,152.100000,0.030326,0.150938,0.055023,0.387110,0.042183,159.614112,False,0
329,2024-12,2,Автономные локальные центры,0.346256,False,Намский,Намский муниципальный район,муниципальный район,с Намцы,Республика Саха (Якутия),62.718227,129.664246,True,2,1.000000,0.402524,0.279736,0,24,ядро типа,0.275709,138.600000,0.025740,0.075841,0.046715,0.336744,0.069652,131.746496,False,0
330,2024-12,2,Автономные локальные центры,0.555058,False,Нерюнгринский,Нерюнгринский муниципальный район,муниципальный район,г Нерюнгри,Республика Саха (Якутия),56.657944,124.712304,True,2,1.000000,0.501077,0.437623,0,24,ядро типа,0.508370,147.100000,0.031132,0.132839,0.045865,0.387595,0.040349,166.257905,False,0
331,2024-12,2,Автономные локальные центры,0.293580,False,Нижнеколымский,Нижнеколымский муниципальный район,муниципальный район,п Черский,Республика Саха (Якутия),68.742722,161.332444,True,2,1.000000,0.314933,0.254237,0,24,ядро типа,0.805278,113.600000,0.016464,0.021498,0.051908,0.437549,0.033973,223.731787,False,0
332,2024-12,2,Автономные локальные центры,0.418230,False,Оймяконский,Оймяконский муниципальный район,муниципальный район,п Усть-Нера,Республика Саха (Якутия),64.566376,143.237839,True,2,1.000000,0.404135,0.288990,0,24,ядро типа,0.739081,127.000000,0.031992,0.094918,0.042441,0.427830,0.037753,209.401012,False,0
333,2024-12,2,Автономные локальные центры,0.585302,False,Олекминский,Олекминский муниципальный район,муниципальный район,г Олёкминск,Республика Саха (Якутия),60.372936,120.403496,True,2,1.000000,0.548937,0.353158,0,24,ядро типа,0.521188,145.200000,0.029639,0.152709,0.028689,0.405683,0.044678,168.402751,False,0
334,2024-12,2,Автономные локальные центры,0.361407,False,Оленекский,Оленекский эвенкийский национальный муниципальный район,муниципальный район,с Оленёк,Республика Саха (Якутия),68.505272,112.450287,True,2,1.000000,0.367362,0.277895,0,24,ядро типа,0.483559,140.700000,0.018708,0.042084,0.027930,0.441674,0.055119,162.183620,False,0
335,2024-12,2,Автономные локальные центры,0.267748,False,Среднеколымский,Среднеколымский муниципальный район,муниципальный район,г Среднеколымск,Республика Саха (Якутия),67.455497,153.707146,True,2,1.000000,0.285991,0.223948,0,24,ядро типа,0.477106,119.000000,0.021388,0.022171,0.026296,0.549394,0.052611,161.140431,False,0
336,2024-12,2,Автономные локальные центры,0.565009,False,Сунтарский,Сунтарский муниципальный район,муниципальный район,с Сунтар,Республика Саха (Якутия),62.157455,117.646332,True,2,1.000000,0.539316,0.418494,0,24,ядро типа,0.308294,149.500000,0.024395,0.134883,0.022156,0.420022,0.059461,136.110043,False,0
337,2024-12,2,Автономные локальные центры,0.362954,False,Таттинский,Таттинский муниципальный район,муниципальный район,с Ытык-Кюёль,Республика Саха (Якутия),62.360935,133.563309,True,2,1.000000,0.387816,0.306840,0,24,ядро типа,0.045375,135.500000,0.026290,0.073048,0.021791,0.367769,0.065549,104.642038,False,0
338,2024-12,2,Автономные локальные центры,0.413357,False,Томпонский,Томпонский муниципальный район,муниципальный район,п Хандыга,Республика Саха (Якутия),62.647794,135.575094,True,2,1.000000,0.426400,0.317495,0,24,ядро типа,0.505404,133.400000,0.024894,0.088049,0.029368,0.471319,0.043440,165.765544,False,0
339,2024-12,2,Автономные локальные центры,0.368882,False,Усть-Алданский,Усть-Алданский муниципальный район,муниципальный район,с Борогонцы,Республика Саха (Якутия),62.672262,131.179503,True,2,1.000000,0.371301,0.281541,0,24,ядро типа,0.061159,137.400000,0.029150,0.060731,0.039918,0.382852,0.064349,106.306833,False,0
340,2024-12,2,Автономные локальные центры,0.452642,False,Усть-Майский,Усть-Майский муниципальный район,муниципальный район,п Усть-Мая,Республика Саха (Якутия),60.416439,134.536499,True,2,1.000000,0.443452,0.340878,0,24,ядро типа,0.595506,133.600000,0.033030,0.094678,0.028381,0.429640,0.052081,181.394919,False,0
341,2024-12,2,Автономные локальные центры,0.292127,False,Усть-Янский,Усть-Янский муниципальный район,муниципальный район,п Депутатский,Республика Саха (Якутия),69.339649,139.946864,True,2,1.000000,0.284698,0.163256,0,24,ядро типа,0.687484,119.200000,0.020564,0.047829,0.019033,0.423266,0.024913,198.870648,False,0
342,2024-12,2,Автономные локальные центры,0.436066,False,Хангаласский,Хангаласский муниципальный район,муниципальный район,г Покровск,Республика Саха (Якутия),61.483270,129.154062,True,2,1.000000,0.507780,0.433191,0,24,ядро типа,0.159134,138.600000,0.025878,0.101307,0.030208,0.420293,0.062490,117.249550,False,0
343,2024-12,2,Автономные локальные центры,0.342505,False,Чурапчинский,Чурапчинский муниципальный район,муниципальный район,с Чурапча,Республика Саха (Якутия),61.999668,132.425201,True,2,1.000000,0.358428,0.296976,0,24,ядро типа,0.197318,136.700000,0.026449,0.064393,0.029759,0.351345,0.078944,121.813118,False,0
345,2024-12,3,Крупные центры,0.396530,False,Владикавказ,городской округ город Владикавказ,городской округ,г Владикавказ,Республика Северная Осетия — Алания,43.024593,44.682110,True,3,1.000000,0.405872,0.326986,0,24,ядро типа,0.178550,291.400000,0.052717,0.209735,0.052614,0.275503,0.084326,119.548259,False,0
346,2024-12,3,Крупные центры,0.279831,False,Алагирский,Алагирский муниципальный район,муниципальный район,г Алагир,Республика Северная Осетия — Алания,43.018619,44.226121,True,3,1.000000,0.258972,0.117493,0,24,ядро типа,-0.075711,291.400000,0.064859,0.241445,0.059482,0.233180,0.073057,92.708446,False,0
347,2024-12,1,Цифровая повседневность,0.003823,True,Ардонский,Ардонский муниципальный район,муниципальный район,г Ардон,Республика Северная Осетия — Алания,43.173950,44.275238,True,3,0.958333,0.127060,0.003823,1,1,устойчивый,-0.156852,295.900000,0.061521,0.290363,0.027323,0.281688,0.067965,85.483052,False,0
348,2024-12,3,Крупные центры,0.036457,False,Дигорский,Дигорский муниципальный район,муниципальный район,г Дигора,Республика Северная Осетия — Алания,43.159122,44.158127,True,3,0.958333,0.082448,0.001187,2,21,пограничный,-0.090120,293.700000,0.055294,0.270811,0.021518,0.275391,0.077788,91.382149,False,0
349,2024-12,1,Цифровая повседневность,0.025175,True,Ирафский,Ирафский муниципальный район,муниципальный район,с Чикола,Республика Северная Осетия — Алания,43.198139,43.923298,True,1,0.666667,0.047261,0.001693,13,1,пограничный,-0.258304,293.700000,0.072593,0.246623,0.017610,0.331169,0.070361,77.236010,False,0
351,2024-12,1,Цифровая повседневность,0.090491,False,Моздокский,Моздокский муниципальный район,муниципальный район,г Моздок,Республика Северная Осетия — Алания,43.735584,44.653614,True,1,0.500000,0.089062,0.009081,6,2,пограничный,-0.001185,296.800000,0.049880,0.237106,0.031425,0.340101,0.067102,99.881526,False,2
352,2024-12,3,Крупные центры,0.165295,False,Правобережный,Правобережный муниципальный район,муниципальный район,г Беслан,Республика Северная Осетия — Алания,43.187557,44.537569,True,3,1.000000,0.238183,0.071993,0,24,ядро типа,-0.114078,297.300000,0.058980,0.247611,0.039837,0.281240,0.076260,89.218839,False,0
354,2024-12,3,Крупные центры,0.608371,False,Казань,городской округ город Казань,городской округ,г Казань,Республика Татарстан,55.782355,49.124227,True,3,1.000000,0.646084,0.580657,0,24,ядро типа,0.321366,345.000000,0.053891,0.157544,0.064937,0.337737,0.072278,137.901005,False,0
355,2024-12,3,Крупные центры,0.491798,False,Набережные Челны,городской округ город Набережные Челны,городской округ,г Набережные Челны,Республика Татарстан,55.741977,52.399207,True,3,1.000000,0.552258,0.341204,0,24,ядро типа,0.217103,367.400000,0.050872,0.152937,0.063602,0.364474,0.069720,124.247227,False,0
356,2024-12,1,Цифровая повседневность,0.439809,False,Агрызский,Агрызский муниципальный район,муниципальный район,г Агрыз,Республика Татарстан,56.525516,52.997164,True,1,1.000000,0.340272,0.137607,0,24,ядро типа,-0.240378,334.600000,0.040387,0.173952,0.027433,0.411341,0.040504,78.633084,False,0
357,2024-12,1,Цифровая повседневность,0.263929,False,Азнакаевский,Азнакаевский муниципальный район,муниципальный район,г Азнакаево,Республика Татарстан,54.862955,53.079228,True,1,0.958333,0.163572,0.003861,1,23,ядро типа,-0.184666,338.800000,0.043380,0.171744,0.033053,0.411593,0.055113,83.138184,False,0
358,2024-12,1,Цифровая повседневность,0.507042,False,Аксубаевский,Аксубаевский муниципальный район,муниципальный район,пгт Аксубаево,Республика Татарстан,54.846351,50.805535,True,1,1.000000,0.424745,0.272651,0,24,ядро типа,-0.427273,342.100000,0.035571,0.187149,0.013304,0.446148,0.052507,65.228563,False,0
359,2024-12,1,Цифровая повседневность,0.323710,False,Актанышский,Актанышский муниципальный район,муниципальный район,с Актаныш,Республика Татарстан,55.722180,54.057727,True,1,1.000000,0.292392,0.153908,0,24,ядро типа,-0.450516,328.500000,0.043071,0.165669,0.025254,0.449203,0.058522,63.729940,False,0
360,2024-12,1,Цифровая повседневность,0.557847,False,Алексеевский,Алексеевский муниципальный район,муниципальный район,пгт Алексеевское,Республика Татарстан,55.304965,50.112904,True,1,1.000000,0.532454,0.380281,0,24,ядро типа,-0.156852,352.300000,0.031787,0.229886,0.013139,0.426221,0.043522,85.483052,False,0
361,2024-12,1,Цифровая повседневность,0.375174,False,Алькеевский,Алькеевский муниципальный район,муниципальный район,с Базарные Матаки,Республика Татарстан,54.903484,49.927549,True,1,1.000000,0.412463,0.248098,0,24,ядро типа,-0.359913,347.100000,0.049043,0.163271,0.011687,0.440549,0.059936,69.773668,False,0
362,2024-12,3,Крупные центры,0.274135,False,Альметьевский,Альметьевский муниципальный район,муниципальный район,г Альметьевск,Республика Татарстан,54.900501,52.296378,True,3,1.000000,0.336244,0.051973,0,24,ядро типа,0.165074,340.300000,0.050406,0.151452,0.053719,0.375538,0.070678,117.948087,False,0
363,2024-12,1,Цифровая повседневность,0.576158,False,Апастовский,Апастовский муниципальный район,муниципальный район,пгт Апастово,Республика Татарстан,55.202672,48.506861,True,1,1.000000,0.372058,0.204424,0,24,ядро типа,-0.457639,355.800000,0.039829,0.210621,0.016243,0.438020,0.055002,63.277584,False,0
364,2024-12,1,Цифровая повседневность,0.241500,False,Арский,Арский муниципальный район,муниципальный район,г Арск,Республика Татарстан,56.090992,49.877183,True,1,1.000000,0.206499,0.065964,0,24,ядро типа,-0.296972,348.500000,0.047625,0.175798,0.027208,0.401002,0.069822,74.306464,False,0
365,2024-12,1,Цифровая повседневность,0.511038,False,Атнинский,Атнинский муниципальный район,муниципальный район,с Большая Атня,Республика Татарстан,56.250305,49.453400,True,1,1.000000,0.411028,0.179324,0,24,ядро типа,-0.526691,349.200000,0.036892,0.199104,0.026575,0.447397,0.047366,59.055591,False,0
366,2024-12,1,Цифровая повседневность,0.394300,False,Бавлинский,Бавлинский муниципальный район,муниципальный район,г Бавлы,Республика Татарстан,54.403107,53.235637,True,1,1.000000,0.415700,0.123473,0,24,ядро типа,-0.301788,339.600000,0.038658,0.170571,0.018268,0.408514,0.048188,73.949502,False,0
367,2024-12,1,Цифровая повседневность,0.173521,False,Балтасинский,Балтасинский муниципальный район,муниципальный район,пгт Балтаси,Республика Татарстан,56.344623,50.211417,True,1,1.000000,0.252816,0.158295,0,24,ядро типа,-0.389408,343.300000,0.051828,0.181967,0.024256,0.409857,0.086441,67.745757,False,0
368,2024-12,2,Автономные локальные центры,0.057011,False,Бугульминский,Бугульминский муниципальный район,муниципальный район,г Бугульма,Республика Татарстан,54.538415,52.795595,True,2,0.958333,0.077833,0.012328,2,22,пограничный,0.073901,340.500000,0.041785,0.166338,0.042070,0.411129,0.055617,107.670057,False,0
369,2024-12,1,Цифровая повседневность,0.302955,False,Буинский,Буинский муниципальный район,муниципальный район,г Буинск,Республика Татарстан,54.972366,48.292683,True,1,1.000000,0.306324,0.261143,0,24,ядро типа,-0.262377,356.300000,0.043645,0.169380,0.027083,0.434332,0.065928,76.922130,False,0
370,2024-12,1,Цифровая повседневность,0.416700,False,Верхнеуслонский,Верхнеуслонский муниципальный район,муниципальный район,с Верхний Услон,Республика Татарстан,55.768550,48.982921,True,1,0.916667,0.178743,0.013850,3,21,ядро типа,-0.150823,357.300000,0.033349,0.227574,0.031238,0.383476,0.050059,86.000031,False,0
371,2024-12,1,Цифровая повседневность,0.000590,True,Высокогорский,Высокогорский муниципальный район,муниципальный район,п ж/д ст Высокая Гора,Республика Татарстан,55.910181,49.307205,True,3,0.583333,0.099123,0.000590,7,1,пограничный,0.046580,363.400000,0.037038,0.209834,0.046437,0.369764,0.068584,104.768206,False,0
372,2024-12,1,Цифровая повседневность,0.429197,False,Дрожжановский,Дрожжановский муниципальный район,муниципальный район,с Старое Дрожжаное,Республика Татарстан,54.724983,47.564540,True,1,1.000000,0.296046,0.160469,0,24,ядро типа,-0.486751,355.100000,0.044310,0.188254,0.013869,0.452811,0.063035,61.462004,False,0
373,2024-12,3,Крупные центры,0.381341,False,Елабужский,Елабужский муниципальный район,муниципальный район,г Елабуга,Республика Татарстан,55.757713,52.053994,True,3,1.000000,0.408220,0.095266,0,24,ядро типа,0.178679,344.300000,0.045478,0.170665,0.055258,0.367967,0.069414,119.563645,False,0
374,2024-12,1,Цифровая повседневность,0.412959,False,Заинский,Заинский муниципальный район,муниципальный район,г Заинск,Республика Татарстан,55.286651,52.005605,True,1,1.000000,0.292595,0.177122,0,24,ядро типа,-0.063537,342.900000,0.044137,0.189304,0.034890,0.424154,0.052138,93.843952,False,0
375,2024-12,3,Крупные центры,0.243668,False,Зеленодольский,Зеленодольский муниципальный район,муниципальный район,г Зеленодольск,Республика Татарстан,55.858663,48.557466,True,3,0.875000,0.282031,0.021460,3,21,устойчивый,0.172457,360.600000,0.044415,0.179266,0.049232,0.376635,0.061767,118.822027,False,0
376,2024-12,1,Цифровая повседневность,0.575990,False,Кайбицкий,Кайбицкий муниципальный район,муниципальный район,с Большие Кайбицы,Республика Татарстан,55.406166,48.193580,True,1,1.000000,0.349193,0.078554,0,24,ядро типа,-0.481807,358.400000,0.040205,0.197090,0.013850,0.425518,0.047081,61.766652,False,0
377,2024-12,1,Цифровая повседневность,0.711557,False,Камско-Устьинский,Камско-Устьинский муниципальный район,муниципальный район,пгт Камское Устье,Республика Татарстан,55.201563,49.268008,True,1,1.000000,0.718574,0.596783,0,24,ядро типа,-0.293004,347.100000,0.039558,0.216722,0.007219,0.456833,0.048344,74.601880,False,0
378,2024-12,1,Цифровая повседневность,0.313797,False,Кукморский,Кукморский муниципальный район,муниципальный район,пгт Кукмор,Республика Татарстан,56.186532,50.897209,True,1,1.000000,0.247955,0.124146,0,24,ядро типа,-0.357535,339.100000,0.045583,0.170275,0.022483,0.427666,0.065162,69.939840,False,0
379,2024-12,3,Крупные центры,0.487544,False,Лаишевский,Лаишевский муниципальный район,муниципальный район,г Лаишево,Республика Татарстан,55.405140,49.555693,True,3,1.000000,0.413983,0.143541,0,24,ядро типа,0.249033,353.700000,0.045243,0.193902,0.054887,0.341817,0.076453,128.278430,False,0
380,2024-12,1,Цифровая повседневность,0.026751,True,Лениногорский,Лениногорский муниципальный район,муниципальный район,г Лениногорск,Республика Татарстан,54.599432,52.446910,True,1,0.541667,0.046233,0.006104,6,1,пограничный,0.041132,339.600000,0.047429,0.166032,0.044003,0.404064,0.055196,104.198914,False,2
381,2024-12,1,Цифровая повседневность,0.474073,False,Мамадышский,Мамадышский муниципальный район,муниципальный район,г Мамадыш,Республика Татарстан,55.709076,51.408903,True,1,1.000000,0.427638,0.254167,0,24,ядро типа,-0.326603,341.700000,0.041976,0.177630,0.020391,0.460328,0.055797,72.136999,False,0
382,2024-12,1,Цифровая повседневность,0.630084,False,Менделеевский,Менделеевский муниципальный район,муниципальный район,г Менделеевск,Республика Татарстан,55.887871,52.308443,True,1,1.000000,0.537018,0.242595,0,24,ядро типа,-0.238931,342.900000,0.046268,0.189996,0.021376,0.430598,0.045526,78.746942,False,0
383,2024-12,1,Цифровая повседневность,0.643664,False,Мензелинский,Мензелинский муниципальный район,муниципальный район,г Мензелинск,Республика Татарстан,55.725558,53.107182,True,1,1.000000,0.426119,0.095732,0,24,ядро типа,-0.252227,335.800000,0.042729,0.192658,0.024592,0.445034,0.046887,77.706830,False,0
384,2024-12,1,Цифровая повседневность,0.295101,False,Муслюмовский,Муслюмовский муниципальный район,муниципальный район,с Муслюмово,Республика Татарстан,55.304121,53.197533,True,1,1.000000,0.350549,0.266690,0,24,ядро типа,-0.435182,336.200000,0.039610,0.156205,0.012934,0.479981,0.060628,64.714662,False,0
385,2024-12,3,Крупные центры,0.371532,False,Нижнекамский,Нижнекамский муниципальный район,муниципальный район,г Нижнекамск,Республика Татарстан,55.641288,51.816038,True,3,1.000000,0.402595,0.121412,0,24,ядро типа,0.101581,339.300000,0.052515,0.152540,0.062300,0.379000,0.064163,110.691921,False,0
386,2024-12,1,Цифровая повседневность,0.504883,False,Новошешминский,Новошешминский муниципальный район,муниципальный район,с Новошешминск,Республика Татарстан,55.061645,51.224884,True,1,1.000000,0.419699,0.211186,0,24,ядро типа,-0.266907,344.300000,0.037655,0.208889,0.014226,0.454750,0.063253,76.574400,False,0
387,2024-12,1,Цифровая повседневность,0.469723,False,Нурлатский,Нурлатский муниципальный район,муниципальный район,г Нурлат,Республика Татарстан,54.429735,50.801958,True,1,1.000000,0.436587,0.334199,0,24,ядро типа,-0.151574,342.900000,0.046910,0.180370,0.030831,0.429313,0.056471,85.935408,False,0
388,2024-12,1,Цифровая повседневность,0.105312,False,Пестречинский,Пестречинский муниципальный район,муниципальный район,с Пестрецы,Республика Татарстан,55.750211,49.657091,True,3,0.916667,0.191562,0.005334,1,2,ядро типа,-0.027216,355.100000,0.035353,0.222078,0.043195,0.356628,0.065899,97.315095,False,0
390,2024-12,1,Цифровая повседневность,0.391999,False,Сабинский,Сабинский муниципальный район,муниципальный район,пгт Богатые Сабы,Республика Татарстан,56.010623,50.446780,True,1,1.000000,0.248528,0.099630,0,24,ядро типа,-0.351787,344.300000,0.046721,0.191653,0.024673,0.433702,0.063870,70.342960,False,0
391,2024-12,1,Цифровая повседневность,0.431158,False,Сармановский,Сармановский муниципальный район,муниципальный район,с Сарманово,Республика Татарстан,55.260751,52.577677,True,1,1.000000,0.475579,0.257958,0,24,ядро типа,-0.371982,340.500000,0.047719,0.172529,0.024953,0.398089,0.044550,68.936655,False,0
392,2024-12,1,Цифровая повседневность,0.626928,False,Спасский,Спасский муниципальный район,муниципальный район,г Болгар,Республика Татарстан,54.974744,49.030208,True,1,1.000000,0.707106,0.555947,0,24,ядро типа,-0.164586,340.700000,0.048250,0.230183,0.013894,0.399673,0.035335,84.824520,False,0
393,2024-12,1,Цифровая повседневность,0.609074,False,Тетюшский,Тетюшский муниципальный район,муниципальный район,г Тетюши,Республика Татарстан,54.934275,48.831957,True,1,1.000000,0.643027,0.505945,0,24,ядро типа,-0.279769,350.200000,0.040300,0.193723,0.013108,0.411300,0.051657,75.595833,False,0
395,2024-12,1,Цифровая повседневность,0.356606,False,Тюлячинский,Тюлячинский муниципальный район,муниципальный район,с Тюлячи,Республика Татарстан,55.891885,50.233499,True,1,1.000000,0.266923,0.031809,0,24,ядро типа,-0.562497,348.800000,0.047202,0.217272,0.015986,0.437135,0.073558,56.978444,False,0
396,2024-12,1,Цифровая повседневность,0.590188,False,Черемшанский,Черемшанский муниципальный район,муниципальный район,с Черемшан,Республика Татарстан,54.661101,51.505322,True,1,1.000000,0.391520,0.175270,0,24,ядро типа,-0.442005,342.400000,0.038158,0.210753,0.022885,0.439077,0.052712,64.274614,False,0
397,2024-12,1,Цифровая повседневность,0.390403,False,Чистопольский,Чистопольский муниципальный район,муниципальный район,г Чистополь,Республика Татарстан,55.371483,50.636731,True,1,1.000000,0.306924,0.203887,0,24,ядро типа,-0.016898,347.100000,0.037619,0.203837,0.032862,0.412932,0.058306,98.324435,False,0
398,2024-12,1,Цифровая повседневность,0.417229,False,Ютазинский,Ютазинский муниципальный район,муниципальный район,пгт Уруссу,Республика Татарстан,54.599332,53.466326,True,1,1.000000,0.514605,0.252663,0,24,ядро типа,-0.361149,337.900000,0.033560,0.178310,0.015146,0.430098,0.040625,69.687505,False,0
401,2024-12,2,Автономные локальные центры,0.109414,False,Бай-Тайгинский,Бай-Тайгинский муниципальный район,муниципальный район,с Тээли,Республика Тыва,51.011095,90.204306,True,2,1.000000,0.162291,0.041987,0,24,ядро типа,-0.301788,182.500000,0.018393,0.210769,0.026466,0.422288,0.097790,73.949502,False,0
402,2024-12,2,Автономные локальные центры,0.111627,False,Барун-Хемчикский,Барун-Хемчикский муниципальный район,муниципальный район,с Кызыл-Мажалык,Республика Тыва,51.145461,90.581480,True,2,1.000000,0.148304,0.100981,0,24,устойчивый,-0.286385,184.200000,0.008441,0.197427,0.025324,0.404114,0.112072,75.097318,False,0
403,2024-12,2,Автономные локальные центры,0.125816,False,Дзун-Хемчикский,Дзун-Хемчикский муниципальный район,муниципальный район,г Чадан,Республика Тыва,51.284039,91.566670,True,2,1.000000,0.124540,0.020234,0,24,устойчивый,-0.309600,181.600000,0.022018,0.205670,0.019418,0.432813,0.073142,73.374056,False,0
404,2024-12,2,Автономные локальные центры,0.283727,False,Каа-Хемский,Каа-Хемский муниципальный район,муниципальный район,с Сарыг-Сеп,Республика Тыва,51.492626,95.554681,True,2,0.708333,0.128885,0.010991,3,8,пограничный,-0.095015,183.000000,0.025989,0.200873,0.029678,0.429156,0.066021,90.935947,False,1
405,2024-12,2,Автономные локальные центры,0.098826,False,Кызылский,Кызылский муниципальный район,муниципальный район,пгт Каа-Хем,Республика Тыва,51.696541,94.563721,True,2,0.958333,0.133394,0.004342,2,11,устойчивый,0.146988,187.500000,0.032650,0.127597,0.052999,0.352479,0.108363,115.834013,False,0
408,2024-12,2,Автономные локальные центры,0.264061,False,Пий-Хемский,Пий-Хемский муниципальный район,муниципальный район,г Туран,Республика Тыва,52.145809,93.918643,True,2,0.708333,0.119609,0.000079,8,9,пограничный,0.000015,188.700000,0.036249,0.200018,0.023171,0.432809,0.062713,100.001539,False,1
410,2024-12,2,Автономные локальные центры,0.138915,False,Тандинский,Тандинский муниципальный район,муниципальный район,с Бай-Хаак,Республика Тыва,51.160103,94.465199,True,2,1.000000,0.167645,0.065996,0,24,ядро типа,0.067795,183.500000,0.024615,0.153640,0.039424,0.371319,0.115827,107.014602,False,0
413,2024-12,2,Автономные локальные центры,0.333833,False,Тоджинский,Тоджинский муниципальный район,муниципальный район,с Тоора-Хем,Республика Тыва,52.467923,96.117896,True,2,1.000000,0.217214,0.120431,0,24,ядро типа,0.197343,177.800000,0.020310,0.197039,0.031855,0.421487,0.071010,121.816196,False,0
414,2024-12,2,Автономные локальные центры,0.156106,False,Улуг-Хемский,Улуг-Хемский муниципальный район,муниципальный район,г Шагонар,Республика Тыва,51.538721,92.919407,True,2,1.000000,0.177760,0.039458,0,24,ядро типа,-0.115286,182.300000,0.034257,0.159852,0.053906,0.356171,0.099247,89.111135,False,0
416,2024-12,2,Автономные локальные центры,0.271506,False,Чеди-Хольский,Чеди-Хольский муниципальный район,муниципальный район,с Хову-Аксы,Республика Тыва,51.131943,93.715744,True,2,0.958333,0.212056,0.088902,1,23,ядро типа,-0.079968,182.500000,0.028134,0.167872,0.035035,0.403147,0.087803,92.314557,False,0
418,2024-12,3,Крупные центры,0.397418,False,Ижевск,городской округ город Ижевск,городской округ,г Ижевск,Удмуртская Республика,56.860517,53.197731,True,3,1.000000,0.447726,0.146832,0,24,ядро типа,0.263229,324.000000,0.053403,0.148929,0.057235,0.356393,0.063147,130.112474,False,0
419,2024-12,3,Крупные центры,0.080513,False,Воткинск,городской округ город Воткинск,городской округ,г Воткинск,Удмуртская Республика,57.030963,53.952910,True,3,0.875000,0.150883,0.006011,3,21,устойчивый,0.157401,338.400000,0.048480,0.160453,0.050400,0.389578,0.053949,117.046451,False,0
420,2024-12,2,Автономные локальные центры,0.036191,False,Глазов,городской округ город Глазов,городской округ,г Глазов,Удмуртская Республика,58.140120,52.646439,True,2,0.583333,0.058671,0.000056,3,8,пограничный,0.077439,322.300000,0.047675,0.153077,0.054111,0.399823,0.051206,108.051636,False,3
421,2024-12,1,Цифровая повседневность,0.098444,False,Можга,городской округ город Можга,городской округ,г Можга,Удмуртская Республика,56.449036,52.218595,True,1,1.000000,0.170139,0.082093,0,24,ядро типа,-0.034547,345.200000,0.045169,0.157870,0.038671,0.417036,0.062243,96.604250,False,0
422,2024-12,2,Автономные локальные центры,0.046167,True,Сарапул,городской округ город Сарапул,городской округ,г Сарапул,Удмуртская Республика,56.481155,53.782693,True,3,0.541667,0.064087,0.002097,9,1,пограничный,0.137029,327.000000,0.047573,0.162280,0.046714,0.400735,0.057313,114.686197,False,0
423,2024-12,1,Цифровая повседневность,0.430188,False,Алнашский,муниципальный округ Алнашский район,муниципальный округ,с Алнаши,Удмуртская Республика,56.184881,52.475531,True,1,1.000000,0.422348,0.228822,0,24,ядро типа,-0.273884,337.000000,0.047792,0.180284,0.027194,0.429728,0.057343,76.042035,False,0
424,2024-12,1,Цифровая повседневность,0.432289,False,Балезинский,муниципальный округ Балезинский район,муниципальный округ,п Балезино,Удмуртская Республика,57.974569,53.011189,True,1,1.000000,0.364735,0.291291,0,24,ядро типа,-0.340478,315.700000,0.044293,0.166227,0.021584,0.486916,0.040789,71.143046,False,0
425,2024-12,1,Цифровая повседневность,0.579774,False,Вавожский,муниципальный округ Вавожский район,муниципальный округ,с Вавож,Удмуртская Республика,56.767613,51.931377,True,1,1.000000,0.435802,0.284519,0,24,ядро типа,-0.224691,325.900000,0.047579,0.190661,0.021304,0.475671,0.050006,79.876294,False,0
428,2024-12,1,Цифровая повседневность,0.553054,False,Граховский,муниципальный округ Граховский район,муниципальный округ,с Грахово,Удмуртская Республика,56.046900,51.962950,True,1,1.000000,0.562849,0.316883,0,24,ядро типа,-0.254368,336.500000,0.049369,0.184102,0.010398,0.506429,0.047543,77.540658,False,0
429,2024-12,1,Цифровая повседневность,0.470755,False,Дебёсский,муниципальный округ Дебёсский район,муниципальный округ,с Дебёсы,Удмуртская Республика,57.652351,53.806393,True,1,1.000000,0.402524,0.316167,0,24,ядро типа,-0.261817,319.700000,0.046779,0.175003,0.021351,0.512255,0.044780,76.965212,False,0
430,2024-12,3,Крупные центры,0.351913,False,Завьяловский,муниципальный округ Завьяловский район,муниципальный округ,с Завьялово,Удмуртская Республика,56.784662,53.377600,True,3,0.958333,0.332679,0.037629,2,22,ядро типа,0.226397,333.600000,0.048193,0.153952,0.052192,0.366083,0.072927,125.407352,False,0
431,2024-12,1,Цифровая повседневность,0.378933,False,Игринский,муниципальный округ Игринский район,муниципальный округ,п Игра,Удмуртская Республика,57.539150,53.080852,True,1,1.000000,0.367926,0.262091,0,24,ядро типа,-0.197218,323.000000,0.049175,0.164543,0.026162,0.444340,0.050900,82.101149,False,0
432,2024-12,1,Цифровая повседневность,0.562475,False,Камбарский,муниципальный округ Камбарский район,муниципальный округ,г Камбарка,Удмуртская Республика,56.265251,54.194561,True,1,1.000000,0.494585,0.391653,0,24,ядро типа,-0.137070,325.600000,0.044505,0.186031,0.027035,0.465660,0.033882,87.190928,False,0
433,2024-12,1,Цифровая повседневность,0.532340,False,Каракулинский,муниципальный округ Каракулинский район,муниципальный округ,с Каракулино,Удмуртская Республика,56.010523,53.705165,True,1,1.000000,0.471106,0.292561,0,24,ядро типа,-0.403313,317.600000,0.042145,0.186680,0.012528,0.529962,0.043434,66.810272,False,0
434,2024-12,1,Цифровая повседневность,0.298116,False,Кезский,муниципальный округ Кезский район,муниципальный округ,п Кез,Удмуртская Республика,57.896557,53.714013,True,1,1.000000,0.365282,0.277592,0,24,ядро типа,-0.301538,314.300000,0.047718,0.144486,0.017723,0.491659,0.048800,73.967966,False,0
435,2024-12,1,Цифровая повседневность,0.475595,False,Кизнерский,муниципальный округ Кизнерский район,муниципальный округ,п Кизнер,Удмуртская Республика,56.285026,51.519263,True,1,1.000000,0.435410,0.341514,0,24,ядро типа,-0.187594,334.600000,0.043730,0.166493,0.018747,0.442126,0.046032,82.895081,False,0
436,2024-12,1,Цифровая повседневность,0.492177,False,Киясовский,муниципальный округ Киясовский район,муниципальный округ,с Киясово,Удмуртская Республика,56.343880,53.124753,True,1,1.000000,0.406245,0.224832,0,24,ядро типа,-0.371759,327.300000,0.053019,0.201589,0.033963,0.462980,0.049404,68.952041,False,0
437,2024-12,1,Цифровая повседневность,0.414141,False,Красногорский,муниципальный округ Красногорский район,муниципальный округ,с Красногорское,Удмуртская Республика,57.703725,52.501841,True,1,1.000000,0.399852,0.290003,0,24,ядро типа,-0.343076,320.200000,0.054035,0.180190,0.018041,0.533978,0.044451,70.958411,False,0
438,2024-12,1,Цифровая повседневность,0.459516,False,Малопургинский,муниципальный округ Малопургинский район,муниципальный округ,с Малая Пурга,Удмуртская Республика,56.549546,53.005508,True,1,1.000000,0.384643,0.158081,0,24,ядро типа,-0.273601,335.100000,0.051096,0.175864,0.022008,0.448418,0.051339,76.063576,False,0
440,2024-12,1,Цифровая повседневность,0.252519,False,Сарапульский,муниципальный округ Сарапульский район,муниципальный округ,с Сигаево,Удмуртская Республика,56.421606,53.775370,True,1,0.916667,0.185960,0.005815,4,7,ядро типа,-0.102692,328.200000,0.040921,0.175550,0.035737,0.422916,0.051901,90.240487,False,0
441,2024-12,1,Цифровая повседневность,0.485853,False,Селтинский,муниципальный округ Селтинский район,муниципальный округ,с Селты,Удмуртская Республика,57.309496,52.138147,True,1,1.000000,0.452958,0.319322,0,24,ядро типа,-0.236004,325.400000,0.045198,0.174752,0.016949,0.470173,0.053341,78.977736,False,0
442,2024-12,1,Цифровая повседневность,0.321021,False,Сюмсинский,муниципальный округ Сюмсинский район,муниципальный округ,с Сюмси,Удмуртская Республика,57.108138,51.614732,True,1,1.000000,0.306738,0.220637,0,24,ядро типа,-0.258344,328.200000,0.047972,0.147103,0.012790,0.510957,0.050562,77.232933,False,0
443,2024-12,1,Цифровая повседневность,0.335432,False,Увинский,муниципальный округ Увинский район,муниципальный округ,п Ува,Удмуртская Республика,56.982662,52.188439,True,1,1.000000,0.408394,0.311158,0,24,ядро типа,-0.032956,327.300000,0.045797,0.174729,0.029546,0.425055,0.054225,96.758112,False,0
444,2024-12,1,Цифровая повседневность,0.510636,False,Шарканский,муниципальный округ Шарканский район,муниципальный округ,с Шаркан,Удмуртская Республика,57.295315,53.869011,True,1,1.000000,0.456935,0.302943,0,24,ядро типа,-0.301372,320.200000,0.042428,0.179735,0.022670,0.482343,0.050996,73.980275,False,0
445,2024-12,1,Цифровая повседневность,0.323487,False,Юкаменский,муниципальный округ Юкаменский район,муниципальный округ,с Юкаменское,Удмуртская Республика,57.886576,52.247310,True,1,1.000000,0.325105,0.200428,0,24,ядро типа,-0.371625,314.000000,0.054038,0.151361,0.010531,0.529763,0.031905,68.961273,False,0
446,2024-12,1,Цифровая повседневность,0.585186,False,Якшур-Бодьинский,муниципальный округ Якшур-Бодьинский район,муниципальный округ,с Якшур-Бодья,Удмуртская Республика,57.184248,53.154485,True,1,1.000000,0.490704,0.226882,0,24,ядро типа,-0.203459,325.100000,0.049559,0.197895,0.015426,0.420155,0.051067,81.590325,False,0
447,2024-12,1,Цифровая повседневность,0.408310,False,Ярский,муниципальный округ Ярский район,муниципальный округ,п Яр,Удмуртская Республика,58.244242,52.107933,True,1,1.000000,0.382611,0.268458,0,24,ядро типа,-0.448008,311.700000,0.052692,0.178307,0.023793,0.521867,0.042241,63.889957,False,0
448,2024-12,2,Автономные локальные центры,0.517722,False,Абакан,городской округ город Абакан,городской округ,г Абакан,Республика Хакасия,53.720680,91.440602,True,2,1.000000,0.503759,0.437654,0,24,ядро типа,0.208747,203.100000,0.038936,0.163536,0.046628,0.382268,0.069306,123.213269,False,0
449,2024-12,2,Автономные локальные центры,0.140068,True,Абаза,городской округ город Абаза,городской округ,г Абаза,Республика Хакасия,52.651055,90.101159,True,2,0.791667,0.104487,0.005331,5,1,устойчивый,0.008320,192.700000,0.035126,0.202728,0.015015,0.468567,0.047485,100.835475,False,1
450,2024-12,2,Автономные локальные центры,0.627816,False,Саяногорск,городской округ город Саяногорск,городской округ,г Саяногорск,Республика Хакасия,53.089902,91.412838,True,2,1.000000,0.553728,0.375921,0,24,ядро типа,0.136734,197.900000,0.037844,0.185517,0.025471,0.408825,0.047238,114.652347,False,0
451,2024-12,1,Цифровая повседневность,0.164058,False,Сорск,городской округ город Сорск,городской округ,г Сорск,Республика Хакасия,54.001609,90.252586,True,1,0.958333,0.153311,0.028797,2,7,ядро типа,0.104329,198.100000,0.032077,0.244220,0.016191,0.425866,0.031467,110.996569,False,0
452,2024-12,2,Автономные локальные центры,0.598181,False,Черногорск,городской округ город Черногорск,городской округ,г Черногорск,Республика Хакасия,53.828236,91.313210,True,2,1.000000,0.571383,0.364820,0,24,ядро типа,0.140164,205.400000,0.038999,0.172417,0.027871,0.416225,0.060611,115.046236,False,0
453,2024-12,2,Автономные локальные центры,0.380149,False,Алтайский,Алтайский муниципальный район,муниципальный район,с Белый Яр,Республика Хакасия,53.596436,91.382362,True,2,1.000000,0.371633,0.193789,0,24,ядро типа,-0.051121,203.500000,0.029893,0.184118,0.021505,0.420961,0.064223,95.016386,False,0
455,2024-12,2,Автономные локальные центры,0.419038,False,Бейский,Бейский муниципальный район,муниципальный район,с Бея,Республика Хакасия,53.046246,90.921989,True,2,1.000000,0.363945,0.268821,0,24,ядро типа,0.138102,197.400000,0.032834,0.185746,0.018092,0.425206,0.068563,114.809287,False,0
456,2024-12,1,Цифровая повседневность,0.228423,False,Боградский,Боградский муниципальный район,муниципальный район,с Боград,Республика Хакасия,54.218060,90.856026,True,1,0.916667,0.160687,0.006617,4,19,ядро типа,-0.254288,205.000000,0.027103,0.223452,0.007619,0.519603,0.040913,77.546813,False,0
457,2024-12,1,Цифровая повседневность,0.262313,False,Орджоникидзевский,Орджоникидзевский муниципальный район,муниципальный район,п Копьёво,Республика Хакасия,55.035610,89.847221,True,1,1.000000,0.179953,0.014547,0,24,ядро типа,-0.174905,209.900000,0.035701,0.200792,0.007148,0.508321,0.048603,83.953657,False,0
458,2024-12,2,Автономные локальные центры,0.259054,False,Таштыпский,Таштыпский муниципальный район,муниципальный район,с Таштып,Республика Хакасия,52.788065,89.595458,True,2,1.000000,0.232306,0.128941,0,24,ядро типа,-0.010378,194.100000,0.028264,0.211125,0.030845,0.419514,0.071982,98.967581,False,0
459,2024-12,2,Автономные локальные центры,0.516958,False,Усть-Абаканский,Усть-Абаканский муниципальный район,муниципальный район,рп Усть-Абакан,Республика Хакасия,53.832661,91.393804,True,2,1.000000,0.488053,0.384992,0,24,ядро типа,0.097765,206.400000,0.031144,0.170760,0.026316,0.428308,0.065831,110.270337,False,0
460,2024-12,1,Цифровая повседневность,0.037992,False,Ширинский,Ширинский муниципальный район,муниципальный район,с Шира,Республика Хакасия,54.487640,89.962891,True,2,0.916667,0.101472,0.019828,1,2,устойчивый,-0.071636,207.100000,0.036397,0.207306,0.009884,0.422215,0.060694,93.086948,False,0
478,2024-12,3,Крупные центры,0.450334,False,Чебоксары,городской округ город Чебоксары,городской округ,г Чебоксары,Чувашская Республика,56.130719,47.244960,True,3,1.000000,0.504995,0.272272,0,24,ядро типа,0.165831,356.300000,0.053105,0.160410,0.057224,0.355571,0.067000,118.037327,False,0
479,2024-12,1,Цифровая повседневность,0.502399,False,Алатырь,городской округ город Алатырь,городской округ,г Алатырь,Чувашская Республика,54.845830,46.562748,True,1,1.000000,0.459871,0.399375,0,24,ядро типа,-0.217742,365.100000,0.057235,0.197337,0.014041,0.451373,0.049468,80.433277,False,0
480,2024-12,1,Цифровая повседневность,0.330860,False,Канаш,городской округ город Канаш,городской округ,г Канаш,Чувашская Республика,55.514816,47.498631,True,1,1.000000,0.340234,0.278598,0,24,ядро типа,-0.157392,383.000000,0.047760,0.178901,0.035658,0.410856,0.062167,85.436893,False,0
481,2024-12,3,Крупные центры,0.276852,False,Новочебоксарск,городской округ город Новочебоксарск,городской округ,г Новочебоксарск,Чувашская Республика,56.114002,47.487034,True,3,0.875000,0.284818,0.005403,1,21,устойчивый,0.114425,361.700000,0.050390,0.158662,0.052997,0.382424,0.057443,112.122844,False,1
482,2024-12,1,Цифровая повседневность,0.551019,False,Шумерля,городской округ город Шумерля,городской округ,г Шумерля,Чувашская Республика,55.498516,46.418672,True,1,1.000000,0.544221,0.452304,0,24,ядро типа,-0.215526,368.600000,0.049855,0.178424,0.021645,0.454382,0.039624,80.611758,False,0
484,2024-12,1,Цифровая повседневность,0.402808,False,Аликовский,Аликовский муниципальный округ,муниципальный округ,с Аликово,Чувашская Республика,55.739376,46.746533,True,1,1.000000,0.337194,0.154730,0,24,ядро типа,-0.557917,361.500000,0.049675,0.165045,0.016720,0.444654,0.053976,57.240010,False,0
485,2024-12,1,Цифровая повседневность,0.272407,False,Батыревский,Батыревский муниципальный округ,муниципальный округ,с Батырево,Чувашская Республика,55.068156,47.604201,True,1,1.000000,0.226619,0.124554,0,24,ядро типа,-0.462221,358.000000,0.050515,0.167131,0.020763,0.385901,0.065905,62.988322,False,0
486,2024-12,1,Цифровая повседневность,0.587314,False,Вурнарский,Вурнарский муниципальный округ,муниципальный округ,пгт Вурнары,Чувашская Республика,55.491709,46.952900,True,1,1.000000,0.531021,0.400597,0,24,ядро типа,-0.274532,359.400000,0.045394,0.197246,0.026281,0.411419,0.047135,75.992799,False,0
487,2024-12,1,Цифровая повседневность,0.502573,False,Ибресинский,Ибресинский муниципальный округ,муниципальный округ,пгт Ибреси,Чувашская Республика,55.304300,47.038911,True,1,1.000000,0.492820,0.373746,0,24,ядро типа,-0.467216,358.700000,0.050916,0.215201,0.021358,0.426769,0.056169,62.674442,False,0
489,2024-12,1,Цифровая повседневность,0.651570,False,Козловский,Козловский муниципальный округ,муниципальный округ,г Козловка,Чувашская Республика,55.841476,48.248423,True,1,1.000000,0.581804,0.465468,0,24,ядро типа,-0.342079,356.800000,0.039511,0.198943,0.011914,0.454510,0.036392,71.029188,False,0
490,2024-12,1,Цифровая повседневность,0.344472,False,Комсомольский,Комсомольский муниципальный округ,муниципальный округ,с Комсомольское,Чувашская Республика,55.262266,47.545600,True,1,1.000000,0.320625,0.137958,0,24,ядро типа,-0.509181,361.300000,0.049616,0.170712,0.018484,0.390323,0.057757,60.098780,False,0
491,2024-12,1,Цифровая повседневность,0.407523,False,Красноармейский,Красноармейский муниципальный округ,муниципальный округ,с Красноармейское,Чувашская Республика,55.767925,47.168494,True,1,1.000000,0.317991,0.069337,0,24,ядро типа,-0.504583,361.000000,0.049286,0.185933,0.013303,0.366820,0.054536,60.375733,False,0
492,2024-12,1,Цифровая повседневность,0.416193,False,Красночетайский,Красночетайский муниципальный округ,муниципальный округ,с Красные Четаи,Чувашская Республика,55.698822,46.159371,True,1,1.000000,0.313184,0.077102,0,24,ядро типа,-0.508566,358.200000,0.051786,0.195681,0.033825,0.392232,0.054293,60.135707,False,0
493,2024-12,1,Цифровая повседневность,0.423819,False,Мариинско-Посадский,Мариинско-Посадский муниципальный округ,муниципальный округ,г Мариинский Посад,Чувашская Республика,56.117808,47.722065,True,1,1.000000,0.432434,0.372449,0,24,ядро типа,-0.509949,354.700000,0.046938,0.166436,0.015731,0.534256,0.035460,60.052621,False,0
494,2024-12,1,Цифровая повседневность,0.499115,False,Моргаушский,Моргаушский муниципальный округ,муниципальный округ,с Моргауши,Чувашская Республика,55.964212,46.768777,True,1,1.000000,0.340571,0.183306,0,24,ядро типа,-0.438373,358.900000,0.035109,0.200353,0.029003,0.401946,0.042122,64.508486,False,0
495,2024-12,1,Цифровая повседневность,0.644432,False,Порецкий,Порецкий муниципальный округ,муниципальный округ,с Порецкое,Чувашская Республика,55.198945,46.326184,True,1,1.000000,0.590399,0.507444,0,24,ядро типа,-0.341863,360.600000,0.047516,0.209728,0.011652,0.497553,0.040369,71.044574,False,0
496,2024-12,1,Цифровая повседневность,0.504325,False,Урмарский,Урмарский муниципальный округ,муниципальный округ,пгт Урмары,Чувашская Республика,55.680293,47.944691,True,1,1.000000,0.453107,0.327057,0,24,ядро типа,-0.509027,358.000000,0.049506,0.179696,0.013823,0.440485,0.039625,60.108012,False,0
497,2024-12,1,Цифровая повседневность,0.556803,False,Цивильский,Цивильский муниципальный округ,муниципальный округ,г Цивильск,Чувашская Республика,55.866107,47.473703,True,1,1.000000,0.523051,0.428461,0,24,ядро типа,-0.278142,362.700000,0.044623,0.180037,0.028489,0.469195,0.042591,75.718924,False,0
498,2024-12,1,Цифровая повседневность,0.136279,False,Чебоксарский,Чебоксарский муниципальный округ,муниципальный округ,пгт Кугеси,Чувашская Республика,56.031550,47.298796,True,1,1.000000,0.168403,0.060657,0,24,ядро типа,-0.093324,366.700000,0.046147,0.170839,0.041181,0.400865,0.062397,91.089810,False,0
499,2024-12,1,Цифровая повседневность,0.445468,False,Шемуршинский,Шемуршинский муниципальный округ,муниципальный округ,с Шемурша,Чувашская Республика,54.885476,47.516510,True,1,1.000000,0.335597,0.123900,0,24,ядро типа,-0.542129,356.800000,0.040906,0.183521,0.014923,0.418479,0.053553,58.150878,False,0
501,2024-12,1,Цифровая повседневность,0.466871,False,Ядринский,Ядринский муниципальный округ,муниципальный округ,г Ядрин,Чувашская Республика,55.940798,46.200659,True,1,1.000000,0.405578,0.309345,0,24,ядро типа,-0.349646,361.500000,0.047756,0.165313,0.025319,0.454776,0.038327,70.493745,False,0
502,2024-12,1,Цифровая повседневность,0.203424,False,Яльчикский,Яльчикский муниципальный округ,муниципальный округ,с Яльчики,Чувашская Республика,55.162866,48.003334,True,1,1.000000,0.221385,0.090444,0,24,ядро типа,-0.655951,355.100000,0.066414,0.124111,0.009369,0.488437,0.057460,51.894819,False,0
503,2024-12,1,Цифровая повседневность,0.416094,False,Янтиковский,Янтиковский муниципальный округ,муниципальный округ,с Янтиково,Чувашская Республика,55.516373,47.780588,True,1,1.000000,0.334821,0.148535,0,24,ядро типа,-0.612325,357.700000,0.040077,0.163431,0.013965,0.440225,0.038034,54.208915,False,0
504,2024-12,2,Автономные локальные центры,0.201508,False,Барнаул,городской округ город Барнаул,городской округ,г Барнаул,Алтайский край,53.347549,83.778845,True,2,0.875000,0.097647,0.007675,6,8,пограничный,0.294062,224.800000,0.049534,0.150621,0.050865,0.365133,0.062446,134.186759,False,0
505,2024-12,2,Автономные локальные центры,0.414874,False,Алейск,городской округ город Алейск,городской округ,г Алейск,Алтайский край,52.497035,82.773231,True,2,0.666667,0.152067,0.005315,8,10,пограничный,0.069117,230.000000,0.037562,0.164522,0.025760,0.432658,0.053874,107.156155,False,0
506,2024-12,2,Автономные локальные центры,0.156179,False,Белокуриха,городской округ город Белокуриха,городской округ,г Белокуриха,Алтайский край,51.999486,84.986086,True,2,0.958333,0.115031,0.011994,2,20,устойчивый,0.180504,216.100000,0.052434,0.183404,0.030803,0.391779,0.060373,119.782130,False,0
507,2024-12,2,Автономные локальные центры,0.302222,False,Бийск,городской округ город Бийск,городской округ,г Бийск,Алтайский край,52.539490,85.214867,True,2,1.000000,0.269031,0.182710,0,24,ядро типа,0.243862,230.700000,0.045984,0.168383,0.041330,0.386704,0.070145,127.616820,False,0
508,2024-12,2,Автономные локальные центры,0.199047,False,Заринск,городской округ город Заринск,городской округ,г Заринск,Алтайский край,53.707915,84.934861,True,2,0.750000,0.152505,0.011611,3,10,устойчивый,0.028949,231.200000,0.047263,0.156498,0.042390,0.436011,0.041822,102.937239,False,1
509,2024-12,2,Автономные локальные центры,0.336570,False,Новоалтайск,городской округ город Новоалтайск,городской округ,г Новоалтайск,Алтайский край,53.393341,83.939407,True,2,1.000000,0.292673,0.126027,0,24,ядро типа,0.162802,263.000000,0.045918,0.155065,0.037995,0.409576,0.052926,117.680366,False,0
510,2024-12,2,Автономные локальные центры,0.422287,False,Рубцовск,городской округ город Рубцовск,городской округ,г Рубцовск,Алтайский край,51.527626,81.217617,True,2,1.000000,0.335068,0.157768,0,24,ядро типа,0.118151,226.400000,0.041535,0.167341,0.036421,0.402931,0.060511,112.541351,False,0
511,2024-12,2,Автономные локальные центры,0.153253,False,Славгород,муниципальный округ город Славгород,муниципальный округ,г Славгород,Алтайский край,52.996892,78.648504,True,2,0.666667,0.143567,0.023791,3,11,пограничный,0.041604,228.300000,0.036839,0.192431,0.024058,0.423296,0.054993,104.248150,False,1
512,2024-12,1,Цифровая повседневность,0.011760,False,Яровое,городской округ город Яровое,городской округ,г Яровое,Алтайский край,52.919704,78.563568,True,1,1.000000,0.256154,0.011760,0,24,ядро типа,0.041752,227.900000,0.045511,0.172658,0.020099,0.429166,0.046308,104.263536,False,0
515,2024-12,2,Автономные локальные центры,0.286503,False,Алтайский,Алтайский муниципальный район,муниципальный район,с Алтайское,Алтайский край,51.945145,85.336746,True,2,1.000000,0.240920,0.134542,0,24,ядро типа,-0.047242,214.400000,0.039165,0.181501,0.025131,0.419008,0.063974,95.385657,False,0
516,2024-12,1,Цифровая повседневность,0.440298,False,Баевский,Баевский муниципальный район,муниципальный район,с Баево,Алтайский край,53.268557,80.779230,True,1,1.000000,0.466082,0.425364,0,24,ядро типа,-0.259660,226.900000,0.043367,0.203990,0.004907,0.528187,0.049631,77.131383,False,0
517,2024-12,2,Автономные локальные центры,0.102402,False,Бийский,Бийский муниципальный район,муниципальный район,г Бийск,Алтайский край,52.539490,85.214867,True,2,0.625000,0.114042,0.052506,7,5,пограничный,0.009022,287.400000,0.043366,0.170535,0.027416,0.434875,0.068494,100.906251,False,1
518,2024-12,1,Цифровая повседневность,0.418091,False,Благовещенский,Благовещенский муниципальный район,муниципальный район,рп Благовещенка,Алтайский край,52.830602,79.870568,True,1,1.000000,0.361486,0.188987,0,24,ядро типа,-0.116322,224.300000,0.040964,0.196384,0.020568,0.469649,0.046806,89.018817,False,0
519,2024-12,1,Цифровая повседневность,0.451202,False,Бурлинский,Бурлинский муниципальный район,муниципальный район,с Бурла,Алтайский край,53.336429,78.330684,True,1,1.000000,0.309592,0.116560,0,24,ядро типа,-0.246777,229.500000,0.039819,0.194132,0.008389,0.496101,0.044191,78.131491,False,0
520,2024-12,1,Цифровая повседневность,0.417044,False,Быстроистокский,Быстроистокский муниципальный район,муниципальный район,с Быстрый Исток,Алтайский край,52.374219,84.393166,True,1,1.000000,0.359587,0.223000,0,24,ядро типа,-0.364599,214.200000,0.055521,0.237106,0.010723,0.445941,0.047191,69.447479,False,0
521,2024-12,1,Цифровая повседневность,0.496020,False,Волчихинский,Волчихинский муниципальный район,муниципальный район,с Волчиха,Алтайский край,52.017336,80.365085,True,1,1.000000,0.443834,0.385209,0,24,ядро типа,-0.270894,220.100000,0.043696,0.202905,0.012709,0.467218,0.045996,76.269752,False,0
522,2024-12,1,Цифровая повседневность,0.388511,False,Егорьевский,Егорьевский муниципальный район,муниципальный район,с Новоегорьевское,Алтайский край,51.758930,80.892517,True,1,1.000000,0.364057,0.135492,0,24,ядро типа,-0.356567,219.100000,0.036264,0.236440,0.021231,0.388220,0.035868,70.007539,False,0
523,2024-12,1,Цифровая повседневность,0.491421,False,Ельцовский,Ельцовский муниципальный район,муниципальный район,с Ельцовка,Алтайский край,53.281942,86.204492,True,1,1.000000,0.349197,0.170025,0,24,ядро типа,-0.245517,220.100000,0.043466,0.226575,0.028637,0.479467,0.045315,78.229963,False,0
524,2024-12,1,Цифровая повседневность,0.394895,False,Завьяловский,Завьяловский муниципальный район,муниципальный район,с Завьялово,Алтайский край,52.838667,80.919780,True,1,1.000000,0.285662,0.079463,0,24,ядро типа,-0.227894,224.100000,0.045644,0.184664,0.008851,0.447051,0.050243,79.620882,False,0
525,2024-12,1,Цифровая повседневность,0.451712,False,Залесовский,Залесовский муниципальный округ,муниципальный округ,с Залесово,Алтайский край,53.993351,84.746614,True,1,1.000000,0.334749,0.185430,0,24,ядро типа,-0.331650,229.300000,0.041888,0.189461,0.007889,0.495241,0.039144,71.773883,False,0
527,2024-12,1,Цифровая повседневность,0.236110,False,Змеиногорский,Змеиногорский муниципальный район,муниципальный район,г Змеиногорск,Алтайский край,51.154466,82.197993,True,1,1.000000,0.228777,0.084326,0,24,ядро типа,-0.152792,213.900000,0.042593,0.174459,0.024451,0.492686,0.039940,85.830782,False,0
528,2024-12,1,Цифровая повседневность,0.452605,False,Калманский,Калманский муниципальный район,муниципальный район,с Калманка,Алтайский край,52.898239,83.543813,True,1,1.000000,0.329696,0.088477,0,24,ядро типа,-0.283889,226.200000,0.036215,0.222195,0.018312,0.481136,0.033027,75.285031,False,0
529,2024-12,1,Цифровая повседневность,0.124049,False,Каменский,Каменский муниципальный район,муниципальный район,г Камень-на-Оби,Алтайский край,53.790231,81.315975,True,1,0.958333,0.180713,0.014556,2,14,ядро типа,-0.118710,229.800000,0.045012,0.169410,0.020132,0.480821,0.062372,88.806487,False,0
530,2024-12,1,Цифровая повседневность,0.232463,False,Ключевский,Ключевский муниципальный район,муниципальный район,с Ключи,Алтайский край,52.253060,79.167816,True,1,1.000000,0.293617,0.041651,0,24,ядро типа,-0.181156,223.100000,0.047138,0.177043,0.024307,0.460719,0.052338,83.430523,False,0
531,2024-12,1,Цифровая повседневность,0.455799,False,Косихинский,Косихинский муниципальный район,муниципальный район,с Косиха,Алтайский край,53.361952,84.579507,True,1,1.000000,0.350021,0.188849,0,24,ядро типа,-0.339786,226.900000,0.042144,0.193819,0.016901,0.460601,0.035055,71.192282,False,0
532,2024-12,1,Цифровая повседневность,0.325445,False,Красногорский,Красногорский муниципальный район,муниципальный район,с Красногорское,Алтайский край,52.296341,86.195274,True,1,1.000000,0.180245,0.073527,0,24,ядро типа,-0.237993,214.400000,0.038963,0.186812,0.012220,0.525728,0.041306,78.820796,False,0
533,2024-12,1,Цифровая повседневность,0.323373,False,Краснощёковский,Краснощёковский муниципальный район,муниципальный район,с Краснощёково,Алтайский край,51.669357,82.730652,True,1,1.000000,0.331664,0.193920,0,24,ядро типа,-0.257030,214.400000,0.048944,0.184354,0.015320,0.514743,0.052565,77.334482,False,0
534,2024-12,1,Цифровая повседневность,0.392298,False,Крутихинский,Крутихинский муниципальный район,муниципальный район,с Крутиха,Алтайский край,53.961957,81.214379,True,1,1.000000,0.336380,0.002523,0,24,ядро типа,-0.306376,231.900000,0.041261,0.188412,0.010326,0.470382,0.053593,73.611004,False,0
535,2024-12,2,Автономные локальные центры,0.040481,False,Кулундинский,Кулундинский муниципальный район,муниципальный район,с Кулунда,Алтайский край,52.566559,78.935448,True,2,0.583333,0.087630,0.000886,7,7,пограничный,-0.107135,225.300000,0.037883,0.171639,0.014557,0.467238,0.063127,89.840444,False,1
536,2024-12,1,Цифровая повседневность,0.389204,False,Курьинский,Курьинский муниципальный район,муниципальный район,с Курья,Алтайский край,51.600290,82.288781,True,1,1.000000,0.333431,0.230612,0,24,ядро типа,-0.268878,215.600000,0.046306,0.193115,0.008697,0.524300,0.036924,76.423615,False,0
537,2024-12,1,Цифровая повседневность,0.417465,False,Кытмановский,Кытмановский муниципальный район,муниципальный район,с Кытманово,Алтайский край,53.463697,85.450275,True,1,1.000000,0.250584,0.069295,0,24,ядро типа,-0.343814,223.800000,0.038538,0.189089,0.011023,0.472659,0.044701,70.906098,False,0
538,2024-12,1,Цифровая повседневность,0.351282,False,Локтевский,Локтевский муниципальный район,муниципальный район,г Горняк,Алтайский край,51.000464,81.463858,True,1,1.000000,0.390781,0.305853,0,24,ядро типа,-0.292592,213.000000,0.042057,0.185750,0.015627,0.509999,0.036779,74.632653,False,0
539,2024-12,1,Цифровая повседневность,0.418745,False,Мамонтовский,Мамонтовский муниципальный район,муниципальный район,с Мамонтово,Алтайский край,52.706700,81.631291,True,1,1.000000,0.274568,0.160589,0,24,ядро типа,-0.301372,223.600000,0.049540,0.187971,0.009442,0.478266,0.044715,73.980275,False,0
540,2024-12,1,Цифровая повседневность,0.420854,False,Михайловский,Михайловский муниципальный район,муниципальный район,с Михайловское,Алтайский край,51.821249,79.719318,True,1,1.000000,0.374619,0.218304,0,24,ядро типа,-0.200635,220.100000,0.045432,0.195946,0.017940,0.460679,0.050134,81.821119,False,0
541,2024-12,1,Цифровая повседневность,0.374551,False,Новичихинский,Новичихинский муниципальный район,муниципальный район,с Новичиха,Алтайский край,52.210328,81.394041,True,1,1.000000,0.402933,0.220844,0,24,ядро типа,-0.239165,219.100000,0.047803,0.184998,0.009928,0.517003,0.042136,78.728478,False,0
542,2024-12,1,Цифровая повседневность,0.417173,False,Зональный,Зональный муниципальный район,муниципальный район,с Зональное,Алтайский край,52.663998,84.934736,True,1,1.000000,0.279868,0.144359,0,24,ядро типа,-0.392365,222.900000,0.040456,0.219681,0.014305,0.495353,0.024920,67.545736,False,0
543,2024-12,1,Цифровая повседневность,0.306300,False,Павловский,Павловский муниципальный район,муниципальный район,с Павловск,Алтайский край,53.313336,82.989912,True,1,1.000000,0.278497,0.159537,0,24,ядро типа,-0.174539,228.600000,0.043676,0.176718,0.022314,0.468086,0.046461,83.984429,False,0
544,2024-12,1,Цифровая повседневность,0.456009,False,Панкрушихинский,Панкрушихинский муниципальный район,муниципальный район,с Панкрушиха,Алтайский край,53.832860,80.344300,True,1,1.000000,0.411829,0.229345,0,24,ядро типа,-0.271297,230.200000,0.037982,0.206862,0.007588,0.509990,0.046741,76.238980,False,0
545,2024-12,1,Цифровая повседневность,0.391956,False,Первомайский,Первомайский муниципальный район,муниципальный район,г Новоалтайск,Алтайский край,53.393341,83.939407,True,1,1.000000,0.441203,0.229184,0,24,ядро типа,-0.116426,273.700000,0.036785,0.191219,0.021988,0.414728,0.048263,89.009586,False,0
546,2024-12,1,Цифровая повседневность,0.412562,False,Петропавловский,Петропавловский муниципальный район,муниципальный район,с Петропавловское,Алтайский край,52.069763,84.108116,True,1,1.000000,0.318075,0.190963,0,24,ядро типа,-0.245793,214.600000,0.048200,0.215030,0.009758,0.397010,0.048947,78.208422,False,0
547,2024-12,1,Цифровая повседневность,0.273701,False,Поспелихинский,Поспелихинский муниципальный район,муниципальный район,с Поспелиха,Алтайский край,51.970786,81.733924,True,1,1.000000,0.371859,0.273701,0,24,ядро типа,-0.210537,218.400000,0.045846,0.180575,0.018726,0.475481,0.053823,81.014879,False,0
548,2024-12,1,Цифровая повседневность,0.387470,False,Ребрихинский,Ребрихинский муниципальный район,муниципальный район,с Ребриха,Алтайский край,53.075280,82.338217,True,1,1.000000,0.331487,0.219038,0,24,ядро типа,-0.411546,224.600000,0.045837,0.180235,0.009195,0.503135,0.039381,66.262521,False,0
549,2024-12,1,Цифровая повседневность,0.292282,False,Родинский,Родинский муниципальный район,муниципальный район,с Родино,Алтайский край,52.496135,80.210430,True,1,1.000000,0.316583,0.209964,0,24,ядро типа,-0.302995,224.300000,0.047038,0.163153,0.005291,0.531122,0.044330,73.860262,False,0
550,2024-12,1,Цифровая повседневность,0.384215,False,Романовский,Романовский муниципальный район,муниципальный район,с Романово,Алтайский край,52.618723,81.226359,True,1,1.000000,0.269173,0.164341,0,24,ядро типа,-0.288724,223.600000,0.050602,0.198505,0.010597,0.456319,0.057913,74.921915,False,0
552,2024-12,1,Цифровая повседневность,0.168993,False,Смоленский,Смоленский муниципальный район,муниципальный район,с Смоленское,Алтайский край,52.305302,85.079384,True,1,1.000000,0.249081,0.141228,0,24,ядро типа,-0.154623,219.600000,0.048166,0.167954,0.020294,0.447074,0.045544,85.673842,False,0
553,2024-12,1,Цифровая повседневность,0.487913,False,Суетский,муниципальный округ Суетский район,муниципальный округ,с Верх-Суетка,Алтайский край,53.302718,80.045087,True,1,1.000000,0.439335,0.214673,0,24,ядро типа,-0.226156,227.200000,0.043289,0.238319,0.006289,0.523593,0.038312,79.759359,False,0
554,2024-12,2,Автономные локальные центры,0.311197,False,Советский,Советский муниципальный район,муниципальный район,с Советское,Алтайский край,52.282604,85.409721,True,2,0.625000,0.189146,0.029546,1,15,пограничный,-0.043796,217.700000,0.038677,0.166988,0.020126,0.438979,0.062275,95.714923,False,1
555,2024-12,1,Цифровая повседневность,0.369239,False,Солонешенский,Солонешенский муниципальный район,муниципальный район,с Солонешное,Алтайский край,51.655628,84.318352,True,1,1.000000,0.340684,0.170627,0,24,ядро типа,-0.206708,211.100000,0.045936,0.202021,0.010481,0.435939,0.054298,81.325681,False,0
556,2024-12,1,Цифровая повседневность,0.456507,False,Солтонский,Солтонский муниципальный район,муниципальный район,с Солтон,Алтайский край,52.836552,86.475639,True,1,1.000000,0.271285,0.000574,0,24,ядро типа,-0.393049,212.800000,0.040483,0.213677,0.004285,0.496695,0.044313,67.499577,False,0
557,2024-12,1,Цифровая повседневность,0.331890,False,Шелаболихинский,Шелаболихинский муниципальный район,муниципальный район,с Шелаболиха,Алтайский край,53.417482,82.597199,True,1,1.000000,0.243223,0.142278,0,24,ядро типа,-0.312330,226.900000,0.037134,0.189579,0.005089,0.533916,0.050507,73.174034,False,0
558,2024-12,1,Цифровая повседневность,0.441564,False,Табунский,Табунский муниципальный район,муниципальный район,с Табуны,Алтайский край,52.774718,78.790410,True,1,0.875000,0.308460,0.021525,2,14,устойчивый,-0.132106,226.900000,0.038033,0.203793,0.006497,0.483547,0.045689,87.624821,False,2
559,2024-12,1,Цифровая повседневность,0.450990,False,Тальменский,Тальменский муниципальный район,муниципальный район,рп Тальменка,Алтайский край,53.817631,83.562011,True,1,1.000000,0.405373,0.270753,0,24,ядро типа,-0.126852,234.500000,0.043598,0.188716,0.019179,0.457048,0.045345,88.086409,False,0
560,2024-12,1,Цифровая повседневность,0.527040,False,Тогульский,Тогульский муниципальный район,муниципальный район,с Тогул,Алтайский край,53.465818,85.913627,True,1,1.000000,0.398164,0.175666,0,24,ядро типа,-0.283889,221.300000,0.046842,0.237400,0.011772,0.457143,0.046393,75.285031,False,0
561,2024-12,1,Цифровая повседневность,0.262614,False,Топчихинский,Топчихинский муниципальный район,муниципальный район,с Топчиха,Алтайский край,52.817567,83.115343,True,1,1.000000,0.242658,0.024870,0,24,ядро типа,-0.206708,222.700000,0.045444,0.177880,0.030006,0.460307,0.041925,81.325681,False,0
562,2024-12,1,Цифровая повседневность,0.481318,False,Третьяковский,Третьяковский муниципальный район,муниципальный район,с Староалейское,Алтайский край,51.006229,81.999641,True,1,1.000000,0.476631,0.410489,0,24,ядро типа,-0.253416,212.500000,0.045238,0.214138,0.009833,0.480850,0.045437,77.614512,False,0
563,2024-12,1,Цифровая повседневность,0.433981,False,Троицкий,Троицкий муниципальный район,муниципальный район,с Троицкое,Алтайский край,52.981388,84.677628,True,1,1.000000,0.437922,0.383044,0,24,ядро типа,-0.318996,225.700000,0.045045,0.190424,0.007959,0.505271,0.035223,72.687828,False,0
564,2024-12,1,Цифровая повседневность,0.460413,False,Тюменцевский,Тюменцевский муниципальный район,муниципальный район,с Тюменцево,Алтайский край,53.318951,81.497959,True,1,1.000000,0.349495,0.093447,0,24,ядро типа,-0.249419,226.400000,0.041859,0.197449,0.009675,0.472851,0.050113,77.925315,False,0
565,2024-12,1,Цифровая повседневность,0.453044,False,Угловский,Угловский муниципальный район,муниципальный район,с Угловское,Алтайский край,51.360809,80.188386,True,1,1.000000,0.461723,0.383179,0,24,ядро типа,-0.405342,217.200000,0.045738,0.260396,0.014215,0.431624,0.042876,66.674873,False,0
566,2024-12,1,Цифровая повседневность,0.493285,False,Усть-Калманский,Усть-Калманский муниципальный район,муниципальный район,с Усть-Калманка,Алтайский край,52.117137,83.304779,True,1,1.000000,0.418101,0.323830,0,24,ядро типа,-0.302870,218.200000,0.047115,0.214372,0.005582,0.485899,0.040492,73.869494,False,0
567,2024-12,1,Цифровая повседневность,0.328139,False,Усть-Пристанский,Усть-Пристанский муниципальный район,муниципальный район,с Усть-Чарышская Пристань,Алтайский край,52.391294,83.668251,True,1,1.000000,0.291404,0.136992,0,24,ядро типа,-0.326688,218.700000,0.041041,0.181229,0.009087,0.550640,0.034983,72.130845,False,0
568,2024-12,1,Цифровая повседневность,0.450651,False,Хабарский,Хабарский муниципальный район,муниципальный район,с Хабары,Алтайский край,53.623680,79.540478,True,1,1.000000,0.325142,0.111596,0,24,ядро типа,-0.277695,230.200000,0.043507,0.196409,0.021327,0.496649,0.049600,75.752773,False,0
569,2024-12,1,Цифровая повседневность,0.399257,False,Целинный,Целинный муниципальный район,муниципальный район,с Целинное,Алтайский край,53.080692,85.664725,True,1,1.000000,0.362456,0.270212,0,24,ядро типа,-0.287492,221.700000,0.043730,0.183821,0.012020,0.485417,0.049637,75.014232,False,0
570,2024-12,1,Цифровая повседневность,0.470940,False,Чарышский,муниципальный округ Чарышский район,муниципальный округ,с Чарышское,Алтайский край,51.400848,83.556989,True,1,1.000000,0.429183,0.263224,0,24,ядро типа,-0.261217,210.900000,0.037881,0.233877,0.017422,0.477224,0.041677,77.011370,False,0
571,2024-12,1,Цифровая повседневность,0.241294,False,Шипуновский,Шипуновский муниципальный район,муниципальный район,с Шипуново,Алтайский край,52.218868,82.261627,True,1,1.000000,0.293209,0.194456,0,24,ядро типа,-0.170918,218.900000,0.041181,0.178270,0.016976,0.471104,0.048045,84.289077,False,0
572,2024-12,1,Цифровая повседневность,0.382704,False,Немецкий,Немецкий национальный муниципальный район,муниципальный район,с Гальбштадт,Алтайский край,53.226580,78.986588,True,1,1.000000,0.430121,0.273460,0,24,ядро типа,-0.154874,227.600000,0.030682,0.237443,0.009305,0.466300,0.040562,85.652301,False,0
574,2024-12,2,Автономные локальные центры,0.525506,False,Петровск-Забайкальский,городской округ город Петровск-Забайкальский,городской округ,г Петровск-Забайкальский,Забайкальский край,51.280627,108.838640,True,2,1.000000,0.346561,0.027623,0,24,ядро типа,0.055586,172.400000,0.038132,0.173022,0.017494,0.414100,0.042644,105.716000,False,0
578,2024-12,2,Автономные локальные центры,0.408591,False,Балейский,Балейский муниципальный район,муниципальный район,г Балей,Забайкальский край,51.578789,116.646042,True,2,1.000000,0.363876,0.217062,0,24,ядро типа,0.080226,156.300000,0.047457,0.147454,0.019142,0.440431,0.059811,108.353207,False,0
579,2024-12,2,Автономные локальные центры,0.676506,False,Борзинский,Борзинский муниципальный район,муниципальный район,г Борзя,Забайкальский край,50.385181,116.533068,True,2,1.000000,0.662873,0.534182,0,24,ядро типа,0.175301,154.900000,0.036697,0.143920,0.027167,0.423314,0.053999,119.160525,False,0
580,2024-12,2,Автономные локальные центры,0.372711,False,Газимуро-Заводский,Газимуро-Заводский муниципальный округ,муниципальный округ,с Газимурский Завод,Забайкальский край,51.551117,118.334910,True,2,1.000000,0.323668,0.112306,0,24,ядро типа,0.142648,153.200000,0.047333,0.092025,0.036234,0.433016,0.067451,115.332420,False,0
581,2024-12,2,Автономные локальные центры,0.717508,False,Забайкальский,Забайкальский муниципальный район,муниципальный район,пгт Забайкальск,Забайкальский край,49.644653,117.329025,True,2,1.000000,0.647172,0.522377,0,24,ядро типа,0.274985,152.800000,0.031836,0.165069,0.027745,0.402108,0.056239,131.651101,False,0
582,2024-12,2,Автономные локальные центры,0.549322,False,Каларский,Каларский муниципальный округ,муниципальный округ,пгт Новая Чара,Забайкальский край,56.797935,118.273232,True,2,1.000000,0.520634,0.433809,0,24,ядро типа,0.352778,157.000000,0.034924,0.160240,0.055360,0.354886,0.038773,142.301479,False,0
583,2024-12,2,Автономные локальные центры,0.342814,False,Калганский,Калганский муниципальный округ,муниципальный округ,с Калга,Забайкальский край,50.923550,118.899208,True,2,1.000000,0.204219,0.127687,0,24,ядро типа,0.107789,151.100000,0.035861,0.134245,0.012295,0.491725,0.076502,111.381226,False,0
584,2024-12,2,Автономные локальные центры,0.561024,False,Карымский,Карымский муниципальный район,муниципальный район,пгт Карымское,Забайкальский край,51.623402,114.340630,True,2,1.000000,0.513604,0.322933,0,24,ядро типа,-0.034293,161.000000,0.038534,0.145664,0.040572,0.448998,0.049935,96.628868,False,0
585,2024-12,2,Автономные локальные центры,0.491227,False,Краснокаменск и Краснокаменский,муниципальный район Город Краснокаменск и Краснокаменский район,муниципальный район,г Краснокаменск,Забайкальский край,50.096992,118.041344,True,2,1.000000,0.469265,0.193884,0,24,ядро типа,0.180145,151.800000,0.044229,0.147876,0.031277,0.446455,0.037624,119.739049,False,0
586,2024-12,2,Автономные локальные центры,0.411866,False,Красночикойский,Красночикойский муниципальный район,муниципальный район,с Красный Чикой,Забайкальский край,50.364742,108.757980,True,2,1.000000,0.296665,0.091296,0,24,ядро типа,0.033542,165.100000,0.042434,0.153102,0.017527,0.450885,0.065407,103.411137,False,0
587,2024-12,2,Автономные локальные центры,0.502542,False,Кыринский,Кыринский муниципальный район,муниципальный район,с Кыра,Забайкальский край,49.578625,111.971039,True,2,1.000000,0.387178,0.219908,0,24,ядро типа,0.161991,153.000000,0.037241,0.161158,0.009474,0.327523,0.056031,117.584971,False,0
588,2024-12,2,Автономные локальные центры,0.672101,False,Могочинский,Могочинский муниципальный округ,муниципальный округ,г Могоча,Забайкальский край,53.736264,119.762485,True,2,1.000000,0.576069,0.415943,0,24,ядро типа,0.136412,152.100000,0.033695,0.166112,0.023627,0.410084,0.047334,114.615420,False,0
589,2024-12,2,Автономные локальные центры,0.481976,False,Нерчинский,Нерчинский муниципальный район,муниципальный район,г Нерчинск,Забайкальский край,51.976940,116.588341,True,2,1.000000,0.482534,0.375768,0,24,ядро типа,0.092589,157.700000,0.032231,0.134281,0.014503,0.437095,0.067015,109.701045,False,0
591,2024-12,2,Автономные локальные центры,0.485236,False,Оловяннинский,Оловяннинский муниципальный район,муниципальный район,пгт Оловянная,Забайкальский край,50.943687,115.586937,True,2,1.000000,0.479002,0.302610,0,24,ядро типа,0.077553,157.300000,0.035538,0.158897,0.014352,0.477575,0.045477,108.063945,False,0
592,2024-12,2,Автономные локальные центры,0.364957,False,Ононский,Ононский муниципальный округ,муниципальный округ,с Нижний Цасучей,Забайкальский край,50.510593,115.118385,True,2,1.000000,0.358925,0.226048,0,24,ядро типа,-0.056088,157.500000,0.037528,0.128011,0.010773,0.475394,0.067146,94.545566,False,0
593,2024-12,2,Автономные локальные центры,0.403525,False,Петровск-Забайкальский,Петровск-Забайкальский муниципальный район,муниципальный район,г Петровск-Забайкальский,Забайкальский край,51.280627,108.838640,True,2,1.000000,0.339905,0.105633,0,24,ядро типа,-0.016491,172.400000,0.038417,0.189958,0.021086,0.412952,0.063444,98.364439,False,0
594,2024-12,2,Автономные локальные центры,0.395376,False,Приаргунский,Приаргунский муниципальный округ,муниципальный округ,пгт Приаргунск,Забайкальский край,50.365902,119.090134,True,2,1.000000,0.400555,0.226002,0,24,ядро типа,0.067277,150.900000,0.040509,0.134386,0.013465,0.495339,0.054059,106.959211,False,0
595,2024-12,2,Автономные локальные центры,0.347898,False,Сретенский,Сретенский муниципальный район,муниципальный район,г Сретенск,Забайкальский край,52.243191,117.695541,True,2,1.000000,0.364324,0.238286,0,24,ядро типа,0.011884,155.400000,0.036886,0.149004,0.009731,0.505215,0.057321,101.195513,False,0
598,2024-12,2,Автономные локальные центры,0.298125,False,Улётовский,Улётовский муниципальный район,муниципальный район,с Улёты,Забайкальский край,51.358540,112.485115,True,2,1.000000,0.278192,0.057851,0,24,ядро типа,-0.047274,162.200000,0.034972,0.185734,0.011808,0.480094,0.057943,95.382580,False,0
599,2024-12,2,Автономные локальные центры,0.357034,False,Хилокский,Хилокский муниципальный район,муниципальный район,г Хилок,Забайкальский край,51.362844,110.457975,True,2,1.000000,0.413303,0.119182,0,24,ядро типа,-0.042543,165.100000,0.035385,0.196449,0.031982,0.461548,0.054683,95.834936,False,0
600,2024-12,2,Автономные локальные центры,0.568266,False,Чернышевский,Чернышевский муниципальный район,муниципальный район,пгт Чернышевск,Забайкальский край,52.514069,117.013710,True,2,1.000000,0.556836,0.508711,0,24,ядро типа,0.102387,156.600000,0.035389,0.148833,0.016667,0.446861,0.052444,110.781161,False,0
601,2024-12,2,Автономные локальные центры,0.373344,False,Читинский,Читинский муниципальный район,муниципальный район,г Чита,Забайкальский край,52.033409,113.500893,True,2,1.000000,0.350415,0.102108,0,24,ядро типа,0.022862,279.800000,0.037807,0.147979,0.031701,0.417108,0.069267,102.312557,False,0
602,2024-12,2,Автономные локальные центры,0.221604,False,Шелопугинский,Шелопугинский муниципальный район,муниципальный район,с Шелопугино,Забайкальский край,51.649864,117.564728,True,2,1.000000,0.136394,0.069300,0,24,устойчивый,-0.120271,155.400000,0.038002,0.144548,0.007878,0.522871,0.078191,88.668010,False,0
603,2024-12,2,Автономные локальные центры,0.513921,False,Шилкинский,Шилкинский муниципальный район,муниципальный район,г Шилка,Забайкальский край,51.851639,116.025894,True,2,1.000000,0.509198,0.387927,0,24,ядро типа,0.064136,158.400000,0.038039,0.158013,0.016508,0.455944,0.045716,106.623790,False,0
604,2024-12,2,Автономные локальные центры,0.368133,False,Агинское,городской округ поселок Агинское,городской округ,пгт Агинское,Забайкальский край,51.105761,114.540801,True,2,1.000000,0.324245,0.094345,0,24,ядро типа,-0.005044,167.400000,0.037701,0.120774,0.039279,0.386231,0.082547,99.496869,False,0
605,2024-12,2,Автономные локальные центры,0.447384,False,Агинский,Агинский муниципальный район,муниципальный район,пгт Агинское,Забайкальский край,51.105761,114.540801,True,2,1.000000,0.321977,0.134104,0,24,ядро типа,-0.009943,167.900000,0.035307,0.145486,0.024833,0.396301,0.071111,99.010663,False,0
606,2024-12,2,Автономные локальные центры,0.277294,False,Дульдургинский,Дульдургинский муниципальный район,муниципальный район,с Дульдурга,Забайкальский край,50.739131,113.392476,True,2,1.000000,0.231281,0.113762,0,24,ядро типа,-0.087195,158.400000,0.037908,0.126515,0.015579,0.472652,0.086056,91.649870,False,0
607,2024-12,2,Автономные локальные центры,0.369515,False,Могойтуйский,Могойтуйский муниципальный район,муниципальный район,пгт Могойтуй,Забайкальский край,51.283118,114.929947,True,2,1.000000,0.286991,0.169078,0,24,ядро типа,-0.010907,159.100000,0.036585,0.121640,0.026786,0.425554,0.080202,98.915268,False,0
608,2024-12,2,Автономные локальные центры,0.256831,False,Петропавловск-Камчатский,городской округ Петропавловск-Камчатский,городской округ,г Петропавловск-Камчатский,Камчатский край,53.019984,158.647136,True,2,1.000000,0.247755,0.173524,0,24,ядро типа,0.759489,157.300000,0.039539,0.087241,0.057955,0.366201,0.060964,213.718400,False,0
612,2024-12,2,Автономные локальные центры,0.315374,False,Елизовский,Елизовский муниципальный район,муниципальный район,г Елизово,Камчатский край,53.186497,158.383671,True,2,1.000000,0.312703,0.254316,0,24,ядро типа,0.719852,142.100000,0.036508,0.092402,0.053137,0.389007,0.065826,205.412891,False,0
613,2024-12,2,Автономные локальные центры,0.470377,False,Мильковский,Мильковский муниципальный округ,муниципальный округ,с Мильково,Камчатский край,54.690411,158.609879,True,2,1.000000,0.511601,0.404821,0,24,ядро типа,0.559126,129.900000,0.025897,0.129590,0.023504,0.468007,0.047501,174.914222,False,0
614,2024-12,2,Автономные локальные центры,0.391941,False,Соболевский,Соболевский муниципальный район,муниципальный район,с Соболево,Камчатский край,54.297684,155.942421,True,2,1.000000,0.357125,0.262521,0,24,ядро типа,0.620585,128.000000,0.027215,0.067600,0.039855,0.452402,0.054894,186.001569,False,0
615,2024-12,2,Автономные локальные центры,0.419720,False,Усть-Большерецкий,Усть-Большерецкий муниципальный район,муниципальный район,с Усть-Большерецк,Камчатский край,52.825058,156.280493,True,2,1.000000,0.333028,0.241080,0,24,ядро типа,0.647936,131.800000,0.032985,0.092434,0.028944,0.484321,0.049742,191.159048,False,0
616,2024-12,2,Автономные локальные центры,0.475332,False,Усть-Камчатский,Усть-Камчатский муниципальный район,муниципальный район,п Усть-Камчатск,Камчатский край,56.240038,162.536957,True,2,1.000000,0.454105,0.320629,0,24,ядро типа,0.629791,123.700000,0.029212,0.131469,0.033179,0.460961,0.044654,187.721755,False,0
618,2024-12,2,Автономные локальные центры,0.178013,False,Карагинский,Карагинский муниципальный район,муниципальный район,п Оссора,Камчатский край,59.247414,163.069931,True,2,1.000000,0.141437,0.032019,0,24,устойчивый,0.674260,323.250000,0.024006,0.063895,0.029290,0.548928,0.024445,196.258059,True,0
619,2024-12,2,Автономные локальные центры,0.150513,False,Олюторский,Олюторский муниципальный район,муниципальный район,с Тиличики,Камчатский край,60.429134,166.057053,True,2,1.000000,0.157563,0.074050,0,24,ядро типа,0.745570,323.250000,0.019711,0.043290,0.023828,0.560643,0.015666,210.764236,True,0
621,2024-12,2,Автономные локальные центры,0.228203,False,Тигильский,Тигильский муниципальный район,муниципальный район,с Тигиль,Камчатский край,57.650604,158.823499,True,2,1.000000,0.259787,0.157800,0,24,ядро типа,0.631461,123.500000,0.011112,0.072220,0.014729,0.612585,0.023140,188.035635,False,0
666,2024-12,2,Автономные локальные центры,0.217074,False,Красноярск,городской округ город Красноярск,городской округ,г Красноярск,Красноярский край,56.009117,92.872586,True,2,0.500000,0.081254,0.001409,6,6,пограничный,0.437409,203.800000,0.047152,0.143442,0.052437,0.355396,0.065671,154.868986,False,2
667,2024-12,2,Автономные локальные центры,0.728696,False,Ачинск,городской округ город Ачинск,городской округ,г Ачинск,Красноярский край,56.269485,90.495396,True,2,1.000000,0.588731,0.427143,0,24,ядро типа,0.260126,222.900000,0.035824,0.178501,0.035420,0.411046,0.053166,129.709353,False,0
668,2024-12,1,Цифровая повседневность,0.359427,False,Боготол,городской округ город Боготол,городской округ,г Боготол,Красноярский край,56.211464,89.531639,True,1,1.000000,0.366696,0.259689,0,24,ядро типа,-0.057489,220.100000,0.039210,0.196147,0.011799,0.469802,0.039927,94.413245,False,0
669,2024-12,2,Автономные локальные центры,0.210416,False,Бородино,городской округ город Бородино,городской округ,г Бородино,Красноярский край,55.900000,94.893650,True,2,0.791667,0.146924,0.002999,8,3,устойчивый,-0.000354,205.900000,0.039741,0.173649,0.018008,0.423334,0.040880,99.964612,False,0
670,2024-12,2,Автономные локальные центры,0.587204,False,Дивногорск,городской округ город Дивногорск,городской округ,г Дивногорск,Красноярский край,55.959644,92.375420,True,2,1.000000,0.332075,0.070232,0,24,ядро типа,0.214896,216.800000,0.041552,0.175764,0.040187,0.403877,0.046491,123.973351,False,0
671,2024-12,2,Автономные локальные центры,0.435687,False,Енисейск,городской округ город Енисейск,городской округ,г Енисейск,Красноярский край,58.453221,92.174817,True,2,1.000000,0.387594,0.142986,0,24,ядро типа,0.259272,196.500000,0.040081,0.188721,0.017808,0.423863,0.045637,129.598572,False,0
674,2024-12,2,Автономные локальные центры,0.798889,False,Канск,городской округ город Канск,городской округ,г Канск,Красноярский край,56.205997,95.706787,True,2,1.000000,0.600591,0.445134,0,24,ядро типа,0.236359,209.900000,0.035179,0.174364,0.032239,0.401132,0.053886,126.662871,False,0
675,2024-12,2,Автономные локальные центры,0.642739,False,Лесосибирск,городской округ город Лесосибирск,городской округ,г Лесосибирск,Красноярский край,58.216527,92.507835,True,2,1.000000,0.549083,0.230435,0,24,ядро типа,0.276923,194.600000,0.040056,0.176064,0.029931,0.423936,0.046518,131.906513,False,0
676,2024-12,2,Автономные локальные центры,0.516949,False,Минусинск,городской округ город Минусинск,городской округ,г Минусинск,Красноярский край,53.686206,91.656775,True,2,1.000000,0.463237,0.342891,0,24,ядро типа,0.264529,213.900000,0.041689,0.166899,0.034060,0.393627,0.067010,130.281723,False,0
677,2024-12,2,Автономные локальные центры,0.567575,False,Назарово,городской округ город Назарово,городской округ,г Назарово,Красноярский край,56.011593,90.418503,True,2,0.875000,0.279540,0.032573,3,19,устойчивый,0.132458,223.100000,0.036793,0.178145,0.022561,0.420928,0.048088,114.163064,False,0
678,2024-12,2,Автономные локальные центры,0.305842,False,Норильск,городской округ город Норильск,городской округ,г Норильск,Красноярский край,69.344405,88.209615,True,2,0.958333,0.208320,0.015481,2,5,ядро типа,0.654082,323.250000,0.034350,0.127066,0.044366,0.373214,0.047102,192.337636,True,0
679,2024-12,2,Автономные локальные центры,0.532980,False,Сосновоборск,городской округ город Сосновоборск,городской округ,г Сосновоборск,Красноярский край,56.121494,93.338730,True,2,1.000000,0.450501,0.296221,0,24,ядро типа,0.304488,216.800000,0.045367,0.161496,0.037038,0.404466,0.052334,135.593064,False,0
680,2024-12,2,Автономные локальные центры,0.433118,False,Шарыпово,городской округ город Шарыпово,городской округ,г Шарыпово,Красноярский край,55.532913,89.186420,True,2,1.000000,0.292561,0.023463,0,24,ядро типа,0.213307,220.300000,0.037864,0.195560,0.029436,0.403898,0.045720,123.776407,False,0
683,2024-12,1,Цифровая повседневность,0.373141,False,Абанский,Абанский муниципальный район,муниципальный район,п Абан,Красноярский край,56.676670,96.067764,True,1,1.000000,0.319731,0.226000,0,24,ядро типа,-0.179976,198.100000,0.040819,0.213012,0.012968,0.486222,0.038904,83.528995,False,0
685,2024-12,2,Автономные локальные центры,0.185120,False,Балахтинский,Балахтинский муниципальный район,муниципальный район,рп Балахта,Красноярский край,55.383221,91.615273,True,2,0.750000,0.165162,0.034427,3,17,устойчивый,0.024035,209.000000,0.041398,0.205756,0.041698,0.431340,0.059633,102.432570,False,1
686,2024-12,2,Автономные локальные центры,0.529989,False,Березовский,Березовский муниципальный район,муниципальный район,рп Березовка,Красноярский край,56.038422,93.133194,True,2,1.000000,0.467944,0.324029,0,24,ядро типа,0.199614,222.900000,0.041511,0.174085,0.035034,0.402636,0.061170,122.093148,False,0
687,2024-12,1,Цифровая повседневность,0.428415,False,Бирилюсский,Бирилюсский муниципальный район,муниципальный район,с Новобирилюссы,Красноярский край,56.951710,90.685806,True,1,1.000000,0.406203,0.308921,0,24,ядро типа,-0.184037,209.200000,0.040911,0.249649,0.003588,0.457498,0.036251,83.190497,False,0
689,2024-12,2,Автономные локальные центры,0.118468,False,Богучанский,Богучанский муниципальный район,муниципальный район,с Богучаны,Красноярский край,58.382816,97.461578,True,2,1.000000,0.245460,0.063215,0,24,ядро типа,0.273839,186.100000,0.037723,0.224674,0.014158,0.417172,0.046872,131.500315,False,0
690,2024-12,1,Цифровая повседневность,0.024551,True,Большемуртинский,Большемуртинский муниципальный район,муниципальный район,рп Большая Мурта,Красноярский край,56.909847,93.138016,True,1,0.666667,0.076056,0.010322,10,1,пограничный,-0.106416,206.600000,0.041895,0.163335,0.012527,0.480867,0.047097,89.905067,False,1
691,2024-12,1,Цифровая повседневность,0.292050,False,Большеулуйский,Большеулуйский муниципальный район,муниципальный район,с Большой Улуй,Красноярский край,56.656811,90.579750,True,1,1.000000,0.342975,0.075433,0,24,ядро типа,-0.253455,212.300000,0.027993,0.271440,0.019666,0.476151,0.029975,77.611435,False,0
692,2024-12,1,Цифровая повседневность,0.194276,False,Дзержинский,Дзержинский муниципальный район,муниципальный район,с Дзержинское,Красноярский край,56.838005,95.221390,True,1,1.000000,0.199969,0.035945,0,24,ядро типа,-0.120653,196.700000,0.040933,0.198452,0.008923,0.485366,0.059161,88.634161,False,0
693,2024-12,2,Автономные локальные центры,0.403138,False,Емельяновский,Емельяновский муниципальный район,муниципальный район,рп Емельяново,Красноярский край,56.167255,92.688454,True,2,1.000000,0.357330,0.197302,0,24,ядро типа,0.293787,221.700000,0.041864,0.167592,0.038331,0.393632,0.072923,134.149832,False,0
694,2024-12,2,Автономные локальные центры,0.153414,False,Енисейский,Енисейский муниципальный район,муниципальный район,г Енисейск,Красноярский край,58.453221,92.174817,True,2,0.833333,0.149090,0.029895,6,3,устойчивый,0.096313,195.700000,0.034319,0.186826,0.009809,0.461126,0.034039,110.110320,False,0
695,2024-12,2,Автономные локальные центры,0.029997,True,Ермаковский,Ермаковский муниципальный район,муниципальный район,с Ермаковское,Красноярский край,53.278046,92.396088,True,1,0.708333,0.120446,0.014999,7,1,пограничный,0.009784,197.600000,0.034038,0.222727,0.015389,0.435580,0.054059,100.983183,False,2
696,2024-12,1,Цифровая повседневность,0.217504,False,Идринский,Идринский муниципальный район,муниципальный район,с Идринское,Красноярский край,54.370876,92.133156,True,1,0.750000,0.110175,0.011016,2,12,устойчивый,-0.210082,197.200000,0.039106,0.221155,0.009416,0.450397,0.062455,81.051806,False,2
697,2024-12,1,Цифровая повседневность,0.095219,True,Иланский,Иланский муниципальный район,муниципальный район,г Иланский,Красноярский край,56.238060,96.066940,True,1,0.833333,0.061378,0.001429,8,1,пограничный,-0.086121,200.500000,0.035586,0.190240,0.012980,0.460372,0.039041,91.748342,False,0
698,2024-12,1,Цифровая повседневность,0.236361,False,Ирбейский,Ирбейский муниципальный район,муниципальный район,с Ирбейское,Красноярский край,55.644501,95.456528,True,1,0.958333,0.104886,0.010050,2,6,устойчивый,-0.116495,202.600000,0.040383,0.224320,0.007710,0.422501,0.062995,89.003431,False,0
699,2024-12,1,Цифровая повседневность,0.329245,False,Казачинский,Казачинский муниципальный район,муниципальный район,с Казачинское,Красноярский край,57.694408,93.281029,True,1,1.000000,0.307599,0.195260,0,24,ядро типа,-0.139685,199.800000,0.044551,0.212668,0.023567,0.536341,0.042604,86.963211,False,0
701,2024-12,1,Цифровая повседневность,0.134252,False,Каратузский,Каратузский муниципальный район,муниципальный район,с Каратузское,Красноярский край,53.600666,92.868996,True,1,0.958333,0.125982,0.011713,2,14,устойчивый,-0.052125,197.200000,0.039973,0.206834,0.008267,0.487648,0.060948,94.920991,False,0
702,2024-12,2,Автономные локальные центры,0.260565,False,Кежемский,Кежемский муниципальный район,муниципальный район,г Кодинск,Красноярский край,58.602702,99.188751,True,2,1.000000,0.225089,0.079987,0,24,ядро типа,0.376751,183.000000,0.035026,0.205109,0.016827,0.408762,0.034224,145.754158,False,0
703,2024-12,1,Цифровая повседневность,0.318986,False,Козульский,Козульский муниципальный район,муниципальный район,рп Козулька,Красноярский край,56.165138,91.391975,True,1,1.000000,0.343323,0.173092,0,24,ядро типа,-0.104023,214.600000,0.039131,0.190398,0.006556,0.496517,0.040907,90.120475,False,0
704,2024-12,2,Автономные локальные центры,0.080848,False,Краснотуранский,Краснотуранский муниципальный район,муниципальный район,с Краснотуранск,Красноярский край,54.316296,91.567825,True,2,0.791667,0.116263,0.016872,6,6,устойчивый,-0.076142,196.500000,0.039184,0.180647,0.011324,0.447466,0.045361,92.668441,False,2
705,2024-12,1,Цифровая повседневность,0.121282,False,Курагинский,Курагинский муниципальный район,муниципальный район,рп Курагино,Красноярский край,53.888092,92.680222,True,1,0.916667,0.116797,0.005263,4,15,устойчивый,0.028112,198.600000,0.035425,0.222063,0.011280,0.434731,0.049666,102.851076,False,0
706,2024-12,1,Цифровая повседневность,0.428386,False,Манский,Манский муниципальный район,муниципальный район,с Шалинское,Красноярский край,55.719715,93.764816,True,1,1.000000,0.418710,0.264426,0,24,ядро типа,-0.223844,209.700000,0.038493,0.219870,0.010970,0.498095,0.039955,79.943994,False,0
708,2024-12,1,Цифровая повседневность,0.031198,True,Мотыгинский,Мотыгинский муниципальный район,муниципальный район,рп Мотыгино,Красноярский край,58.184208,94.694298,True,2,0.958333,0.366744,0.031198,1,1,ядро типа,0.247208,178.000000,0.033478,0.254867,0.015261,0.430906,0.044773,128.044559,False,0
710,2024-12,1,Цифровая повседневность,0.187598,False,Нижнеингашский,Нижнеингашский муниципальный район,муниципальный район,рп Нижний Ингаш,Красноярский край,56.203602,96.544518,True,1,1.000000,0.179523,0.049859,0,24,ядро типа,-0.014959,199.100000,0.032642,0.214906,0.007091,0.482664,0.040795,98.515225,False,0
711,2024-12,1,Цифровая повседневность,0.052258,False,Новоселовский,Новоселовский муниципальный район,муниципальный район,с Новоселово,Красноярский край,55.005177,90.967201,True,2,0.708333,0.128037,0.008583,6,2,пограничный,0.018189,209.200000,0.034871,0.212250,0.009307,0.415828,0.049829,101.835582,False,0
712,2024-12,1,Цифровая повседневность,0.184330,False,Партизанский,Партизанский муниципальный район,муниципальный район,с Партизанское,Красноярский край,55.499271,94.393066,True,1,1.000000,0.208814,0.002225,0,24,ядро типа,-0.167492,204.700000,0.038057,0.191195,0.004657,0.462216,0.057486,84.578339,False,0
713,2024-12,1,Цифровая повседневность,0.278904,False,Пировский,Пировский муниципальный округ,муниципальный округ,с Пировское,Красноярский край,57.624046,92.272644,True,1,1.000000,0.271427,0.052866,0,24,ядро типа,-0.087060,196.500000,0.036325,0.213885,0.002988,0.496861,0.047538,91.662179,False,0
714,2024-12,2,Автономные локальные центры,0.122684,False,Рыбинский,Рыбинский муниципальный район,муниципальный район,г Заозерный,Красноярский край,55.965401,94.708107,True,2,0.666667,0.089058,0.015072,8,3,пограничный,-0.047887,206.400000,0.035317,0.182393,0.016076,0.446170,0.045970,95.324112,False,2
715,2024-12,1,Цифровая повседневность,0.375933,False,Саянский,Саянский муниципальный район,муниципальный район,с Агинское,Красноярский край,55.258972,94.906372,True,1,1.000000,0.329489,0.164978,0,24,ядро типа,-0.169240,201.400000,0.036921,0.226373,0.007071,0.487772,0.046069,84.430631,False,0
716,2024-12,2,Автономные локальные центры,0.296882,False,Северо-Енисейский,Северо-Енисейский муниципальный район,муниципальный район,рп Северо-Енисейский,Красноярский край,60.374702,93.032997,True,2,1.000000,0.379057,0.243840,0,24,ядро типа,0.413236,181.600000,0.035644,0.222962,0.031369,0.310229,0.039226,151.170126,False,0
717,2024-12,1,Цифровая повседневность,0.350244,False,Сухобузимский,Сухобузимский муниципальный район,муниципальный район,с Сухобузимское,Красноярский край,56.499875,93.278568,True,1,0.875000,0.189812,0.002522,4,13,устойчивый,-0.079335,210.600000,0.039876,0.200247,0.008728,0.474349,0.042108,92.373025,False,0
718,2024-12,2,Автономные локальные центры,0.284807,False,Таймырский Долгано-Ненецкий,Таймырский Долгано-Ненецкий муниципальный район,муниципальный район,г Дудинка,Красноярский край,69.403818,86.172190,True,2,1.000000,0.209336,0.102948,0,24,ядро типа,0.503658,323.250000,0.028359,0.121620,0.029996,0.428962,0.024157,165.476282,True,0
719,2024-12,1,Цифровая повседневность,0.232814,False,Тасеевский,Тасеевский муниципальный район,муниципальный район,с Тасеево,Красноярский край,57.216042,94.898598,True,1,1.000000,0.226214,0.103407,0,24,ядро типа,-0.100444,193.900000,0.044163,0.204757,0.009935,0.510122,0.058623,90.443586,False,0
720,2024-12,2,Автономные локальные центры,0.280558,False,Туруханский,Туруханский муниципальный район,муниципальный район,с Туруханск,Красноярский край,65.793429,87.958938,True,2,0.833333,0.177904,0.005782,4,4,устойчивый,0.467917,323.250000,0.037197,0.094129,0.040531,0.410766,0.032090,159.666426,True,0
721,2024-12,1,Цифровая повседневность,0.346232,False,Тюхтетский,Тюхтетский муниципальный округ,муниципальный округ,с Тюхтет,Красноярский край,56.539837,89.311485,True,1,1.000000,0.328314,0.167796,0,24,ядро типа,-0.099526,213.200000,0.037596,0.232273,0.008226,0.501870,0.058434,90.526672,False,0
722,2024-12,2,Автономные локальные центры,0.218372,False,Ужурский,Ужурский муниципальный район,муниципальный район,г Ужур,Красноярский край,55.319722,89.842420,True,2,0.958333,0.207839,0.009656,2,8,ядро типа,0.160157,212.300000,0.034241,0.201489,0.013870,0.435961,0.053774,117.369563,False,0
723,2024-12,1,Цифровая повседневность,0.369395,False,Уярский,Уярский муниципальный район,муниципальный район,г Уяр,Красноярский край,55.809986,94.327774,True,1,1.000000,0.293229,0.200552,0,24,ядро типа,-0.138165,207.600000,0.038936,0.207116,0.010953,0.461365,0.043352,87.095533,False,0
725,2024-12,2,Автономные локальные центры,0.529320,False,Шушенский,Шушенский муниципальный район,муниципальный район,рп Шушенское,Красноярский край,53.327820,91.945374,True,2,1.000000,0.455505,0.259184,0,24,ядро типа,0.105963,199.100000,0.037311,0.177005,0.018296,0.437128,0.055108,111.178127,False,0
726,2024-12,2,Автономные локальные центры,0.230592,False,Эвенкийский,Эвенкийский муниципальный район,муниципальный район,п Тура,Красноярский край,64.274196,100.216964,True,2,0.916667,0.165991,0.008937,4,4,ядро типа,0.385307,323.250000,0.035753,0.080507,0.030541,0.415515,0.026019,147.006601,True,0
727,2024-12,3,Крупные центры,0.484014,False,Пермский,городской округ Пермский,городской округ,г Пермь,Пермский край,58.014965,56.246723,True,3,1.000000,0.593921,0.412632,0,24,ядро типа,0.367759,350.900000,0.051511,0.143265,0.055985,0.358216,0.063100,144.449402,False,0
731,2024-12,1,Цифровая повседневность,0.019632,False,Лысьвенский,городской округ Лысьвенский,городской округ,г Лысьва,Пермский край,58.105056,57.802846,True,1,0.833333,0.094714,0.006476,6,6,пограничный,0.052233,299.900000,0.049914,0.155933,0.034405,0.421245,0.047110,105.362116,False,0
734,2024-12,1,Цифровая повседневность,0.450435,False,Александровский,муниципальный округ Александровский,муниципальный округ,г Александровск,Пермский край,59.159386,57.586123,True,1,1.000000,0.439098,0.330224,0,24,ядро типа,0.006915,286.700000,0.037712,0.198399,0.011338,0.443922,0.029735,100.693921,False,0
735,2024-12,1,Цифровая повседневность,0.406170,False,Бардымский,муниципальный округ Бардымский,муниципальный округ,с Барда,Пермский край,56.930187,55.586967,True,1,1.000000,0.316699,0.137682,0,24,ядро типа,-0.176776,314.500000,0.047556,0.183761,0.019904,0.427711,0.059161,83.796717,False,0
736,2024-12,1,Цифровая повседневность,0.378224,False,Березовский,муниципальный округ Березовский,муниципальный округ,с Березовка,Пермский край,57.602633,57.333067,True,1,1.000000,0.173961,0.010999,0,24,ядро типа,-0.278508,305.800000,0.033337,0.168395,0.007115,0.483270,0.037240,75.691228,False,0
737,2024-12,1,Цифровая повседневность,0.646308,False,Большесосновский,муниципальный округ Большесосновский,муниципальный округ,с Большая Соснова,Пермский край,57.671268,54.602867,True,1,1.000000,0.522968,0.311094,0,24,ядро типа,-0.149357,317.800000,0.040232,0.190367,0.012220,0.490567,0.046627,86.126198,False,0
738,2024-12,1,Цифровая повседневность,0.315734,False,Верещагинский,городской округ Верещагинский,городской округ,г Верещагино,Пермский край,58.072099,54.667478,True,1,1.000000,0.231398,0.064231,0,24,ядро типа,-0.089346,311.900000,0.041926,0.161647,0.020425,0.462768,0.051684,91.452926,False,0
739,2024-12,1,Цифровая повседневность,0.406466,False,Горнозаводский,городской округ Горнозаводский,городской округ,г Горнозаводск,Пермский край,58.374001,58.325058,True,1,1.000000,0.396461,0.143602,0,24,ядро типа,-0.026078,297.800000,0.034870,0.192072,0.019141,0.454296,0.034744,97.425877,False,0
741,2024-12,2,Автономные локальные центры,0.072270,False,Добрянский,городской округ Добрянский,городской округ,г Добрянка,Пермский край,58.462476,56.400759,True,1,0.833333,0.123578,0.025461,1,4,устойчивый,0.106655,304.400000,0.043398,0.162112,0.037700,0.416164,0.038640,111.255058,False,1
742,2024-12,1,Цифровая повседневность,0.567296,False,Еловский,муниципальный округ Еловский,муниципальный округ,с Елово,Пермский край,57.046350,54.923460,True,1,1.000000,0.326575,0.028292,0,24,ядро типа,-0.170845,312.200000,0.037966,0.186361,0.009236,0.424378,0.044938,84.295232,False,0
743,2024-12,1,Цифровая повседневность,0.578135,False,Ильинский,городской округ Ильинский,городской округ,п Ильинский,Пермский край,58.567625,55.694510,True,1,1.000000,0.499090,0.352447,0,24,ядро типа,-0.312287,305.100000,0.036207,0.192389,0.011648,0.456476,0.035576,73.177111,False,0
744,2024-12,1,Цифровая повседневность,0.689877,False,Карагайский,муниципальный округ Карагайский,муниципальный округ,с Карагай,Пермский край,58.265579,54.927208,True,1,1.000000,0.390892,0.198565,0,24,ядро типа,-0.103886,311.000000,0.041311,0.190782,0.016217,0.443325,0.048003,90.132784,False,0
745,2024-12,1,Цифровая повседневность,0.433725,False,Кизел,городской округ город Кизел,городской округ,г Кизел,Пермский край,59.049252,57.653500,True,1,1.000000,0.362306,0.213835,0,24,ядро типа,-0.040009,288.100000,0.034175,0.198642,0.015598,0.468708,0.033918,96.078039,False,0
746,2024-12,1,Цифровая повседневность,0.575026,False,Кишертский,муниципальный округ Кишертский,муниципальный округ,с Усть-Кишерть,Пермский край,57.359972,57.247177,True,1,1.000000,0.422269,0.181057,0,24,ядро типа,-0.330107,308.900000,0.039555,0.183348,0.012200,0.487457,0.044521,71.884665,False,0
747,2024-12,1,Цифровая повседневность,0.424815,False,Красновишерский,городской округ Красновишерский,городской округ,г Красновишерск,Пермский край,60.401784,57.076704,True,1,1.000000,0.448514,0.310319,0,24,ядро типа,-0.063176,273.000000,0.040089,0.174911,0.012915,0.474612,0.038483,93.877802,False,0
748,2024-12,2,Автономные локальные центры,0.198214,False,Краснокамский,городской округ Краснокамский,городской округ,г Краснокамск,Пермский край,58.081261,55.758694,True,2,0.833333,0.125640,0.004676,1,20,устойчивый,0.216335,318.300000,0.042310,0.156748,0.039881,0.404908,0.053142,124.151832,False,1
749,2024-12,1,Цифровая повседневность,0.510419,False,Куединский,муниципальный округ Куединский,муниципальный округ,п Куеда,Пермский край,56.433506,55.590763,True,1,1.000000,0.508681,0.430591,0,24,ядро типа,-0.109879,318.500000,0.041319,0.176885,0.009926,0.448635,0.049837,89.594264,False,0
751,2024-12,1,Цифровая повседневность,0.551754,False,Нытвенский,городской округ Нытвенский,городской округ,г Нытва,Пермский край,57.943423,55.331635,True,1,1.000000,0.515295,0.414137,0,24,ядро типа,-0.055307,315.900000,0.041596,0.180987,0.014277,0.460323,0.033075,94.619421,False,0
752,2024-12,1,Цифровая повседневность,0.602185,False,Октябрьский,городской округ Октябрьский,городской округ,рп Октябрьский,Пермский край,56.514308,57.203557,True,1,1.000000,0.442965,0.079670,0,24,ядро типа,-0.159519,313.100000,0.039451,0.187078,0.014149,0.465403,0.051651,85.255335,False,0
753,2024-12,1,Цифровая повседневность,0.622337,False,Ординский,муниципальный округ Ординский,муниципальный округ,с Орда,Пермский край,57.195328,56.903255,True,1,1.000000,0.309760,0.127900,0,24,ядро типа,-0.219964,311.700000,0.036235,0.196702,0.006250,0.469785,0.041028,80.254797,False,0
754,2024-12,1,Цифровая повседневность,0.139408,False,Осинский,городской округ Осинский,городской округ,г Оса,Пермский край,57.282921,55.460206,True,1,0.916667,0.149757,0.019724,2,18,устойчивый,-0.011467,309.600000,0.041898,0.152618,0.020544,0.430057,0.046069,98.859877,False,0
755,2024-12,1,Цифровая повседневность,0.685660,False,Оханский,городской округ Оханский,городской округ,г Оханск,Пермский край,57.721785,55.385989,True,1,1.000000,0.498739,0.335162,0,24,ядро типа,-0.099050,311.000000,0.036797,0.198661,0.010771,0.460859,0.040568,90.569754,False,0
756,2024-12,1,Цифровая повседневность,0.297716,False,Очерский,городской округ Очерский,городской округ,г Очер,Пермский край,57.883617,54.715823,True,1,1.000000,0.365346,0.281422,0,24,ядро типа,-0.037578,316.900000,0.042463,0.163557,0.021759,0.441210,0.050834,96.311911,False,0
757,2024-12,3,Крупные центры,0.413487,False,Пермский,муниципальный округ Пермский,муниципальный округ,г Пермь,Пермский край,58.014965,56.246723,True,3,1.000000,0.383879,0.037420,0,24,ядро типа,0.248673,686.400000,0.043387,0.161599,0.045859,0.384128,0.067457,128.232271,False,0
758,2024-12,1,Цифровая повседневность,0.428734,False,Сивинский,муниципальный округ Сивинский,муниципальный округ,с Сива,Пермский край,58.427765,54.205753,True,1,1.000000,0.372925,0.132157,0,24,ядро типа,-0.153797,309.100000,0.039765,0.169825,0.009259,0.511736,0.045614,85.744619,False,0
760,2024-12,1,Цифровая повседневность,0.706668,False,Суксунский,городской округ Суксунский,городской округ,рп Суксун,Пермский край,57.146392,57.395134,True,1,1.000000,0.640537,0.415057,0,24,ядро типа,-0.172855,309.100000,0.040749,0.195479,0.010571,0.466750,0.050333,84.125983,False,0
761,2024-12,1,Цифровая повседневность,0.595679,False,Уинский,муниципальный округ Уинский,муниципальный округ,с Уинское,Пермский край,56.878297,56.568374,True,1,1.000000,0.417913,0.265106,0,24,ядро типа,-0.227507,310.300000,0.040952,0.192938,0.009620,0.518699,0.043772,79.651655,False,0
763,2024-12,2,Автономные локальные центры,0.198820,False,Чайковский,городской округ Чайковский,городской округ,г Чайковский,Пермский край,56.778747,54.150070,True,2,0.958333,0.160161,0.019630,1,23,ядро типа,0.139067,322.100000,0.044076,0.144973,0.038720,0.402705,0.053367,114.920068,False,0
764,2024-12,1,Цифровая повседневность,0.615709,False,Частинский,муниципальный округ Частинский,муниципальный округ,с Частые,Пермский край,57.292952,54.964260,True,1,1.000000,0.427055,0.086110,0,24,ядро типа,-0.149464,311.500000,0.034769,0.230302,0.010613,0.481329,0.036377,86.116966,False,0
765,2024-12,1,Цифровая повседневность,0.447210,False,Чердынский,городской округ Чердынский,городской округ,г Чердынь,Пермский край,60.404681,56.475275,True,1,1.000000,0.407609,0.314659,0,24,ядро типа,-0.197181,273.400000,0.035119,0.193883,0.007946,0.522057,0.045388,82.104227,False,0
766,2024-12,1,Цифровая повседневность,0.046097,False,Чернушинский,городской округ Чернушинский,городской округ,г Чернушка,Пермский край,56.515282,56.076504,True,1,0.958333,0.120323,0.033843,2,6,устойчивый,0.063357,314.500000,0.041361,0.160245,0.025764,0.417249,0.053117,106.540704,False,0
767,2024-12,2,Автономные локальные центры,0.122242,False,Чусовской,городской округ Чусовской,городской округ,г Чусовой,Пермский край,58.282055,57.821075,True,2,0.750000,0.112849,0.001924,7,15,устойчивый,0.134961,301.100000,0.037024,0.169096,0.028743,0.425307,0.046247,114.449248,False,0
769,2024-12,1,Цифровая повседневность,0.679348,False,Гайнский,муниципальный округ Гайнский,муниципальный округ,п Гайны,Пермский край,60.304131,54.327332,True,1,1.000000,0.595715,0.329254,0,24,ядро типа,-0.082304,279.300000,0.039093,0.206856,0.008587,0.474824,0.044138,92.099149,False,0
770,2024-12,1,Цифровая повседневность,0.485713,False,Косинский,муниципальный округ Косинский,муниципальный округ,с Коса,Пермский край,59.944386,54.989826,True,1,1.000000,0.260743,0.078158,0,24,ядро типа,-0.131193,281.200000,0.043823,0.176625,0.009965,0.489141,0.048981,87.704830,False,0
771,2024-12,1,Цифровая повседневность,0.404650,False,Кочевский,муниципальный округ Кочевский,муниципальный округ,с Кочево,Пермский край,59.609367,54.326390,True,1,1.000000,0.234728,0.054855,0,24,ядро типа,-0.234019,287.800000,0.041103,0.163867,0.013649,0.475657,0.043125,79.134676,False,0
773,2024-12,1,Цифровая повседневность,0.273557,False,Юрлинский,муниципальный округ Юрлинский,муниципальный округ,с Юрла,Пермский край,59.328688,54.324655,True,1,0.958333,0.196438,0.021158,2,12,ядро типа,-0.261177,291.400000,0.030527,0.171655,0.014145,0.530467,0.038239,77.014448,False,0
774,2024-12,1,Цифровая повседневность,0.397001,False,Юсьвинский,муниципальный округ Юсьвинский,муниципальный округ,с Юсьва,Пермский край,58.964665,54.960574,True,1,1.000000,0.256190,0.024983,0,24,ядро типа,-0.303037,296.100000,0.032749,0.186576,0.010625,0.513395,0.039873,73.857185,False,0
775,2024-12,2,Автономные локальные центры,0.147527,False,Владивостокский,городской округ Владивостокский,городской округ,г Владивосток,Приморский край,43.115068,131.885577,True,2,0.833333,0.077776,0.000160,4,6,пограничный,0.626128,140.300000,0.051300,0.102649,0.055627,0.328578,0.068526,187.035527,False,2
776,2024-12,2,Автономные локальные центры,0.507592,False,Арсеньевский,городской округ Арсеньевский,городской округ,г Арсеньев,Приморский край,44.164445,133.270425,True,2,1.000000,0.491465,0.409421,0,24,ядро типа,0.335832,137.200000,0.045660,0.127458,0.031078,0.400959,0.052721,139.910452,False,0
777,2024-12,2,Автономные локальные центры,0.398357,False,Артемовский,городской округ Артемовский,городской округ,г Артем,Приморский край,43.357038,132.185363,True,2,1.000000,0.408049,0.300183,0,24,ядро типа,0.462525,142.100000,0.044161,0.116186,0.039026,0.369233,0.066367,158.807872,False,0
778,2024-12,2,Автономные локальные центры,0.523124,False,Большой Камень,городской округ Большой Камень,городской округ,г Большой Камень,Приморский край,43.112119,132.350910,True,2,1.000000,0.517947,0.474211,0,24,ядро типа,0.374066,138.400000,0.043884,0.125132,0.036898,0.388734,0.052267,145.363347,False,0
779,2024-12,2,Автономные локальные центры,0.529411,False,Дальнегорский,городской округ Дальнегорский,городской округ,г Дальнегорск,Приморский край,44.559457,135.575924,True,2,1.000000,0.483697,0.400933,0,24,ядро типа,0.241544,132.500000,0.040749,0.144266,0.016749,0.431275,0.047420,127.321404,False,0
780,2024-12,2,Автономные локальные центры,0.599121,False,Дальнереченский,городской округ Дальнереченский,городской округ,г Дальнереченск,Приморский край,45.933720,133.734906,True,2,1.000000,0.544996,0.445436,0,24,ядро типа,0.178344,140.700000,0.040318,0.147911,0.020880,0.402822,0.054247,119.523641,False,0
781,2024-12,2,Автономные локальные центры,0.605767,False,Лесозаводский,городской округ Лесозаводский,городской округ,г Лесозаводск,Приморский край,45.465339,133.404746,True,2,1.000000,0.612816,0.592306,0,24,ядро типа,0.155216,138.100000,0.034279,0.139831,0.022238,0.400574,0.054383,116.791039,False,0
782,2024-12,2,Автономные локальные центры,0.419773,False,Находкинский,городской округ Находкинский,городской округ,г Находка,Приморский край,42.824649,132.892600,True,2,1.000000,0.386046,0.295857,0,24,ядро типа,0.464306,134.800000,0.046036,0.117546,0.038995,0.366758,0.062342,159.090979,False,0
783,2024-12,2,Автономные локальные центры,0.438571,False,Партизанский,городской округ Партизанский,городской округ,г Партизанск,Приморский край,43.140665,133.143314,True,2,1.000000,0.371685,0.253446,0,24,ядро типа,0.154636,136.000000,0.045609,0.131871,0.016635,0.438428,0.041839,116.723339,False,0
784,2024-12,2,Автономные локальные центры,0.480288,False,Спасск-Дальний,городской округ Спасск-Дальний,городской округ,г Спасск-Дальний,Приморский край,44.598014,132.815701,True,2,1.000000,0.520078,0.400569,0,24,ядро типа,0.229460,148.100000,0.045134,0.123000,0.022530,0.418734,0.048755,125.792008,False,0
785,2024-12,2,Автономные локальные центры,0.287132,False,Уссурийский,городской округ Уссурийский,городской округ,г Уссурийск,Приморский край,43.797245,131.952075,True,2,1.000000,0.271696,0.184802,0,24,ядро типа,0.486250,139.300000,0.046683,0.108504,0.044317,0.354502,0.070318,162.620590,False,0
787,2024-12,2,Автономные локальные центры,0.359100,False,Анучинский,Анучинский муниципальный округ,муниципальный округ,с Анучино,Приморский край,43.965616,133.060658,True,2,1.000000,0.288022,0.139437,0,24,ядро типа,-0.010036,137.900000,0.033725,0.188176,0.011625,0.448433,0.043578,99.001431,False,0
788,2024-12,2,Автономные локальные центры,0.516679,False,Дальнереченский,Дальнереченский муниципальный район,муниципальный район,г Дальнереченск,Приморский край,45.933720,133.734906,True,2,1.000000,0.472338,0.297738,0,24,ядро типа,-0.062095,145.200000,0.029993,0.162999,0.036280,0.376785,0.066994,93.979352,False,0
789,2024-12,2,Автономные локальные центры,0.491486,False,Кавалеровский,Кавалеровский муниципальный округ,муниципальный округ,пгт Кавалерово,Приморский край,44.267364,135.055498,True,2,1.000000,0.481561,0.362809,0,24,ядро типа,0.159554,133.900000,0.043339,0.134294,0.025631,0.431240,0.062333,117.298786,False,0
790,2024-12,2,Автономные локальные центры,0.487940,False,Кировский,Кировский муниципальный район,муниципальный район,пгт Кировский,Приморский край,45.089763,133.506203,True,2,1.000000,0.478783,0.345920,0,24,ядро типа,0.100023,138.600000,0.039705,0.139106,0.017987,0.448448,0.063762,110.519594,False,0
791,2024-12,2,Автономные локальные центры,0.416263,False,Красноармейский,Красноармейский муниципальный округ,муниципальный округ,с Новопокровка,Приморский край,45.851823,134.500553,True,2,1.000000,0.428212,0.311794,0,24,ядро типа,0.155111,137.200000,0.034441,0.200401,0.005218,0.411078,0.046721,116.778730,False,0
792,2024-12,2,Автономные локальные центры,0.394931,False,Лазовский,Лазовский муниципальный округ,муниципальный округ,с Лазо,Приморский край,43.384794,133.905404,True,2,1.000000,0.365764,0.282789,0,24,ядро типа,0.138183,133.200000,0.038781,0.176512,0.006834,0.409895,0.035779,114.818519,False,0
793,2024-12,2,Автономные локальные центры,0.248991,False,Михайловский,Михайловский муниципальный район,муниципальный район,с Михайловка,Приморский край,43.937024,132.003314,True,2,1.000000,0.214050,0.061881,0,24,ядро типа,-0.158293,141.900000,0.043981,0.129060,0.014024,0.464004,0.034825,85.359962,False,0
794,2024-12,2,Автономные локальные центры,0.578964,False,Надеждинский,Надеждинский муниципальный район,муниципальный район,с Вольно-Надеждинское,Приморский край,43.370990,131.993336,True,2,1.000000,0.517242,0.428561,0,24,ядро типа,0.306710,144.700000,0.039922,0.133172,0.032970,0.391409,0.056905,135.894635,False,0
795,2024-12,2,Автономные локальные центры,0.272134,False,Октябрьский,Октябрьский муниципальный округ,муниципальный округ,с Покровка,Приморский край,43.952466,131.632963,True,2,1.000000,0.307995,0.183931,0,24,ядро типа,-0.109295,139.800000,0.037862,0.121790,0.013490,0.482390,0.031889,89.646577,False,0
796,2024-12,2,Автономные локальные центры,0.434010,False,Ольгинский,Ольгинский муниципальный округ,муниципальный округ,пгт Ольга,Приморский край,43.746101,135.290168,True,2,1.000000,0.337234,0.207635,0,24,ядро типа,0.179862,132.700000,0.038303,0.165990,0.010848,0.483136,0.058123,119.705199,False,0
797,2024-12,2,Автономные локальные центры,0.578929,False,Партизанский,Партизанский муниципальный округ,муниципальный округ,с Владимиро-Александровское,Приморский край,42.892237,133.078246,True,2,1.000000,0.492281,0.387106,0,24,ядро типа,0.186396,136.000000,0.029677,0.163683,0.018925,0.430290,0.045588,120.489899,False,0
798,2024-12,2,Автономные локальные центры,0.368437,False,Пограничный,Пограничный муниципальный округ,муниципальный округ,пгт Пограничный,Приморский край,44.403115,131.382506,True,2,1.000000,0.354026,0.217460,0,24,ядро типа,-0.007118,137.000000,0.041065,0.122978,0.021261,0.476942,0.044288,99.290693,False,0
799,2024-12,2,Автономные локальные центры,0.479632,False,Пожарский,Пожарский муниципальный округ,муниципальный округ,пгт Лучегорск,Приморский край,46.444319,134.300673,True,2,1.000000,0.440260,0.382121,0,24,ядро типа,0.246343,139.300000,0.038486,0.145764,0.018329,0.432746,0.031943,127.933777,False,0
800,2024-12,2,Автономные локальные центры,0.482200,False,Спасский,Спасский муниципальный район,муниципальный район,г Спасск-Дальний,Приморский край,44.598014,132.815701,True,2,1.000000,0.486856,0.413315,0,24,ядро типа,0.071784,155.400000,0.036374,0.124789,0.017414,0.460060,0.060432,107.442340,False,0
801,2024-12,2,Автономные локальные центры,0.370278,False,Тернейский,Тернейский муниципальный округ,муниципальный округ,пгт Терней,Приморский край,45.050405,136.613729,True,2,1.000000,0.430975,0.272544,0,24,ядро типа,0.232854,132.000000,0.040422,0.202575,0.007460,0.415535,0.056659,126.219747,False,0
802,2024-12,2,Автономные локальные центры,0.366966,False,Ханкайский,Ханкайский муниципальный округ,муниципальный округ,с Камень-Рыболов,Приморский край,44.742198,132.046790,True,2,1.000000,0.325483,0.179758,0,24,ядро типа,0.068485,137.400000,0.042414,0.139339,0.014282,0.472902,0.043218,107.088456,False,0
803,2024-12,2,Автономные локальные центры,0.596886,False,Хасанский,Хасанский муниципальный округ,муниципальный округ,пгт Славянка,Приморский край,42.860683,131.392412,True,2,1.000000,0.517205,0.396467,0,24,ядро типа,0.238398,135.100000,0.035132,0.158201,0.017748,0.428997,0.045145,126.921361,False,0
804,2024-12,2,Автономные локальные центры,0.319924,False,Хорольский,Хорольский муниципальный округ,муниципальный округ,с Хороль,Приморский край,44.425258,132.081662,True,2,1.000000,0.293065,0.136360,0,24,ядро типа,0.006518,139.100000,0.046195,0.126846,0.009172,0.448317,0.043383,100.653917,False,0
805,2024-12,2,Автономные локальные центры,0.472191,False,Черниговский,Черниговский муниципальный округ,муниципальный округ,с Черниговка,Приморский край,44.359137,132.494135,True,2,1.000000,0.520257,0.456132,0,24,ядро типа,0.153713,139.300000,0.039265,0.123733,0.020240,0.453821,0.044780,116.615636,False,0
806,2024-12,2,Автономные локальные центры,0.529444,False,Чугуевский,Чугуевский муниципальный округ,муниципальный округ,с Чугуевка,Приморский край,44.168667,133.872968,True,2,1.000000,0.491586,0.319399,0,24,ядро типа,0.160603,135.800000,0.035484,0.155773,0.016851,0.460192,0.053698,117.421876,False,0
807,2024-12,2,Автономные локальные центры,0.612676,False,Шкотовский,Шкотовский муниципальный округ,муниципальный округ,пгт Смоляниново,Приморский край,43.287495,132.456376,True,2,1.000000,0.508823,0.340662,0,24,ядро типа,0.142115,140.500000,0.037561,0.152967,0.023466,0.427027,0.045196,115.270875,False,0
808,2024-12,2,Автономные локальные центры,0.426300,False,Яковлевский,Яковлевский муниципальный округ,муниципальный округ,с Яковлевка,Приморский край,44.426300,133.474221,True,2,1.000000,0.284494,0.117117,0,24,ядро типа,0.043521,137.400000,0.034294,0.168876,0.016941,0.485181,0.046432,104.448171,False,0
809,2024-12,3,Крупные центры,0.496195,False,Ставрополь,городской округ город Ставрополь,городской округ,г Ставрополь,Ставропольский край,45.043324,41.969093,True,3,1.000000,0.547440,0.377569,0,24,ядро типа,0.329057,310.000000,0.051817,0.182267,0.051773,0.330499,0.067960,138.965735,False,0
810,2024-12,1,Цифровая повседневность,0.452609,False,Благодарненский,Благодарненский муниципальный округ,муниципальный округ,г Благодарный,Ставропольский край,45.100630,43.437219,True,1,1.000000,0.435806,0.345905,0,24,ядро типа,-0.098201,304.800000,0.047765,0.241199,0.016736,0.372068,0.053943,90.646685,False,0
811,2024-12,3,Крупные центры,0.072055,False,Георгиевский,Георгиевский муниципальный округ,муниципальный округ,г Георгиевск,Ставропольский край,44.147894,43.474172,True,3,0.916667,0.190615,0.031647,2,21,ядро типа,0.047842,306.300000,0.048901,0.223826,0.036141,0.350817,0.069641,104.900528,False,0
812,2024-12,3,Крупные центры,0.473452,False,Ессентуки,городской округ город-курорт Ессентуки,городской округ,г Ессентуки,Ставропольский край,44.047004,42.857658,True,3,1.000000,0.512348,0.340840,0,24,ядро типа,0.302603,310.300000,0.049818,0.203115,0.047112,0.315007,0.068417,135.337652,False,0
813,2024-12,3,Крупные центры,0.319628,False,Железноводск,городской округ город-курорт Железноводск,городской округ,г Железноводск,Ставропольский край,44.142403,43.009075,True,3,0.833333,0.320151,0.070387,1,20,устойчивый,0.246703,309.600000,0.048787,0.224098,0.044723,0.327010,0.063046,127.979936,False,1
814,2024-12,1,Цифровая повседневность,0.477547,False,Изобильненский,Изобильненский муниципальный округ,муниципальный округ,г Изобильный,Ставропольский край,45.374080,41.712115,True,1,1.000000,0.435739,0.360200,0,24,ядро типа,0.060001,313.600000,0.050136,0.218774,0.024604,0.409465,0.053614,106.183743,False,0
815,2024-12,1,Цифровая повседневность,0.507194,False,Ипатовский,Ипатовский муниципальный округ,муниципальный округ,г Ипатово,Ставропольский край,45.719723,42.916286,True,1,1.000000,0.515698,0.408126,0,24,ядро типа,-0.069820,309.100000,0.047319,0.227157,0.018149,0.374427,0.049398,93.256197,False,0
817,2024-12,1,Цифровая повседневность,0.335126,False,Кировский,Кировский муниципальный округ,муниципальный округ,г Новопавловск,Ставропольский край,43.961891,43.631100,True,1,1.000000,0.403141,0.317281,0,24,ядро типа,-0.094609,304.800000,0.033961,0.257180,0.018097,0.341339,0.043669,90.972874,False,0
818,2024-12,3,Крупные центры,0.012910,False,Лермонтов,городской округ город Лермонтов,городской округ,г Лермонтов,Ставропольский край,44.105047,42.973147,True,3,0.625000,0.181809,0.012910,1,15,пограничный,0.260624,309.600000,0.044745,0.235014,0.036351,0.353979,0.055748,129.773976,False,1
819,2024-12,3,Крупные центры,0.272908,False,Минераловодский,Минераловодский муниципальный округ,муниципальный округ,г Минеральные Воды,Ставропольский край,44.210738,43.134969,True,3,1.000000,0.345507,0.079495,0,24,ядро типа,0.177520,309.100000,0.046922,0.212116,0.042258,0.344121,0.068000,119.425169,False,0
820,2024-12,3,Крупные центры,0.187922,False,Невинномысск,городской округ город Невинномысск,городской округ,г Невинномысск,Ставропольский край,44.624581,41.947594,True,3,0.833333,0.227693,0.037825,1,20,устойчивый,0.231122,312.600000,0.047038,0.196014,0.039515,0.370854,0.063913,126.001262,False,1
821,2024-12,1,Цифровая повседневность,0.417225,False,Нефтекумский,Нефтекумский муниципальный округ,муниципальный округ,г Нефтекумск,Ставропольский край,44.752205,44.985077,True,1,1.000000,0.410019,0.342668,0,24,ядро типа,-0.109398,296.300000,0.050500,0.218717,0.020873,0.371314,0.054722,89.637346,False,0
822,2024-12,1,Цифровая повседневность,0.512784,False,Новоалександровский,Новоалександровский муниципальный округ,муниципальный округ,г Новоалександровск,Ставропольский край,45.495253,41.219887,True,1,1.000000,0.459138,0.336087,0,24,ядро типа,0.013707,317.600000,0.049446,0.216786,0.011565,0.393869,0.053271,101.380149,False,0
823,2024-12,1,Цифровая повседневность,0.432554,False,Петровский,Петровский муниципальный округ,муниципальный округ,г Светлоград,Ставропольский край,45.340613,42.845929,True,1,1.000000,0.363806,0.201276,0,24,ядро типа,-0.072794,308.900000,0.050174,0.224425,0.019527,0.381896,0.058679,92.979244,False,0
824,2024-12,3,Крупные центры,0.530418,False,Пятигорск,городской округ город-курорт Пятигорск,городской округ,г Пятигорск,Ставропольский край,44.039775,43.070667,True,3,1.000000,0.544435,0.463436,0,24,ядро типа,0.305441,308.100000,0.050470,0.195987,0.055005,0.304342,0.073892,135.722309,False,0
825,2024-12,1,Цифровая повседневность,0.382873,False,Советский,Советский муниципальный округ,муниципальный округ,г Зеленокумск,Ставропольский край,44.403175,43.884163,True,1,1.000000,0.390842,0.256696,0,24,ядро типа,-0.059348,303.200000,0.050973,0.249510,0.018678,0.354363,0.052018,94.237841,False,0
826,2024-12,1,Цифровая повседневность,0.469579,False,Александровский,Александровский муниципальный округ,муниципальный округ,с Александровское,Ставропольский край,44.712477,43.000500,True,1,1.000000,0.464387,0.363466,0,24,ядро типа,-0.121591,308.100000,0.046740,0.227064,0.012788,0.358597,0.049625,88.551075,False,0
827,2024-12,1,Цифровая повседневность,0.501962,False,Андроповский,Андроповский муниципальный округ,муниципальный округ,с Курсавка,Ставропольский край,44.461643,42.508231,True,1,1.000000,0.460705,0.279667,0,24,ядро типа,-0.093020,309.100000,0.045998,0.265620,0.010908,0.396589,0.042823,91.117505,False,0
828,2024-12,1,Цифровая повседневность,0.490982,False,Апанасенковский,Апанасенковский муниципальный округ,муниципальный округ,с Дивное,Ставропольский край,45.910305,43.341801,True,1,1.000000,0.534232,0.440988,0,24,ядро типа,-0.152434,309.300000,0.045445,0.254139,0.009139,0.391800,0.054512,85.861554,False,0
829,2024-12,1,Цифровая повседневность,0.529891,False,Арзгирский,Арзгирский муниципальный округ,муниципальный округ,с Арзгир,Ставропольский край,45.369194,44.212685,True,1,1.000000,0.463932,0.386571,0,24,ядро типа,-0.205763,303.900000,0.049068,0.234907,0.008014,0.395759,0.049824,81.402613,False,0
830,2024-12,1,Цифровая повседневность,0.210543,False,Будённовский,Будённовский муниципальный округ,муниципальный округ,г Будённовск,Ставропольский край,44.780533,44.163357,True,1,0.875000,0.135894,0.006558,4,4,устойчивый,0.124800,302.000000,0.048593,0.221208,0.027216,0.356204,0.064293,113.292201,False,0
831,2024-12,1,Цифровая повседневность,0.506994,False,Грачёвский,Грачёвский муниципальный округ,муниципальный округ,с Грачёвка,Ставропольский край,45.202821,42.399057,True,1,1.000000,0.579181,0.469118,0,24,ядро типа,-0.186630,313.300000,0.041982,0.256305,0.013648,0.378579,0.044318,82.975090,False,0
832,2024-12,1,Цифровая повседневность,0.502060,False,Кочубеевский,Кочубеевский муниципальный округ,муниципальный округ,с Кочубеевское,Ставропольский край,44.686732,41.825956,True,1,1.000000,0.502100,0.365851,0,24,ядро типа,-0.029622,313.600000,0.047578,0.230538,0.017909,0.392957,0.053157,97.081224,False,0
833,2024-12,1,Цифровая повседневность,0.673537,False,Красногвардейский,Красногвардейский муниципальный округ,муниципальный округ,с Красногвардейское,Ставропольский край,45.840508,41.514591,True,1,1.000000,0.656492,0.492183,0,24,ядро типа,-0.103716,317.400000,0.046493,0.219287,0.016761,0.413040,0.046288,90.148170,False,0
834,2024-12,1,Цифровая повседневность,0.175090,False,Курский,Курский муниципальный округ,муниципальный округ,ст-ца Курская,Ставропольский край,44.043141,44.462527,True,1,1.000000,0.160281,0.087328,0,24,ядро типа,-0.224999,298.500000,0.048326,0.277429,0.014259,0.275309,0.068326,79.851676,False,0
835,2024-12,1,Цифровая повседневность,0.415850,False,Левокумский,Левокумский муниципальный округ,муниципальный округ,с Левокумское,Ставропольский край,44.822536,44.660427,True,1,1.000000,0.399798,0.293469,0,24,ядро типа,-0.256831,299.900000,0.051997,0.269653,0.014601,0.368953,0.048059,77.349868,False,0
836,2024-12,1,Цифровая повседневность,0.432424,False,Новоселицкий,Новоселицкий муниципальный округ,муниципальный округ,с Новоселицкое,Ставропольский край,44.756466,43.434083,True,1,1.000000,0.421966,0.263788,0,24,ядро типа,-0.176740,305.500000,0.048656,0.261274,0.009694,0.359173,0.045351,83.799794,False,0
838,2024-12,1,Цифровая повседневность,0.402441,False,Степновский,Степновский муниципальный округ,муниципальный округ,с Степное,Ставропольский край,44.268863,44.594409,True,1,1.000000,0.447288,0.358337,0,24,ядро типа,-0.235731,295.600000,0.041835,0.273761,0.009427,0.360665,0.044991,78.999277,False,0
839,2024-12,1,Цифровая повседневность,0.560813,False,Труновский,Труновский муниципальный округ,муниципальный округ,с Донское,Ставропольский край,45.454816,41.975638,True,1,1.000000,0.491491,0.342456,0,24,ядро типа,-0.163715,315.900000,0.046468,0.250063,0.013266,0.395302,0.045054,84.898374,False,0
840,2024-12,1,Цифровая повседневность,0.343444,False,Туркменский,Туркменский муниципальный округ,муниципальный округ,с Летняя Ставка,Ставропольский край,45.426357,43.442570,True,1,1.000000,0.367601,0.110059,0,24,ядро типа,-0.248669,304.600000,0.048141,0.288849,0.006077,0.330716,0.055639,77.983783,False,0
841,2024-12,3,Крупные центры,0.220930,False,Шпаковский,Шпаковский муниципальный округ,муниципальный округ,г Михайловск,Ставропольский край,45.132491,42.026330,True,3,0.916667,0.277093,0.035296,2,21,ядро типа,0.276667,316.600000,0.043637,0.205045,0.040533,0.353129,0.067438,131.872663,False,0
842,2024-12,2,Автономные локальные центры,0.174619,False,Хабаровск,городской округ город Хабаровск,городской округ,г Хабаровск,Хабаровский край,48.481257,135.076297,True,2,0.750000,0.092665,0.009250,4,5,пограничный,0.590745,173.300000,0.047267,0.111255,0.052193,0.351492,0.062795,180.533288,False,2
843,2024-12,2,Автономные локальные центры,0.596762,False,Комсомольск-на-Амуре,городской округ город Комсомольск-на-Амуре,городской округ,г Комсомольск-на-Амуре,Хабаровский край,50.549728,137.009919,True,2,1.000000,0.575319,0.544683,0,24,ядро типа,0.492268,141.700000,0.037449,0.129653,0.046365,0.379968,0.057764,163.602234,False,0
844,2024-12,2,Автономные локальные центры,0.427518,False,Амурский,Амурский муниципальный район,муниципальный район,г Амурск,Хабаровский край,50.226559,136.910092,True,2,1.000000,0.435704,0.368989,0,24,ядро типа,0.254464,136.500000,0.027867,0.167895,0.027032,0.383723,0.028416,128.976967,False,0
846,2024-12,2,Автономные локальные центры,0.559936,False,Бикинский,Бикинский муниципальный район,муниципальный район,г Бикин,Хабаровский край,46.819363,134.254822,True,2,1.000000,0.562972,0.493737,0,24,ядро типа,0.349767,139.800000,0.025377,0.154802,0.022254,0.431091,0.046504,141.873740,False,0
847,2024-12,2,Автономные локальные центры,0.569576,False,Ванинский,Ванинский муниципальный район,муниципальный район,рп Ванино,Хабаровский край,49.090481,140.260864,True,2,1.000000,0.533066,0.492096,0,24,ядро типа,0.424913,135.500000,0.029315,0.169148,0.027021,0.414329,0.043338,152.945702,False,0
848,2024-12,2,Автономные локальные центры,0.424753,False,Верхнебуреинский,Верхнебуреинский муниципальный район,муниципальный район,рп Чегдомын,Хабаровский край,51.134487,133.035553,True,2,1.000000,0.374712,0.300860,0,24,ядро типа,0.316758,138.100000,0.029906,0.120811,0.022261,0.457013,0.031161,137.267090,False,0
849,2024-12,2,Автономные локальные центры,0.435253,False,Вяземский,Вяземский муниципальный район,муниципальный район,г Вяземский,Хабаровский край,47.533455,134.757874,True,2,1.000000,0.355286,0.247698,0,24,ядро типа,0.135042,141.700000,0.034897,0.138890,0.009275,0.462213,0.039468,114.458480,False,0
851,2024-12,2,Автономные локальные центры,0.399904,False,Лазо,муниципальный район имени Лазо,муниципальный район,рп Переяславка,Хабаровский край,47.968636,135.054947,True,2,1.000000,0.346407,0.266925,0,24,ядро типа,0.033126,143.800000,0.029829,0.160906,0.010181,0.451609,0.036974,103.368055,False,0
852,2024-12,2,Автономные локальные центры,0.272222,False,Нанайский,Нанайский муниципальный район,муниципальный район,с Троицкое,Хабаровский край,49.441264,136.548687,True,2,1.000000,0.278774,0.180285,0,24,ядро типа,0.035326,139.300000,0.033625,0.205941,0.021179,0.468083,0.037041,103.595772,False,0
853,2024-12,2,Автономные локальные центры,0.508986,False,Николаевский,Николаевский муниципальный район,муниципальный район,г Николаевск-на-Амуре,Хабаровский край,53.138729,140.724930,True,2,1.000000,0.385647,0.308047,0,24,ядро типа,0.446823,127.700000,0.034722,0.139834,0.023070,0.424581,0.035352,156.333759,False,0
854,2024-12,2,Автономные локальные центры,0.147315,False,Охотский,Охотский муниципальный округ,муниципальный округ,рп Охотск,Хабаровский край,59.361995,143.214651,True,2,1.000000,0.111068,0.032223,0,24,устойчивый,0.527291,323.250000,0.043298,0.060934,0.027406,0.562931,0.038049,169.433631,True,0
855,2024-12,2,Автономные локальные центры,0.385750,False,Полины Осипенко,муниципальный район имени Полины Осипенко,муниципальный район,с им Полины Осипенко,Хабаровский край,52.422848,136.489380,True,2,1.000000,0.373288,0.287164,0,24,ядро типа,0.204115,134.400000,0.025944,0.085987,0.023661,0.494493,0.046644,122.643977,False,0
856,2024-12,2,Автономные локальные центры,0.548747,False,Советско-Гаванский,Советско-Гаванский муниципальный район,муниципальный район,г Советская Гавань,Хабаровский край,48.966303,140.284958,True,2,1.000000,0.515592,0.459269,0,24,ядро типа,0.369122,133.900000,0.029444,0.166195,0.022083,0.424253,0.040804,144.646347,False,0
857,2024-12,2,Автономные локальные центры,0.333301,False,Солнечный,Солнечный муниципальный район,муниципальный район,рп Солнечный,Хабаровский край,50.723808,136.640060,True,2,1.000000,0.299216,0.251768,0,24,ядро типа,0.104163,137.700000,0.029337,0.121617,0.015888,0.452584,0.020880,110.978105,False,0
859,2024-12,2,Автономные локальные центры,0.330718,False,Ульчский,Ульчский муниципальный район,муниципальный район,с Богородское,Хабаровский край,52.382556,140.450027,True,2,1.000000,0.300112,0.197339,0,24,ядро типа,0.171291,129.600000,0.028573,0.214063,0.008816,0.468186,0.045452,118.683551,False,0
860,2024-12,3,Крупные центры,0.013519,True,Хабаровский,Хабаровский муниципальный район,муниципальный район,г Хабаровск,Хабаровский край,48.481257,135.076297,True,3,0.708333,0.099150,0.013519,3,1,пограничный,0.471092,399.300000,0.038328,0.136635,0.042151,0.368811,0.063207,160.174173,False,2
870,2024-12,2,Автономные локальные центры,0.477105,False,Архаринский,Архаринский муниципальный округ,муниципальный округ,рп (пгт) Архара,Амурская область,49.422428,130.085831,True,2,1.000000,0.479836,0.434420,0,24,ядро типа,0.036336,144.000000,0.035253,0.136325,0.012463,0.450013,0.062435,103.700399,False,0
871,2024-12,2,Автономные локальные центры,0.564846,False,Белогорский,Белогорский муниципальный округ,муниципальный округ,г Белогорск,Амурская область,50.921326,128.472870,True,2,1.000000,0.603711,0.509584,0,24,ядро типа,0.223128,175.900000,0.039316,0.126933,0.018932,0.421221,0.054111,124.998077,False,0
872,2024-12,2,Автономные локальные центры,0.204002,False,Благовещенский,Благовещенский муниципальный округ,муниципальный округ,г Благовещенск,Амурская область,50.260042,127.533738,True,2,1.000000,0.234839,0.131622,0,24,ядро типа,0.493584,236.100000,0.044275,0.098394,0.048089,0.369625,0.079403,163.817642,False,0
873,2024-12,2,Автономные локальные центры,0.413685,False,Бурейский,Бурейский муниципальный округ,муниципальный округ,рп (пгт) Новобурейский,Амурская область,49.793960,129.873411,True,2,1.000000,0.475246,0.413685,0,24,ядро типа,0.067076,144.700000,0.034762,0.133147,0.019453,0.451786,0.032920,106.937670,False,0
874,2024-12,2,Автономные локальные центры,0.338945,False,Завитинский,Завитинский муниципальный округ,муниципальный округ,г Завитинск,Амурская область,50.111154,129.440234,True,2,1.000000,0.361769,0.295489,0,24,ядро типа,-0.047210,145.200000,0.042003,0.123589,0.014678,0.457868,0.037228,95.388734,False,0
875,2024-12,2,Автономные локальные центры,0.537791,False,Зейский,Зейский муниципальный округ,муниципальный округ,г Зея,Амурская область,53.740358,127.271625,True,2,1.000000,0.529992,0.452689,0,24,ядро типа,0.339981,149.500000,0.032680,0.110196,0.035133,0.386048,0.040850,140.492053,False,0
876,2024-12,2,Автономные локальные центры,0.536398,False,Ивановский,Ивановский муниципальный округ,муниципальный округ,с Ивановка,Амурская область,50.358143,128.003128,True,2,1.000000,0.530478,0.443862,0,24,ядро типа,0.168148,146.400000,0.039197,0.124691,0.020756,0.426275,0.054803,118.311203,False,0
877,2024-12,2,Автономные локальные центры,0.385754,False,Константиновский,Константиновский муниципальный район,муниципальный район,с Константиновка,Амурская область,49.618000,127.985253,True,2,1.000000,0.320240,0.221784,0,24,ядро типа,-0.064291,144.000000,0.036426,0.128704,0.018213,0.485938,0.045122,93.773176,False,0
878,2024-12,2,Автономные локальные центры,0.520003,False,Магдагачинский,Магдагачинский муниципальный район,муниципальный район,рп (пгт) Магдагачи,Амурская область,53.450909,125.803542,True,2,1.000000,0.510629,0.446472,0,24,ядро типа,0.066817,148.300000,0.037994,0.141184,0.024265,0.421881,0.037707,106.909975,False,0
879,2024-12,2,Автономные локальные центры,0.436505,False,Мазановский,Мазановский муниципальный район,муниципальный район,с Новокиевский Увал,Амурская область,51.662439,128.920503,True,2,1.000000,0.429754,0.345882,0,24,ядро типа,0.049308,145.700000,0.026128,0.114561,0.017575,0.474179,0.060166,105.054390,False,0
880,2024-12,2,Автономные локальные центры,0.388803,False,Михайловский,Михайловский муниципальный район,муниципальный район,с Поярково,Амурская область,49.621155,128.650970,True,2,1.000000,0.293136,0.227134,0,24,ядро типа,0.052583,144.000000,0.036320,0.134711,0.012292,0.485037,0.042247,105.399043,False,0
881,2024-12,2,Автономные локальные центры,0.485665,False,Октябрьский,Октябрьский муниципальный район,муниципальный район,с Екатеринославка,Амурская область,50.371284,129.107193,True,2,1.000000,0.527541,0.430994,0,24,ядро типа,0.157795,145.900000,0.042338,0.130746,0.024730,0.458963,0.054900,117.092610,False,0
882,2024-12,2,Автономные локальные центры,0.285808,False,Ромненский,Ромненский муниципальный округ,муниципальный округ,с Ромны,Амурская область,50.718391,129.290924,True,2,1.000000,0.265980,0.163039,0,24,ядро типа,-0.048727,145.700000,0.045911,0.144002,0.012407,0.493845,0.047979,95.244103,False,0
883,2024-12,2,Автономные локальные центры,0.462815,False,Свободненский,Свободненский муниципальный район,муниципальный район,г Свободный,Амурская область,51.377354,128.134750,True,2,1.000000,0.523268,0.424459,0,24,ядро типа,0.021026,165.100000,0.035044,0.122849,0.060475,0.438153,0.036852,102.124844,False,0
884,2024-12,2,Автономные локальные центры,0.449030,False,Селемджинский,Селемджинский муниципальный район,муниципальный район,рп (пгт) Экимчан,Амурская область,53.068481,132.940369,True,2,1.000000,0.407145,0.309985,0,24,ядро типа,0.271778,138.100000,0.037331,0.143698,0.030859,0.393809,0.025560,131.229517,False,0
885,2024-12,2,Автономные локальные центры,0.458001,False,Серышевский,Серышевский муниципальный округ,муниципальный округ,рп (пгт) Серышево,Амурская область,51.091206,128.380920,True,2,1.000000,0.523685,0.410790,0,24,ядро типа,0.086314,147.100000,0.034494,0.123215,0.014848,0.462852,0.040761,109.014817,False,0
886,2024-12,2,Автономные локальные центры,0.508123,False,Сковородинский,Сковородинский муниципальный округ,муниципальный округ,г Сковородино,Амурская область,53.986257,123.937345,True,2,1.000000,0.498460,0.445633,0,24,ядро типа,0.117029,149.200000,0.034190,0.164709,0.017355,0.434070,0.036845,112.415183,False,0
888,2024-12,2,Автономные локальные центры,0.549223,False,Тындинский,Тындинский муниципальный округ,муниципальный округ,г Тында,Амурская область,55.149694,124.737588,True,2,1.000000,0.522468,0.460684,0,24,ядро типа,0.404033,158.400000,0.026543,0.151762,0.029111,0.376579,0.037083,149.785362,False,0
889,2024-12,2,Автономные локальные центры,0.512612,False,Шимановский,Шимановский муниципальный округ,муниципальный округ,г Шимановск,Амурская область,51.998702,127.671916,True,2,1.000000,0.561215,0.412809,0,24,ядро типа,0.154794,152.500000,0.037984,0.123626,0.018926,0.437778,0.043520,116.741803,False,0
890,2024-12,2,Автономные локальные центры,0.323144,False,Архангельск,городской округ город Архангельск,городской округ,г Архангельск,Архангельская область,64.543022,40.537121,True,2,1.000000,0.233383,0.045892,0,24,ядро типа,0.425637,261.400000,0.043247,0.157143,0.049238,0.380916,0.051631,153.056483,False,0
891,2024-12,2,Автономные локальные центры,0.070102,True,Коряжма,городской округ город Коряжма,городской округ,г Коряжма,Архангельская область,61.315252,47.160729,True,2,0.750000,0.151118,0.005674,2,1,устойчивый,0.188513,287.400000,0.041924,0.174346,0.039324,0.427061,0.033921,120.745311,False,1
892,2024-12,2,Автономные локальные центры,0.272582,False,Котлас,городской округ Котлас,городской округ,г Котлас,Архангельская область,61.252151,46.647629,True,2,1.000000,0.295770,0.241741,0,24,ядро типа,0.270511,296.100000,0.040126,0.174990,0.037567,0.400413,0.046817,131.063345,False,0
895,2024-12,1,Цифровая повседневность,0.170952,False,Новодвинск,городской округ город Новодвинск,городской округ,г Новодвинск,Архангельская область,64.419212,40.793793,True,1,0.875000,0.132549,0.019806,1,21,устойчивый,0.025835,260.000000,0.036465,0.185144,0.028578,0.453354,0.022851,102.617205,False,1
896,2024-12,2,Автономные локальные центры,0.291165,False,Северодвинск,городской округ Северодвинск,городской округ,г Северодвинск,Архангельская область,64.563385,39.823769,True,2,1.000000,0.198389,0.033968,0,24,ядро типа,0.463842,253.600000,0.040619,0.162284,0.059042,0.377494,0.050469,159.017125,False,0
897,2024-12,1,Цифровая повседневность,0.335932,False,Вельский,Вельский муниципальный район,муниципальный район,г Вельск,Архангельская область,61.075645,42.097958,True,1,1.000000,0.199820,0.024323,0,24,ядро типа,0.138745,299.200000,0.035866,0.207350,0.031875,0.444861,0.047518,114.883141,False,0
898,2024-12,1,Цифровая повседневность,0.541809,False,Верхнетоемский,Верхнетоемский муниципальный округ,муниципальный округ,с Верхняя Тойма,Архангельская область,62.235364,45.000790,True,1,1.000000,0.393277,0.167599,0,24,ядро типа,-0.171612,276.000000,0.038105,0.206013,0.008658,0.480016,0.030067,84.230609,False,0
899,2024-12,1,Цифровая повседневность,0.600896,False,Вилегодский,муниципальный округ Вилегодский,муниципальный округ,с Ильинско-Подомское,Архангельская область,61.115704,47.978310,True,1,1.000000,0.492950,0.220914,0,24,ядро типа,-0.055665,284.800000,0.041481,0.213391,0.016657,0.401926,0.048508,94.585571,False,0
900,2024-12,1,Цифровая повседневность,0.471894,False,Виноградовский,Виноградовский муниципальный округ,муниципальный округ,п Березник,Архангельская область,62.855541,42.710133,True,1,1.000000,0.356635,0.214039,0,24,ядро типа,-0.025131,276.500000,0.035153,0.204607,0.013537,0.516314,0.038814,97.518194,False,0
901,2024-12,1,Цифровая повседневность,0.471897,False,Каргопольский,муниципальный округ Каргопольский,муниципальный округ,г Каргополь,Архангельская область,61.509121,38.940796,True,1,1.000000,0.326691,0.140817,0,24,ядро типа,0.026315,287.100000,0.036747,0.203099,0.020951,0.479154,0.042292,102.666441,False,0
902,2024-12,1,Цифровая повседневность,0.187457,False,Коношский,Коношский муниципальный район,муниципальный район,рп Коноша,Архангельская область,60.973812,40.256710,True,1,0.916667,0.105950,0.013210,4,6,устойчивый,0.063819,297.000000,0.027427,0.196027,0.017524,0.472314,0.042757,106.589940,False,0
903,2024-12,1,Цифровая повседневность,0.143029,False,Котласский,Котласский муниципальный округ,муниципальный округ,г Котлас,Архангельская область,61.252151,46.647629,True,1,0.875000,0.223290,0.005467,3,10,устойчивый,-0.121591,314.500000,0.027488,0.184598,0.014908,0.387615,0.038782,88.551075,False,0
904,2024-12,1,Цифровая повседневность,0.532184,False,Красноборский,Красноборский муниципальный округ,муниципальный округ,с Красноборск,Архангельская область,61.556374,45.934135,True,1,1.000000,0.402627,0.245534,0,24,ядро типа,-0.179719,284.500000,0.034290,0.203713,0.013885,0.490626,0.039483,83.550536,False,0
905,2024-12,1,Цифровая повседневность,0.247927,False,Ленский,Ленский муниципальный район,муниципальный район,с Яренск,Архангельская область,62.172482,49.088966,True,1,0.916667,0.139408,0.002838,2,15,устойчивый,0.124066,274.400000,0.034820,0.202316,0.019163,0.435973,0.045720,113.209115,False,0
907,2024-12,1,Цифровая повседневность,0.193725,False,Мезенский,Мезенский муниципальный округ,муниципальный округ,г Мезень,Архангельская область,65.843956,44.244141,True,1,0.875000,0.140439,0.000797,6,12,устойчивый,-0.179866,240.900000,0.038199,0.155708,0.009430,0.556120,0.038199,83.538227,False,0
908,2024-12,1,Цифровая повседневность,0.226719,False,Няндомский,Няндомский муниципальный округ,муниципальный округ,г Няндома,Архангельская область,61.661299,40.197040,True,1,0.833333,0.085649,0.005920,6,6,пограничный,0.115851,287.600000,0.031051,0.198695,0.020089,0.459822,0.038862,112.282861,False,0
909,2024-12,1,Цифровая повседневность,0.078881,False,Онежский,Онежский муниципальный район,муниципальный район,г Онега,Архангельская область,63.911644,38.094822,True,1,0.791667,0.070952,0.002818,6,6,пограничный,0.115659,250.500000,0.034977,0.181464,0.021491,0.490968,0.033552,112.261320,False,0
911,2024-12,1,Цифровая повседневность,0.108798,False,Плесецкий,Плесецкий муниципальный округ,муниципальный округ,рп Плесецк,Архангельская область,62.709524,40.284388,True,1,0.500000,0.066569,0.010534,8,3,пограничный,0.128893,270.100000,0.032759,0.187248,0.021884,0.467687,0.040523,113.756866,False,1
912,2024-12,2,Автономные локальные центры,0.317845,False,Приморский,Приморский муниципальный округ,муниципальный округ,г Архангельск,Архангельская область,64.543022,40.537121,True,2,1.000000,0.288593,0.160284,0,24,ядро типа,0.281996,325.400000,0.029362,0.194462,0.039552,0.366943,0.053803,132.577354,False,0
913,2024-12,1,Цифровая повседневность,0.510734,False,Устьянский,Устьянский муниципальный округ,муниципальный округ,рп Октябрьский,Архангельская область,61.090485,43.171482,True,1,1.000000,0.285070,0.160958,0,24,ядро типа,0.051415,293.700000,0.036041,0.210634,0.023355,0.456228,0.043729,105.275953,False,0
914,2024-12,1,Цифровая повседневность,0.340948,False,Холмогорский,Холмогорский муниципальный округ,муниципальный округ,с Холмогоры,Архангельская область,64.227001,41.651243,True,1,1.000000,0.299037,0.196028,0,24,ядро типа,-0.169860,261.900000,0.028665,0.237892,0.008862,0.506018,0.026513,84.378318,False,0
915,2024-12,1,Цифровая повседневность,0.646634,False,Шенкурский,Шенкурский муниципальный округ,муниципальный округ,г Шенкурск,Архангельская область,62.105928,42.907643,True,1,1.000000,0.538034,0.358929,0,24,ядро типа,-0.085149,283.400000,0.039606,0.212941,0.015380,0.478388,0.036691,91.837583,False,0
916,2024-12,2,Автономные локальные центры,0.568384,False,Нарьян-Мар,городской округ город Нарьян-Мар,городской округ,г Нарьян-Мар,Ненецкий автономный округ,67.638018,53.007104,True,2,1.000000,0.447892,0.254503,0,24,ядро типа,0.537087,209.700000,0.030826,0.150732,0.046491,0.383116,0.041941,171.101503,False,0
917,2024-12,2,Автономные локальные центры,0.554526,False,Заполярный,муниципальный район Заполярный район,муниципальный район,рп Искателей,Ненецкий автономный округ,67.676239,53.129215,True,2,1.000000,0.470419,0.336274,0,24,ядро типа,0.466181,210.200000,0.026141,0.134451,0.031373,0.425747,0.044849,159.389473,False,0
918,2024-12,3,Крупные центры,0.130624,False,Астрахань,городской округ город Астрахань,городской округ,г Астрахань,Астраханская область,46.349831,48.032620,True,3,0.875000,0.240542,0.017192,3,21,устойчивый,0.211191,285.700000,0.046066,0.180602,0.046564,0.354103,0.064453,123.514840,False,0
920,2024-12,1,Цифровая повседневность,0.606346,False,Ахтубинский,Ахтубинский муниципальный район,муниципальный район,г Ахтубинск,Астраханская область,48.284813,46.164371,True,1,1.000000,0.678968,0.606346,0,24,ядро типа,-0.019718,306.000000,0.039420,0.225912,0.018486,0.396083,0.045509,98.047482,False,0
922,2024-12,1,Цифровая повседневность,0.564066,False,Енотаевский,Енотаевский муниципальный район,муниципальный район,с Енотаевка,Астраханская область,47.244400,47.035492,True,1,1.000000,0.565440,0.437726,0,24,ядро типа,-0.244770,293.700000,0.043001,0.252034,0.012657,0.438348,0.052081,78.288431,False,0
923,2024-12,1,Цифровая повседневность,0.428183,False,Икрянинский,Икрянинский муниципальный район,муниципальный район,с Икряное,Астраханская область,46.097921,47.736269,True,1,1.000000,0.552225,0.414313,0,24,ядро типа,-0.275788,288.300000,0.035517,0.283571,0.008636,0.427060,0.030936,75.897404,False,0
924,2024-12,1,Цифровая повседневность,0.578379,False,Камызякский,Камызякский муниципальный район,муниципальный район,г Камызяк,Астраханская область,46.120527,48.081562,True,1,1.000000,0.631426,0.516758,0,24,ядро типа,-0.338922,286.700000,0.039473,0.245649,0.010538,0.431268,0.041805,71.253827,False,0
925,2024-12,1,Цифровая повседневность,0.566366,False,Красноярский,Красноярский муниципальный район,муниципальный район,с Красный Яр,Астраханская область,46.532945,48.352695,True,1,1.000000,0.626355,0.482322,0,24,ядро типа,-0.378790,287.800000,0.035551,0.231011,0.010831,0.432360,0.047416,68.468912,False,0
926,2024-12,1,Цифровая повседневность,0.638796,False,Лиманский,Лиманский муниципальный район,муниципальный район,рп Лиман,Астраханская область,45.783509,47.225547,True,1,1.000000,0.655446,0.582716,0,24,ядро типа,-0.207617,284.500000,0.042228,0.233904,0.013331,0.414937,0.050523,81.251827,False,0
927,2024-12,3,Крупные центры,0.069355,False,Наримановский,Наримановский муниципальный район,муниципальный район,г Нариманов,Астраханская область,46.679878,47.861026,True,3,0.666667,0.091850,0.002517,5,3,пограничный,0.095194,290.700000,0.042555,0.191260,0.043506,0.366823,0.076828,109.987229,False,1
928,2024-12,3,Крупные центры,0.119678,False,Приволжский,Приволжский муниципальный район,муниципальный район,с Началово,Астраханская область,46.338798,48.194564,True,3,0.833333,0.137145,0.013436,3,20,устойчивый,0.169344,291.900000,0.040761,0.199205,0.042813,0.349986,0.080430,118.452756,False,0
929,2024-12,1,Цифровая повседневность,0.538534,False,Харабалинский,Харабалинский муниципальный район,муниципальный район,г Харабали,Астраханская область,47.408374,47.253890,True,1,1.000000,0.513799,0.424229,0,24,ядро типа,-0.267631,291.100000,0.041945,0.232888,0.014317,0.415588,0.060162,76.519010,False,0
930,2024-12,1,Цифровая повседневность,0.489482,False,Черноярский,Черноярский муниципальный район,муниципальный район,с Черный Яр,Астраханская область,48.061531,46.113724,True,1,1.000000,0.504766,0.339621,0,24,ядро типа,-0.273560,306.000000,0.038149,0.267163,0.006837,0.422185,0.049719,76.066653,False,0
986,2024-12,3,Крупные центры,0.340713,False,Владимир,городской округ город Владимир,городской округ,г Владимир,Владимирская область,56.128890,40.407520,True,3,0.958333,0.424228,0.007966,2,22,ядро типа,0.374595,408.000000,0.049722,0.167827,0.039397,0.387301,0.061190,145.440278,False,0
987,2024-12,1,Цифровая повседневность,0.490353,False,Гусь-Хрустальный,городской округ город Гусь-Хрустальный,городской округ,г Гусь-Хрустальный,Владимирская область,55.614997,40.670867,True,1,1.000000,0.512672,0.422708,0,24,ядро типа,0.140886,424.600000,0.043888,0.189319,0.026969,0.422741,0.043514,115.129322,False,0
988,2024-12,3,Крупные центры,0.193325,False,Ковров,городской округ город Ковров,городской округ,г Ковров,Владимирская область,56.374603,41.311676,True,3,0.875000,0.289527,0.053412,1,21,устойчивый,0.288382,409.700000,0.045296,0.176342,0.043567,0.374224,0.054014,133.426677,False,1
989,2024-12,1,Цифровая повседневность,0.095385,True,Муром,городской округ округ Муром,городской округ,г Муром,Владимирская область,55.573800,42.044700,True,1,0.875000,0.190150,0.008523,4,1,устойчивый,0.187595,394.300000,0.048926,0.175527,0.033672,0.398015,0.060635,120.634530,False,0
991,2024-12,1,Цифровая повседневность,0.067192,False,Александровский,Александровский муниципальный район,муниципальный район,г Александров,Владимирская область,56.392113,38.711240,True,1,0.625000,0.125927,0.001903,4,2,пограничный,0.304352,426.700000,0.045010,0.203668,0.033616,0.387634,0.051751,135.574600,False,1
992,2024-12,1,Цифровая повседневность,0.496580,False,Вязниковский,Вязниковский муниципальный район,муниципальный район,г Вязники,Владимирская область,56.246940,42.158595,True,1,1.000000,0.547708,0.458079,0,24,ядро типа,0.045346,386.800000,0.040760,0.191007,0.021027,0.427803,0.051729,104.638961,False,0
993,2024-12,1,Цифровая повседневность,0.566606,False,Гороховецкий,Гороховецкий муниципальный район,муниципальный район,г Гороховец,Владимирская область,56.206570,42.679035,True,1,1.000000,0.538908,0.441083,0,24,ядро типа,0.016708,383.700000,0.033924,0.216166,0.007808,0.440958,0.036618,101.684797,False,0
994,2024-12,1,Цифровая повседневность,0.415899,False,Гусь-Хрустальный,Гусь-Хрустальный муниципальный район,муниципальный район,г Гусь-Хрустальный,Владимирская область,55.614997,40.670867,True,1,1.000000,0.371267,0.286461,0,24,ядро типа,-0.223805,434.900000,0.029831,0.270862,0.013818,0.480793,0.025520,79.947071,False,0
995,2024-12,1,Цифровая повседневность,0.574251,False,Камешковский,Камешковский муниципальный район,муниципальный район,г Камешково,Владимирская область,56.346258,40.997098,True,1,1.000000,0.520189,0.439152,0,24,ядро типа,-0.016303,396.500000,0.038754,0.207782,0.013919,0.430484,0.029933,98.382903,False,0
996,2024-12,1,Цифровая повседневность,0.299654,False,Киржачский,Киржачский муниципальный район,муниципальный район,г Киржач,Владимирская область,56.159223,38.872126,True,1,1.000000,0.328025,0.185988,0,24,ядро типа,0.299163,441.600000,0.041365,0.211025,0.028611,0.408565,0.049556,134.872986,False,0
998,2024-12,1,Цифровая повседневность,0.358250,False,Кольчугинский,Кольчугинский муниципальный район,муниципальный район,г Кольчугино,Владимирская область,56.293978,39.375993,True,1,1.000000,0.397964,0.303991,0,24,ядро типа,0.237937,421.300000,0.043832,0.187527,0.025833,0.415345,0.040727,126.862893,False,0
999,2024-12,1,Цифровая повседневность,0.695862,False,Меленковский,Меленковский муниципальный район,муниципальный район,г Меленки,Владимирская область,55.336837,41.631406,True,1,1.000000,0.668137,0.583831,0,24,ядро типа,-0.171539,381.600000,0.042960,0.215898,0.014101,0.450829,0.033718,84.236764,False,0
1001,2024-12,1,Цифровая повседневность,0.184641,False,Петушинский,Петушинский муниципальный район,муниципальный район,г Петушки,Владимирская область,55.929802,39.450831,True,1,1.000000,0.212793,0.017325,0,24,ядро типа,0.314829,433.100000,0.041396,0.206083,0.036140,0.399564,0.047214,137.002446,False,0
1002,2024-12,1,Цифровая повседневность,0.517707,False,Селивановский,Селивановский муниципальный район,муниципальный район,п Красная Горбатка,Владимирская область,55.865170,41.766203,True,1,1.000000,0.523991,0.424706,0,24,ядро типа,-0.192469,385.400000,0.035065,0.230835,0.009624,0.465774,0.024061,82.491961,False,0
1003,2024-12,1,Цифровая повседневность,0.528026,False,Собинский,Собинский муниципальный район,муниципальный район,г Собинка,Владимирская область,55.990398,40.015080,True,1,1.000000,0.461896,0.354446,0,24,ядро типа,0.047402,416.300000,0.035247,0.205435,0.017726,0.443740,0.035716,104.854369,False,0
1004,2024-12,1,Цифровая повседневность,0.708363,False,Судогодский,Судогодский муниципальный район,муниципальный район,г Судогда,Владимирская область,55.956501,40.876307,True,1,1.000000,0.627579,0.473124,0,24,ядро типа,-0.062161,401.200000,0.042766,0.221396,0.012378,0.448752,0.039557,93.973197,False,0
1005,2024-12,1,Цифровая повседневность,0.440263,False,Суздальский,Суздальский муниципальный район,муниципальный район,г Суздаль,Владимирская область,56.419391,40.448789,True,1,1.000000,0.498947,0.401106,0,24,ядро типа,0.193927,399.100000,0.041342,0.215178,0.027274,0.401257,0.051558,121.400766,False,0
1006,2024-12,1,Цифровая повседневность,0.555349,False,Юрьев-Польский,Юрьев-Польский муниципальный район,муниципальный район,г Юрьев-Польский,Владимирская область,56.497195,39.678640,True,1,1.000000,0.551234,0.443725,0,24,ядро типа,0.049630,408.700000,0.038507,0.207584,0.012006,0.438389,0.031625,105.088240,False,0
1007,2024-12,3,Крупные центры,0.350129,False,Волгоград,городской округ город-герой Волгоград,городской округ,г Волгоград,Волгоградская область,48.648414,44.384976,True,3,1.000000,0.421566,0.068728,0,24,ядро типа,0.243259,325.600000,0.051899,0.172683,0.047339,0.360903,0.062636,127.539889,False,0
1008,2024-12,3,Крупные центры,0.233312,False,Волжский,городской округ город Волжский,городской округ,г Волжский,Волгоградская область,48.786202,44.751945,True,3,0.875000,0.291507,0.056584,1,21,устойчивый,0.174268,332.900000,0.050746,0.171729,0.043792,0.377659,0.060337,119.037435,False,1
1009,2024-12,1,Цифровая повседневность,0.340309,False,Камышин,городской округ город Камышин,городской округ,г Камышин,Волгоградская область,50.080842,45.404800,True,1,1.000000,0.384143,0.279767,0,24,ядро типа,0.177004,350.900000,0.045889,0.182861,0.029570,0.388151,0.050968,119.363624,False,0
1010,2024-12,1,Цифровая повседневность,0.404685,False,Михайловка,городской округ город Михайловка,городской округ,г Михайловка,Волгоградская область,50.079711,43.234237,True,1,1.000000,0.400994,0.342946,0,24,ядро типа,0.022802,336.700000,0.048728,0.210131,0.025778,0.384347,0.060488,102.306402,False,0
1011,2024-12,1,Цифровая повседневность,0.448684,False,Урюпинск,городской округ город Урюпинск,городской округ,г Урюпинск,Волгоградская область,50.797097,42.005187,True,1,1.000000,0.406463,0.323258,0,24,ядро типа,0.019669,363.900000,0.051536,0.202130,0.017621,0.407700,0.059864,101.986368,False,0
1012,2024-12,1,Цифровая повседневность,0.744740,False,Фролово,городской округ город Фролово,городской округ,г Фролово,Волгоградская область,49.764571,43.653952,True,1,1.000000,0.726975,0.590628,0,24,ядро типа,-0.066394,339.800000,0.043671,0.203986,0.015555,0.427801,0.050446,93.576231,False,0
1013,2024-12,1,Цифровая повседневность,0.433169,False,Алексеевский,Алексеевский муниципальный район,муниципальный район,ст-ца Алексеевская,Волгоградская область,50.290903,42.184936,True,1,1.000000,0.441218,0.380481,0,24,ядро типа,-0.125979,337.000000,0.046283,0.253508,0.009180,0.391518,0.063490,88.163341,False,0
1014,2024-12,1,Цифровая повседневность,0.542155,False,Быковский,Быковский муниципальный район,муниципальный район,рп Быково,Волгоградская область,49.766500,45.383100,True,1,1.000000,0.632825,0.528177,0,24,ядро типа,-0.256314,312.200000,0.042984,0.256670,0.010617,0.431429,0.056384,77.389873,False,0
1015,2024-12,1,Цифровая повседневность,0.542073,False,Городищенский,Городищенский муниципальный район,муниципальный район,рп Городище,Волгоградская область,48.810127,44.476082,True,1,1.000000,0.668081,0.542073,0,24,ядро типа,-0.030161,345.200000,0.044306,0.229013,0.026609,0.380863,0.046430,97.028911,False,0
1016,2024-12,1,Цифровая повседневность,0.537380,False,Даниловский,Даниловский муниципальный район,муниципальный район,рп Даниловка,Волгоградская область,50.351963,44.120514,True,1,1.000000,0.604253,0.530757,0,24,ядро типа,-0.177915,330.600000,0.041949,0.265772,0.013713,0.408603,0.044375,83.701322,False,0
1017,2024-12,1,Цифровая повседневность,0.611819,False,Дубовский,Дубовский муниципальный район,муниципальный район,г Дубовка,Волгоградская область,49.060520,44.830776,True,1,1.000000,0.648563,0.541258,0,24,ядро типа,-0.162122,331.800000,0.047805,0.250389,0.019650,0.442116,0.040459,85.033773,False,0
1018,2024-12,1,Цифровая повседневность,0.470969,False,Еланский,Еланский муниципальный район,муниципальный район,рп Елань,Волгоградская область,50.946434,43.743038,True,1,1.000000,0.446866,0.361616,0,24,ядро типа,-0.111873,337.200000,0.050280,0.230478,0.014076,0.405169,0.062257,89.415783,False,0
1019,2024-12,1,Цифровая повседневность,0.627378,False,Жирновский,Жирновский муниципальный район,муниципальный район,г Жирновск,Волгоградская область,50.978779,44.778908,True,1,1.000000,0.651109,0.601859,0,24,ядро типа,-0.119161,333.400000,0.041496,0.241212,0.020003,0.413680,0.047598,88.766483,False,0
1020,2024-12,1,Цифровая повседневность,0.673282,False,Иловлинский,Иловлинский муниципальный район,муниципальный район,рп Иловля,Волгоградская область,49.306286,43.979027,True,1,1.000000,0.647053,0.514274,0,24,ядро типа,-0.174905,332.500000,0.039330,0.233671,0.022029,0.419507,0.042702,83.953657,False,0
1021,2024-12,1,Цифровая повседневность,0.591771,False,Калачевский,Калачевский муниципальный район,муниципальный район,г Калач-на-Дону,Волгоградская область,48.681876,43.538000,True,1,1.000000,0.632405,0.550613,0,24,ядро типа,0.027693,325.900000,0.045377,0.214254,0.023257,0.415906,0.052501,102.807995,False,0
1023,2024-12,1,Цифровая повседневность,0.478023,False,Киквидзенский,Киквидзенский муниципальный район,муниципальный район,ст-ца Преображенская,Волгоградская область,50.741516,43.056446,True,1,1.000000,0.465282,0.363596,0,24,ядро типа,-0.139048,337.900000,0.052585,0.223460,0.007780,0.395537,0.057713,87.018602,False,0
1024,2024-12,1,Цифровая повседневность,0.668235,False,Клетский,Клетский муниципальный район,муниципальный район,ст-ца Клетская,Волгоградская область,49.311558,43.059322,True,1,1.000000,0.653276,0.562167,0,24,ядро типа,-0.168074,325.100000,0.040810,0.232990,0.005169,0.413666,0.048345,84.529103,False,0
1025,2024-12,1,Цифровая повседневность,0.491810,False,Котельниковский,Котельниковский муниципальный район,муниципальный район,г Котельниково,Волгоградская область,47.633227,43.141090,True,1,1.000000,0.609788,0.491810,0,24,ядро типа,0.026105,314.300000,0.043141,0.255606,0.016189,0.394832,0.049047,102.644900,False,0
1026,2024-12,1,Цифровая повседневность,0.744739,False,Котовский,Котовский муниципальный район,муниципальный район,г Котово,Волгоградская область,50.322208,44.801643,True,1,1.000000,0.669396,0.552830,0,24,ядро типа,-0.104501,328.000000,0.047622,0.213378,0.018345,0.442505,0.038467,90.077393,False,0
1027,2024-12,1,Цифровая повседневность,0.526582,False,Кумылженский,Кумылженский муниципальный район,муниципальный район,ст-ца Кумылженская,Волгоградская область,49.880025,42.591274,True,1,1.000000,0.494196,0.386207,0,24,ядро типа,-0.263818,330.100000,0.053283,0.256400,0.010777,0.434398,0.050439,76.811349,False,0
1028,2024-12,1,Цифровая повседневность,0.654560,False,Ленинский,Ленинский муниципальный район,муниципальный район,г Ленинск,Волгоградская область,48.710284,45.204052,True,1,1.000000,0.665801,0.514173,0,24,ядро типа,-0.197406,325.100000,0.046298,0.237751,0.007273,0.421331,0.038875,82.085763,False,0
1029,2024-12,1,Цифровая повседневность,0.420122,False,Нехаевский,Нехаевский муниципальный район,муниципальный район,ст-ца Нехаевская,Волгоградская область,50.408291,41.752254,True,1,1.000000,0.423001,0.308109,0,24,ядро типа,-0.216901,337.400000,0.047592,0.277026,0.005543,0.381116,0.057569,80.500977,False,0
1030,2024-12,1,Цифровая повседневность,0.557527,False,Николаевский,Николаевский муниципальный район,муниципальный район,г Николаевск,Волгоградская область,50.028591,45.463899,True,1,1.000000,0.647678,0.527190,0,24,ядро типа,-0.163063,310.300000,0.044409,0.260043,0.011483,0.413373,0.043395,84.953764,False,0
1031,2024-12,1,Цифровая повседневность,0.485741,False,Новоаннинский,Новоаннинский муниципальный район,муниципальный район,г Новоаннинский,Волгоградская область,50.529675,42.667362,True,1,1.000000,0.461304,0.396982,0,24,ядро типа,-0.060328,342.100000,0.041185,0.234817,0.020265,0.399555,0.060143,94.145523,False,0
1032,2024-12,1,Цифровая повседневность,0.657785,False,Новониколаевский,Новониколаевский муниципальный район,муниципальный район,рп Новониколаевский,Волгоградская область,50.974930,42.366272,True,1,1.000000,0.582110,0.464906,0,24,ядро типа,-0.075014,347.800000,0.046637,0.231989,0.010117,0.429315,0.048196,92.773068,False,0
1033,2024-12,1,Цифровая повседневность,0.500747,False,Октябрьский,Октябрьский муниципальный район,муниципальный район,рп Октябрьский,Волгоградская область,47.968594,43.653126,True,1,1.000000,0.615288,0.500747,0,24,ядро типа,-0.171137,315.500000,0.044733,0.269710,0.010005,0.435238,0.053643,84.270614,False,0
1034,2024-12,1,Цифровая повседневность,0.552771,False,Ольховский,Ольховский муниципальный район,муниципальный район,с Ольховка,Волгоградская область,49.852688,44.562557,True,1,1.000000,0.654276,0.501321,0,24,ядро типа,-0.164477,330.100000,0.042295,0.262478,0.010411,0.402641,0.041534,84.833751,False,0
1035,2024-12,1,Цифровая повседневность,0.731050,False,Палласовский,Палласовский муниципальный район,муниципальный район,г Палласовка,Волгоградская область,50.045298,46.893161,True,1,1.000000,0.743945,0.657597,0,24,ядро типа,-0.182854,314.000000,0.042193,0.223971,0.011453,0.424887,0.042895,83.288970,False,0
1036,2024-12,1,Цифровая повседневность,0.524975,False,Руднянский,Руднянский муниципальный район,муниципальный район,рп Рудня,Волгоградская область,50.796791,44.556606,True,1,1.000000,0.517317,0.433188,0,24,ядро типа,-0.106827,332.200000,0.045507,0.256027,0.016539,0.395631,0.051671,89.868140,False,0
1037,2024-12,1,Цифровая повседневность,0.391239,False,Светлоярский,Светлоярский муниципальный район,муниципальный район,рп Светлый Яр,Волгоградская область,48.477432,44.785168,True,1,1.000000,0.590703,0.391239,0,24,ядро типа,-0.036556,321.600000,0.042324,0.230322,0.026269,0.367475,0.058570,96.410383,False,0
1038,2024-12,1,Цифровая повседневность,0.661151,False,Серафимовичский,Серафимовичский муниципальный район,муниципальный район,г Серафимович,Волгоградская область,49.580608,42.730164,True,1,1.000000,0.612200,0.511734,0,24,ядро типа,-0.167747,328.900000,0.044581,0.231785,0.013356,0.436349,0.053898,84.556798,False,0
1039,2024-12,1,Цифровая повседневность,0.249218,False,Среднеахтубинский,Среднеахтубинский муниципальный район,муниципальный район,рп Средняя Ахтуба,Волгоградская область,48.712878,44.868661,True,1,1.000000,0.372614,0.249218,0,24,ядро типа,0.084025,336.500000,0.045155,0.207073,0.037261,0.377026,0.057773,108.765559,False,0
1040,2024-12,1,Цифровая повседневность,0.498393,False,Старополтавский,Старополтавский муниципальный район,муниципальный район,с Старая Полтавка,Волгоградская область,50.475101,46.480801,True,1,1.000000,0.517871,0.437077,0,24,ядро типа,-0.207655,320.700000,0.043897,0.259630,0.011590,0.374692,0.053138,81.248750,False,0
1041,2024-12,1,Цифровая повседневность,0.617321,False,Суровикинский,Суровикинский муниципальный район,муниципальный район,г Суровикино,Волгоградская область,48.605141,42.844147,True,1,1.000000,0.661233,0.568377,0,24,ядро типа,-0.121417,325.100000,0.044126,0.223828,0.012474,0.419200,0.057017,88.566461,False,0
1044,2024-12,1,Цифровая повседневность,0.602019,False,Чернышковский,Чернышковский муниципальный район,муниципальный район,рп Чернышковский,Волгоградская область,48.422199,42.225616,True,1,1.000000,0.575338,0.518863,0,24,ядро типа,-0.217704,323.500000,0.047171,0.235013,0.010559,0.454340,0.057347,80.436355,False,0
1047,2024-12,1,Цифровая повседневность,0.233372,False,Бабаевский,Бабаевский муниципальный округ,муниципальный округ,г Бабаево,Вологодская область,59.388713,35.949995,True,1,1.000000,0.160705,0.035036,0,24,ядро типа,-0.007583,320.200000,0.027999,0.191715,0.019038,0.459397,0.050696,99.244534,False,0
1048,2024-12,1,Цифровая повседневность,0.359589,False,Бабушкинский,Бабушкинский муниципальный округ,муниципальный округ,с им Бабушкина,Вологодская область,59.756736,43.133564,True,1,1.000000,0.198236,0.059453,0,24,ядро типа,-0.198719,308.400000,0.033483,0.179429,0.013964,0.467042,0.051914,81.978059,False,0
1049,2024-12,2,Автономные локальные центры,0.100804,False,Белозерский,Белозерский муниципальный округ,муниципальный округ,г Белозерск,Вологодская область,60.031990,37.784219,True,2,0.750000,0.070742,0.005898,3,15,пограничный,0.010363,308.900000,0.029998,0.175423,0.103609,0.366926,0.040810,101.041651,False,2
1051,2024-12,2,Автономные локальные центры,0.193012,False,Великоустюгский,Великоустюгский муниципальный округ,муниципальный округ,г Великий Устюг,Вологодская область,60.761285,46.301467,True,2,1.000000,0.197534,0.103662,0,24,ядро типа,0.078777,297.300000,0.036405,0.162884,0.023180,0.425540,0.052332,108.196267,False,0
1052,2024-12,1,Цифровая повседневность,0.464523,False,Верховажский,Верховажский муниципальный округ,муниципальный округ,с Верховажье,Вологодская область,60.745162,42.047316,True,1,1.000000,0.284066,0.206031,0,24,ядро типа,-0.060950,304.600000,0.032478,0.200818,0.009648,0.488667,0.042715,94.087056,False,0
1053,2024-12,1,Цифровая повседневность,0.318877,False,Вожегодский,Вожегодский муниципальный округ,муниципальный округ,рп Вожега,Вологодская область,60.473630,40.212161,True,1,1.000000,0.200198,0.043945,0,24,ядро типа,-0.102249,303.400000,0.031188,0.185425,0.012271,0.507022,0.037255,90.280492,False,0
1054,2024-12,1,Цифровая повседневность,0.216464,False,Вологодский,Вологодский муниципальный округ,муниципальный округ,г Вологда,Вологодская область,59.218939,39.893391,True,1,1.000000,0.141546,0.020080,0,24,устойчивый,0.181608,468.200000,0.039443,0.184433,0.035516,0.393759,0.053659,119.914452,False,0
1055,2024-12,1,Цифровая повседневность,0.066042,False,Вытегорский,Вытегорский муниципальный район,муниципальный район,г Вытегра,Вологодская область,61.006498,36.451492,True,1,0.791667,0.055517,0.000044,8,3,пограничный,0.138477,295.600000,0.030973,0.176915,0.013772,0.483107,0.051470,114.852369,False,0
1056,2024-12,1,Цифровая повседневность,0.492959,False,Грязовецкий,Грязовецкий муниципальный округ,муниципальный округ,г Грязовец,Вологодская область,58.884169,40.251501,True,1,1.000000,0.402059,0.241018,0,24,ядро типа,-0.094846,344.700000,0.037759,0.174178,0.017323,0.479903,0.035627,90.951333,False,0
1057,2024-12,1,Цифровая повседневность,0.273715,False,Кадуйский,Кадуйский муниципальный округ,муниципальный округ,рп Кадуй,Вологодская область,59.199219,37.148609,True,1,1.000000,0.136250,0.003390,0,24,устойчивый,-0.038921,323.000000,0.028571,0.185724,0.014525,0.472517,0.034457,96.182666,False,0
1058,2024-12,1,Цифровая повседневность,0.529188,False,Кирилловский,Кирилловский муниципальный округ,муниципальный округ,г Кириллов,Вологодская область,59.859057,38.375870,True,1,1.000000,0.312547,0.076144,0,24,ядро типа,-0.125211,315.900000,0.032889,0.223982,0.011963,0.415109,0.039551,88.231040,False,0
1059,2024-12,2,Автономные локальные центры,0.072547,False,Кичменгско-Городецкий,Кичменгско-Городецкий муниципальный округ,муниципальный округ,с Кичменгский Городок,Вологодская область,59.992338,45.805567,True,1,0.708333,0.126232,0.019170,7,2,пограничный,-0.128845,305.500000,0.033219,0.165220,0.026008,0.413785,0.059752,87.911006,False,0
1060,2024-12,1,Цифровая повседневность,0.546223,False,Междуреченский,Междуреченский муниципальный округ,муниципальный округ,с Шуйское,Вологодская область,59.374652,41.028218,True,1,1.000000,0.375694,0.238899,0,24,ядро типа,-0.276721,326.100000,0.046914,0.242076,0.003003,0.483463,0.025121,75.826627,False,0
1061,2024-12,1,Цифровая повседневность,0.145849,False,Никольский,Никольский муниципальный округ,муниципальный округ,г Никольск,Вологодская область,59.530419,45.458503,True,1,1.000000,0.209126,0.033014,0,24,ядро типа,-0.079502,311.000000,0.032419,0.177923,0.013294,0.459634,0.061207,92.357639,False,0
1062,2024-12,1,Цифровая повседневность,0.291044,False,Нюксенский,Нюксенский муниципальный округ,муниципальный округ,с Нюксеница,Вологодская область,60.419796,44.254551,True,1,1.000000,0.177053,0.064867,0,24,ядро типа,-0.111013,301.300000,0.032391,0.189258,0.018809,0.450794,0.055361,89.492715,False,0
1063,2024-12,1,Цифровая повседневность,0.362236,False,Сокольский,Сокольский муниципальный округ,муниципальный округ,г Сокол,Вологодская область,59.462799,40.112858,True,1,1.000000,0.382357,0.188653,0,24,ядро типа,0.087470,329.200000,0.039755,0.175656,0.021146,0.431753,0.044436,109.140984,False,0
1064,2024-12,1,Цифровая повседневность,0.417418,False,Сямженский,Сямженский муниципальный округ,муниципальный округ,с Сямжа,Вологодская область,60.021656,41.060516,True,1,1.000000,0.304774,0.203206,0,24,ядро типа,-0.217895,314.800000,0.032831,0.183937,0.009796,0.498010,0.046721,80.420968,False,0
1065,2024-12,1,Цифровая повседневность,0.437423,False,Тарногский,Тарногский муниципальный округ,муниципальный округ,с Тарногский Городок,Вологодская область,60.506616,43.562054,True,1,1.000000,0.296268,0.075076,0,24,ядро типа,-0.121278,298.200000,0.040646,0.180372,0.008720,0.505680,0.055202,88.578770,False,0
1066,2024-12,1,Цифровая повседневность,0.353923,False,Тотемский,Тотемский муниципальный округ,муниципальный округ,г Тотьма,Вологодская область,59.973625,42.758733,True,1,1.000000,0.292820,0.091533,0,24,ядро типа,-0.045083,311.000000,0.031580,0.189415,0.018896,0.441862,0.038694,95.591833,False,0
1067,2024-12,1,Цифровая повседневность,0.607864,False,Усть-Кубинский,Усть-Кубинский муниципальный округ,муниципальный округ,с Устье,Вологодская область,59.631699,39.726299,True,1,1.000000,0.455644,0.277005,0,24,ядро типа,-0.170443,321.600000,0.034010,0.208546,0.009780,0.468253,0.045760,84.329082,False,0
1068,2024-12,1,Цифровая повседневность,0.535317,False,Устюженский,Устюженский муниципальный округ,муниципальный округ,г Устюжна,Вологодская область,58.842820,36.429698,True,1,1.000000,0.333278,0.158308,0,24,ядро типа,-0.029274,334.400000,0.032606,0.223550,0.018727,0.459235,0.039482,97.115074,False,0
1069,2024-12,1,Цифровая повседневность,0.132827,False,Харовский,Харовский муниципальный округ,муниципальный округ,г Харовск,Вологодская область,59.953324,40.206825,True,1,1.000000,0.146842,0.021869,0,24,устойчивый,-0.057293,314.500000,0.032489,0.140646,0.008375,0.521133,0.030208,94.431708,False,0
1070,2024-12,1,Цифровая повседневность,0.454772,False,Чагодощенский,Чагодощенский муниципальный округ,муниципальный округ,рп Чагода,Вологодская область,59.163830,35.329369,True,1,1.000000,0.238458,0.094008,0,24,ядро типа,0.086568,321.800000,0.035615,0.214054,0.014759,0.391421,0.040102,109.042512,False,0
1071,2024-12,1,Цифровая повседневность,0.052350,False,Череповецкий,Череповецкий муниципальный район,муниципальный район,г Череповец,Вологодская область,59.128696,37.916389,True,2,0.583333,0.040796,0.001763,8,2,пограничный,0.118861,448.400000,0.037762,0.161484,0.036641,0.429094,0.065933,112.621359,False,1
1072,2024-12,1,Цифровая повседневность,0.265821,False,Шекснинский,Шекснинский муниципальный район,муниципальный район,рп Шексна,Вологодская область,59.206946,38.500985,True,1,1.000000,0.167043,0.019188,0,24,ядро типа,0.078805,325.400000,0.032309,0.191178,0.026791,0.435198,0.038565,108.199345,False,0
1107,2024-12,3,Крупные центры,0.283324,False,Иваново,городской округ Иваново,городской округ,г Иваново,Ивановская область,56.998445,40.973739,True,3,0.875000,0.380220,0.026123,1,21,устойчивый,0.302330,405.900000,0.045533,0.174263,0.044100,0.373453,0.055836,135.300725,False,1
1108,2024-12,1,Цифровая повседневность,0.557973,False,Вичуга,городской округ Вичуга,городской округ,г Вичуга,Ивановская область,57.220073,41.923923,True,1,1.000000,0.633597,0.557973,0,24,ядро типа,-0.139614,380.900000,0.036445,0.225108,0.013906,0.423572,0.031031,86.969366,False,0
1109,2024-12,1,Цифровая повседневность,0.482410,False,Кинешма,городской округ Кинешма,городской округ,г Кинешма,Ивановская область,57.442690,42.168783,True,1,1.000000,0.532759,0.454572,0,24,ядро типа,0.086060,367.700000,0.038795,0.194963,0.024197,0.400514,0.052037,108.987122,False,0
1110,2024-12,1,Цифровая повседневность,0.362730,False,Кохма,городской округ Кохма,городской округ,г Кохма,Ивановская область,56.931545,41.093940,True,1,1.000000,0.327819,0.227563,0,24,ядро типа,0.114178,384.900000,0.035111,0.205672,0.031817,0.395037,0.037747,112.095149,False,0
1111,2024-12,1,Цифровая повседневность,0.517509,False,Тейково,городской округ Тейково,городской округ,г Тейково,Ивановская область,56.855475,40.540586,True,1,1.000000,0.493221,0.416394,0,24,ядро типа,-0.048856,394.600000,0.035642,0.206837,0.024397,0.404530,0.039034,95.231794,False,0
1112,2024-12,1,Цифровая повседневность,0.504376,False,Шуя,городской округ Шуя,городской округ,г Шуя,Ивановская область,56.855846,41.383850,True,1,1.000000,0.495768,0.436012,0,24,ядро типа,0.048986,396.500000,0.042253,0.197931,0.027631,0.406616,0.040583,105.020541,False,0
1113,2024-12,1,Цифровая повседневность,0.474953,False,Вичугский,Вичугский муниципальный район,муниципальный район,г Вичуга,Ивановская область,57.220073,41.923923,True,1,1.000000,0.515649,0.440517,0,24,ядро типа,-0.155952,392.400000,0.034455,0.251942,0.009675,0.449072,0.025608,85.559983,False,0
1115,2024-12,1,Цифровая повседневность,0.551651,False,Гаврилово-Посадский,Гаврилово-Посадский муниципальный район,муниципальный район,г Гаврилов Посад,Ивановская область,56.558550,40.120567,True,1,1.000000,0.540618,0.460391,0,24,ядро типа,-0.205120,396.700000,0.034907,0.244994,0.009709,0.421723,0.038912,81.454926,False,0
1116,2024-12,1,Цифровая повседневность,0.697728,False,Заволжский,Заволжский муниципальный район,муниципальный район,г Заволжск,Ивановская область,57.477844,42.140069,True,1,1.000000,0.725587,0.602532,0,24,ядро типа,-0.044600,357.700000,0.039609,0.227678,0.018308,0.424081,0.044982,95.637992,False,0
1117,2024-12,3,Крупные центры,0.275588,False,Ивановский,Ивановский муниципальный район,муниципальный район,г Иваново,Ивановская область,56.998445,40.973739,True,3,0.875000,0.362077,0.030579,1,21,устойчивый,0.282066,622.700000,0.039943,0.203454,0.039410,0.335469,0.058581,132.586586,False,1
1118,2024-12,1,Цифровая повседневность,0.444949,False,Ильинский,Ильинский муниципальный район,муниципальный район,п Ильинское-Хованское,Ивановская область,56.971364,39.771470,True,1,1.000000,0.368361,0.271860,0,24,ядро типа,-0.346073,388.700000,0.034232,0.284080,0.004132,0.441192,0.033841,70.746080,False,0
1119,2024-12,1,Цифровая повседневность,0.456941,False,Кинешемский,Кинешемский муниципальный район,муниципальный район,г Кинешма,Ивановская область,57.442690,42.168783,True,1,1.000000,0.479476,0.371921,0,24,ядро типа,-0.081470,395.300000,0.029913,0.213294,0.011952,0.419577,0.034152,92.176081,False,0
1120,2024-12,1,Цифровая повседневность,0.410689,False,Комсомольский,Комсомольский муниципальный район,муниципальный район,г Комсомольск,Ивановская область,57.027321,40.377602,True,1,1.000000,0.454814,0.398465,0,24,ядро типа,-0.090760,380.400000,0.035145,0.255113,0.010682,0.394245,0.019746,91.323681,False,0
1121,2024-12,1,Цифровая повседневность,0.419917,False,Лежневский,Лежневский муниципальный район,муниципальный район,п Лежнево,Ивановская область,56.775677,40.887329,True,1,1.000000,0.429662,0.303002,0,24,ядро типа,-0.251633,387.000000,0.028812,0.255392,0.005501,0.430720,0.028298,77.752989,False,0
1122,2024-12,1,Цифровая повседневность,0.344558,False,Лухский,Лухский муниципальный район,муниципальный район,п Лух,Ивановская область,57.007736,42.252235,True,1,1.000000,0.267425,0.154083,0,24,ядро типа,-0.286467,364.300000,0.025531,0.207319,0.006762,0.491640,0.022990,75.091164,False,0
1123,2024-12,1,Цифровая повседневность,0.485112,False,Палехский,Палехский муниципальный район,муниципальный район,п Палех,Ивановская область,56.802384,41.853992,True,1,1.000000,0.468695,0.365873,0,24,ядро типа,-0.139402,373.300000,0.036614,0.252123,0.005165,0.440074,0.025117,86.987829,False,0
1124,2024-12,1,Цифровая повседневность,0.279312,False,Пестяковский,Пестяковский муниципальный район,муниципальный район,п Пестяки,Ивановская область,56.708754,42.670508,True,1,1.000000,0.225496,0.140094,0,24,ядро типа,-0.330022,366.200000,0.017550,0.242916,0.002269,0.487972,0.029492,71.890819,False,0
1125,2024-12,1,Цифровая повседневность,0.602140,False,Приволжский,Приволжский муниципальный район,муниципальный район,г Приволжск,Ивановская область,57.380333,41.281178,True,1,1.000000,0.603314,0.518920,0,24,ядро типа,-0.050927,370.200000,0.038014,0.220315,0.014571,0.418483,0.034874,95.034850,False,0
1126,2024-12,1,Цифровая повседневность,0.526900,False,Пучежский,Пучежский муниципальный район,муниципальный район,г Пучеж,Ивановская область,56.982098,43.168062,True,1,1.000000,0.538854,0.453853,0,24,ядро типа,-0.273398,358.400000,0.037495,0.239494,0.005420,0.477491,0.027545,76.078962,False,0
1127,2024-12,1,Цифровая повседневность,0.511371,False,Родниковский,Родниковский муниципальный район,муниципальный район,г Родники,Ивановская область,57.105225,41.728390,True,1,1.000000,0.515832,0.473634,0,24,ядро типа,-0.103852,371.400000,0.037110,0.211567,0.017787,0.459117,0.024342,90.135861,False,0
1128,2024-12,1,Цифровая повседневность,0.400429,False,Савинский,Савинский муниципальный район,муниципальный район,п Савино,Ивановская область,56.590717,41.215132,True,1,1.000000,0.346642,0.267234,0,24,ядро типа,-0.222305,377.600000,0.035320,0.245743,0.008302,0.454706,0.012107,80.067084,False,0
1129,2024-12,1,Цифровая повседневность,0.581294,False,Тейковский,Тейковский муниципальный район,муниципальный район,г Тейково,Ивановская область,56.855475,40.540586,True,1,1.000000,0.420554,0.291074,0,24,ядро типа,-0.227855,408.500000,0.034589,0.216502,0.011981,0.463961,0.035440,79.623960,False,0
1130,2024-12,1,Цифровая повседневность,0.550366,False,Фурмановский,Фурмановский муниципальный район,муниципальный район,г Фурманов,Ивановская область,57.248756,41.109230,True,1,1.000000,0.517850,0.468254,0,24,ядро типа,-0.129966,374.000000,0.038828,0.214922,0.016225,0.441232,0.026318,87.812534,False,0
1131,2024-12,1,Цифровая повседневность,0.525385,False,Шуйский,Шуйский муниципальный район,муниципальный район,г Шуя,Ивановская область,56.855846,41.383850,True,1,1.000000,0.441223,0.310169,0,24,ядро типа,0.002106,425.000000,0.036051,0.208383,0.022662,0.415630,0.043144,100.210792,False,0
1132,2024-12,1,Цифровая повседневность,0.510066,False,Южский,Южский муниципальный район,муниципальный район,г Южа,Ивановская область,56.584043,42.010925,True,1,1.000000,0.484267,0.390965,0,24,ядро типа,-0.142591,373.100000,0.032011,0.234509,0.010505,0.448541,0.034389,86.710877,False,0
1133,2024-12,1,Цифровая повседневность,0.493399,False,Юрьевецкий,Юрьевецкий муниципальный район,муниципальный район,г Юрьевец,Ивановская область,57.306544,43.103272,True,1,1.000000,0.470576,0.371956,0,24,ядро типа,-0.210955,351.400000,0.034656,0.258056,0.007030,0.459568,0.030210,80.981029,False,0
1134,2024-12,3,Крупные центры,0.142721,False,Иркутск,городской округ город Иркутск,городской округ,г Иркутск,Иркутская область,52.289122,104.279829,True,3,1.000000,0.271940,0.080154,0,24,ядро типа,0.406864,232.600000,0.050950,0.138652,0.058591,0.353041,0.068424,150.210023,False,0
1135,2024-12,2,Автономные локальные центры,0.497981,False,Ангарский,городской округ Ангарский,городской округ,г Ангарск,Иркутская область,52.544317,103.888214,True,2,1.000000,0.427744,0.328741,0,24,ядро типа,0.257608,186.300000,0.045332,0.147199,0.048948,0.387894,0.056939,129.383164,False,0
1136,2024-12,2,Автономные локальные центры,0.728813,False,Братск,городской округ город Братск,городской округ,г Братск,Иркутская область,56.151708,101.633491,True,2,1.000000,0.676374,0.580573,0,24,ядро типа,0.332417,201.900000,0.042021,0.153208,0.039659,0.414072,0.054247,139.433477,False,0
1137,2024-12,2,Автономные локальные центры,0.399272,False,Зима,городской округ Зима,городской округ,г Зима,Иркутская область,53.921124,102.049154,True,2,1.000000,0.322692,0.167633,0,24,ядро типа,0.025476,191.000000,0.037858,0.172431,0.015569,0.456907,0.057267,102.580278,False,0
1138,2024-12,2,Автономные локальные центры,0.531474,False,Саянск,городской округ город Саянск,городской округ,г Саянск,Иркутская область,54.112330,102.178516,True,2,1.000000,0.442196,0.249680,0,24,ядро типа,0.120908,185.800000,0.042156,0.163963,0.023314,0.430235,0.042456,112.852153,False,0
1139,2024-12,2,Автономные локальные центры,0.507803,False,Тулун,городской округ город Тулун,городской округ,г Тулун,Иркутская область,54.562096,100.579216,True,2,1.000000,0.388964,0.054817,0,24,ядро типа,0.120117,194.300000,0.036923,0.167558,0.017001,0.442228,0.061156,112.762913,False,0
1140,2024-12,2,Автономные локальные центры,0.522303,False,Усолье-Сибирское,городской округ город Усолье-Сибирское,городской округ,г Усолье-Сибирское,Иркутская область,52.751201,103.662162,True,2,1.000000,0.456942,0.364550,0,24,ядро типа,0.228407,187.500000,0.046627,0.153912,0.035778,0.397478,0.054708,125.659686,False,0
1141,2024-12,2,Автономные локальные центры,0.854369,False,Усть-Илимск,городской округ город Усть-Илимск,городской округ,г Усть-Илимск,Иркутская область,57.959473,102.734192,True,2,1.000000,0.713709,0.496185,0,24,ядро типа,0.313637,180.400000,0.036071,0.162049,0.031326,0.428690,0.053612,136.839352,False,0
1142,2024-12,2,Автономные локальные центры,0.667701,False,Черемхово,городской округ город Черемхово,городской округ,г Черемхово,Иркутская область,53.148434,103.070145,True,2,1.000000,0.534948,0.417347,0,24,ядро типа,0.157427,192.700000,0.039146,0.164182,0.025870,0.415306,0.059416,117.049528,False,0
1143,2024-12,2,Автономные локальные центры,0.360541,False,Свирск,городской округ город Свирск,городской округ,г Свирск,Иркутская область,53.066269,103.342331,True,2,1.000000,0.209651,0.103507,0,24,ядро типа,0.011458,185.800000,0.036811,0.176265,0.016032,0.446473,0.040583,101.152432,False,0
1144,2024-12,1,Цифровая повседневность,0.145106,False,Балаганский,Балаганский муниципальный район,муниципальный район,рп Балаганск,Иркутская область,54.006798,103.054024,True,1,0.750000,0.116536,0.016897,8,12,устойчивый,-0.060132,183.200000,0.035980,0.219216,0.008856,0.476601,0.043105,94.163987,False,0
1146,2024-12,1,Цифровая повседневность,0.106672,False,Братский,Братский муниципальный район,муниципальный район,г Братск,Иркутская область,56.151708,101.633491,True,1,0.875000,0.164661,0.016162,1,21,устойчивый,-0.151324,264.000000,0.029141,0.185444,0.018867,0.450005,0.035048,85.956949,False,1
1147,2024-12,2,Автономные локальные центры,0.443919,False,Жигаловский,Жигаловский муниципальный район,муниципальный район,рп Жигалово,Иркутская область,54.812668,105.152290,True,2,1.000000,0.421323,0.221382,0,24,ядро типа,0.109666,169.100000,0.040013,0.186306,0.033478,0.425640,0.065797,111.590479,False,0
1148,2024-12,2,Автономные локальные центры,0.287206,False,Заларинский,Заларинский муниципальный район,муниципальный район,рп Залари,Иркутская область,53.566238,102.515991,True,2,1.000000,0.172052,0.100497,0,24,ядро типа,-0.009414,185.600000,0.033859,0.191290,0.011959,0.438929,0.066569,99.062976,False,0
1149,2024-12,2,Автономные локальные центры,0.308632,False,Зиминский,Зиминский муниципальный район,муниципальный район,г Зима,Иркутская область,53.921124,102.049154,True,2,1.000000,0.307081,0.174181,0,24,ядро типа,-0.044793,198.800000,0.030187,0.164258,0.013645,0.491327,0.058507,95.619528,False,0
1150,2024-12,3,Крупные центры,0.432934,False,Иркутский,Иркутский муниципальный район,муниципальный район,г Иркутск,Иркутская область,52.289122,104.279829,True,3,1.000000,0.508954,0.338868,0,24,ядро типа,0.380881,372.400000,0.045394,0.151847,0.054688,0.347575,0.079687,146.357300,False,0
1151,2024-12,2,Автономные локальные центры,0.254993,False,Казачинско-Ленский,Казачинско-Ленский муниципальный район,муниципальный район,с Казачинское,Иркутская область,56.271587,107.567009,True,2,1.000000,0.298426,0.093217,0,24,ядро типа,0.326863,172.100000,0.035353,0.225055,0.015490,0.391966,0.043919,138.661087,False,0
1152,2024-12,2,Автономные локальные центры,0.508304,False,Катангский,Катангский муниципальный район,муниципальный район,с Ербогачён,Иркутская область,61.275021,108.009712,True,2,1.000000,0.409925,0.279523,0,24,ядро типа,0.326463,158.700000,0.035966,0.094823,0.022868,0.471582,0.052462,138.605696,False,0
1153,2024-12,2,Автономные локальные центры,0.352464,False,Качугский,Качугский муниципальный район,муниципальный район,рп Качуг,Иркутская область,53.960819,105.885147,True,2,1.000000,0.315781,0.184174,0,24,ядро типа,-0.071174,172.800000,0.036611,0.182197,0.013878,0.407547,0.063475,93.130029,False,0
1154,2024-12,2,Автономные локальные центры,0.306634,False,Киренский,Киренский муниципальный район,муниципальный район,г Киренск,Иркутская область,57.776356,108.116295,True,2,1.000000,0.284214,0.036571,0,24,ядро типа,0.268207,169.300000,0.034194,0.209611,0.018709,0.425364,0.037606,130.761774,False,0
1155,2024-12,2,Автономные локальные центры,0.366323,False,Куйтунский,Куйтунский муниципальный район,муниципальный район,рп Куйтун,Иркутская область,54.344154,101.506195,True,2,1.000000,0.314790,0.205069,0,24,ядро типа,-0.025321,186.800000,0.034560,0.181006,0.008995,0.419581,0.057568,97.499731,False,0
1157,2024-12,2,Автономные локальные центры,0.236703,False,Нижнеилимский,Нижнеилимский муниципальный район,муниципальный район,г Железногорск-Илимский,Иркутская область,56.577915,104.122940,True,2,1.000000,0.182218,0.056958,0,24,ядро типа,0.139789,178.500000,0.036230,0.210692,0.017205,0.450605,0.042304,115.003154,False,0
1158,2024-12,2,Автономные локальные центры,0.380171,False,Нижнеудинский,Нижнеудинский муниципальный район,муниципальный район,г Нижнеудинск,Иркутская область,54.908488,99.030286,True,2,0.958333,0.264060,0.002713,1,23,ядро типа,0.039269,190.100000,0.036156,0.189863,0.021185,0.450589,0.047932,104.005047,False,0
1159,2024-12,2,Автономные локальные центры,0.168539,False,Ольхонский,Ольхонский муниципальный район,муниципальный район,с Еланцы,Иркутская область,52.799557,106.404564,True,2,1.000000,0.147297,0.032561,0,24,устойчивый,-0.201764,174.500000,0.035845,0.198050,0.028390,0.455552,0.076095,81.728802,False,0
1160,2024-12,2,Автономные локальные центры,0.482466,False,Слюдянский,Слюдянский муниципальный район,муниципальный район,г Слюдянка,Иркутская область,51.656769,103.719292,True,2,1.000000,0.366035,0.181671,0,24,ядро типа,0.029188,180.900000,0.038674,0.188141,0.027735,0.419738,0.043665,102.961857,False,0
1161,2024-12,2,Автономные локальные центры,0.457920,False,Тайшетский,Тайшетский муниципальный район,муниципальный район,г Тайшет,Иркутская область,55.938530,98.019671,True,2,1.000000,0.450243,0.288898,0,24,ядро типа,0.108783,194.600000,0.035384,0.178990,0.021197,0.436753,0.043719,111.492007,False,0
1163,2024-12,2,Автономные локальные центры,0.154556,False,Усольский,Усольский муниципальный район,муниципальный район,рп Белореченский,Иркутская область,52.814217,103.525520,True,2,1.000000,0.219680,0.013990,0,24,ядро типа,0.013889,187.000000,0.035022,0.224758,0.023307,0.374040,0.048102,101.398612,False,0
1164,2024-12,2,Автономные локальные центры,0.286691,False,Усть-Илимский,Усть-Илимский муниципальный район,муниципальный район,г Усть-Илимск,Иркутская область,57.959473,102.734192,True,2,1.000000,0.226133,0.019657,0,24,ядро типа,-0.113251,200.000000,0.026019,0.206017,0.016266,0.398835,0.050798,89.292693,False,0
1165,2024-12,2,Автономные локальные центры,0.686321,False,Усть-Кутский,Усть-Кутский муниципальный район,муниципальный район,г Усть-Кут,Иркутская область,56.781003,105.746026,True,2,1.000000,0.465669,0.319416,0,24,ядро типа,0.394206,175.700000,0.034938,0.178904,0.033569,0.410755,0.048798,148.320588,False,0
1166,2024-12,1,Цифровая повседневность,0.028356,True,Усть-Удинский,Усть-Удинский муниципальный район,муниципальный район,рп Усть-Уда,Иркутская область,54.169139,103.031954,True,2,0.833333,0.057830,0.001181,3,1,пограничный,-0.088169,171.000000,0.033441,0.228877,0.008301,0.427506,0.048733,91.560630,False,1
1167,2024-12,2,Автономные локальные центры,0.227375,False,Черемховский,Черемховский муниципальный район,муниципальный район,г Черемхово,Иркутская область,53.148434,103.070145,True,2,0.791667,0.139898,0.002657,7,8,устойчивый,-0.018025,199.300000,0.033244,0.196641,0.014350,0.437430,0.048346,98.213654,False,0
1168,2024-12,2,Автономные локальные центры,0.040095,False,Чунский,Чунский муниципальный район,муниципальный район,рп Чунский,Иркутская область,56.091248,99.633705,True,2,0.625000,0.074046,0.003170,7,6,пограничный,-0.020189,190.600000,0.035294,0.205137,0.016799,0.457029,0.046472,98.001323,False,1
1169,2024-12,2,Автономные локальные центры,0.435701,False,Шелеховский,Шелеховский муниципальный район,муниципальный район,г Шелехов,Иркутская область,52.209748,104.097683,True,2,1.000000,0.408400,0.276408,0,24,ядро типа,0.254631,191.300000,0.049523,0.152696,0.042271,0.401431,0.052457,128.998508,False,0
1170,2024-12,2,Автономные локальные центры,0.472415,False,Аларский,Аларский муниципальный район,муниципальный район,п Кутулик,Иркутская область,53.349415,102.794905,True,2,1.000000,0.274365,0.076045,0,24,ядро типа,0.012249,186.100000,0.032647,0.182205,0.021886,0.410402,0.062407,101.232440,False,0
1171,2024-12,2,Автономные локальные центры,0.215436,False,Баяндаевский,Баяндаевский муниципальный район,муниципальный район,с Баяндай,Иркутская область,53.067226,105.517876,True,2,1.000000,0.158018,0.084149,0,24,ядро типа,-0.186185,178.000000,0.032733,0.179752,0.021241,0.391904,0.086447,83.012017,False,0
1172,2024-12,2,Автономные локальные центры,0.332569,False,Боханский,Боханский муниципальный район,муниципальный район,п Бохан,Иркутская область,53.153561,103.766212,True,2,1.000000,0.336193,0.201953,0,24,ядро типа,-0.153151,178.700000,0.039129,0.168783,0.017825,0.420845,0.061258,85.800009,False,0
1173,2024-12,2,Автономные локальные центры,0.401016,False,Нукутский,Нукутский муниципальный район,муниципальный район,п Новонукутский,Иркутская область,53.700245,102.711548,True,2,0.958333,0.152098,0.006298,1,23,ядро типа,-0.051736,185.100000,0.033865,0.167833,0.013611,0.449316,0.057781,94.957919,False,0
1174,2024-12,2,Автономные локальные центры,0.300623,False,Осинский,Осинский муниципальный район,муниципальный район,с Оса,Иркутская область,53.388348,103.877457,True,2,1.000000,0.370689,0.222916,0,24,ядро типа,-0.163063,177.300000,0.042163,0.168725,0.023110,0.432571,0.050893,84.953764,False,0
1175,2024-12,2,Автономные локальные центры,0.444852,False,Эхирит-Булагатский,Эхирит-Булагатский муниципальный район,муниципальный район,п Усть-Ордынский,Иркутская область,52.805222,104.753471,True,2,1.000000,0.406938,0.268829,0,24,ядро типа,-0.141881,182.100000,0.040109,0.154231,0.026704,0.415881,0.056210,86.772422,False,0
1176,2024-12,3,Крупные центры,0.440914,False,Калининград,городской округ город Калининград,городской округ,г Калининград,Калининградская область,54.710128,20.510584,True,3,1.000000,0.520471,0.440914,0,24,ядро типа,0.404280,327.300000,0.054491,0.120484,0.066568,0.339454,0.064658,149.822289,False,0
1178,2024-12,1,Цифровая повседневность,0.427949,False,Мамоновский,городской округ Мамоновский,городской округ,г Мамоново,Калининградская область,54.463626,19.941430,True,1,0.791667,0.318791,0.016905,5,12,устойчивый,-0.189304,312.200000,0.031162,0.260263,0.017998,0.397553,0.037967,82.753527,False,0
1179,2024-12,1,Цифровая повседневность,0.141646,False,Пионерский,городской округ Пионерский,городской округ,г Пионерский,Калининградская область,54.948227,20.225910,True,1,0.833333,0.168400,0.011198,2,11,устойчивый,0.155796,332.000000,0.044450,0.192969,0.039684,0.393627,0.042581,116.858739,False,2
1180,2024-12,1,Цифровая повседневность,0.421115,False,Светловский,городской округ Светловский,городской округ,г Светлый,Калининградская область,54.673355,20.131153,True,1,1.000000,0.215938,0.036843,0,24,ядро типа,-0.176593,341.900000,0.041159,0.185233,0.030070,0.425062,0.026619,83.812103,False,0
1181,2024-12,2,Автономные локальные центры,0.126596,True,Советский,городской округ Советский,городской округ,г Советск,Калининградская область,55.080969,21.888267,True,2,0.833333,0.094473,0.008807,8,1,пограничный,0.020724,293.700000,0.041143,0.163336,0.037888,0.405462,0.045785,102.094072,False,0
1184,2024-12,2,Автономные локальные центры,0.074339,False,Балтийский,городской округ Балтийский,городской округ,г Балтийск,Калининградская область,54.643721,19.894158,True,2,0.583333,0.058203,0.007271,6,4,пограничный,0.287828,391.000000,0.038168,0.174616,0.050813,0.374847,0.038399,133.352823,False,3
1185,2024-12,1,Цифровая повседневность,0.457518,False,Гвардейский,муниципальный округ Гвардейский,муниципальный округ,г Гвардейск,Калининградская область,54.647827,21.071943,True,1,0.833333,0.193302,0.040823,5,12,устойчивый,-0.112389,315.000000,0.039529,0.180532,0.024413,0.439019,0.033813,89.369624,False,0
1186,2024-12,3,Крупные центры,0.493130,False,Гурьевский,муниципальный округ Гурьевский,муниципальный округ,г Гурьевск,Калининградская область,54.774557,20.603704,True,3,1.000000,0.521376,0.422901,0,24,ядро типа,0.385161,331.300000,0.048006,0.141861,0.057678,0.332524,0.071370,146.985060,False,0
1187,2024-12,2,Автономные локальные центры,0.183806,True,Гусевский,городской округ Гусевский,городской округ,г Гусев,Калининградская область,54.592168,22.201475,True,2,0.916667,0.177880,0.024821,2,1,ядро типа,0.030055,292.600000,0.036013,0.162416,0.031773,0.403816,0.042045,103.051098,False,0
1188,2024-12,3,Крупные центры,0.522491,False,Зеленоградский,муниципальный округ Зеленоградский,муниципальный округ,г Зеленоградск,Калининградская область,54.960037,20.475019,True,3,1.000000,0.487555,0.069637,0,24,ядро типа,0.463842,325.100000,0.050818,0.139429,0.063203,0.331514,0.064074,159.017125,False,0
1189,2024-12,1,Цифровая повседневность,0.582087,False,Краснознаменский,муниципальный округ Краснознаменский,муниципальный округ,г Краснознаменск,Калининградская область,54.941522,22.491298,True,1,0.750000,0.239178,0.001352,4,7,устойчивый,-0.018777,286.700000,0.034962,0.227330,0.012981,0.436379,0.040606,98.139800,False,2
1190,2024-12,3,Крупные центры,0.520641,False,Светлогорский,городской округ Светлогорский,городской округ,г Светлогорск,Калининградская область,54.941755,20.155086,True,3,1.000000,0.522511,0.081345,0,24,ядро типа,0.392337,332.700000,0.050095,0.148600,0.058762,0.350745,0.062566,148.043635,False,0
1191,2024-12,2,Автономные локальные центры,0.035499,True,Неманский,муниципальный округ Неманский,муниципальный округ,г Неман,Калининградская область,55.035966,22.029358,True,2,0.791667,0.147530,0.000127,5,1,устойчивый,-0.016710,292.600000,0.033607,0.169347,0.028068,0.433287,0.043682,98.342898,False,0
1192,2024-12,1,Цифровая повседневность,0.183128,False,Нестеровский,муниципальный округ Нестеровский,муниципальный округ,г Нестеров,Калининградская область,54.632545,22.571100,True,1,0.750000,0.142155,0.015875,6,9,устойчивый,-0.096878,287.600000,0.032343,0.186364,0.022817,0.446637,0.054312,90.766698,False,1
1193,2024-12,1,Цифровая повседневность,0.564378,False,Озерский,муниципальный округ Озерский,муниципальный округ,г Озерск,Калининградская область,54.408741,22.014359,True,1,0.875000,0.242888,0.021523,6,7,устойчивый,-0.168511,291.600000,0.037477,0.193102,0.023855,0.471902,0.044032,84.492176,False,0
1194,2024-12,1,Цифровая повседневность,0.577694,False,Полесский,муниципальный округ Полесский,муниципальный округ,г Полесск,Калининградская область,54.862756,21.109859,True,1,1.000000,0.266335,0.073526,0,24,ядро типа,-0.154048,312.900000,0.037908,0.230858,0.029005,0.412679,0.051549,85.723078,False,0
1195,2024-12,1,Цифровая повседневность,0.650333,False,Правдинский,муниципальный округ Правдинский,муниципальный округ,г Правдинск,Калининградская область,54.447144,21.013990,True,1,1.000000,0.568551,0.284342,0,24,ядро типа,-0.246895,309.300000,0.047702,0.240635,0.015914,0.445504,0.033876,78.122259,False,0
1196,2024-12,1,Цифровая повседневность,0.522827,False,Славский,муниципальный округ Славский,муниципальный округ,г Славск,Калининградская область,55.045490,21.679073,True,1,0.875000,0.241642,0.001949,6,16,устойчивый,-0.032288,294.700000,0.040078,0.191457,0.019260,0.451532,0.052059,96.822735,False,0
1197,2024-12,2,Автономные локальные центры,0.097569,True,Черняховский,муниципальный округ Черняховский,муниципальный округ,г Черняховск,Калининградская область,54.635533,21.809982,True,2,0.833333,0.118438,0.008898,4,1,устойчивый,0.068744,299.200000,0.044672,0.161223,0.035996,0.399322,0.048034,107.116151,False,0
1198,2024-12,3,Крупные центры,0.340019,False,Калуга,городской округ город Калуга,городской округ,г Калуга,Калужская область,54.510109,36.259811,True,3,1.000000,0.410356,0.072408,0,24,ядро типа,0.379260,399.500000,0.049280,0.181724,0.043846,0.383961,0.060631,146.120351,False,0
1200,2024-12,1,Цифровая повседневность,0.474744,False,Бабынинский,Бабынинский муниципальный район,муниципальный район,п Бабынино,Калужская область,54.391074,35.740019,True,1,1.000000,0.567467,0.458133,0,24,ядро типа,-0.088673,389.800000,0.033189,0.257776,0.019268,0.407815,0.036114,91.514471,False,0
1201,2024-12,1,Цифровая повседневность,0.490168,False,Барятинский,Барятинский муниципальный район,муниципальный район,с Барятино,Калужская область,54.310282,34.519076,True,1,1.000000,0.495748,0.324727,0,24,ядро типа,-0.006003,360.300000,0.040214,0.277908,0.008978,0.485821,0.049223,99.401474,False,0
1203,2024-12,1,Цифровая повседневность,0.561848,False,Дзержинский,Дзержинский муниципальный район,муниципальный район,г Кондрово,Калужская область,54.806920,35.930121,True,1,1.000000,0.523111,0.456402,0,24,ядро типа,-0.032956,399.300000,0.036256,0.243997,0.013326,0.451038,0.038323,96.758112,False,0
1204,2024-12,1,Цифровая повседневность,0.636468,False,Думиничский,Думиничский муниципальный район,муниципальный район,п Думиничи,Калужская область,53.933388,35.105518,True,1,1.000000,0.698864,0.526462,0,24,ядро типа,-0.125770,366.000000,0.040096,0.244975,0.007538,0.438023,0.042888,88.181804,False,0
1205,2024-12,1,Цифровая повседневность,0.619935,False,Жиздринский,Жиздринский муниципальный район,муниципальный район,г Жиздра,Калужская область,53.748534,34.735354,True,1,1.000000,0.653659,0.588057,0,24,ядро типа,0.026735,360.600000,0.039938,0.244060,0.010366,0.457321,0.042305,102.709523,False,0
1206,2024-12,1,Цифровая повседневность,0.480387,False,Жуковский,Жуковский муниципальный район,муниципальный район,г Жуков,Калужская область,55.033800,36.748900,True,1,1.000000,0.473314,0.406035,0,24,ядро типа,0.089555,435.200000,0.039785,0.243325,0.025070,0.397597,0.044399,109.368701,False,0
1207,2024-12,1,Цифровая повседневность,0.598251,False,Кировский,Кировский муниципальный район,муниципальный район,г Киров,Калужская область,54.074290,34.302598,True,1,1.000000,0.631612,0.577953,0,24,ядро типа,0.113546,351.800000,0.037908,0.225882,0.022525,0.426574,0.046341,112.024372,False,0
1208,2024-12,1,Цифровая повседневность,0.412292,False,Износковский,Износковский муниципальный район,муниципальный район,с Износки,Калужская область,54.991100,35.306400,True,1,1.000000,0.487705,0.262635,0,24,ядро типа,-0.062750,382.800000,0.033978,0.293021,0.006291,0.476278,0.050688,93.917807,False,0
1209,2024-12,1,Цифровая повседневность,0.570500,False,Козельский,Козельский муниципальный район,муниципальный район,г Козельск,Калужская область,54.038322,35.782906,True,1,1.000000,0.616966,0.550405,0,24,ядро типа,0.063241,377.600000,0.038390,0.241233,0.019441,0.421515,0.042117,106.528395,False,0
1210,2024-12,1,Цифровая повседневность,0.476421,False,Куйбышевский,Куйбышевский муниципальный район,муниципальный район,п Бетлица,Калужская область,54.014062,33.944691,True,1,1.000000,0.448346,0.335808,0,24,ядро типа,-0.096403,345.000000,0.043883,0.287665,0.013792,0.435581,0.046493,90.809780,False,0
1211,2024-12,1,Цифровая повседневность,0.660270,False,Людиновский,Людиновский муниципальный район,муниципальный район,г Людиново,Калужская область,53.845469,34.431521,True,1,1.000000,0.674857,0.617243,0,24,ядро типа,0.077752,354.900000,0.043617,0.200205,0.024570,0.431101,0.039517,108.085486,False,0
1212,2024-12,1,Цифровая повседневность,0.127978,False,Малоярославецкий,Малоярославецкий муниципальный район,муниципальный район,г Малоярославец,Калужская область,55.012181,36.459025,True,1,1.000000,0.247275,0.044260,0,24,ядро типа,0.228701,430.500000,0.046735,0.206845,0.032120,0.397287,0.053247,125.696613,False,0
1213,2024-12,1,Цифровая повседневность,0.560817,False,Медынский,Медынский муниципальный район,муниципальный район,г Медынь,Калужская область,54.969000,35.857000,True,1,1.000000,0.516568,0.437776,0,24,ядро типа,-0.019436,407.300000,0.037401,0.246713,0.014370,0.441938,0.039629,98.075177,False,0
1214,2024-12,1,Цифровая повседневность,0.591124,False,Мещовский,Мещовский муниципальный район,муниципальный район,г Мещовск,Калужская область,54.320715,35.279633,True,1,1.000000,0.530775,0.384276,0,24,ядро типа,-0.142201,376.400000,0.034198,0.233566,0.006350,0.478733,0.040406,86.744726,False,0
1215,2024-12,1,Цифровая повседневность,0.632940,False,Мосальский,Мосальский муниципальный район,муниципальный район,г Мосальск,Калужская область,54.487288,34.978987,True,1,1.000000,0.527661,0.442780,0,24,ядро типа,-0.095252,371.400000,0.041057,0.241910,0.011373,0.488627,0.038891,90.914406,False,0
1217,2024-12,1,Цифровая повседневность,0.685702,False,Спас-Деменский,Спас-Деменский муниципальный район,муниципальный район,г Спас-Деменск,Калужская область,54.412586,34.030966,True,1,1.000000,0.659640,0.488058,0,24,ядро типа,-0.083809,349.000000,0.043067,0.227814,0.017903,0.492538,0.050395,91.960673,False,0
1218,2024-12,1,Цифровая повседневность,0.667871,False,Сухиничский,Сухиничский муниципальный район,муниципальный район,г Сухиничи,Калужская область,54.096976,35.353350,True,1,1.000000,0.657981,0.598036,0,24,ядро типа,-0.034165,374.000000,0.038051,0.220411,0.011208,0.452539,0.037064,96.641177,False,0
1219,2024-12,1,Цифровая повседневность,0.498635,False,Тарусский,Тарусский муниципальный район,муниципальный район,г Таруса,Калужская область,54.729354,37.181554,True,1,1.000000,0.461450,0.388379,0,24,ядро типа,0.049747,425.300000,0.042689,0.258798,0.016806,0.420624,0.033671,105.100549,False,0
1220,2024-12,1,Цифровая повседневность,0.513922,False,Ульяновский,Ульяновский муниципальный район,муниципальный район,с Ульяново,Калужская область,53.723654,35.529846,True,1,1.000000,0.505411,0.313549,0,24,ядро типа,0.008259,361.500000,0.035067,0.259141,0.009522,0.470762,0.040621,100.829320,False,0
1221,2024-12,1,Цифровая повседневность,0.397509,False,Ферзиковский,Ферзиковский муниципальный район,муниципальный район,п Ферзиково,Калужская область,54.515654,36.760253,True,1,1.000000,0.468438,0.321835,0,24,ядро типа,0.123115,403.500000,0.037901,0.209175,0.032405,0.423519,0.052130,113.101411,False,0
1222,2024-12,1,Цифровая повседневность,0.462322,False,Хвастовичский,Хвастовичский муниципальный район,муниципальный район,с Хвастовичи,Калужская область,53.465855,35.089252,True,1,1.000000,0.537891,0.333654,0,24,ядро типа,-0.206557,355.400000,0.040860,0.293659,0.004956,0.431636,0.039611,81.337990,False,0
1223,2024-12,1,Цифровая повседневность,0.606848,False,Юхновский,Юхновский муниципальный район,муниципальный район,г Юхнов,Калужская область,54.741577,35.226439,True,1,1.000000,0.626033,0.529060,0,24,ядро типа,-0.073257,373.600000,0.051058,0.243767,0.012615,0.450548,0.038873,92.936162,False,0
1224,2024-12,3,Крупные центры,0.008384,False,Кемеровский,городской округ Кемеровский,городской округ,г Кемерово,Кемеровская область,55.355091,86.087121,True,3,0.833333,0.172367,0.008384,3,12,устойчивый,0.367567,246.000000,0.051820,0.147064,0.052118,0.382127,0.061813,144.421707,False,1
1225,2024-12,2,Автономные локальные центры,0.415068,False,Анжеро-Судженский,городской округ Анжеро-Судженский,городской округ,г Анжеро-Судженск,Кемеровская область,56.077808,86.019356,True,2,0.916667,0.277337,0.020551,4,20,ядро типа,0.111043,227.600000,0.042216,0.165423,0.034891,0.444111,0.057803,111.744342,False,0
1226,2024-12,2,Автономные локальные центры,0.464695,False,Беловский,городской округ Беловский,городской округ,г Белово,Кемеровская область,54.419323,86.303429,True,2,1.000000,0.388571,0.092369,0,24,ядро типа,0.190982,231.900000,0.042405,0.174069,0.041566,0.417237,0.055116,121.043805,False,0
1227,2024-12,2,Автономные локальные центры,0.329392,False,Березовский,городской округ Березовский,городской округ,г Березовский,Кемеровская область,55.669695,86.275154,True,2,0.708333,0.190067,0.008607,3,8,пограничный,0.144275,231.200000,0.045365,0.158897,0.034603,0.444885,0.045418,115.520133,False,3
1228,2024-12,2,Автономные локальные центры,0.340134,False,Калтанский,городской округ Калтанский,городской округ,г Калтан,Кемеровская область,53.519459,87.286179,True,2,0.791667,0.229716,0.000588,4,10,устойчивый,0.087978,224.300000,0.042130,0.169226,0.026885,0.464844,0.054248,109.196375,False,1
1229,2024-12,2,Автономные локальные центры,0.370410,False,Киселевский,городской округ Киселевский,городской округ,г Киселевск,Кемеровская область,54.004987,86.635477,True,2,1.000000,0.373472,0.136096,0,24,ядро типа,0.189099,229.800000,0.046102,0.164336,0.034615,0.437100,0.053030,120.816088,False,0
1230,2024-12,2,Автономные локальные центры,0.394673,False,Ленинск-Кузнецкий,городской округ Ленинск-Кузнецкий,городской округ,г Ленинск-Кузнецкий,Кемеровская область,54.665443,86.166115,True,2,1.000000,0.415683,0.249352,0,24,ядро типа,0.225661,243.200000,0.043759,0.162292,0.034354,0.426098,0.063429,125.315034,False,0
1231,2024-12,2,Автономные локальные центры,0.611040,False,Междуреченский,городской округ Междуреченский,городской округ,г Междуреченск,Кемеровская область,53.686376,88.070344,True,2,1.000000,0.625502,0.505805,0,24,ядро типа,0.278951,217.700000,0.042024,0.155313,0.041325,0.415999,0.050894,132.174234,False,0
1232,2024-12,2,Автономные локальные центры,0.509071,False,Мысковский,городской округ Мысковский,городской округ,г Мыски,Кемеровская область,53.713860,87.800316,True,2,1.000000,0.465491,0.130156,0,24,ядро типа,0.143715,221.700000,0.038381,0.179163,0.029452,0.448146,0.048109,115.455511,False,0
1233,2024-12,2,Автономные локальные центры,0.335988,False,Новокузнецкий,городской округ Новокузнецкий,городской округ,г Новокузнецк,Кемеровская область,53.757590,87.135849,True,2,1.000000,0.285542,0.151359,0,24,ядро типа,0.297405,246.000000,0.046855,0.148153,0.050123,0.398610,0.061643,134.636038,False,0
1234,2024-12,2,Автономные локальные центры,0.361124,False,Осинниковский,городской округ Осинниковский,городской округ,г Осинники,Кемеровская область,53.606995,87.332893,True,2,1.000000,0.356924,0.047425,0,24,ядро типа,0.151785,225.300000,0.046823,0.157708,0.031039,0.438358,0.050075,116.390996,False,0
1235,2024-12,2,Автономные локальные центры,0.361903,False,Полысаевский,городской округ Полысаевский,городской округ,г Полысаево,Кемеровская область,54.603142,86.276024,True,2,0.875000,0.249118,0.007552,6,10,устойчивый,0.137593,235.400000,0.044114,0.171038,0.033414,0.429445,0.052776,114.750819,False,0
1236,2024-12,2,Автономные локальные центры,0.435728,False,Прокопьевский,городской округ Прокопьевский,городской округ,г Прокопьевск,Кемеровская область,53.887912,86.749207,True,2,1.000000,0.407908,0.252913,0,24,ядро типа,0.204065,251.200000,0.044062,0.156425,0.042205,0.414398,0.055655,122.637823,False,0
1237,2024-12,1,Цифровая повседневность,0.101598,True,Тайгинский,городской округ Тайгинский,городской округ,г Тайга,Кемеровская область,56.065071,85.631325,True,1,0.541667,0.136799,0.007535,6,1,пограничный,0.073730,229.800000,0.042221,0.188320,0.025069,0.471315,0.043364,107.651593,False,3
1238,2024-12,2,Автономные локальные центры,0.344433,False,Юргинский,городской округ Юргинский,городской округ,г Юрга,Кемеровская область,55.713600,84.934799,True,2,1.000000,0.251603,0.059286,0,24,ядро типа,0.239924,248.200000,0.047158,0.159049,0.039363,0.407088,0.052484,127.115228,False,0
1240,2024-12,1,Цифровая повседневность,0.288942,True,Беловский,Беловский муниципальный округ,муниципальный округ,с Вишневка,Кемеровская область,54.412445,86.399742,True,2,0.666667,0.137576,0.001190,7,1,пограничный,0.033632,234.500000,0.043502,0.215098,0.024131,0.448316,0.054511,103.420368,False,1
1241,2024-12,2,Автономные локальные центры,0.143600,False,Гурьевский,Гурьевский муниципальный округ,муниципальный округ,г Гурьевск,Кемеровская область,54.284954,85.931091,True,1,0.500000,0.178887,0.005945,3,7,пограничный,0.065175,230.900000,0.045092,0.176301,0.032867,0.457518,0.048205,106.734571,False,3
1242,2024-12,1,Цифровая повседневность,0.371590,False,Ижморский,Ижморский муниципальный округ,муниципальный округ,пгт Ижморский,Кемеровская область,56.192169,86.637169,True,1,1.000000,0.379660,0.261039,0,24,ядро типа,-0.075080,225.500000,0.041034,0.197904,0.015524,0.494195,0.045512,92.766913,False,0
1243,2024-12,3,Крупные центры,0.223504,False,Кемеровский,Кемеровский муниципальный округ,муниципальный округ,г Кемерово,Кемеровская область,55.355091,86.087121,True,3,1.000000,0.349733,0.059718,0,24,ядро типа,0.224432,448.400000,0.046960,0.163278,0.040838,0.394881,0.065473,125.161171,False,0
1244,2024-12,1,Цифровая повседневность,0.431377,False,Крапивинский,Крапивинский муниципальный округ,муниципальный округ,пгт Крапивинский,Кемеровская область,55.003925,86.805855,True,1,1.000000,0.293881,0.027578,0,24,ядро типа,-0.007583,228.600000,0.042541,0.203156,0.014201,0.479985,0.041332,99.244534,False,0
1246,2024-12,2,Автономные локальные центры,0.183847,False,Мариинский,Мариинский муниципальный округ,муниципальный округ,г Мариинск,Кемеровская область,56.206299,87.751259,True,2,0.666667,0.146664,0.010658,3,8,пограничный,0.032917,221.700000,0.042461,0.170319,0.020486,0.461112,0.062500,103.346514,False,3
1249,2024-12,2,Автономные локальные центры,0.213979,False,Промышленновский,Промышленновский муниципальный округ,муниципальный округ,пгт Промышленная,Кемеровская область,54.918655,85.638029,True,2,0.875000,0.170047,0.000726,3,10,устойчивый,0.040836,234.900000,0.040826,0.172166,0.019054,0.454846,0.060175,104.168141,False,0
1250,2024-12,2,Автономные локальные центры,0.409017,False,Таштагольский,Таштагольский муниципальный район,муниципальный район,г Таштагол,Кемеровская область,52.759469,87.848450,True,2,1.000000,0.357277,0.215641,0,24,ядро типа,0.274354,211.800000,0.035388,0.200421,0.027997,0.415905,0.062753,131.568015,False,0
1251,2024-12,1,Цифровая повседневность,0.221001,False,Тисульский,Тисульский муниципальный округ,муниципальный округ,пгт Тисуль,Кемеровская область,55.763851,88.313022,True,1,0.958333,0.257443,0.016700,2,18,ядро типа,0.022682,218.700000,0.042837,0.205222,0.011792,0.450334,0.057758,102.294093,False,0
1252,2024-12,2,Автономные локальные центры,0.326294,False,Топкинский,Топкинский муниципальный округ,муниципальный округ,г Топки,Кемеровская область,55.275196,85.622874,True,2,0.791667,0.262165,0.057634,3,10,устойчивый,0.091494,234.700000,0.043611,0.160994,0.032294,0.454451,0.050688,109.581032,False,1
1253,2024-12,1,Цифровая повседневность,0.337349,False,Тяжинский,Тяжинский муниципальный округ,муниципальный округ,пгт Тяжинский,Кемеровская область,56.113935,88.517181,True,1,1.000000,0.456720,0.337349,0,24,ядро типа,-0.050020,219.400000,0.043091,0.187959,0.008767,0.498722,0.043544,95.121013,False,0
1254,2024-12,2,Автономные локальные центры,0.108249,False,Чебулинский,Чебулинский муниципальный округ,муниципальный округ,пгт Верх-Чебула,Кемеровская область,56.033034,87.622022,True,2,0.625000,0.185198,0.009407,7,7,пограничный,0.015527,223.400000,0.038297,0.190304,0.021875,0.463203,0.063445,101.564784,False,1
1256,2024-12,2,Автономные локальные центры,0.251933,False,Яйский,Яйский муниципальный округ,муниципальный округ,пгт Яя,Кемеровская область,56.202008,86.448536,True,1,0.625000,0.211701,0.000975,5,7,пограничный,-0.003561,226.400000,0.040271,0.172601,0.024613,0.444149,0.052623,99.644577,False,1
1257,2024-12,1,Цифровая повседневность,0.071053,False,Яшкинский,Яшкинский муниципальный округ,муниципальный округ,пгт Яшкино,Кемеровская область,55.871789,85.438032,True,1,0.958333,0.255746,0.012889,2,5,ядро типа,0.060262,232.300000,0.041518,0.192670,0.015877,0.431957,0.050587,106.211438,False,0
1258,2024-12,3,Крупные центры,0.177370,False,Киров,городской округ город Киров,городской округ,г Киров,Кировская область,58.603566,49.666624,True,3,0.875000,0.250956,0.020463,1,21,устойчивый,0.302352,315.700000,0.047374,0.156201,0.054925,0.372194,0.064045,135.303802,False,1
1259,2024-12,1,Цифровая повседневность,0.436935,False,Вятские Поляны,городской округ город Вятские Поляны,городской округ,г Вятские Поляны,Кировская область,56.222995,51.074904,True,1,1.000000,0.410492,0.350156,0,24,ядро типа,-0.075180,355.100000,0.048469,0.171781,0.028133,0.413628,0.039744,92.757682,False,0
1260,2024-12,1,Цифровая повседневность,0.006870,True,Кирово-Чепецк,городской округ город Кирово-Чепецк,городской округ,г Кирово-Чепецк,Кировская область,58.555069,50.031305,True,1,0.500000,0.044556,0.001731,6,1,пограничный,0.126862,328.000000,0.046650,0.160387,0.039060,0.399274,0.044888,113.526072,False,1
1261,2024-12,1,Цифровая повседневность,0.604746,False,Котельнич,городской округ город Котельнич,городской округ,г Котельнич,Кировская область,58.305731,48.326440,True,1,1.000000,0.490779,0.383949,0,24,ядро типа,-0.177805,333.400000,0.040400,0.181451,0.021505,0.467816,0.041392,83.710553,False,0
1262,2024-12,1,Цифровая повседневность,0.512543,False,Слободской,городской округ город Слободской,городской округ,г Слободской,Кировская область,58.727782,50.177123,True,1,1.000000,0.472606,0.286066,0,24,ядро типа,-0.115182,341.000000,0.041988,0.179276,0.028832,0.426194,0.044992,89.120367,False,0
1264,2024-12,1,Цифровая повседневность,0.120439,False,Арбажский,муниципальный округ Арбажский,муниципальный округ,пгт Арбаж,Кировская область,57.679348,48.303595,True,1,0.916667,0.047963,0.002338,4,11,пограничный,-0.305707,325.600000,0.040064,0.188871,0.007269,0.464386,0.103772,73.660240,False,0
1265,2024-12,1,Цифровая повседневность,0.368888,False,Афанасьевский,муниципальный округ Афанасьевский,муниципальный округ,пгт Афанасьево,Кировская область,58.865421,53.262730,True,1,1.000000,0.358220,0.192243,0,24,ядро типа,-0.344639,306.000000,0.036355,0.169960,0.024367,0.500195,0.042001,70.847630,False,0
1266,2024-12,1,Цифровая повседневность,0.433143,False,Белохолуницкий,Белохолуницкий муниципальный район,муниципальный район,г Белая Холуница,Кировская область,58.843255,50.852886,True,1,1.000000,0.455552,0.290036,0,24,ядро типа,-0.339354,311.700000,0.040786,0.179996,0.007475,0.552862,0.036207,71.223055,False,0
1267,2024-12,1,Цифровая повседневность,0.335924,False,Богородский,муниципальный округ Богородский,муниципальный округ,пгт Богородское,Кировская область,57.831646,50.751219,True,1,1.000000,0.197562,0.010603,0,24,ядро типа,-0.450757,314.800000,0.047090,0.168945,0.006713,0.594977,0.033084,63.714554,False,0
1268,2024-12,1,Цифровая повседневность,0.388864,False,Верхнекамский,муниципальный округ Верхнекамский,муниципальный округ,г Кирс,Кировская область,59.339897,52.241823,True,1,1.000000,0.395673,0.210131,0,24,ядро типа,-0.159664,300.800000,0.035125,0.174615,0.009061,0.505397,0.042778,85.243026,False,0
1269,2024-12,1,Цифровая повседневность,0.335337,False,Верхошижемский,Верхошижемский муниципальный район,муниципальный район,пгт Верхошижемье,Кировская область,58.014058,49.104039,True,1,1.000000,0.343506,0.238877,0,24,ядро типа,-0.324345,322.600000,0.036987,0.166248,0.005278,0.572164,0.042137,72.300094,False,0
1270,2024-12,1,Цифровая повседневность,0.498279,False,Вятскополянский,Вятскополянский муниципальный район,муниципальный район,г Вятские Поляны,Кировская область,56.222995,51.074904,True,1,1.000000,0.465810,0.383123,0,24,ядро типа,-0.291150,360.100000,0.040596,0.198575,0.015193,0.425478,0.020627,74.740357,False,0
1271,2024-12,1,Цифровая повседневность,0.477126,False,Даровской,Даровской муниципальный район,муниципальный район,пгт Даровской,Кировская область,58.770561,47.958437,True,1,1.000000,0.482690,0.310398,0,24,ядро типа,-0.343120,314.500000,0.049180,0.173432,0.005725,0.520080,0.041938,70.955334,False,0
1272,2024-12,1,Цифровая повседневность,0.420919,False,Зуевский,Зуевский муниципальный район,муниципальный район,г Зуевка,Кировская область,58.406024,51.138860,True,1,1.000000,0.402852,0.327415,0,24,ядро типа,-0.285321,312.400000,0.039869,0.174253,0.009087,0.511257,0.030905,75.177327,False,0
1273,2024-12,1,Цифровая повседневность,0.467703,False,Кикнурский,муниципальный округ Кикнурский,муниципальный округ,пгт Кикнур,Кировская область,57.304933,47.208940,True,1,1.000000,0.460431,0.268590,0,24,ядро типа,-0.386324,336.000000,0.055473,0.190871,0.010189,0.529412,0.047910,67.955011,False,0
1274,2024-12,1,Цифровая повседневность,0.332301,False,Кильмезский,Кильмезский муниципальный район,муниципальный район,пгт Кильмезь,Кировская область,56.944902,51.061399,True,1,1.000000,0.290166,0.145402,0,24,ядро типа,-0.352313,330.800000,0.040224,0.166586,0.005953,0.498928,0.063159,70.306033,False,0
1275,2024-12,1,Цифровая повседневность,0.247600,False,Кирово-Чепецкий,Кирово-Чепецкий муниципальный район,муниципальный район,г Кирово-Чепецк,Кировская область,58.555069,50.031305,True,1,1.000000,0.180760,0.010718,0,24,ядро типа,-0.048598,352.300000,0.033177,0.193733,0.029107,0.411468,0.059280,95.256412,False,0
1276,2024-12,1,Цифровая повседневность,0.258917,False,Котельничский,Котельничский муниципальный район,муниципальный район,г Котельнич,Кировская область,58.305731,48.326440,True,1,1.000000,0.327257,0.171931,0,24,ядро типа,-0.363714,341.000000,0.026961,0.158668,0.008721,0.475297,0.038383,69.509024,False,0
1277,2024-12,1,Цифровая повседневность,0.462466,False,Куменский,Куменский муниципальный район,муниципальный район,пгт Кумены,Кировская область,58.110076,49.917313,True,1,1.000000,0.324020,0.219854,0,24,ядро типа,-0.274856,318.300000,0.042411,0.187589,0.015109,0.495524,0.022562,75.968181,False,0
1278,2024-12,1,Цифровая повседневность,0.406993,False,Лебяжский,муниципальный округ Лебяжский,муниципальный округ,пгт Лебяжье,Кировская область,57.409543,49.527689,True,1,1.000000,0.434581,0.227554,0,24,ядро типа,-0.355118,326.600000,0.048150,0.156827,0.008032,0.486152,0.040908,70.109089,False,0
1279,2024-12,1,Цифровая повседневность,0.364710,False,Лузский,муниципальный округ Лузский,муниципальный округ,г Луза,Кировская область,60.630623,47.254926,True,1,1.000000,0.378083,0.231134,0,24,ядро типа,-0.233436,294.200000,0.035638,0.181960,0.011698,0.545956,0.045237,79.180835,False,0
1280,2024-12,1,Цифровая повседневность,0.553156,False,Малмыжский,Малмыжский муниципальный район,муниципальный район,г Малмыж,Кировская область,56.520631,50.677591,True,1,1.000000,0.548575,0.469777,0,24,ядро типа,-0.315784,338.800000,0.048909,0.180276,0.008060,0.475841,0.039077,72.921699,False,0
1281,2024-12,1,Цифровая повседневность,0.481002,False,Мурашинский,муниципальный округ Мурашинский,муниципальный округ,г Мураши,Кировская область,59.395102,48.964444,True,1,1.000000,0.446493,0.349382,0,24,ядро типа,-0.340088,305.800000,0.035887,0.211259,0.012323,0.511069,0.029834,71.170741,False,0
1282,2024-12,1,Цифровая повседневность,0.410352,False,Нагорский,Нагорский муниципальный район,муниципальный район,пгт Нагорск,Кировская область,59.315914,50.801731,True,1,0.916667,0.227522,0.006554,4,15,ядро типа,-0.432286,301.800000,0.040112,0.174814,0.013703,0.523019,0.055711,64.902374,False,0
1284,2024-12,1,Цифровая повседневность,0.532956,False,Нолинский,Нолинский муниципальный район,муниципальный район,г Нолинск,Кировская область,57.559948,49.938505,True,1,1.000000,0.471506,0.384462,0,24,ядро типа,-0.303579,321.800000,0.040312,0.179715,0.019551,0.470527,0.034934,73.817180,False,0
1285,2024-12,1,Цифровая повседневность,0.387989,False,Омутнинский,Омутнинский муниципальный район,муниципальный район,г Омутнинск,Кировская область,58.668304,52.176250,True,1,1.000000,0.367332,0.185283,0,24,ядро типа,-0.124967,305.300000,0.033265,0.180550,0.017783,0.476342,0.038460,88.252581,False,0
1286,2024-12,1,Цифровая повседневность,0.357076,False,Опаринский,муниципальный округ Опаринский,муниципальный округ,пгт Опарино,Кировская область,59.851659,48.277777,True,1,1.000000,0.402029,0.298155,0,24,ядро типа,-0.229944,298.900000,0.031370,0.189691,0.003292,0.531931,0.030828,79.457788,False,0
1287,2024-12,1,Цифровая повседневность,0.468955,False,Оричевский,Оричевский муниципальный район,муниципальный район,пгт Оричи,Кировская область,58.401308,49.056497,True,1,1.000000,0.370279,0.298479,0,24,ядро типа,-0.279037,318.100000,0.032826,0.197852,0.011512,0.497356,0.033111,75.651224,False,0
1288,2024-12,1,Цифровая повседневность,0.503942,False,Орловский,Орловский муниципальный район,муниципальный район,г Орлов,Кировская область,58.536317,48.885076,True,1,1.000000,0.389047,0.310523,0,24,ядро типа,-0.343684,321.600000,0.032371,0.222217,0.010328,0.508527,0.036060,70.915329,False,0
1289,2024-12,1,Цифровая повседневность,0.352234,False,Пижанский,муниципальный округ Пижанский,муниципальный округ,пгт Пижанка,Кировская область,57.460224,48.533832,True,1,1.000000,0.318444,0.235814,0,24,ядро типа,-0.284666,331.800000,0.042870,0.152090,0.013990,0.511495,0.043852,75.226563,False,0
1290,2024-12,1,Цифровая повседневность,0.336441,False,Подосиновский,Подосиновский муниципальный район,муниципальный район,пгт Подосиновец,Кировская область,60.279064,47.064770,True,1,1.000000,0.353628,0.202450,0,24,ядро типа,-0.297179,300.400000,0.031605,0.178279,0.010770,0.519634,0.037197,74.291078,False,0
1291,2024-12,1,Цифровая повседневность,0.446517,False,Санчурский,муниципальный округ Санчурский,муниципальный округ,пгт Санчурск,Кировская область,56.940404,47.252695,True,1,1.000000,0.460915,0.229715,0,24,ядро типа,-0.459294,338.400000,0.044328,0.176092,0.008476,0.548639,0.043402,63.172957,False,0
1292,2024-12,1,Цифровая повседневность,0.659342,False,Свечинский,муниципальный округ Свечинский,муниципальный округ,пгт Свеча,Кировская область,58.277000,47.512543,True,1,1.000000,0.590264,0.449950,0,24,ядро типа,-0.313381,324.400000,0.038983,0.226404,0.014103,0.471036,0.034773,73.097103,False,0
1293,2024-12,1,Цифровая повседневность,0.577347,False,Слободской,Слободской муниципальный район,муниципальный район,г Слободской,Кировская область,58.727782,50.177123,True,1,1.000000,0.488192,0.287949,0,24,ядро типа,-0.235809,338.400000,0.040865,0.177483,0.019011,0.456252,0.039891,78.993122,False,0
1294,2024-12,1,Цифровая повседневность,0.400727,False,Советский,Советский муниципальный район,муниципальный район,г Советск,Кировская область,57.591419,48.958361,True,1,1.000000,0.424338,0.340716,0,24,ядро типа,-0.225732,328.700000,0.040686,0.165831,0.027304,0.490667,0.038180,79.793208,False,0
1295,2024-12,1,Цифровая повседневность,0.521425,False,Сунский,Сунский муниципальный район,муниципальный район,пгт Суна,Кировская область,57.833512,50.058945,True,1,1.000000,0.359518,0.170827,0,24,ядро типа,-0.397023,318.800000,0.042338,0.211553,0.007278,0.457708,0.023938,67.231856,False,0
1296,2024-12,1,Цифровая повседневность,0.470365,False,Тужинский,Тужинский муниципальный район,муниципальный район,пгт Тужа,Кировская область,57.605384,47.937372,True,1,1.000000,0.483541,0.385317,0,24,ядро типа,-0.355996,330.800000,0.044810,0.171023,0.007776,0.501384,0.048544,70.047544,False,0
1297,2024-12,1,Цифровая повседневность,0.356779,False,Унинский,муниципальный округ Унинский,муниципальный округ,пгт Уни,Кировская область,57.754370,51.489526,True,1,1.000000,0.199452,0.046305,0,24,ядро типа,-0.344031,311.900000,0.036854,0.170552,0.004514,0.550072,0.037982,70.890711,False,0
1298,2024-12,1,Цифровая повседневность,0.482784,False,Уржумский,Уржумский муниципальный район,муниципальный район,г Уржум,Кировская область,57.110112,50.000307,True,1,1.000000,0.449338,0.350686,0,24,ядро типа,-0.247920,330.800000,0.045897,0.165885,0.007492,0.488467,0.039391,78.042251,False,0
1299,2024-12,1,Цифровая повседневность,0.354068,False,Фаленский,муниципальный округ Фаленский,муниципальный округ,пгт Фаленки,Кировская область,58.355367,51.596583,True,1,1.000000,0.335113,0.239162,0,24,ядро типа,-0.355206,311.200000,0.040341,0.166586,0.013740,0.552171,0.033405,70.102934,False,0
1300,2024-12,1,Цифровая повседневность,0.596978,False,Шабалинский,Шабалинский муниципальный район,муниципальный район,пгт Ленинское,Кировская область,58.316353,47.085816,True,1,1.000000,0.548464,0.401136,0,24,ядро типа,-0.274532,324.700000,0.039320,0.184531,0.015752,0.490828,0.049160,75.992799,False,0
1301,2024-12,1,Цифровая повседневность,0.440704,False,Юрьянский,Юрьянский муниципальный район,муниципальный район,пгт Юрья,Кировская область,59.042274,49.280204,True,1,1.000000,0.459457,0.334577,0,24,ядро типа,-0.261977,313.300000,0.033351,0.193746,0.013636,0.493022,0.029152,76.952903,False,0
1302,2024-12,1,Цифровая повседневность,0.380765,False,Яранский,Яранский муниципальный район,муниципальный район,г Яранск,Кировская область,57.304288,47.885577,True,1,1.000000,0.390983,0.263458,0,24,ядро типа,-0.268194,337.700000,0.041566,0.156567,0.024425,0.454330,0.041365,76.475928,False,0
1303,2024-12,3,Крупные центры,0.104990,False,Кострома,городской округ город Кострома,городской округ,г Кострома,Костромская область,57.767916,40.926914,True,3,0.875000,0.216430,0.036613,1,21,устойчивый,0.229606,383.200000,0.047794,0.177160,0.042706,0.394286,0.055816,125.810472,False,1
1304,2024-12,1,Цифровая повседневность,0.564867,False,Буй,городской округ город Буй,городской округ,г Буй,Костромская область,58.481682,41.532956,True,1,1.000000,0.494345,0.307540,0,24,ядро типа,-0.124863,351.100000,0.035632,0.204693,0.011122,0.449271,0.030263,88.261813,False,0
1305,2024-12,1,Цифровая повседневность,0.500802,False,Волгореченск,городской округ город Волгореченск,городской округ,г Волгореченск,Костромская область,57.442248,41.159474,True,1,1.000000,0.435883,0.270230,0,24,ядро типа,-0.051153,367.900000,0.042104,0.219297,0.019271,0.415177,0.022671,95.013309,False,0
1306,2024-12,1,Цифровая повседневность,0.640583,False,Галич,городской округ город Галич,городской округ,г Галич,Костромская область,58.381382,42.347916,True,1,1.000000,0.555748,0.447469,0,24,ядро типа,-0.018871,347.600000,0.038822,0.215937,0.012794,0.479538,0.034432,98.130568,False,0
1308,2024-12,1,Цифровая повседневность,0.714171,False,Шарья,городской округ город Шарья,городской округ,г Шарья,Костромская область,58.369748,45.517296,True,1,1.000000,0.577536,0.317668,0,24,ядро типа,-0.026773,337.000000,0.036191,0.212434,0.014034,0.453758,0.042481,97.358177,False,0
1309,2024-12,1,Цифровая повседневность,0.566679,False,Антроповский,Антроповский муниципальный район,муниципальный район,п Антропово,Костромская область,58.397600,43.005000,True,1,1.000000,0.466618,0.322684,0,24,ядро типа,-0.173513,341.200000,0.041654,0.251611,0.004466,0.511530,0.037482,84.070592,False,0
1310,2024-12,1,Цифровая повседневность,0.511496,False,Буйский,Буйский муниципальный район,муниципальный район,г Буй,Костромская область,58.481682,41.532956,True,1,1.000000,0.499977,0.303276,0,24,ядро типа,-0.128425,358.200000,0.032785,0.192372,0.011547,0.477082,0.035899,87.947933,False,0
1311,2024-12,1,Цифровая повседневность,0.633970,False,Вохомский,Вохомский муниципальный район,муниципальный район,п Вохма,Костромская область,58.930612,46.758866,True,1,1.000000,0.540289,0.418243,0,24,ядро типа,-0.262217,313.100000,0.043558,0.224631,0.008720,0.513019,0.042038,76.934439,False,0
1312,2024-12,1,Цифровая повседневность,0.500479,False,Галичский,Галичский муниципальный район,муниципальный район,г Галич,Костромская область,58.381382,42.347916,True,1,1.000000,0.456285,0.312628,0,24,ядро типа,-0.119265,351.800000,0.030822,0.205492,0.008252,0.499255,0.040356,88.757251,False,0
1313,2024-12,1,Цифровая повседневность,0.594558,False,Кадыйский,Кадыйский муниципальный район,муниципальный район,пгт Кадый,Костромская область,57.784485,43.189411,True,1,1.000000,0.542326,0.447637,0,24,ядро типа,-0.276193,345.900000,0.043725,0.234526,0.004218,0.522877,0.046727,75.866632,False,0
1314,2024-12,1,Цифровая повседневность,0.479275,False,Кологривский,Кологривский муниципальный округ,муниципальный округ,г Кологрив,Костромская область,58.825497,44.311275,True,1,1.000000,0.424064,0.327704,0,24,ядро типа,-0.221153,320.700000,0.056163,0.224807,0.005451,0.550923,0.043533,80.159402,False,0
1315,2024-12,1,Цифровая повседневность,0.066433,False,Костромской,Костромской муниципальный район,муниципальный район,г Кострома,Костромская область,57.767916,40.926914,True,1,0.791667,0.140300,0.003919,4,3,устойчивый,0.152393,491.900000,0.042250,0.211885,0.031232,0.383898,0.064762,116.461773,False,1
1316,2024-12,1,Цифровая повседневность,0.593334,False,Красносельский,Красносельский муниципальный район,муниципальный район,пгт Красное-на-Волге,Костромская область,57.509319,41.237621,True,1,1.000000,0.638846,0.530469,0,24,ядро типа,-0.063275,358.700000,0.036421,0.243116,0.017047,0.418306,0.043207,93.868570,False,0
1317,2024-12,1,Цифровая повседневность,0.599805,False,Макарьевский,Макарьевский муниципальный район,муниципальный район,г Макарьев,Костромская область,57.880402,43.807240,True,1,1.000000,0.567962,0.474609,0,24,ядро типа,-0.316375,343.100000,0.046489,0.243044,0.005531,0.500697,0.045602,72.878618,False,0
1319,2024-12,1,Цифровая повседневность,0.527853,False,Межевской,Межевской муниципальный округ,муниципальный округ,с Георгиевское,Костромская область,58.730345,45.029913,True,1,1.000000,0.376714,0.204374,0,24,ядро типа,-0.252346,326.600000,0.043012,0.215969,0.004911,0.541051,0.056517,77.697598,False,0
1320,2024-12,1,Цифровая повседневность,0.609161,False,Нейский,Нейский муниципальный округ,муниципальный округ,г Нея,Костромская область,58.294091,43.860920,True,1,1.000000,0.581645,0.515241,0,24,ядро типа,-0.113147,337.900000,0.036664,0.229083,0.007167,0.505100,0.048001,89.301925,False,0
1321,2024-12,1,Цифровая повседневность,0.539339,False,Нерехта и Нерехтский,муниципальный район город Нерехта и Нерехтский район,муниципальный район,г Нерехта,Костромская область,57.460655,40.573799,True,1,1.000000,0.494772,0.406954,0,24,ядро типа,-0.087195,371.400000,0.036296,0.215794,0.012356,0.449115,0.027566,91.649870,False,0
1322,2024-12,1,Цифровая повседневность,0.588314,False,Октябрьский,Октябрьский муниципальный район,муниципальный район,с Боговарово,Костромская область,58.975548,47.019591,True,1,1.000000,0.539087,0.383416,0,24,ядро типа,-0.229751,311.000000,0.047200,0.238519,0.010300,0.521103,0.044258,79.473174,False,0
1323,2024-12,1,Цифровая повседневность,0.621235,False,Островский,Островский муниципальный округ,муниципальный округ,п Островское,Костромская область,57.801440,42.197360,True,1,1.000000,0.600306,0.430810,0,24,ядро типа,-0.270611,353.700000,0.047838,0.245039,0.009116,0.485278,0.042514,76.291293,False,0
1324,2024-12,1,Цифровая повседневность,0.400451,False,Павинский,Павинский муниципальный округ,муниципальный округ,с Павино,Костромская область,59.121362,46.191750,True,1,1.000000,0.390702,0.138347,0,24,ядро типа,-0.179240,315.900000,0.043587,0.172545,0.008320,0.554042,0.055956,83.590541,False,0
1325,2024-12,1,Цифровая повседневность,0.449615,False,Парфеньевский,Парфеньевский муниципальный округ,муниципальный округ,с Парфеньево,Костромская область,58.479989,43.408618,True,1,1.000000,0.527897,0.433339,0,24,ядро типа,-0.176740,336.200000,0.036318,0.290247,0.002938,0.451711,0.035253,83.799794,False,0
1326,2024-12,1,Цифровая повседневность,0.568124,False,Поназыревский,Поназыревский муниципальный округ,муниципальный округ,пгт Поназырево,Костромская область,58.358154,46.317429,True,1,1.000000,0.372551,0.098597,0,24,ядро типа,-0.140216,326.600000,0.035900,0.200991,0.013949,0.510781,0.034590,86.917053,False,0
1327,2024-12,1,Цифровая повседневность,0.574892,False,Пыщугский,Пыщугский муниципальный округ,муниципальный округ,с Пыщуг,Костромская область,59.010450,45.611114,True,1,1.000000,0.447928,0.268121,0,24,ядро типа,-0.240652,321.800000,0.046896,0.221170,0.015423,0.535818,0.046739,78.611543,False,0
1328,2024-12,1,Цифровая повседневность,0.517818,False,Солигаличский,Солигаличский муниципальный округ,муниципальный округ,г Солигалич,Костромская область,59.077769,42.286183,True,1,1.000000,0.506396,0.391763,0,24,ядро типа,-0.226079,324.700000,0.037653,0.263570,0.011381,0.507889,0.044790,79.765513,False,0
1329,2024-12,1,Цифровая повседневность,0.555588,False,Судиславский,Судиславский муниципальный район,муниципальный район,пгт Судиславль,Костромская область,57.881283,41.712421,True,1,1.000000,0.559606,0.449241,0,24,ядро типа,-0.252465,356.100000,0.037036,0.251683,0.011329,0.487285,0.031609,77.688366,False,0
1330,2024-12,1,Цифровая повседневность,0.643617,False,Сусанинский,Сусанинский муниципальный район,муниципальный район,пгт Сусанино,Костромская область,58.147578,41.585144,True,1,1.000000,0.540328,0.470180,0,24,ядро типа,-0.251158,352.100000,0.042090,0.231378,0.012619,0.512164,0.040468,77.789916,False,0
1331,2024-12,1,Цифровая повседневность,0.526336,False,Чухломский,Чухломский муниципальный район,муниципальный район,г Чухлома,Костромская область,58.756022,42.680650,True,1,1.000000,0.578317,0.476889,0,24,ядро типа,-0.124653,334.100000,0.035172,0.257948,0.005717,0.470510,0.048557,88.280276,False,0
1333,2024-12,2,Автономные локальные центры,0.182707,False,Курган,городской округ город Курган,городской округ,г Курган,Курганская область,55.440936,65.342117,True,2,1.000000,0.153230,0.016031,0,24,ядро типа,0.230169,278.200000,0.045273,0.156086,0.034957,0.411592,0.054856,125.881249,False,0
1334,2024-12,1,Цифровая повседневность,0.287425,False,Шадринск,городской округ город Шадринск,городской округ,г Шадринск,Курганская область,56.087364,63.629482,True,1,1.000000,0.341816,0.267594,0,24,ядро типа,0.028261,300.400000,0.050856,0.165311,0.030663,0.434905,0.042420,102.866463,False,0
1335,2024-12,1,Цифровая повседневность,0.517952,False,Альменевский,Альменевский муниципальный округ,муниципальный округ,с Альменево,Курганская область,54.942505,63.578785,True,1,1.000000,0.351248,0.229917,0,24,ядро типа,-0.319081,282.900000,0.047250,0.182141,0.008468,0.492485,0.051696,72.681673,False,0
1336,2024-12,1,Цифровая повседневность,0.538144,False,Белозерский,Белозерский муниципальный округ,муниципальный округ,с Белозерское,Курганская область,55.823845,65.588783,True,1,1.000000,0.403655,0.275051,0,24,ядро типа,-0.404650,277.700000,0.046998,0.198460,0.002168,0.512499,0.043907,66.721031,False,0
1337,2024-12,1,Цифровая повседневность,0.511053,False,Варгашинский,Варгашинский муниципальный округ,муниципальный округ,рп Варгаши,Курганская область,55.372040,65.808100,True,1,1.000000,0.442893,0.297878,0,24,ядро типа,-0.339915,277.400000,0.039815,0.180097,0.007263,0.468615,0.034584,71.183050,False,0
1338,2024-12,1,Цифровая повседневность,0.441225,False,Далматовский,Далматовский муниципальный округ,муниципальный округ,г Далматово,Курганская область,56.258656,62.939163,True,1,1.000000,0.449401,0.335846,0,24,ядро типа,-0.172855,292.300000,0.048028,0.173531,0.011230,0.476955,0.028203,84.125983,False,0
1339,2024-12,1,Цифровая повседневность,0.513071,False,Звериноголовский,Звериноголовский муниципальный округ,муниципальный округ,с Звериноголовское,Курганская область,54.459023,64.856514,True,1,1.000000,0.315950,0.070113,0,24,ядро типа,-0.349603,270.800000,0.038326,0.185735,0.004889,0.478109,0.044131,70.496823,False,0
1340,2024-12,1,Цифровая повседневность,0.605716,False,Каргапольский,Каргапольский муниципальный округ,муниципальный округ,рп Каргаполье,Курганская область,55.952408,64.434021,True,1,1.000000,0.575966,0.467257,0,24,ядро типа,-0.251514,282.900000,0.041274,0.203126,0.012109,0.496992,0.035180,77.762221,False,0
1341,2024-12,1,Цифровая повседневность,0.563947,False,Катайский,Катайский муниципальный округ,муниципальный округ,г Катайск,Курганская область,56.283499,62.583652,True,1,1.000000,0.482387,0.378300,0,24,ядро типа,-0.181119,295.900000,0.045735,0.184376,0.015269,0.471102,0.036846,83.433601,False,0
1343,2024-12,1,Цифровая повседневность,0.491144,False,Куртамышский,Куртамышский муниципальный округ,муниципальный округ,г Куртамыш,Курганская область,54.909586,64.428393,True,1,1.000000,0.456156,0.346464,0,24,ядро типа,-0.269603,277.400000,0.048676,0.178426,0.006407,0.480034,0.034694,76.368224,False,0
1344,2024-12,1,Цифровая повседневность,0.583153,False,Лебяжьевский,Лебяжьевский муниципальный округ,муниципальный округ,рп Лебяжье,Курганская область,55.273006,66.502243,True,1,1.000000,0.524678,0.454607,0,24,ядро типа,-0.300332,271.300000,0.047744,0.221973,0.004197,0.480553,0.032826,74.057206,False,0
1345,2024-12,1,Цифровая повседневность,0.608470,False,Макушинский,муниципальный округ Макушинский,муниципальный округ,г Макушино,Курганская область,55.208321,67.252739,True,1,1.000000,0.514405,0.430624,0,24,ядро типа,-0.244849,267.800000,0.041708,0.194544,0.006997,0.498487,0.044499,78.282277,False,0
1346,2024-12,1,Цифровая повседневность,0.566327,False,Мишкинский,Мишкинский муниципальный округ,муниципальный округ,рп Мишкино,Курганская область,55.337302,63.914359,True,1,1.000000,0.546700,0.474102,0,24,ядро типа,-0.225423,286.200000,0.046226,0.195967,0.006438,0.508983,0.035276,79.817827,False,0
1347,2024-12,1,Цифровая повседневность,0.468103,False,Мокроусовский,Мокроусовский муниципальный округ,муниципальный округ,с Мокроусово,Курганская область,55.808598,66.770607,True,1,1.000000,0.434941,0.367452,0,24,ядро типа,-0.309935,269.700000,0.037171,0.222143,0.003230,0.467780,0.020809,73.349438,False,0
1348,2024-12,1,Цифровая повседневность,0.542694,False,Петуховский,Петуховский муниципальный округ,муниципальный округ,г Петухово,Курганская область,55.065000,67.887360,True,1,1.000000,0.543431,0.462608,0,24,ядро типа,-0.261737,263.500000,0.047415,0.217327,0.005277,0.490225,0.057930,76.971366,False,0
1349,2024-12,1,Цифровая повседневность,0.516941,False,Половинский,Половинский муниципальный округ,муниципальный округ,с Половинное,Курганская область,54.789661,65.987595,True,1,1.000000,0.485662,0.397678,0,24,ядро типа,-0.427886,268.500000,0.034838,0.243344,0.003871,0.488010,0.037953,65.188559,False,0
1350,2024-12,1,Цифровая повседневность,0.477322,False,Притобольный,Притобольный муниципальный округ,муниципальный округ,с Глядянское,Курганская область,54.907539,65.088203,True,1,1.000000,0.386451,0.318704,0,24,ядро типа,-0.405757,272.500000,0.050559,0.191061,0.005956,0.517084,0.035645,66.647177,False,0
1351,2024-12,1,Цифровая повседневность,0.677890,False,Сафакулевский,Сафакулевский муниципальный округ,муниципальный округ,с Сафакулево,Курганская область,54.988411,62.540390,True,1,1.000000,0.375703,0.207646,0,24,ядро типа,-0.286058,291.400000,0.043995,0.197444,0.013313,0.414919,0.049812,75.121936,False,0
1352,2024-12,1,Цифровая повседневность,0.442604,False,Целинный,Целинный муниципальный округ,муниципальный округ,с Целинное,Курганская область,54.504120,63.664242,True,1,1.000000,0.357123,0.188027,0,24,ядро типа,-0.407421,279.800000,0.036814,0.175654,0.002960,0.488900,0.039682,66.536396,False,0
1353,2024-12,1,Цифровая повседневность,0.624027,False,Частоозерский,Частоозерский муниципальный округ,муниципальный округ,с Частоозерье,Курганская область,55.568256,67.909462,True,1,1.000000,0.522860,0.343721,0,24,ядро типа,-0.297179,264.200000,0.044197,0.205161,0.004639,0.449051,0.051404,74.291078,False,0
1355,2024-12,1,Цифровая повседневность,0.570521,False,Шатровский,Шатровский муниципальный округ,муниципальный округ,с Шатрово,Курганская область,56.519569,64.634209,True,1,1.000000,0.494579,0.337831,0,24,ядро типа,-0.292468,279.300000,0.041845,0.192241,0.008658,0.513399,0.043412,74.641885,False,0
1356,2024-12,1,Цифровая повседневность,0.587843,False,Шумихинский,муниципальный округ Шумихинский,муниципальный округ,г Шумиха,Курганская область,55.228207,63.282501,True,1,1.000000,0.535696,0.370026,0,24,ядро типа,-0.124723,289.500000,0.042983,0.177264,0.014955,0.456564,0.044516,88.274122,False,0
1357,2024-12,1,Цифровая повседневность,0.746290,False,Щучанский,Щучанский муниципальный округ,муниципальный округ,г Щучье,Курганская область,55.208908,62.747772,True,1,1.000000,0.472160,0.167649,0,24,ядро типа,-0.071174,294.000000,0.039354,0.198817,0.013283,0.447958,0.040345,93.130029,False,0
1358,2024-12,1,Цифровая повседневность,0.574825,False,Юргамышский,Юргамышский муниципальный округ,муниципальный округ,рп Юргамыш,Курганская область,55.374958,64.455788,True,1,1.000000,0.456209,0.270156,0,24,ядро типа,-0.177033,283.100000,0.042279,0.183257,0.010028,0.486556,0.040552,83.775176,False,0
1392,2024-12,1,Цифровая повседневность,0.371033,False,Бокситогорский,Бокситогорский муниципальный район,муниципальный район,г Бокситогорск,Ленинградская область,59.472902,33.848995,True,1,1.000000,0.302047,0.218630,0,24,ядро типа,0.207572,318.300000,0.037982,0.228815,0.024604,0.409872,0.032806,123.068638,False,0
1393,2024-12,1,Цифровая повседневность,0.221240,False,Волосовский,Волосовский муниципальный район,муниципальный район,г Волосово,Ленинградская область,59.444394,29.492516,True,1,1.000000,0.152377,0.072163,0,24,ядро типа,0.242752,327.000000,0.032299,0.246759,0.025926,0.390537,0.045842,127.475267,False,0
1394,2024-12,1,Цифровая повседневность,0.191342,False,Волховский,Волховский муниципальный район,муниципальный район,г Волхов,Ленинградская область,59.927587,32.327680,True,1,1.000000,0.110400,0.002484,0,24,устойчивый,0.320919,319.500000,0.037751,0.222646,0.032617,0.399616,0.042239,137.839460,False,0
1395,2024-12,3,Крупные центры,0.791079,False,Всеволожский,Всеволожский муниципальный район,муниципальный район,г Всеволожск,Ленинградская область,60.042597,30.581805,True,3,1.000000,0.712618,0.591973,0,24,ядро типа,0.556236,360.100000,0.046615,0.183408,0.068335,0.326905,0.069499,174.409552,False,0
1396,2024-12,3,Крупные центры,0.302638,False,Выборгский,Выборгский муниципальный район,муниципальный район,г Выборг,Ленинградская область,60.732672,28.744691,True,3,0.875000,0.286105,0.085724,1,21,устойчивый,0.431930,297.800000,0.043575,0.200531,0.046272,0.364381,0.060038,154.022741,False,1
1397,2024-12,3,Крупные центры,0.591359,False,Гатчинский,Гатчинский муниципальный район,муниципальный район,г Гатчина,Ленинградская область,59.570627,30.130508,True,3,1.000000,0.631789,0.408225,0,24,ядро типа,0.440881,346.200000,0.049562,0.194230,0.048295,0.359768,0.060552,155.407505,False,0
1398,2024-12,2,Автономные локальные центры,0.109545,False,Кингисеппский,Кингисеппский муниципальный район,муниципальный район,г Кингисепп,Ленинградская область,59.374398,28.598159,True,2,0.625000,0.086145,0.012032,4,4,пограничный,0.419061,323.700000,0.039930,0.191411,0.047114,0.376407,0.046810,152.053298,False,4
1399,2024-12,1,Цифровая повседневность,0.085053,True,Киришский,Киришский муниципальный район,муниципальный район,г Кириши,Ленинградская область,59.450325,32.010578,True,1,0.541667,0.059362,0.003985,10,1,пограничный,0.299049,319.700000,0.048033,0.190809,0.046687,0.394601,0.035734,134.857600,False,0
1400,2024-12,3,Крупные центры,0.346521,False,Кировский,Кировский муниципальный район,муниципальный район,г Кировск,Ленинградская область,59.881395,30.985533,True,3,0.875000,0.325533,0.041566,1,21,устойчивый,0.424651,347.800000,0.045926,0.204693,0.042987,0.375576,0.055867,152.905698,False,1
1401,2024-12,1,Цифровая повседневность,0.204651,False,Лодейнопольский,Лодейнопольский муниципальный район,муниципальный район,г Лодейное Поле,Ленинградская область,60.733932,33.545773,True,1,0.791667,0.119596,0.009438,4,4,устойчивый,0.313008,300.600000,0.036004,0.225698,0.030806,0.408641,0.041337,136.753189,False,1
1402,2024-12,3,Крупные центры,0.603761,False,Ломоносовский,Ломоносовский муниципальный район,муниципальный район,г Ломоносов,Ленинградская область,59.910320,29.776194,True,3,1.000000,0.575485,0.404026,0,24,ядро типа,0.491176,349.000000,0.044344,0.198279,0.055435,0.347073,0.074830,163.423753,False,0
1403,2024-12,3,Крупные центры,0.006341,False,Лужский,Лужский муниципальный район,муниципальный район,г Луга,Ленинградская область,58.735699,29.847501,True,3,0.625000,0.081210,0.004134,6,10,пограничный,0.394559,321.600000,0.040796,0.197134,0.045234,0.386552,0.054339,148.372902,False,0
1404,2024-12,1,Цифровая повседневность,0.384777,False,Подпорожский,Подпорожский муниципальный район,муниципальный район,г Подпорожье,Ленинградская область,60.914291,34.162354,True,1,1.000000,0.240279,0.094236,0,24,ядро типа,0.187876,295.900000,0.039630,0.215643,0.024507,0.422768,0.042460,120.668380,False,0
1405,2024-12,1,Цифровая повседневность,0.106707,False,Приозерский,Приозерский муниципальный район,муниципальный район,г Приозерск,Ленинградская область,61.038528,30.124848,True,1,1.000000,0.128696,0.007220,0,24,устойчивый,0.360339,297.500000,0.041550,0.237584,0.034554,0.377388,0.050951,143.381595,False,0
1406,2024-12,1,Цифровая повседневность,0.116333,False,Сланцевский,Сланцевский муниципальный район,муниципальный район,г Сланцы,Ленинградская область,59.117260,28.086979,True,1,0.833333,0.046148,0.004953,4,6,пограничный,0.300509,308.400000,0.032834,0.211151,0.030669,0.424854,0.033084,135.054544,False,0
1407,2024-12,1,Цифровая повседневность,0.137548,False,Тихвинский,Тихвинский муниципальный район,муниципальный район,г Тихвин,Ленинградская область,59.644323,33.541862,True,1,0.708333,0.072018,0.001274,6,3,пограничный,0.309491,318.300000,0.043379,0.197182,0.033940,0.386957,0.042521,136.273137,False,2
1408,2024-12,3,Крупные центры,0.435548,False,Тосненский,Тосненский муниципальный район,муниципальный район,г Тосно,Ленинградская область,59.541278,30.877364,True,3,1.000000,0.419671,0.103415,0,24,ядро типа,0.428889,343.600000,0.045952,0.196633,0.048637,0.372204,0.056613,153.554998,False,0
1409,2024-12,3,Крупные центры,0.468827,False,Сосновоборский,городской округ Сосновоборский,городской округ,г Сосновый Бор,Ленинградская область,59.896865,29.076563,True,3,1.000000,0.532201,0.270892,0,24,ядро типа,0.501871,320.400000,0.053411,0.203212,0.049890,0.367432,0.052517,165.180866,False,0
1410,2024-12,3,Крупные центры,0.147242,False,Липецк,городской округ город Липецк,городской округ,г Липецк,Липецкая область,52.604188,39.593690,True,3,0.916667,0.265115,0.003672,1,22,ядро типа,0.355261,399.300000,0.043790,0.185901,0.043682,0.368264,0.059903,142.655363,False,0
1411,2024-12,1,Цифровая повседневность,0.273839,False,Елец,городской округ город Елец,городской округ,г Елец,Липецкая область,52.621986,38.500330,True,1,1.000000,0.269625,0.086675,0,24,ядро типа,0.247569,392.000000,0.038535,0.205790,0.032601,0.396468,0.060925,128.090717,False,0
1412,2024-12,1,Цифровая повседневность,0.446793,False,Воловский,Воловский муниципальный район,муниципальный район,с Волово,Липецкая область,52.028384,37.879039,True,1,1.000000,0.503512,0.415375,0,24,ядро типа,-0.149535,355.600000,0.048887,0.292749,0.009184,0.425044,0.047993,86.110812,False,0
1413,2024-12,1,Цифровая повседневность,0.679897,False,Грязинский,Грязинский муниципальный район,муниципальный район,г Грязи,Липецкая область,52.487447,39.935935,True,1,1.000000,0.622261,0.522475,0,24,ядро типа,0.021658,372.600000,0.041857,0.207721,0.025205,0.418995,0.044236,102.189467,False,0
1414,2024-12,1,Цифровая повседневность,0.747119,False,Данковский,Данковский муниципальный район,муниципальный район,г Данков,Липецкая область,53.253310,39.159180,True,1,1.000000,0.701205,0.631992,0,24,ядро типа,0.024395,378.700000,0.043215,0.204210,0.015106,0.442356,0.045947,102.469497,False,0
1415,2024-12,1,Цифровая повседневность,0.654553,False,Добринский,Добринский муниципальный район,муниципальный район,п Добринка,Липецкая область,52.165836,40.477210,True,1,1.000000,0.647696,0.600931,0,24,ядро типа,-0.101057,362.700000,0.042182,0.243114,0.011167,0.441664,0.049229,90.388196,False,0
1416,2024-12,1,Цифровая повседневность,0.744312,False,Добровский,Добровский муниципальный район,муниципальный район,с Доброе,Липецкая область,52.861337,39.810207,True,1,1.000000,0.699225,0.624439,0,24,ядро типа,-0.206103,375.700000,0.043186,0.228785,0.014862,0.467327,0.043980,81.374917,False,0
1417,2024-12,1,Цифровая повседневность,0.533400,False,Долгоруковский,Долгоруковский муниципальный район,муниципальный район,с Долгоруково,Липецкая область,52.324388,38.349596,True,1,1.000000,0.588993,0.515580,0,24,ядро типа,-0.176850,365.500000,0.051452,0.260347,0.011275,0.432076,0.040178,83.790562,False,0
1419,2024-12,1,Цифровая повседневность,0.605944,False,Задонский,Задонский муниципальный район,муниципальный район,г Задонск,Липецкая область,52.387798,38.926720,True,1,1.000000,0.643780,0.578753,0,24,ядро типа,-0.092143,373.600000,0.040559,0.251080,0.011405,0.429478,0.045890,91.197514,False,0
1420,2024-12,1,Цифровая повседневность,0.688305,False,Измалковский,Измалковский муниципальный район,муниципальный район,с Измалково,Липецкая область,52.693166,37.969356,True,1,1.000000,0.672231,0.578420,0,24,ядро типа,-0.200409,367.900000,0.045535,0.234593,0.007595,0.454484,0.042865,81.839583,False,0
1421,2024-12,1,Цифровая повседневность,0.626372,False,Краснинский,Краснинский муниципальный район,муниципальный район,с Красное,Липецкая область,52.863953,38.783821,True,1,1.000000,0.684547,0.546146,0,24,ядро типа,-0.100648,371.900000,0.045704,0.239272,0.005649,0.421576,0.051319,90.425123,False,0
1422,2024-12,1,Цифровая повседневность,0.742715,False,Лебедянский,Лебедянский муниципальный район,муниципальный район,г Лебедянь,Липецкая область,53.012615,39.127593,True,1,1.000000,0.686526,0.600182,0,24,ядро типа,-0.022830,375.400000,0.041054,0.223153,0.018418,0.445707,0.045021,97.742834,False,0
1423,2024-12,1,Цифровая повседневность,0.656020,False,Лев-Толстовский,Лев-Толстовский муниципальный район,муниципальный район,п Лев Толстой,Липецкая область,53.212541,39.447757,True,1,1.000000,0.662612,0.606263,0,24,ядро типа,0.011611,375.000000,0.041307,0.240571,0.012441,0.473020,0.044470,101.167818,False,0
1425,2024-12,1,Цифровая повседневность,0.566671,False,Становлянский,Становлянский муниципальный район,муниципальный район,с Становое,Липецкая область,52.763271,38.363959,True,1,1.000000,0.645760,0.511629,0,24,ядро типа,-0.247526,374.500000,0.035986,0.252217,0.010879,0.422687,0.039139,78.073023,False,0
1426,2024-12,1,Цифровая повседневность,0.518800,False,Тербунский,Тербунский муниципальный район,муниципальный район,с Тербуны,Липецкая область,52.146828,38.278389,True,1,1.000000,0.512008,0.451003,0,24,ядро типа,-0.065243,363.900000,0.046216,0.266358,0.012318,0.422119,0.048942,93.683935,False,0
1427,2024-12,1,Цифровая повседневность,0.661140,False,Усманский,Усманский муниципальный район,муниципальный район,г Усмань,Липецкая область,52.050693,39.740000,True,1,1.000000,0.678645,0.604334,0,24,ядро типа,-0.079968,367.200000,0.044401,0.240808,0.019267,0.434248,0.044068,92.314557,False,0
1428,2024-12,1,Цифровая повседневность,0.517724,False,Хлевенский,Хлевенский муниципальный район,муниципальный район,с Хлевное,Липецкая область,52.197231,39.086029,True,1,1.000000,0.500393,0.428188,0,24,ядро типа,-0.149178,372.400000,0.052763,0.252885,0.013932,0.416140,0.051906,86.141584,False,0
1429,2024-12,1,Цифровая повседневность,0.721929,False,Чаплыгинский,Чаплыгинский муниципальный район,муниципальный район,г Чаплыгин,Липецкая область,53.243015,39.966801,True,1,1.000000,0.706026,0.633945,0,24,ядро типа,-0.028070,378.500000,0.043833,0.226129,0.011773,0.437352,0.042884,97.232010,False,0
1430,2024-12,2,Автономные локальные центры,0.462597,False,Магадан,городской округ город Магадан,городской округ,г Магадан,Магаданская область,59.560477,150.798862,True,2,1.000000,0.441665,0.358355,0,24,ядро типа,0.826884,119.200000,0.038644,0.110966,0.045280,0.384935,0.049695,228.618467,False,0
1431,2024-12,2,Автономные локальные центры,0.451050,False,Ольский,муниципальный округ Ольский,муниципальный округ,пгт Ола,Магаданская область,59.578098,151.299070,True,2,1.000000,0.379165,0.285979,0,24,ядро типа,0.509388,120.200000,0.032358,0.171681,0.023335,0.448440,0.029473,166.427154,False,0
1438,2024-12,2,Автономные локальные центры,0.423444,False,Ягоднинский,муниципальный округ Ягоднинский,муниципальный округ,пгт Ягодное,Магаданская область,62.521679,149.625332,True,2,1.000000,0.283783,0.110851,0,24,ядро типа,0.779080,122.800000,0.027321,0.133823,0.017282,0.433745,0.036964,217.946548,False,0
1439,2024-12,3,Крупные центры,0.784035,False,Балашиха,городской округ Балашиха,городской округ,г Балашиха,Московская область,55.799766,37.937371,True,3,1.000000,0.776687,0.706189,0,24,ядро типа,0.580775,565.500000,0.049014,0.175674,0.055935,0.331772,0.069846,178.742326,False,0
1440,2024-12,3,Крупные центры,0.380355,False,Бронницы,городской округ Бронницы,городской округ,г Бронницы,Московская область,55.420093,38.271970,True,3,1.000000,0.402354,0.116681,0,24,ядро типа,0.437230,489.700000,0.035335,0.212966,0.044676,0.361342,0.064629,154.841291,False,0
1443,2024-12,3,Крупные центры,0.742157,False,Дзержинский,городской округ Дзержинский,городской округ,г Дзержинский,Московская область,55.630919,37.849665,True,3,1.000000,0.742672,0.563301,0,24,ядро типа,0.566260,586.800000,0.045032,0.176408,0.054500,0.329112,0.067164,176.166664,False,0
1444,2024-12,3,Крупные центры,0.788212,False,Долгопрудный,городской округ Долгопрудный,городской округ,г Долгопрудный,Московская область,55.934149,37.514242,True,3,1.000000,0.767357,0.741216,0,24,ядро типа,0.672581,569.800000,0.050432,0.172248,0.061065,0.308199,0.068886,195.928792,False,0
1445,2024-12,3,Крупные центры,0.722920,False,Домодедово,городской округ Домодедово,городской округ,г Домодедово,Московская область,55.436821,37.768069,True,3,1.000000,0.681780,0.575856,0,24,ядро типа,0.551000,524.200000,0.044589,0.186410,0.051400,0.334315,0.072312,173.498684,False,0
1446,2024-12,3,Крупные центры,0.640680,False,Дубна,городской округ Дубна,городской округ,г Дубна,Московская область,56.736271,37.162370,True,3,1.000000,0.582925,0.275248,0,24,ядро типа,0.595438,413.200000,0.045926,0.195002,0.052118,0.342365,0.055647,181.382610,False,0
1447,2024-12,3,Крупные центры,0.253773,False,Егорьевск,городской округ Егорьевск,городской округ,г Егорьевск,Московская область,55.382976,39.035622,True,3,0.958333,0.299320,0.010988,2,22,ядро типа,0.351956,440.100000,0.036684,0.195866,0.043459,0.375197,0.060080,142.184543,False,0
1448,2024-12,3,Крупные центры,0.807408,False,Жуковский,городской округ Жуковский,городской округ,г Жуковский,Московская область,55.597280,38.119986,True,3,1.000000,0.793208,0.655896,0,24,ядро типа,0.577999,523.000000,0.048805,0.179252,0.053052,0.324753,0.063393,178.246888,False,0
1449,2024-12,1,Цифровая повседневность,0.329095,False,Зарайск,городской округ Зарайск,городской округ,г Зарайск,Московская область,54.758569,38.881814,True,1,1.000000,0.393228,0.309999,0,24,ядро типа,0.220293,417.500000,0.037304,0.204222,0.024219,0.400518,0.043229,124.644192,False,0
1453,2024-12,3,Крупные центры,0.764500,False,Истра,городской округ Истра,городской округ,г Истра,Московская область,55.914599,36.859548,True,3,1.000000,0.708437,0.571864,0,24,ядро типа,0.605902,477.700000,0.051005,0.201904,0.047664,0.323708,0.068449,183.290508,False,0
1454,2024-12,3,Крупные центры,0.193630,False,Кашира,городской округ Кашира,городской округ,г Кашира,Московская область,54.837449,38.150512,True,3,0.875000,0.246971,0.047535,1,21,устойчивый,0.395201,436.100000,0.039940,0.203723,0.036893,0.381910,0.058076,148.468297,False,1
1456,2024-12,3,Крупные центры,0.772677,False,Королёв,городской округ Королёв,городской округ,г Королёв,Московская область,55.919005,37.815044,True,3,1.000000,0.780104,0.747382,0,24,ядро типа,0.646873,561.700000,0.052632,0.169481,0.055871,0.328794,0.066877,190.955949,False,0
1457,2024-12,3,Крупные центры,0.675158,False,Котельники,городской округ Котельники,городской округ,г Котельники,Московская область,55.661668,37.867307,True,3,1.000000,0.649164,0.579703,0,24,ядро типа,0.632917,601.400000,0.041017,0.168677,0.068177,0.301941,0.076037,188.309510,False,0
1459,2024-12,3,Крупные центры,0.746366,False,Красногорск,городской округ Красногорск,городской округ,г Красногорск,Московская область,55.821754,37.340090,True,3,1.000000,0.709529,0.657938,0,24,ядро типа,0.734234,568.100000,0.046427,0.175948,0.062789,0.299768,0.073288,208.388596,False,0
1461,2024-12,3,Крупные центры,0.796123,False,Лобня,городской округ Лобня,городской округ,г Лобня,Московская область,56.033777,37.461224,True,3,1.000000,0.766504,0.587172,0,24,ядро типа,0.567901,521.600000,0.047173,0.183705,0.053922,0.338879,0.063618,176.455926,False,0
1463,2024-12,3,Крупные центры,0.134137,False,Луховицы,городской округ Луховицы,городской округ,г Луховицы,Московская область,54.965557,39.027719,True,3,0.791667,0.150438,0.027901,1,19,устойчивый,0.399483,429.300000,0.040162,0.196289,0.034982,0.376852,0.055083,149.105288,False,1
1464,2024-12,3,Крупные центры,0.696930,False,Лыткарино,городской округ Лыткарино,городской округ,г Лыткарино,Московская область,55.582248,37.908022,True,3,1.000000,0.710430,0.432017,0,24,ядро типа,0.566889,538.100000,0.051550,0.186213,0.049316,0.348788,0.054012,176.277445,False,0
1465,2024-12,3,Крупные центры,0.774431,False,Люберцы,городской округ Люберцы,городской округ,г Люберцы,Московская область,55.678314,37.893770,True,3,1.000000,0.754466,0.651807,0,24,ядро типа,0.569469,587.700000,0.046681,0.178385,0.057529,0.327901,0.066670,176.732879,False,0
1467,2024-12,3,Крупные центры,0.760873,False,Мытищи,городской округ Мытищи,городской округ,г Мытищи,Московская область,55.909493,37.733936,True,3,1.000000,0.737185,0.667981,0,24,ядро типа,0.654066,572.600000,0.046335,0.173754,0.059870,0.306710,0.072702,192.334559,False,0
1468,2024-12,3,Крупные центры,0.693905,False,Наро-Фоминский,городской округ Наро-Фоминский,городской округ,г Наро-Фоминск,Московская область,55.384278,36.723507,True,3,1.000000,0.638657,0.395586,0,24,ядро типа,0.583766,462.800000,0.044439,0.192211,0.050155,0.336738,0.067869,179.277768,False,0
1472,2024-12,3,Крупные центры,0.723667,False,Подольск,городской округ Подольск,городской округ,г Подольск,Московская область,55.430884,37.545306,True,3,1.000000,0.700771,0.519522,0,24,ядро типа,0.551443,527.300000,0.045633,0.182410,0.049286,0.347073,0.067067,173.575616,False,0
1473,2024-12,1,Цифровая повседневность,0.209786,False,Протвино,городской округ Протвино,городской округ,г Протвино,Московская область,54.870770,37.218863,True,1,1.000000,0.251643,0.121045,0,24,ядро типа,0.251405,436.600000,0.041355,0.200718,0.036329,0.358334,0.038435,128.583078,False,0
1474,2024-12,1,Цифровая повседневность,0.333958,False,Пущино,городской округ Пущино,городской округ,г Пущино,Московская область,54.834721,37.613968,True,1,1.000000,0.295378,0.182604,0,24,ядро типа,0.143608,432.800000,0.042463,0.218366,0.029908,0.347035,0.035133,115.443202,False,0
1475,2024-12,3,Крупные центры,0.750650,False,Реутов,городской округ Реутов,городской округ,г Реутов,Московская область,55.762245,37.856555,True,3,1.000000,0.745695,0.725610,0,24,ядро типа,0.655122,609.000000,0.049658,0.160370,0.065273,0.309823,0.065033,192.537658,False,0
1477,2024-12,3,Крупные центры,0.251945,False,Рузский,городской округ Рузский,городской округ,г Руза,Московская область,55.699891,36.194699,True,3,0.708333,0.172691,0.012090,1,17,пограничный,0.424188,431.900000,0.044759,0.213104,0.035215,0.378267,0.058954,152.834921,False,1
1478,2024-12,1,Цифровая повседневность,0.409588,False,Серебряные Пруды,городской округ Серебряные Пруды,городской округ,рп Серебряные Пруды,Московская область,54.467980,38.722368,True,1,1.000000,0.413762,0.369030,0,24,ядро типа,0.266558,412.300000,0.037103,0.228107,0.023242,0.408858,0.039884,130.546367,False,0
1480,2024-12,3,Крупные центры,0.539250,False,Ступино,городской округ Ступино,городской округ,г Ступино,Московская область,54.886598,38.077259,True,3,1.000000,0.514510,0.151176,0,24,ядро типа,0.460178,441.100000,0.045974,0.189469,0.043216,0.358583,0.058715,158.435524,False,0
1481,2024-12,3,Крупные центры,0.719345,False,Фрязино,городской округ Фрязино,городской округ,г Фрязино,Московская область,55.954618,38.056769,True,3,1.000000,0.716574,0.475385,0,24,ядро типа,0.547571,522.800000,0.052004,0.185413,0.051150,0.347992,0.055830,172.904774,False,0
1483,2024-12,3,Крупные центры,0.238147,False,Черноголовка,городской округ Черноголовка,городской округ,г Черноголовка,Московская область,56.006116,38.383522,True,3,0.750000,0.131616,0.011280,6,9,устойчивый,0.471072,483.800000,0.051796,0.218040,0.037368,0.360500,0.040692,160.171095,False,2
1484,2024-12,3,Крупные центры,0.587237,False,Чехов,городской округ Чехов,городской округ,г Чехов,Московская область,55.142660,37.454533,True,3,1.000000,0.538514,0.339881,0,24,ядро типа,0.537213,469.700000,0.041756,0.199932,0.044651,0.345124,0.069647,171.123044,False,0
1486,2024-12,1,Цифровая повседневность,0.292672,False,Шаховская,городской округ Шаховская,городской округ,рп Шаховская,Московская область,56.031464,35.510204,True,1,1.000000,0.300965,0.214392,0,24,ядро типа,0.339148,402.600000,0.038516,0.246049,0.027643,0.383103,0.051582,140.375117,False,0
1488,2024-12,3,Крупные центры,0.700428,False,Электросталь,городской округ Электросталь,городской округ,г Электросталь,Московская область,55.790379,38.440571,True,3,1.000000,0.688942,0.449678,0,24,ядро типа,0.497109,492.600000,0.047451,0.173483,0.047882,0.351403,0.063475,164.396166,False,0
1489,2024-12,3,Крупные центры,0.018754,False,Волоколамский,городской округ Волоколамский,городской округ,г Волоколамск,Московская область,56.036013,35.958336,True,1,0.791667,0.104232,0.004341,3,2,устойчивый,0.369462,417.700000,0.042364,0.210565,0.033177,0.392846,0.056570,144.695583,False,1
1490,2024-12,3,Крупные центры,0.333902,False,Воскресенск,городской округ Воскресенск,городской округ,г Воскресенск,Московская область,55.322518,38.681682,True,3,0.958333,0.299141,0.024853,2,22,ядро типа,0.433447,451.200000,0.039519,0.198073,0.038701,0.365903,0.058789,154.256612,False,0
1491,2024-12,3,Крупные центры,0.568168,False,Дмитровский,городской округ Дмитровский,городской округ,г Дмитров,Московская область,56.345070,37.520072,True,3,1.000000,0.503965,0.240108,0,24,ядро типа,0.496285,458.300000,0.042788,0.201390,0.042545,0.354240,0.064351,164.260767,False,0
1492,2024-12,3,Крупные центры,0.521200,False,Клин,городской округ Клин,городской округ,г Клин,Московская область,56.335560,36.735132,True,3,1.000000,0.501844,0.195343,0,24,ядро типа,0.470207,440.600000,0.042054,0.182829,0.039765,0.360312,0.064071,160.032619,False,0
1493,2024-12,3,Крупные центры,0.680870,False,Ленинский,городской округ Ленинский,городской округ,г Видное,Московская область,55.557150,37.708714,True,3,1.000000,0.647516,0.576018,0,24,ядро типа,0.662732,565.500000,0.042176,0.188228,0.061907,0.302065,0.079402,194.008586,False,0
1494,2024-12,1,Цифровая повседневность,0.481455,False,Лотошино,городской округ Лотошино,городской округ,рп Лотошино,Московская область,56.228891,35.639903,True,1,1.000000,0.447655,0.359952,0,24,ядро типа,0.069146,399.800000,0.037217,0.248198,0.018293,0.407920,0.038796,107.159233,False,0
1495,2024-12,3,Крупные центры,0.208781,False,Можайский,городской округ Можайский,городской округ,г Можайск,Московская область,55.509568,35.986899,True,3,0.791667,0.146038,0.000288,1,19,устойчивый,0.453923,425.500000,0.041005,0.200352,0.034340,0.378051,0.057461,157.447725,False,1
1496,2024-12,3,Крупные центры,0.587060,False,Богородский,городской округ Богородский,городской округ,г Ногинск,Московская область,55.855351,38.441190,True,3,1.000000,0.575538,0.300308,0,24,ядро типа,0.482002,494.000000,0.044544,0.181160,0.042302,0.358937,0.059937,161.931285,False,0
1500,2024-12,3,Крупные центры,0.699849,False,Раменский,городской округ Раменский,городской округ,г Раменское,Московская область,55.570936,38.228210,True,3,1.000000,0.681439,0.495488,0,24,ядро типа,0.532978,498.500000,0.044317,0.190739,0.047549,0.339347,0.064073,170.399889,False,0
1501,2024-12,3,Крупные центры,0.643239,False,Сергиево-Посадский,городской округ Сергиево-Посадский,городской округ,г Сергиев Посад,Московская область,56.315328,38.135990,True,3,1.000000,0.642948,0.396039,0,24,ядро типа,0.480994,460.200000,0.045578,0.192775,0.045141,0.346954,0.060054,161.768190,False,0
1504,2024-12,1,Цифровая повседневность,0.345267,False,Талдомский,городской округ Талдомский,городской округ,г Талдом,Московская область,56.730941,37.528016,True,1,1.000000,0.370152,0.298602,0,24,ядро типа,0.272036,418.200000,0.041729,0.223603,0.029351,0.395724,0.046840,131.263367,False,0
1506,2024-12,2,Автономные локальные центры,0.431650,False,Мурманск,городской округ город Мурманск,городской округ,г Мурманск,Мурманская область,68.970665,33.074970,True,2,0.958333,0.261127,0.027318,2,6,ядро типа,0.583389,214.900000,0.041589,0.174597,0.049230,0.372718,0.056734,179.210069,False,0
1507,2024-12,2,Автономные локальные центры,0.410852,False,Апатиты,муниципальный округ город Апатиты,муниципальный округ,г Апатиты,Мурманская область,67.568626,33.404392,True,2,1.000000,0.282502,0.141506,0,24,ядро типа,0.586423,221.700000,0.035214,0.191889,0.054525,0.384137,0.043431,179.754743,False,0
1508,2024-12,2,Автономные локальные центры,0.325770,False,Кировск,муниципальный округ город Кировск,муниципальный округ,г Кировск,Мурманская область,67.615133,33.663753,True,2,1.000000,0.289004,0.194516,0,24,ядро типа,0.626161,221.300000,0.030930,0.211280,0.051989,0.360748,0.038515,187.041681,False,0
1509,2024-12,2,Автономные локальные центры,0.340099,False,Мончегорск,муниципальный округ город Мончегорск,муниципальный округ,г Мончегорск,Мурманская область,67.939903,32.931679,True,2,1.000000,0.335878,0.218275,0,24,ядро типа,0.414700,222.000000,0.038234,0.203122,0.036140,0.385084,0.040429,151.391688,False,0
1510,2024-12,2,Автономные локальные центры,0.115381,False,Оленегорск,муниципальный округ город Оленегорск,муниципальный округ,г Оленегорск,Мурманская область,68.140732,33.282597,True,2,1.000000,0.206329,0.115381,0,24,ядро типа,0.394828,220.800000,0.032926,0.227374,0.037239,0.417570,0.027515,148.412906,False,0
1511,2024-12,2,Автономные локальные центры,0.319275,False,Полярные Зори,муниципальный округ город Полярные Зори,муниципальный округ,г Полярные Зори,Мурманская область,67.365922,32.501028,True,2,1.000000,0.288627,0.204402,0,24,ядро типа,0.545344,226.000000,0.035478,0.213599,0.040972,0.389794,0.044200,172.520118,False,0
1512,2024-12,2,Автономные локальные центры,0.237826,False,Ковдорский,Ковдорский муниципальный округ,муниципальный округ,г Ковдор,Мурманская область,67.563049,30.474108,True,2,1.000000,0.242663,0.147868,0,24,ядро типа,0.583938,218.900000,0.031475,0.215329,0.039489,0.402135,0.028883,179.308541,False,0
1518,2024-12,2,Автономные локальные центры,0.256007,False,Кандалакшский,Кандалакшский муниципальный район,муниципальный район,г Кандалакша,Мурманская область,67.150790,32.408272,True,2,1.000000,0.289310,0.174031,0,24,ядро типа,0.480062,226.700000,0.032959,0.220411,0.035339,0.398153,0.040461,161.617405,False,0
1519,2024-12,2,Автономные локальные центры,0.226155,False,Кольский,Кольский муниципальный район,муниципальный район,г Кола,Мурманская область,68.880638,33.019726,True,2,1.000000,0.325404,0.208336,0,24,ядро типа,0.233902,220.100000,0.036288,0.213005,0.033707,0.400292,0.038724,126.352069,False,0
1520,2024-12,1,Цифровая повседневность,0.096916,False,Ловозерский,Ловозерский муниципальный район,муниципальный район,с Ловозеро,Мурманская область,68.005883,35.017215,True,2,0.583333,0.044287,0.000657,5,4,пограничный,0.370397,216.500000,0.028089,0.281441,0.016360,0.432572,0.027473,144.830982,False,3
1521,2024-12,2,Автономные локальные центры,0.290311,False,Печенгский,Печенгский муниципальный округ,муниципальный округ,пгт Никель,Мурманская область,69.406222,30.211422,True,2,1.000000,0.307013,0.229265,0,24,ядро типа,0.609706,207.100000,0.031042,0.226593,0.037163,0.370062,0.043419,183.989045,False,0
1522,2024-12,1,Цифровая повседневность,0.123999,False,Терский,Терский муниципальный район,муниципальный район,пгт Умба,Мурманская область,66.678034,34.337602,True,1,0.708333,0.049577,0.003035,6,9,пограничный,0.285425,220.300000,0.031667,0.261155,0.012838,0.433185,0.034906,133.032788,False,2
1523,2024-12,3,Крупные центры,0.428168,False,Нижний Новгород,городской округ город Нижний Новгород,городской округ,г Нижний Новгород,Нижегородская область,56.326482,44.005139,True,3,1.000000,0.538906,0.306749,0,24,ядро типа,0.369143,367.700000,0.053993,0.160192,0.042548,0.363251,0.059439,144.649424,False,0
1525,2024-12,3,Крупные центры,0.215853,False,Бор,городской округ город Бор,городской округ,г Бор,Нижегородская область,56.359829,44.054264,True,3,0.875000,0.221411,0.030389,1,21,устойчивый,0.303353,381.300000,0.049667,0.182787,0.035921,0.383568,0.058006,135.439201,False,1
1526,2024-12,1,Цифровая повседневность,0.353960,False,Выкса,городской округ город Выкса,городской округ,г Выкса,Нижегородская область,55.318774,42.180041,True,1,1.000000,0.360797,0.227219,0,24,ядро типа,0.273324,374.700000,0.047318,0.196507,0.025708,0.408630,0.051767,131.432616,False,0
1527,2024-12,3,Крупные центры,0.228755,False,Дзержинск,городской округ город Дзержинск,городской округ,г Дзержинск,Нижегородская область,56.238216,43.461740,True,3,0.875000,0.311035,0.063909,1,21,устойчивый,0.373346,380.200000,0.044615,0.169541,0.037221,0.366155,0.055419,145.258720,False,1
1528,2024-12,1,Цифровая повседневность,0.626069,False,Кулебаки,городской округ город Кулебаки,городской округ,г Кулебаки,Нижегородская область,55.429287,42.511879,True,1,1.000000,0.626426,0.565488,0,24,ядро типа,0.068916,375.000000,0.047164,0.217607,0.016602,0.412150,0.040672,107.134614,False,0
1529,2024-12,1,Цифровая повседневность,0.690084,False,Навашинский,городской округ Навашинский,городской округ,г Навашино,Нижегородская область,55.544071,42.188671,True,1,1.000000,0.640382,0.577049,0,24,ядро типа,-0.133371,383.200000,0.044376,0.213932,0.011850,0.439959,0.034143,87.514040,False,0
1530,2024-12,1,Цифровая повседневность,0.751975,False,Перевозский,городской округ Перевозский,городской округ,г Перевоз,Нижегородская область,55.596546,44.544846,True,1,1.000000,0.746741,0.662018,0,24,ядро типа,-0.152577,369.500000,0.043265,0.194172,0.014732,0.452075,0.039250,85.849245,False,0
1532,2024-12,1,Цифровая повседневность,0.631529,False,Семеновский,городской округ Семеновский,городской округ,г Семенов,Нижегородская область,56.788342,44.491550,True,1,1.000000,0.653187,0.552106,0,24,ядро типа,0.039890,361.500000,0.044324,0.208906,0.016559,0.422691,0.051894,104.069669,False,0
1533,2024-12,1,Цифровая повседневность,0.725018,False,Шахунья,городской округ город Шахунья,городской округ,г Шахунья,Нижегородская область,57.673018,46.615238,True,1,1.000000,0.744075,0.621870,0,24,ядро типа,-0.069259,337.000000,0.042016,0.187224,0.012004,0.457918,0.041950,93.308510,False,0
1534,2024-12,1,Цифровая повседневность,0.668874,False,Первомайск,городской округ город Первомайск,городской округ,г Первомайск,Нижегородская область,54.866649,43.805411,True,1,1.000000,0.616529,0.542335,0,24,ядро типа,-0.137035,364.600000,0.045915,0.229081,0.007729,0.428198,0.033986,87.194006,False,0
1535,2024-12,1,Цифровая повседневность,0.727883,False,Сокольский,городской округ Сокольский,городской округ,рп Сокольское,Нижегородская область,57.143093,43.163570,True,1,1.000000,0.649800,0.538412,0,24,ядро типа,-0.106347,345.200000,0.034294,0.211205,0.012321,0.441406,0.044014,89.911221,False,0
1536,2024-12,1,Цифровая повседневность,0.687632,False,Чкаловск,городской округ город Чкаловск,городской округ,г Чкаловск,Нижегородская область,56.764915,43.243324,True,1,1.000000,0.644528,0.561251,0,24,ядро типа,-0.040554,364.300000,0.048229,0.218298,0.014453,0.455216,0.036885,96.025726,False,0
1537,2024-12,1,Цифровая повседневность,0.717685,False,Ардатовский,Ардатовский муниципальный округ,муниципальный округ,рп Ардатов,Нижегородская область,55.241041,43.096804,True,1,1.000000,0.732744,0.628215,0,24,ядро типа,-0.203497,373.300000,0.046732,0.199676,0.009241,0.474371,0.039716,81.587248,False,0
1539,2024-12,1,Цифровая повседневность,0.282988,False,Балахнинский,Балахнинский муниципальный округ,муниципальный округ,г Балахна,Нижегородская область,56.487051,43.603955,True,1,1.000000,0.342842,0.226437,0,24,ядро типа,0.218390,378.500000,0.049248,0.191080,0.028198,0.400267,0.048605,124.407244,False,0
1540,2024-12,1,Цифровая повседневность,0.195177,False,Богородский,Богородский муниципальный округ,муниципальный округ,г Богородск,Нижегородская область,56.103416,43.516819,True,1,1.000000,0.308673,0.155278,0,24,ядро типа,0.202634,379.500000,0.046211,0.197155,0.029450,0.393080,0.055684,122.462419,False,0
1541,2024-12,1,Цифровая повседневность,0.502561,False,Большеболдинский,Большеболдинский муниципальный округ,муниципальный округ,с Большое Болдино,Нижегородская область,55.000713,45.310505,True,1,1.000000,0.505151,0.403443,0,24,ядро типа,-0.054527,361.000000,0.057390,0.226310,0.006239,0.442838,0.051020,94.693275,False,0
1542,2024-12,1,Цифровая повседневность,0.553338,False,Большемурашкинский,Большемурашкинский муниципальный округ,муниципальный округ,рп Большое Мурашкино,Нижегородская область,55.783750,44.776319,True,1,1.000000,0.547110,0.473022,0,24,ядро типа,-0.157897,369.300000,0.052252,0.239171,0.006559,0.457225,0.027784,85.393812,False,0
1543,2024-12,1,Цифровая повседневность,0.759536,False,Бутурлинский,Бутурлинский муниципальный округ,муниципальный округ,рп Бутурлино,Нижегородская область,55.568863,44.891453,True,1,1.000000,0.742208,0.623349,0,24,ядро типа,-0.097183,367.200000,0.038966,0.214094,0.011768,0.465086,0.039848,90.739003,False,0
1544,2024-12,1,Цифровая повседневность,0.709759,False,Вадский,Вадский муниципальный округ,муниципальный округ,с Вад,Нижегородская область,55.531379,44.209252,True,1,1.000000,0.686658,0.607927,0,24,ядро типа,-0.148035,371.700000,0.036646,0.211133,0.006601,0.457913,0.040464,86.240057,False,0
1545,2024-12,1,Цифровая повседневность,0.433890,False,Варнавинский,Варнавинский муниципальный округ,муниципальный округ,рп Варнавино,Нижегородская область,57.396695,45.084922,True,1,1.000000,0.503151,0.383484,0,24,ядро типа,-0.028039,340.000000,0.038135,0.202038,0.004905,0.489936,0.065321,97.235087,False,0
1546,2024-12,1,Цифровая повседневность,0.618034,False,Вачский,Вачский муниципальный округ,муниципальный округ,рп Вача,Нижегородская область,55.801029,42.772099,True,1,1.000000,0.597650,0.515401,0,24,ядро типа,-0.111598,376.400000,0.045656,0.234819,0.007432,0.442285,0.029589,89.440401,False,0
1547,2024-12,1,Цифровая повседневность,0.696336,False,Ветлужский,Ветлужский муниципальный округ,муниципальный округ,г Ветлуга,Нижегородская область,57.852870,45.775716,True,1,1.000000,0.678406,0.604422,0,24,ядро типа,-0.083475,335.300000,0.043888,0.200609,0.007326,0.491972,0.049274,91.991445,False,0
1548,2024-12,1,Цифровая повседневность,0.627682,False,Вознесенский,Вознесенский муниципальный округ,муниципальный округ,рп Вознесенское,Нижегородская область,54.890633,42.759837,True,1,1.000000,0.636272,0.499651,0,24,ядро типа,-0.166583,370.200000,0.047983,0.220829,0.007161,0.413668,0.054380,84.655271,False,0
1549,2024-12,1,Цифровая повседневность,0.392186,False,Володарский,Володарский муниципальный округ,муниципальный округ,г Володарск,Нижегородская область,56.224304,43.182655,True,1,1.000000,0.401378,0.322335,0,24,ядро типа,-0.033911,381.600000,0.033808,0.234075,0.030210,0.364117,0.034030,96.665795,False,0
1550,2024-12,1,Цифровая повседневность,0.637677,False,Воротынский,городской округ Воротынский,городской округ,рп Воротынец,Нижегородская область,56.060470,45.862528,True,1,1.000000,0.697321,0.542270,0,24,ядро типа,-0.263217,363.400000,0.048647,0.219891,0.017617,0.443185,0.031991,76.857508,False,0
1551,2024-12,1,Цифровая повседневность,0.649212,False,Воскресенский,Воскресенский муниципальный округ,муниципальный округ,рп Воскресенское,Нижегородская область,56.838333,45.433056,True,1,1.000000,0.662603,0.544262,0,24,ядро типа,-0.140818,349.700000,0.050305,0.218648,0.010628,0.485015,0.051793,86.864739,False,0
1552,2024-12,1,Цифровая повседневность,0.603863,False,Гагинский,Гагинский муниципальный округ,муниципальный округ,с Гагино,Нижегородская область,55.231487,45.028081,True,1,1.000000,0.507385,0.385902,0,24,ядро типа,-0.190048,363.600000,0.050759,0.202255,0.002233,0.496353,0.041791,82.691982,False,0
1553,2024-12,1,Цифровая повседневность,0.361577,False,Городецкий,Городецкий муниципальный округ,муниципальный округ,г Городец,Нижегородская область,56.647141,43.476002,True,1,1.000000,0.395136,0.284189,0,24,ядро типа,0.181583,366.900000,0.050325,0.201581,0.028640,0.403778,0.049734,119.911375,False,0
1554,2024-12,1,Цифровая повседневность,0.636087,False,Дальнеконстантиновский,Дальнеконстантиновский муниципальный округ,муниципальный округ,рп Дальнее Константиново,Нижегородская область,55.807770,44.094025,True,1,1.000000,0.695655,0.624209,0,24,ядро типа,0.008686,371.900000,0.040238,0.239597,0.017358,0.428401,0.037157,100.872402,False,0
1555,2024-12,1,Цифровая повседневность,0.603681,False,Дивеевский,Дивеевский муниципальный округ,муниципальный округ,с Дивеево,Нижегородская область,55.041687,43.245518,True,1,1.000000,0.598182,0.514748,0,24,ядро типа,0.041545,371.000000,0.043247,0.234155,0.012576,0.389579,0.045668,104.241995,False,0
1556,2024-12,1,Цифровая повседневность,0.678203,False,Княгининский,Княгининский муниципальный округ,муниципальный округ,г Княгинино,Нижегородская область,55.821281,45.031601,True,1,1.000000,0.611228,0.517043,0,24,ядро типа,-0.061964,366.700000,0.041579,0.238083,0.014504,0.439137,0.036734,93.991661,False,0
1557,2024-12,1,Цифровая повседневность,0.763868,False,Ковернинский,Ковернинский муниципальный округ,муниципальный округ,рп Ковернино,Нижегородская область,57.126110,43.816387,True,1,1.000000,0.755664,0.527929,0,24,ядро типа,-0.111839,350.900000,0.046906,0.207378,0.016347,0.438089,0.042329,89.418860,False,0
1558,2024-12,1,Цифровая повседневность,0.743163,False,Краснобаковский,Краснобаковский муниципальный округ,муниципальный округ,рп Красные Баки,Нижегородская область,57.126835,45.166410,True,1,1.000000,0.514557,0.343584,0,24,ядро типа,-0.078436,347.800000,0.039274,0.201132,0.015344,0.468730,0.048361,92.456111,False,0
1559,2024-12,1,Цифровая повседневность,0.503527,False,Краснооктябрьский,Краснооктябрьский муниципальный округ,муниципальный округ,с Уразовка,Нижегородская область,55.399989,45.616866,True,1,1.000000,0.486431,0.260662,0,24,ядро типа,-0.154623,364.100000,0.058798,0.218024,0.010416,0.436514,0.045293,85.673842,False,0
1560,2024-12,3,Крупные центры,0.428387,False,Кстовский,Кстовский муниципальный округ,муниципальный округ,г Кстово,Нижегородская область,56.149551,44.198032,True,3,0.958333,0.440881,0.004179,2,22,ядро типа,0.337744,381.100000,0.051193,0.181174,0.041995,0.366540,0.059952,140.178173,False,0
1561,2024-12,1,Цифровая повседневность,0.602703,False,Лукояновский,Лукояновский муниципальный округ,муниципальный округ,г Лукоянов,Нижегородская область,55.034821,44.492725,True,1,1.000000,0.572996,0.417541,0,24,ядро типа,-0.098031,366.900000,0.049929,0.194182,0.007298,0.451225,0.051558,90.662071,False,0
1562,2024-12,1,Цифровая повседневность,0.552921,False,Лысковский,Лысковский муниципальный округ,муниципальный округ,г Лысково,Нижегородская область,56.027885,45.038315,True,1,1.000000,0.586039,0.523627,0,24,ядро типа,0.085438,367.700000,0.048736,0.189123,0.019636,0.418336,0.044102,108.919422,False,0
1563,2024-12,1,Цифровая повседневность,0.292580,False,Павловский,Павловский муниципальный округ,муниципальный округ,г Павлово,Нижегородская область,55.965137,43.071114,True,1,1.000000,0.391644,0.227150,0,24,ядро типа,0.215864,378.500000,0.045554,0.206790,0.026831,0.369191,0.051877,124.093364,False,0
1564,2024-12,1,Цифровая повседневность,0.806674,False,Пильнинский,Пильнинский муниципальный округ,муниципальный округ,рп Пильна,Нижегородская область,55.552255,45.920785,True,1,1.000000,0.643532,0.526719,0,24,ядро типа,-0.130457,361.300000,0.043090,0.207419,0.009291,0.456174,0.042739,87.769452,False,0
1565,2024-12,1,Цифровая повседневность,0.488199,False,Починковский,Починковский муниципальный округ,муниципальный округ,с Починки,Нижегородская область,54.697452,44.861289,True,1,1.000000,0.564879,0.372606,0,24,ядро типа,-0.021195,362.200000,0.047588,0.166934,0.015433,0.452240,0.047273,97.902851,False,0
1566,2024-12,1,Цифровая повседневность,0.608478,False,Сергачский,Сергачский муниципальный округ,муниципальный округ,г Сергач,Нижегородская область,55.532822,45.461698,True,1,1.000000,0.700227,0.575023,0,24,ядро типа,-0.020440,364.100000,0.048117,0.185056,0.011966,0.449386,0.050661,97.976705,False,0
1567,2024-12,1,Цифровая повседневность,0.632363,False,Сеченовский,Сеченовский муниципальный округ,муниципальный округ,с Сеченово,Нижегородская область,55.225721,45.893729,True,1,1.000000,0.582822,0.469633,0,24,ядро типа,-0.129160,362.500000,0.050737,0.216849,0.004937,0.451276,0.048251,87.883311,False,0
1568,2024-12,1,Цифровая повседневность,0.770459,False,Сосновский,Сосновский муниципальный округ,муниципальный округ,рп Сосновское,Нижегородская область,55.805077,43.166950,True,1,1.000000,0.734194,0.665096,0,24,ядро типа,-0.144865,375.700000,0.042079,0.216511,0.006260,0.438500,0.047805,86.513932,False,0
1569,2024-12,1,Цифровая повседневность,0.582443,False,Спасский,Спасский муниципальный округ,муниципальный округ,с Спасское,Нижегородская область,55.857970,45.695453,True,1,1.000000,0.552722,0.372503,0,24,ядро типа,-0.222305,362.200000,0.053730,0.237942,0.010877,0.446904,0.043238,80.067084,False,0
1570,2024-12,1,Цифровая повседневность,0.774607,False,Тонкинский,Тонкинский муниципальный округ,муниципальный округ,рп Тонкино,Нижегородская область,57.372272,46.458287,True,1,1.000000,0.696224,0.543483,0,24,ядро типа,-0.173770,338.400000,0.039871,0.198587,0.013730,0.451177,0.048475,84.049051,False,0
1571,2024-12,1,Цифровая повседневность,0.547839,False,Тоншаевский,Тоншаевский муниципальный округ,муниципальный округ,рп Тоншаево,Нижегородская область,57.732841,47.011944,True,1,1.000000,0.556265,0.363958,0,24,ядро типа,-0.050700,330.800000,0.036517,0.196277,0.012269,0.498478,0.053253,95.056391,False,0
1572,2024-12,1,Цифровая повседневность,0.487938,False,Уренский,Уренский муниципальный округ,муниципальный округ,г Урень,Нижегородская область,57.461497,45.787891,True,1,1.000000,0.468120,0.381661,0,24,ядро типа,-0.004766,341.700000,0.039917,0.190805,0.018428,0.447653,0.059613,99.524564,False,0
1573,2024-12,1,Цифровая повседневность,0.654665,False,Шарангский,Шарангский муниципальный округ,муниципальный округ,рп Шаранга,Нижегородская область,57.177344,46.544594,True,1,1.000000,0.619444,0.520138,0,24,ядро типа,-0.062488,337.000000,0.040946,0.211609,0.009893,0.479691,0.056047,93.942425,False,0
1574,2024-12,1,Цифровая повседневность,0.555082,False,Шатковский,Шатковский муниципальный округ,муниципальный округ,рп Шатки,Нижегородская область,55.188023,44.127811,True,1,1.000000,0.571131,0.485866,0,24,ядро типа,-0.159339,369.300000,0.046193,0.186936,0.008192,0.452256,0.025947,85.270721,False,0
1575,2024-12,3,Крупные центры,0.353738,False,Великий Новгород,городской округ Великий Новгород,городской округ,г Великий Новгород,Новгородская область,58.560959,31.280901,True,3,0.916667,0.370198,0.000823,1,22,ядро типа,0.361069,358.700000,0.050034,0.170434,0.046603,0.380608,0.057412,143.486222,False,0
1577,2024-12,1,Цифровая повседневность,0.443225,False,Боровичский,Боровичский муниципальный район,муниципальный район,г Боровичи,Новгородская область,58.389009,33.906827,True,1,1.000000,0.471607,0.378385,0,24,ядро типа,0.165231,333.200000,0.044946,0.188731,0.026712,0.410356,0.049276,117.966550,False,0
1578,2024-12,1,Цифровая повседневность,0.600720,False,Валдайский,Валдайский муниципальный район,муниципальный район,г Валдай,Новгородская область,57.979141,33.253799,True,1,1.000000,0.594771,0.487556,0,24,ядро типа,0.154610,339.100000,0.043422,0.219325,0.019826,0.417638,0.039204,116.720262,False,0
1579,2024-12,1,Цифровая повседневность,0.448151,False,Волотовский,муниципальный округ Волотовский,муниципальный округ,п Волот,Новгородская область,57.930101,30.709081,True,1,1.000000,0.451033,0.225708,0,24,ядро типа,-0.202781,312.200000,0.037540,0.272991,0.010139,0.400686,0.032263,81.645716,False,0
1580,2024-12,1,Цифровая повседневность,0.627549,False,Демянский,муниципальный округ Демянский,муниципальный округ,рп Демянск,Новгородская область,57.642355,32.464679,True,1,1.000000,0.679516,0.540292,0,24,ядро типа,-0.103647,324.700000,0.036898,0.243165,0.009523,0.464007,0.039799,90.154324,False,0
1581,2024-12,1,Цифровая повседневность,0.726517,False,Крестецкий,муниципальный округ Крестецкий,муниципальный округ,рп Крестцы,Новгородская область,58.247665,32.522858,True,1,1.000000,0.627965,0.492057,0,24,ядро типа,-0.033051,333.400000,0.038391,0.226431,0.014536,0.449650,0.044434,96.748881,False,0
1582,2024-12,1,Цифровая повседневность,0.640135,False,Любытинский,Любытинский муниципальный район,муниципальный район,рп Любытино,Новгородская область,58.814232,33.397697,True,1,1.000000,0.509154,0.388984,0,24,ядро типа,-0.016772,326.100000,0.038929,0.218770,0.011391,0.507510,0.049443,98.336744,False,0
1583,2024-12,1,Цифровая повседневность,0.608362,False,Маловишерский,Маловишерский муниципальный район,муниципальный район,г Малая Вишера,Новгородская область,58.844215,32.218636,True,1,1.000000,0.590958,0.523949,0,24,ядро типа,0.018250,322.800000,0.038858,0.224052,0.018885,0.430186,0.034597,101.841737,False,0
1584,2024-12,1,Цифровая повседневность,0.278543,False,Марёвский,муниципальный округ Марёвский,муниципальный округ,с Марёво,Новгородская область,57.315285,32.082283,True,1,1.000000,0.340060,0.209760,0,24,ядро типа,-0.125735,322.300000,0.024357,0.325994,0.008235,0.472345,0.039013,88.184881,False,0
1585,2024-12,1,Цифровая повседневность,0.563832,False,Мошенской,муниципальный округ Мошенской,муниципальный округ,с Мошенское,Новгородская область,58.512428,34.584908,True,1,1.000000,0.444147,0.214492,0,24,ядро типа,-0.067150,327.700000,0.038669,0.188212,0.011189,0.519088,0.036991,93.505454,False,0
1586,2024-12,3,Крупные центры,0.186996,False,Новгородский,Новгородский муниципальный район,муниципальный район,г Великий Новгород,Новгородская область,58.560959,31.280901,True,3,0.875000,0.272066,0.075089,1,21,устойчивый,0.320607,442.300000,0.042989,0.187767,0.039929,0.385560,0.054490,137.796378,False,1
1587,2024-12,1,Цифровая повседневность,0.680015,False,Окуловский,Окуловский муниципальный район,муниципальный район,г Окуловка,Новгородская область,58.374078,33.300938,True,1,1.000000,0.651797,0.522759,0,24,ядро типа,0.039417,335.300000,0.037807,0.225749,0.013194,0.448510,0.043103,104.020433,False,0
1588,2024-12,1,Цифровая повседневность,0.741950,False,Парфинский,Парфинский муниципальный район,муниципальный район,рп Парфино,Новгородская область,57.971323,31.649848,True,1,1.000000,0.500213,0.345336,0,24,ядро типа,-0.110979,318.500000,0.037101,0.206375,0.013513,0.443524,0.038786,89.495792,False,0
1589,2024-12,1,Цифровая повседневность,0.487380,False,Пестовский,муниципальный округ Пестовский,муниципальный округ,г Пестово,Новгородская область,58.598183,35.814321,True,1,1.000000,0.458143,0.395740,0,24,ядро типа,0.070064,336.500000,0.043007,0.259647,0.022866,0.397906,0.034314,107.257705,False,0
1590,2024-12,1,Цифровая повседневность,0.429442,False,Поддорский,Поддорский муниципальный район,муниципальный район,с Поддорье,Новгородская область,57.470387,31.111748,True,1,1.000000,0.425452,0.234503,0,24,ядро типа,-0.115010,313.600000,0.034074,0.278706,0.004626,0.434302,0.042878,89.135753,False,0
1591,2024-12,1,Цифровая повседневность,0.692200,False,Солецкий,муниципальный округ Солецкий,муниципальный округ,г Сольцы,Новгородская область,58.119003,30.309679,True,1,1.000000,0.658223,0.542557,0,24,ядро типа,-0.069886,313.800000,0.039534,0.230076,0.011550,0.483054,0.039501,93.250042,False,0
1592,2024-12,1,Цифровая повседневность,0.543131,False,Старорусский,Старорусский муниципальный район,муниципальный район,г Старая Русса,Новгородская область,57.989892,31.363491,True,1,1.000000,0.574572,0.461907,0,24,ядро типа,0.033691,316.600000,0.048795,0.192859,0.027641,0.416483,0.038411,103.426523,False,0
1593,2024-12,1,Цифровая повседневность,0.629635,False,Хвойнинский,муниципальный округ Хвойнинский,муниципальный округ,рп Хвойная,Новгородская область,58.896062,34.512184,True,1,1.000000,0.568820,0.451206,0,24,ядро типа,0.048751,322.100000,0.040680,0.232562,0.011635,0.494197,0.038775,104.995923,False,0
1594,2024-12,1,Цифровая повседневность,0.587958,False,Холмский,Холмский муниципальный район,муниципальный район,г Холм,Новгородская область,57.154074,31.170852,True,1,1.000000,0.627712,0.472851,0,24,ядро типа,-0.102965,316.900000,0.043763,0.182897,0.012791,0.488488,0.032200,90.215869,False,0
1595,2024-12,1,Цифровая повседневность,0.492201,False,Чудовский,Чудовский муниципальный район,муниципальный район,г Чудово,Новгородская область,59.124092,31.686215,True,1,1.000000,0.480352,0.408037,0,24,ядро типа,0.104024,330.100000,0.041349,0.248925,0.020550,0.420949,0.031920,110.962719,False,0
1596,2024-12,1,Цифровая повседневность,0.455855,False,Шимский,Шимский муниципальный район,муниципальный район,рп Шимск,Новгородская область,58.211700,30.724808,True,1,1.000000,0.626131,0.455855,0,24,ядро типа,-0.097861,318.800000,0.041470,0.286728,0.015136,0.430719,0.038552,90.677458,False,0
1597,2024-12,3,Крупные центры,0.501328,False,Новосибирск,городской округ город Новосибирск,городской округ,г Новосибирск,Новосибирская область,54.967814,82.951599,True,3,1.000000,0.620068,0.501328,0,24,ядро типа,0.369483,308.600000,0.055081,0.154502,0.057760,0.361916,0.065927,144.698660,False,0
1598,2024-12,3,Крупные центры,0.234274,False,Бердск,городской округ город Бердск,городской округ,г Бердск,Новосибирская область,54.743766,83.062689,True,3,1.000000,0.301939,0.010438,0,24,ядро типа,0.294383,248.200000,0.054814,0.170770,0.043971,0.372077,0.066116,134.229840,False,0
1599,2024-12,2,Автономные локальные центры,0.143106,False,Искитим,городской округ город Искитим,городской округ,г Искитим,Новосибирская область,54.615060,83.297276,True,2,0.750000,0.148245,0.003538,5,8,устойчивый,0.208722,268.900000,0.048603,0.174255,0.035715,0.409825,0.061240,123.210192,False,1
1600,2024-12,3,Крупные центры,0.074724,False,Обь,городской округ город Обь,городской округ,г Обь,Новосибирская область,54.995134,82.693395,True,2,0.500000,0.189965,0.032553,1,12,пограничный,0.332417,256.900000,0.042595,0.171592,0.048818,0.380680,0.064532,139.433477,False,1
1601,2024-12,3,Крупные центры,0.456774,False,Кольцово,городской округ рабочий поселок Кольцово,городской округ,рп Кольцово,Новосибирская область,54.936774,83.187139,True,3,1.000000,0.453944,0.287012,0,24,ядро типа,0.468437,255.000000,0.061372,0.179550,0.065263,0.330360,0.057211,159.749511,False,0
1602,2024-12,1,Цифровая повседневность,0.127484,False,Баганский,Баганский муниципальный район,муниципальный район,с Баган,Новосибирская область,54.096873,77.671878,True,1,1.000000,0.221367,0.034873,0,24,ядро типа,-0.044761,233.100000,0.037716,0.200135,0.012647,0.472775,0.068031,95.622606,False,0
1603,2024-12,2,Автономные локальные центры,0.216874,False,Барабинский,Барабинский муниципальный район,муниципальный район,г Барабинск,Новосибирская область,55.356761,78.350348,True,2,0.833333,0.233770,0.020932,1,20,устойчивый,0.002842,237.500000,0.039430,0.168278,0.023382,0.448372,0.057381,100.284646,False,1
1604,2024-12,2,Автономные локальные центры,0.199577,False,Болотнинский,Болотнинский муниципальный район,муниципальный район,г Болотное,Новосибирская область,55.671571,84.388557,True,1,0.541667,0.192838,0.016546,5,8,пограничный,0.028202,236.600000,0.037486,0.187399,0.023066,0.422515,0.055197,102.860308,False,1
1605,2024-12,1,Цифровая повседневность,0.463489,False,Венгеровский,Венгеровский муниципальный район,муниципальный район,с Венгерово,Новосибирская область,55.681034,76.739029,True,1,1.000000,0.479314,0.317368,0,24,ядро типа,-0.203837,238.000000,0.037164,0.202422,0.008338,0.509998,0.047389,81.559553,False,0
1606,2024-12,1,Цифровая повседневность,0.470204,False,Доволенский,Доволенский муниципальный район,муниципальный район,с Довольное,Новосибирская область,54.495785,79.667091,True,1,1.000000,0.421272,0.305573,0,24,ядро типа,-0.239087,232.300000,0.045181,0.195068,0.015086,0.481591,0.051278,78.734633,False,0
1607,2024-12,1,Цифровая повседневность,0.431535,False,Здвинский,Здвинский муниципальный район,муниципальный район,с Здвинск,Новосибирская область,54.703968,78.667595,True,1,1.000000,0.429431,0.301379,0,24,ядро типа,-0.243082,233.100000,0.045676,0.201774,0.012321,0.501923,0.055917,78.420753,False,0
1608,2024-12,1,Цифровая повседневность,0.440089,False,Искитимский,Искитимский муниципальный район,муниципальный район,г Искитим,Новосибирская область,54.615060,83.297276,True,1,1.000000,0.397848,0.255286,0,24,ядро типа,-0.047887,268.200000,0.044646,0.190980,0.031217,0.436098,0.041289,95.324112,False,0
1609,2024-12,1,Цифровая повседневность,0.019291,True,Карасукский,Карасукский муниципальный район,муниципальный район,г Карасук,Новосибирская область,53.734470,78.032372,True,1,0.500000,0.096984,0.003853,10,1,пограничный,-0.049600,231.900000,0.041165,0.183805,0.017689,0.443636,0.067197,95.161017,False,1
1610,2024-12,1,Цифровая повседневность,0.424517,False,Каргатский,Каргатский муниципальный район,муниципальный район,г Каргат,Новосибирская область,55.192990,80.282825,True,1,1.000000,0.446094,0.100579,0,24,ядро типа,-0.192581,236.800000,0.037271,0.191389,0.014960,0.492837,0.044508,82.482729,False,0
1611,2024-12,1,Цифровая повседневность,0.475871,False,Колыванский,Колыванский муниципальный район,муниципальный район,рп Колывань,Новосибирская область,55.306879,82.743346,True,1,1.000000,0.443020,0.325463,0,24,ядро типа,-0.016209,244.200000,0.038969,0.212391,0.016420,0.453306,0.051073,98.392135,False,0
1612,2024-12,1,Цифровая повседневность,0.449025,False,Коченевский,Коченевский муниципальный район,муниципальный район,рп Коченево,Новосибирская область,55.021442,82.207718,True,1,1.000000,0.287670,0.187184,0,24,ядро типа,-0.025920,237.500000,0.035212,0.235528,0.016264,0.449045,0.044876,97.441263,False,0
1613,2024-12,1,Цифровая повседневность,0.420461,False,Кочковский,Кочковский муниципальный район,муниципальный район,с Кочки,Новосибирская область,54.334766,80.487846,True,1,1.000000,0.395588,0.123829,0,24,ядро типа,-0.232853,232.600000,0.039812,0.248194,0.006719,0.495727,0.060864,79.226994,False,0
1614,2024-12,1,Цифровая повседневность,0.416874,False,Краснозерский,Краснозерский муниципальный район,муниципальный район,рп Краснозерское,Новосибирская область,53.984768,79.228577,True,1,1.000000,0.480141,0.388599,0,24,ядро типа,-0.147786,231.400000,0.039348,0.200664,0.011130,0.485338,0.053938,86.261597,False,0
1615,2024-12,2,Автономные локальные центры,0.139138,False,Куйбышевский,Куйбышевский муниципальный район,муниципальный район,г Куйбышев,Новосибирская область,55.445426,78.322229,True,2,0.833333,0.179101,0.041747,1,20,устойчивый,0.066299,236.400000,0.043860,0.188112,0.033205,0.428320,0.063530,106.854584,False,1
1616,2024-12,1,Цифровая повседневность,0.265683,False,Купинский,Купинский муниципальный район,муниципальный район,г Купино,Новосибирская область,54.364929,77.308540,True,1,1.000000,0.398137,0.153826,0,24,ядро типа,-0.092919,234.000000,0.037619,0.213521,0.014352,0.438625,0.061122,91.126737,False,0
1617,2024-12,1,Цифровая повседневность,0.392958,False,Кыштовский,Кыштовский муниципальный район,муниципальный район,с Кыштовка,Новосибирская область,56.559570,76.624588,True,1,1.000000,0.404504,0.270885,0,24,ядро типа,-0.107203,231.400000,0.039667,0.240126,0.004042,0.480697,0.063200,89.834290,False,0
1618,2024-12,1,Цифровая повседневность,0.486745,False,Маслянинский,Маслянинский муниципальный район,муниципальный район,рп Маслянино,Новосибирская область,54.345501,84.210670,True,1,1.000000,0.471263,0.322551,0,24,ядро типа,-0.095861,233.300000,0.039524,0.203312,0.019576,0.458985,0.046942,90.859016,False,0
1619,2024-12,1,Цифровая повседневность,0.212649,False,Мошковский,Мошковский муниципальный район,муниципальный район,рп Мошково,Новосибирская область,55.304806,83.611855,True,1,0.666667,0.170955,0.016491,4,2,пограничный,-0.049891,241.800000,0.035096,0.212033,0.036617,0.448908,0.046353,95.133322,False,1
1620,2024-12,3,Крупные центры,0.562650,False,Новосибирский,Новосибирский муниципальный район,муниципальный район,г Новосибирск,Новосибирская область,54.967814,82.951599,True,3,1.000000,0.591790,0.399446,0,24,ядро типа,0.379176,1000.000000,0.049010,0.174874,0.051222,0.354275,0.068471,146.108042,False,0
1621,2024-12,1,Цифровая повседневность,0.204837,False,Ордынский,Ордынский муниципальный район,муниципальный район,рп Ордынское,Новосибирская область,54.366676,81.904022,True,1,1.000000,0.275260,0.007812,0,24,ядро типа,0.012644,237.100000,0.043057,0.184534,0.013886,0.465147,0.057824,101.272445,False,0
1622,2024-12,1,Цифровая повседневность,0.451133,False,Северный,Северный муниципальный район,муниципальный район,с Северное,Новосибирская область,56.350100,78.364946,True,1,1.000000,0.422875,0.090252,0,24,ядро типа,-0.181414,230.500000,0.048183,0.224792,0.015385,0.512636,0.055525,83.408983,False,0
1623,2024-12,1,Цифровая повседневность,0.082237,True,Сузунский,Сузунский муниципальный район,муниципальный район,рп Сузун,Новосибирская область,53.783924,82.316231,True,2,0.583333,0.094044,0.011354,9,1,пограничный,-0.038697,226.200000,0.037840,0.189873,0.028916,0.463199,0.052394,96.204207,False,2
1624,2024-12,1,Цифровая повседневность,0.341639,False,Татарский,Татарский муниципальный район,муниципальный район,г Татарск,Новосибирская область,55.216961,75.962196,True,1,1.000000,0.296927,0.103753,0,24,ядро типа,-0.060623,241.100000,0.038254,0.179467,0.012882,0.473337,0.044597,94.117828,False,0
1625,2024-12,1,Цифровая повседневность,0.183469,True,Тогучинский,Тогучинский муниципальный район,муниципальный район,г Тогучин,Новосибирская область,55.237690,84.402458,True,1,0.708333,0.136287,0.022726,6,1,пограничный,-0.093054,237.300000,0.039312,0.182748,0.016110,0.477051,0.052754,91.114428,False,0
1626,2024-12,1,Цифровая повседневность,0.507675,False,Убинский,Убинский муниципальный район,муниципальный район,с Убинское,Новосибирская область,55.306721,79.679375,True,1,1.000000,0.523990,0.451663,0,24,ядро типа,-0.222305,236.600000,0.050463,0.223721,0.018602,0.485722,0.051193,80.067084,False,0
1627,2024-12,1,Цифровая повседневность,0.575175,False,Усть-Таркский,Усть-Таркский муниципальный район,муниципальный район,с Усть-Тарка,Новосибирская область,55.563934,75.706017,True,1,1.000000,0.475163,0.240325,0,24,ядро типа,-0.121938,240.400000,0.038692,0.220608,0.013871,0.481680,0.044671,88.520302,False,0
1628,2024-12,1,Цифровая повседневность,0.517076,False,Чановский,Чановский муниципальный район,муниципальный район,рп Чаны,Новосибирская область,55.308064,76.759605,True,1,1.000000,0.429776,0.213623,0,24,ядро типа,-0.046500,239.700000,0.043875,0.204642,0.016119,0.447260,0.050774,95.456434,False,0
1629,2024-12,1,Цифровая повседневность,0.515529,False,Черепановский,Черепановский муниципальный район,муниципальный район,г Черепаново,Новосибирская область,54.226101,83.370468,True,1,1.000000,0.444921,0.315449,0,24,ядро типа,-0.082204,237.300000,0.042363,0.208172,0.018542,0.455332,0.051350,92.108381,False,0
1630,2024-12,1,Цифровая повседневность,0.341992,False,Чистоозерный,Чистоозерный муниципальный район,муниципальный район,рп Чистоозерное,Новосибирская область,54.712204,76.582344,True,1,1.000000,0.352522,0.055712,0,24,ядро типа,-0.163896,236.800000,0.040676,0.199355,0.012253,0.448666,0.059926,84.882987,False,0
1631,2024-12,1,Цифровая повседневность,0.389597,False,Чулымский,Чулымский муниципальный район,муниципальный район,г Чулым,Новосибирская область,55.090000,80.970459,True,1,1.000000,0.429570,0.130832,0,24,ядро типа,-0.158437,237.500000,0.035226,0.204615,0.021561,0.463494,0.050261,85.347653,False,0
1632,2024-12,2,Автономные локальные центры,0.098582,True,Омск,городской округ город Омск,городской округ,г Омск,Омская область,54.991375,73.371529,True,3,0.791667,0.125207,0.023258,4,1,устойчивый,0.254106,242.000000,0.050480,0.146546,0.054155,0.366843,0.062437,128.930808,False,1
1633,2024-12,1,Цифровая повседневность,0.435679,False,Азовский немецкий,Азовский немецкий национальный муниципальный район,муниципальный район,с Азово,Омская область,54.703850,73.026871,True,1,1.000000,0.328214,0.056210,0,24,ядро типа,-0.242846,250.800000,0.034131,0.211730,0.017850,0.414280,0.045783,78.439217,False,0
1634,2024-12,1,Цифровая повседневность,0.348827,False,Большереченский,Большереченский муниципальный район,муниципальный район,рп Большеречье,Омская область,56.094585,74.639519,True,1,1.000000,0.403306,0.223574,0,24,ядро типа,-0.253574,238.500000,0.044849,0.176104,0.022762,0.521334,0.046752,77.602203,False,0
1635,2024-12,1,Цифровая повседневность,0.343698,False,Большеуковский,Большеуковский муниципальный район,муниципальный район,с Большие Уки,Омская область,56.949043,72.625717,True,1,1.000000,0.269826,0.039829,0,24,ядро типа,-0.325324,240.100000,0.044180,0.203008,0.004985,0.503451,0.067016,72.229317,False,0
1636,2024-12,1,Цифровая повседневность,0.566982,False,Горьковский,Горьковский муниципальный район,муниципальный район,рп Горьковское,Омская область,55.371033,74.362556,True,1,1.000000,0.336299,0.153984,0,24,ядро типа,-0.319843,244.600000,0.039744,0.208084,0.011864,0.430109,0.039193,72.626283,False,0
1637,2024-12,1,Цифровая повседневность,0.410569,False,Знаменский,Знаменский муниципальный район,муниципальный район,с Знаменское,Омская область,57.127403,73.821983,True,1,1.000000,0.459472,0.329503,0,24,ядро типа,-0.176336,237.100000,0.037955,0.210990,0.009177,0.464523,0.057189,83.833644,False,0
1638,2024-12,1,Цифровая повседневность,0.563383,False,Исилькульский,Исилькульский муниципальный район,муниципальный район,г Исилькуль,Омская область,54.904892,71.259987,True,1,1.000000,0.403268,0.092192,0,24,ядро типа,-0.175125,249.100000,0.039265,0.206519,0.010815,0.409444,0.044545,83.935193,False,0
1639,2024-12,1,Цифровая повседневность,0.495867,False,Калачинский,Калачинский муниципальный район,муниципальный район,г Калачинск,Омская область,55.049091,74.582428,True,1,1.000000,0.460536,0.367632,0,24,ядро типа,-0.171429,246.800000,0.043431,0.182745,0.014940,0.437776,0.039340,84.245996,False,0
1640,2024-12,1,Цифровая повседневность,0.501919,False,Колосовский,Колосовский муниципальный район,муниципальный район,с Колосовка,Омская область,56.467625,73.606575,True,1,1.000000,0.375587,0.115949,0,24,ядро типа,-0.253614,242.000000,0.041004,0.193044,0.005235,0.486101,0.045882,77.599126,False,0
1641,2024-12,1,Цифровая повседневность,0.514478,False,Кормиловский,Кормиловский муниципальный район,муниципальный район,рп Кормиловка,Омская область,55.002613,74.092224,True,1,1.000000,0.455510,0.325437,0,24,ядро типа,-0.232465,251.500000,0.036962,0.196148,0.007882,0.437335,0.038438,79.257766,False,0
1642,2024-12,1,Цифровая повседневность,0.517811,False,Крутинский,Крутинский муниципальный район,муниципальный район,рп Крутинка,Омская область,56.006351,71.511307,True,1,1.000000,0.487257,0.370707,0,24,ядро типа,-0.290080,253.100000,0.048820,0.196101,0.010776,0.437608,0.051863,74.820365,False,0
1643,2024-12,1,Цифровая повседневность,0.266723,False,Любинский,Любинский муниципальный район,муниципальный район,рп Любинский,Омская область,55.156715,72.699005,True,1,1.000000,0.322057,0.091459,0,24,ядро типа,-0.156600,251.500000,0.032534,0.197725,0.021414,0.397826,0.036205,85.504593,False,0
1644,2024-12,1,Цифровая повседневность,0.508850,False,Марьяновский,Марьяновский муниципальный район,муниципальный район,рп Марьяновка,Омская область,54.960659,72.637947,True,1,1.000000,0.368540,0.178483,0,24,ядро типа,-0.192395,251.700000,0.036891,0.198739,0.010892,0.474617,0.036219,82.498115,False,0
1645,2024-12,1,Цифровая повседневность,0.597665,False,Москаленский,Москаленский муниципальный район,муниципальный район,рп Москаленки,Омская область,54.939468,71.925880,True,1,1.000000,0.371559,0.217339,0,24,ядро типа,-0.153295,249.100000,0.045807,0.214542,0.014348,0.407239,0.040677,85.787700,False,0
1646,2024-12,1,Цифровая повседневность,0.297166,False,Муромцевский,Муромцевский муниципальный район,муниципальный район,рп Муромцево,Омская область,56.369392,75.237198,True,1,1.000000,0.321113,0.179506,0,24,ядро типа,-0.310145,234.200000,0.036969,0.179094,0.012631,0.509630,0.052830,73.334051,False,0
1647,2024-12,1,Цифровая повседневность,0.363873,False,Называевский,Называевский муниципальный район,муниципальный район,г Называевск,Омская область,55.564896,71.349365,True,1,1.000000,0.326759,0.132191,0,24,ядро типа,-0.286836,251.900000,0.036650,0.186119,0.007338,0.454065,0.056410,75.063468,False,0
1648,2024-12,1,Цифровая повседневность,0.563442,False,Нижнеомский,Нижнеомский муниципальный район,муниципальный район,с Нижняя Омка,Омская область,55.433590,74.938004,True,1,1.000000,0.524891,0.419071,0,24,ядро типа,-0.381085,243.400000,0.040047,0.212667,0.008199,0.461102,0.049056,68.311972,False,0
1649,2024-12,1,Цифровая повседневность,0.440363,False,Нововаршавский,Нововаршавский муниципальный район,муниципальный район,рп Нововаршавка,Омская область,54.170616,74.696037,True,1,1.000000,0.287860,0.130453,0,24,ядро типа,-0.265301,236.400000,0.041486,0.187610,0.017333,0.433077,0.034906,76.697490,False,0
1650,2024-12,1,Цифровая повседневность,0.235853,False,Одесский,Одесский муниципальный район,муниципальный район,с Одесское,Омская область,54.209690,72.965538,True,1,1.000000,0.362114,0.158862,0,24,ядро типа,-0.334612,242.700000,0.027736,0.216728,0.005805,0.365470,0.040335,71.561553,False,0
1651,2024-12,1,Цифровая повседневность,0.437791,False,Оконешниковский,Оконешниковский муниципальный район,муниципальный район,рп Оконешниково,Омская область,54.837336,75.072725,True,1,1.000000,0.393791,0.076917,0,24,ядро типа,-0.204478,242.700000,0.037830,0.201004,0.007249,0.411258,0.052554,81.507239,False,0
1652,2024-12,2,Автономные локальные центры,0.031353,False,Омский,Омский муниципальный район,муниципальный район,п Ростовка,Омская область,55.019558,73.580765,True,2,0.958333,0.158249,0.008469,2,11,ядро типа,-0.074516,260.000000,0.041939,0.190929,0.041674,0.384411,0.060140,92.819227,False,0
1653,2024-12,1,Цифровая повседневность,0.413305,False,Павлоградский,Павлоградский муниципальный район,муниципальный район,рп Павлоградка,Омская область,54.205006,73.556488,True,1,1.000000,0.297822,0.013547,0,24,ядро типа,-0.236238,242.500000,0.038232,0.180482,0.008730,0.455824,0.041506,78.959273,False,0
1654,2024-12,1,Цифровая повседневность,0.264245,False,Полтавский,Полтавский муниципальный район,муниципальный район,рп Полтавка,Омская область,54.364239,71.760917,True,1,0.958333,0.303837,0.028001,2,12,ядро типа,-0.172818,245.800000,0.037529,0.168660,0.008523,0.483156,0.051245,84.129060,False,0
1655,2024-12,1,Цифровая повседневность,0.321987,False,Русско-Полянский,Русско-Полянский муниципальный район,муниципальный район,рп Русская Поляна,Омская область,53.780357,73.882103,True,1,1.000000,0.351886,0.218886,0,24,ядро типа,-0.201764,236.100000,0.029896,0.202869,0.005384,0.472269,0.040438,81.728802,False,0
1656,2024-12,1,Цифровая повседневность,0.479708,False,Саргатский,Саргатский муниципальный район,муниципальный район,рп Саргатское,Омская область,55.603386,73.490257,True,1,1.000000,0.454179,0.219913,0,24,ядро типа,-0.222767,247.500000,0.039028,0.189257,0.017265,0.482985,0.044949,80.030157,False,0
1657,2024-12,1,Цифровая повседневность,0.395965,False,Седельниковский,Седельниковский муниципальный район,муниципальный район,с Седельниково,Омская область,56.945618,75.306061,True,1,1.000000,0.376544,0.168268,0,24,ядро типа,-0.257388,235.700000,0.042194,0.184778,0.007643,0.498925,0.050912,77.306787,False,0
1658,2024-12,1,Цифровая повседневность,0.547970,False,Таврический,Таврический муниципальный район,муниципальный район,рп Таврическое,Омская область,54.586674,73.637436,True,1,1.000000,0.436272,0.218175,0,24,ядро типа,-0.216672,247.900000,0.041695,0.201750,0.014905,0.409539,0.041695,80.519441,False,0
1659,2024-12,1,Цифровая повседневность,0.176305,False,Тарский,Тарский муниципальный район,муниципальный район,г Тара,Омская область,56.875769,74.419675,True,1,0.791667,0.137110,0.005112,8,2,устойчивый,-0.061833,237.300000,0.038071,0.185282,0.023406,0.444284,0.053555,94.003970,False,0
1660,2024-12,1,Цифровая повседневность,0.290728,False,Тевризский,Тевризский муниципальный район,муниципальный район,рп Тевриз,Омская область,57.513668,72.398911,True,1,1.000000,0.444345,0.185091,0,24,ядро типа,-0.158906,240.900000,0.033980,0.214883,0.010389,0.487844,0.063091,85.307649,False,0
1661,2024-12,1,Цифровая повседневность,0.310147,False,Тюкалинский,Тюкалинский муниципальный район,муниципальный район,г Тюкалинск,Омская область,55.870556,72.196617,True,1,1.000000,0.393016,0.262069,0,24,ядро типа,-0.315742,252.200000,0.039708,0.170141,0.016795,0.448983,0.052789,72.924777,False,0
1662,2024-12,1,Цифровая повседневность,0.324268,False,Усть-Ишимский,Усть-Ишимский муниципальный район,муниципальный район,с Усть-Ишим,Омская область,57.693462,71.169968,True,1,0.541667,0.202402,0.007009,6,7,пограничный,-0.149571,244.200000,0.037345,0.186906,0.005682,0.486062,0.053141,86.107735,False,1
1663,2024-12,1,Цифровая повседневность,0.545967,False,Черлакский,Черлакский муниципальный район,муниципальный район,рп Черлак,Омская область,54.154067,74.797499,True,1,1.000000,0.509616,0.431776,0,24,ядро типа,-0.240026,238.500000,0.044637,0.191104,0.011775,0.451921,0.044441,78.660779,False,0
1664,2024-12,1,Цифровая повседневность,0.420149,False,Шербакульский,Шербакульский муниципальный район,муниципальный район,рп Шербакуль,Омская область,54.631046,72.392822,True,1,1.000000,0.397234,0.264152,0,24,ядро типа,-0.173440,246.000000,0.037882,0.186370,0.008711,0.450553,0.033709,84.076747,False,0
1665,2024-12,3,Крупные центры,0.103376,False,Оренбург,городской округ город Оренбург,городской округ,г Оренбург,Оренбургская область,51.767125,55.097852,True,3,0.875000,0.227294,0.088215,1,21,устойчивый,0.215219,345.200000,0.047444,0.161315,0.048412,0.365732,0.062928,124.013355,False,1
1666,2024-12,1,Цифровая повседневность,0.635572,False,Абдулинский,городской округ Абдулинский,городской округ,г Абдулино,Оренбургская область,53.682800,53.655701,True,1,1.000000,0.528135,0.425709,0,24,ядро типа,-0.246186,326.100000,0.048061,0.212832,0.022948,0.421059,0.049478,78.177650,False,0
1667,2024-12,1,Цифровая повседневность,0.387907,False,Бугуруслан,городской округ город Бугуруслан,городской округ,г Бугуруслан,Оренбургская область,53.652781,52.434046,True,1,1.000000,0.379314,0.272222,0,24,ядро типа,0.110052,342.900000,0.049370,0.194669,0.034926,0.409791,0.050721,111.633561,False,0
1668,2024-12,1,Цифровая повседневность,0.100475,False,Бузулук,городской округ город Бузулук,городской округ,г Бузулук,Оренбургская область,52.758684,52.288317,True,1,0.916667,0.101242,0.002295,2,7,устойчивый,0.178833,341.700000,0.045677,0.178950,0.036361,0.380597,0.056999,119.582109,False,0
1669,2024-12,1,Цифровая повседневность,0.381032,False,Гайский,городской округ Гайский,городской округ,г Гай,Оренбургская область,51.471443,58.440517,True,1,1.000000,0.273294,0.136546,0,24,ядро типа,-0.177327,280.800000,0.041814,0.201683,0.026088,0.406526,0.021311,83.750558,False,0
1670,2024-12,1,Цифровая повседневность,0.583113,False,Кувандыкский,городской округ Кувандыкский,городской округ,г Кувандык,Оренбургская область,51.478756,57.350796,True,1,1.000000,0.467723,0.390435,0,24,ядро типа,-0.174795,286.400000,0.043540,0.203702,0.022906,0.413267,0.034561,83.962888,False,0
1671,2024-12,1,Цифровая повседневность,0.547890,False,Медногорск,городской округ город Медногорск,городской округ,г Медногорск,Оренбургская область,51.404944,57.580314,True,1,1.000000,0.491492,0.367352,0,24,ядро типа,-0.168693,285.700000,0.037848,0.215103,0.019926,0.417165,0.032238,84.476790,False,0
1672,2024-12,2,Автономные локальные центры,0.077091,False,Новотроицк,городской округ город Новотроицк,городской округ,г Новотроицк,Оренбургская область,51.196369,58.298527,True,2,0.791667,0.107650,0.000201,1,19,устойчивый,0.081191,280.800000,0.040403,0.175543,0.042843,0.401305,0.036516,108.457834,False,1
1673,2024-12,2,Автономные локальные центры,0.139952,False,Орск,городской округ город Орск,городской округ,г Орск,Оренбургская область,51.230502,58.473802,True,2,0.958333,0.107755,0.009793,2,22,устойчивый,0.152525,278.600000,0.040712,0.181026,0.038519,0.364191,0.039603,116.477159,False,0
1674,2024-12,1,Цифровая повседневность,0.385589,False,Соль-Илецкий,городской округ Соль-Илецкий,городской округ,г Соль-Илецк,Оренбургская область,51.161289,54.996372,True,1,1.000000,0.292917,0.086272,0,24,ядро типа,-0.117948,291.600000,0.042727,0.180153,0.029327,0.416952,0.053634,88.874186,False,0
1675,2024-12,1,Цифровая повседневность,0.636994,False,Сорочинский,городской округ Сорочинский,городской округ,г Сорочинск,Оренбургская область,52.426971,53.154175,True,1,1.000000,0.476201,0.295769,0,24,ядро типа,-0.063078,313.800000,0.039430,0.190495,0.021436,0.426221,0.050606,93.887034,False,0
1676,2024-12,1,Цифровая повседневность,0.260413,False,Ясненский,городской округ Ясненский,городской округ,г Ясный,Оренбургская область,51.036957,59.873268,True,1,1.000000,0.194657,0.122962,0,24,ядро типа,-0.168693,268.700000,0.032602,0.203446,0.026774,0.387804,0.023277,84.476790,False,0
1678,2024-12,1,Цифровая повседневность,0.625413,False,Адамовский,Адамовский муниципальный район,муниципальный район,п Адамовка,Оренбургская область,51.520966,59.940235,True,1,1.000000,0.591248,0.469450,0,24,ядро типа,-0.275504,270.600000,0.042195,0.233351,0.006485,0.424588,0.045924,75.918945,False,0
1679,2024-12,1,Цифровая повседневность,0.644617,False,Акбулакский,Акбулакский муниципальный район,муниципальный район,п Акбулак,Оренбургская область,51.006439,55.626480,True,1,1.000000,0.543516,0.344538,0,24,ядро типа,-0.362652,285.500000,0.043959,0.203830,0.020343,0.421060,0.043340,69.582878,False,0
1680,2024-12,1,Цифровая повседневность,0.665928,False,Александровский,Александровский муниципальный район,муниципальный район,с Александровка,Оренбургская область,52.680561,54.413418,True,1,1.000000,0.576137,0.308232,0,24,ядро типа,-0.326560,310.500000,0.046496,0.235081,0.007166,0.453824,0.047520,72.140077,False,0
1681,2024-12,1,Цифровая повседневность,0.645861,False,Асекеевский,Асекеевский муниципальный район,муниципальный район,с Асекеево,Оренбургская область,53.580097,52.824310,True,1,1.000000,0.628079,0.454815,0,24,ядро типа,-0.258185,327.300000,0.044100,0.246474,0.010995,0.414828,0.045295,77.245242,False,0
1682,2024-12,1,Цифровая повседневность,0.459909,False,Беляевский,Беляевский муниципальный район,муниципальный район,с Беляевка,Оренбургская область,51.398891,56.409542,True,1,1.000000,0.362905,0.125625,0,24,ядро типа,-0.411035,290.400000,0.039083,0.211335,0.013043,0.418864,0.021491,66.296370,False,0
1683,2024-12,1,Цифровая повседневность,0.425638,False,Бугурусланский,Бугурусланский муниципальный район,муниципальный район,г Бугуруслан,Оренбургская область,53.652781,52.434046,True,1,1.000000,0.376856,0.110754,0,24,ядро типа,-0.068072,358.900000,0.051519,0.206667,0.033500,0.416958,0.059589,93.419291,False,0
1685,2024-12,1,Цифровая повседневность,0.708195,False,Грачёвский,Грачёвский муниципальный район,муниципальный район,с Грачёвка,Оренбургская область,52.919601,52.879501,True,1,1.000000,0.462032,0.332404,0,24,ядро типа,-0.211183,318.800000,0.042759,0.205017,0.010946,0.436146,0.032117,80.962565,False,0
1686,2024-12,1,Цифровая повседневность,0.440301,False,Домбаровский,Домбаровский муниципальный район,муниципальный район,п Домбаровский,Оренбургская область,50.760067,59.536777,True,1,1.000000,0.419482,0.331415,0,24,ядро типа,-0.374217,267.500000,0.031764,0.221188,0.009440,0.445821,0.032212,68.782792,False,0
1687,2024-12,1,Цифровая повседневность,0.563901,False,Илекский,Илекский муниципальный район,муниципальный район,с Илек,Оренбургская область,51.527264,53.383327,True,1,1.000000,0.543696,0.303751,0,24,ядро типа,-0.335731,299.600000,0.032502,0.205390,0.010978,0.450213,0.048603,71.481544,False,0
1688,2024-12,1,Цифровая повседневность,0.455334,False,Кваркенский,Кваркенский муниципальный район,муниципальный район,с Кваркено,Оренбургская область,52.084141,59.722305,True,1,1.000000,0.489822,0.315021,0,24,ядро типа,-0.245360,270.600000,0.032919,0.231141,0.007669,0.388107,0.039290,78.242272,False,0
1689,2024-12,1,Цифровая повседневность,0.714217,False,Красногвардейский,Красногвардейский муниципальный район,муниципальный район,с Плешаново,Оренбургская область,52.848017,53.487155,True,1,1.000000,0.674323,0.556509,0,24,ядро типа,-0.221230,313.800000,0.045994,0.229470,0.010404,0.453373,0.050985,80.153247,False,0
1690,2024-12,1,Цифровая повседневность,0.657295,False,Курманаевский,Курманаевский муниципальный район,муниципальный район,с Курманаевка,Оренбургская область,52.506886,52.067692,True,1,1.000000,0.644271,0.419085,0,24,ядро типа,-0.356963,317.400000,0.048327,0.223517,0.007256,0.446946,0.036322,69.979844,False,0
1691,2024-12,1,Цифровая повседневность,0.578575,False,Матвеевский,Матвеевский муниципальный район,муниципальный район,с Матвеевка,Оренбургская область,53.511856,53.482029,True,1,1.000000,0.432517,0.310914,0,24,ядро типа,-0.323026,323.500000,0.050115,0.200714,0.013092,0.429015,0.053303,72.395489,False,0
1692,2024-12,1,Цифровая повседневность,0.485906,False,Новоорский,Новоорский муниципальный район,муниципальный район,п Новоорск,Оренбургская область,51.381290,58.985721,True,1,1.000000,0.479025,0.413433,0,24,ядро типа,-0.332722,276.300000,0.039573,0.241899,0.012189,0.411949,0.026868,71.696952,False,0
1693,2024-12,1,Цифровая повседневность,0.736621,False,Новосергиевский,Новосергиевский муниципальный район,муниципальный район,п Новосергиевка,Оренбургская область,52.081001,53.653702,True,1,1.000000,0.542534,0.467601,0,24,ядро типа,-0.238618,309.300000,0.047152,0.194156,0.012970,0.443550,0.045511,78.771560,False,0
1694,2024-12,1,Цифровая повседневность,0.672191,False,Октябрьский,Октябрьский муниципальный район,муниципальный район,с Октябрьское,Оренбургская область,52.345226,55.507576,True,1,1.000000,0.575805,0.412128,0,24,ядро типа,-0.300873,305.500000,0.042323,0.213986,0.017503,0.440735,0.034424,74.017202,False,0
1696,2024-12,1,Цифровая повседневность,0.778809,False,Первомайский,Первомайский муниципальный район,муниципальный район,п Первомайский,Оренбургская область,51.902344,51.639091,True,1,1.000000,0.735775,0.657546,0,24,ядро типа,-0.279973,308.400000,0.041814,0.203045,0.010138,0.438296,0.043321,75.580447,False,0
1697,2024-12,1,Цифровая повседневность,0.732191,False,Переволоцкий,Переволоцкий муниципальный район,муниципальный район,п Переволоцкий,Оренбургская область,51.874950,54.208050,True,1,1.000000,0.632693,0.504559,0,24,ядро типа,-0.303287,305.300000,0.040925,0.223422,0.016045,0.451052,0.038633,73.838721,False,0
1698,2024-12,1,Цифровая повседневность,0.676386,False,Пономарёвский,Пономарёвский муниципальный район,муниципальный район,с Пономарёвка,Оренбургская область,53.314846,54.121265,True,1,1.000000,0.662145,0.551033,0,24,ядро типа,-0.296393,320.900000,0.044328,0.236455,0.014403,0.424610,0.042465,74.349545,False,0
1699,2024-12,1,Цифровая повседневность,0.570109,False,Сакмарский,Сакмарский муниципальный район,муниципальный район,с Сакмара,Оренбургская область,51.984600,55.333401,True,1,1.000000,0.526063,0.413155,0,24,ядро типа,-0.405388,304.600000,0.040386,0.211622,0.024508,0.431413,0.031247,66.671795,False,0
1700,2024-12,1,Цифровая повседневность,0.614644,False,Саракташский,Саракташский муниципальный район,муниципальный район,п Саракташ,Оренбургская область,51.783300,56.359100,True,1,1.000000,0.525590,0.341747,0,24,ядро типа,-0.296227,295.200000,0.043120,0.188868,0.020526,0.418250,0.043617,74.361854,False,0
1701,2024-12,1,Цифровая повседневность,0.481840,False,Светлинский,Светлинский муниципальный район,муниципальный район,п Светлый,Оренбургская область,50.820313,60.850288,True,1,1.000000,0.371851,0.287663,0,24,ядро типа,-0.160675,260.200000,0.043291,0.215047,0.013551,0.428613,0.024681,85.156863,False,0
1702,2024-12,1,Цифровая повседневность,0.652400,False,Северный,Северный муниципальный район,муниципальный район,с Северное,Оренбургская область,54.091789,52.541626,True,1,1.000000,0.591952,0.379763,0,24,ядро типа,-0.410339,337.200000,0.044436,0.236375,0.010808,0.472749,0.038870,66.342529,False,0
1703,2024-12,1,Цифровая повседневность,0.755846,False,Ташлинский,Ташлинский муниципальный район,муниципальный район,с Ташла,Оренбургская область,51.769680,52.740340,True,1,1.000000,0.660726,0.503432,0,24,ядро типа,-0.301122,304.100000,0.042958,0.205930,0.020959,0.438225,0.047116,73.998738,False,0
1704,2024-12,1,Цифровая повседневность,0.243935,False,Тоцкий,Тоцкий муниципальный район,муниципальный район,с Тоцкое,Оренбургская область,52.530071,52.748413,True,1,1.000000,0.204102,0.074724,0,24,ядро типа,0.127919,316.200000,0.038288,0.218461,0.037069,0.349598,0.041754,113.646085,False,0
1705,2024-12,1,Цифровая повседневность,0.607065,False,Тюльганский,Тюльганский муниципальный район,муниципальный район,п Тюльган,Оренбургская область,52.342068,56.161255,True,1,1.000000,0.603965,0.509723,0,24,ядро типа,-0.343380,300.800000,0.043424,0.241628,0.013188,0.415756,0.036136,70.936870,False,0
1706,2024-12,1,Цифровая повседневность,0.578641,False,Шарлыкский,Шарлыкский муниципальный район,муниципальный район,с Шарлык,Оренбургская область,52.927634,54.745563,True,1,1.000000,0.529079,0.378849,0,24,ядро типа,-0.388818,314.500000,0.049982,0.214591,0.025014,0.414064,0.045351,67.785762,False,0
1707,2024-12,3,Крупные центры,0.230561,False,Орёл,городской округ город Орёл,городской округ,г Орёл,Орловская область,52.968017,36.099499,True,3,0.875000,0.327236,0.089047,1,21,устойчивый,0.212859,408.000000,0.050964,0.174854,0.041910,0.399005,0.057456,123.721016,False,1
1708,2024-12,1,Цифровая повседневность,0.714605,False,Ливны,городской округ город Ливны,городской округ,г Ливны,Орловская область,52.428611,37.603606,True,1,1.000000,0.636387,0.556089,0,24,ядро типа,-0.016209,379.000000,0.043348,0.217270,0.023613,0.419466,0.040940,98.392135,False,0
1709,2024-12,1,Цифровая повседневность,0.544505,False,Мценск,городской округ город Мценск,городской округ,г Мценск,Орловская область,53.281973,36.569157,True,1,1.000000,0.554353,0.456466,0,24,ядро типа,0.096983,381.100000,0.041501,0.195051,0.030470,0.425655,0.038262,110.184174,False,0
1710,2024-12,1,Цифровая повседневность,0.653869,False,Болховский,Болховский муниципальный район,муниципальный район,г Болхов,Орловская область,53.448994,36.002232,True,1,1.000000,0.627116,0.468901,0,24,ядро типа,-0.210727,364.300000,0.043082,0.238736,0.010751,0.425766,0.040878,80.999492,False,0
1711,2024-12,1,Цифровая повседневность,0.592981,False,Верховский,Верховский муниципальный район,муниципальный район,пгт Верховье,Орловская область,52.810467,37.239925,True,1,1.000000,0.583644,0.477513,0,24,ядро типа,-0.169058,361.700000,0.047701,0.239305,0.015196,0.446688,0.028715,84.446017,False,0
1712,2024-12,1,Цифровая повседневность,0.545976,False,Глазуновский,Глазуновский муниципальный район,муниципальный район,пгт Глазуновка,Орловская область,52.499466,36.322838,True,1,1.000000,0.631603,0.459996,0,24,ядро типа,-0.299377,354.000000,0.032629,0.247167,0.010959,0.457180,0.035784,74.127983,False,0
1714,2024-12,1,Цифровая повседневность,0.630126,False,Должанский,Должанский муниципальный район,муниципальный район,пгт Долгое,Орловская область,52.055264,37.529575,True,1,1.000000,0.571782,0.439348,0,24,ядро типа,-0.233280,348.500000,0.043210,0.241888,0.009598,0.419079,0.052302,79.193144,False,0
1715,2024-12,1,Цифровая повседневность,0.652153,False,Залегощенский,Залегощенский муниципальный район,муниципальный район,пгт Залегощь,Орловская область,52.902420,36.893154,True,1,1.000000,0.645602,0.547611,0,24,ядро типа,-0.266506,361.000000,0.038322,0.214670,0.010043,0.488029,0.033060,76.605173,False,0
1717,2024-12,1,Цифровая повседневность,0.581145,False,Колпнянский,Колпнянский муниципальный район,муниципальный район,пгт Колпна,Орловская область,52.222736,37.028606,True,1,1.000000,0.553747,0.354856,0,24,ядро типа,-0.227469,350.900000,0.043268,0.260305,0.010740,0.413753,0.042148,79.654732,False,0
1718,2024-12,1,Цифровая повседневность,0.547380,False,Краснозоренский,Краснозоренский муниципальный район,муниципальный район,п Красная Заря,Орловская область,52.780712,37.690243,True,1,1.000000,0.513033,0.389431,0,24,ядро типа,-0.208640,362.000000,0.038026,0.267316,0.004891,0.480532,0.040262,81.168741,False,0
1719,2024-12,1,Цифровая повседневность,0.723067,False,Кромской,Кромской муниципальный район,муниципальный район,пгт Кромы,Орловская область,52.688126,35.768337,True,1,1.000000,0.582552,0.385701,0,24,ядро типа,0.033572,354.900000,0.044159,0.226596,0.021663,0.451527,0.041659,103.414214,False,0
1722,2024-12,1,Цифровая повседневность,0.731232,False,Малоархангельский,Малоархангельский муниципальный район,муниципальный район,г Малоархангельск,Орловская область,52.399578,36.504021,True,1,1.000000,0.698033,0.551444,0,24,ядро типа,-0.197631,352.500000,0.041696,0.223818,0.007087,0.453148,0.038659,82.067300,False,0
1724,2024-12,1,Цифровая повседневность,0.631098,False,Новодеревеньковский,Новодеревеньковский муниципальный район,муниципальный район,пгт Хомутово,Орловская область,52.854115,37.446629,True,1,1.000000,0.624816,0.535237,0,24,ядро типа,-0.179719,361.700000,0.045634,0.205259,0.007956,0.528047,0.048543,83.550536,False,0
1725,2024-12,1,Цифровая повседневность,0.601367,False,Новосильский,Новосильский муниципальный район,муниципальный район,г Новосиль,Орловская область,52.972939,37.041908,True,1,1.000000,0.634825,0.492064,0,24,ядро типа,-0.269241,362.700000,0.042455,0.260856,0.011198,0.451744,0.040885,76.395920,False,0
1726,2024-12,3,Крупные центры,0.366608,False,Орловский,муниципальный округ Орловский,муниципальный округ,г Орёл,Орловская область,52.968017,36.099499,True,3,1.000000,0.392921,0.039363,0,24,ядро типа,0.260790,566.700000,0.045425,0.181773,0.043979,0.388772,0.064013,129.795516,False,0
1727,2024-12,1,Цифровая повседневность,0.682895,False,Покровский,Покровский муниципальный район,муниципальный район,пгт Покровское,Орловская область,52.607849,36.866261,True,1,1.000000,0.647316,0.548642,0,24,ядро типа,-0.235342,356.600000,0.046842,0.228604,0.012538,0.490538,0.048400,79.030049,False,0
1728,2024-12,1,Цифровая повседневность,0.543075,False,Свердловский,Свердловский муниципальный район,муниципальный район,пгт Змиёвка,Орловская область,52.672192,36.380112,True,1,1.000000,0.589785,0.457361,0,24,ядро типа,-0.320055,357.700000,0.042846,0.245253,0.017249,0.448000,0.024580,72.610897,False,0
1730,2024-12,1,Цифровая повседневность,0.748560,False,Троснянский,Троснянский муниципальный район,муниципальный район,с Тросна,Орловская область,52.448105,35.780979,True,1,1.000000,0.566570,0.324154,0,24,ядро типа,-0.198643,351.600000,0.043315,0.208618,0.012462,0.426357,0.037422,81.984214,False,0
1731,2024-12,1,Цифровая повседневность,0.571839,False,Урицкий,Урицкий муниципальный район,муниципальный район,пгт Нарышкино,Орловская область,52.970021,35.719893,True,1,1.000000,0.596961,0.384830,0,24,ядро типа,-0.299585,356.300000,0.041148,0.250540,0.019390,0.428542,0.033051,74.112597,False,0
1732,2024-12,1,Цифровая повседневность,0.550927,False,Хотынецкий,Хотынецкий муниципальный район,муниципальный район,пгт Хотынец,Орловская область,53.124596,35.404486,True,1,1.000000,0.633051,0.443346,0,24,ядро типа,-0.322941,351.800000,0.039612,0.257480,0.010711,0.503825,0.037105,72.401643,False,0
1733,2024-12,1,Цифровая повседневность,0.536562,False,Шаблыкинский,Шаблыкинский муниципальный район,муниципальный район,пгт Шаблыкино,Орловская область,52.853958,35.195244,True,1,1.000000,0.553253,0.460972,0,24,ядро типа,-0.313550,345.500000,0.037221,0.247074,0.005937,0.424253,0.029853,73.084794,False,0
1737,2024-12,1,Цифровая повседневность,0.624265,False,Башмаковский,Башмаковский муниципальный район,муниципальный район,рп Башмаково,Пензенская область,53.212220,43.036024,True,1,1.000000,0.603777,0.520499,0,24,ядро типа,-0.194635,358.000000,0.044301,0.250551,0.010505,0.439867,0.039665,82.313480,False,0
1738,2024-12,1,Цифровая повседневность,0.516100,False,Бековский,Бековский муниципальный район,муниципальный район,рп Беково,Пензенская область,52.458121,43.703945,True,1,1.000000,0.497820,0.419169,0,24,ядро типа,-0.117498,354.000000,0.051775,0.262892,0.025438,0.427944,0.042673,88.914191,False,0
1739,2024-12,1,Цифровая повседневность,0.553326,False,Белинский,Белинский муниципальный район,муниципальный район,г Белинский,Пензенская область,52.966934,43.413063,True,1,1.000000,0.474792,0.343984,0,24,ядро типа,-0.275018,359.400000,0.054207,0.239841,0.005550,0.433497,0.042499,75.955872,False,0
1740,2024-12,1,Цифровая повседневность,0.414437,False,Бессоновский,Бессоновский муниципальный район,муниципальный район,с Бессоновка,Пензенская область,53.309643,45.041382,True,1,1.000000,0.469822,0.271677,0,24,ядро типа,-0.065671,365.500000,0.044100,0.210542,0.029181,0.386415,0.062075,93.643931,False,0
1741,2024-12,1,Цифровая повседневность,0.672237,False,Вадинский,Вадинский муниципальный район,муниципальный район,с Вадинск,Пензенская область,53.689247,43.044308,True,1,1.000000,0.567023,0.491120,0,24,ядро типа,-0.258783,362.700000,0.038825,0.200941,0.002631,0.482561,0.051022,77.199083,False,0
1742,2024-12,1,Цифровая повседневность,0.470372,False,Городищенский,Городищенский муниципальный район,муниципальный район,г Городище,Пензенская область,53.273724,45.702282,True,1,1.000000,0.446838,0.384612,0,24,ядро типа,-0.361414,358.000000,0.047792,0.263339,0.027562,0.367712,0.047261,69.669041,False,0
1743,2024-12,1,Цифровая повседневность,0.618979,False,Земетчинский,Земетчинский муниципальный район,муниципальный район,рп Земетчино,Пензенская область,53.494775,42.618641,True,1,1.000000,0.545840,0.473226,0,24,ядро типа,-0.208867,358.900000,0.047780,0.233400,0.006636,0.425050,0.053999,81.150278,False,0
1744,2024-12,1,Цифровая повседневность,0.408198,False,Иссинский,Иссинский муниципальный район,муниципальный район,рп Исса,Пензенская область,53.865589,44.839645,True,1,1.000000,0.394040,0.194659,0,24,ядро типа,-0.256951,362.200000,0.066168,0.248399,0.009669,0.396849,0.040783,77.340637,False,0
1745,2024-12,1,Цифровая повседневность,0.636071,False,Каменский,Каменский муниципальный район,муниципальный район,г Каменка,Пензенская область,53.185001,44.052907,True,1,1.000000,0.668138,0.591189,0,24,ядро типа,-0.142094,361.000000,0.050795,0.197999,0.011812,0.426504,0.042885,86.753958,False,0
1746,2024-12,1,Цифровая повседневность,0.580547,False,Камешкирский,Камешкирский муниципальный район,муниципальный район,с Русский Камешкир,Пензенская область,52.862823,46.091095,True,1,1.000000,0.567311,0.361175,0,24,ядро типа,-0.388909,351.600000,0.052211,0.218015,0.005721,0.473940,0.048397,67.779607,False,0
1747,2024-12,1,Цифровая повседневность,0.601692,False,Колышлейский,Колышлейский муниципальный район,муниципальный район,рп Колышлей,Пензенская область,52.702633,44.535477,True,1,1.000000,0.635431,0.551723,0,24,ядро типа,-0.297262,356.600000,0.052237,0.236454,0.008326,0.453065,0.044739,74.284923,False,0
1749,2024-12,1,Цифровая повседневность,0.458324,False,Лопатинский,Лопатинский муниципальный район,муниципальный район,с Лопатино,Пензенская область,52.614059,45.810112,True,1,1.000000,0.420810,0.302691,0,24,ядро типа,-0.446324,350.400000,0.061307,0.225417,0.012165,0.429918,0.045103,63.997661,False,0
1750,2024-12,1,Цифровая повседневность,0.593923,False,Лунинский,Лунинский муниципальный район,муниципальный район,рп Лунино,Пензенская область,53.588295,45.222881,True,1,1.000000,0.609693,0.512476,0,24,ядро типа,-0.355293,358.200000,0.046885,0.248167,0.004741,0.443435,0.034286,70.096780,False,0
1751,2024-12,1,Цифровая повседневность,0.588276,False,Малосердобинский,Малосердобинский муниципальный район,муниципальный район,с Малая Сердоба,Пензенская область,52.467510,44.957035,True,1,1.000000,0.569196,0.373015,0,24,ядро типа,-0.362121,352.100000,0.052378,0.216717,0.004111,0.449655,0.042168,69.619805,False,0
1752,2024-12,1,Цифровая повседневность,0.722486,False,Мокшанский,Мокшанский муниципальный район,муниципальный район,рп Мокшан,Пензенская область,53.439527,44.605987,True,1,1.000000,0.613449,0.513715,0,24,ядро типа,-0.285198,365.100000,0.043384,0.221954,0.023452,0.437564,0.043711,75.186559,False,0
1753,2024-12,1,Цифровая повседневность,0.674904,False,Наровчатский,Наровчатский муниципальный район,муниципальный район,с Наровчат,Пензенская область,53.879417,43.699471,True,1,1.000000,0.544553,0.404313,0,24,ядро типа,-0.289381,364.300000,0.048744,0.214130,0.007768,0.476429,0.045292,74.872679,False,0
1754,2024-12,1,Цифровая повседневность,0.537151,False,Неверкинский,Неверкинский муниципальный район,муниципальный район,с Неверкино,Пензенская область,52.790630,46.738441,True,1,1.000000,0.475169,0.290326,0,24,ядро типа,-0.474015,347.600000,0.046419,0.224628,0.005784,0.399081,0.056058,62.249781,False,0
1755,2024-12,1,Цифровая повседневность,0.641470,False,Нижнеломовский,Нижнеломовский муниципальный район,муниципальный район,г Нижний Ломов,Пензенская область,53.529991,43.673626,True,1,1.000000,0.611735,0.519736,0,24,ядро типа,-0.152721,363.900000,0.048469,0.242561,0.010791,0.441923,0.041407,85.836936,False,0
1756,2024-12,1,Цифровая повседневность,0.616402,False,Никольский,Никольский муниципальный район,муниципальный район,г Никольск,Пензенская область,53.714596,46.085175,True,1,1.000000,0.585289,0.492272,0,24,ядро типа,-0.351525,352.100000,0.051345,0.216094,0.012814,0.423967,0.046665,70.361424,False,0
1757,2024-12,1,Цифровая повседневность,0.434119,False,Пачелмский,Пачелмский муниципальный район,муниципальный район,рп Пачелма,Пензенская область,53.332072,43.319919,True,1,1.000000,0.436947,0.361010,0,24,ядро типа,-0.343423,359.600000,0.055356,0.292135,0.007592,0.418377,0.036050,70.933793,False,0
1758,2024-12,3,Крупные центры,0.215183,False,Пензенский,Пензенский муниципальный район,муниципальный район,с Кондоль,Пензенская область,52.824474,45.049759,True,3,0.875000,0.262966,0.110390,1,21,устойчивый,0.182327,356.800000,0.049133,0.179890,0.044825,0.375141,0.067084,120.000615,False,1
1759,2024-12,1,Цифровая повседневность,0.613756,False,Сердобский,Сердобский муниципальный район,муниципальный район,г Сердобск,Пензенская область,52.455907,44.202916,True,1,1.000000,0.588168,0.501269,0,24,ядро типа,-0.160784,352.800000,0.051138,0.197615,0.014420,0.422804,0.037839,85.147631,False,0
1760,2024-12,1,Цифровая повседневность,0.510081,False,Сосновоборский,Сосновоборский муниципальный район,муниципальный район,рп Сосновоборск,Пензенская область,53.294201,46.245583,True,1,1.000000,0.437457,0.242738,0,24,ядро типа,-0.165674,350.400000,0.050481,0.217360,0.025459,0.391030,0.055856,84.732202,False,0
1761,2024-12,1,Цифровая повседневность,0.592987,False,Спасский,Спасский муниципальный район,муниципальный район,г Спасск,Пензенская область,53.926895,43.192616,True,1,1.000000,0.570283,0.477692,0,24,ядро типа,-0.174942,365.800000,0.054177,0.221766,0.008211,0.459001,0.049705,83.950579,False,0
1762,2024-12,1,Цифровая повседневность,0.557298,False,Тамалинский,Тамалинский муниципальный район,муниципальный район,рп Тамала,Пензенская область,52.539822,43.255024,True,1,1.000000,0.500680,0.381849,0,24,ядро типа,-0.243513,356.600000,0.047658,0.257685,0.012955,0.413104,0.046402,78.386903,False,0
1764,2024-12,3,Крупные центры,0.281671,False,Псков,городской округ город Псков,городской округ,г Псков,Псковская область,57.817392,28.334346,True,3,0.875000,0.267413,0.101668,1,21,устойчивый,0.356512,324.200000,0.046428,0.174423,0.046967,0.377671,0.056597,142.833844,False,1
1765,2024-12,1,Цифровая повседневность,0.409824,False,Великие Луки,городской округ город Великие Луки,городской округ,г Великие Луки,Псковская область,56.342361,30.527922,True,1,1.000000,0.425530,0.290701,0,24,ядро типа,0.177185,328.200000,0.049696,0.191643,0.030493,0.401665,0.052170,119.385165,False,0
1766,2024-12,1,Цифровая повседневность,0.701572,False,Бежаницкий,Бежаницкий муниципальный район,муниципальный район,рп Бежаницы,Псковская область,56.973885,29.884531,True,1,1.000000,0.615799,0.475591,0,24,ядро типа,-0.125874,309.100000,0.039333,0.203329,0.025547,0.481381,0.039612,88.172572,False,0
1768,2024-12,1,Цифровая повседневность,0.326466,False,Гдовский,Гдовский муниципальный район,муниципальный район,г Гдов,Псковская область,58.743066,27.815685,True,1,1.000000,0.422923,0.302135,0,24,ядро типа,-0.140889,299.600000,0.028768,0.254588,0.035180,0.431552,0.037944,86.858585,False,0
1769,2024-12,1,Цифровая повседневность,0.687010,False,Дедовичский,Дедовичский муниципальный район,муниципальный район,рп Дедовичи,Псковская область,57.551205,29.945297,True,1,1.000000,0.680890,0.516438,0,24,ядро типа,-0.119300,303.900000,0.038312,0.191873,0.015602,0.473095,0.047153,88.754174,False,0
1770,2024-12,1,Цифровая повседневность,0.629598,False,Дновский,Дновский муниципальный район,муниципальный район,г Дно,Псковская область,57.828828,29.961136,True,1,1.000000,0.486025,0.322216,0,24,ядро типа,-0.064488,305.800000,0.035317,0.224013,0.022188,0.455772,0.039256,93.754712,False,0
1771,2024-12,1,Цифровая повседневность,0.679326,False,Красногородский,муниципальный округ Красногородский,муниципальный округ,рп Красногородск,Псковская область,56.830654,28.284595,True,1,1.000000,0.556698,0.384963,0,24,ядро типа,-0.157140,299.400000,0.044003,0.232797,0.017500,0.500342,0.042382,85.458434,False,0
1773,2024-12,1,Цифровая повседневность,0.664645,False,Локнянский,муниципальный округ Локнянский,муниципальный округ,рп Локня,Псковская область,56.824783,30.144482,True,1,1.000000,0.699344,0.604907,0,24,ядро типа,-0.254368,311.700000,0.050441,0.234027,0.011906,0.471109,0.043813,77.540658,False,0
1774,2024-12,1,Цифровая повседневность,0.616349,False,Невельский,муниципальный округ Невельский,муниципальный округ,г Невель,Псковская область,56.017616,29.917128,True,1,1.000000,0.578659,0.323342,0,24,ядро типа,-0.124723,311.500000,0.039880,0.239176,0.009935,0.391132,0.042529,88.274122,False,0
1775,2024-12,1,Цифровая повседневность,0.714408,False,Новоржевский,муниципальный округ Новоржевский,муниципальный округ,г Новоржев,Псковская область,57.031181,29.332918,True,1,1.000000,0.633266,0.536307,0,24,ядро типа,-0.117187,303.400000,0.038439,0.216517,0.020517,0.489430,0.043317,88.941886,False,0
1776,2024-12,1,Цифровая повседневность,0.672982,False,Новосокольнический,Новосокольнический муниципальный район,муниципальный район,г Новосокольники,Псковская область,56.342459,30.157071,True,1,1.000000,0.568649,0.473898,0,24,ядро типа,-0.224845,316.200000,0.039032,0.218125,0.007475,0.444149,0.031364,79.863985,False,0
1777,2024-12,1,Цифровая повседневность,0.721809,False,Опочецкий,муниципальный округ Опочецкий,муниципальный округ,г Опочка,Псковская область,56.711670,28.656818,True,1,1.000000,0.670496,0.381691,0,24,ядро типа,-0.099458,303.200000,0.047655,0.204691,0.013766,0.485452,0.046737,90.532827,False,0
1778,2024-12,1,Цифровая повседневность,0.666580,False,Островский,Островский муниципальный район,муниципальный район,г Остров,Псковская область,57.341447,28.338582,True,1,1.000000,0.615716,0.421627,0,24,ядро типа,0.030114,299.400000,0.041176,0.201403,0.026486,0.426157,0.042431,103.057252,False,0
1780,2024-12,1,Цифровая повседневность,0.721381,False,Печорский,муниципальный округ Печорский,муниципальный округ,г Печоры,Псковская область,57.813305,27.608185,True,1,1.000000,0.714687,0.624171,0,24,ядро типа,-0.108883,291.900000,0.044297,0.226153,0.017396,0.439542,0.036646,89.683504,False,0
1781,2024-12,1,Цифровая повседневность,0.648169,False,Плюсский,Плюсский муниципальный район,муниципальный район,рп Плюсса,Псковская область,58.420612,29.370600,True,1,1.000000,0.332088,0.172690,0,24,ядро типа,-0.154443,307.400000,0.042591,0.199598,0.011528,0.515191,0.038031,85.689228,False,0
1782,2024-12,1,Цифровая повседневность,0.652721,False,Порховский,Порховский муниципальный район,муниципальный район,г Порхов,Псковская область,57.768049,29.551142,True,1,1.000000,0.579301,0.408192,0,24,ядро типа,-0.090861,305.100000,0.038316,0.189897,0.016344,0.472029,0.039395,91.314449,False,0
1783,2024-12,3,Крупные центры,0.584491,False,Псковский,Псковский муниципальный район,муниципальный район,г Псков,Псковская область,57.817392,28.334346,True,3,1.000000,0.487787,0.044801,0,24,ядро типа,0.479624,414.200000,0.044860,0.183534,0.050936,0.352287,0.061584,161.546628,False,0
1784,2024-12,1,Цифровая повседневность,0.761183,False,Пустошкинский,Пустошкинский муниципальный район,муниципальный район,г Пустошка,Псковская область,56.334817,29.374141,True,1,1.000000,0.711939,0.564711,0,24,ядро типа,-0.152577,309.300000,0.045523,0.223600,0.009463,0.466593,0.047387,85.849245,False,0
1785,2024-12,1,Цифровая повседневность,0.748096,False,Пушкиногорский,Пушкиногорский муниципальный район,муниципальный район,рп Пушкинские Горы,Псковская область,57.018421,28.917532,True,1,1.000000,0.641178,0.474197,0,24,ядро типа,-0.071405,300.600000,0.041875,0.233632,0.012096,0.459497,0.044320,93.108489,False,0
1786,2024-12,1,Цифровая повседневность,0.495918,False,Пыталовский,муниципальный округ Пыталовский,муниципальный округ,г Пыталово,Псковская область,57.062908,27.921061,True,1,1.000000,0.372362,0.217192,0,24,ядро типа,-0.098948,296.100000,0.033701,0.244335,0.027043,0.431459,0.033464,90.578985,False,0
1787,2024-12,1,Цифровая повседневность,0.379478,False,Себежский,Себежский муниципальный район,муниципальный район,г Себеж,Псковская область,56.277419,28.484886,True,1,1.000000,0.327254,0.264349,0,24,ядро типа,-0.013835,301.300000,0.031888,0.279626,0.011357,0.427863,0.056661,98.626006,False,0
1788,2024-12,1,Цифровая повседневность,0.655904,False,Струго-Красненский,муниципальный округ Струго-Красненский,муниципальный округ,рп Струги Красные,Псковская область,58.269322,29.111596,True,1,1.000000,0.545039,0.364354,0,24,ядро типа,-0.006808,306.300000,0.038852,0.219699,0.023950,0.449560,0.035940,99.321465,False,0
1845,2024-12,3,Крупные центры,0.450209,False,Рязань,городской округ город Рязань,городской округ,г Рязань,Рязанская область,54.627536,39.740172,True,3,1.000000,0.511617,0.291563,0,24,ядро типа,0.337656,432.800000,0.055523,0.177150,0.044655,0.372719,0.057784,140.165864,False,0
1846,2024-12,1,Цифровая повседневность,0.649301,False,Касимов,городской округ город Касимов,городской округ,г Касимов,Рязанская область,54.939178,41.406537,True,1,1.000000,0.653196,0.592987,0,24,ядро типа,0.050391,403.500000,0.046934,0.214068,0.021740,0.424830,0.048397,105.168249,False,0
1848,2024-12,1,Цифровая повседневность,0.655315,False,Скопин,городской округ город Скопин,городской округ,г Скопин,Рязанская область,53.823524,39.549274,True,1,1.000000,0.589373,0.525433,0,24,ядро типа,-0.052644,407.300000,0.046610,0.230555,0.008952,0.436588,0.041680,94.871755,False,0
1849,2024-12,1,Цифровая повседневность,0.628157,False,Ермишинский,Ермишинский муниципальный район,муниципальный район,рп Ермишь,Рязанская область,54.767791,42.276027,True,1,1.000000,0.540747,0.337609,0,24,ядро типа,-0.255917,370.000000,0.051950,0.227593,0.018482,0.453555,0.041258,77.420645,False,0
1850,2024-12,1,Цифровая повседневность,0.535619,False,Захаровский,Захаровский муниципальный район,муниципальный район,с Захарово,Рязанская область,54.370804,39.281532,True,1,1.000000,0.506132,0.369210,0,24,ядро типа,-0.284870,400.500000,0.039319,0.242380,0.012888,0.514873,0.027208,75.211177,False,0
1851,2024-12,1,Цифровая повседневность,0.506433,False,Кадомский,Кадомский муниципальный район,муниципальный район,рп Кадом,Рязанская область,54.559131,42.468303,True,1,1.000000,0.512739,0.453947,0,24,ядро типа,-0.194561,366.200000,0.043811,0.280625,0.004448,0.458674,0.032971,82.319634,False,0
1852,2024-12,1,Цифровая повседневность,0.608754,False,Касимовский,Касимовский муниципальный район,муниципальный район,г Касимов,Рязанская область,54.939178,41.406537,True,1,1.000000,0.612799,0.419694,0,24,ядро типа,-0.123573,404.000000,0.042411,0.251993,0.012535,0.443992,0.036213,88.375671,False,0
1853,2024-12,1,Цифровая повседневность,0.632080,False,Клепиковский,Клепиковский муниципальный район,муниципальный район,г Спас-Клепики,Рязанская область,55.130867,40.176037,True,1,1.000000,0.620946,0.566171,0,24,ядро типа,-0.118156,404.300000,0.043706,0.245160,0.010320,0.463584,0.039169,88.855723,False,0
1854,2024-12,1,Цифровая повседневность,0.540416,False,Кораблинский,Кораблинский муниципальный район,муниципальный район,г Кораблино,Рязанская область,53.926897,40.034462,True,1,1.000000,0.528034,0.427870,0,24,ядро типа,-0.136117,387.000000,0.038010,0.263425,0.007122,0.439653,0.039597,87.274014,False,0
1855,2024-12,1,Цифровая повседневность,0.599268,False,Милославский,Милославский муниципальный район,муниципальный район,рп Милославское,Рязанская область,53.579839,39.445062,True,1,1.000000,0.522251,0.454827,0,24,ядро типа,-0.153653,383.200000,0.038001,0.240455,0.003624,0.486328,0.035453,85.756928,False,0
1856,2024-12,1,Цифровая повседневность,0.675975,False,Михайловский,Михайловский муниципальный район,муниципальный район,г Михайлов,Рязанская область,54.244399,39.047358,True,1,1.000000,0.621169,0.541680,0,24,ядро типа,-0.107066,403.300000,0.044388,0.233688,0.008426,0.451382,0.043943,89.846599,False,0
1857,2024-12,1,Цифровая повседневность,0.518093,False,Александро-Невский,Александро-Невский муниципальный район,муниципальный район,рп Александро-Невский,Рязанская область,53.475301,40.205710,True,1,1.000000,0.466128,0.363134,0,24,ядро типа,-0.065933,382.500000,0.034809,0.264044,0.009072,0.450186,0.043553,93.619313,False,0
1858,2024-12,1,Цифровая повседневность,0.720280,False,Пителинский,Пителинский муниципальный район,муниципальный район,рп Пителино,Рязанская область,54.575684,41.814919,True,1,1.000000,0.466517,0.328224,0,24,ядро типа,-0.087497,376.600000,0.041849,0.204037,0.010042,0.477934,0.036307,91.622175,False,0
1859,2024-12,1,Цифровая повседневность,0.540167,False,Пронский,Пронский муниципальный район,муниципальный район,рп Пронск,Рязанская область,54.121353,39.605293,True,1,1.000000,0.546177,0.485129,0,24,ядро типа,-0.128775,392.200000,0.050718,0.255408,0.020336,0.454743,0.031187,87.917160,False,0
1860,2024-12,1,Цифровая повседневность,0.676608,False,Путятинский,Путятинский муниципальный округ,муниципальный округ,с Путятино,Рязанская область,54.160557,41.121109,True,1,1.000000,0.527960,0.377042,0,24,ядро типа,-0.206935,383.500000,0.040989,0.226478,0.010219,0.474869,0.036939,81.307218,False,0
1861,2024-12,1,Цифровая повседневность,0.443845,False,Рыбновский,Рыбновский муниципальный район,муниципальный район,г Рыбное,Рязанская область,54.726841,39.508861,True,1,1.000000,0.501393,0.417241,0,24,ядро типа,0.079857,416.100000,0.043525,0.227627,0.040798,0.411927,0.036849,108.313203,False,0
1862,2024-12,1,Цифровая повседневность,0.621223,False,Ряжский,Ряжский муниципальный округ,муниципальный округ,г Ряжск,Рязанская область,53.708878,40.062984,True,1,1.000000,0.602239,0.467215,0,24,ядро типа,0.013555,386.800000,0.040285,0.240376,0.012690,0.445264,0.039010,101.364762,False,0
1863,2024-12,3,Крупные центры,0.100931,False,Рязанский,Рязанский муниципальный район,муниципальный район,г Рязань,Рязанская область,54.627536,39.740172,True,3,0.875000,0.178864,0.020459,1,21,устойчивый,0.236942,648.600000,0.045356,0.204273,0.032463,0.390312,0.058274,126.736725,False,1
1864,2024-12,1,Цифровая повседневность,0.530853,False,Сапожковский,Сапожковский муниципальный район,муниципальный район,рп Сапожок,Рязанская область,53.943381,40.682607,True,1,1.000000,0.504632,0.405507,0,24,ядро типа,-0.083742,379.200000,0.049555,0.267015,0.004149,0.457907,0.044134,91.966827,False,0
1865,2024-12,1,Цифровая повседневность,0.609610,False,Сараевский,Сараевский муниципальный район,муниципальный район,рп Сараи,Рязанская область,53.721237,40.996713,True,1,1.000000,0.531327,0.464972,0,24,ядро типа,-0.156600,373.300000,0.040992,0.250018,0.006118,0.479594,0.043835,85.504593,False,0
1868,2024-12,1,Цифровая повседневность,0.625962,False,Спасский,Спасский муниципальный район,муниципальный район,г Спасск-Рязанский,Рязанская область,54.407880,40.380539,True,1,1.000000,0.603594,0.485558,0,24,ядро типа,-0.173477,389.100000,0.042056,0.242414,0.008711,0.475605,0.037188,84.073669,False,0
1869,2024-12,1,Цифровая повседневность,0.373511,False,Старожиловский,Старожиловский муниципальный район,муниципальный район,рп Старожилово,Рязанская область,54.228333,39.911388,True,1,1.000000,0.490988,0.373251,0,24,ядро типа,-0.195645,394.600000,0.029077,0.301512,0.007559,0.443530,0.031772,82.230394,False,0
1870,2024-12,1,Цифровая повседневность,0.507305,False,Ухоловский,Ухоловский муниципальный район,муниципальный район,рп Ухолово,Рязанская область,53.791138,40.488274,True,1,1.000000,0.477725,0.373258,0,24,ядро типа,-0.249064,382.500000,0.050450,0.271317,0.004698,0.451366,0.052819,77.953010,False,0
1871,2024-12,1,Цифровая повседневность,0.529202,False,Чучковский,Чучковский муниципальный район,муниципальный район,рп Чучково,Рязанская область,54.268522,41.447993,True,1,1.000000,0.415600,0.352212,0,24,ядро типа,-0.216557,371.200000,0.044862,0.256563,0.004662,0.479040,0.025259,80.528672,False,0
1872,2024-12,1,Цифровая повседневность,0.570747,False,Шацкий,Шацкий муниципальный район,муниципальный район,г Шацк,Рязанская область,54.028687,41.712601,True,1,1.000000,0.523818,0.458521,0,24,ядро типа,-0.168839,379.700000,0.050095,0.251967,0.017670,0.451108,0.053155,84.464481,False,0
1873,2024-12,1,Цифровая повседневность,0.625605,False,Шиловский,Шиловский муниципальный район,муниципальный район,рп Шилово,Рязанская область,54.322656,40.887468,True,1,1.000000,0.569334,0.487934,0,24,ядро типа,-0.083107,385.400000,0.045043,0.240696,0.010299,0.459020,0.035178,92.025295,False,0
1874,2024-12,3,Крупные центры,0.629979,False,Самара,городской округ Самара,городской округ,г Самара,Самарская область,53.219465,50.203932,True,3,1.000000,0.715020,0.434836,0,24,ядро типа,0.339893,384.700000,0.052200,0.164838,0.056253,0.351800,0.059013,140.479744,False,0
1875,2024-12,1,Цифровая повседневность,0.181024,False,Жигулевск,городской округ Жигулевск,городской округ,г Жигулевск,Самарская область,53.400512,49.495566,True,1,1.000000,0.225268,0.100077,0,24,ядро типа,0.203965,351.400000,0.042335,0.192100,0.036739,0.398680,0.049612,122.625514,False,0
1876,2024-12,1,Цифровая повседневность,0.241931,False,Кинель,городской округ Кинель,городской округ,г Кинель,Самарская область,53.219738,50.633228,True,1,1.000000,0.300997,0.158420,0,24,ядро типа,0.201578,362.700000,0.042788,0.203451,0.035795,0.386100,0.051190,122.333174,False,0
1877,2024-12,3,Крупные центры,0.352449,False,Новокуйбышевск,городской округ Новокуйбышевск,городской округ,г Новокуйбышевск,Самарская область,53.099243,49.948364,True,3,0.875000,0.379482,0.135951,1,21,устойчивый,0.242680,348.100000,0.045024,0.187171,0.050577,0.363913,0.056250,127.466035,False,1
1878,2024-12,1,Цифровая повседневность,0.564658,False,Октябрьск,городской округ Октябрьск,городской округ,г Октябрьск,Самарская область,53.180550,48.746520,True,1,1.000000,0.541563,0.489561,0,24,ядро типа,-0.174392,350.600000,0.040079,0.220362,0.015130,0.418633,0.023080,83.996738,False,0
1879,2024-12,1,Цифровая повседневность,0.449588,False,Отрадный,городской округ Отрадный,городской округ,г Отрадный,Самарская область,53.376175,51.348053,True,1,1.000000,0.439043,0.364361,0,24,ядро типа,0.188615,338.800000,0.044570,0.194154,0.023674,0.406172,0.045461,120.757620,False,0
1880,2024-12,1,Цифровая повседневность,0.593328,False,Похвистнево,городской округ Похвистнево,городской округ,г Похвистнево,Самарская область,53.646797,52.123344,True,1,1.000000,0.606979,0.480611,0,24,ядро типа,0.012644,345.000000,0.049225,0.201489,0.019781,0.428137,0.049438,101.272445,False,0
1881,2024-12,1,Цифровая повседневность,0.106455,False,Сызрань,городской округ Сызрань,городской округ,г Сызрань,Самарская область,53.155380,48.474121,True,1,0.500000,0.083224,0.001023,6,2,пограничный,0.173104,362.700000,0.041488,0.183213,0.036415,0.387546,0.055593,118.898958,False,2
1883,2024-12,1,Цифровая повседневность,0.412152,False,Чапаевск,городской округ Чапаевск,городской округ,г Чапаевск,Самарская область,52.981285,49.711193,True,1,1.000000,0.465620,0.338316,0,24,ядро типа,0.153423,340.500000,0.044318,0.221064,0.035713,0.412512,0.050337,116.581786,False,0
1884,2024-12,1,Цифровая повседневность,0.573726,False,Алексеевский,Алексеевский муниципальный район,муниципальный район,с Алексеевка,Самарская область,52.583080,51.273315,True,1,1.000000,0.660998,0.542711,0,24,ядро типа,-0.073423,323.700000,0.041794,0.254305,0.007484,0.449199,0.036131,92.920776,False,0
1885,2024-12,1,Цифровая повседневность,0.561816,False,Безенчукский,Безенчукский муниципальный район,муниципальный район,пгт Безенчук,Самарская область,52.985322,49.432297,True,1,1.000000,0.586391,0.531635,0,24,ядро типа,0.004927,330.100000,0.042104,0.218820,0.032857,0.408213,0.038032,100.493899,False,0
1886,2024-12,1,Цифровая повседневность,0.504015,False,Богатовский,Богатовский муниципальный район,муниципальный район,с Богатое,Самарская область,53.057625,51.333107,True,1,1.000000,0.618684,0.483771,0,24,ядро типа,-0.113216,332.700000,0.039045,0.266524,0.012199,0.432008,0.033462,89.295770,False,0
1887,2024-12,1,Цифровая повседневность,0.662829,False,Большеглушицкий,Большеглушицкий муниципальный район,муниципальный район,с Большая Глушица,Самарская область,52.392174,50.472316,True,1,1.000000,0.618773,0.474951,0,24,ядро типа,-0.113906,325.900000,0.044520,0.228843,0.006725,0.413787,0.052383,89.234225,False,0
1888,2024-12,1,Цифровая повседневность,0.533417,False,Большечерниговский,Большечерниговский муниципальный район,муниципальный район,с Большая Черниговка,Самарская область,52.095109,50.867893,True,1,1.000000,0.625334,0.517562,0,24,ядро типа,-0.106964,318.800000,0.038973,0.247911,0.014212,0.377603,0.047637,89.855831,False,0
1889,2024-12,1,Цифровая повседневность,0.486076,False,Борский,Борский муниципальный район,муниципальный район,с Борское,Самарская область,53.025925,51.698658,True,1,1.000000,0.642105,0.475446,0,24,ядро типа,-0.052806,328.900000,0.038378,0.268289,0.008954,0.437210,0.032247,94.856369,False,0
1890,2024-12,3,Крупные центры,0.487954,False,Волжский,Волжский муниципальный район,муниципальный район,г Самара,Самарская область,53.219465,50.203932,True,3,1.000000,0.484808,0.053148,0,24,ядро типа,0.311521,773.600000,0.042773,0.193402,0.054041,0.358724,0.062131,136.550090,False,0
1891,2024-12,1,Цифровая повседневность,0.586531,False,Елховский,Елховский муниципальный район,муниципальный район,с Елховка,Самарская область,53.866994,50.288902,True,1,1.000000,0.654100,0.464627,0,24,ядро типа,-0.245046,349.500000,0.038492,0.262680,0.005780,0.432728,0.044783,78.266890,False,0
1892,2024-12,1,Цифровая повседневность,0.722889,False,Исаклинский,Исаклинский муниципальный район,муниципальный район,с Исаклы,Самарская область,54.132714,51.534022,True,1,1.000000,0.661220,0.546235,0,24,ядро типа,-0.244535,340.500000,0.038394,0.223641,0.008685,0.479585,0.043149,78.306895,False,0
1893,2024-12,1,Цифровая повседневность,0.668727,False,Камышлинский,Камышлинский муниципальный район,муниципальный район,с Камышла,Самарская область,54.112331,52.144077,True,1,1.000000,0.597780,0.397794,0,24,ядро типа,-0.243396,337.900000,0.045219,0.208981,0.023748,0.398061,0.048673,78.396135,False,0
1894,2024-12,1,Цифровая повседневность,0.511053,False,Кинельский,Кинельский муниципальный район,муниципальный район,г Кинель,Самарская область,53.219738,50.633228,True,1,1.000000,0.549412,0.414570,0,24,ядро типа,-0.212096,377.800000,0.038119,0.272655,0.012516,0.440463,0.039983,80.888711,False,0
1895,2024-12,1,Цифровая повседневность,0.790925,False,Кинель-Черкасский,Кинель-Черкасский муниципальный район,муниципальный район,с Кинель-Черкассы,Самарская область,53.464434,51.475508,True,1,1.000000,0.719870,0.605912,0,24,ядро типа,-0.105458,336.700000,0.043564,0.219737,0.013233,0.444365,0.038811,89.991230,False,0
1896,2024-12,1,Цифровая повседневность,0.742264,False,Клявлинский,Клявлинский муниципальный район,муниципальный район,ж/д ст Клявлино,Самарская область,54.264850,52.026224,True,1,1.000000,0.690881,0.572192,0,24,ядро типа,-0.203007,336.700000,0.043957,0.226457,0.008143,0.479605,0.045729,81.627252,False,0
1897,2024-12,1,Цифровая повседневность,0.854081,False,Кошкинский,Кошкинский муниципальный район,муниципальный район,с Кошки,Самарская область,54.204337,50.470483,True,1,1.000000,0.729280,0.598571,0,24,ядро типа,-0.148856,345.200000,0.043997,0.213485,0.013142,0.455860,0.045104,86.169280,False,0
1898,2024-12,1,Цифровая повседневность,0.539030,False,Красноармейский,Красноармейский муниципальный район,муниципальный район,с Красноармейское,Самарская область,52.711071,50.033352,True,1,1.000000,0.598787,0.503950,0,24,ядро типа,-0.161615,334.800000,0.043513,0.261367,0.008247,0.426665,0.029298,85.076854,False,0
1899,2024-12,1,Цифровая повседневность,0.577176,False,Красноярский,Красноярский муниципальный район,муниципальный район,с Красный Яр,Самарская область,53.493591,50.393488,True,1,1.000000,0.580194,0.510158,0,24,ядро типа,0.033245,354.000000,0.043310,0.230957,0.021729,0.391368,0.041762,103.380364,False,0
1900,2024-12,1,Цифровая повседневность,0.602468,False,Нефтегорский,Нефтегорский муниципальный район,муниципальный район,г Нефтегорск,Самарская область,52.803810,51.163864,True,1,1.000000,0.586856,0.497941,0,24,ядро типа,0.049806,330.100000,0.042774,0.226519,0.014317,0.416823,0.032849,105.106704,False,0
1901,2024-12,1,Цифровая повседневность,0.744359,False,Пестравский,Пестравский муниципальный район,муниципальный район,с Пестравка,Самарская область,52.410597,49.949133,True,1,1.000000,0.742357,0.567239,0,24,ядро типа,-0.100954,328.500000,0.044730,0.222222,0.007319,0.446112,0.038705,90.397427,False,0
1902,2024-12,1,Цифровая повседневность,0.620454,False,Похвистневский,Похвистневский муниципальный район,муниципальный район,г Похвистнево,Самарская область,53.646797,52.123344,True,1,1.000000,0.675482,0.491628,0,24,ядро типа,-0.214190,345.900000,0.036789,0.240212,0.007777,0.453662,0.032862,80.719462,False,0
1903,2024-12,1,Цифровая повседневность,0.576520,False,Приволжский,Приволжский муниципальный район,муниципальный район,с Приволжье,Самарская область,52.859441,48.601577,True,1,1.000000,0.660228,0.555387,0,24,ядро типа,-0.059936,319.000000,0.038653,0.253480,0.009149,0.436483,0.042704,94.182450,False,0
1904,2024-12,1,Цифровая повседневность,0.829788,False,Сергиевский,Сергиевский муниципальный район,муниципальный район,с Сергиевск,Самарская область,53.941280,51.165012,True,1,1.000000,0.755326,0.614507,0,24,ядро типа,-0.053390,343.100000,0.044795,0.205732,0.017204,0.436329,0.044795,94.800979,False,0
1905,2024-12,3,Крупные центры,0.151138,False,Ставропольский,Ставропольский муниципальный район,муниципальный район,г Тольятти,Самарская область,53.514988,49.407332,True,3,0.750000,0.144033,0.001214,1,18,устойчивый,0.236092,639.700000,0.036039,0.200559,0.037789,0.371203,0.062066,126.629022,False,1
1906,2024-12,1,Цифровая повседневность,0.189385,False,Сызранский,Сызранский муниципальный район,муниципальный район,г Сызрань,Самарская область,53.155380,48.474121,True,1,1.000000,0.309479,0.156706,0,24,ядро типа,0.030323,444.900000,0.040242,0.198077,0.034690,0.393946,0.064424,103.078793,False,0
1907,2024-12,1,Цифровая повседневность,0.544219,False,Хворостянский,Хворостянский муниципальный район,муниципальный район,с Хворостянка,Самарская область,52.617241,48.953163,True,1,1.000000,0.674697,0.533388,0,24,ядро типа,-0.106245,324.200000,0.037405,0.263270,0.010609,0.442901,0.042709,89.920453,False,0
1908,2024-12,1,Цифровая повседневность,0.661621,False,Челно-Вершинский,Челно-Вершинский муниципальный район,муниципальный район,с Челно-Вершины,Самарская область,54.419782,51.081700,True,1,1.000000,0.614853,0.523437,0,24,ядро типа,-0.223882,340.500000,0.045577,0.245977,0.007044,0.460928,0.036569,79.940917,False,0
1909,2024-12,1,Цифровая повседневность,0.693399,False,Шенталинский,Шенталинский муниципальный район,муниципальный район,ж/д ст Шентала,Самарская область,54.437423,51.463721,True,1,1.000000,0.650197,0.586024,0,24,ядро типа,-0.199094,340.700000,0.048629,0.194330,0.010477,0.470484,0.048442,81.947287,False,0
1910,2024-12,1,Цифровая повседневность,0.537287,False,Шигонский,Шигонский муниципальный район,муниципальный район,с Шигоны,Самарская область,53.387000,48.678200,True,1,1.000000,0.660747,0.537287,0,24,ядро типа,-0.113492,349.000000,0.045846,0.274940,0.011479,0.420510,0.039366,89.271152,False,0
1912,2024-12,1,Цифровая повседневность,0.547093,False,Шиханы,городской округ город Шиханы,городской округ,г Шиханы,Саратовская область,52.114838,47.198475,True,1,1.000000,0.646709,0.498656,0,24,ядро типа,0.123223,341.400000,0.042113,0.248409,0.020921,0.400865,0.041841,113.113720,False,0
1915,2024-12,1,Цифровая повседневность,0.692884,False,Александрово-Гайский,Александрово-Гайский муниципальный район,муниципальный район,с Александров Гай,Саратовская область,50.142460,48.568436,True,1,1.000000,0.640088,0.523603,0,24,ядро типа,-0.292221,300.400000,0.042618,0.232380,0.008820,0.436403,0.045380,74.660348,False,0
1916,2024-12,1,Цифровая повседневность,0.722527,False,Аркадакский,Аркадакский муниципальный район,муниципальный район,г Аркадак,Саратовская область,51.942913,43.489098,True,1,1.000000,0.586785,0.501263,0,24,ядро типа,-0.202140,347.300000,0.045651,0.228144,0.014351,0.456025,0.048665,81.698029,False,0
1917,2024-12,1,Цифровая повседневность,0.673059,False,Аткарский,Аткарский муниципальный район,муниципальный район,г Аткарск,Саратовская область,51.875021,44.997499,True,1,1.000000,0.624735,0.502330,0,24,ядро типа,-0.201500,345.000000,0.051005,0.218814,0.015019,0.449296,0.039562,81.750342,False,0
1918,2024-12,1,Цифровая повседневность,0.693236,False,Базарно-Карабулакский,Базарно-Карабулакский муниципальный район,муниципальный район,рп Базарный Карабулак,Саратовская область,52.277653,46.410679,True,1,1.000000,0.598555,0.472376,0,24,ядро типа,-0.316459,344.700000,0.047000,0.209831,0.009797,0.481483,0.042228,72.872463,False,0
1919,2024-12,1,Цифровая повседневность,0.160920,False,Балаковский,Балаковский муниципальный район,муниципальный район,г Балаково,Саратовская область,52.018120,47.819141,True,1,1.000000,0.172100,0.053363,0,24,ядро типа,0.151653,337.200000,0.045613,0.174890,0.038421,0.399439,0.052171,116.375610,False,0
1920,2024-12,1,Цифровая повседневность,0.436281,False,Балашовский,Балашовский муниципальный район,муниципальный район,г Балашов,Саратовская область,51.554672,43.143073,True,1,1.000000,0.397775,0.298088,0,24,ядро типа,0.004651,347.800000,0.051611,0.202034,0.031702,0.403700,0.057860,100.466204,False,0
1921,2024-12,1,Цифровая повседневность,0.740769,False,Балтайский,Балтайский муниципальный район,муниципальный район,с Балтай,Саратовская область,52.468105,46.628967,True,1,1.000000,0.623026,0.486258,0,24,ядро типа,-0.228938,343.600000,0.042442,0.226680,0.006152,0.458312,0.046311,79.537796,False,0
1922,2024-12,1,Цифровая повседневность,0.522844,False,Вольский,Вольский муниципальный район,муниципальный район,г Вольск,Саратовская область,52.042755,47.386032,True,1,1.000000,0.600051,0.472888,0,24,ядро типа,0.035742,340.000000,0.040916,0.199323,0.028415,0.411651,0.051219,103.638853,False,0
1923,2024-12,1,Цифровая повседневность,0.637526,False,Воскресенский,Воскресенский муниципальный район,муниципальный район,с Воскресенское,Саратовская область,51.823921,46.931858,True,1,1.000000,0.510476,0.416789,0,24,ядро типа,-0.296972,336.500000,0.039218,0.245621,0.005342,0.462335,0.036733,74.306464,False,0
1924,2024-12,1,Цифровая повседневность,0.528603,False,Дергачевский,Дергачевский муниципальный район,муниципальный район,рп Дергачи,Саратовская область,51.235374,48.768578,True,1,1.000000,0.467518,0.343783,0,24,ядро типа,-0.339959,318.100000,0.052051,0.234274,0.013099,0.438070,0.058406,71.179973,False,0
1925,2024-12,1,Цифровая повседневность,0.680202,False,Духовницкий,Духовницкий муниципальный район,муниципальный район,рп Духовницкое,Саратовская область,52.479316,48.202135,True,1,1.000000,0.596029,0.416330,0,24,ядро типа,-0.291068,324.400000,0.048497,0.211939,0.022520,0.487937,0.043434,74.746511,False,0
1926,2024-12,1,Цифровая повседневность,0.702659,False,Екатериновский,Екатериновский муниципальный район,муниципальный район,рп Екатериновка,Саратовская область,52.053605,44.349859,True,1,1.000000,0.573456,0.390533,0,24,ядро типа,-0.186333,346.200000,0.046159,0.225382,0.006488,0.431151,0.050571,82.999708,False,0
1927,2024-12,1,Цифровая повседневность,0.615725,False,Ершовский,Ершовский муниципальный район,муниципальный район,г Ершов,Саратовская область,51.349793,48.265733,True,1,1.000000,0.520229,0.401814,0,24,ядро типа,-0.248709,325.900000,0.048380,0.220433,0.015390,0.427884,0.055759,77.980706,False,0
1928,2024-12,1,Цифровая повседневность,0.627514,False,Ивантеевский,Ивантеевский муниципальный район,муниципальный район,с Ивантеевка,Саратовская область,52.269524,49.107063,True,1,1.000000,0.693728,0.573646,0,24,ядро типа,-0.199282,331.100000,0.049390,0.246272,0.005784,0.452244,0.044545,81.931900,False,0
1929,2024-12,1,Цифровая повседневность,0.746208,False,Калининский,Калининский муниципальный район,муниципальный район,г Калининск,Саратовская область,51.499947,44.484581,True,1,1.000000,0.634213,0.534913,0,24,ядро типа,-0.200635,342.600000,0.046711,0.212080,0.012900,0.455715,0.049645,81.821119,False,0
1930,2024-12,1,Цифровая повседневность,0.796341,False,Красноармейский,Красноармейский муниципальный район,муниципальный район,г Красноармейск,Саратовская область,51.025776,45.692520,True,1,1.000000,0.818122,0.729721,0,24,ядро типа,-0.137176,338.800000,0.042639,0.222195,0.016095,0.433271,0.047157,87.181696,False,0
1931,2024-12,1,Цифровая повседневность,0.635156,False,Краснокутский,Краснокутский муниципальный район,муниципальный район,г Красный Кут,Саратовская область,50.945906,46.972462,True,1,1.000000,0.586462,0.505825,0,24,ядро типа,-0.189713,325.400000,0.048585,0.229716,0.018787,0.415721,0.036978,82.719678,False,0
1932,2024-12,1,Цифровая повседневность,0.716549,False,Краснопартизанский,Краснопартизанский муниципальный район,муниципальный район,рп Горный,Саратовская область,51.756121,48.538533,True,1,1.000000,0.646442,0.555954,0,24,ядро типа,-0.232775,328.200000,0.043149,0.238582,0.012273,0.459880,0.042566,79.233148,False,0
1933,2024-12,1,Цифровая повседневность,0.473111,False,Лысогорский,Лысогорский муниципальный район,муниципальный район,рп Лысые Горы,Саратовская область,51.544968,44.836826,True,1,1.000000,0.571051,0.457497,0,24,ядро типа,-0.233164,342.600000,0.043943,0.291981,0.003846,0.419147,0.042156,79.202376,False,0
1934,2024-12,1,Цифровая повседневность,0.649432,False,Марксовский,Марксовский муниципальный район,муниципальный район,г Маркс,Саратовская область,51.706991,46.748365,True,1,1.000000,0.617532,0.523437,0,24,ядро типа,-0.055307,342.900000,0.047483,0.214225,0.023969,0.404514,0.044198,94.619421,False,0
1935,2024-12,1,Цифровая повседневность,0.648795,False,Новобурасский,Новобурасский муниципальный район,муниципальный район,рп Новые Бурасы,Саратовская область,52.129726,46.076084,True,1,1.000000,0.474273,0.319960,0,24,ядро типа,-0.304162,346.900000,0.049345,0.224869,0.004797,0.440936,0.049762,73.774099,False,0
1936,2024-12,1,Цифровая повседневность,0.484752,False,Новоузенский,Новоузенский муниципальный район,муниципальный район,г Новоузенск,Саратовская область,50.462326,48.135532,True,1,1.000000,0.431611,0.395177,0,24,ядро типа,-0.258424,308.100000,0.044111,0.231670,0.036261,0.384723,0.056742,77.226778,False,0
1937,2024-12,1,Цифровая повседневность,0.539630,False,Озинский,Озинский муниципальный район,муниципальный район,рп Озинки,Саратовская область,51.198559,49.726540,True,1,1.000000,0.507634,0.382698,0,24,ядро типа,-0.216137,313.300000,0.039610,0.253323,0.013293,0.392704,0.051299,80.562522,False,0
1938,2024-12,1,Цифровая повседневность,0.668467,False,Перелюбский,Перелюбский муниципальный район,муниципальный район,с Перелюб,Саратовская область,51.858570,50.344826,True,1,1.000000,0.596610,0.404850,0,24,ядро типа,-0.260858,320.000000,0.043899,0.233433,0.004354,0.426044,0.038306,77.039066,False,0
1939,2024-12,1,Цифровая повседневность,0.745869,False,Петровский,Петровский муниципальный район,муниципальный район,г Петровск,Саратовская область,52.309449,45.388983,True,1,1.000000,0.709773,0.591417,0,24,ядро типа,-0.231572,349.200000,0.044998,0.208619,0.021335,0.438923,0.039528,79.328543,False,0
1940,2024-12,1,Цифровая повседневность,0.623527,False,Питерский,Питерский муниципальный район,муниципальный район,с Питерка,Саратовская область,50.678619,47.443729,True,1,1.000000,0.496307,0.378494,0,24,ядро типа,-0.246738,315.900000,0.047852,0.246426,0.008349,0.447718,0.038833,78.134568,False,0
1941,2024-12,1,Цифровая повседневность,0.726611,False,Пугачевский,Пугачевский муниципальный район,муниципальный район,г Пугачев,Саратовская область,52.012125,48.810980,True,1,1.000000,0.720100,0.660515,0,24,ядро типа,-0.113251,331.500000,0.047834,0.205741,0.013957,0.437123,0.050315,89.292693,False,0
1942,2024-12,1,Цифровая повседневность,0.624142,False,Ровенский,Ровенский муниципальный район,муниципальный район,рп Ровное,Саратовская область,50.775948,46.057549,True,1,1.000000,0.628174,0.444929,0,24,ядро типа,-0.372071,328.200000,0.046071,0.236518,0.019062,0.426384,0.049598,68.930500,False,0
1943,2024-12,1,Цифровая повседневность,0.539139,False,Романовский,Романовский муниципальный район,муниципальный район,рп Романовка,Саратовская область,51.741028,42.755724,True,1,1.000000,0.516066,0.399808,0,24,ядро типа,-0.322814,348.100000,0.052994,0.256343,0.006460,0.442438,0.047384,72.410875,False,0
1944,2024-12,1,Цифровая повседневность,0.779491,False,Ртищевский,Ртищевский муниципальный район,муниципальный район,г Ртищево,Саратовская область,52.259906,43.787743,True,1,1.000000,0.665856,0.556906,0,24,ядро типа,-0.169750,352.500000,0.045765,0.207381,0.015972,0.442767,0.044889,84.387549,False,0
1945,2024-12,1,Цифровая повседневность,0.489870,False,Самойловский,Самойловский муниципальный район,муниципальный район,рп Самойловка,Саратовская область,51.186000,43.706763,True,1,1.000000,0.467159,0.377234,0,24,ядро типа,-0.216060,340.500000,0.055764,0.258651,0.007524,0.425636,0.048201,80.568677,False,0
1947,2024-12,1,Цифровая повседневность,0.593694,False,Советский,Советский муниципальный район,муниципальный район,рп Степное,Саратовская область,51.378075,46.844463,True,1,1.000000,0.621815,0.506550,0,24,ядро типа,-0.228667,334.100000,0.047652,0.223254,0.015588,0.448248,0.026147,79.559337,False,0
1948,2024-12,1,Цифровая повседневность,0.832277,False,Татищевский,Татищевский муниципальный район,муниципальный район,рп Татищево,Саратовская область,51.672623,45.594700,True,1,1.000000,0.780147,0.669003,0,24,ядро типа,-0.178835,350.600000,0.039264,0.209384,0.018215,0.437645,0.046072,83.624390,False,0
1949,2024-12,1,Цифровая повседневность,0.607231,False,Турковский,Турковский муниципальный район,муниципальный район,рп Турки,Саратовская область,51.992759,43.274540,True,1,1.000000,0.482481,0.361541,0,24,ядро типа,-0.148071,345.500000,0.052633,0.217492,0.012240,0.439302,0.050956,86.236979,False,0
1950,2024-12,1,Цифровая повседневность,0.765424,False,Федоровский,Федоровский муниципальный район,муниципальный район,рп Мокроус,Саратовская область,51.237442,47.514740,True,1,1.000000,0.673814,0.558109,0,24,ядро типа,-0.210461,329.400000,0.043146,0.217555,0.020244,0.427437,0.040905,81.021033,False,0
1951,2024-12,1,Цифровая повседневность,0.695419,False,Хвалынский,Хвалынский муниципальный район,муниципальный район,г Хвалынск,Саратовская область,52.495499,48.105888,True,1,1.000000,0.624829,0.535766,0,24,ядро типа,-0.199770,341.000000,0.043965,0.239554,0.014617,0.435969,0.040696,81.891896,False,0
1952,2024-12,3,Крупные центры,0.310539,False,Энгельсский,Энгельсский муниципальный район,муниципальный район,г Энгельс,Саратовская область,51.501377,46.123309,True,3,1.000000,0.418577,0.110972,0,24,ядро типа,0.169370,358.000000,0.049202,0.172157,0.043903,0.367720,0.060217,118.455834,False,0
1954,2024-12,2,Автономные локальные центры,0.368960,False,Александровск-Сахалинский,городской округ Александровск-Сахалинский район,городской округ,г Александровск-Сахалинский,Сахалинская область,50.897498,142.159167,True,2,1.000000,0.376237,0.324219,0,24,ядро типа,0.254320,126.300000,0.032405,0.114444,0.005536,0.504689,0.042022,128.958503,False,0
1955,2024-12,2,Автономные локальные центры,0.430273,False,Анивский,городской округ Анивский,городской округ,г Анива,Сахалинская область,46.714777,142.527515,True,2,1.000000,0.506043,0.413968,0,24,ядро типа,0.523342,134.600000,0.028500,0.092099,0.038255,0.414091,0.073264,168.765867,False,0
1956,2024-12,2,Автономные локальные центры,0.456755,False,Долинский,городской округ Долинский,городской округ,г Долинск,Сахалинская область,47.324146,142.797936,True,2,1.000000,0.522726,0.379363,0,24,ядро типа,0.168070,133.400000,0.027182,0.117808,0.023697,0.442306,0.037821,118.301971,False,0
1957,2024-12,2,Автономные локальные центры,0.471528,False,Корсаковский,городской округ Корсаковский,городской округ,г Корсаков,Сахалинская область,46.632815,142.781015,True,2,1.000000,0.539954,0.471528,0,24,ядро типа,0.444932,133.900000,0.033309,0.093577,0.040192,0.407380,0.056205,156.038343,False,0
1958,2024-12,2,Автономные локальные центры,0.408474,False,Курильский,городской округ Курильский,городской округ,г Курильск,Сахалинская область,45.229041,147.875184,True,2,1.000000,0.450235,0.367340,0,24,ядро типа,0.732535,134.400000,0.031980,0.072866,0.027765,0.442622,0.052438,208.034711,False,0
1959,2024-12,2,Автономные локальные центры,0.415592,False,Макаровский,городской округ Макаровский,городской округ,г Макаров,Сахалинская область,48.624253,142.781400,True,2,1.000000,0.439879,0.364268,0,24,ядро типа,0.164082,130.600000,0.027970,0.127889,0.017080,0.488731,0.041367,117.831151,False,0
1960,2024-12,2,Автономные локальные центры,0.443883,False,Невельский,городской округ Невельский,городской округ,г Невельск,Сахалинская область,46.687780,141.860114,True,2,1.000000,0.508353,0.418293,0,24,ядро типа,0.269124,134.100000,0.031506,0.120051,0.011497,0.475407,0.041404,130.881787,False,0
1961,2024-12,2,Автономные локальные центры,0.534699,False,Ногликский,городской округ Ногликский,городской округ,пгт Ноглики,Сахалинская область,51.795362,143.136508,True,2,1.000000,0.524997,0.499824,0,24,ядро типа,0.541806,125.400000,0.034172,0.126143,0.034530,0.409595,0.051105,171.910821,False,0
1962,2024-12,2,Автономные локальные центры,0.476096,False,Охинский,городской округ Охинский,городской округ,г Оха,Сахалинская область,53.589199,142.949684,True,2,1.000000,0.496839,0.472815,0,24,ядро типа,0.485682,122.800000,0.032812,0.115950,0.024368,0.465446,0.041976,162.528272,False,0
1963,2024-12,2,Автономные локальные центры,0.435510,False,Поронайский,городской округ Поронайский,городской округ,г Поронайск,Сахалинская область,49.221637,143.101576,True,2,1.000000,0.481715,0.424292,0,24,ядро типа,0.280370,129.400000,0.028991,0.106503,0.022086,0.472601,0.046777,132.361947,False,0
1965,2024-12,2,Автономные локальные центры,0.375878,False,Смирныховский,городской округ Смирныховский,городской округ,пгт Смирных,Сахалинская область,49.742353,142.832007,True,2,1.000000,0.379044,0.306037,0,24,ядро типа,0.177236,128.500000,0.029306,0.111140,0.013197,0.508248,0.042657,119.391319,False,0
1966,2024-12,2,Автономные локальные центры,0.439981,False,Томаринский,городской округ Томаринский,городской округ,г Томари,Сахалинская область,47.761209,142.063478,True,2,1.000000,0.368984,0.262287,0,24,ядро типа,0.196206,132.700000,0.029994,0.124276,0.018108,0.500873,0.051061,121.677719,False,0
1967,2024-12,2,Автономные локальные центры,0.410125,False,Тымовский,городской округ Тымовский,городской округ,пгт Тымовское,Сахалинская область,50.845556,142.655000,True,2,1.000000,0.453718,0.405512,0,24,ядро типа,0.345267,126.800000,0.028172,0.106347,0.009717,0.478114,0.055930,141.236749,False,0
1968,2024-12,2,Автономные локальные центры,0.476917,False,Углегорский,городской округ Углегорский,городской округ,г Углегорск,Сахалинская область,49.079296,142.063362,True,2,1.000000,0.496038,0.433036,0,24,ядро типа,0.414111,129.900000,0.032013,0.125346,0.024528,0.477262,0.042690,151.302448,False,0
1969,2024-12,2,Автономные локальные центры,0.473877,False,Холмский,городской округ Холмский,городской округ,г Холмск,Сахалинская область,47.054587,142.048712,True,2,1.000000,0.535636,0.472425,0,24,ядро типа,0.198555,135.500000,0.030782,0.102816,0.025004,0.445224,0.045340,121.963904,False,0
1970,2024-12,2,Автономные локальные центры,0.403166,False,Южно-Курильский,городской округ Южно-Курильский,городской округ,пгт Южно-Курильск,Сахалинская область,44.027076,145.861372,True,2,1.000000,0.384137,0.272634,0,24,ядро типа,0.634011,134.600000,0.032598,0.136906,0.039960,0.443871,0.020339,188.515686,False,0
1971,2024-12,3,Крупные центры,0.411698,False,Екатеринбург,городской округ город Екатеринбург,городской округ,г Екатеринбург,Свердловская область,56.839104,60.608250,True,3,1.000000,0.544487,0.411698,0,24,ядро типа,0.440108,298.500000,0.054555,0.138656,0.058558,0.349048,0.063373,155.287492,False,0
1972,2024-12,1,Цифровая повседневность,0.127253,False,Алапаевск,городской округ город Алапаевск,городской округ,г Алапаевск,Свердловская область,57.850811,61.695000,True,1,1.000000,0.208103,0.043143,0,24,ядро типа,0.136493,295.200000,0.045048,0.165696,0.026846,0.437945,0.040860,114.624652,False,0
1973,2024-12,1,Цифровая повседневность,0.314942,False,Артемовский,городской округ Артемовский,городской округ,г Артемовский,Свердловская область,57.343185,61.877504,True,1,1.000000,0.295947,0.149139,0,24,ядро типа,0.051093,293.300000,0.041842,0.179503,0.022895,0.426579,0.037018,105.242103,False,0
1974,2024-12,2,Автономные локальные центры,0.176305,False,Асбестовский,городской округ Асбестовский,городской округ,г Асбест,Свердловская область,57.005275,61.458076,True,2,1.000000,0.180122,0.005445,0,24,ядро типа,0.232098,299.600000,0.043698,0.162202,0.039038,0.418460,0.045113,126.124352,False,0
1975,2024-12,1,Цифровая повседневность,0.285238,False,Малышевский,городской округ Малышевский,городской округ,рп Малышева,Свердловская область,57.116123,61.397663,True,1,1.000000,0.354916,0.057708,0,24,ядро типа,-0.011000,297.000000,0.033042,0.209763,0.016397,0.394885,0.022059,98.906036,False,0
1976,2024-12,1,Цифровая повседневность,0.364743,False,Рефтинский,городской округ Рефтинский,городской округ,рп Рефтинский,Свердловская область,57.091530,61.678349,True,1,1.000000,0.308312,0.144017,0,24,ядро типа,0.082269,296.600000,0.037298,0.208911,0.018196,0.419210,0.026812,108.574770,False,0
1977,2024-12,3,Крупные центры,0.359015,False,Березовский,городской округ Березовский,городской округ,г Березовский,Свердловская область,56.909787,60.812025,True,3,1.000000,0.486303,0.283278,0,24,ядро типа,0.348682,324.000000,0.051592,0.163829,0.048204,0.375516,0.062991,141.719878,False,0
1978,2024-12,1,Цифровая повседневность,0.144655,True,Богданович,городской округ Богданович,городской округ,г Богданович,Свердловская область,56.768341,62.052077,True,1,0.833333,0.086461,0.001426,6,1,пограничный,0.153080,299.600000,0.043145,0.179737,0.029336,0.428206,0.044413,116.541781,False,0
1979,2024-12,3,Крупные центры,0.439557,False,Верхняя Пышма,городской округ Верхняя Пышма,городской округ,г Верхняя Пышма,Свердловская область,56.972468,60.573893,True,3,1.000000,0.564786,0.430853,0,24,ядро типа,0.410770,324.200000,0.051751,0.156906,0.053404,0.360318,0.062097,150.797778,False,0
1980,2024-12,1,Цифровая повседневность,0.137881,False,Среднеуральск,городской округ Среднеуральск,городской округ,г Среднеуральск,Свердловская область,56.991631,60.468880,True,1,0.916667,0.145752,0.015207,4,3,устойчивый,0.157059,321.100000,0.041975,0.192384,0.035031,0.397628,0.042685,117.006447,False,0
1981,2024-12,2,Автономные локальные центры,0.062305,False,Верхнесалдинский,городской округ Верхнесалдинский,городской округ,г Верхняя Салда,Свердловская область,58.043598,60.554832,True,2,0.833333,0.084380,0.000091,6,4,пограничный,0.188845,292.600000,0.040509,0.168505,0.033069,0.422282,0.036560,120.785315,False,0
1982,2024-12,1,Цифровая повседневность,0.297772,False,Заречный,городской округ Заречный,городской округ,г Заречный,Свердловская область,56.814971,61.320594,True,1,1.000000,0.197206,0.122526,0,24,ядро типа,0.198025,307.400000,0.053240,0.203923,0.031303,0.405195,0.037260,121.899281,False,0
1983,2024-12,1,Цифровая повседневность,0.191943,False,Ивдельский,городской округ Ивдельский,городской округ,г Ивдель,Свердловская область,60.697329,60.417258,True,1,1.000000,0.224929,0.091644,0,24,ядро типа,0.148315,257.400000,0.034755,0.222859,0.030006,0.434124,0.046960,115.987876,False,0
1984,2024-12,1,Цифровая повседневность,0.274382,False,Пелым,городской округ Пелым,городской округ,рп Пелым,Свердловская область,61.017914,61.990154,True,1,1.000000,0.289333,0.179228,0,24,ядро типа,-0.080669,249.600000,0.025686,0.277403,0.013710,0.467376,0.031356,92.249935,False,0
1985,2024-12,1,Цифровая повседневность,0.097389,False,Ирбит,городской округ город Ирбит,городской округ,г Ирбит,Свердловская область,57.674042,63.063778,True,1,0.791667,0.100944,0.008695,4,9,устойчивый,0.169941,297.800000,0.038711,0.186624,0.028352,0.423902,0.050317,118.523533,False,1
1986,2024-12,2,Автономные локальные центры,0.179126,False,Каменск-Уральский,городской округ город Каменск-Уральский,городской округ,г Каменск-Уральский,Свердловская область,56.415451,61.917797,True,2,1.000000,0.140696,0.028007,0,24,устойчивый,0.239924,316.200000,0.043817,0.170015,0.043236,0.392539,0.051491,127.115228,False,0
1987,2024-12,1,Цифровая повседневность,0.260127,False,Камышловский,городской округ Камышловский,городской округ,г Камышлов,Свердловская область,56.848436,62.718795,True,1,0.666667,0.102874,0.001339,8,7,пограничный,0.073015,306.300000,0.038160,0.184793,0.022370,0.414555,0.045197,107.574662,False,1
1988,2024-12,1,Цифровая повседневность,0.335630,False,Карпинск,городской округ Карпинск,городской округ,г Карпинск,Свердловская область,59.766789,60.000927,True,1,0.958333,0.273526,0.041575,2,22,ядро типа,0.052233,270.600000,0.034347,0.203773,0.017758,0.431847,0.037151,105.362116,False,0
1989,2024-12,1,Цифровая повседневность,0.353730,False,Волчанский,городской округ Волчанский,городской округ,г Волчанск,Свердловская область,59.934718,60.077968,True,1,1.000000,0.317905,0.164750,0,24,ядро типа,0.101553,268.500000,0.033194,0.230748,0.011621,0.448735,0.028468,110.688843,False,0
1990,2024-12,1,Цифровая повседневность,0.058017,True,Качканарский,городской округ Качканарский,городской округ,г Качканар,Свердловская область,58.698170,59.481011,True,2,0.666667,0.056745,0.000665,9,1,пограничный,0.167055,292.100000,0.040854,0.178206,0.033199,0.405234,0.039318,118.181958,False,1
1991,2024-12,1,Цифровая повседневность,0.180461,False,Кировградский,городской округ Кировградский,городской округ,г Кировград,Свердловская область,57.426489,60.066454,True,1,0.916667,0.181947,0.002432,3,21,ядро типа,0.061941,303.000000,0.036184,0.190929,0.023920,0.381222,0.031817,106.389919,False,0
1992,2024-12,1,Цифровая повседневность,0.312696,False,Верхний Тагил,городской округ Верхний Тагил,городской округ,г Верхний Тагил,Свердловская область,57.374517,59.932080,True,1,1.000000,0.277881,0.113915,0,24,ядро типа,0.030562,302.700000,0.037397,0.197284,0.021191,0.411998,0.027220,103.103411,False,0
1993,2024-12,2,Автономные локальные центры,0.338493,False,Краснотурьинск,городской округ Краснотурьинск,городской округ,г Краснотурьинск,Свердловская область,59.764631,60.193612,True,2,1.000000,0.311370,0.165524,0,24,ядро типа,0.276433,271.100000,0.041733,0.177248,0.032560,0.396111,0.049132,131.841891,False,0
1994,2024-12,1,Цифровая повседневность,0.404918,False,Красноуральск,городской округ Красноуральск,городской округ,г Красноуральск,Свердловская область,58.357063,60.037445,True,1,1.000000,0.368339,0.286347,0,24,ядро типа,0.004774,293.300000,0.040641,0.223999,0.025083,0.406836,0.023460,100.478513,False,0
1995,2024-12,1,Цифровая повседневность,0.151506,False,Красноуфимск,городской округ Красноуфимск,городской округ,г Красноуфимск,Свердловская область,56.618074,57.771345,True,1,0.916667,0.093573,0.013559,4,6,пограничный,0.107678,323.000000,0.041419,0.175872,0.032660,0.410461,0.051449,111.368917,False,0
1996,2024-12,1,Цифровая повседневность,0.414612,False,Кушвинский,городской округ Кушвинский,городской округ,г Кушва,Свердловская область,58.281681,59.762502,True,1,1.000000,0.322283,0.147365,0,24,ядро типа,-0.054397,294.900000,0.037919,0.190083,0.021543,0.420587,0.032948,94.705584,False,0
1997,2024-12,1,Цифровая повседневность,0.373156,False,Верхняя Тура,городской округ Верхняя Тура,городской округ,г Верхняя Тура,Свердловская область,58.360500,59.818230,True,1,1.000000,0.312189,0.178359,0,24,ядро типа,0.014587,295.600000,0.035664,0.207436,0.025657,0.436586,0.026566,101.469389,False,0
1999,2024-12,2,Автономные локальные центры,0.195161,False,Невьянский,городской округ Невьянский,городской округ,г Невьянск,Свердловская область,57.492404,60.210541,True,2,0.791667,0.097087,0.009571,4,5,пограничный,0.202131,303.000000,0.039999,0.169751,0.032281,0.380254,0.044273,122.400874,False,2
2000,2024-12,2,Автономные локальные центры,0.218966,False,Нижний Тагил,городской округ город Нижний Тагил,городской округ,г Нижний Тагил,Свердловская область,57.905149,59.950847,True,2,0.833333,0.096947,0.009335,6,7,пограничный,0.346596,303.000000,0.046216,0.152683,0.045389,0.379803,0.054746,141.424461,False,0
2001,2024-12,1,Цифровая повседневность,0.327016,False,Нижняя Салда,городской округ Нижняя Салда,городской округ,г Нижняя Салда,Свердловская область,58.071352,60.714677,True,1,1.000000,0.226413,0.020077,0,24,ядро типа,0.073987,291.100000,0.038294,0.195559,0.028235,0.446588,0.032636,107.679289,False,0
2002,2024-12,1,Цифровая повседневность,0.369517,False,Нижнетуринский,городской округ Нижнетуринский,городской округ,г Нижняя Тура,Свердловская область,58.620776,59.847323,True,1,1.000000,0.229400,0.058596,0,24,ядро типа,0.092869,291.900000,0.039064,0.207409,0.023865,0.388485,0.039177,109.731817,False,0
2004,2024-12,2,Автономные локальные центры,0.043628,False,Первоуральск,городской округ Первоуральск,городской округ,г Первоуральск,Свердловская область,56.908396,59.943011,True,3,0.750000,0.123569,0.013418,4,2,устойчивый,0.249009,313.100000,0.044572,0.163152,0.049010,0.369581,0.051985,128.275353,False,1
2005,2024-12,2,Автономные локальные центры,0.219517,False,Полевской,городской округ Полевской,городской округ,г Полевской,Свердловская область,56.442108,60.165859,True,2,0.958333,0.139189,0.015908,1,23,устойчивый,0.269030,308.600000,0.042443,0.168078,0.038963,0.403099,0.047192,130.869478,False,0
2006,2024-12,2,Автономные локальные центры,0.211601,False,Ревда,городской округ Ревда,городской округ,г Ревда,Свердловская область,56.800065,59.908669,True,2,1.000000,0.218808,0.118361,0,24,ядро типа,0.242487,313.100000,0.043126,0.169387,0.040687,0.401990,0.050852,127.441417,False,0
2007,2024-12,1,Цифровая повседневность,0.548044,False,Дегтярск,городской округ Дегтярск,городской округ,г Дегтярск,Свердловская область,56.698341,60.086807,True,1,1.000000,0.532705,0.354583,0,24,ядро типа,-0.088505,312.200000,0.036175,0.223205,0.015062,0.444392,0.027972,91.529857,False,0
2008,2024-12,1,Цифровая повседневность,0.149439,False,Режевской,городской округ Режевской,городской округ,г Реж,Свердловская область,57.370647,61.404286,True,1,0.916667,0.162693,0.013914,4,10,ядро типа,0.128758,298.500000,0.044072,0.176262,0.030058,0.414155,0.039392,113.741480,False,0
2009,2024-12,1,Цифровая повседневность,0.197889,False,Североуральский,городской округ Североуральский,городской округ,г Североуральск,Свердловская область,60.150160,59.960517,True,1,1.000000,0.282183,0.197889,0,24,ядро типа,0.164944,264.900000,0.039557,0.192021,0.022884,0.425347,0.032747,117.932700,False,0
2010,2024-12,2,Автономные локальные центры,0.359034,False,Серовский,городской округ Серовский,городской округ,г Серов,Свердловская область,59.605127,60.573348,True,2,1.000000,0.236171,0.109490,0,24,ядро типа,0.228995,273.700000,0.039061,0.176974,0.036393,0.380528,0.046012,125.733541,False,0
2011,2024-12,1,Цифровая повседневность,0.025324,True,Сухой Лог,городской округ Сухой Лог,городской округ,г Сухой Лог,Свердловская область,56.904739,62.035023,True,1,0.708333,0.090953,0.008230,4,1,пограничный,0.147493,296.800000,0.037360,0.181010,0.028863,0.414779,0.039510,115.892481,False,2
2012,2024-12,1,Цифровая повседневность,0.326367,False,Тавдинский,городской округ Тавдинский,городской округ,г Тавда,Свердловская область,58.041374,65.271999,True,1,1.000000,0.385682,0.256221,0,24,ядро типа,0.032947,269.400000,0.040524,0.178919,0.019413,0.425904,0.041596,103.349591,False,0
2015,2024-12,1,Цифровая повседневность,0.396610,False,Алапаевское,городской округ Алапаевское,городской округ,г Алапаевск,Свердловская область,57.850811,61.695000,True,1,1.000000,0.382016,0.148477,0,24,ядро типа,-0.018871,300.800000,0.036564,0.180376,0.015429,0.489667,0.037317,98.130568,False,0
2017,2024-12,1,Цифровая повседневность,0.563467,False,Артинский,городской округ Артинский,городской округ,рп Арти,Свердловская область,56.425570,58.532691,True,1,1.000000,0.383108,0.244555,0,24,ядро типа,-0.091434,308.100000,0.039316,0.180328,0.015646,0.488687,0.038844,91.262136,False,0
2018,2024-12,1,Цифровая повседневность,0.592500,False,Ачитский,городской округ Ачитский,городской округ,рп Ачит,Свердловская область,56.801308,57.898392,True,1,1.000000,0.397905,0.108919,0,24,ядро типа,-0.322856,311.200000,0.035742,0.209307,0.009860,0.483043,0.034849,72.407798,False,0
2019,2024-12,1,Цифровая повседневность,0.215325,False,Белоярский,городской округ Белоярский,городской округ,рп Белоярский,Свердловская область,56.761642,61.414257,True,1,0.833333,0.153844,0.007189,4,10,устойчивый,0.133993,308.100000,0.035445,0.206858,0.025568,0.411966,0.050194,114.338467,False,2
2021,2024-12,1,Цифровая повседневность,0.439516,False,Верхотурский,городской округ Верхотурский,городской округ,г Верхотурье,Свердловская область,58.861702,60.809338,True,1,1.000000,0.384289,0.192370,0,24,ядро типа,0.045640,280.000000,0.032986,0.220909,0.019845,0.442935,0.046569,104.669734,False,0
2022,2024-12,1,Цифровая повседневность,0.303341,False,Гаринский,городской округ Гаринский,городской округ,рп Гари,Свердловская область,59.427441,62.352470,True,1,1.000000,0.239349,0.110565,0,24,ядро типа,-0.059479,259.700000,0.031352,0.198955,0.003723,0.554409,0.030046,94.225532,False,0
2023,2024-12,1,Цифровая повседневность,0.251402,False,Ирбитское,городской округ Ирбитское,городской округ,г Ирбит,Свердловская область,57.674042,63.063778,True,1,1.000000,0.239378,0.042560,0,24,ядро типа,-0.082940,303.400000,0.029188,0.185557,0.014142,0.479137,0.051555,92.040681,False,0
2024,2024-12,2,Автономные локальные центры,0.024345,False,Каменский,городской округ Каменский,городской округ,г Каменск-Уральский,Свердловская область,56.415451,61.917797,True,2,0.583333,0.057755,0.003990,9,5,пограничный,0.122734,399.800000,0.035819,0.163691,0.030729,0.408084,0.053185,113.058329,False,2
2025,2024-12,1,Цифровая повседневность,0.075615,False,Красноуфимский,городской округ Красноуфимский округ,городской округ,г Красноуфимск,Свердловская область,56.618074,57.771345,True,1,0.708333,0.109580,0.016892,10,3,пограничный,-0.098337,331.100000,0.030150,0.182121,0.033002,0.432112,0.061759,90.634376,False,1
2027,2024-12,1,Цифровая повседневность,0.461139,False,Бисертский,городской округ Бисертский,городской округ,рп Бисерть,Свердловская область,56.851803,59.053038,True,1,1.000000,0.395906,0.056127,0,24,ядро типа,-0.041420,308.900000,0.029668,0.229200,0.017801,0.444127,0.040157,95.942640,False,0
2028,2024-12,1,Цифровая повседневность,0.605565,False,Новолялинский,городской округ Новолялинский,городской округ,г Новая Ляля,Свердловская область,59.052734,60.595974,True,1,1.000000,0.617708,0.496969,0,24,ядро типа,0.076983,281.700000,0.041855,0.230105,0.011653,0.428783,0.043024,108.002400,False,0
2030,2024-12,1,Цифровая повседневность,0.362580,False,Пышминский,городской округ Пышминский,городской округ,рп Пышма,Свердловская область,56.950695,63.246532,True,1,1.000000,0.313313,0.092402,0,24,ядро типа,0.008259,289.000000,0.036349,0.184063,0.015351,0.457761,0.049014,100.829320,False,0
2031,2024-12,1,Цифровая повседневность,0.388091,False,Сосьвинский,городской округ Сосьвинский,городской округ,рп Сосьва,Свердловская область,59.173889,61.861935,True,1,1.000000,0.318697,0.199166,0,24,ядро типа,0.049337,264.700000,0.034007,0.246602,0.010135,0.467340,0.027827,105.057468,False,0
2032,2024-12,2,Автономные локальные центры,0.270240,False,Сысертский,городской округ Сысертский,городской округ,г Сысерть,Свердловская область,56.503017,60.809322,True,2,1.000000,0.157382,0.040638,0,24,ядро типа,0.291468,311.200000,0.040305,0.174304,0.039455,0.389143,0.056101,133.839029,False,0
2033,2024-12,3,Крупные центры,0.051275,False,Арамильский,городской округ Арамильский,городской округ,г Арамиль,Свердловская область,56.696292,60.833098,True,2,0.500000,0.105892,0.000439,5,9,пограничный,0.305123,319.500000,0.044839,0.184142,0.040258,0.381007,0.062144,135.679227,False,0
2034,2024-12,1,Цифровая повседневность,0.385576,False,Талицкий,городской округ Талицкий,городской округ,г Талица,Свердловская область,57.014816,63.730244,True,1,0.958333,0.314914,0.005329,2,12,ядро типа,0.011702,284.800000,0.038839,0.182305,0.020621,0.453663,0.048511,101.177050,False,0
2035,2024-12,1,Цифровая повседневность,0.602874,False,Тугулымский,городской округ Тугулымский,городской округ,рп Тугулым,Свердловская область,57.059000,64.640600,True,1,1.000000,0.525422,0.393436,0,24,ядро типа,-0.069853,283.400000,0.041183,0.218123,0.012309,0.458190,0.028016,93.253120,False,0
2036,2024-12,1,Цифровая повседневность,0.566909,False,Туринский,городской округ Туринский,городской округ,г Туринск,Свердловская область,58.052549,63.690879,True,1,1.000000,0.534755,0.380778,0,24,ядро типа,-0.037994,277.000000,0.038005,0.195014,0.018092,0.456097,0.044366,96.271906,False,0
2037,2024-12,1,Цифровая повседневность,0.500959,False,Шалинский,городской округ Шалинский,городской округ,рп Шаля,Свердловская область,57.246191,58.729231,True,1,1.000000,0.439591,0.340518,0,24,ядро типа,-0.110497,300.800000,0.032203,0.227377,0.006117,0.497062,0.034711,89.538873,False,0
2039,2024-12,1,Цифровая повседневность,0.515900,False,Байкаловский,Байкаловский муниципальный район,муниципальный район,с Байкалово,Свердловская область,57.393711,63.764805,True,1,1.000000,0.360496,0.204725,0,24,ядро типа,-0.063373,281.900000,0.032622,0.216124,0.009311,0.466018,0.043605,93.859339,False,0
2040,2024-12,2,Автономные локальные центры,0.183217,False,Камышловский,Камышловский муниципальный район,муниципальный район,г Камышлов,Свердловская область,56.848436,62.718795,True,2,1.000000,0.268380,0.087153,0,24,ядро типа,0.277670,310.000000,0.030282,0.201902,0.035480,0.370096,0.052218,132.004985,False,0
2041,2024-12,1,Цифровая повседневность,0.685931,False,Слободо-Туринский,Слободо-Туринский муниципальный район,муниципальный район,с Туринская Слобода,Свердловская область,57.617970,64.384918,True,1,1.000000,0.471324,0.226133,0,24,ядро типа,-0.053228,277.700000,0.038264,0.217383,0.017234,0.436973,0.043782,94.816365,False,0
2042,2024-12,1,Цифровая повседневность,0.728296,False,Нижнесергинский,Нижнесергинский муниципальный район,муниципальный район,г Нижние Серги,Свердловская область,56.661900,59.300030,True,1,1.000000,0.643455,0.483094,0,24,ядро типа,-0.018714,307.900000,0.039286,0.204145,0.011601,0.464194,0.040729,98.145954,False,0
2043,2024-12,1,Цифровая повседневность,0.540923,False,Таборинский,Таборинский муниципальный район,муниципальный район,с Таборы,Свердловская область,58.519668,64.556611,True,1,1.000000,0.433312,0.151849,0,24,ядро типа,0.034465,259.500000,0.044536,0.197586,0.020692,0.472083,0.044655,103.506531,False,0
2044,2024-12,3,Крупные центры,0.352427,False,Смоленск,городской округ город Смоленск,городской округ,г Смоленск,Смоленская область,54.781406,32.046126,True,3,0.916667,0.452976,0.028634,1,22,ядро типа,0.311634,371.000000,0.046576,0.181572,0.043782,0.374637,0.056739,136.565476,False,0
2045,2024-12,1,Цифровая повседневность,0.520175,False,Десногорск,городской округ город Десногорск,городской округ,г Десногорск,Смоленская область,54.151666,33.288103,True,1,1.000000,0.449582,0.291199,0,24,ядро типа,0.215889,337.400000,0.043395,0.200040,0.025616,0.459295,0.036402,124.096441,False,0
2046,2024-12,1,Цифровая повседневность,0.582819,False,Велижский,Велижский муниципальный район,муниципальный район,г Велиж,Смоленская область,55.604522,31.194998,True,1,1.000000,0.653197,0.513373,0,24,ядро типа,-0.208488,319.200000,0.039953,0.254236,0.010614,0.423373,0.036693,81.181050,False,0
2047,2024-12,1,Цифровая повседневность,0.380168,False,Вяземский,Вяземский муниципальный район,муниципальный район,г Вязьма,Смоленская область,55.183521,34.338167,True,1,1.000000,0.383580,0.275815,0,24,ядро типа,0.190296,370.000000,0.040221,0.203063,0.032233,0.412715,0.052279,120.960719,False,0
2048,2024-12,1,Цифровая повседневность,0.438004,False,Гагаринский,Гагаринский муниципальный район,муниципальный район,г Гагарин,Смоленская область,55.553387,34.990513,True,1,1.000000,0.414924,0.327211,0,24,ядро типа,0.232074,387.000000,0.040600,0.215493,0.023814,0.431817,0.050506,126.121275,False,0
2049,2024-12,1,Цифровая повседневность,0.594406,False,Глинковский,Глинковский муниципальный район,муниципальный район,с Глинка,Смоленская область,54.642566,32.872927,True,1,1.000000,0.563550,0.434402,0,24,ядро типа,-0.237369,336.700000,0.036130,0.239290,0.006906,0.508115,0.040343,78.870032,False,0
2050,2024-12,1,Цифровая повседневность,0.636394,False,Демидовский,Демидовский муниципальный район,муниципальный район,г Демидов,Смоленская область,55.264378,31.517833,True,1,1.000000,0.698437,0.601786,0,24,ядро типа,-0.236043,326.800000,0.035419,0.233946,0.011612,0.472374,0.045706,78.974659,False,0
2051,2024-12,1,Цифровая повседневность,0.508983,False,Дорогобужский,Дорогобужский муниципальный район,муниципальный район,г Дорогобуж,Смоленская область,54.914824,33.298905,True,1,1.000000,0.499409,0.360928,0,24,ядро типа,0.123604,345.700000,0.040520,0.216795,0.021701,0.444224,0.027657,113.156802,False,0
2052,2024-12,1,Цифровая повседневность,0.558797,False,Духовщинский,Духовщинский муниципальный район,муниципальный район,г Духовщина,Смоленская область,55.190780,32.406043,True,1,1.000000,0.576032,0.434315,0,24,ядро типа,-0.031621,340.000000,0.034969,0.244910,0.007781,0.431761,0.039447,96.887357,False,0
2053,2024-12,1,Цифровая повседневность,0.611554,False,Ельнинский,Ельнинский муниципальный район,муниципальный район,г Ельня,Смоленская область,54.576495,33.189170,True,1,1.000000,0.753006,0.611554,0,24,ядро типа,-0.007397,340.000000,0.036488,0.244319,0.014012,0.441362,0.042812,99.262998,False,0
2054,2024-12,1,Цифровая повседневность,0.726752,False,Ершичский,Ершичский муниципальный район,муниципальный район,с Ершичи,Смоленская область,53.673527,32.748249,True,1,1.000000,0.528523,0.350687,0,24,ядро типа,-0.158581,327.700000,0.044679,0.225884,0.005121,0.483466,0.041145,85.335344,False,0
2055,2024-12,1,Цифровая повседневность,0.512407,False,Кардымовский,Кардымовский муниципальный район,муниципальный район,пгт Кардымово,Смоленская область,54.890067,32.434190,True,1,1.000000,0.575199,0.448823,0,24,ядро типа,-0.084680,339.100000,0.034363,0.212271,0.009914,0.434423,0.026994,91.880664,False,0
2056,2024-12,1,Цифровая повседневность,0.683839,False,Краснинский,Краснинский муниципальный район,муниципальный район,пгт Красный,Смоленская область,54.569439,31.439449,True,1,1.000000,0.679532,0.444633,0,24,ядро типа,-0.211411,324.400000,0.045963,0.237949,0.008212,0.428224,0.039576,80.944102,False,0
2057,2024-12,1,Цифровая повседневность,0.497639,False,Монастырщинский,Монастырщинский муниципальный район,муниципальный район,пгт Монастырщина,Смоленская область,54.351582,31.836490,True,1,1.000000,0.500456,0.341800,0,24,ядро типа,-0.348120,325.900000,0.055965,0.211263,0.015909,0.521946,0.034172,70.601449,False,0
2058,2024-12,1,Цифровая повседневность,0.527898,False,Новодугинский,Новодугинский муниципальный район,муниципальный район,с Новодугино,Смоленская область,55.630033,34.301032,True,1,1.000000,0.577518,0.488992,0,24,ядро типа,-0.081536,366.000000,0.032986,0.241820,0.008447,0.471721,0.046942,92.169926,False,0
2059,2024-12,1,Цифровая повседневность,0.707687,False,Починковский,Починковский муниципальный район,муниципальный район,г Починок,Смоленская область,54.406392,32.444064,True,1,1.000000,0.717912,0.626036,0,24,ядро типа,-0.048307,332.500000,0.041241,0.232076,0.014565,0.462150,0.037204,95.284108,False,0
2060,2024-12,1,Цифровая повседневность,0.637445,False,Рославльский,Рославльский муниципальный район,муниципальный район,г Рославль,Смоленская область,53.944803,32.847886,True,1,1.000000,0.591607,0.502577,0,24,ядро типа,0.050069,335.300000,0.039953,0.194556,0.025757,0.428421,0.048207,105.134399,False,0
2061,2024-12,1,Цифровая повседневность,0.702184,False,Руднянский,Руднянский муниципальный район,муниципальный район,г Рудня,Смоленская область,54.945702,31.074256,True,1,1.000000,0.670937,0.539642,0,24,ядро типа,-0.170553,322.600000,0.039232,0.231926,0.010584,0.438196,0.049013,84.319850,False,0
2062,2024-12,1,Цифровая повседневность,0.605318,False,Сафоновский,Сафоновский муниципальный район,муниципальный район,г Сафоново,Смоленская область,55.108428,33.237651,True,1,1.000000,0.558722,0.499536,0,24,ядро типа,-0.000015,350.900000,0.041297,0.202763,0.025572,0.416544,0.037389,99.998461,False,0
2063,2024-12,3,Крупные центры,0.390505,False,Смоленский,Смоленский муниципальный район,муниципальный район,г Смоленск,Смоленская область,54.781406,32.046126,True,3,0.875000,0.429131,0.003447,1,21,устойчивый,0.313795,534.100000,0.042091,0.200742,0.040405,0.356740,0.062597,136.860893,False,1
2064,2024-12,1,Цифровая повседневность,0.508475,False,Сычевский,Сычевский муниципальный район,муниципальный район,г Сычевка,Смоленская область,55.826991,34.277045,True,1,1.000000,0.486744,0.392667,0,24,ядро типа,0.005845,362.200000,0.032429,0.239025,0.011136,0.451127,0.042586,100.586217,False,0
2065,2024-12,1,Цифровая повседневность,0.429126,False,Темкинский,Темкинский муниципальный район,муниципальный район,с Темкино,Смоленская область,55.081425,35.003333,True,1,1.000000,0.387256,0.301228,0,24,ядро типа,0.023764,367.700000,0.039215,0.290011,0.004958,0.420608,0.037532,102.404874,False,0
2066,2024-12,1,Цифровая повседневность,0.513396,False,Угранский,Угранский муниципальный район,муниципальный район,с Угра,Смоленская область,54.781304,34.318556,True,1,1.000000,0.503884,0.386720,0,24,ядро типа,-0.015959,358.200000,0.031987,0.236571,0.010912,0.435339,0.043618,98.416753,False,0
2067,2024-12,1,Цифровая повседневность,0.605034,False,Хиславичский,Хиславичский муниципальный район,муниципальный район,пгт Хиславичи,Смоленская область,54.185770,32.157850,True,1,1.000000,0.665982,0.541889,0,24,ядро типа,-0.266385,326.100000,0.048359,0.223722,0.009760,0.515564,0.037193,76.614405,False,0
2068,2024-12,1,Цифровая повседневность,0.515791,False,Холм-Жирковский,Холм-Жирковский муниципальный район,муниципальный район,пгт Холм-Жирковский,Смоленская область,55.513870,33.488632,True,1,1.000000,0.563611,0.465648,0,24,ядро типа,-0.028640,351.100000,0.038190,0.266475,0.010450,0.436809,0.046518,97.176619,False,0
2069,2024-12,1,Цифровая повседневность,0.794897,False,Шумячский,Шумячский муниципальный район,муниципальный район,пгт Шумячи,Смоленская область,53.855550,32.425931,True,1,1.000000,0.633335,0.412097,0,24,ядро типа,-0.269402,328.200000,0.041576,0.215897,0.022077,0.456651,0.041375,76.383611,False,0
2070,2024-12,1,Цифровая повседневность,0.513249,False,Ярцевский,Ярцевский муниципальный район,муниципальный район,г Ярцево,Смоленская область,55.066228,32.688361,True,1,1.000000,0.531584,0.453365,0,24,ядро типа,0.051152,344.000000,0.039208,0.195983,0.024999,0.419858,0.034530,105.248258,False,0
2072,2024-12,1,Цифровая повседневность,0.702242,False,Кирсанов,городской округ город Кирсанов,городской округ,г Кирсанов,Тамбовская область,52.650923,42.730153,True,1,1.000000,0.647530,0.546437,0,24,ядро типа,-0.165892,371.000000,0.044462,0.223364,0.014712,0.441207,0.050202,84.713738,False,0
2073,2024-12,1,Цифровая повседневность,0.619816,False,Котовск,городской округ город Котовск,городской округ,г Котовск,Тамбовская область,52.593327,41.513071,True,1,1.000000,0.584257,0.502783,0,24,ядро типа,-0.128810,371.000000,0.044244,0.226644,0.013826,0.413840,0.029438,87.914083,False,0
2074,2024-12,1,Цифровая повседневность,0.456429,False,Мичуринск,городской округ город Мичуринск,городской округ,г Мичуринск,Тамбовская область,52.898994,40.483266,True,1,1.000000,0.382044,0.214608,0,24,ядро типа,0.046815,391.300000,0.049216,0.200065,0.028308,0.402478,0.053973,104.792824,False,0
2075,2024-12,1,Цифровая повседневность,0.561998,False,Моршанск,городской округ город Моршанск,городской округ,г Моршанск,Тамбовская область,53.442800,41.813000,True,1,1.000000,0.545631,0.491419,0,24,ядро типа,-0.130632,388.400000,0.053056,0.220360,0.015149,0.430831,0.050321,87.754066,False,0
2076,2024-12,1,Цифровая повседневность,0.545996,False,Рассказово,городской округ город Рассказово,городской округ,г Рассказово,Тамбовская область,52.665788,41.894699,True,1,1.000000,0.541631,0.490854,0,24,ядро типа,-0.063701,385.100000,0.046210,0.208947,0.016005,0.398478,0.058148,93.828566,False,0
2077,2024-12,1,Цифровая повседневность,0.755402,False,Уварово,городской округ город Уварово,городской округ,г Уварово,Тамбовская область,51.980775,42.265423,True,1,1.000000,0.651311,0.564379,0,24,ядро типа,-0.108129,362.200000,0.045190,0.211822,0.009703,0.424295,0.042995,89.751204,False,0
2078,2024-12,1,Цифровая повседневность,0.470821,False,Бондарский,Бондарский муниципальный округ,муниципальный округ,с Бондари,Тамбовская область,52.950284,42.066363,True,1,1.000000,0.451831,0.303419,0,24,ядро типа,-0.468445,366.000000,0.058106,0.192115,0.007767,0.487219,0.041343,62.597511,False,0
2079,2024-12,1,Цифровая повседневность,0.488307,False,Гавриловский,Гавриловский муниципальный округ,муниципальный округ,с Гавриловка 2-я,Тамбовская область,52.876944,42.770992,True,1,1.000000,0.436859,0.313544,0,24,ядро типа,-0.238032,363.400000,0.049506,0.269277,0.003514,0.436575,0.057861,78.817719,False,0
2080,2024-12,1,Цифровая повседневность,0.663309,False,Жердевский,Жердевский муниципальный округ,муниципальный округ,г Жердевка,Тамбовская область,51.843933,41.470367,True,1,1.000000,0.658366,0.560424,0,24,ядро типа,-0.154623,357.300000,0.044826,0.238174,0.012679,0.440106,0.051363,85.673842,False,0
2081,2024-12,1,Цифровая повседневность,0.549238,False,Знаменский,Знаменский муниципальный округ,муниципальный округ,рп Знаменка,Тамбовская область,52.411143,41.443295,True,1,1.000000,0.648486,0.549238,0,24,ядро типа,-0.135342,367.400000,0.038333,0.265194,0.009689,0.430962,0.035796,87.341714,False,0
2082,2024-12,1,Цифровая повседневность,0.545294,False,Инжавинский,Инжавинский муниципальный округ,муниципальный округ,рп Инжавино,Тамбовская область,52.318370,42.495394,True,1,1.000000,0.530732,0.422249,0,24,ядро типа,-0.238345,358.400000,0.044132,0.268346,0.008475,0.427807,0.046944,78.793101,False,0
2085,2024-12,1,Цифровая повседневность,0.595868,False,Мордовский,Мордовский муниципальный округ,муниципальный округ,рп Мордово,Тамбовская область,52.089058,40.762287,True,1,1.000000,0.572027,0.489275,0,24,ядро типа,-0.230874,362.200000,0.047409,0.253285,0.007326,0.422375,0.042679,79.383934,False,0
2087,2024-12,1,Цифровая повседневность,0.647103,False,Мучкапский,Мучкапский муниципальный округ,муниципальный округ,рп Мучкапский,Тамбовская область,51.847320,42.469911,True,1,1.000000,0.639546,0.564053,0,24,ядро типа,-0.232115,353.500000,0.049369,0.231904,0.011256,0.448127,0.048632,79.285462,False,0
2088,2024-12,1,Цифровая повседневность,0.471971,False,Никифоровский,Никифоровский муниципальный округ,муниципальный округ,рп Дмитриевка,Тамбовская область,52.878521,40.792877,True,1,1.000000,0.455842,0.325088,0,24,ядро типа,-0.285116,373.600000,0.060282,0.216616,0.021158,0.446941,0.042275,75.192713,False,0
2089,2024-12,1,Цифровая повседневность,0.541426,False,Первомайский,Первомайский муниципальный округ,муниципальный округ,рп Первомайский,Тамбовская область,53.244999,40.285099,True,1,1.000000,0.541735,0.415751,0,24,ядро типа,-0.242650,377.300000,0.047892,0.263071,0.011218,0.419612,0.051853,78.454603,False,0
2090,2024-12,1,Цифровая повседневность,0.550410,False,Петровский,Петровский муниципальный округ,муниципальный округ,с Петровское,Тамбовская область,52.633202,40.260300,True,1,1.000000,0.549922,0.443858,0,24,ядро типа,-0.258026,371.200000,0.047797,0.265873,0.010237,0.421334,0.040070,77.257551,False,0
2091,2024-12,1,Цифровая повседневность,0.471752,False,Пичаевский,Пичаевский муниципальный округ,муниципальный округ,с Пичаево,Тамбовская область,53.234221,42.203684,True,1,1.000000,0.518570,0.357336,0,24,ядро типа,-0.289546,366.000000,0.058125,0.215152,0.004974,0.430222,0.056316,74.860370,False,0
2093,2024-12,1,Цифровая повседневность,0.591578,False,Ржаксинский,Ржаксинский муниципальный округ,муниципальный округ,рп Ржакса,Тамбовская область,52.220481,42.109070,True,1,1.000000,0.578065,0.483700,0,24,ядро типа,-0.228474,359.400000,0.043118,0.242507,0.013303,0.406010,0.055184,79.574723,False,0
2094,2024-12,1,Цифровая повседневность,0.716721,False,Сампурский,Сампурский муниципальный округ,муниципальный округ,п Сатинка,Тамбовская область,52.377113,41.673679,True,1,1.000000,0.679357,0.607786,0,24,ядро типа,-0.224999,365.100000,0.043470,0.216232,0.006937,0.489152,0.038229,79.851676,False,0
2095,2024-12,1,Цифровая повседневность,0.588003,False,Сосновский,Сосновский муниципальный округ,муниципальный округ,рп Сосновка,Тамбовская область,53.232201,41.369202,True,1,1.000000,0.504564,0.399221,0,24,ядро типа,-0.276761,367.400000,0.049594,0.240016,0.006047,0.436769,0.050162,75.823550,False,0
2096,2024-12,1,Цифровая повседневность,0.448687,False,Староюрьевский,Староюрьевский муниципальный округ,муниципальный округ,с Староюрьево,Тамбовская область,53.322711,40.699219,True,1,1.000000,0.439055,0.320722,0,24,ядро типа,-0.243867,371.000000,0.062873,0.223060,0.009111,0.459119,0.044926,78.359208,False,0
2098,2024-12,1,Цифровая повседневность,0.643663,False,Токарёвский,Токарёвский муниципальный округ,муниципальный округ,рп Токарёвка,Тамбовская область,51.993900,41.161800,True,1,1.000000,0.600183,0.450839,0,24,ядро типа,-0.190867,360.300000,0.047039,0.245996,0.011806,0.454264,0.043352,82.624283,False,0
2100,2024-12,1,Цифровая повседневность,0.542849,False,Умётский,Умётский муниципальный округ,муниципальный округ,рп Умёт,Тамбовская область,52.560272,42.968578,True,1,1.000000,0.534388,0.421337,0,24,ядро типа,-0.239165,359.100000,0.046982,0.254026,0.018762,0.411664,0.053315,78.728478,False,0
2101,2024-12,3,Крупные центры,0.520801,False,Тверь,городской округ город Тверь,городской округ,г Тверь,Тверская область,56.858675,35.920828,True,3,1.000000,0.579280,0.237771,0,24,ядро типа,0.379576,414.900000,0.050506,0.184004,0.045811,0.382450,0.061222,146.166510,False,0
2105,2024-12,1,Цифровая повседневность,0.500186,False,Осташковский,городской округ Осташковский,городской округ,г Осташков,Тверская область,57.155758,33.101321,True,1,1.000000,0.464343,0.396059,0,24,ядро типа,0.166925,337.900000,0.040547,0.244896,0.022500,0.430417,0.037266,118.166572,False,0
2108,2024-12,1,Цифровая повседневность,0.449396,False,Торжок,городской округ город Торжок,городской округ,г Торжок,Тверская область,57.050118,34.956417,True,1,1.000000,0.436534,0.362022,0,24,ядро типа,0.193420,378.300000,0.041237,0.224316,0.033552,0.414369,0.048084,121.339221,False,0
2109,2024-12,1,Цифровая повседневность,0.505257,False,Удомельский,городской округ Удомельский,городской округ,г Удомля,Тверская область,57.877998,35.004200,True,1,1.000000,0.410937,0.355598,0,24,ядро типа,0.154742,342.900000,0.043575,0.224516,0.033426,0.437512,0.032556,116.735648,False,0
2110,2024-12,1,Цифровая повседневность,0.477437,False,Андреапольский,муниципальный округ Андреапольский,муниципальный округ,г Андреаполь,Тверская область,56.646801,32.265320,True,1,1.000000,0.434513,0.355194,0,24,ядро типа,0.072443,330.100000,0.036923,0.258229,0.010161,0.423235,0.043448,107.513117,False,0
2111,2024-12,1,Цифровая повседневность,0.536238,False,Бежецкий,муниципальный округ Бежецкий,муниципальный округ,г Бежецк,Тверская область,57.781357,36.692535,True,1,1.000000,0.586909,0.495841,0,24,ядро типа,0.018492,359.600000,0.037066,0.248709,0.018639,0.429991,0.038758,101.866355,False,0
2112,2024-12,1,Цифровая повседневность,0.398032,False,Бельский,муниципальный округ Бельский,муниципальный округ,г Белый,Тверская область,55.833073,32.939487,True,1,1.000000,0.422936,0.329634,0,24,ядро типа,-0.089783,336.000000,0.035582,0.299434,0.005756,0.431495,0.039150,91.412921,False,0
2113,2024-12,1,Цифровая повседневность,0.576709,False,Бологовский,муниципальный округ Бологовский,муниципальный округ,г Бологое,Тверская область,57.885204,34.049603,True,1,1.000000,0.620950,0.576709,0,24,ядро типа,0.061651,344.500000,0.038365,0.236611,0.022191,0.428117,0.049243,106.359146,False,0
2114,2024-12,1,Цифровая повседневность,0.530027,False,Весьегонский,муниципальный округ Весьегонский,муниципальный округ,г Весьегонск,Тверская область,58.663726,37.262650,True,1,1.000000,0.477068,0.368935,0,24,ядро типа,-0.105048,336.000000,0.041530,0.267227,0.019312,0.456864,0.037291,90.028157,False,0
2116,2024-12,1,Цифровая повседневность,0.504892,False,Жарковский,муниципальный округ Жарковский,муниципальный округ,пгт Жарковский,Тверская область,55.847945,32.262697,True,1,1.000000,0.447788,0.333594,0,24,ядро типа,-0.154335,327.700000,0.040181,0.272613,0.007684,0.481166,0.038888,85.698460,False,0
2117,2024-12,1,Цифровая повседневность,0.538462,False,Западнодвинский,муниципальный округ Западнодвинский,муниципальный округ,г Западная Двина,Тверская область,56.258829,32.070712,True,1,1.000000,0.502359,0.391480,0,24,ядро типа,0.002996,333.900000,0.036571,0.245873,0.010677,0.450696,0.050132,100.300032,False,0
2118,2024-12,1,Цифровая повседневность,0.432109,False,Зубцовский,муниципальный округ Зубцовский,муниципальный округ,г Зубцов,Тверская область,56.170071,34.585182,True,1,1.000000,0.495639,0.385682,0,24,ядро типа,-0.000631,375.200000,0.033101,0.271985,0.013056,0.425052,0.042955,99.936916,False,0
2119,2024-12,3,Крупные центры,0.515860,False,Калининский,муниципальный округ Калининский,муниципальный округ,г Тверь,Тверская область,56.858675,35.920828,True,3,1.000000,0.483044,0.201642,0,24,ядро типа,0.352280,572.600000,0.042925,0.206188,0.047988,0.361207,0.070554,142.230702,False,0
2120,2024-12,1,Цифровая повседневность,0.494201,False,Калязинский,муниципальный округ Калязинский,муниципальный округ,г Калязин,Тверская область,57.240021,37.840488,True,1,1.000000,0.482987,0.398079,0,24,ядро типа,0.098267,389.100000,0.035535,0.252733,0.016987,0.435122,0.040918,110.325727,False,0
2121,2024-12,1,Цифровая повседневность,0.623659,False,Кашинский,городской округ Кашинский,городской округ,г Кашин,Тверская область,57.361755,37.611454,True,1,1.000000,0.614916,0.532955,0,24,ядро типа,-0.027343,379.200000,0.043169,0.240892,0.014010,0.458318,0.036875,97.302786,False,0
2122,2024-12,1,Цифровая повседневность,0.414959,False,Кесовогорский,муниципальный округ Кесовогорский,муниципальный округ,пгт Кесова Гора,Тверская область,57.579342,37.295616,True,1,1.000000,0.416794,0.294472,0,24,ядро типа,-0.006158,367.900000,0.038703,0.269932,0.016658,0.358826,0.049478,99.386088,False,0
2124,2024-12,1,Цифровая повседневность,0.207362,False,Конаковский,муниципальный округ Конаковский,муниципальный округ,г Конаково,Тверская область,56.713157,36.777565,True,1,1.000000,0.201669,0.037718,0,24,ядро типа,0.231708,400.900000,0.043154,0.239273,0.035660,0.398023,0.045179,126.075116,False,0
2125,2024-12,1,Цифровая повседневность,0.516881,False,Краснохолмский,муниципальный округ Краснохолмский,муниципальный округ,г Красный Холм,Тверская область,58.056507,37.114731,True,1,1.000000,0.542464,0.450315,0,24,ядро типа,-0.170918,351.600000,0.036289,0.257055,0.008470,0.504947,0.038918,84.289077,False,0
2126,2024-12,1,Цифровая повседневность,0.441047,False,Кувшиновский,муниципальный округ Кувшиновский,муниципальный округ,г Кувшиново,Тверская область,57.031466,34.179664,True,1,1.000000,0.450965,0.396538,0,24,ядро типа,-0.007800,354.200000,0.035852,0.281634,0.015538,0.446285,0.039976,99.222993,False,0
2127,2024-12,1,Цифровая повседневность,0.635347,False,Лесной,муниципальный округ Лесной,муниципальный округ,с Лесное,Тверская область,58.284644,35.524846,True,1,1.000000,0.585233,0.474263,0,24,ядро типа,-0.033624,341.900000,0.038158,0.236840,0.006429,0.468621,0.040927,96.693490,False,0
2128,2024-12,1,Цифровая повседневность,0.636282,False,Лихославльский,муниципальный округ Лихославльский,муниципальный округ,г Лихославль,Тверская область,57.124444,35.466528,True,1,1.000000,0.599234,0.475771,0,24,ядро типа,-0.044375,372.800000,0.038763,0.228334,0.015312,0.485106,0.037670,95.659533,False,0
2129,2024-12,1,Цифровая повседневность,0.553558,False,Максатихинский,муниципальный округ Максатихинский,муниципальный округ,пгт Максатиха,Тверская область,57.797325,35.879040,True,1,1.000000,0.650923,0.517760,0,24,ядро типа,-0.125525,358.000000,0.038656,0.260685,0.014583,0.457873,0.040366,88.203345,False,0
2130,2024-12,1,Цифровая повседневность,0.182469,False,Молоковский,муниципальный округ Молоковский,муниципальный округ,пгт Молоково,Тверская область,58.163026,36.766114,True,1,1.000000,0.218214,0.073218,0,24,ядро типа,-0.107443,348.300000,0.013226,0.272048,0.004728,0.512369,0.059241,89.812749,False,0
2131,2024-12,1,Цифровая повседневность,0.434285,False,Нелидовский,городской округ Нелидовский,городской округ,г Нелидово,Тверская область,56.226097,32.771111,True,1,1.000000,0.431920,0.387876,0,24,ядро типа,0.007007,342.600000,0.031566,0.245073,0.018824,0.444431,0.030344,100.703153,False,0
2132,2024-12,1,Цифровая повседневность,0.435526,False,Оленинский,муниципальный округ Оленинский,муниципальный округ,пгт Оленино,Тверская область,56.208992,33.480034,True,1,1.000000,0.479423,0.377954,0,24,ядро типа,-0.057978,351.800000,0.030294,0.258658,0.006098,0.443488,0.039914,94.367086,False,0
2133,2024-12,1,Цифровая повседневность,0.394956,False,Пеновский,муниципальный округ Пеновский,муниципальный округ,пгт Пено,Тверская область,56.923790,32.744606,True,1,1.000000,0.447233,0.362512,0,24,ядро типа,0.054421,330.600000,0.036457,0.291922,0.009063,0.436586,0.046482,105.592910,False,0
2134,2024-12,1,Цифровая повседневность,0.425392,False,Рамешковский,муниципальный округ Рамешковский,муниципальный округ,пгт Рамешки,Тверская область,57.345300,36.045400,True,1,1.000000,0.462815,0.321535,0,24,ядро типа,-0.144189,372.600000,0.030996,0.267017,0.003768,0.446557,0.027086,86.572400,False,0
2136,2024-12,1,Цифровая повседневность,0.300040,False,Сандовский,муниципальный округ Сандовский,муниципальный округ,пгт Сандово,Тверская область,58.461376,36.411373,True,1,1.000000,0.212625,0.109780,0,24,ядро типа,-0.077704,340.300000,0.023913,0.261183,0.014401,0.499551,0.053314,92.523810,False,0
2137,2024-12,1,Цифровая повседневность,0.495895,False,Селижаровский,муниципальный округ Селижаровский,муниципальный округ,пгт Селижарово,Тверская область,56.855633,33.452286,True,1,1.000000,0.457035,0.359778,0,24,ядро типа,-0.100512,343.800000,0.049542,0.270816,0.010820,0.418252,0.047263,90.437432,False,0
2138,2024-12,1,Цифровая повседневность,0.489938,False,Сонковский,муниципальный округ Сонковский,муниципальный округ,пгт Сонково,Тверская область,57.780932,37.165399,True,1,1.000000,0.461628,0.318379,0,24,ядро типа,-0.131755,354.900000,0.034193,0.264560,0.007478,0.464701,0.037844,87.655594,False,0
2139,2024-12,1,Цифровая повседневность,0.561843,False,Спировский,муниципальный округ Спировский,муниципальный округ,пгт Спирово,Тверская область,57.421531,34.993279,True,1,1.000000,0.611522,0.466350,0,24,ядро типа,-0.129265,356.800000,0.036455,0.255393,0.010191,0.466487,0.040412,87.874079,False,0
2140,2024-12,1,Цифровая повседневность,0.507619,False,Старицкий,муниципальный округ Старицкий,муниципальный округ,г Старица,Тверская область,56.508111,34.931474,True,1,1.000000,0.599941,0.507619,0,24,ядро типа,-0.011467,374.500000,0.039843,0.268007,0.011050,0.444531,0.039501,98.859877,False,0
2142,2024-12,1,Цифровая повседневность,0.508408,False,Торопецкий,муниципальный округ Торопецкий,муниципальный округ,г Торопец,Тверская область,56.496479,31.641077,True,1,1.000000,0.557478,0.395901,0,24,ядро типа,0.119653,327.700000,0.037377,0.247604,0.009911,0.437928,0.046195,112.710600,False,0
2143,2024-12,1,Цифровая повседневность,0.416190,False,Фировский,муниципальный округ Фировский,муниципальный округ,пгт Фирово,Тверская область,57.481045,33.698059,True,1,1.000000,0.442208,0.340513,0,24,ядро типа,-0.064259,339.600000,0.040756,0.295038,0.011977,0.462230,0.056245,93.776253,False,0
2144,2024-12,3,Крупные центры,0.198963,False,Томск,городской округ город Томск,городской округ,г Томск,Томская область,56.488753,84.952343,True,3,1.000000,0.335776,0.066770,0,24,ядро типа,0.347422,260.400000,0.051244,0.151861,0.048026,0.376750,0.061875,141.541397,False,0
2145,2024-12,1,Цифровая повседневность,0.177656,False,Кедровый,городской округ город Кедровый,городской округ,г Кедровый,Томская область,57.561920,79.570801,True,1,1.000000,0.183017,0.100144,0,24,ядро типа,0.253867,197.600000,0.032229,0.286717,0.008594,0.432773,0.010743,128.900035,False,0
2146,2024-12,2,Автономные локальные центры,0.453461,False,Стрежевой,городской округ город Стрежевой,городской округ,г Стрежевой,Томская область,60.732758,77.600807,True,2,1.000000,0.445902,0.349312,0,24,ядро типа,0.279021,218.700000,0.038901,0.170807,0.036387,0.412478,0.033733,132.183466,False,0
2148,2024-12,2,Автономные локальные центры,0.115015,False,Александровский,Александровский муниципальный район,муниципальный район,с Александровское,Томская область,60.431446,77.865845,True,2,0.958333,0.318654,0.061024,2,3,ядро типа,0.177855,216.100000,0.035598,0.217557,0.024239,0.404667,0.039642,119.465173,False,0
2149,2024-12,1,Цифровая повседневность,0.038161,True,Асиновский,Асиновский муниципальный район,муниципальный район,г Асино,Томская область,56.999187,86.141670,True,1,0.583333,0.071063,0.003217,8,1,пограничный,-0.081770,221.000000,0.041576,0.154517,0.016764,0.486726,0.042211,92.148385,False,1
2150,2024-12,1,Цифровая повседневность,0.324681,False,Бакчарский,Бакчарский муниципальный район,муниципальный район,с Бакчар,Томская область,57.020538,82.066872,True,1,1.000000,0.288806,0.060978,0,24,ядро типа,-0.052774,203.100000,0.034159,0.246545,0.007851,0.435509,0.045222,94.859446,False,0
2151,2024-12,2,Автономные локальные центры,0.063114,False,Верхнекетский,Верхнекетский муниципальный район,муниципальный район,рп Белый Яр,Томская область,58.447560,85.038931,True,2,0.875000,0.063288,0.003583,5,8,пограничный,0.065204,206.400000,0.025486,0.190019,0.008188,0.504094,0.041141,106.737649,False,0
2152,2024-12,1,Цифровая повседневность,0.441791,False,Зырянский,Зырянский муниципальный район,муниципальный район,с Зырянское,Томская область,56.834206,86.621178,True,1,1.000000,0.410490,0.281518,0,24,ядро типа,-0.216824,219.800000,0.038414,0.221734,0.007377,0.506536,0.037077,80.507132,False,0
2153,2024-12,1,Цифровая повседневность,0.306577,False,Каргасокский,Каргасокский муниципальный район,муниципальный район,с Каргасок,Томская область,59.059805,80.870872,True,1,1.000000,0.185362,0.125001,0,24,ядро типа,-0.000477,201.400000,0.055817,0.199193,0.011945,0.434593,0.035713,99.952303,False,0
2154,2024-12,1,Цифровая повседневность,0.412932,False,Кожевниковский,Кожевниковский муниципальный район,муниципальный район,с Кожевниково,Томская область,56.260007,83.975078,True,1,1.000000,0.263421,0.095189,0,24,ядро типа,-0.185814,229.000000,0.038390,0.193100,0.009635,0.492515,0.041058,83.042789,False,0
2155,2024-12,2,Автономные локальные центры,0.057588,False,Колпашевский,Колпашевский муниципальный район,муниципальный район,г Колпашево,Томская область,58.313667,82.903557,True,2,0.916667,0.119994,0.004098,4,8,устойчивый,0.082552,199.100000,0.035446,0.204205,0.013544,0.446179,0.045901,108.605542,False,0
2156,2024-12,1,Цифровая повседневность,0.443004,False,Кривошеинский,Кривошеинский муниципальный район,муниципальный район,с Кривошеино,Томская область,57.343742,83.930153,True,1,1.000000,0.373003,0.258093,0,24,ядро типа,-0.079169,219.100000,0.040003,0.208773,0.006595,0.497086,0.042168,92.388411,False,0
2157,2024-12,1,Цифровая повседневность,0.382100,False,Молчановский,Молчановский муниципальный район,муниципальный район,с Молчаново,Томская область,57.581014,83.760589,True,1,1.000000,0.316367,0.130651,0,24,ядро типа,-0.031018,216.800000,0.035710,0.247365,0.006158,0.474765,0.032663,96.945825,False,0
2158,2024-12,1,Цифровая повседневность,0.240462,False,Парабельский,Парабельский муниципальный район,муниципальный район,с Парабель,Томская область,58.599726,80.944560,True,1,1.000000,0.183687,0.069890,0,24,ядро типа,0.064915,204.300000,0.033049,0.223296,0.016842,0.463750,0.039076,106.706876,False,0
2159,2024-12,1,Цифровая повседневность,0.354391,False,Первомайский,Первомайский муниципальный район,муниципальный район,с Первомайское,Томская область,57.070614,86.226082,True,1,1.000000,0.277793,0.133343,0,24,ядро типа,-0.118122,220.300000,0.037955,0.198019,0.009593,0.503117,0.044466,88.858800,False,0
2160,2024-12,1,Цифровая повседневность,0.285606,False,Тегульдетский,Тегульдетский муниципальный район,муниципальный район,с Тегульдет,Томская область,57.306404,88.167168,True,1,1.000000,0.307305,0.192805,0,24,ядро типа,0.001522,209.900000,0.032569,0.218767,0.004978,0.518435,0.035058,100.152324,False,0
2161,2024-12,3,Крупные центры,0.572998,False,Томский,Томский муниципальный район,муниципальный район,г Томск,Томская область,56.488753,84.952343,True,3,1.000000,0.666118,0.435274,0,24,ядро типа,0.368292,453.400000,0.051314,0.160542,0.048397,0.360452,0.068113,144.526334,False,0
2162,2024-12,1,Цифровая повседневность,0.397222,False,Чаинский,Чаинский муниципальный район,муниципальный район,с Подгорное,Томская область,57.791532,82.644111,True,1,1.000000,0.371558,0.293697,0,24,ядро типа,-0.070249,210.600000,0.039515,0.244388,0.007923,0.520137,0.045127,93.216193,False,0
2163,2024-12,1,Цифровая повседневность,0.339602,False,Шегарский,Шегарский муниципальный район,муниципальный район,с Мельниково,Томская область,56.554417,84.090408,True,1,1.000000,0.193304,0.072666,0,24,ядро типа,-0.174905,229.000000,0.040430,0.178176,0.011766,0.496188,0.036324,83.953657,False,0
2164,2024-12,3,Крупные центры,0.361199,False,Тула,городской округ город Тула,городской округ,г Тула,Тульская область,54.193032,37.617540,True,3,1.000000,0.439921,0.024645,0,24,ядро типа,0.416264,404.000000,0.049539,0.182875,0.040123,0.371920,0.058469,151.628637,False,0
2165,2024-12,1,Цифровая повседневность,0.353439,False,Алексин,городской округ город Алексин,городской округ,г Алексин,Тульская область,54.502810,37.066721,True,1,1.000000,0.382035,0.255417,0,24,ядро типа,0.226716,409.400000,0.041922,0.204190,0.027817,0.390889,0.046485,125.447356,False,0
2167,2024-12,1,Цифровая повседневность,0.434367,False,Донской,городской округ город Донской,городской округ,г Донской,Тульская область,53.972935,38.326392,True,1,1.000000,0.430007,0.325669,0,24,ядро типа,0.123278,401.200000,0.041376,0.205740,0.027394,0.395185,0.049266,113.119874,False,0
2168,2024-12,1,Цифровая повседневность,0.509557,False,Ефремов,городской округ город Ефремов,городской округ,г Ефремов,Тульская область,53.141834,38.116188,True,1,1.000000,0.516441,0.457521,0,24,ядро типа,0.158741,379.000000,0.048573,0.206947,0.023604,0.409904,0.051435,117.203391,False,0
2169,2024-12,1,Цифровая повседневность,0.020726,True,Новомосковск,городской округ город Новомосковск,городской округ,г Новомосковск,Тульская область,54.011013,38.290943,True,3,0.583333,0.139612,0.013125,6,1,пограничный,0.279719,401.200000,0.046225,0.195394,0.034687,0.367640,0.053600,132.275784,False,2
2171,2024-12,1,Цифровая повседневность,0.602264,False,Арсеньевский,Арсеньевский муниципальный район,муниципальный район,рп Арсеньево,Тульская область,53.735788,36.662100,True,1,1.000000,0.499222,0.418269,0,24,ядро типа,-0.028102,376.200000,0.042410,0.246519,0.015508,0.432618,0.041239,97.228932,False,0
2172,2024-12,1,Цифровая повседневность,0.519133,False,Белевский,Белевский муниципальный район,муниципальный район,г Белев,Тульская область,53.811798,36.137001,True,1,1.000000,0.489019,0.395784,0,24,ядро типа,0.034018,373.100000,0.043663,0.262901,0.010827,0.409684,0.040897,103.460373,False,0
2173,2024-12,1,Цифровая повседневность,0.534373,False,Богородицкий,Богородицкий муниципальный район,муниципальный район,г Богородицк,Тульская область,53.773571,38.126965,True,1,1.000000,0.511174,0.472564,0,24,ядро типа,0.119517,394.800000,0.046174,0.217547,0.020043,0.400279,0.044618,112.695213,False,0
2174,2024-12,1,Цифровая повседневность,0.541851,False,Веневский,Веневский муниципальный район,муниципальный район,г Венев,Тульская область,54.350400,38.265600,True,1,1.000000,0.532350,0.469233,0,24,ядро типа,0.026105,414.200000,0.037564,0.236449,0.014330,0.417856,0.036785,102.644900,False,0
2175,2024-12,1,Цифровая повседневность,0.556311,False,Воловский,Воловский муниципальный район,муниципальный район,рп Волово,Тульская область,53.554800,38.006000,True,1,1.000000,0.581716,0.530589,0,24,ядро типа,-0.010564,384.200000,0.047675,0.259213,0.012315,0.461266,0.043477,98.949118,False,0
2176,2024-12,1,Цифровая повседневность,0.445066,False,Дубенский,Дубенский муниципальный район,муниципальный район,рп Дубна,Тульская область,54.152493,36.959186,True,1,1.000000,0.453372,0.377436,0,24,ядро типа,-0.055958,395.500000,0.043934,0.279061,0.009177,0.392443,0.030038,94.557875,False,0
2177,2024-12,1,Цифровая повседневность,0.356487,False,Заокский,Заокский муниципальный район,муниципальный район,рп Заокский,Тульская область,54.733173,37.398978,True,1,1.000000,0.373335,0.300626,0,24,ядро типа,0.295185,430.700000,0.042378,0.230191,0.025656,0.400344,0.050326,134.337544,False,0
2178,2024-12,1,Цифровая повседневность,0.518547,False,Каменский,Каменский муниципальный район,муниципальный район,с Архангельское,Тульская область,53.258633,37.695945,True,1,1.000000,0.500408,0.400550,0,24,ядро типа,-0.003221,372.800000,0.046616,0.268492,0.006174,0.425784,0.041986,99.678427,False,0
2179,2024-12,1,Цифровая повседневность,0.567250,False,Кимовский,Кимовский муниципальный район,муниципальный район,г Кимовск,Тульская область,53.969900,38.532700,True,1,1.000000,0.596938,0.553022,0,24,ядро типа,-0.011280,399.100000,0.044628,0.249253,0.015965,0.411054,0.038622,98.878341,False,0
2180,2024-12,1,Цифровая повседневность,0.528313,False,Киреевский,Киреевский муниципальный район,муниципальный район,г Киреевск,Тульская область,53.926712,37.929916,True,1,1.000000,0.543836,0.489159,0,24,ядро типа,0.011337,398.800000,0.041866,0.254602,0.013539,0.421334,0.031491,101.140123,False,0
2181,2024-12,1,Цифровая повседневность,0.577814,False,Куркинский,Куркинский муниципальный район,муниципальный район,рп Куркино,Тульская область,53.424753,38.657121,True,1,1.000000,0.565301,0.507519,0,24,ядро типа,-0.003314,378.700000,0.041187,0.253512,0.004600,0.443113,0.038840,99.669195,False,0
2182,2024-12,1,Цифровая повседневность,0.437848,False,Одоевский,Одоевский муниципальный район,муниципальный район,рп Одоев,Тульская область,53.936798,36.687901,True,1,1.000000,0.487124,0.427151,0,24,ядро типа,0.008076,383.900000,0.037454,0.286538,0.015079,0.427717,0.043987,100.810857,False,0
2183,2024-12,1,Цифровая повседневность,0.529728,False,Плавский,Плавский муниципальный район,муниципальный район,г Плавск,Тульская область,53.706873,37.292033,True,1,1.000000,0.515675,0.452062,0,24,ядро типа,0.085805,388.900000,0.035726,0.236387,0.015872,0.427079,0.038042,108.959426,False,0
2184,2024-12,1,Цифровая повседневность,0.661149,False,Суворовский,Суворовский муниципальный район,муниципальный район,г Суворов,Тульская область,54.122360,36.500027,True,1,1.000000,0.640244,0.602098,0,24,ядро типа,0.001000,384.900000,0.040764,0.226137,0.011190,0.434812,0.041225,100.100011,False,0
2185,2024-12,1,Цифровая повседневность,0.548778,False,Тепло-Огаревский,Тепло-Огаревский муниципальный район,муниципальный район,рп Теплое,Тульская область,53.623340,37.590563,True,1,1.000000,0.555082,0.506429,0,24,ядро типа,-0.089884,387.700000,0.046729,0.265158,0.011985,0.455207,0.044474,91.403690,False,0
2186,2024-12,1,Цифровая повседневность,0.420063,False,Узловский,Узловский муниципальный район,муниципальный район,г Узловая,Тульская область,53.978512,38.160255,True,1,1.000000,0.414078,0.312221,0,24,ядро типа,0.185144,402.400000,0.043983,0.210249,0.029535,0.390068,0.042065,120.339113,False,0
2187,2024-12,1,Цифровая повседневность,0.459285,False,Чернский,Чернский муниципальный район,муниципальный район,рп Чернь,Тульская область,53.450928,36.910103,True,1,1.000000,0.449792,0.353424,0,24,ядро типа,0.095698,379.000000,0.034228,0.256320,0.012416,0.410654,0.042450,110.042620,False,0
2188,2024-12,1,Цифровая повседневность,0.325142,False,Щекинский,Щекинский муниципальный район,муниципальный район,г Щекино,Тульская область,54.004465,37.517908,True,1,1.000000,0.301892,0.150654,0,24,ядро типа,0.271379,402.600000,0.045510,0.206015,0.030121,0.391996,0.048349,131.177204,False,0
2189,2024-12,1,Цифровая повседневность,0.461079,False,Ясногорский,Ясногорский муниципальный район,муниципальный район,г Ясногорск,Тульская область,54.479271,37.693329,True,1,1.000000,0.440633,0.381301,0,24,ядро типа,0.169630,413.700000,0.038386,0.238079,0.023114,0.409905,0.039970,118.486606,False,0
2190,2024-12,3,Крупные центры,0.615677,False,Тюмень,городской округ город Тюмень,городской округ,г Тюмень,Тюменская область,57.153534,65.542274,True,3,1.000000,0.757108,0.615677,0,24,ядро типа,0.482021,337.900000,0.051916,0.148186,0.056667,0.352678,0.061931,161.934362,False,0
2191,2024-12,1,Цифровая повседневность,0.128948,False,Заводоуковский,городской округ Заводоуковский,городской округ,г Заводоуковск,Тюменская область,56.509293,66.539261,True,2,0.708333,0.093634,0.001624,3,6,пограничный,0.072557,273.200000,0.042957,0.180385,0.021350,0.428739,0.055406,107.525426,False,1
2192,2024-12,2,Автономные локальные центры,0.396522,False,Ишим,городской округ город Ишим,городской округ,г Ишим,Тюменская область,56.095377,69.465928,True,2,1.000000,0.304821,0.226690,0,24,ядро типа,0.162436,272.300000,0.037041,0.167730,0.029533,0.411478,0.057445,117.637284,False,0
2193,2024-12,2,Автономные локальные центры,0.222122,False,Тобольск,городской округ город Тобольск,городской округ,г Тобольск,Тюменская область,58.199805,68.251292,True,2,0.583333,0.155052,0.005133,8,2,пограничный,0.372180,264.700000,0.041061,0.158391,0.049142,0.376827,0.055484,145.089471,False,1
2194,2024-12,2,Автономные локальные центры,0.063741,False,Ялуторовск,городской округ город Ялуторовск,городской округ,г Ялуторовск,Тюменская область,56.648975,66.296884,True,2,0.958333,0.132071,0.001554,2,5,устойчивый,0.094998,283.800000,0.041164,0.169022,0.023534,0.418637,0.052078,109.965689,False,0
2195,2024-12,1,Цифровая повседневность,0.317679,False,Абатский,Абатский муниципальный район,муниципальный район,с Абатское,Тюменская область,56.289024,70.453026,True,1,1.000000,0.250392,0.060140,0,24,ядро типа,-0.066361,256.400000,0.039033,0.188852,0.007267,0.463762,0.057317,93.579309,False,0
2196,2024-12,1,Цифровая повседневность,0.417308,False,Армизонский,Армизонский муниципальный район,муниципальный район,с Армизонское,Тюменская область,55.945129,67.685402,True,1,1.000000,0.472013,0.343497,0,24,ядро типа,-0.013305,261.900000,0.038482,0.252066,0.008295,0.388499,0.053419,98.678319,False,0
2197,2024-12,1,Цифровая повседневность,0.576738,False,Аромашевский,Аромашевский муниципальный район,муниципальный район,с Аромашево,Тюменская область,56.865017,68.647347,True,1,1.000000,0.463449,0.286439,0,24,ядро типа,-0.148178,258.600000,0.042611,0.202562,0.006995,0.482602,0.052461,86.227748,False,0
2198,2024-12,1,Цифровая повседневность,0.534837,False,Бердюжский,Бердюжский муниципальный район,муниципальный район,с Бердюжье,Тюменская область,55.805538,68.308907,True,1,1.000000,0.469875,0.200643,0,24,ядро типа,-0.066295,262.800000,0.038505,0.224122,0.006905,0.447159,0.055373,93.585463,False,0
2199,2024-12,1,Цифровая повседневность,0.394403,False,Вагайский,Вагайский муниципальный район,муниципальный район,с Вагай,Тюменская область,57.935222,69.012586,True,2,0.541667,0.154864,0.012492,5,8,пограничный,-0.127027,253.600000,0.033403,0.211915,0.013242,0.408595,0.044654,88.071023,False,0
2200,2024-12,1,Цифровая повседневность,0.019073,False,Викуловский,Викуловский муниципальный район,муниципальный район,с Викулово,Тюменская область,56.815155,70.605362,True,1,1.000000,0.319452,0.019073,0,24,ядро типа,-0.046855,250.800000,0.037473,0.179593,0.021252,0.474507,0.064078,95.422584,False,0
2201,2024-12,1,Цифровая повседневность,0.359778,False,Голышмановский,городской округ Голышмановский,городской округ,рп Голышманово,Тюменская область,56.395500,68.375000,True,1,1.000000,0.231524,0.057276,0,24,ядро типа,-0.080969,262.600000,0.035603,0.189029,0.005639,0.462144,0.055057,92.222239,False,0
2202,2024-12,1,Цифровая повседневность,0.310567,False,Исетский,Исетский муниципальный район,муниципальный район,с Исетское,Тюменская область,56.475377,65.328684,True,2,0.625000,0.170381,0.006353,1,9,пограничный,-0.086456,280.000000,0.035531,0.180909,0.014763,0.429693,0.049623,91.717570,False,1
2203,2024-12,2,Автономные локальные центры,0.045139,False,Ишимский,Ишимский муниципальный район,муниципальный район,г Ишим,Тюменская область,56.095377,69.465928,True,2,0.541667,0.142230,0.017646,6,3,пограничный,0.042253,294.700000,0.038939,0.170389,0.020561,0.428331,0.055547,104.315849,False,3
2204,2024-12,1,Цифровая повседневность,0.511781,False,Казанский,Казанский муниципальный район,муниципальный район,с Казанское,Тюменская область,55.643438,69.241927,True,1,1.000000,0.366019,0.202547,0,24,ядро типа,-0.100070,258.100000,0.036154,0.225971,0.006666,0.441739,0.052683,90.477436,False,0
2205,2024-12,1,Цифровая повседневность,0.391560,False,Нижнетавдинский,Нижнетавдинский муниципальный район,муниципальный район,с Нижняя Тавда,Тюменская область,57.665195,66.172325,True,1,1.000000,0.302089,0.067890,0,24,ядро типа,-0.076873,268.500000,0.028812,0.233916,0.009637,0.461551,0.037984,92.600742,False,0
2206,2024-12,1,Цифровая повседневность,0.598485,False,Омутинский,Омутинский муниципальный район,муниципальный район,с Омутинское,Тюменская область,56.476646,67.663940,True,1,1.000000,0.459492,0.263710,0,24,ядро типа,-0.052352,266.400000,0.040339,0.220857,0.009339,0.442621,0.052985,94.899451,False,0
2207,2024-12,1,Цифровая повседневность,0.591120,False,Сладковский,Сладковский муниципальный район,муниципальный район,с Сладково,Тюменская область,55.528728,70.347000,True,1,1.000000,0.500241,0.268698,0,24,ядро типа,-0.219772,254.500000,0.043512,0.208319,0.007591,0.499176,0.049530,80.270183,False,0
2208,2024-12,2,Автономные локальные центры,0.008242,True,Сорокинский,Сорокинский муниципальный район,муниципальный район,с Большое Сорокино,Тюменская область,56.629576,69.807671,True,1,0.625000,0.088217,0.004398,11,1,пограничный,-0.088572,254.500000,0.028949,0.182974,0.011163,0.458812,0.060184,91.523703,False,2
2210,2024-12,3,Крупные центры,0.664363,False,Тюменский,Тюменский муниципальный район,муниципальный район,г Тюмень,Тюменская область,57.153534,65.542274,True,3,1.000000,0.635518,0.155684,0,24,ядро типа,0.375040,676.700000,0.046549,0.164284,0.053443,0.352804,0.066344,145.504901,False,0
2211,2024-12,1,Цифровая повседневность,0.271175,False,Уватский,Уватский муниципальный район,муниципальный район,с Уват,Тюменская область,59.142882,68.896172,True,1,0.750000,0.136537,0.018164,1,18,устойчивый,0.104329,245.300000,0.030025,0.238536,0.018021,0.452093,0.037289,110.996569,False,1
2212,2024-12,1,Цифровая повседневность,0.319626,False,Упоровский,Упоровский муниципальный район,муниципальный район,с Упорово,Тюменская область,56.312378,66.267189,True,1,1.000000,0.296323,0.064118,0,24,ядро типа,-0.058402,271.300000,0.037419,0.184289,0.014844,0.479529,0.055166,94.327081,False,0
2213,2024-12,1,Цифровая повседневность,0.584706,False,Юргинский,Юргинский муниципальный район,муниципальный район,с Юргинское,Тюменская область,56.818596,67.392548,True,1,1.000000,0.565417,0.453339,0,24,ядро типа,-0.035153,264.900000,0.037037,0.225537,0.006693,0.467553,0.047492,96.545782,False,0
2215,2024-12,1,Цифровая повседневность,0.350027,False,Ярковский,Ярковский муниципальный район,муниципальный район,с Ярково,Тюменская область,57.405594,67.071770,True,2,0.500000,0.128974,0.021954,5,6,пограничный,-0.098914,266.800000,0.031526,0.200469,0.016341,0.451726,0.047901,90.582063,False,2
2216,2024-12,2,Автономные локальные центры,0.170750,False,Ханты-Мансийск,городской округ город Ханты-Мансийск,городской округ,г Ханты-Мансийск,Ханты-Мансийский автономный округ — Югра,61.003445,69.019001,True,2,0.625000,0.093480,0.003387,4,4,пограничный,0.621428,238.700000,0.036631,0.171370,0.062088,0.342987,0.059393,186.158509,False,4
2217,2024-12,2,Автономные локальные центры,0.447498,False,Когалым,городской округ город Когалым,городской округ,г Когалым,Ханты-Мансийский автономный округ — Югра,62.267980,74.488907,True,2,1.000000,0.271636,0.085793,0,24,ядро типа,0.487214,218.900000,0.035579,0.186022,0.056336,0.361325,0.049946,162.777530,False,0
2218,2024-12,2,Автономные локальные центры,0.442011,False,Лангепас,городской округ город Лангепас,городской округ,г Лангепас,Ханты-Мансийский автономный округ — Югра,61.251662,75.178810,True,2,1.000000,0.351399,0.263144,0,24,ядро типа,0.253939,224.100000,0.034828,0.178630,0.046167,0.385859,0.034781,128.909267,False,0
2219,2024-12,2,Автономные локальные центры,0.472446,False,Мегион,городской округ город Мегион,городской округ,г Мегион,Ханты-Мансийский автономный округ — Югра,61.035404,76.108215,True,2,1.000000,0.365299,0.207458,0,24,ядро типа,0.441633,223.400000,0.040780,0.168203,0.051603,0.360605,0.040839,155.524441,False,0
2220,2024-12,2,Автономные локальные центры,0.394713,False,Нефтеюганск,городской округ город Нефтеюганск,городской округ,г Нефтеюганск,Ханты-Мансийский автономный округ — Югра,61.096204,72.611191,True,2,1.000000,0.243658,0.016339,0,24,ядро типа,0.510644,241.300000,0.039131,0.159517,0.050488,0.361083,0.050359,166.636407,False,0
2221,2024-12,2,Автономные локальные центры,0.366357,False,Нижневартовск,городской округ город Нижневартовск,городской округ,г Нижневартовск,Ханты-Мансийский автономный округ — Югра,60.939187,76.551179,True,2,1.000000,0.239066,0.061696,0,24,ядро типа,0.508055,225.300000,0.040547,0.142989,0.056859,0.363370,0.052600,166.205591,False,0
2222,2024-12,2,Автономные локальные центры,0.528483,False,Нягань,городской округ город Нягань,городской округ,г Нягань,Ханты-Мансийский автономный округ — Югра,62.165062,65.454420,True,2,1.000000,0.417435,0.289342,0,24,ядро типа,0.536691,236.100000,0.036218,0.179633,0.045304,0.380299,0.046420,171.033804,False,0
2223,2024-12,2,Автономные локальные центры,0.331507,False,Покачи,городской округ город Покачи,городской округ,г Покачи,Ханты-Мансийский автономный округ — Югра,61.737690,75.605094,True,2,1.000000,0.243687,0.124881,0,24,ядро типа,0.255227,220.300000,0.034378,0.204148,0.034736,0.385791,0.037382,129.075439,False,0
2224,2024-12,2,Автономные локальные центры,0.536705,False,Пыть-Ях,городской округ город Пыть-Ях,городской округ,г Пыть-Ях,Ханты-Мансийский автономный округ — Югра,60.709740,72.858480,True,2,1.000000,0.440169,0.330814,0,24,ядро типа,0.382855,230.900000,0.032043,0.185290,0.046690,0.381660,0.053195,146.646562,False,0
2225,2024-12,2,Автономные локальные центры,0.258053,False,Радужный,городской округ город Радужный,городской округ,г Радужный,Ханты-Мансийский автономный округ — Югра,62.135315,77.462616,True,2,1.000000,0.328036,0.228299,0,24,ядро типа,0.129353,212.300000,0.032501,0.197247,0.040315,0.392819,0.030229,113.809179,False,0
2226,2024-12,2,Автономные локальные центры,0.056498,True,Сургут,городской округ город Сургут,городской округ,г Сургут,Ханты-Мансийский автономный округ — Югра,61.292235,73.415837,True,3,0.833333,0.150834,0.033400,2,1,устойчивый,0.535521,277.900000,0.041772,0.145492,0.059551,0.365271,0.058525,170.833782,False,1
2227,2024-12,2,Автономные локальные центры,0.547873,False,Урай,городской округ город Урай,городской округ,г Урай,Ханты-Мансийский автономный округ — Югра,60.119258,64.760000,True,2,1.000000,0.395519,0.288177,0,24,ядро типа,0.409953,234.500000,0.036537,0.186688,0.040642,0.396740,0.049465,150.674688,False,0
2228,2024-12,2,Автономные локальные центры,0.574016,False,Югорск,городской округ город Югорск,городской округ,г Югорск,Ханты-Мансийский автономный округ — Югра,61.315917,63.334479,True,2,1.000000,0.436693,0.227016,0,24,ядро типа,0.307592,245.100000,0.036606,0.178077,0.042330,0.380837,0.056833,136.014648,False,0
2229,2024-12,2,Автономные локальные центры,0.432113,False,Белоярский,Белоярский муниципальный район,муниципальный район,г Белоярский,Ханты-Мансийский автономный округ — Югра,63.681581,66.756177,True,2,1.000000,0.425124,0.317312,0,24,ядро типа,0.270581,223.400000,0.033268,0.189933,0.053623,0.363760,0.039090,131.072577,False,0
2230,2024-12,2,Автономные локальные центры,0.151972,False,Березовский,Березовский муниципальный район,муниципальный район,пгт Березово,Ханты-Мансийский автономный округ — Югра,63.935246,65.053566,True,2,1.000000,0.314227,0.151972,0,24,ядро типа,0.300919,222.400000,0.029358,0.229331,0.019451,0.369016,0.046167,135.109935,False,0
2231,2024-12,2,Автономные локальные центры,0.217680,False,Кондинский,Кондинский муниципальный район,муниципальный район,пгт Междуреченский,Ханты-Мансийский автономный округ — Югра,59.592486,65.908510,True,2,1.000000,0.287705,0.135869,0,24,ядро типа,0.300805,230.900000,0.031981,0.227717,0.022687,0.401973,0.054828,135.094549,False,0
2232,2024-12,2,Автономные локальные центры,0.281615,False,Нефтеюганский,Нефтеюганский муниципальный район,муниципальный район,г Нефтеюганск,Ханты-Мансийский автономный округ — Югра,61.096204,72.611191,True,2,1.000000,0.290654,0.217330,0,24,ядро типа,0.352064,260.200000,0.033218,0.206427,0.030664,0.367734,0.040641,142.199929,False,0
2233,2024-12,2,Автономные локальные центры,0.091881,False,Нижневартовский,Нижневартовский муниципальный район,муниципальный район,г Нижневартовск,Ханты-Мансийский автономный округ — Югра,60.939187,76.551179,True,2,1.000000,0.187530,0.023721,0,24,ядро типа,0.091241,268.000000,0.031038,0.210528,0.037021,0.380579,0.034437,109.553337,False,0
2234,2024-12,2,Автономные локальные центры,0.042536,False,Октябрьский,Октябрьский муниципальный район,муниципальный район,пгт Октябрьское,Ханты-Мансийский автономный округ — Югра,62.459541,66.045067,True,2,0.916667,0.138038,0.011429,4,7,устойчивый,0.257846,231.400000,0.027274,0.235192,0.019308,0.422066,0.036119,129.413937,False,0
2235,2024-12,2,Автономные локальные центры,0.499163,False,Советский,Советский муниципальный район,муниципальный район,г Советский,Ханты-Мансийский автономный округ — Югра,61.358029,63.562188,True,2,1.000000,0.473541,0.426376,0,24,ядро типа,0.270017,244.400000,0.032699,0.192506,0.027860,0.428682,0.052807,130.998723,False,0
2236,2024-12,2,Автономные локальные центры,0.120099,False,Сургутский,Сургутский муниципальный район,муниципальный район,г Сургут,Ханты-Мансийский автономный округ — Югра,61.292235,73.415837,True,2,1.000000,0.131638,0.045980,0,24,устойчивый,0.216038,397.200000,0.032306,0.185704,0.043166,0.380606,0.041703,124.114905,False,0
2237,2024-12,2,Автономные локальные центры,0.428539,False,Ханты-Мансийский,Ханты-Мансийский муниципальный район,муниципальный район,г Ханты-Мансийск,Ханты-Мансийский автономный округ — Югра,61.003445,69.019001,True,2,1.000000,0.318294,0.197653,0,24,ядро типа,0.205369,274.600000,0.028668,0.175993,0.047513,0.394111,0.064904,122.797840,False,0
2238,2024-12,2,Автономные локальные центры,0.440532,False,Салехард,городской округ город Салехард,городской округ,г Салехард,Ямало-Ненецкий автономный округ,66.349536,66.633474,True,2,1.000000,0.342915,0.084442,0,24,ядро типа,0.727879,205.000000,0.034968,0.134374,0.041834,0.373963,0.065329,207.068454,False,0
2241,2024-12,2,Автономные локальные центры,0.357931,False,Муравленко,городской округ город Муравленко,городской округ,г Муравленко,Ямало-Ненецкий автономный округ,63.794798,74.496932,True,2,1.000000,0.301324,0.209555,0,24,ядро типа,0.398801,210.400000,0.032961,0.209682,0.040437,0.379918,0.036410,149.003739,False,0
2242,2024-12,2,Автономные локальные центры,0.397456,False,Новый Уренгой,городской округ город Новый Уренгой,городской округ,г Новый Уренгой,Ямало-Ненецкий автономный округ,66.028966,78.080979,True,2,0.750000,0.213889,0.023571,4,4,устойчивый,0.487498,200.700000,0.035739,0.163838,0.062462,0.336483,0.055016,162.823689,False,4
2243,2024-12,2,Автономные локальные центры,0.579275,False,Ноябрьск,городской округ город Ноябрьск,городской округ,г Ноябрьск,Ямало-Ненецкий автономный округ,63.119118,75.346704,True,2,1.000000,0.364150,0.096497,0,24,ядро типа,0.445267,211.800000,0.036590,0.173271,0.049621,0.381811,0.050725,156.090656,False,0
2244,2024-12,2,Автономные локальные центры,0.333870,False,Красноселькупский,муниципальный округ Красноселькупский район,муниципальный округ,с Красноселькуп,Ямало-Ненецкий автономный округ,65.704239,82.458855,True,2,1.000000,0.350017,0.211402,0,24,ядро типа,0.450223,191.700000,0.028033,0.124078,0.017753,0.410605,0.014320,156.866124,False,0
2245,2024-12,2,Автономные локальные центры,0.518395,False,Надымский,муниципальный округ Надымский район,муниципальный округ,г Надым,Ямало-Ненецкий автономный округ,65.532000,72.520000,True,2,1.000000,0.334694,0.096560,0,24,ядро типа,0.432729,205.700000,0.032061,0.182704,0.049189,0.370219,0.038649,154.145831,False,0
2248,2024-12,2,Автономные локальные центры,0.328178,False,Тазовский,муниципальный округ Тазовский район,муниципальный округ,п Тазовский,Ямало-Ненецкий автономный округ,67.473532,78.714921,True,2,1.000000,0.338290,0.167840,0,24,ядро типа,0.517857,191.500000,0.025264,0.210458,0.047834,0.382176,0.031040,167.842691,False,0
2249,2024-12,2,Автономные локальные центры,0.416443,False,Шурышкарский,муниципальный округ Шурышкарский район,муниципальный округ,с Мужи,Ямало-Ненецкий автономный округ,65.400004,64.701858,True,2,1.000000,0.417343,0.271434,0,24,ядро типа,0.391297,212.800000,0.025344,0.157598,0.015356,0.494039,0.044196,147.889773,False,0
2250,2024-12,2,Автономные локальные центры,0.406136,False,Ямальский,муниципальный округ Ямальский район,муниципальный округ,с Яр-Сале,Ямало-Ненецкий автономный округ,66.865563,70.836530,True,2,1.000000,0.373281,0.210359,0,24,ядро типа,0.549988,197.200000,0.031638,0.113326,0.040125,0.470670,0.029561,173.323281,False,0
2251,2024-12,3,Крупные центры,0.208044,False,Ульяновск,городской округ город Ульяновск,городской округ,г Ульяновск,Ульяновская область,54.315028,48.403373,True,3,0.875000,0.297237,0.154970,1,21,устойчивый,0.236286,349.500000,0.052481,0.173794,0.043540,0.371714,0.058531,126.653640,False,1
2252,2024-12,1,Цифровая повседневность,0.293987,False,Димитровград,городской округ город Димитровград,городской округ,г Димитровград,Ульяновская область,54.218899,49.603898,True,1,1.000000,0.263774,0.084215,0,24,ядро типа,0.118889,365.300000,0.047105,0.184295,0.035028,0.404082,0.053089,112.624436,False,0
2253,2024-12,1,Цифровая повседневность,0.593544,False,Новоульяновск,городской округ город Новоульяновск,городской округ,г Новоульяновск,Ульяновская область,54.150207,48.385651,True,1,1.000000,0.549842,0.468056,0,24,ядро типа,-0.204931,354.000000,0.042191,0.210236,0.017450,0.412049,0.026893,81.470312,False,0
2254,2024-12,1,Цифровая повседневность,0.717150,False,Базарносызганский,Базарносызганский муниципальный район,муниципальный район,рп Базарный Сызган,Ульяновская область,53.748268,46.758482,True,1,1.000000,0.593915,0.432038,0,24,ядро типа,-0.169203,349.700000,0.043881,0.222247,0.006123,0.487171,0.048509,84.433708,False,0
2255,2024-12,1,Цифровая повседневность,0.735937,False,Барышский,Барышский муниципальный район,муниципальный район,г Барыш,Ульяновская область,53.654076,47.101374,True,1,1.000000,0.712777,0.640904,0,24,ядро типа,-0.274653,349.200000,0.044589,0.222420,0.010489,0.460554,0.046574,75.983567,False,0
2256,2024-12,1,Цифровая повседневность,0.637345,False,Вешкаймский,Вешкаймский муниципальный район,муниципальный район,рп Вешкайма,Ульяновская область,54.048786,47.123844,True,1,1.000000,0.577146,0.471257,0,24,ядро типа,-0.293376,351.100000,0.049971,0.227201,0.010522,0.479780,0.039944,74.574185,False,0
2257,2024-12,1,Цифровая повседневность,0.698156,False,Инзенский,Инзенский муниципальный район,муниципальный район,г Инза,Ульяновская область,53.857940,46.357324,True,1,1.000000,0.654088,0.576241,0,24,ядро типа,-0.194448,353.200000,0.047357,0.199559,0.017979,0.483442,0.045900,82.328866,False,0
2258,2024-12,1,Цифровая повседневность,0.634762,False,Карсунский,Карсунский муниципальный район,муниципальный район,рп Карсун,Ульяновская область,54.197055,46.979345,True,1,1.000000,0.588308,0.483435,0,24,ядро типа,-0.383295,354.400000,0.046095,0.240045,0.013183,0.439503,0.047314,68.161187,False,0
2259,2024-12,1,Цифровая повседневность,0.703104,False,Кузоватовский,Кузоватовский муниципальный район,муниципальный район,рп Кузоватово,Ульяновская область,53.540800,47.685000,True,1,1.000000,0.675534,0.559726,0,24,ядро типа,-0.309013,347.800000,0.046944,0.222693,0.014125,0.463576,0.046022,73.417137,False,0
2260,2024-12,1,Цифровая повседневность,0.612032,False,Майнский,Майнский муниципальный район,муниципальный район,рп Майна,Ульяновская область,54.114051,47.626490,True,1,1.000000,0.571886,0.429985,0,24,ядро типа,-0.368195,350.900000,0.048339,0.207542,0.007693,0.507582,0.040112,69.198221,False,0
2262,2024-12,1,Цифровая повседневность,0.511930,False,Николаевский,Николаевский муниципальный район,муниципальный район,рп Николаевка,Ульяновская область,53.131115,47.200366,True,1,1.000000,0.443608,0.224672,0,24,ядро типа,-0.329337,351.400000,0.051288,0.243434,0.009710,0.416888,0.059971,71.940055,False,0
2264,2024-12,1,Цифровая повседневность,0.751567,False,Новоспасский,Новоспасский муниципальный район,муниципальный район,рп Новоспасское,Ульяновская область,53.149206,47.752608,True,1,1.000000,0.625820,0.304373,0,24,ядро типа,-0.189304,349.900000,0.045776,0.222371,0.013945,0.440763,0.040421,82.753527,False,0
2265,2024-12,1,Цифровая повседневность,0.467807,False,Павловский,Павловский муниципальный район,муниципальный район,рп Павловка,Ульяновская область,52.689489,47.139847,True,1,1.000000,0.468164,0.374765,0,24,ядро типа,-0.380410,345.500000,0.052760,0.284595,0.007338,0.418385,0.039885,68.358131,False,0
2266,2024-12,1,Цифровая повседневность,0.708957,False,Радищевский,Радищевский муниципальный район,муниципальный район,рп Радищево,Ульяновская область,52.852049,47.870658,True,1,1.000000,0.597805,0.490199,0,24,ядро типа,-0.228551,344.000000,0.045249,0.228565,0.004641,0.436246,0.046641,79.568569,False,0
2267,2024-12,1,Цифровая повседневность,0.631350,False,Сенгилеевский,Сенгилеевский муниципальный район,муниципальный район,г Сенгилей,Ульяновская область,53.958873,48.787218,True,1,1.000000,0.618275,0.537373,0,24,ядро типа,-0.330878,342.600000,0.039628,0.242696,0.011910,0.463285,0.036072,71.829274,False,0
2268,2024-12,1,Цифровая повседневность,0.368443,False,Старокулаткинский,Старокулаткинский муниципальный район,муниципальный район,рп Старая Кулатка,Ульяновская область,52.731380,47.620704,True,1,1.000000,0.430889,0.299892,0,24,ядро типа,-0.518957,343.300000,0.067115,0.178077,0.008997,0.517787,0.040383,59.514102,False,0
2269,2024-12,1,Цифровая повседневность,0.593547,False,Старомайнский,Старомайнский муниципальный район,муниципальный район,рп Старая Майна,Ульяновская область,54.607064,48.925899,True,1,1.000000,0.604706,0.517460,0,24,ядро типа,-0.394965,347.300000,0.037592,0.242589,0.013246,0.438999,0.034851,67.370332,False,0
2270,2024-12,1,Цифровая повседневность,0.583877,False,Сурский,Сурский муниципальный район,муниципальный район,рп Сурское,Ульяновская область,54.480041,46.723443,True,1,1.000000,0.612984,0.468106,0,24,ядро типа,-0.352138,355.600000,0.050807,0.246116,0.017330,0.443700,0.045381,70.318342,False,0
2271,2024-12,1,Цифровая повседневность,0.618362,False,Тереньгульский,Тереньгульский муниципальный район,муниципальный район,рп Тереньга,Ульяновская область,53.716112,48.367123,True,1,1.000000,0.612703,0.486865,0,24,ядро типа,-0.396474,348.800000,0.049085,0.220174,0.002379,0.482205,0.038747,67.268783,False,0
2272,2024-12,1,Цифровая повседневность,0.699326,False,Ульяновский,Ульяновский муниципальный район,муниципальный район,рп Ишеевка,Ульяновская область,54.426918,48.274990,True,1,1.000000,0.666721,0.551960,0,24,ядро типа,-0.308342,358.700000,0.042724,0.201768,0.020566,0.451579,0.036190,73.466373,False,0
2274,2024-12,1,Цифровая повседневность,0.714445,False,Чердаклинский,Чердаклинский муниципальный район,муниципальный район,рп Чердаклы,Ульяновская область,54.360061,48.848998,True,1,1.000000,0.719126,0.574886,0,24,ядро типа,-0.197218,354.400000,0.044078,0.225862,0.023351,0.416267,0.047301,82.101149,False,0
2275,2024-12,3,Крупные центры,0.241168,False,Челябинский,городской округ Челябинский,городской округ,г Челябинск,Челябинская область,55.159841,61.402555,True,3,1.000000,0.366475,0.061503,0,24,ядро типа,0.329788,297.800000,0.050850,0.152483,0.050850,0.365175,0.060851,139.067284,False,0
2276,2024-12,1,Цифровая повседневность,0.512577,False,Верхнеуфалейский,городской округ Верхнеуфалейский,городской округ,г Верхний Уфалей,Челябинская область,56.052029,60.226448,True,1,1.000000,0.600698,0.453950,0,24,ядро типа,-0.020221,308.400000,0.042674,0.178767,0.021635,0.452365,0.038561,97.998246,False,0
2278,2024-12,1,Цифровая повседневность,0.299247,False,Карабашский,городской округ Карабашский,городской округ,г Карабаш,Челябинская область,55.488569,60.202878,True,1,1.000000,0.524058,0.299247,0,24,ядро типа,0.005172,307.200000,0.037686,0.185550,0.029114,0.404898,0.031961,100.518517,False,0
2279,2024-12,2,Автономные локальные центры,0.233735,False,Копейский,городской округ Копейский,городской округ,г Копейск,Челябинская область,55.113195,61.621633,True,2,0.916667,0.121171,0.007571,2,7,устойчивый,0.270980,314.000000,0.043979,0.157940,0.039403,0.389313,0.053343,131.124890,False,0
2280,2024-12,1,Цифровая повседневность,0.109986,False,Кыштымский,городской округ Кыштымский,городской округ,г Кыштым,Челябинская область,55.709922,60.551127,True,1,1.000000,0.212794,0.092128,0,24,ядро типа,0.185731,308.900000,0.046768,0.176876,0.030566,0.413657,0.051956,120.409890,False,0
2281,2024-12,2,Автономные локальные центры,0.068912,True,Магнитогорский,городской округ Магнитогорский,городской округ,г Магнитогорск,Челябинская область,53.424218,58.983136,True,3,0.791667,0.149967,0.032987,4,1,устойчивый,0.183992,292.100000,0.047797,0.157190,0.047336,0.369909,0.056885,120.200637,False,1
2282,2024-12,2,Автономные локальные центры,0.101063,True,Миасский,городской округ Миасский,городской округ,г Миасс,Челябинская область,55.050568,60.108713,True,3,0.791667,0.077961,0.004656,6,1,пограничный,0.270323,308.100000,0.047578,0.169129,0.043492,0.384989,0.054576,131.038727,False,0
2286,2024-12,1,Цифровая повседневность,0.146026,False,Троицкий,городской округ Троицкий,городской округ,г Троицк,Челябинская область,54.084772,61.551405,True,1,1.000000,0.227338,0.132136,0,24,ядро типа,0.093850,304.800000,0.048972,0.173082,0.028408,0.402953,0.054015,109.839521,False,0
2287,2024-12,1,Цифровая повседневность,0.661644,False,Усть-Катавский,городской округ Усть-Катавский,городской округ,г Усть-Катав,Челябинская область,54.930800,58.174840,True,1,1.000000,0.631850,0.503403,0,24,ядро типа,-0.007149,312.400000,0.045467,0.196033,0.020735,0.442120,0.037967,99.287616,False,0
2288,2024-12,2,Автономные локальные центры,0.076530,False,Чебаркульский,городской округ Чебаркульский,городской округ,г Чебаркуль,Челябинская область,54.977795,60.370090,True,2,0.583333,0.134047,0.008163,1,14,пограничный,0.254678,322.800000,0.043986,0.183054,0.040862,0.386575,0.048018,129.004662,False,1
2289,2024-12,1,Цифровая повседневность,0.111122,False,Южноуральский,городской округ Южноуральский,городской округ,г Южноуральск,Челябинская область,54.442536,61.268273,True,1,1.000000,0.168414,0.039942,0,24,ядро типа,0.152631,297.800000,0.049267,0.175591,0.030168,0.409721,0.051592,116.489468,False,0
2292,2024-12,1,Цифровая повседневность,0.613426,False,Аргаяшский,Аргаяшский муниципальный район,муниципальный район,с Аргаяш,Челябинская область,55.490809,60.877628,True,1,1.000000,0.520274,0.383495,0,24,ядро типа,-0.210499,307.900000,0.039198,0.186380,0.016560,0.437253,0.037603,81.017956,False,0
2293,2024-12,1,Цифровая повседневность,0.619306,False,Ашинский,Ашинский муниципальный район,муниципальный район,г Аша,Челябинская область,54.990890,57.278053,True,1,1.000000,0.590041,0.549854,0,24,ядро типа,0.028411,315.200000,0.043939,0.200909,0.018335,0.454760,0.031406,102.881849,False,0
2294,2024-12,1,Цифровая повседневность,0.577151,False,Брединский,Брединский муниципальный район,муниципальный район,п Бреды,Челябинская область,52.422397,60.337256,True,1,1.000000,0.598251,0.526403,0,24,ядро типа,-0.160675,276.000000,0.042822,0.224117,0.008709,0.391176,0.035377,85.156863,False,0
2295,2024-12,1,Цифровая повседневность,0.754658,False,Варненский,Варненский муниципальный район,муниципальный район,с Варна,Челябинская область,53.377825,60.978359,True,1,1.000000,0.618593,0.389076,0,24,ядро типа,-0.088639,279.800000,0.041291,0.202791,0.018426,0.440148,0.050403,91.517548,False,0
2296,2024-12,1,Цифровая повседневность,0.707549,False,Верхнеуральский,Верхнеуральский муниципальный район,муниципальный район,г Верхнеуральск,Челябинская область,53.875339,59.219759,True,1,1.000000,0.646122,0.477629,0,24,ядро типа,-0.139402,295.900000,0.039161,0.195734,0.015778,0.428046,0.039338,86.987829,False,0
2297,2024-12,1,Цифровая повседневность,0.488391,False,Еманжелинский,Еманжелинский муниципальный район,муниципальный район,г Еманжелинск,Челябинская область,54.759121,61.313198,True,1,1.000000,0.468520,0.405755,0,24,ядро типа,-0.050311,303.400000,0.040612,0.198401,0.017378,0.414892,0.026535,95.093318,False,0
2298,2024-12,1,Цифровая повседневность,0.691019,False,Еткульский,Еткульский муниципальный район,муниципальный район,с Еткуль,Челябинская область,54.828304,61.592037,True,1,1.000000,0.625032,0.446841,0,24,ядро типа,-0.040362,305.100000,0.040178,0.217263,0.013777,0.432155,0.036109,96.044189,False,0
2299,2024-12,1,Цифровая повседневность,0.752233,False,Карталинский,Карталинский муниципальный район,муниципальный район,г Карталы,Челябинская область,53.053261,60.639172,True,1,1.000000,0.693856,0.540113,0,24,ядро типа,-0.168876,280.300000,0.040478,0.199803,0.016577,0.436077,0.040733,84.461404,False,0
2300,2024-12,1,Цифровая повседневность,0.587861,False,Каслинский,Каслинский муниципальный район,муниципальный район,г Касли,Челябинская область,55.890419,60.753852,True,1,1.000000,0.598342,0.509697,0,24,ядро типа,-0.019248,307.700000,0.045017,0.182922,0.012203,0.464316,0.038837,98.093641,False,0
2301,2024-12,1,Цифровая повседневность,0.757572,False,Катав-Ивановский,Катав-Ивановский муниципальный район,муниципальный район,г Катав-Ивановск,Челябинская область,54.753479,58.205784,True,1,1.000000,0.739972,0.644248,0,24,ядро типа,-0.068567,310.000000,0.042975,0.195762,0.018620,0.456942,0.046930,93.373132,False,0
2302,2024-12,1,Цифровая повседневность,0.512466,False,Кизильский,Кизильский муниципальный район,муниципальный район,с Кизильское,Челябинская область,52.725540,58.893696,True,1,1.000000,0.484213,0.339391,0,24,ядро типа,-0.275585,288.800000,0.037213,0.200130,0.013215,0.406948,0.030321,75.912791,False,0
2303,2024-12,1,Цифровая повседневность,0.306004,False,Коркинский,Коркинский муниципальный округ,муниципальный округ,г Коркино,Челябинская область,54.889923,61.407963,True,1,1.000000,0.438171,0.271028,0,24,ядро типа,0.120799,306.700000,0.044152,0.179607,0.021680,0.404292,0.040470,112.839844,False,0
2304,2024-12,1,Цифровая повседневность,0.620294,False,Красноармейский,Красноармейский муниципальный район,муниципальный район,с Миасское,Челябинская область,55.283096,61.893074,True,1,1.000000,0.489430,0.335255,0,24,ядро типа,-0.129440,306.500000,0.035270,0.207804,0.013274,0.442051,0.034710,87.858692,False,0
2305,2024-12,1,Цифровая повседневность,0.766096,False,Кунашакский,Кунашакский муниципальный район,муниципальный район,с Кунашак,Челябинская область,55.698971,61.550903,True,1,1.000000,0.509031,0.227294,0,24,ядро типа,-0.228822,302.200000,0.038337,0.209942,0.016480,0.432456,0.046770,79.547028,False,0
2307,2024-12,1,Цифровая повседневность,0.593138,False,Нагайбакский,Нагайбакский муниципальный район,муниципальный район,с Фершампенуаз,Челябинская область,53.521410,59.811200,True,1,1.000000,0.538282,0.360206,0,24,ядро типа,-0.303287,291.600000,0.049510,0.224880,0.010627,0.405209,0.034257,73.838721,False,0
2308,2024-12,1,Цифровая повседневность,0.542244,False,Нязепетровский,Нязепетровский муниципальный район,муниципальный район,г Нязепетровск,Челябинская область,56.055508,59.598629,True,1,1.000000,0.539006,0.397081,0,24,ядро типа,-0.166474,307.700000,0.052339,0.190274,0.009341,0.460437,0.034784,84.664502,False,0
2309,2024-12,1,Цифровая повседневность,0.578245,False,Октябрьский,Октябрьский муниципальный район,муниципальный район,с Октябрьское,Челябинская область,54.410706,62.728809,True,1,1.000000,0.496744,0.372462,0,24,ядро типа,-0.236394,285.700000,0.046424,0.223075,0.015046,0.443578,0.026545,78.946964,False,0
2310,2024-12,1,Цифровая повседневность,0.680990,False,Пластовский,Пластовский муниципальный район,муниципальный район,г Пласт,Челябинская область,54.369812,60.807091,True,1,1.000000,0.637275,0.554245,0,24,ядро типа,0.004467,297.500000,0.043472,0.197322,0.018442,0.430917,0.040408,100.447741,False,0
2311,2024-12,1,Цифровая повседневность,0.320872,False,Саткинский,Саткинский муниципальный район,муниципальный район,г Сатка,Челябинская область,55.040287,59.028034,True,1,1.000000,0.332315,0.205190,0,24,ядро типа,0.097653,309.100000,0.042143,0.182222,0.027323,0.425928,0.046274,110.258028,False,0
2312,2024-12,3,Крупные центры,0.355032,False,Сосновский,Сосновский муниципальный район,муниципальный район,с Долгодеревенское,Челябинская область,55.346266,61.341587,True,3,0.875000,0.349550,0.001548,3,21,устойчивый,0.301670,313.100000,0.046747,0.175971,0.048135,0.343909,0.067867,135.211484,False,0
2314,2024-12,1,Цифровая повседневность,0.570450,False,Увельский,Увельский муниципальный район,муниципальный район,п Увельский,Челябинская область,54.441994,61.354397,True,1,1.000000,0.490458,0.233787,0,24,ядро типа,-0.210044,297.000000,0.033865,0.207973,0.014237,0.431397,0.035877,81.054883,False,0
2315,2024-12,1,Цифровая повседневность,0.707047,False,Уйский,Уйский муниципальный район,муниципальный район,с Уйское,Челябинская область,54.373421,60.005447,True,1,1.000000,0.689488,0.498438,0,24,ядро типа,-0.199470,297.000000,0.040233,0.205522,0.009354,0.450714,0.034335,81.916514,False,0
2316,2024-12,1,Цифровая повседневность,0.444645,False,Чебаркульский,Чебаркульский муниципальный район,муниципальный район,г Чебаркуль,Челябинская область,54.977795,60.370090,True,1,1.000000,0.511516,0.250202,0,24,ядро типа,0.006273,330.800000,0.032140,0.228831,0.019265,0.406929,0.032721,100.629299,False,0
2317,2024-12,1,Цифровая повседневность,0.807061,False,Чесменский,Чесменский муниципальный район,муниципальный район,с Чесма,Челябинская область,53.813156,60.653219,True,1,1.000000,0.618233,0.402973,0,24,ядро типа,-0.128320,287.600000,0.039919,0.209985,0.008082,0.439772,0.043662,87.957165,False,0
2318,2024-12,3,Крупные центры,0.357391,False,Ярославль,городской округ город Ярославль,городской округ,г Ярославль,Ярославская область,57.626388,39.893371,True,3,1.000000,0.467371,0.076159,0,24,ядро типа,0.346356,417.900000,0.047141,0.166387,0.046793,0.378958,0.053018,141.390611,False,0
2320,2024-12,1,Цифровая повседневность,0.138425,False,Рыбинск,городской округ город Рыбинск,городской округ,г Рыбинск,Ярославская область,58.050373,38.834637,True,1,0.625000,0.055585,0.002626,6,4,пограничный,0.202760,375.000000,0.046531,0.174619,0.039396,0.393583,0.046255,122.477805,False,1
2321,2024-12,1,Цифровая повседневность,0.525362,False,Большесельский,Большесельский муниципальный район,муниципальный район,с Большое Село,Ярославская область,57.718473,38.935560,True,1,1.000000,0.510913,0.431493,0,24,ядро типа,-0.075578,371.200000,0.038100,0.253327,0.004115,0.436029,0.030434,92.720755,False,0
2322,2024-12,1,Цифровая повседневность,0.707207,False,Борисоглебский,Борисоглебский муниципальный район,муниципальный район,рп Борисоглебский,Ярославская область,57.259000,39.150000,True,1,1.000000,0.667717,0.465715,0,24,ядро типа,-0.018150,387.000000,0.042680,0.228503,0.012911,0.440305,0.043902,98.201345,False,0
2323,2024-12,1,Цифровая повседневность,0.414695,False,Брейтовский,Брейтовский муниципальный район,муниципальный район,с Брейтово,Ярославская область,58.303324,37.859476,True,1,1.000000,0.438928,0.268555,0,24,ядро типа,-0.058630,345.200000,0.042159,0.297624,0.005645,0.451087,0.058115,94.305541,False,0
2324,2024-12,1,Цифровая повседневность,0.591312,False,Гаврилов-Ямский,Гаврилов-Ямский муниципальный район,муниципальный район,г Гаврилов-Ям,Ярославская область,57.303283,39.853770,True,1,1.000000,0.522572,0.445669,0,24,ядро типа,-0.090322,384.400000,0.042506,0.222263,0.017413,0.446851,0.026810,91.363685,False,0
2325,2024-12,1,Цифровая повседневность,0.636926,False,Даниловский,Даниловский муниципальный район,муниципальный район,г Данилов,Ярославская область,58.188808,40.175114,True,1,1.000000,0.542143,0.367271,0,24,ядро типа,-0.136470,361.500000,0.036965,0.209023,0.015661,0.455293,0.032979,87.243242,False,0
2326,2024-12,1,Цифровая повседневность,0.591644,False,Любимский,Любимский муниципальный район,муниципальный район,г Любим,Ярославская область,58.359562,40.686604,True,1,1.000000,0.516293,0.451270,0,24,ядро типа,-0.159844,352.800000,0.040186,0.210319,0.015887,0.466638,0.026755,85.227640,False,0
2327,2024-12,1,Цифровая повседневность,0.468932,False,Мышкинский,Мышкинский муниципальный район,муниципальный район,г Мышкин,Ярославская область,57.784725,38.451595,True,1,1.000000,0.462929,0.297066,0,24,ядро типа,-0.027374,365.500000,0.032449,0.246909,0.015054,0.424302,0.035611,97.299709,False,0
2328,2024-12,1,Цифровая повседневность,0.353920,False,Некоузский,Некоузский муниципальный район,муниципальный район,с Новый Некоуз,Ярославская область,57.902180,38.062447,True,1,1.000000,0.429641,0.319300,0,24,ядро типа,-0.105800,359.900000,0.029076,0.274578,0.009783,0.374803,0.034583,89.960457,False,0
2329,2024-12,1,Цифровая повседневность,0.573087,False,Некрасовский,Некрасовский муниципальный район,муниципальный район,рп Некрасовское,Ярославская область,57.674248,40.372654,True,1,1.000000,0.478918,0.350545,0,24,ядро типа,-0.084814,373.300000,0.037918,0.217291,0.009145,0.470222,0.028639,91.868355,False,0
2330,2024-12,1,Цифровая повседневность,0.670536,False,Первомайский,Первомайский муниципальный район,муниципальный район,рп Пречистое,Ярославская область,58.425114,40.322878,True,1,1.000000,0.560849,0.420234,0,24,ядро типа,-0.150894,355.400000,0.043264,0.237288,0.008195,0.442834,0.034890,85.993876,False,0
2332,2024-12,1,Цифровая повседневность,0.751429,False,Пошехонский,Пошехонский муниципальный район,муниципальный район,г Пошехонье,Ярославская область,58.503201,39.119701,True,1,1.000000,0.578115,0.403547,0,24,ядро типа,-0.174026,348.800000,0.040321,0.198052,0.012232,0.456163,0.039442,84.027511,False,0
2333,2024-12,1,Цифровая повседневность,0.615030,False,Ростовский,Ростовский муниципальный район,муниципальный район,г Ростов,Ярославская область,57.201270,39.422181,True,1,1.000000,0.529451,0.405173,0,24,ядро типа,0.078805,393.200000,0.040386,0.206536,0.023919,0.437388,0.044822,108.199345,False,0
2334,2024-12,3,Крупные центры,0.015601,False,Рыбинский,Рыбинский муниципальный район,муниципальный район,г Рыбинск,Ярославская область,58.050373,38.834637,True,1,0.875000,0.346083,0.015601,1,3,устойчивый,0.203588,456.000000,0.040368,0.210800,0.038786,0.344329,0.050334,122.579355,False,1
2335,2024-12,1,Цифровая повседневность,0.261312,False,Тутаевский,Тутаевский муниципальный район,муниципальный район,г Тутаев,Ярославская область,57.875385,39.527214,True,1,1.000000,0.332604,0.215973,0,24,ядро типа,0.164396,370.200000,0.048404,0.183093,0.038195,0.410464,0.038143,117.868078,False,0
2336,2024-12,1,Цифровая повседневность,0.450861,False,Угличский,Угличский муниципальный район,муниципальный район,г Углич,Ярославская область,57.524834,38.307085,True,1,1.000000,0.417038,0.319279,0,24,ядро типа,0.170460,378.000000,0.038406,0.199138,0.029868,0.427886,0.045179,118.585078,False,0
2337,2024-12,3,Крупные центры,0.319224,False,Ярославский,Ярославский муниципальный район,муниципальный район,г Ярославль,Ярославская область,57.626388,39.893371,True,3,1.000000,0.397149,0.113932,0,24,ядро типа,0.297062,719.700000,0.041795,0.195327,0.042093,0.355214,0.055445,134.589879,False,0
2338,2024-12,2,Автономные локальные центры,0.594250,False,Биробиджан,городской округ город Биробиджан,городской округ,г Биробиджан,Еврейская автономная область,48.788167,132.928208,True,2,1.000000,0.558669,0.504407,0,24,ядро типа,0.438839,147.100000,0.043334,0.131153,0.035457,0.408044,0.051568,155.090548,False,0
2339,2024-12,2,Автономные локальные центры,0.675878,False,Биробиджанский,Биробиджанский муниципальный район,муниципальный район,г Биробиджан,Еврейская автономная область,48.788167,132.928208,True,2,1.000000,0.540170,0.414776,0,24,ядро типа,0.197090,173.300000,0.031181,0.153957,0.032141,0.419118,0.039797,121.785423,False,0
2340,2024-12,2,Автономные локальные центры,0.586169,False,Ленинский,Ленинский муниципальный район,муниципальный район,с Ленинское,Еврейская автономная область,47.934443,132.622381,True,2,1.000000,0.511749,0.411294,0,24,ядро типа,0.266228,140.000000,0.028933,0.171166,0.022967,0.451461,0.055201,130.503285,False,0
2341,2024-12,2,Автономные локальные центры,0.580110,False,Облученский,Облученский муниципальный район,муниципальный район,г Облучье,Еврейская автономная область,49.014515,131.053804,True,2,1.000000,0.532529,0.446105,0,24,ядро типа,0.348899,143.300000,0.029350,0.157325,0.021861,0.448832,0.043548,141.750650,False,0
2342,2024-12,2,Автономные локальные центры,0.342078,False,Октябрьский,Октябрьский муниципальный район,муниципальный район,с Амурзет,Еврейская автономная область,47.694659,131.089667,True,2,1.000000,0.310744,0.247014,0,24,ядро типа,0.109003,138.100000,0.032617,0.169320,0.005684,0.510886,0.040950,111.516625,False,0
2343,2024-12,2,Автономные локальные центры,0.626974,False,Смидовичский,Смидовичский муниципальный район,муниципальный район,п Смидович,Еврейская автономная область,48.595670,133.813837,True,2,1.000000,0.536859,0.447016,0,24,ядро типа,0.236310,143.800000,0.036541,0.161204,0.027357,0.458928,0.045069,126.656717,False,0
2344,2024-12,3,Крупные центры,0.166209,False,Анадырь,городской округ Анадырь,городской округ,г Анадырь,Чукотский автономный округ,64.731688,177.506092,True,3,0.958333,0.220272,0.016064,2,22,ядро типа,0.964608,323.250000,0.037519,0.124145,0.050268,0.303273,0.054549,262.375948,True,0
2345,2024-12,2,Автономные локальные центры,0.204438,False,Эгвекинот,городской округ Эгвекинот,городской округ,пгт Эгвекинот,Чукотский автономный округ,66.322738,-179.120131,True,2,0.875000,0.167838,0.024718,4,5,устойчивый,0.837102,323.250000,0.028912,0.045020,0.017240,0.480681,0.029165,230.966412,True,0
2348,2024-12,2,Автономные локальные центры,0.277844,False,Анадырский,Анадырский муниципальный район,муниципальный район,г Анадырь,Чукотский автономный округ,64.731688,177.506092,True,2,0.708333,0.201843,0.017790,4,3,пограничный,0.894474,323.250000,0.028042,0.115590,0.033678,0.408452,0.041528,244.604804,True,4
2349,2024-12,2,Автономные локальные центры,0.342378,False,Билибинский,Билибинский муниципальный район,муниципальный район,г Билибино,Чукотский автономный округ,68.055031,166.444851,True,2,1.000000,0.315156,0.147024,0,24,ядро типа,0.911859,112.400000,0.032096,0.081242,0.029809,0.388331,0.032541,248.894496,False,0
2351,2024-12,3,Крупные центры,0.707155,False,Коломна,внутригородская территория города федерального значения муниципальный округ Коломна,внутригородская территория города федерального значения,,Санкт-Петербург,,,True,3,1.000000,0.698012,0.642328,0,24,ядро типа,0.575856,411.800000,0.049273,0.150761,0.081228,0.302976,0.066090,177.865309,False,0
2352,2024-12,3,Крупные центры,0.640999,False,Сенной,внутригородская территория города федерального значения муниципальный округ Сенной округ,внутригородская территория города федерального значения,,Санкт-Петербург,,,True,3,1.000000,0.645179,0.594856,0,24,ядро типа,0.527491,418.700000,0.052351,0.145957,0.082802,0.285813,0.055383,169.467481,False,0
2353,2024-12,3,Крупные центры,0.653906,False,Адмиралтейский,внутригородская территория города федерального значения муниципальный округ Адмиралтейский округ,внутригородская территория города федерального значения,,Санкт-Петербург,,,True,3,1.000000,0.654538,0.600881,0,24,ядро типа,0.614844,414.600000,0.054461,0.144214,0.083364,0.290409,0.063912,184.936839,False,0
2354,2024-12,3,Крупные центры,0.719102,False,Семеновский,внутригородская территория города федерального значения муниципальный округ Семеновский,внутригородская территория города федерального значения,,Санкт-Петербург,,,True,3,1.000000,0.697729,0.630211,0,24,ядро типа,0.549509,417.000000,0.051424,0.159973,0.081194,0.305167,0.058120,173.240195,False,0
2355,2024-12,3,Крупные центры,0.643064,False,Измайловское,внутригородская территория города федерального значения муниципальный округ Измайловское,внутригородская территория города федерального значения,,Санкт-Петербург,,,True,3,1.000000,0.645009,0.602136,0,24,ядро типа,0.636847,414.900000,0.056369,0.144690,0.081989,0.285831,0.060291,189.051129,False,0
2356,2024-12,3,Крупные центры,0.743162,False,Екатерингофский,внутригородская территория города федерального значения муниципальный округ Екатерингофский,внутригородская территория города федерального значения,,Санкт-Петербург,,,True,3,1.000000,0.751087,0.620592,0,24,ядро типа,0.472109,410.600000,0.051244,0.155650,0.074351,0.323967,0.062663,160.337267,False,0
2357,2024-12,3,Крупные центры,0.616169,False,№ 7,внутригородская территория города федерального значения муниципальный округ № 7,внутригородская территория города федерального значения,,Санкт-Петербург,,,True,3,1.000000,0.635611,0.583140,0,24,ядро типа,0.594539,407.600000,0.057106,0.140482,0.083749,0.295772,0.060706,181.219516,False,0
2358,2024-12,3,Крупные центры,0.622346,False,Васильевский,внутригородская территория города федерального значения муниципальный округ Васильевский,внутригородская территория города федерального значения,,Санкт-Петербург,,,True,3,1.000000,0.637005,0.568740,0,24,ядро типа,0.598488,408.000000,0.056881,0.141654,0.082354,0.295435,0.060805,181.936516,False,0
2359,2024-12,3,Крупные центры,0.630343,False,Гавань,внутригородская территория города федерального значения муниципальный округ Гавань,внутригородская территория города федерального значения,,Санкт-Петербург,,,True,3,1.000000,0.648394,0.591215,0,24,ядро типа,0.663113,390.300000,0.056001,0.140812,0.077945,0.295228,0.063247,194.082440,False,0
2360,2024-12,3,Крупные центры,0.676483,False,Морской,внутригородская территория города федерального значения муниципальный округ Морской,внутригородская территория города федерального значения,,Санкт-Петербург,,,True,3,1.000000,0.666262,0.626082,0,24,ядро типа,0.664555,395.700000,0.054543,0.150108,0.073986,0.299441,0.066069,194.362470,False,0
2361,2024-12,3,Крупные центры,0.637093,False,Остров Декабристов,внутригородская территория города федерального значения муниципальный округ Остров Декабристов,внутригородская территория города федерального значения,,Санкт-Петербург,,,True,3,1.000000,0.651335,0.597721,0,24,ядро типа,0.659666,398.100000,0.055272,0.141553,0.076496,0.293097,0.062702,193.414675,False,0
2362,2024-12,3,Крупные центры,0.687714,False,Левашово,внутригородская территория города федерального значения поселок Левашово,внутригородская территория города федерального значения,,Санкт-Петербург,,,True,3,1.000000,0.621740,0.251521,0,24,ядро типа,0.557805,367.900000,0.050840,0.215922,0.053201,0.310644,0.071240,174.683427,False,0
2363,2024-12,3,Крупные центры,0.812882,False,Парголово,внутригородская территория города федерального значения поселок Парголово,внутригородская территория города федерального значения,,Санкт-Петербург,,,True,3,1.000000,0.783361,0.734870,0,24,ядро типа,0.565177,378.500000,0.051341,0.171213,0.067394,0.321460,0.065733,175.975874,False,0
2364,2024-12,3,Крупные центры,0.687991,False,Сампсониевское,внутригородская территория города федерального значения муниципальный округ Сампсониевское,внутригородская территория города федерального значения,,Санкт-Петербург,,,True,3,1.000000,0.678281,0.625604,0,24,ядро типа,0.645695,414.900000,0.055194,0.155096,0.078008,0.292009,0.060051,190.731310,False,0
2365,2024-12,3,Крупные центры,0.671209,False,Светлановское,внутригородская территория города федерального значения муниципальный округ Светлановское,внутригородская территория города федерального значения,,Санкт-Петербург,,,True,3,1.000000,0.682832,0.615317,0,24,ядро типа,0.672078,410.400000,0.058393,0.152975,0.075065,0.291005,0.062117,195.830320,False,0
2366,2024-12,3,Крупные центры,0.713509,False,Сосновское,внутригородская территория города федерального значения муниципальный округ Сосновское,внутригородская территория города федерального значения,,Санкт-Петербург,,,True,3,1.000000,0.741358,0.676573,0,24,ядро типа,0.568668,402.600000,0.057192,0.159464,0.068309,0.320479,0.061670,176.591325,False,0
2367,2024-12,3,Крупные центры,0.775990,False,№ 15,внутригородская территория города федерального значения муниципальный округ № 15,внутригородская территория города федерального значения,,Санкт-Петербург,,,True,3,1.000000,0.799785,0.728619,0,24,ядро типа,0.522977,396.000000,0.051967,0.161775,0.065611,0.336975,0.065100,168.704322,False,0
2368,2024-12,3,Крупные центры,0.743544,False,Сергиевское,внутригородская территория города федерального значения муниципальный округ Сергиевское,внутригородская территория города федерального значения,,Санкт-Петербург,,,True,3,1.000000,0.774981,0.686070,0,24,ядро типа,0.495310,389.600000,0.054363,0.162132,0.067771,0.333508,0.061432,164.100749,False,0
2369,2024-12,3,Крупные центры,0.721443,False,Шувалово-Озерки,внутригородская территория города федерального значения муниципальный округ Шувалово-Озерки,внутригородская территория города федерального значения,,Санкт-Петербург,,,True,3,1.000000,0.747070,0.684138,0,24,ядро типа,0.559847,395.700000,0.056134,0.158187,0.067139,0.321490,0.061302,175.040389,False,0
2370,2024-12,3,Крупные центры,0.742017,False,Лисий Нос,внутригородская территория города федерального значения поселок Лисий Нос,внутригородская территория города федерального значения,,Санкт-Петербург,,,True,3,1.000000,0.686864,0.515519,0,24,ядро типа,0.713842,363.600000,0.052448,0.181803,0.058612,0.283428,0.066584,204.181989,False,0
2371,2024-12,3,Крупные центры,0.785278,False,Лахта-Ольгино,внутригородская территория города федерального значения муниципальный округ Лахта-Ольгино,внутригородская территория города федерального значения,,Санкт-Петербург,,,True,3,1.000000,0.732717,0.671364,0,24,ядро типа,0.555954,382.100000,0.049593,0.185313,0.068213,0.316126,0.075308,174.360316,False,0
2372,2024-12,3,Крупные центры,0.693407,False,№ 65,внутригородская территория города федерального значения муниципальный округ № 65,внутригородская территория города федерального значения,,Санкт-Петербург,,,True,3,1.000000,0.695163,0.640940,0,24,ядро типа,0.665789,388.700000,0.055361,0.153102,0.073088,0.303389,0.064011,194.602496,False,0
2373,2024-12,3,Крупные центры,0.673852,False,Ланское,внутригородская территория города федерального значения муниципальный округ Ланское,внутригородская территория города федерального значения,,Санкт-Петербург,,,True,3,1.000000,0.677931,0.611054,0,24,ядро типа,0.678610,412.500000,0.056857,0.152385,0.077995,0.287347,0.063773,197.113535,False,0
2374,2024-12,3,Крупные центры,0.688247,False,Комендантский аэродром,внутригородская территория города федерального значения муниципальный округ Комендантский аэродром,внутригородская территория города федерального значения,,Санкт-Петербург,,,True,3,1.000000,0.706308,0.652495,0,24,ядро типа,0.612579,410.900000,0.056703,0.154414,0.072729,0.310046,0.059037,184.518333,False,0
2375,2024-12,3,Крупные центры,0.696730,False,Озеро Долгое,внутригородская территория города федерального значения муниципальный округ Озеро Долгое,внутригородская территория города федерального значения,,Санкт-Петербург,,,True,3,1.000000,0.695110,0.645667,0,24,ядро типа,0.594488,405.700000,0.056821,0.155433,0.072631,0.311614,0.060574,181.210284,False,0
2376,2024-12,3,Крупные центры,0.740424,False,Юнтолово,внутригородская территория города федерального значения муниципальный округ Юнтолово,внутригородская территория города федерального значения,,Санкт-Петербург,,,True,3,1.000000,0.733787,0.681236,0,24,ядро типа,0.623113,394.800000,0.054211,0.158754,0.071720,0.312342,0.067512,186.472389,False,0
2377,2024-12,3,Крупные центры,0.715446,False,Коломяги,внутригородская территория города федерального значения муниципальный округ Коломяги,внутригородская территория города федерального значения,,Санкт-Петербург,,,True,3,1.000000,0.704788,0.651594,0,24,ядро типа,0.675827,386.800000,0.054715,0.158602,0.071231,0.303881,0.068632,196.565784,False,0
2378,2024-12,3,Крупные центры,0.697451,False,Гражданка,внутригородская территория города федерального значения муниципальный округ Гражданка,внутригородская территория города федерального значения,,Санкт-Петербург,,,True,3,1.000000,0.744548,0.661407,0,24,ядро типа,0.533285,407.100000,0.057428,0.154935,0.071672,0.322435,0.061490,170.452203,False,0
2379,2024-12,3,Крупные центры,0.696584,False,Академическое,внутригородская территория города федерального значения муниципальный округ Академическое,внутригородская территория города федерального значения,,Санкт-Петербург,,,True,3,1.000000,0.720668,0.659701,0,24,ядро типа,0.559688,405.900000,0.056793,0.156559,0.073919,0.319449,0.058534,175.012694,False,0
2380,2024-12,3,Крупные центры,0.794923,False,Финляндский,внутригородская территория города федерального значения муниципальный округ Финляндский округ,внутригородская территория города федерального значения,,Санкт-Петербург,,,True,3,1.000000,0.777370,0.717971,0,24,ядро типа,0.512434,409.700000,0.052407,0.165499,0.072703,0.322095,0.064076,166.934901,False,0
2381,2024-12,3,Крупные центры,0.729639,False,№ 21,внутригородская территория города федерального значения муниципальный округ № 21,внутригородская территория города федерального значения,,Санкт-Петербург,,,True,3,1.000000,0.767051,0.686443,0,24,ядро типа,0.508814,400.200000,0.055428,0.161604,0.068342,0.329775,0.059924,166.331759,False,0
2382,2024-12,3,Крупные центры,0.751197,False,Пискаревка,внутригородская территория города федерального значения муниципальный округ Пискаревка,внутригородская территория города федерального значения,,Санкт-Петербург,,,True,3,1.000000,0.747654,0.672378,0,24,ядро типа,0.634076,405.700000,0.054697,0.161348,0.073109,0.306325,0.067233,188.527995,False,0
2383,2024-12,3,Крупные центры,0.771076,False,Северный,внутригородская территория города федерального значения муниципальный округ Северный,внутригородская территория города федерального значения,,Санкт-Петербург,,,True,3,1.000000,0.810187,0.754797,0,24,ядро типа,0.495592,402.800000,0.053391,0.164767,0.064302,0.341794,0.067114,164.146908,False,0
2384,2024-12,3,Крупные центры,0.766882,False,Прометей,внутригородская территория города федерального значения муниципальный округ Прометей,внутригородская территория города федерального значения,,Санкт-Петербург,,,True,3,1.000000,0.777814,0.725665,0,24,ядро типа,0.532472,401.200000,0.053391,0.162216,0.070014,0.330701,0.063889,170.313726,False,0
2385,2024-12,3,Крупные центры,0.716548,False,Княжево,внутригородская территория города федерального значения муниципальный округ Княжево,внутригородская территория города федерального значения,,Санкт-Петербург,,,True,3,1.000000,0.772560,0.669158,0,24,ядро типа,0.497614,406.100000,0.054032,0.156614,0.070477,0.331001,0.058578,164.479252,False,0
2386,2024-12,3,Крупные центры,0.757519,False,Ульянка,внутригородская территория города федерального значения муниципальный округ Ульянка,внутригородская территория города федерального значения,,Санкт-Петербург,,,True,3,1.000000,0.799197,0.730043,0,24,ядро типа,0.485701,399.300000,0.053411,0.159816,0.066816,0.338698,0.065377,162.531350,False,0
2387,2024-12,3,Крупные центры,0.729136,False,Дачное,внутригородская территория города федерального значения муниципальный округ Дачное,внутригородская территория города федерального значения,,Санкт-Петербург,,,True,3,1.000000,0.778980,0.691921,0,24,ядро типа,0.496622,403.300000,0.054366,0.156750,0.068824,0.329176,0.059910,164.316157,False,0
2388,2024-12,3,Крупные центры,0.722691,False,Автово,внутригородская территория города федерального значения муниципальный округ Автово,внутригородская территория города федерального значения,,Санкт-Петербург,,,True,3,1.000000,0.768605,0.670042,0,24,ядро типа,0.471226,404.000000,0.053075,0.159380,0.069154,0.328710,0.057205,160.195713,False,0
2389,2024-12,3,Крупные центры,0.726663,False,Нарвский,внутригородская территория города федерального значения муниципальный округ Нарвский округ,внутригородская территория города федерального значения,,Санкт-Петербург,,,True,3,1.000000,0.760548,0.672271,0,24,ядро типа,0.471226,407.100000,0.050617,0.153367,0.071267,0.326828,0.059818,160.195713,False,0
2390,2024-12,3,Крупные центры,0.732602,False,Красненькая речка,внутригородская территория города федерального значения муниципальный округ Красненькая речка,внутригородская территория города федерального значения,,Санкт-Петербург,,,True,3,1.000000,0.792189,0.685192,0,24,ядро типа,0.518169,409.000000,0.050440,0.151833,0.067412,0.327786,0.059494,167.895004,False,0
2391,2024-12,3,Крупные центры,0.823446,False,Морские ворота,внутригородская территория города федерального значения муниципальный округ Морские ворота,внутригородская территория города федерального значения,,Санкт-Петербург,,,True,3,1.000000,0.772693,0.608214,0,24,ядро типа,0.415188,397.400000,0.046626,0.174742,0.064444,0.331545,0.064749,151.465542,False,0
2392,2024-12,3,Крупные центры,0.671988,False,Колпино,внутригородская территория города федерального значения город Колпино,внутригородская территория города федерального значения,,Санкт-Петербург,,,True,3,1.000000,0.697965,0.473831,0,24,ядро типа,0.416913,364.300000,0.048128,0.175496,0.057397,0.357746,0.061473,151.727109,False,0
2393,2024-12,3,Крупные центры,0.652240,False,Металлострой,внутригородская территория города федерального значения поселок Металлострой,внутригородская территория города федерального значения,,Санкт-Петербург,,,True,3,1.000000,0.654664,0.375751,0,24,ядро типа,0.441296,372.600000,0.046236,0.190191,0.054094,0.351246,0.060111,155.472128,False,0
2395,2024-12,3,Крупные центры,0.439148,False,Понтонный,внутригородская территория города федерального значения поселок Понтонный,внутригородская территория города федерального значения,,Санкт-Петербург,,,True,3,1.000000,0.460882,0.155735,0,24,ядро типа,0.344134,372.400000,0.044062,0.212499,0.047639,0.360955,0.059047,141.076731,False,0
2398,2024-12,3,Крупные центры,0.806614,False,Полюстрово,внутригородская территория города федерального значения муниципальный округ Полюстрово,внутригородская территория города федерального значения,,Санкт-Петербург,,,True,3,1.000000,0.806319,0.739940,0,24,ядро типа,0.515177,396.200000,0.051473,0.168888,0.063901,0.335533,0.068791,167.393412,False,0
2399,2024-12,3,Крупные центры,0.735043,False,Большая Охта,внутригородская территория города федерального значения муниципальный округ Большая Охта,внутригородская территория города федерального значения,,Санкт-Петербург,,,True,3,1.000000,0.747372,0.681801,0,24,ядро типа,0.589551,409.900000,0.053655,0.152107,0.070720,0.307507,0.065891,180.317880,False,0
2400,2024-12,3,Крупные центры,0.677899,False,Малая Охта,внутригородская территория города федерального значения муниципальный округ Малая Охта,внутригородская территория города федерального значения,,Санкт-Петербург,,,True,3,1.000000,0.728199,0.667308,0,24,ядро типа,0.555177,412.800000,0.056344,0.148083,0.073052,0.321229,0.059505,174.224917,False,0
2401,2024-12,3,Крупные центры,0.742182,False,Пороховые,внутригородская территория города федерального значения муниципальный округ Пороховые,внутригородская территория города федерального значения,,Санкт-Петербург,,,True,3,1.000000,0.800698,0.731031,0,24,ядро типа,0.468706,401.900000,0.053113,0.157760,0.062703,0.341749,0.064648,159.792593,False,0
2402,2024-12,3,Крупные центры,0.821579,False,Ржевка,внутригородская территория города федерального значения муниципальный округ Ржевка,внутригородская территория города федерального значения,,Санкт-Петербург,,,True,3,1.000000,0.817173,0.765383,0,24,ядро типа,0.506295,396.700000,0.051061,0.170784,0.063024,0.335299,0.066900,165.913252,False,0
2403,2024-12,3,Крупные центры,0.685875,False,Красное Село,внутригородская территория города федерального значения город Красное Село,внутригородская территория города федерального значения,,Санкт-Петербург,,,True,3,1.000000,0.703496,0.549600,0,24,ядро типа,0.491591,365.800000,0.048806,0.196333,0.051554,0.353931,0.066499,163.491453,False,0
2404,2024-12,3,Крупные центры,0.750628,False,Юго-Запад,внутригородская территория города федерального значения муниципальный округ Юго-Запад,внутригородская территория города федерального значения,,Санкт-Петербург,,,True,3,1.000000,0.803260,0.717528,0,24,ядро типа,0.542486,403.100000,0.054147,0.158614,0.064540,0.332326,0.062680,172.027757,False,0
2405,2024-12,3,Крупные центры,0.746614,False,Южно-Приморский,внутригородская территория города федерального значения муниципальный округ Южно-Приморский,внутригородская территория города федерального значения,,Санкт-Петербург,,,True,3,1.000000,0.755966,0.698569,0,24,ядро типа,0.639059,390.100000,0.054181,0.156973,0.068734,0.309561,0.064121,189.469635,False,0
2406,2024-12,3,Крупные центры,0.791960,False,Сосновая поляна,внутригородская территория города федерального значения муниципальный округ Сосновая поляна,внутригородская территория города федерального значения,,Санкт-Петербург,,,True,3,1.000000,0.788293,0.694415,0,24,ядро типа,0.553055,386.500000,0.050162,0.165035,0.066234,0.330248,0.069119,173.855646,False,0
2407,2024-12,3,Крупные центры,0.772948,False,Урицк,внутригородская территория города федерального значения муниципальный округ Урицк,внутригородская территория города федерального значения,,Санкт-Петербург,,,True,3,1.000000,0.816962,0.720243,0,24,ядро типа,0.516095,395.700000,0.054402,0.169247,0.061105,0.338715,0.064264,167.547274,False,0
2408,2024-12,3,Крупные центры,0.770151,False,Константиновское,внутригородская территория города федерального значения муниципальный округ Константиновское,внутригородская территория города федерального значения,,Санкт-Петербург,,,True,3,1.000000,0.795882,0.685786,0,24,ядро типа,0.477354,387.000000,0.050880,0.173584,0.057696,0.348562,0.063653,161.180435,False,0
2409,2024-12,3,Крупные центры,0.777000,False,Горелово,внутригородская территория города федерального значения муниципальный округ Горелово,внутригородская территория города федерального значения,,Санкт-Петербург,,,True,3,1.000000,0.757304,0.636728,0,24,ядро типа,0.520750,377.800000,0.049853,0.183287,0.057604,0.337763,0.071242,168.328897,False,0
2410,2024-12,3,Крупные центры,0.588165,False,Кронштадт,внутригородская территория города федерального значения город Кронштадт,внутригородская территория города федерального значения,,Санкт-Петербург,,,True,3,1.000000,0.557075,0.298129,0,24,ядро типа,0.482192,338.800000,0.043472,0.192772,0.056031,0.348001,0.061959,161.962057,False,0
2411,2024-12,3,Крупные центры,0.650624,False,Зеленогорск,внутригородская территория города федерального значения город Зеленогорск,внутригородская территория города федерального значения,,Санкт-Петербург,,,True,3,1.000000,0.634240,0.540081,0,24,ядро типа,0.561357,333.400000,0.047799,0.209486,0.053469,0.315826,0.068969,175.305033,False,0
2412,2024-12,3,Крупные центры,0.732503,False,Сестрорецк,внутригородская территория города федерального значения город Сестрорецк,внутригородская территория города федерального значения,,Санкт-Петербург,,,True,3,1.000000,0.707962,0.668306,0,24,ядро типа,0.615626,349.500000,0.054385,0.179333,0.063497,0.303982,0.072076,185.081470,False,0
2416,2024-12,3,Крупные центры,0.757627,False,Песочный,внутригородская территория города федерального значения поселок Песочный,внутригородская территория города федерального значения,,Санкт-Петербург,,,True,3,1.000000,0.707398,0.628146,0,24,ядро типа,0.605869,362.500000,0.050654,0.191400,0.055708,0.319521,0.069995,183.284354,False,0
2422,2024-12,3,Крупные центры,0.660462,False,Ломоносов,внутригородская территория города федерального значения город Ломоносов,внутригородская территория города федерального значения,,Санкт-Петербург,,,True,3,1.000000,0.648226,0.469816,0,24,ядро типа,0.472416,352.800000,0.048580,0.194129,0.052801,0.352552,0.069225,160.386503,False,0
2423,2024-12,3,Крупные центры,0.633263,False,Московская застава,внутригородская территория города федерального значения муниципальный округ Московская застава,внутригородская территория города федерального значения,,Санкт-Петербург,,,True,3,1.000000,0.653523,0.602964,0,24,ядро типа,0.643644,410.600000,0.059851,0.145940,0.075808,0.286934,0.060707,190.340498,False,0
2424,2024-12,3,Крупные центры,0.710736,False,Гагаринское,внутригородская территория города федерального значения муниципальный округ Гагаринское,внутригородская территория города федерального значения,,Санкт-Петербург,,,True,3,1.000000,0.737833,0.650460,0,24,ядро типа,0.595676,409.000000,0.057126,0.155198,0.069864,0.311685,0.063945,181.425692,False,0
2425,2024-12,3,Крупные центры,0.727158,False,Новоизмайловское,внутригородская территория города федерального значения муниципальный округ Новоизмайловское,внутригородская территория города федерального значения,,Санкт-Петербург,,,True,3,1.000000,0.750337,0.671111,0,24,ядро типа,0.552860,409.200000,0.055076,0.156641,0.070194,0.321088,0.061130,173.821796,False,0
2426,2024-12,3,Крупные центры,0.720024,False,Пулковский меридиан,внутригородская территория города федерального значения муниципальный округ Пулковский меридиан,внутригородская территория города федерального значения,,Санкт-Петербург,,,True,3,1.000000,0.729167,0.657646,0,24,ядро типа,0.580758,380.200000,0.056005,0.158167,0.068935,0.310705,0.065044,178.739249,False,0
2427,2024-12,3,Крупные центры,0.661642,False,Звездное,внутригородская территория города федерального значения муниципальный округ Звездное,внутригородская территория города федерального значения,,Санкт-Петербург,,,True,3,1.000000,0.688498,0.632253,0,24,ядро типа,0.641638,403.300000,0.059906,0.151612,0.072218,0.299644,0.063389,189.958919,False,0
2428,2024-12,3,Крупные центры,0.787731,False,Невская застава,внутригородская территория города федерального значения муниципальный округ Невская застава,внутригородская территория города федерального значения,,Санкт-Петербург,,,True,3,1.000000,0.800411,0.730204,0,24,ядро типа,0.497895,408.300000,0.053661,0.165697,0.069204,0.325129,0.063125,164.525410,False,0
2429,2024-12,3,Крупные центры,0.798561,False,Ивановский,внутригородская территория города федерального значения муниципальный округ Ивановский,внутригородская территория города федерального значения,,Санкт-Петербург,,,True,3,1.000000,0.796700,0.682526,0,24,ядро типа,0.546841,410.400000,0.049139,0.160988,0.073040,0.309491,0.061250,172.778607,False,0
2430,2024-12,3,Крупные центры,0.843229,False,Обуховский,внутригородская территория города федерального значения муниципальный округ Обуховский,внутригородская территория города федерального значения,,Санкт-Петербург,,,True,3,1.000000,0.814272,0.753657,0,24,ядро типа,0.516481,402.400000,0.049791,0.169090,0.067159,0.327477,0.064533,167.611897,False,0
2431,2024-12,3,Крупные центры,0.830561,False,Рыбацкое,внутригородская территория города федерального значения муниципальный округ Рыбацкое,внутригородская территория города федерального значения,,Санкт-Петербург,,,True,3,1.000000,0.810236,0.737641,0,24,ядро типа,0.502634,388.700000,0.051099,0.172136,0.067723,0.329567,0.065061,165.307033,False,0
2432,2024-12,3,Крупные центры,0.810791,False,Народный,внутригородская территория города федерального значения муниципальный округ Народный,внутригородская территория города федерального значения,,Санкт-Петербург,,,True,3,1.000000,0.761061,0.673214,0,24,ядро типа,0.492757,399.100000,0.049219,0.167510,0.064109,0.332744,0.070388,163.682243,False,0
2433,2024-12,3,Крупные центры,0.788216,False,№ 54,внутригородская территория города федерального значения муниципальный округ № 54,внутригородская территория города федерального значения,,Санкт-Петербург,,,True,3,1.000000,0.803565,0.703153,0,24,ядро типа,0.520036,403.800000,0.051681,0.159873,0.066170,0.328144,0.064908,168.208884,False,0
2434,2024-12,3,Крупные центры,0.735595,False,Невский,внутригородская территория города федерального значения муниципальный округ Невский округ,внутригородская территория города федерального значения,,Санкт-Петербург,,,True,3,1.000000,0.766800,0.702317,0,24,ядро типа,0.561550,406.800000,0.054424,0.154408,0.068429,0.321382,0.062672,175.338883,False,0
2435,2024-12,3,Крупные центры,0.753438,False,Оккервиль,внутригородская территория города федерального значения муниципальный округ Оккервиль,внутригородская территория города федерального значения,,Санкт-Петербург,,,True,3,1.000000,0.799739,0.716452,0,24,ядро типа,0.474371,402.400000,0.053464,0.160277,0.065413,0.338229,0.062636,160.700383,False,0
2436,2024-12,3,Крупные центры,0.729064,False,Правобережный,внутригородская территория города федерального значения муниципальный округ Правобережный,внутригородская территория города федерального значения,,Санкт-Петербург,,,True,3,1.000000,0.763119,0.708651,0,24,ядро типа,0.595320,401.900000,0.055416,0.155745,0.067972,0.317853,0.063357,181.361070,False,0
2437,2024-12,3,Крупные центры,0.763120,False,Павловск,внутригородская территория города федерального значения город Павловск,внутригородская территория города федерального значения,,Санкт-Петербург,,,True,3,1.000000,0.704859,0.593201,0,24,ядро типа,0.588082,365.500000,0.048435,0.201603,0.059203,0.317530,0.067355,180.053237,False,0
2439,2024-12,3,Крупные центры,0.638969,False,Введенский,внутригородская территория города федерального значения муниципальный округ Введенский,внутригородская территория города федерального значения,,Санкт-Петербург,,,True,3,1.000000,0.626558,0.574950,0,24,ядро типа,0.658504,415.600000,0.051497,0.142689,0.086620,0.285378,0.067633,193.190036,False,0
2440,2024-12,3,Крупные центры,0.599591,False,Кронверкское,внутригородская территория города федерального значения муниципальный округ Кронверкское,внутригородская территория города федерального значения,,Санкт-Петербург,,,True,3,1.000000,0.603114,0.551779,0,24,ядро типа,0.646050,416.500000,0.055159,0.137429,0.090302,0.282357,0.061545,190.799009,False,0
2441,2024-12,3,Крупные центры,0.597767,False,Посадский,внутригородская территория города федерального значения муниципальный округ Посадский,внутригородская территория города федерального значения,,Санкт-Петербург,,,True,3,1.000000,0.609115,0.559135,0,24,ядро типа,0.780378,416.800000,0.053302,0.144888,0.090782,0.260459,0.061170,218.229656,False,0
2442,2024-12,3,Крупные центры,0.596871,False,Аптекарский остров,внутригородская территория города федерального значения муниципальный округ Аптекарский остров,внутригородская территория города федерального значения,,Санкт-Петербург,,,True,3,1.000000,0.579536,0.528039,0,24,ядро типа,0.768619,414.400000,0.055530,0.140580,0.089858,0.262399,0.065946,215.678612,False,0
2443,2024-12,3,Крупные центры,0.595814,False,Петровский,внутригородская территория города федерального значения муниципальный округ округ Петровский,внутригородская территория города федерального значения,,Санкт-Петербург,,,True,3,1.000000,0.592762,0.552903,0,24,ядро типа,0.711684,405.200000,0.058602,0.143425,0.086756,0.270930,0.064750,203.741941,False,0
2444,2024-12,3,Крупные центры,0.530948,False,Чкаловское,внутригородская территория города федерального значения муниципальный округ Чкаловское,внутригородская территория города федерального значения,,Санкт-Петербург,,,True,3,1.000000,0.545470,0.498684,0,24,ядро типа,0.894688,404.300000,0.063292,0.136696,0.087366,0.241419,0.069857,244.657117,False,0
2445,2024-12,3,Крупные центры,0.763796,False,Петергоф,внутригородская территория города федерального значения город Петергоф,внутригородская территория города федерального значения,,Санкт-Петербург,,,True,3,1.000000,0.754306,0.654478,0,24,ядро типа,0.506555,358.700000,0.050213,0.182941,0.059726,0.336714,0.068441,165.956334,False,0
2446,2024-12,3,Крупные центры,0.800154,False,Стрельна,внутригородская территория города федерального значения поселок Стрельна,внутригородская территория города федерального значения,,Санкт-Петербург,,,True,3,1.000000,0.785894,0.730308,0,24,ядро типа,0.516297,370.700000,0.048257,0.176081,0.060046,0.322157,0.068218,167.581124,False,0
2447,2024-12,3,Крупные центры,0.792295,False,Пушкин,внутригородская территория города федерального значения город Пушкин,внутригородская территория города федерального значения,,Санкт-Петербург,,,True,3,1.000000,0.762033,0.726512,0,24,ядро типа,0.619526,370.500000,0.053230,0.177012,0.064757,0.304985,0.068251,185.804625,False,0
2449,2024-12,3,Крупные центры,0.825796,False,Шушары,внутригородская территория города федерального значения поселок Шушары,внутригородская территория города федерального значения,,Санкт-Петербург,,,True,3,1.000000,0.779288,0.679903,0,24,ядро типа,0.523853,390.300000,0.046582,0.179567,0.062383,0.334676,0.068615,168.852030,False,0
2450,2024-12,3,Крупные центры,0.720313,False,Волковское,внутригородская территория города федерального значения муниципальный округ Волковское,внутригородская территория города федерального значения,,Санкт-Петербург,,,True,3,1.000000,0.778317,0.700462,0,24,ядро типа,0.451928,408.500000,0.053150,0.152850,0.069189,0.326871,0.060474,157.133845,False,0
2451,2024-12,3,Крупные центры,0.763327,False,№ 72,внутригородская территория города федерального значения муниципальный округ № 72,внутригородская территория города федерального значения,,Санкт-Петербург,,,True,3,1.000000,0.804195,0.734968,0,24,ядро типа,0.504141,407.600000,0.053848,0.158587,0.065074,0.327323,0.063178,165.556291,False,0
2452,2024-12,3,Крупные центры,0.737460,False,Купчино,внутригородская территория города федерального значения муниципальный округ Купчино,внутригородская территория города федерального значения,,Санкт-Петербург,,,True,3,1.000000,0.786869,0.709502,0,24,ядро типа,0.500286,409.400000,0.055698,0.160786,0.067360,0.331349,0.062620,164.919299,False,0
2453,2024-12,3,Крупные центры,0.737826,False,Георгиевский,внутригородская территория города федерального значения муниципальный округ Георгиевский,внутригородская территория города федерального значения,,Санкт-Петербург,,,True,3,1.000000,0.789215,0.705288,0,24,ядро типа,0.494860,406.800000,0.055457,0.159128,0.065794,0.336154,0.063730,164.026895,False,0
2454,2024-12,3,Крупные центры,0.755052,False,№ 75,внутригородская территория города федерального значения муниципальный округ № 75,внутригородская территория города федерального значения,,Санкт-Петербург,,,True,3,1.000000,0.784510,0.702221,0,24,ядро типа,0.555883,402.800000,0.055968,0.162045,0.064988,0.319325,0.064282,174.348007,False,0
2455,2024-12,3,Крупные центры,0.713634,False,Балканский,внутригородская территория города федерального значения муниципальный округ Балканский,внутригородская территория города федерального значения,,Санкт-Петербург,,,True,3,1.000000,0.781586,0.699622,0,24,ядро типа,0.469457,398.600000,0.056422,0.159893,0.064215,0.337047,0.062233,159.912606,False,0
2456,2024-12,3,Крупные центры,0.618779,False,Дворцовый,внутригородская территория города федерального значения муниципальный округ Дворцовый округ,внутригородская территория города федерального значения,,Санкт-Петербург,,,True,3,1.000000,0.611088,0.551244,0,24,ядро типа,0.642188,419.100000,0.054854,0.138997,0.078039,0.276634,0.057331,190.063545,False,0
2457,2024-12,3,Крупные центры,0.619116,False,№ 78,внутригородская территория города федерального значения муниципальный округ № 78,внутригородская территория города федерального значения,,Санкт-Петербург,,,True,3,1.000000,0.627858,0.566166,0,24,ядро типа,0.623839,421.700000,0.054023,0.136261,0.081282,0.273676,0.059926,186.607789,False,0
2458,2024-12,3,Крупные центры,0.596108,False,Литейный,внутригородская территория города федерального значения муниципальный округ Литейный округ,внутригородская территория города федерального значения,,Санкт-Петербург,,,True,3,1.000000,0.620078,0.564299,0,24,ядро типа,0.657149,418.900000,0.057931,0.137076,0.082909,0.279289,0.058426,192.928469,False,0
2459,2024-12,3,Крупные центры,0.607490,False,Смольнинское,внутригородская территория города федерального значения муниципальный округ Смольнинское,внутригородская территория города федерального значения,,Санкт-Петербург,,,True,3,1.000000,0.617212,0.572347,0,24,ядро типа,0.664048,413.700000,0.059846,0.144038,0.079710,0.279729,0.058721,194.263998,False,0
2460,2024-12,3,Крупные центры,0.665587,False,Лиговка-Ямская,внутригородская территория города федерального значения муниципальный округ Лиговка-Ямская,внутригородская территория города федерального значения,,Санкт-Петербург,,,True,3,1.000000,0.688072,0.640445,0,24,ядро типа,0.622552,417.000000,0.055166,0.144461,0.076251,0.287519,0.060895,186.367763,False,0
2461,2024-12,3,Крупные центры,0.630578,False,Владимирский,внутригородская территория города федерального значения муниципальный округ Владимирский округ,внутригородская территория города федерального значения,,Санкт-Петербург,,,True,3,1.000000,0.642537,0.589669,0,24,ядро типа,0.564809,417.900000,0.054981,0.142885,0.083723,0.295845,0.057255,175.911252,False,0
2462,2024-12,3,Крупные центры,0.736710,False,Богородское,внутригородская территория города федерального значения муниципальный округ Богородское,внутригородская территория города федерального значения,,Москва,,,True,3,1.000000,0.737985,0.710039,0,24,ядро типа,0.666374,624.300000,0.052342,0.165813,0.066976,0.317972,0.062867,194.716354,False,0
2463,2024-12,3,Крупные центры,0.718313,False,Вешняки,внутригородская территория города федерального значения муниципальный округ Вешняки,внутригородская территория города федерального значения,,Москва,,,True,3,1.000000,0.749545,0.647760,0,24,ядро типа,0.540821,630.900000,0.052159,0.158663,0.060652,0.345171,0.065042,171.741572,False,0
2464,2024-12,3,Крупные центры,0.745927,False,Восточное Измайлово,внутригородская территория города федерального значения муниципальный округ Восточное Измайлово,внутригородская территория города федерального значения,,Москва,,,True,3,1.000000,0.743216,0.709391,0,24,ядро типа,0.663303,615.600000,0.048651,0.163676,0.072350,0.317396,0.064694,194.119367,False,0
2465,2024-12,3,Крупные центры,0.693846,False,Восточный,внутригородская территория города федерального значения муниципальный округ Восточный,внутригородская территория города федерального значения,,Москва,,,True,3,1.000000,0.695046,0.475162,0,24,ядро типа,0.458000,587.700000,0.044264,0.194515,0.050395,0.340912,0.065481,158.090871,False,0
2466,2024-12,3,Крупные центры,0.739828,False,Гольяново,внутригородская территория города федерального значения муниципальный округ Гольяново,внутригородская территория города федерального значения,,Москва,,,True,3,1.000000,0.767640,0.700675,0,24,ядро типа,0.573761,600.500000,0.048718,0.161896,0.059883,0.342672,0.066783,177.492961,False,0
2467,2024-12,3,Крупные центры,0.721973,False,Ивановское,внутригородская территория города федерального значения муниципальный округ Ивановское,внутригородская территория города федерального значения,,Москва,,,True,3,1.000000,0.753116,0.703900,0,24,ядро типа,0.600161,623.400000,0.049357,0.159755,0.060383,0.343926,0.065972,182.241164,False,0
2468,2024-12,3,Крупные центры,0.703417,False,Измайлово,внутригородская территория города федерального значения муниципальный округ Измайлово,внутригородская территория города федерального значения,,Москва,,,True,3,1.000000,0.716069,0.681009,0,24,ядро типа,0.647308,626.900000,0.052931,0.151560,0.073469,0.312769,0.061742,191.039035,False,0
2469,2024-12,3,Крупные центры,0.746909,False,Косино-Ухтомский,внутригородская территория города федерального значения муниципальный округ Косино-Ухтомский,внутригородская территория города федерального значения,,Москва,,,True,3,1.000000,0.751444,0.653364,0,24,ядро типа,0.641735,598.600000,0.048108,0.168265,0.057373,0.335833,0.064031,189.977382,False,0
2470,2024-12,3,Крупные центры,0.735800,False,Новогиреево,внутригородская территория города федерального значения муниципальный округ Новогиреево,внутригородская территория города федерального значения,,Москва,,,True,3,1.000000,0.734092,0.678996,0,24,ядро типа,0.636375,626.400000,0.048432,0.160978,0.069619,0.323568,0.063821,188.961888,False,0
2471,2024-12,3,Крупные центры,0.743196,False,Новокосино,внутригородская территория города федерального значения муниципальный округ Новокосино,внутригородская территория города федерального значения,,Москва,,,True,3,1.000000,0.753124,0.666588,0,24,ядро типа,0.638295,604.500000,0.050517,0.166602,0.060367,0.332033,0.060220,189.325004,False,0
2472,2024-12,3,Крупные центры,0.760716,False,Метро,внутригородская территория города федерального значения муниципальный округ Метрогородок,внутригородская территория города федерального значения,,Москва,,,True,3,1.000000,0.751914,0.649096,0,24,ядро типа,0.527527,612.500000,0.048862,0.178545,0.058450,0.345287,0.062190,169.473636,False,0
2473,2024-12,3,Крупные центры,0.730718,False,Перово,внутригородская территория города федерального значения муниципальный округ Перово,внутригородская территория города федерального значения,,Москва,,,True,3,1.000000,0.751054,0.694791,0,24,ядро типа,0.590148,633.800000,0.052497,0.164347,0.062833,0.336028,0.062833,180.425584,False,0
2474,2024-12,3,Крупные центры,0.743116,False,Северное Измайлово,внутригородская территория города федерального значения муниципальный округ Северное Измайлово,внутригородская территория города федерального значения,,Москва,,,True,3,1.000000,0.762851,0.722500,0,24,ядро типа,0.559319,615.100000,0.050799,0.157778,0.063920,0.331334,0.065802,174.948071,False,0
2475,2024-12,3,Крупные центры,0.707167,False,Соколиная гора,внутригородская территория города федерального значения муниципальный округ Соколиная гора,внутригородская территория города федерального значения,,Москва,,,True,3,1.000000,0.724507,0.689535,0,24,ядро типа,0.608535,637.500000,0.052612,0.154923,0.067699,0.319977,0.061370,183.773637,False,0
2476,2024-12,3,Крупные центры,0.641017,False,Сокольники,внутригородская территория города федерального значения муниципальный округ Сокольники,внутригородская территория города федерального значения,,Москва,,,True,3,1.000000,0.646662,0.605711,0,24,ядро типа,0.779320,636.400000,0.056647,0.146043,0.074165,0.286158,0.061828,217.998861,False,0
2477,2024-12,3,Крупные центры,0.701337,False,Преображенское,внутригородская территория города федерального значения муниципальный округ Преображенское,внутригородская территория города федерального значения,,Москва,,,True,3,1.000000,0.704555,0.668237,0,24,ядро типа,0.649030,633.800000,0.053708,0.152891,0.072763,0.313678,0.064755,191.368301,False,0
2478,2024-12,3,Крупные центры,0.746347,False,Внуково,внутригородская территория города федерального значения муниципальный округ Внуково,внутригородская территория города федерального значения,,Москва,,,True,3,1.000000,0.736565,0.606178,0,24,ядро типа,0.556007,557.300000,0.045920,0.184720,0.053297,0.348422,0.064891,174.369547,False,0
2479,2024-12,3,Крупные центры,0.542287,False,Дорогомилово,внутригородская территория города федерального значения муниципальный округ Дорогомилово,внутригородская территория города федерального значения,,Москва,,,True,3,1.000000,0.564147,0.520412,0,24,ядро типа,0.898404,641.100000,0.059059,0.125287,0.083182,0.259596,0.067744,245.567984,False,0
2480,2024-12,3,Крупные центры,0.617580,False,Крылатское,внутригородская территория города федерального значения муниципальный округ Крылатское,внутригородская территория города федерального значения,,Москва,,,True,3,1.000000,0.634655,0.596588,0,24,ядро типа,0.885869,608.700000,0.057051,0.143096,0.072570,0.283528,0.065273,242.509193,False,0
2481,2024-12,3,Крупные центры,0.658504,False,Кунцево,внутригородская территория города федерального значения муниципальный округ Кунцево,внутригородская территория города федерального значения,,Москва,,,True,3,1.000000,0.681445,0.650669,0,24,ядро типа,0.768862,604.700000,0.056743,0.150503,0.065701,0.305356,0.063676,215.730925,False,0
2482,2024-12,3,Крупные центры,0.696620,False,Можайский,внутригородская территория города федерального значения муниципальный округ Можайский,внутригородская территория города федерального значения,,Москва,,,True,3,1.000000,0.721365,0.677222,0,24,ядро типа,0.701131,613.500000,0.052905,0.155951,0.067665,0.311796,0.071954,201.603250,False,0
2483,2024-12,3,Крупные центры,0.765300,False,Ново-Переделкино,внутригородская территория города федерального значения муниципальный округ Ново-Переделкино,внутригородская территория города федерального значения,,Москва,,,True,3,1.000000,0.760979,0.700183,0,24,ядро типа,0.687082,578.700000,0.050681,0.167121,0.060573,0.331950,0.066223,198.790639,False,0
2484,2024-12,3,Крупные центры,0.689354,False,Очаково-Матвеевское,внутригородская территория города федерального значения муниципальный округ Очаково-Матвеевское,внутригородская территория города федерального значения,,Москва,,,True,3,1.000000,0.700029,0.655386,0,24,ядро типа,0.756894,611.800000,0.049703,0.157728,0.073494,0.291363,0.073537,213.164495,False,0
2485,2024-12,3,Крупные центры,0.562725,False,Проспект Вернадского,внутригородская территория города федерального значения муниципальный округ Проспект Вернадского,внутригородская территория города федерального значения,,Москва,,,True,3,1.000000,0.578210,0.537175,0,24,ядро типа,0.892723,633.100000,0.059547,0.130827,0.081274,0.271396,0.064538,244.177065,False,0
2486,2024-12,3,Крупные центры,0.537449,False,Раменки,внутригородская территория города федерального значения муниципальный округ Раменки,внутригородская территория города федерального значения,,Москва,,,True,3,1.000000,0.549102,0.516301,0,24,ядро типа,0.998202,634.700000,0.059529,0.133256,0.086996,0.245294,0.067150,271.339990,False,0
2487,2024-12,3,Крупные центры,0.746553,False,Солнцево,внутригородская территория города федерального значения муниципальный округ Солнцево,внутригородская территория города федерального значения,,Москва,,,True,3,1.000000,0.738124,0.697420,0,24,ядро типа,0.712922,592.200000,0.049765,0.161953,0.065921,0.308202,0.065695,203.994276,False,0
2488,2024-12,3,Крупные центры,0.605633,False,Тропарево-Никулино,внутригородская территория города федерального значения муниципальный округ Тропарево-Никулино,внутригородская территория города федерального значения,,Москва,,,True,3,1.000000,0.611917,0.577316,0,24,ядро типа,0.878994,617.700000,0.057381,0.139995,0.074834,0.273461,0.064088,240.847476,False,0
2489,2024-12,3,Крупные центры,0.613080,False,Филевский парк,внутригородская территория города федерального значения муниципальный округ Филевский парк,внутригородская территория города федерального значения,,Москва,,,True,3,1.000000,0.627088,0.593627,0,24,ядро типа,0.867596,626.400000,0.055337,0.143241,0.075226,0.283717,0.066503,238.117951,False,0
2490,2024-12,3,Крупные центры,0.641168,False,Фили-Давыдково,внутригородская территория города федерального значения муниципальный округ Фили-Давыдково,внутригородская территория города федерального значения,,Москва,,,True,3,1.000000,0.661769,0.604689,0,24,ядро типа,0.748748,625.300000,0.057503,0.145963,0.067400,0.307631,0.064518,211.435078,False,0
2491,2024-12,3,Крупные центры,0.813493,False,Крюково,внутригородская территория города федерального значения муниципальный округ Крюково,внутригородская территория города федерального значения,,Москва,,,True,3,1.000000,0.787589,0.693181,0,24,ядро типа,0.673099,510.500000,0.047455,0.186977,0.058977,0.323313,0.063686,196.030342,False,0
2492,2024-12,3,Крупные центры,0.809863,False,Матушкино,внутригородская территория города федерального значения муниципальный округ Матушкино,внутригородская территория города федерального значения,,Москва,,,True,3,1.000000,0.795846,0.671441,0,24,ядро типа,0.644792,515.900000,0.048639,0.185886,0.060622,0.335212,0.060347,190.558983,False,0
2493,2024-12,3,Крупные центры,0.796651,False,Силино,внутригородская территория города федерального значения муниципальный округ Силино,внутригородская территория города федерального значения,,Москва,,,True,3,1.000000,0.799217,0.678960,0,24,ядро типа,0.648644,508.900000,0.052699,0.183241,0.056045,0.331028,0.060276,191.294447,False,0
2494,2024-12,3,Крупные центры,0.592446,False,Аэропорт,внутригородская территория города федерального значения муниципальный округ Аэропорт,внутригородская территория города федерального значения,,Москва,,,True,3,1.000000,0.606500,0.566134,0,24,ядро типа,0.840746,639.200000,0.058635,0.137834,0.080685,0.271167,0.063693,231.809579,False,0
2495,2024-12,3,Крупные центры,0.580997,False,Беговой,внутригородская территория города федерального значения муниципальный округ Беговой,внутригородская территория города федерального значения,,Москва,,,True,3,1.000000,0.605550,0.561476,0,24,ядро типа,0.878099,651.000000,0.057419,0.138305,0.083392,0.262747,0.068801,240.632068,False,0
2496,2024-12,3,Крупные центры,0.761609,False,Бескудниковский,внутригородская территория города федерального значения муниципальный округ Бескудниковский,внутригородская территория города федерального значения,,Москва,,,True,3,1.000000,0.754406,0.700002,0,24,ядро типа,0.640941,621.500000,0.050400,0.170003,0.066448,0.326892,0.066124,189.826597,False,0
2497,2024-12,3,Крупные центры,0.628518,False,Войковский,внутригородская территория города федерального значения муниципальный округ Войковский,внутригородская территория города федерального значения,,Москва,,,True,3,1.000000,0.657641,0.628142,0,24,ядро типа,0.777483,621.300000,0.057656,0.143201,0.071600,0.289541,0.060669,217.598818,False,0
2498,2024-12,3,Крупные центры,0.766754,False,Восточное Дегунино,внутригородская территория города федерального значения муниципальный округ Восточное Дегунино,внутригородская территория города федерального значения,,Москва,,,True,3,1.000000,0.749969,0.692417,0,24,ядро типа,0.628495,607.100000,0.047141,0.173922,0.064818,0.328984,0.067510,187.478652,False,0
2499,2024-12,3,Крупные центры,0.727563,False,Головинский,внутригородская территория города федерального значения муниципальный округ Головинский,внутригородская территория города федерального значения,,Москва,,,True,3,1.000000,0.744022,0.704188,0,24,ядро типа,0.665631,619.400000,0.052555,0.158535,0.067912,0.319142,0.066299,194.571723,False,0
2500,2024-12,3,Крупные центры,0.761948,False,Дмитровский,внутригородская территория города федерального значения муниципальный округ Дмитровский,внутригородская территория города федерального значения,,Москва,,,True,3,1.000000,0.741748,0.657226,0,24,ядро типа,0.632214,603.100000,0.045330,0.176906,0.064839,0.324933,0.066082,188.177188,False,0
2501,2024-12,3,Крупные центры,0.766658,False,Западное Дегунино,внутригородская территория города федерального значения муниципальный округ Западное Дегунино,внутригородская территория города федерального значения,,Москва,,,True,3,1.000000,0.733866,0.667285,0,24,ядро типа,0.646083,614.600000,0.047770,0.171583,0.065366,0.317652,0.067204,190.805164,False,0
2502,2024-12,3,Крупные центры,0.733060,False,Коптево,внутригородская территория города федерального значения муниципальный округ Коптево,внутригородская территория города федерального значения,,Москва,,,True,3,1.000000,0.734518,0.711807,0,24,ядро типа,0.655425,622.400000,0.052998,0.163996,0.067107,0.313931,0.063048,192.596126,False,0
2503,2024-12,3,Крупные центры,0.663445,False,Левобережный,внутригородская территория города федерального значения муниципальный округ Левобережный,внутригородская территория города федерального значения,,Москва,,,True,3,1.000000,0.679033,0.644826,0,24,ядро типа,0.794074,609.000000,0.056819,0.148397,0.067306,0.292093,0.064817,221.239210,False,0
2504,2024-12,3,Крупные центры,0.765353,False,Молжаниновский,внутригородская территория города федерального значения муниципальный округ Молжаниновский,внутригородская территория города федерального значения,,Москва,,,True,3,1.000000,0.730130,0.520831,0,24,ядро типа,0.637270,558.900000,0.045167,0.184117,0.054018,0.324824,0.065847,189.131137,False,0
2505,2024-12,3,Крупные центры,0.674719,False,Савеловский,внутригородская территория города федерального значения муниципальный округ Савеловский,внутригородская территория города федерального значения,,Москва,,,True,3,1.000000,0.664283,0.627657,0,24,ядро типа,0.712831,644.900000,0.054085,0.158331,0.077725,0.288331,0.066591,203.975813,False,0
2506,2024-12,3,Крупные центры,0.616739,False,Сокол,внутригородская территория города федерального значения муниципальный округ Сокол,внутригородская территория города федерального значения,,Москва,,,True,3,1.000000,0.621474,0.582255,0,24,ядро типа,0.803144,633.800000,0.055575,0.141309,0.083294,0.282247,0.064645,223.254812,False,0
2507,2024-12,3,Крупные центры,0.707936,False,Тимирязевский,внутригородская территория города федерального значения муниципальный округ Тимирязевский,внутригородская территория города федерального значения,,Москва,,,True,3,1.000000,0.696359,0.663199,0,24,ядро типа,0.667306,629.300000,0.051157,0.156027,0.075787,0.300829,0.064751,194.897912,False,0
2508,2024-12,3,Крупные центры,0.713699,False,Ховрино,внутригородская территория города федерального значения муниципальный округ Ховрино,внутригородская территория города федерального значения,,Москва,,,True,3,1.000000,0.717629,0.688068,0,24,ядро типа,0.760050,610.400000,0.052007,0.157131,0.067722,0.302346,0.064599,213.838413,False,0
2509,2024-12,3,Крупные центры,0.574651,False,Хорошевский,внутригородская территория города федерального значения муниципальный округ Хорошевский,внутригородская территория города федерального значения,,Москва,,,True,3,1.000000,0.578202,0.549308,0,24,ядро типа,0.947826,631.900000,0.056641,0.137708,0.078193,0.257180,0.064668,258.009324,False,0
2510,2024-12,3,Крупные центры,0.651487,False,Алексеевский,внутригородская территория города федерального значения муниципальный округ Алексеевский,внутригородская территория города федерального значения,,Москва,,,True,3,1.000000,0.653483,0.612838,0,24,ядро типа,0.748253,635.400000,0.055930,0.147754,0.079170,0.290397,0.068322,211.330451,False,0
2511,2024-12,3,Крупные центры,0.739965,False,Алтуфьевский,внутригородская территория города федерального значения муниципальный округ Алтуфьевский,внутригородская территория города федерального значения,,Москва,,,True,3,1.000000,0.737990,0.651922,0,24,ядро типа,0.578569,618.200000,0.047932,0.166848,0.061615,0.346377,0.066515,178.348438,False,0
2512,2024-12,3,Крупные центры,0.742480,False,Бабушкинский,внутригородская территория города федерального значения муниципальный округ Бабушкинский,внутригородская территория города федерального значения,,Москва,,,True,3,1.000000,0.746281,0.713915,0,24,ядро типа,0.654978,618.400000,0.053102,0.163446,0.065394,0.315910,0.061638,192.509963,False,0
2513,2024-12,3,Крупные центры,0.730127,False,Бибирево,внутригородская территория города федерального значения муниципальный округ Бибирево,внутригородская территория города федерального значения,,Москва,,,True,3,1.000000,0.753179,0.645631,0,24,ядро типа,0.574541,600.500000,0.048264,0.164784,0.060547,0.350201,0.060685,177.631437,False,0
2514,2024-12,3,Крупные центры,0.702723,False,Бутырский,внутригородская территория города федерального значения муниципальный округ Бутырский,внутригородская территория города федерального значения,,Москва,,,True,3,1.000000,0.704681,0.677959,0,24,ядро типа,0.670773,637.100000,0.052034,0.156573,0.071025,0.305609,0.062230,195.574908,False,0
2515,2024-12,3,Крупные центры,0.756293,False,Лианозово,внутригородская территория города федерального значения муниципальный округ Лианозово,внутригородская территория города федерального значения,,Москва,,,True,3,1.000000,0.754827,0.669796,0,24,ядро типа,0.658138,600.900000,0.048281,0.166404,0.062909,0.328840,0.063499,193.119259,False,0
2516,2024-12,3,Крупные центры,0.753920,False,Лосиноостровский,внутригородская территория города федерального значения муниципальный округ Лосиноостровский,внутригородская территория города федерального значения,,Москва,,,True,3,1.000000,0.756766,0.720178,0,24,ядро типа,0.684618,605.900000,0.050061,0.167130,0.061483,0.324390,0.067054,198.301356,False,0
2517,2024-12,3,Крупные центры,0.692358,False,Марфино,внутригородская территория города федерального значения муниципальный округ Марфино,внутригородская территория города федерального значения,,Москва,,,True,3,1.000000,0.704056,0.665965,0,24,ядро типа,0.780956,630.500000,0.055498,0.160799,0.071775,0.307393,0.067364,218.355823,False,0
2518,2024-12,3,Крупные центры,0.647385,False,Марьина роща,внутригородская территория города федерального значения муниципальный округ Марьина роща,внутригородская территория города федерального значения,,Москва,,,True,3,1.000000,0.662411,0.621988,0,24,ядро типа,0.747962,649.100000,0.054869,0.147112,0.076367,0.293467,0.063652,211.268906,False,0
2519,2024-12,3,Крупные центры,0.667844,False,Останкинский,внутригородская территория города федерального значения муниципальный округ Останкинский,внутригородская территория города федерального значения,,Москва,,,True,3,1.000000,0.658094,0.628872,0,24,ядро типа,0.777992,635.700000,0.053259,0.153389,0.077387,0.284672,0.064355,217.709599,False,0
2520,2024-12,3,Крупные центры,0.747802,False,Отрадное,внутригородская территория города федерального значения муниципальный округ Отрадное,внутригородская территория города федерального значения,,Москва,,,True,3,1.000000,0.744556,0.711390,0,24,ядро типа,0.630610,620.500000,0.050546,0.162695,0.068825,0.320033,0.063240,187.875617,False,0
2521,2024-12,3,Крупные центры,0.713812,False,Ростокино,внутригородская территория города федерального значения муниципальный округ Ростокино,внутригородская территория города федерального значения,,Москва,,,True,3,1.000000,0.690417,0.646905,0,24,ядро типа,0.727924,631.200000,0.048489,0.161830,0.073841,0.287979,0.068922,207.077685,False,0
2522,2024-12,3,Крупные центры,0.690921,False,Свиблово,внутригородская территория города федерального значения муниципальный округ Свиблово,внутригородская территория города федерального значения,,Москва,,,True,3,1.000000,0.685888,0.658166,0,24,ядро типа,0.728993,628.800000,0.052653,0.151058,0.072887,0.293906,0.060684,207.299248,False,0
2523,2024-12,3,Крупные центры,0.756718,False,Северное Медведково,внутригородская территория города федерального значения муниципальный округ Северное Медведково,внутригородская территория города федерального значения,,Москва,,,True,3,1.000000,0.754920,0.674488,0,24,ядро типа,0.629086,606.800000,0.051132,0.171276,0.064255,0.333793,0.060039,187.589433,False,0
2524,2024-12,3,Крупные центры,0.743246,False,Северный,внутригородская территория города федерального значения муниципальный округ Северный,внутригородская территория города федерального значения,,Москва,,,True,3,1.000000,0.708258,0.647741,0,24,ядро типа,0.703297,580.200000,0.045038,0.179694,0.063269,0.303400,0.073017,202.040220,False,0
2525,2024-12,3,Крупные центры,0.735760,False,Южное Медведково,внутригородская территория города федерального значения муниципальный округ Южное Медведково,внутригородская территория города федерального значения,,Москва,,,True,3,1.000000,0.741633,0.680986,0,24,ядро типа,0.671355,619.800000,0.047522,0.163684,0.065055,0.322588,0.063263,195.688766,False,0
2526,2024-12,3,Крупные центры,0.707938,False,Ярославский,внутригородская территория города федерального значения муниципальный округ Ярославский,внутригородская территория города федерального значения,,Москва,,,True,3,1.000000,0.727386,0.662989,0,24,ядро типа,0.591631,611.800000,0.043785,0.163048,0.066844,0.338272,0.071527,180.693305,False,0
2527,2024-12,3,Крупные центры,0.626513,False,Куркино,внутригородская территория города федерального значения муниципальный округ Куркино,внутригородская территория города федерального значения,,Москва,,,True,3,1.000000,0.626163,0.585616,0,24,ядро типа,0.968284,576.900000,0.055821,0.148311,0.068301,0.257850,0.068465,263.342206,False,0
2528,2024-12,3,Крупные центры,0.739890,False,Митино,внутригородская территория города федерального значения муниципальный округ Митино,внутригородская территория города федерального значения,,Москва,,,True,3,1.000000,0.734088,0.696729,0,24,ядро типа,0.753105,586.100000,0.049733,0.163573,0.063079,0.308945,0.063644,212.358254,False,0
2529,2024-12,3,Крупные центры,0.705007,False,Покровское-Стрешнево,внутригородская территория города федерального значения муниципальный округ Покровское-Стрешнево,внутригородская территория города федерального значения,,Москва,,,True,3,1.000000,0.726577,0.673494,0,24,ядро типа,0.707598,609.900000,0.052003,0.154158,0.070353,0.295243,0.063862,202.911083,False,0
2530,2024-12,3,Крупные центры,0.744838,False,Северное Тушино,внутригородская территория города федерального значения муниципальный округ Северное Тушино,внутригородская территория города федерального значения,,Москва,,,True,3,1.000000,0.756657,0.705077,0,24,ядро типа,0.638766,589.100000,0.050883,0.158920,0.069826,0.328172,0.062418,189.414245,False,0
2531,2024-12,3,Крупные центры,0.716165,False,Строгино,внутригородская территория города федерального значения муниципальный округ Строгино,внутригородская территория города федерального значения,,Москва,,,True,3,1.000000,0.739097,0.690696,0,24,ядро типа,0.717527,592.400000,0.051399,0.155743,0.063126,0.323378,0.063922,204.935916,False,0
2532,2024-12,3,Крупные центры,0.630476,False,Хорошево-Мневники,внутригородская территория города федерального значения муниципальный округ Хорошево-Мневники,внутригородская территория города федерального значения,,Москва,,,True,3,1.000000,0.648008,0.606244,0,24,ядро типа,0.832147,625.000000,0.054442,0.146750,0.074125,0.284502,0.068876,229.824750,False,0
2533,2024-12,3,Крупные центры,0.636714,False,Щукино,внутригородская территория города федерального значения муниципальный округ Щукино,внутригородская территория города федерального значения,,Москва,,,True,3,1.000000,0.652046,0.613872,0,24,ядро типа,0.827328,617.000000,0.054570,0.144229,0.075546,0.286616,0.063881,228.720016,False,0
2534,2024-12,3,Крупные центры,0.752358,False,Южное Тушино,внутригородская территория города федерального значения муниципальный округ Южное Тушино,внутригородская территория города федерального значения,,Москва,,,True,3,1.000000,0.762449,0.725892,0,24,ядро типа,0.637742,597.900000,0.049829,0.161360,0.066678,0.325484,0.064791,189.220378,False,0
2535,2024-12,3,Крупные центры,0.495027,False,Арбат,внутригородская территория города федерального значения муниципальный округ Арбат,внутригородская территория города федерального значения,,Москва,,,True,3,1.000000,0.505778,0.461179,0,24,ядро типа,0.984523,657.600000,0.060004,0.119444,0.098473,0.233162,0.067718,267.653440,False,0
2536,2024-12,3,Крупные центры,0.593817,False,Басманный,внутригородская территория города федерального значения муниципальный округ Басманный,внутригородская территория города федерального значения,,Москва,,,True,3,1.000000,0.603991,0.559625,0,24,ядро типа,0.852964,653.100000,0.056232,0.139805,0.083075,0.270798,0.062356,234.659117,False,0
2537,2024-12,3,Крупные центры,0.584124,False,Замоскворечье,внутригородская территория города федерального значения муниципальный округ Замоскворечье,внутригородская территория города федерального значения,,Москва,,,True,3,1.000000,0.592457,0.545683,0,24,ядро типа,0.789893,656.400000,0.055940,0.136434,0.083651,0.266345,0.058552,220.316034,False,0
2538,2024-12,3,Крупные центры,0.811100,False,Савелки,внутригородская территория города федерального значения муниципальное образование Савелки,внутригородская территория города федерального значения,,Москва,,,True,3,1.000000,0.774639,0.703552,0,24,ядро типа,0.703601,519.500000,0.051145,0.177934,0.063722,0.314087,0.060387,202.101765,False,0
2539,2024-12,3,Крупные центры,0.638374,False,Красносельский,внутригородская территория города федерального значения муниципальный округ Красносельский,внутригородская территория города федерального значения,,Москва,,,True,3,1.000000,0.646551,0.595889,0,24,ядро типа,0.732860,656.200000,0.052066,0.144101,0.075725,0.284890,0.059282,208.102411,False,0
2540,2024-12,3,Крупные центры,0.582809,False,Мещанский,внутригородская территория города федерального значения муниципальный округ Мещанский,внутригородская территория города федерального значения,,Москва,,,True,3,1.000000,0.593931,0.553093,0,24,ядро типа,0.804975,657.100000,0.058184,0.135190,0.083307,0.276736,0.064210,223.664087,False,0
2541,2024-12,3,Крупные центры,0.537505,False,Пресненский,внутригородская территория города федерального значения муниципальный округ Пресненский,внутригородская территория города федерального значения,,Москва,,,True,3,1.000000,0.556592,0.517949,0,24,ядро типа,0.936117,645.100000,0.059806,0.128868,0.085003,0.252727,0.066588,255.005924,False,0
2542,2024-12,3,Крупные центры,0.626812,False,Таганский,внутригородская территория города федерального значения муниципальный округ Таганский,внутригородская территория города федерального значения,,Москва,,,True,3,1.000000,0.629006,0.597503,0,24,ядро типа,0.803805,652.900000,0.055194,0.145073,0.077234,0.280986,0.062123,223.402520,False,0
2543,2024-12,3,Крупные центры,0.527090,False,Тверской,внутригородская территория города федерального значения муниципальный округ Тверской,внутригородская территория города федерального значения,,Москва,,,True,3,1.000000,0.542062,0.493066,0,24,ядро типа,0.891500,656.400000,0.058081,0.123505,0.091771,0.247817,0.061967,243.878572,False,0
2544,2024-12,3,Крупные центры,0.503031,False,Хамовники,внутригородская территория города федерального значения муниципальный округ Хамовники,внутригородская территория города федерального значения,,Москва,,,True,3,1.000000,0.520195,0.481437,0,24,ядро типа,1.012939,645.100000,0.063731,0.126435,0.087288,0.242957,0.065139,275.368117,False,0
2545,2024-12,3,Крупные центры,0.532908,False,Якиманка,внутригородская территория города федерального значения муниципальный округ Якиманка,внутригородская территория города федерального значения,,Москва,,,True,3,1.000000,0.536193,0.493959,0,24,ядро типа,0.982636,660.000000,0.056972,0.129875,0.087198,0.250305,0.061730,267.148770,False,0
2546,2024-12,3,Крупные центры,0.734659,False,Выхино-Жулебино,внутригородская территория города федерального значения муниципальный округ Выхино-Жулебино,внутригородская территория города федерального значения,,Москва,,,True,3,1.000000,0.762510,0.703863,0,24,ядро типа,0.608585,612.000000,0.049194,0.158281,0.061383,0.332234,0.063878,183.782869,False,0
2547,2024-12,3,Крупные центры,0.658506,False,Капотня,внутригородская территория города федерального значения муниципальный округ Капотня,внутригородская территория города федерального значения,,Москва,,,True,3,1.000000,0.653802,0.495972,0,24,ядро типа,0.436853,600.500000,0.044037,0.168274,0.051850,0.352512,0.073361,154.782823,False,0
2548,2024-12,3,Крупные центры,0.715834,False,Кузьминки,внутригородская территория города федерального значения муниципальный округ Кузьминки,внутригородская территория города федерального значения,,Москва,,,True,3,1.000000,0.739822,0.665726,0,24,ядро типа,0.566348,628.800000,0.046967,0.157302,0.067560,0.335651,0.066599,176.182050,False,0
2549,2024-12,3,Крупные центры,0.682122,False,Лефортово,внутригородская территория города федерального значения муниципальный округ Лефортово,внутригородская территория города федерального значения,,Москва,,,True,3,1.000000,0.692395,0.655782,0,24,ядро типа,0.710006,640.900000,0.050546,0.151941,0.075509,0.304699,0.062226,203.400366,False,0
2550,2024-12,3,Крупные центры,0.724522,False,Люблино,внутригородская территория города федерального значения муниципальный округ Люблино,внутригородская территория города федерального значения,,Москва,,,True,3,1.000000,0.721092,0.615979,0,24,ядро типа,0.556536,615.800000,0.045225,0.164197,0.065192,0.328977,0.070007,174.461865,False,0
2551,2024-12,3,Крупные центры,0.737461,False,Марьино,внутригородская территория города федерального значения муниципальный округ Марьино,внутригородская территория города федерального значения,,Москва,,,True,3,1.000000,0.741140,0.664025,0,24,ядро типа,0.630757,619.600000,0.047787,0.161770,0.066604,0.325620,0.063951,187.903313,False,0
2552,2024-12,3,Крупные центры,0.745038,False,Некрасовка,внутригородская территория города федерального значения муниципальный округ Некрасовка,внутригородская территория города федерального значения,,Москва,,,True,3,1.000000,0.725751,0.609438,0,24,ядро типа,0.591801,580.900000,0.043590,0.191268,0.058608,0.323520,0.064568,180.724078,False,0
2553,2024-12,3,Крупные центры,0.719829,False,Нижегородский,внутригородская территория города федерального значения муниципальный округ Нижегородский,внутригородская территория города федерального значения,,Москва,,,True,3,1.000000,0.724666,0.625934,0,24,ядро типа,0.600701,645.100000,0.046039,0.162133,0.067084,0.320704,0.067844,182.339637,False,0
2554,2024-12,3,Крупные центры,0.734986,False,Печатники,внутригородская территория города федерального значения муниципальный округ Печатники,внутригородская территория города федерального значения,,Москва,,,True,3,1.000000,0.722295,0.611412,0,24,ядро типа,0.534007,634.500000,0.048330,0.170410,0.064062,0.348578,0.065144,170.575293,False,0
2555,2024-12,3,Крупные центры,0.727933,False,Рязанский,внутригородская территория города федерального значения муниципальный округ Рязанский,внутригородская территория города федерального значения,,Москва,,,True,3,1.000000,0.731692,0.669313,0,24,ядро типа,0.686865,635.900000,0.048292,0.161846,0.066795,0.315037,0.065912,198.747557,False,0
2556,2024-12,3,Крупные центры,0.729564,False,Текстильщики,внутригородская территория города федерального значения муниципальный округ Текстильщики,внутригородская территория города федерального значения,,Москва,,,True,3,1.000000,0.747853,0.706661,0,24,ядро типа,0.581618,638.300000,0.049558,0.162383,0.062820,0.336189,0.064936,178.893112,False,0
2557,2024-12,3,Крупные центры,0.675601,False,Южнопортовый,внутригородская территория города федерального значения муниципальный округ Южнопортовый,внутригородская территория города федерального значения,,Москва,,,True,3,1.000000,0.696345,0.645895,0,24,ядро типа,0.721409,650.800000,0.049629,0.147616,0.071721,0.299315,0.066740,205.732925,False,0
2558,2024-12,3,Крупные центры,0.591743,False,Академический,внутригородская территория города федерального значения муниципальный округ Академический,внутригородская территория города федерального значения,,Москва,,,True,3,1.000000,0.610287,0.571853,0,24,ядро типа,0.865487,647.900000,0.059430,0.146328,0.078998,0.277698,0.062784,237.616359,False,0
2559,2024-12,3,Крупные центры,0.541826,False,Гагаринский,внутригородская территория города федерального значения муниципальный округ Гагаринский,внутригородская территория города федерального значения,,Москва,,,True,3,1.000000,0.561689,0.526910,0,24,ядро типа,0.917801,649.400000,0.063075,0.131778,0.074517,0.282508,0.061170,250.377733,False,0
2560,2024-12,3,Крупные центры,0.715504,False,Зюзино,внутригородская территория города федерального значения муниципальный округ Зюзино,внутригородская территория города федерального значения,,Москва,,,True,3,1.000000,0.717849,0.685911,0,24,ядро типа,0.661494,633.100000,0.051264,0.157080,0.070861,0.313635,0.063635,193.768560,False,0
2561,2024-12,3,Крупные центры,0.676570,False,Коньково,внутригородская территория города федерального значения муниципальный округ Коньково,внутригородская территория города федерального значения,,Москва,,,True,3,1.000000,0.691970,0.647870,0,24,ядро типа,0.670742,623.400000,0.055623,0.151024,0.073026,0.311818,0.062719,195.568754,False,0
2562,2024-12,3,Крупные центры,0.703294,False,Котловка,внутригородская территория города федерального значения муниципальный округ Котловка,внутригородская территория города федерального значения,,Москва,,,True,3,1.000000,0.721916,0.678052,0,24,ядро типа,0.671906,649.800000,0.051126,0.156207,0.066890,0.323212,0.068194,195.796470,False,0
2563,2024-12,3,Крупные центры,0.576532,False,Ломоносовский,внутригородская территория города федерального значения муниципальный округ Ломоносовский,внутригородская территория города федерального значения,,Москва,,,True,3,1.000000,0.583929,0.555815,0,24,ядро типа,0.915401,640.900000,0.060664,0.143220,0.071986,0.278037,0.061723,249.777668,False,0
2564,2024-12,3,Крупные центры,0.607129,False,Обручевский,внутригородская территория города федерального значения муниципальный округ Обручевский,внутригородская территория города федерального значения,,Москва,,,True,3,1.000000,0.614243,0.580860,0,24,ядро типа,0.851901,633.300000,0.056318,0.140177,0.073843,0.278845,0.062409,234.409860,False,0
2565,2024-12,3,Крупные центры,0.748223,False,Северное Бутово,внутригородская территория города федерального значения муниципальный округ Северное Бутово,внутригородская территория города федерального значения,,Москва,,,True,3,1.000000,0.730662,0.664180,0,24,ядро типа,0.737404,590.300000,0.048400,0.163467,0.068478,0.303486,0.064430,209.050205,False,0
2566,2024-12,3,Крупные центры,0.677547,False,Теплый Стан,внутригородская территория города федерального значения муниципальный округ Теплый Стан,внутригородская территория города федерального значения,,Москва,,,True,3,1.000000,0.699949,0.662120,0,24,ядро типа,0.707704,604.000000,0.056395,0.149729,0.064674,0.310330,0.064522,202.932624,False,0
2567,2024-12,3,Крупные центры,0.633866,False,Черемушки,внутригородская территория города федерального значения муниципальный округ Черемушки,внутригородская территория города федерального значения,,Москва,,,True,3,1.000000,0.643962,0.604626,0,24,ядро типа,0.791568,640.100000,0.055762,0.144001,0.075493,0.287025,0.064617,220.685305,False,0
2568,2024-12,3,Крупные центры,0.762894,False,Южное Бутово,внутригородская территория города федерального значения муниципальный округ Южное Бутово,внутригородская территория города федерального значения,,Москва,,,True,3,1.000000,0.732200,0.633975,0,24,ядро типа,0.695222,564.100000,0.045203,0.176330,0.062400,0.313675,0.062661,200.415429,False,0
2569,2024-12,3,Крупные центры,0.747021,False,Ясенево,внутригородская территория города федерального значения муниципальный округ Ясенево,внутригородская территория города федерального значения,,Москва,,,True,3,1.000000,0.751986,0.721471,0,24,ядро типа,0.657532,606.600000,0.050782,0.164256,0.064606,0.323554,0.065036,193.002323,False,0
2570,2024-12,3,Крупные центры,0.735169,False,Бирюлево Восточное,внутригородская территория города федерального значения муниципальный округ Бирюлево Восточное,внутригородская территория города федерального значения,,Москва,,,True,3,1.000000,0.724424,0.609826,0,24,ядро типа,0.601055,604.500000,0.045584,0.173345,0.058085,0.339097,0.067431,182.404259,False,0
2571,2024-12,3,Крупные центры,0.679141,False,Бирюлево Западное,внутригородская территория города федерального значения муниципальный округ Бирюлево Западное,внутригородская территория города федерального значения,,Москва,,,True,3,1.000000,0.641891,0.503308,0,24,ядро типа,0.488480,604.000000,0.042727,0.177951,0.058209,0.353183,0.073144,162.983706,False,0
2572,2024-12,3,Крупные центры,0.720548,False,Братеево,внутригородская территория города федерального значения муниципальный округ Братеево,внутригородская территория города федерального значения,,Москва,,,True,3,1.000000,0.732120,0.646283,0,24,ядро типа,0.605197,613.700000,0.046605,0.166765,0.057828,0.339191,0.061609,183.161264,False,0
2573,2024-12,3,Крупные центры,0.638222,False,Даниловский,внутригородская территория города федерального значения муниципальный округ Даниловский,внутригородская территория города федерального значения,,Москва,,,True,3,1.000000,0.654133,0.609296,0,24,ядро типа,0.752046,645.300000,0.052193,0.140623,0.077637,0.286817,0.063798,212.133614,False,0
2574,2024-12,3,Крупные центры,0.639138,False,Донской,внутригородская территория города федерального значения муниципальный округ Донской,внутригородская территория города федерального значения,,Москва,,,True,3,1.000000,0.659123,0.618027,0,24,ядро типа,0.755984,649.400000,0.054488,0.145258,0.076841,0.296064,0.065672,212.970628,False,0
2575,2024-12,3,Крупные центры,0.735210,False,Зябликово,внутригородская территория города федерального значения муниципальный округ Зябликово,внутригородская территория города федерального значения,,Москва,,,True,3,1.000000,0.759534,0.677070,0,24,ядро типа,0.615792,614.400000,0.052448,0.161815,0.061408,0.339789,0.063985,185.112243,False,0
2576,2024-12,3,Крупные центры,0.727914,False,Москворечье-Сабурово,внутригородская территория города федерального значения муниципальный округ Москворечье-Сабурово,внутригородская территория города федерального значения,,Москва,,,True,3,1.000000,0.722979,0.669450,0,24,ядро типа,0.679764,636.100000,0.049432,0.160879,0.070686,0.317407,0.067395,197.341252,False,0
2577,2024-12,3,Крупные центры,0.708726,False,Нагатино-Садовники,внутригородская территория города федерального значения муниципальный округ Нагатино-Садовники,внутригородская территория города федерального значения,,Москва,,,True,3,1.000000,0.710910,0.674899,0,24,ядро типа,0.724813,637.300000,0.050474,0.158160,0.070598,0.302531,0.066886,206.434539,False,0
2578,2024-12,3,Крупные центры,0.720765,False,Нагатинский затон,внутригородская территория города федерального значения муниципальный округ Нагатинский затон,внутригородская территория города федерального значения,,Москва,,,True,3,1.000000,0.721478,0.689112,0,24,ядро типа,0.694992,614.600000,0.053492,0.161335,0.070708,0.312242,0.062691,200.369271,False,0
2579,2024-12,3,Крупные центры,0.700910,False,Нагорный,внутригородская территория города федерального значения муниципальный округ Нагорный,внутригородская территория города федерального значения,,Москва,,,True,3,1.000000,0.707406,0.674611,0,24,ядро типа,0.675874,645.100000,0.053914,0.157608,0.070288,0.305276,0.061835,196.575016,False,0
2580,2024-12,3,Крупные центры,0.730346,False,Орехово-Борисово Северное,внутригородская территория города федерального значения муниципальный округ Орехово-Борисово Северное,внутригородская территория города федерального значения,,Москва,,,True,3,1.000000,0.754156,0.708101,0,24,ядро типа,0.646760,613.000000,0.051332,0.157252,0.063790,0.329573,0.063146,190.934408,False,0
2581,2024-12,3,Крупные центры,0.746317,False,Орехово-Борисово Южное,внутригородская территория города федерального значения муниципальный округ Орехово-Борисово Южное,внутригородская территория города федерального значения,,Москва,,,True,3,1.000000,0.753626,0.664529,0,24,ядро типа,0.658217,604.300000,0.048708,0.162216,0.061980,0.322361,0.064753,193.134645,False,0
2582,2024-12,3,Крупные центры,0.734215,False,Царицыно,внутригородская территория города федерального значения муниципальный округ Царицыно,внутригородская территория города федерального значения,,Москва,,,True,3,1.000000,0.745724,0.596074,0,24,ядро типа,0.573154,623.100000,0.049251,0.172733,0.060041,0.356845,0.063458,177.385257,False,0
2583,2024-12,3,Крупные центры,0.705047,False,Чертаново Северное,внутригородская территория города федерального значения муниципальный округ Чертаново Северное,внутригородская территория города федерального значения,,Москва,,,True,3,1.000000,0.711892,0.674371,0,24,ядро типа,0.687624,628.100000,0.052526,0.155659,0.068028,0.314071,0.059581,198.898343,False,0
2584,2024-12,3,Крупные центры,0.745818,False,Чертаново Центральное,внутригородская территория города федерального значения муниципальный округ Чертаново Центральное,внутригородская территория города федерального значения,,Москва,,,True,3,1.000000,0.755896,0.706130,0,24,ядро типа,0.607278,616.500000,0.050784,0.160500,0.064062,0.328024,0.063928,183.542843,False,0
2585,2024-12,3,Крупные центры,0.743823,False,Чертаново Южное,внутригородская территория города федерального значения муниципальный округ Чертаново Южное,внутригородская территория города федерального значения,,Москва,,,True,3,1.000000,0.737816,0.659825,0,24,ядро типа,0.660573,603.100000,0.046527,0.163344,0.066269,0.321666,0.067334,193.590079,False,0
2586,2024-12,3,Крупные центры,0.800311,False,Старое Крюково,внутригородская территория города федерального значения муниципальный округ Старое Крюково,внутригородская территория города федерального значения,,Москва,,,True,3,1.000000,0.787749,0.608807,0,24,ядро типа,0.627723,515.500000,0.048803,0.186343,0.059333,0.344202,0.060811,187.334021,False,0
2587,2024-12,3,Крупные центры,0.761166,False,Троицк,внутригородская территория города федерального значения городской округ Троицк,внутригородская территория города федерального значения,,Москва,,,True,3,1.000000,0.734361,0.605962,0,24,ядро типа,0.645486,524.000000,0.050913,0.192293,0.048993,0.322925,0.064888,190.691305,False,0
2588,2024-12,3,Крупные центры,0.734829,False,Щербинка,внутригородская территория города федерального значения городской округ Щербинка,внутригородская территория города федерального значения,,Москва,,,True,3,1.000000,0.698463,0.487447,0,24,ядро типа,0.540175,560.100000,0.045021,0.186861,0.053197,0.345770,0.063435,171.630791,False,0
2589,2024-12,3,Крупные центры,0.706352,False,Внуковское,внутригородская территория города федерального значения поселение Внуковское,внутригородская территория города федерального значения,,Москва,,,True,3,1.000000,0.662883,0.626522,0,24,ядро типа,0.859317,562.900000,0.046624,0.176018,0.074679,0.269474,0.066978,236.154663,False,0
2590,2024-12,3,Крупные центры,0.759765,False,Воскресенское,внутригородская территория города федерального значения поселение Воскресенское,внутригородская территория города федерального значения,,Москва,,,True,3,1.000000,0.719007,0.595226,0,24,ядро типа,0.671450,554.900000,0.046700,0.182443,0.052470,0.312132,0.068634,195.707230,False,0
2591,2024-12,3,Крупные центры,0.371769,False,Вороновское,внутригородская территория города федерального значения поселение Вороновское,внутригородская территория города федерального значения,,Москва,,,True,3,0.958333,0.278063,0.008150,2,22,ядро типа,0.559407,481.700000,0.042352,0.241219,0.038553,0.332290,0.061628,174.963458,False,0
2592,2024-12,3,Крупные центры,0.748217,False,Десеновское,внутригородская территория города федерального значения поселение Десеновское,внутригородская территория города федерального значения,,Москва,,,True,3,1.000000,0.709278,0.600961,0,24,ядро типа,0.682971,537.400000,0.046087,0.188342,0.056237,0.302339,0.072651,197.975167,False,0
2593,2024-12,1,Цифровая повседневность,0.135944,False,Киевский,внутригородская территория города федерального значения поселение Киевский,внутригородская территория города федерального значения,,Москва,,,True,1,1.000000,0.261536,0.000565,0,24,ядро типа,0.302784,469.700000,0.041034,0.205602,0.034168,0.405542,0.044762,135.362270,False,0
2595,2024-12,3,Крупные центры,0.610558,False,Кокошкино,внутригородская территория города федерального значения поселение Кокошкино,внутригородская территория города федерального значения,,Москва,,,True,3,0.541667,0.296683,0.028684,2,9,пограничный,0.420840,525.400000,0.042364,0.192404,0.051030,0.362061,0.061535,152.324096,False,2
2596,2024-12,3,Крупные центры,0.339178,False,Краснопахорское,внутригородская территория города федерального значения поселение Краснопахорское,внутригородская территория города федерального значения,,Москва,,,True,3,1.000000,0.388597,0.085429,0,24,ядро типа,0.518498,512.200000,0.039485,0.232859,0.035545,0.334054,0.061692,167.950395,False,0
2597,2024-12,3,Крупные центры,0.647602,False,Марушкинское,внутригородская территория города федерального значения поселение Марушкинское,внутригородская территория города федерального значения,,Москва,,,True,3,1.000000,0.616200,0.233763,0,24,ядро типа,0.551798,530.100000,0.043508,0.208096,0.047336,0.335324,0.067345,173.637161,False,0
2598,2024-12,3,Крупные центры,0.166919,False,Михайлово-Ярцевское,внутригородская территория города федерального значения поселение Михайлово-Ярцевское,внутригородская территория города федерального значения,,Москва,,,True,1,0.750000,0.100565,0.000494,5,2,устойчивый,0.411891,493.300000,0.040156,0.247335,0.031350,0.338694,0.057319,150.967027,False,0
2599,2024-12,3,Крупные центры,0.713717,False,Московский,внутригородская территория города федерального значения поселение Московский,внутригородская территория города федерального значения,,Москва,,,True,3,1.000000,0.696552,0.657460,0,24,ядро типа,0.777044,582.300000,0.048217,0.159038,0.070104,0.283725,0.069665,217.503423,False,0
2600,2024-12,3,Крупные центры,0.715760,False,Мосрентген,"внутригородская территория города федерального значения поселение Мосрентген""""",внутригородская территория города федерального значения,,Москва,,,True,3,1.000000,0.685622,0.639020,0,24,ядро типа,0.534782,587.000000,0.045967,0.165465,0.057144,0.311317,0.078037,170.707615,False,0
2601,2024-12,3,Крупные центры,0.206101,False,Новофедоровское,внутригородская территория города федерального значения поселение Новофедоровское,внутригородская территория города федерального значения,,Москва,,,True,3,1.000000,0.190287,0.033772,0,24,ядро типа,0.397210,472.000000,0.039178,0.242243,0.033510,0.327238,0.057318,148.766790,False,0
2602,2024-12,3,Крупные центры,0.683407,False,Первомайское,внутригородская территория города федерального значения поселение Первомайское,внутригородская территория города федерального значения,,Москва,,,True,3,1.000000,0.654269,0.542582,0,24,ядро типа,0.744577,514.000000,0.046256,0.205910,0.049092,0.292343,0.070941,210.554983,False,0
2604,2024-12,3,Крупные центры,0.727413,False,Рязановское,внутригородская территория города федерального значения поселение Рязановское,внутригородская территория города федерального значения,,Москва,,,True,3,1.000000,0.675714,0.556351,0,24,ядро типа,0.615210,544.300000,0.045077,0.195758,0.050116,0.310978,0.068779,185.004539,False,0
2605,2024-12,3,Крупные центры,0.735662,False,Сосенское,внутригородская территория города федерального значения поселение Сосенское,внутригородская территория города федерального значения,,Москва,,,True,3,1.000000,0.695197,0.671214,0,24,ядро типа,0.806295,579.700000,0.051430,0.173979,0.066242,0.275725,0.066984,223.959503,False,0
2606,2024-12,3,Крупные центры,0.734929,False,Филимонковское,внутригородская территория города федерального значения поселение Филимонковское,внутригородская территория города федерального значения,,Москва,,,True,3,1.000000,0.597419,0.386568,0,24,ядро типа,0.607697,539.600000,0.044428,0.201575,0.056058,0.309620,0.070823,183.619774,False,0
2607,2024-12,3,Крупные центры,0.357336,False,Щаповское,внутригородская территория города федерального значения поселение Щаповское,внутригородская территория города федерального значения,,Москва,,,True,3,1.000000,0.186566,0.009815,0,24,ядро типа,0.437787,508.400000,0.044075,0.231915,0.033806,0.335478,0.060918,154.927454,False,0
2618,2024-12,1,Цифровая повседневность,0.738975,False,Мантуровский,Мантуровский муниципальный округ,муниципальный округ,г Мантурово,Костромская область,58.333271,44.761791,True,1,1.000000,0.618973,0.510127,0,24,ядро типа,-0.062324,335.100000,0.039105,0.209446,0.009072,0.478728,0.044280,93.957811,False,0
2619,2024-12,1,Цифровая повседневность,0.237356,False,Переславль-Залесский,городской округ город Переславль-Залесский,городской округ,г Переславль-Залесский,Ярославская область,56.736718,38.846271,True,1,1.000000,0.315509,0.118931,0,24,ядро типа,0.286743,416.300000,0.041721,0.204745,0.030101,0.400180,0.055443,133.208192,False,0
2620,2024-12,2,Автономные локальные центры,0.504910,False,Соликамский,городской округ Соликамский,городской округ,г Соликамск,Пермский край,59.649437,56.779594,True,2,1.000000,0.450989,0.398265,0,24,ядро типа,0.299665,285.000000,0.037491,0.156644,0.035438,0.409842,0.055529,134.940686,False,0
2621,2024-12,2,Автономные локальные центры,0.489855,False,Березники,городской округ город Березники,городской округ,г Березники,Пермский край,59.408417,56.803696,True,2,1.000000,0.437807,0.354336,0,24,ядро типа,0.298684,288.100000,0.037870,0.150909,0.045562,0.401411,0.053963,134.808364,False,0
2644,2024-12,3,Крупные центры,0.620562,False,Серпухов,городской округ Серпухов,городской округ,г Серпухов,Московская область,54.915525,37.419553,True,3,1.000000,0.608133,0.366228,0,24,ядро типа,0.489725,445.800000,0.045540,0.184839,0.044239,0.352008,0.063624,163.186805,False,0
2646,2024-12,3,Крупные центры,0.692562,False,Обнинск,городской округ город Обнинск,городской округ,г Обнинск,Калужская область,55.095174,36.611913,True,3,1.000000,0.710861,0.484682,0,24,ядро типа,0.455017,439.400000,0.054353,0.179750,0.050429,0.351789,0.062611,157.620051,False,0
2647,2024-12,3,Крупные центры,0.107800,False,Боровский,Боровский муниципальный район,муниципальный район,г Боровск,Калужская область,55.204952,36.484853,True,3,0.708333,0.151587,0.026287,1,17,пограничный,0.259129,438.000000,0.046902,0.206037,0.035693,0.387684,0.058040,129.580109,False,1
2648,2024-12,3,Крупные центры,0.584281,False,Лосино-Петровский,городской округ Лосино-Петровский,городской округ,г Лосино-Петровский,Московская область,55.870559,38.203270,True,3,1.000000,0.485221,0.193557,0,24,ядро типа,0.494560,511.200000,0.040967,0.206185,0.047422,0.348509,0.065175,163.977659,False,0
2649,2024-12,3,Крупные центры,0.717239,False,Щёлково,городской округ Щёлково,городской округ,г Щёлково,Московская область,55.920650,37.991558,True,3,1.000000,0.700407,0.480629,0,24,ядро типа,0.545112,534.600000,0.045566,0.186994,0.048260,0.344657,0.065174,172.480113,False,0
2651,2024-12,3,Крупные центры,0.779787,False,Одинцовский,городской округ Одинцовский,городской округ,г Одинцово,Московская область,55.678223,37.266810,True,3,1.000000,0.749395,0.712878,0,24,ядро типа,0.658855,549.700000,0.049600,0.177224,0.058692,0.310165,0.073246,193.257735,False,0
2652,2024-12,3,Крупные центры,0.363359,False,Орехово-Зуевский,городской округ Орехово-Зуевский,городской округ,г Орехово-Зуево,Московская область,55.808328,38.979004,True,3,0.958333,0.360851,0.004612,2,22,ядро типа,0.430891,449.800000,0.040900,0.187980,0.040460,0.370380,0.058260,153.862724,False,0
2710,2024-12,1,Цифровая повседневность,0.484495,False,Вышневолоцкий,городской округ Вышневолоцкий,городской округ,г Вышний Волочек,Тверская область,57.588365,34.572073,True,1,1.000000,0.498857,0.371966,0,24,ядро типа,0.143022,354.400000,0.043395,0.211053,0.031713,0.423599,0.052410,115.375502,False,0
2808,2024-12,3,Крупные центры,0.496870,False,Коломна,городской округ Коломна,городской округ,г Коломна,Московская область,55.093874,38.767012,True,3,1.000000,0.515267,0.201985,0,24,ядро типа,0.477507,439.200000,0.045031,0.183713,0.044420,0.364239,0.059004,161.205053,False,0
2809,2024-12,2,Автономные локальные центры,0.192402,False,Кунгурский,муниципальный округ Кунгурский,муниципальный округ,г Кунгур,Пермский край,57.439777,56.926607,True,2,0.958333,0.155894,0.037775,1,23,ядро типа,0.106517,310.000000,0.040582,0.156242,0.037456,0.413815,0.057872,111.239672,False,0
2813,2024-12,1,Цифровая повседневность,0.096008,False,Шатура,городской округ Шатура,городской округ,г Шатура,Московская область,55.578403,39.543758,True,1,0.958333,0.132407,0.002674,2,5,устойчивый,0.395616,420.800000,0.037313,0.205005,0.031761,0.389003,0.046802,148.529842,False,0
2814,2024-12,3,Крупные центры,0.777545,False,Пушкинский,городской округ Пушкинский,городской округ,г Пушкино,Московская область,56.010427,37.846189,True,3,1.000000,0.760827,0.606382,0,24,ядро типа,0.568354,521.800000,0.046664,0.185225,0.051266,0.334368,0.066989,176.535935,False,0
2872,2024-12,2,Автономные локальные центры,0.460638,False,Приуральский,муниципальный округ Приуральский район,муниципальный округ,с Аксарка,Ямало-Ненецкий автономный округ,66.558233,67.805199,True,2,1.000000,0.405904,0.255465,0,24,ядро типа,0.483426,203.100000,0.030381,0.155208,0.020931,0.467237,0.034063,162.162079,False,0
2876,2024-12,3,Крупные центры,0.505649,False,Кисловодск,городской округ город-курорт Кисловодск,городской округ,г Кисловодск,Ставропольский край,43.912874,42.719219,True,3,1.000000,0.492021,0.344501,0,24,ядро типа,0.319020,302.200000,0.050528,0.203521,0.052362,0.305650,0.069026,137.577893,False,0
2879,2024-12,2,Автономные локальные центры,0.358555,False,Губкинский,городской округ город Губкинский,городской округ,г Губкинский,Ямало-Ненецкий автономный округ,64.433782,76.489809,True,2,0.916667,0.248190,0.033752,4,5,ядро типа,0.546235,205.000000,0.035197,0.208187,0.054337,0.354410,0.040365,172.673980,False,0
2880,2024-12,2,Автономные локальные центры,0.607412,False,Лабытнанги,городской округ город Лабытнанги,городской округ,г Лабытнанги,Ямало-Ненецкий автономный округ,66.688884,66.434716,True,2,1.000000,0.492275,0.359809,0,24,ядро типа,0.581756,205.400000,0.033951,0.155688,0.033023,0.422810,0.045509,178.917730,False,0
2881,2024-12,3,Крупные центры,0.298399,False,Предгорный,Предгорный муниципальный округ,муниципальный округ,ст-ца Ессентукская,Ставропольский край,44.021652,42.874233,True,3,1.000000,0.353110,0.105736,0,24,ядро типа,0.091522,310.000000,0.051361,0.218079,0.038977,0.318357,0.072618,109.584109,False,0
2882,2024-12,2,Автономные локальные центры,0.394526,False,Пуровский,муниципальный округ Пуровский район,муниципальный округ,г Тарко-Сале,Ямало-Ненецкий автономный округ,64.921999,77.779459,True,2,0.958333,0.317599,0.015048,2,17,ядро типа,0.417299,200.900000,0.034587,0.208434,0.039473,0.373482,0.042250,151.785577,False,0
2883,2024-12,1,Цифровая повседневность,0.321781,False,Кимрский,муниципальный округ Кимрский,муниципальный округ,г Кимры,Тверская область,56.873440,37.355697,True,1,1.000000,0.377370,0.252627,0,24,ядро типа,0.268560,404.500000,0.041451,0.214219,0.033617,0.411099,0.047991,130.807933,False,0
2884,2024-12,1,Цифровая повседневность,0.472825,False,Ржевский,муниципальный округ Ржевский,муниципальный округ,г Ржев,Тверская область,56.256521,34.328649,True,1,1.000000,0.429173,0.354611,0,24,ядро типа,0.147944,367.900000,0.043978,0.208875,0.028558,0.407161,0.053718,115.944794,False,0
2885,2024-12,2,Автономные локальные центры,0.124581,False,Кудымкарский,муниципальный округ Кудымкарский,муниципальный округ,г Кудымкар,Пермский край,59.014606,54.664135,True,2,0.833333,0.088139,0.003205,7,8,пограничный,0.010545,297.300000,0.040650,0.150148,0.035596,0.441613,0.058433,101.060114,False,0
2886,2024-12,1,Цифровая повседневность,0.211024,False,Губахинский,муниципальный округ Губахинский,муниципальный округ,г Губаха,Пермский край,58.842407,57.555058,True,1,1.000000,0.181253,0.006703,0,24,ядро типа,0.025025,290.700000,0.034004,0.185294,0.026801,0.429292,0.036285,102.534119,False,0
2887,2024-12,3,Крупные центры,0.375045,False,Саратов,городской округ город Саратов,городской округ,г Саратов,Саратовская область,51.530018,46.034683,True,3,1.000000,0.510803,0.322240,0,24,ядро типа,0.231439,343.300000,0.050343,0.163407,0.049391,0.367294,0.063332,126.041266,False,0
3005,2024-12,1,Цифровая повседневность,0.341198,False,Арзамас,городской округ город Арзамас,городской округ,г Арзамас,Нижегородская область,55.398788,43.821093,True,1,1.000000,0.385954,0.282546,0,24,ядро типа,0.191491,372.600000,0.048990,0.183662,0.026375,0.406657,0.058696,121.105350,False,0
3007,2024-12,1,Цифровая повседневность,0.246952,False,Прокопьевский,Прокопьевский муниципальный округ,муниципальный округ,г Прокопьевск,Кемеровская область,53.887912,86.749207,True,1,0.958333,0.315917,0.010082,2,3,ядро типа,0.063675,321.400000,0.041925,0.191523,0.030578,0.425461,0.050068,106.574554,False,0
3009,2024-12,3,Крупные центры,0.103294,False,Тамбов,городской округ город Тамбов,городской округ,г Тамбов,Тамбовская область,52.731118,41.434199,True,3,0.875000,0.197561,0.063426,1,21,устойчивый,0.246174,410.200000,0.048452,0.186229,0.038107,0.376428,0.060505,127.912237,False,1
3011,2024-12,2,Автономные локальные центры,0.129519,False,Златоустовский,городской округ Златоустовский,городской округ,г Златоуст,Челябинская область,55.167421,59.679263,True,2,0.833333,0.104845,0.016351,3,18,устойчивый,0.151679,307.900000,0.043470,0.164547,0.036966,0.395436,0.047648,116.378687,False,0
3012,2024-12,1,Цифровая повседневность,0.527400,False,Кусинский,Кусинский муниципальный район,муниципальный район,г Куса,Челябинская область,55.336521,59.445938,True,1,1.000000,0.522213,0.413349,0,24,ядро типа,-0.111770,307.700000,0.046800,0.180317,0.017825,0.443324,0.034274,89.425015,False,0
3013,2024-12,3,Крупные центры,0.660365,False,Солнечногорск,городской округ Солнечногорск,городской округ,г Солнечногорск,Московская область,56.185350,36.978154,True,3,1.000000,0.589521,0.375069,0,24,ядро типа,0.569086,465.600000,0.042658,0.192022,0.047953,0.347222,0.068978,176.665179,False,0
